{"type": "FeatureCollection", "attribution": "Quelle: GeoSN, dl-de/by-2-0 (LoD2, DOM1)", "crs": {"type": "name", "properties": {"name": "urn:ogc:def:crs:EPSG::25833"}}, "features": [{"type": "Feature", "properties": {"id": "DESNATGMpx0000BX", "z": 124.1}, "geometry": {"type": "Polygon", "coordinates": [[[409698.0, 5659254.0], [409698.0, 5659253.0], [409692.0, 5659253.0], [409692.0, 5659252.0], [409689.0, 5659252.0], [409689.0, 5659250.29], [409678.14, 5659248.95], [409675.9, 5659267.01], [409700.51, 5659270.05], [409702.5, 5659254.0], [409698.0, 5659254.0]]]}}, {"type": "Feature", "properties": {"id": "DESNATGMpx0000BX", "z": 118.47}, "geometry": {"type": "Polygon", "coordinates": [[[409689.0, 5659252.0], [409692.0, 5659252.0], [409692.0, 5659253.0], [409698.0, 5659253.0], [409698.0, 5659254.0], [409702.5, 5659254.0], [409702.74, 5659251.99], [409689.0, 5659250.29], [409689.0, 5659252.0]]]}}, {"type": "Feature", "properties": {"id": "DESNATGMpx0000BY", "z": 124.08}, "geometry": {"type": "Polygon", "coordinates": [[[409752.0, 5659263.0], [409752.0, 5659257.0], [409747.0, 5659257.0], [409747.0, 5659256.0], [409743.0, 5659256.0], [409742.0, 5659257.0], [409741.0, 5659261.0], [409739.0, 5659261.0], [409739.0, 5659270.0], [409740.0, 5659270.0], [409740.0, 5659271.68], [409751.91, 5659273.51], [409753.45, 5659263.48], [409752.0, 5659263.0]]]}}, {"type": "Feature", "properties": {"id": "DESNATGMpx0000BY", "z": 120.84}, "geometry": {"type": "Polygon", "coordinates": [[[409740.0, 5659270.0], [409739.0, 5659270.0], [409739.0, 5659261.0], [409741.0, 5659261.0], [409742.0, 5659257.0], [409743.0, 5659256.0], [409744.0, 5659256.0], [409744.0, 5659255.0], [409735.69, 5659255.0], [409733.29, 5659270.65], [409740.0, 5659271.68], [409740.0, 5659270.0]]]}}, {"type": "Feature", "properties": {"id": "DESNATGMpx0000BY", "z": 117.93}, "geometry": {"type": "Polygon", "coordinates": [[[409744.0, 5659255.0], [409744.0, 5659256.0], [409747.0, 5659256.0], [409747.0, 5659257.0], [409752.0, 5659257.0], [409752.0, 5659263.0], [409753.45, 5659263.48], [409754.76, 5659254.95], [409736.13, 5659252.1], [409735.69, 5659255.0], [409744.0, 5659255.0]]]}}, {"type": "Feature", "properties": {"id": "DESNATGMpx0000BZ", "z": 124.08}, "geometry": {"type": "Polygon", "coordinates": [[[409773.0, 5659259.0], [409772.0, 5659260.0], [409770.0, 5659259.0], [409762.0, 5659259.0], [409762.0, 5659258.0], [409758.64, 5659258.0], [409756.29, 5659273.89], [409773.52, 5659276.44], [409774.0, 5659275.0], [409778.0, 5659275.0], [409779.0, 5659274.0], [409779.0, 5659271.0], [409780.0, 5659271.0], [409780.0, 5659265.0], [409781.0, 5659265.0], [409781.0, 5659258.84], [409773.0, 5659257.66], [409773.0, 5659259.0]]]}}, {"type": "Feature", "properties": {"id": "DESNATGMpx0000BZ", "z": 118.54}, "geometry": {"type": "Polygon", "coordinates": [[[409762.0, 5659258.0], [409762.0, 5659259.0], [409770.0, 5659259.0], [409772.0, 5659260.0], [409773.0, 5659259.0], [409773.0, 5659257.66], [409758.99, 5659255.59], [409758.64, 5659258.0], [409762.0, 5659258.0]]]}}, {"type": "Feature", "properties": {"id": "DESNATGMpx0000BZ", "z": 117.01}, "geometry": {"type": "Polygon", "coordinates": [[[409781.0, 5659265.0], [409780.0, 5659265.0], [409780.0, 5659271.0], [409779.0, 5659271.0], [409779.0, 5659274.0], [409778.0, 5659275.0], [409774.0, 5659275.0], [409773.52, 5659276.44], [409780.63, 5659277.49], [409783.34, 5659259.19], [409781.0, 5659258.84], [409781.0, 5659265.0]]]}}, {"type": "Feature", "properties": {"id": "DESNATP1a80001Bl", "z": 117.99}, "geometry": {"type": "Polygon", "coordinates": [[[408018.75, 5658579.88], [408019.82, 5658577.95], [408025.65, 5658581.2], [408038.82, 5658557.58], [408031.01, 5658553.23], [408016.77, 5658578.77], [408018.75, 5658579.88]]]}}, {"type": "Feature", "properties": {"id": "DESNATP1aK0001DP", "z": 129.7}, "geometry": {"type": "Polygon", "coordinates": [[[408913.63, 5659391.0], [408910.42, 5659433.19], [408909.38, 5659433.12], [408908.32, 5659446.68], [408909.32, 5659446.74], [408909.4, 5659448.5], [408909.84, 5659450.21], [408910.62, 5659451.79], [408911.71, 5659453.18], [408912.86, 5659454.17], [408914.16, 5659454.95], [408915.59, 5659455.48], [408917.08, 5659455.75], [408917.01, 5659456.79], [408930.96, 5659457.86], [408931.04, 5659456.84], [408957.51, 5659458.9], [408958.2, 5659458.78], [408958.79, 5659458.42], [408959.19, 5659457.85], [408959.35, 5659457.18], [408959.18, 5659456.37], [408952.71, 5659442.97], [408925.41, 5659440.8], [408929.23, 5659391.0], [408913.63, 5659391.0]]]}}, {"type": "Feature", "properties": {"id": "DESNATP1aK0001DP", "z": 122.78}, "geometry": {"type": "Polygon", "coordinates": [[[408929.23, 5659391.0], [408929.37, 5659389.26], [408915.37, 5659388.12], [408915.22, 5659389.95], [408913.72, 5659389.82], [408913.63, 5659391.0], [408929.23, 5659391.0]]]}}, {"type": "Feature", "properties": {"id": "DESNATP1aK0001DQ", "z": 129.68}, "geometry": {"type": "Polygon", "coordinates": [[[408942.0, 5659354.0], [408943.0, 5659354.0], [408943.0, 5659344.0], [408945.68, 5659343.11], [408945.73, 5659342.57], [408943.48, 5659342.4], [408943.64, 5659340.15], [408926.05, 5659338.82], [408926.01, 5659339.8], [408924.26, 5659339.88], [408922.56, 5659340.32], [408920.99, 5659341.09], [408919.6, 5659342.17], [408918.61, 5659343.31], [408917.83, 5659344.6], [408917.29, 5659346.01], [408917.01, 5659347.49], [408916.01, 5659347.41], [408914.97, 5659360.82], [408915.97, 5659360.88], [408914.94, 5659374.27], [408916.43, 5659374.38], [408916.29, 5659376.17], [408930.33, 5659377.26], [408932.01, 5659355.88], [408942.0, 5659356.65], [408942.0, 5659354.0]]]}}, {"type": "Feature", "properties": {"id": "DESNATP1aK0001DQ", "z": 120.97}, "geometry": {"type": "Polygon", "coordinates": [[[408943.0, 5659344.0], [408943.0, 5659354.0], [408942.0, 5659354.0], [408942.0, 5659356.65], [408944.6, 5659356.85], [408945.68, 5659343.11], [408943.0, 5659344.0]]]}}, {"type": "Feature", "properties": {"id": "DESNATP1aK0001DS", "z": 126.12}, "geometry": {"type": "Polygon", "coordinates": [[[408969.12, 5659363.24], [408955.15, 5659362.14], [408953.78, 5659379.04], [408980.89, 5659407.03], [408984.88, 5659416.83], [409000.05, 5659409.65], [408992.53, 5659395.78], [408968.45, 5659370.1], [408969.12, 5659363.24]]]}}, {"type": "Feature", "properties": {"id": "DESNATP1e80002Lu", "z": 126.55}, "geometry": {"type": "Polygon", "coordinates": [[[409671.0, 5659989.0], [409673.0, 5659991.0], [409673.0, 5659996.0], [409669.0, 5659996.0], [409669.0, 5659997.0], [409666.78, 5659997.0], [409666.27, 5659998.57], [409668.53, 5660000.06], [409671.16, 5660001.43], [409679.75, 5660005.91], [409685.75, 5659994.66], [409686.7, 5659992.12], [409685.75, 5659987.14], [409681.48, 5659982.06], [409679.26, 5659979.42], [409671.0, 5659986.19], [409671.0, 5659989.0]]]}}, {"type": "Feature", "properties": {"id": "DESNATP1e80002Lu", "z": 122.79}, "geometry": {"type": "Polygon", "coordinates": [[[409669.0, 5659997.0], [409669.0, 5659996.0], [409673.0, 5659996.0], [409673.0, 5659991.0], [409671.0, 5659989.0], [409671.0, 5659986.19], [409669.23, 5659987.64], [409667.65, 5659989.05], [409670.61, 5659992.01], [409670.19, 5659994.02], [409667.75, 5659994.02], [409666.78, 5659997.0], [409669.0, 5659997.0]]]}}, {"type": "Feature", "properties": {"id": "DESNATP1gB00017E", "z": 124.14}, "geometry": {"type": "Polygon", "coordinates": [[[409853.0, 5658796.0], [409853.0, 5658797.0], [409844.0, 5658797.0], [409844.0, 5658798.0], [409841.0, 5658798.0], [409841.0, 5658797.0], [409838.57, 5658797.0], [409844.83, 5658861.48], [409847.0, 5658861.27], [409847.0, 5658857.0], [409851.0, 5658857.0], [409851.0, 5658856.0], [409859.0, 5658856.0], [409859.0, 5658857.0], [409860.82, 5658857.0], [409854.9, 5658796.0], [409853.0, 5658796.0]]]}}, {"type": "Feature", "properties": {"id": "DESNATP1gB00017E", "z": 120.07}, "geometry": {"type": "Polygon", "coordinates": [[[409859.0, 5658857.0], [409859.0, 5658856.0], [409851.0, 5658856.0], [409851.0, 5658857.0], [409847.0, 5658857.0], [409847.0, 5658861.27], [409861.1, 5658859.88], [409860.82, 5658857.0], [409859.0, 5658857.0]]]}}, {"type": "Feature", "properties": {"id": "DESNATP1gB00017E", "z": 120.07}, "geometry": {"type": "Polygon", "coordinates": [[[409841.0, 5658797.0], [409841.0, 5658798.0], [409844.0, 5658798.0], [409844.0, 5658797.0], [409853.0, 5658797.0], [409853.0, 5658796.0], [409854.9, 5658796.0], [409854.31, 5658789.98], [409838.04, 5658791.57], [409838.57, 5658797.0], [409841.0, 5658797.0]]]}}, {"type": "Feature", "properties": {"id": "DESNATP1gB00017t", "z": 119.63}, "geometry": {"type": "Polygon", "coordinates": [[[408224.0, 5658216.0], [408224.0, 5658215.0], [408238.0, 5658215.0], [408238.0, 5658214.0], [408251.0, 5658214.0], [408251.0, 5658213.0], [408268.58, 5658213.0], [408264.68, 5658147.73], [408208.23, 5658153.94], [408213.96, 5658216.0], [408224.0, 5658216.0]]]}}, {"type": "Feature", "properties": {"id": "DESNATP1gB00017t", "z": 118.03}, "geometry": {"type": "Polygon", "coordinates": [[[408247.0, 5658217.0], [408248.0, 5658217.0], [408249.0, 5658214.0], [408238.0, 5658214.0], [408238.0, 5658215.0], [408239.0, 5658215.0], [408241.0, 5658217.0], [408241.0, 5658219.24], [408247.0, 5658218.78], [408247.0, 5658217.0]]]}}, {"type": "Feature", "properties": {"id": "DESNATP1gB00017t", "z": 114.86}, "geometry": {"type": "Polygon", "coordinates": [[[408241.0, 5658217.0], [408239.0, 5658215.0], [408224.0, 5658215.0], [408224.0, 5658216.0], [408220.0, 5658216.0], [408221.0, 5658219.0], [408225.0, 5658219.0], [408225.0, 5658220.46], [408241.0, 5658219.24], [408241.0, 5658217.0]]]}}, {"type": "Feature", "properties": {"id": "DESNATP1gB0001IT", "z": 116.4}, "geometry": {"type": "Polygon", "coordinates": [[[409597.0, 5659859.0], [409598.0, 5659859.0], [409598.0, 5659862.0], [409597.0, 5659862.0], [409597.0, 5659866.0], [409596.0, 5659868.0], [409599.0, 5659869.0], [409599.0, 5659864.0], [409601.0, 5659865.0], [409604.0, 5659865.0], [409604.0, 5659857.45], [409597.0, 5659857.39], [409597.0, 5659859.0]]]}}, {"type": "Feature", "properties": {"id": "DESNATP1gB0001IT", "z": 116.07}, "geometry": {"type": "Polygon", "coordinates": [[[409603.0, 5659872.0], [409605.0, 5659871.0], [409605.0, 5659869.0], [409602.0, 5659868.0], [409600.0, 5659870.0], [409600.0, 5659873.57], [409603.0, 5659873.55], [409603.0, 5659872.0]]]}}, {"type": "Feature", "properties": {"id": "DESNATP1gB0001IT", "z": 114.39}, "geometry": {"type": "Polygon", "coordinates": [[[409604.0, 5659865.0], [409601.0, 5659865.0], [409599.0, 5659864.0], [409599.0, 5659869.0], [409596.0, 5659868.0], [409597.0, 5659866.0], [409597.0, 5659862.0], [409598.0, 5659862.0], [409598.0, 5659859.0], [409597.0, 5659859.0], [409597.0, 5659857.39], [409592.35, 5659857.36], [409592.21, 5659873.63], [409600.0, 5659873.57], [409600.0, 5659870.0], [409602.0, 5659868.0], [409605.0, 5659869.0], [409605.0, 5659871.0], [409603.0, 5659872.0], [409603.0, 5659873.55], [409609.68, 5659873.5], [409609.85, 5659862.8], [409609.94, 5659857.49], [409604.0, 5659857.45], [409604.0, 5659865.0]]]}}, {"type": "Feature", "properties": {"id": "DESNATP1gB0001JH", "z": 128.66}, "geometry": {"type": "Polygon", "coordinates": [[[409661.0, 5659756.0], [409651.0, 5659762.0], [409647.75, 5659762.0], [409651.17, 5659769.0], [409655.0, 5659769.0], [409658.0, 5659767.0], [409658.0, 5659765.0], [409662.0, 5659764.0], [409662.0, 5659763.0], [409666.59, 5659763.0], [409666.49, 5659762.8], [409663.02, 5659756.0], [409661.0, 5659756.0]]]}}, {"type": "Feature", "properties": {"id": "DESNATP1gB0001JH", "z": 126.23}, "geometry": {"type": "Polygon", "coordinates": [[[409651.0, 5659762.0], [409661.0, 5659756.0], [409663.02, 5659756.0], [409661.65, 5659753.33], [409661.41, 5659752.84], [409646.76, 5659759.98], [409647.02, 5659760.51], [409647.75, 5659762.0], [409651.0, 5659762.0]]]}}, {"type": "Feature", "properties": {"id": "DESNATP1gB0001JH", "z": 126.13}, "geometry": {"type": "Polygon", "coordinates": [[[409662.0, 5659763.0], [409662.0, 5659764.0], [409658.0, 5659765.0], [409658.0, 5659767.0], [409655.0, 5659769.0], [409651.17, 5659769.0], [409651.69, 5659770.06], [409652.51, 5659771.74], [409667.47, 5659764.45], [409667.42, 5659764.37], [409667.32, 5659764.42], [409666.59, 5659763.0], [409662.0, 5659763.0]]]}}, {"type": "Feature", "properties": {"id": "DESNATP1gB0001S2", "z": 119.59}, "geometry": {"type": "Polygon", "coordinates": [[[408571.0, 5658861.0], [408571.0, 5658865.0], [408570.0, 5658865.0], [408570.0, 5658868.0], [408573.0, 5658869.0], [408573.0, 5658871.11], [408578.81, 5658871.81], [408580.61, 5658859.0], [408571.19, 5658857.74], [408570.67, 5658860.67], [408571.0, 5658861.0]]]}}, {"type": "Feature", "properties": {"id": "DESNATP1gB0001S2", "z": 116.79}, "geometry": {"type": "Polygon", "coordinates": [[[408573.0, 5658869.0], [408570.0, 5658868.0], [408570.0, 5658865.0], [408571.0, 5658865.0], [408571.0, 5658861.0], [408570.67, 5658860.67], [408570.35, 5658862.5], [408566.96, 5658862.07], [408565.58, 5658870.22], [408573.0, 5658871.11], [408573.0, 5658869.0]]]}}, {"type": "Feature", "properties": {"id": "DESNATP1gB0001S6", "z": 120.33}, "geometry": {"type": "Polygon", "coordinates": [[[408574.0, 5658829.0], [408574.0, 5658830.0], [408580.8, 5658830.0], [408580.63, 5658821.77], [408580.4, 5658811.06], [408571.51, 5658810.75], [408571.63, 5658820.16], [408571.65, 5658821.71], [408571.74, 5658829.0], [408574.0, 5658829.0]]]}}, {"type": "Feature", "properties": {"id": "DESNATP1gB0001S6", "z": 117.4}, "geometry": {"type": "Polygon", "coordinates": [[[408574.0, 5658830.0], [408574.0, 5658829.0], [408571.74, 5658829.0], [408571.83, 5658836.04], [408580.93, 5658835.83], [408580.8, 5658830.0], [408574.0, 5658830.0]]]}}, {"type": "Feature", "properties": {"id": "DESNATP1gB0001SQ", "z": 122.05}, "geometry": {"type": "Polygon", "coordinates": [[[408612.84, 5658800.21], [408613.28, 5658804.5], [408629.33, 5658809.89], [408631.07, 5658804.65], [408630.84, 5658802.66], [408630.5, 5658799.69], [408622.59, 5658797.05], [408622.95, 5658795.96], [408622.55, 5658792.04], [408614.74, 5658792.83], [408612.12, 5658793.1], [408612.84, 5658800.21]]]}}, {"type": "Feature", "properties": {"id": "DESNATP1gB0001Ym", "z": 124.3}, "geometry": {"type": "Polygon", "coordinates": [[[408656.0, 5658419.0], [408657.0, 5658420.0], [408657.0, 5658425.0], [408655.0, 5658427.0], [408652.77, 5658427.0], [408655.06, 5658446.0], [408658.0, 5658446.0], [408658.0, 5658447.0], [408662.0, 5658447.0], [408663.0, 5658445.0], [408664.88, 5658445.0], [408655.88, 5658370.0], [408654.0, 5658370.0], [408654.0, 5658369.0], [408651.0, 5658369.0], [408651.0, 5658370.0], [408648.0, 5658370.0], [408648.0, 5658376.0], [408646.64, 5658376.0], [408647.96, 5658387.0], [408650.0, 5658387.0], [408650.0, 5658390.0], [408653.0, 5658392.0], [408654.0, 5658396.0], [408651.0, 5658398.0], [408651.0, 5658401.0], [408649.65, 5658401.0], [408651.81, 5658419.0], [408656.0, 5658419.0]]]}}, {"type": "Feature", "properties": {"id": "DESNATP1gB0001Ym", "z": 122.09}, "geometry": {"type": "Polygon", "coordinates": [[[408663.0, 5658445.0], [408662.0, 5658447.0], [408658.0, 5658447.0], [408658.0, 5658446.0], [408655.06, 5658446.0], [408655.49, 5658449.62], [408665.3, 5658448.46], [408664.88, 5658445.0], [408663.0, 5658445.0]]]}}, {"type": "Feature", "properties": {"id": "DESNATP1gB0001Ym", "z": 122.09}, "geometry": {"type": "Polygon", "coordinates": [[[408651.0, 5658401.0], [408651.0, 5658398.0], [408654.0, 5658396.0], [408653.0, 5658392.0], [408650.0, 5658390.0], [408650.0, 5658387.0], [408647.96, 5658387.0], [408649.65, 5658401.0], [408651.0, 5658401.0]]]}}, {"type": "Feature", "properties": {"id": "DESNATP1gB0001Ym", "z": 122.05}, "geometry": {"type": "Polygon", "coordinates": [[[408648.0, 5658376.0], [408648.0, 5658370.0], [408651.0, 5658370.0], [408651.0, 5658369.0], [408654.0, 5658369.0], [408654.0, 5658370.0], [408655.88, 5658370.0], [408655.4, 5658366.04], [408648.39, 5658366.86], [408645.58, 5658367.19], [408646.64, 5658376.0], [408648.0, 5658376.0]]]}}, {"type": "Feature", "properties": {"id": "DESNATP1gB0001Ym", "z": 121.39}, "geometry": {"type": "Polygon", "coordinates": [[[408655.0, 5658427.0], [408657.0, 5658425.0], [408657.0, 5658420.0], [408656.0, 5658419.0], [408651.81, 5658419.0], [408652.77, 5658427.0], [408655.0, 5658427.0]]]}}, {"type": "Feature", "properties": {"id": "DESNATPU1000BejO", "z": 124.38}, "geometry": {"type": "Polygon", "coordinates": [[[408392.0, 5658513.0], [408393.0, 5658513.0], [408393.0, 5658514.44], [408409.16, 5658512.62], [408407.61, 5658498.94], [408392.0, 5658500.69], [408392.0, 5658513.0]]]}}, {"type": "Feature", "properties": {"id": "DESNATPU1000BejO", "z": 121.57}, "geometry": {"type": "Polygon", "coordinates": [[[408393.0, 5658513.0], [408392.0, 5658513.0], [408392.0, 5658500.69], [408381.12, 5658501.9], [408376.36, 5658502.43], [408377.89, 5658516.13], [408382.66, 5658515.6], [408393.0, 5658514.44], [408393.0, 5658513.0]]]}}, {"type": "Feature", "properties": {"id": "DESNATPU1000CEDh", "z": 136.17}, "geometry": {"type": "Polygon", "coordinates": [[[408620.0, 5659269.0], [408620.0, 5659271.0], [408618.0, 5659272.0], [408618.0, 5659280.0], [408621.0, 5659282.0], [408621.0, 5659283.0], [408626.0, 5659283.0], [408629.0, 5659279.0], [408630.0, 5659279.0], [408630.0, 5659275.0], [408629.0, 5659275.0], [408629.0, 5659267.0], [408628.0, 5659267.0], [408628.0, 5659261.0], [408621.0, 5659261.0], [408621.0, 5659262.0], [408619.4, 5659262.0], [408618.81, 5659269.0], [408620.0, 5659269.0]]]}}, {"type": "Feature", "properties": {"id": "DESNATPU1000CEDh", "z": 134.55}, "geometry": {"type": "Polygon", "coordinates": [[[408631.0, 5659278.0], [408631.0, 5659274.0], [408634.0, 5659275.0], [408636.0, 5659274.0], [408636.0, 5659269.0], [408635.0, 5659269.0], [408635.0, 5659268.0], [408631.0, 5659268.0], [408631.0, 5659273.0], [408629.0, 5659273.0], [408629.0, 5659275.0], [408630.0, 5659275.0], [408630.0, 5659278.0], [408631.0, 5659278.0]]]}}, {"type": "Feature", "properties": {"id": "DESNATPU1000CEDh", "z": 132.24}, "geometry": {"type": "Polygon", "coordinates": [[[408615.0, 5659277.3], [408616.12, 5659277.38], [408615.4, 5659284.65], [408615.42, 5659285.23], [408615.49, 5659285.74], [408615.59, 5659286.25], [408615.72, 5659286.75], [408615.89, 5659287.25], [408616.1, 5659287.72], [408616.33, 5659288.19], [408616.6, 5659288.63], [408616.9, 5659289.06], [408617.23, 5659289.46], [408617.59, 5659289.84], [408617.97, 5659290.2], [408618.37, 5659290.52], [408618.8, 5659290.82], [408619.24, 5659291.09], [408619.71, 5659291.32], [408620.19, 5659291.53], [408620.68, 5659291.7], [408621.18, 5659291.83], [408621.69, 5659291.93], [408622.27, 5659292.0], [408622.85, 5659292.02], [408623.37, 5659292.0], [408623.89, 5659291.95], [408624.4, 5659291.86], [408624.9, 5659291.73], [408625.4, 5659291.57], [408625.88, 5659291.37], [408626.35, 5659291.15], [408626.8, 5659290.89], [408627.23, 5659290.59], [408627.64, 5659290.27], [408628.03, 5659289.93], [408628.39, 5659289.55], [408628.72, 5659289.15], [408629.03, 5659288.73], [408629.3, 5659288.29], [408629.55, 5659287.83], [408629.76, 5659287.36], [408629.93, 5659286.87], [408630.08, 5659286.37], [408630.2, 5659285.8], [408630.41, 5659283.19], [408631.28, 5659283.25], [408631.59, 5659286.05], [408636.52, 5659286.43], [408637.0, 5659285.0], [408648.0, 5659285.0], [408646.0, 5659283.0], [408647.0, 5659281.0], [408647.0, 5659277.0], [408645.0, 5659275.0], [408638.0, 5659275.0], [408637.0, 5659274.0], [408637.0, 5659270.0], [408636.0, 5659270.0], [408636.0, 5659274.0], [408634.0, 5659275.0], [408631.0, 5659274.0], [408631.0, 5659278.0], [408630.0, 5659278.0], [408630.0, 5659279.0], [408629.0, 5659279.0], [408626.0, 5659283.0], [408621.0, 5659283.0], [408621.0, 5659282.0], [408618.0, 5659280.0], [408618.0, 5659272.0], [408620.0, 5659271.0], [408620.0, 5659269.0], [408618.81, 5659269.0], [408618.7, 5659270.2], [408618.4, 5659270.36], [408618.15, 5659270.53], [408617.9, 5659270.71], [408617.67, 5659270.91], [408617.45, 5659271.13], [408617.25, 5659271.36], [408617.07, 5659271.6], [408616.88, 5659271.89], [408616.72, 5659272.19], [408616.59, 5659272.47], [408616.48, 5659272.75], [408616.4, 5659273.05], [408616.33, 5659273.34], [408616.29, 5659273.65], [408616.27, 5659273.95], [408616.27, 5659274.29], [408615.0, 5659274.2], [408615.0, 5659277.3]]]}}, {"type": "Feature", "properties": {"id": "DESNATPU1000CEDh", "z": 130.97}, "geometry": {"type": "Polygon", "coordinates": [[[408621.0, 5659262.0], [408621.0, 5659261.0], [408628.0, 5659261.0], [408628.0, 5659267.0], [408629.0, 5659267.0], [408629.0, 5659273.0], [408631.0, 5659273.0], [408631.0, 5659268.0], [408635.0, 5659268.0], [408635.0, 5659266.0], [408634.0, 5659266.0], [408634.0, 5659260.0], [408633.0, 5659260.0], [408633.0, 5659257.0], [408634.0, 5659256.0], [408636.0, 5659256.0], [408638.0, 5659253.0], [408644.0, 5659253.0], [408644.0, 5659252.0], [408651.0, 5659252.0], [408651.0, 5659251.0], [408655.0, 5659251.0], [408655.0, 5659250.0], [408665.0, 5659250.0], [408665.0, 5659249.0], [408673.0, 5659249.0], [408674.0, 5659250.0], [408674.0, 5659256.0], [408675.0, 5659256.0], [408675.0, 5659259.0], [408674.0, 5659259.0], [408674.0, 5659262.0], [408675.0, 5659263.0], [408678.0, 5659263.0], [408678.0, 5659254.0], [408679.0, 5659254.0], [408679.0, 5659249.0], [408682.0, 5659247.0], [408682.0, 5659237.02], [408676.72, 5659237.47], [408667.21, 5659238.41], [408656.08, 5659239.65], [408644.97, 5659241.06], [408633.49, 5659242.68], [408622.03, 5659244.48], [408621.46, 5659244.57], [408620.88, 5659244.67], [408619.4, 5659262.0], [408621.0, 5659262.0]]]}}, {"type": "Feature", "properties": {"id": "DESNATPU1000CEDh", "z": 129.34}, "geometry": {"type": "Polygon", "coordinates": [[[408676.0, 5659281.0], [408677.0, 5659279.0], [408680.0, 5659279.0], [408681.0, 5659275.0], [408679.0, 5659275.0], [408678.0, 5659273.0], [408676.0, 5659272.0], [408672.0, 5659272.0], [408672.0, 5659280.0], [408673.0, 5659281.0], [408676.0, 5659281.0]]]}}, {"type": "Feature", "properties": {"id": "DESNATPU1000CEDh", "z": 128.39}, "geometry": {"type": "Polygon", "coordinates": [[[408637.0, 5659270.0], [408637.0, 5659263.0], [408636.0, 5659263.0], [408636.0, 5659260.0], [408635.0, 5659260.0], [408635.0, 5659256.0], [408634.0, 5659256.0], [408633.0, 5659257.0], [408633.0, 5659260.0], [408634.0, 5659260.0], [408634.0, 5659266.0], [408635.0, 5659266.0], [408635.0, 5659269.0], [408636.0, 5659269.0], [408636.0, 5659270.0], [408637.0, 5659270.0]]]}}, {"type": "Feature", "properties": {"id": "DESNATPU1000CEDh", "z": 126.86}, "geometry": {"type": "Polygon", "coordinates": [[[408682.0, 5659247.0], [408679.0, 5659249.0], [408679.0, 5659254.0], [408678.0, 5659254.0], [408678.0, 5659263.0], [408675.0, 5659263.0], [408674.0, 5659262.0], [408674.0, 5659259.0], [408675.0, 5659259.0], [408675.0, 5659256.0], [408674.0, 5659256.0], [408674.0, 5659250.0], [408673.0, 5659249.0], [408665.0, 5659249.0], [408665.0, 5659250.0], [408655.0, 5659250.0], [408655.0, 5659251.0], [408651.0, 5659251.0], [408651.0, 5659252.0], [408644.0, 5659252.0], [408644.0, 5659253.0], [408638.0, 5659253.0], [408636.0, 5659256.0], [408635.0, 5659256.0], [408635.0, 5659260.0], [408636.0, 5659260.0], [408636.0, 5659258.0], [408638.0, 5659256.0], [408646.0, 5659256.0], [408646.0, 5659255.0], [408656.0, 5659255.0], [408656.0, 5659254.0], [408666.0, 5659254.0], [408666.0, 5659266.0], [408665.0, 5659266.0], [408665.0, 5659273.0], [408648.0, 5659273.0], [408648.0, 5659272.0], [408638.0, 5659272.0], [408637.0, 5659271.0], [408637.0, 5659274.0], [408638.0, 5659275.0], [408645.0, 5659275.0], [408647.0, 5659277.0], [408647.0, 5659281.0], [408646.0, 5659283.0], [408648.0, 5659285.0], [408637.0, 5659285.0], [408636.52, 5659286.43], [408671.86, 5659289.2], [408672.58, 5659286.15], [408675.38, 5659286.42], [408674.67, 5659295.12], [408682.72, 5659295.72], [408683.18, 5659290.06], [408687.31, 5659236.57], [408686.78, 5659236.61], [408686.24, 5659236.65], [408682.0, 5659237.02], [408682.0, 5659247.0]], [[408672.0, 5659280.0], [408672.0, 5659272.0], [408676.0, 5659272.0], [408678.0, 5659273.0], [408679.0, 5659275.0], [408681.0, 5659275.0], [408680.0, 5659279.0], [408677.0, 5659279.0], [408676.0, 5659281.0], [408673.0, 5659281.0], [408672.0, 5659280.0]]]}}, {"type": "Feature", "properties": {"id": "DESNATPU1000CEDh", "z": 124.36}, "geometry": {"type": "Polygon", "coordinates": [[[408615.0, 5659274.2], [408607.53, 5659273.64], [408596.94, 5659272.84], [408595.63, 5659272.71], [408595.49, 5659275.91], [408596.7, 5659275.98], [408607.35, 5659276.75], [408615.0, 5659277.3], [408615.0, 5659274.2]]]}}, {"type": "Feature", "properties": {"id": "DESNATPU1000CEDh", "z": 112.82}, "geometry": {"type": "Polygon", "coordinates": [[[408638.0, 5659272.0], [408648.0, 5659272.0], [408648.0, 5659273.0], [408665.0, 5659273.0], [408665.0, 5659266.0], [408666.0, 5659266.0], [408666.0, 5659254.0], [408656.0, 5659254.0], [408656.0, 5659255.0], [408646.0, 5659255.0], [408646.0, 5659256.0], [408638.0, 5659256.0], [408636.0, 5659258.0], [408636.0, 5659263.0], [408637.0, 5659263.0], [408637.0, 5659271.0], [408638.0, 5659272.0]]]}}, {"type": "Feature", "properties": {"id": "DESNATPU1000CLpF", "z": 120.47}, "geometry": {"type": "Polygon", "coordinates": [[[409276.0, 5659198.0], [409275.0, 5659196.0], [409273.64, 5659196.0], [409270.63, 5659208.0], [409273.0, 5659208.0], [409275.0, 5659206.0], [409275.0, 5659203.0], [409277.23, 5659203.0], [409278.5, 5659198.0], [409276.0, 5659198.0]]]}}, {"type": "Feature", "properties": {"id": "DESNATPU1000CLpF", "z": 116.15}, "geometry": {"type": "Polygon", "coordinates": [[[409278.0, 5659194.0], [409278.0, 5659190.0], [409277.0, 5659188.0], [409275.65, 5659188.0], [409273.64, 5659196.0], [409275.0, 5659196.0], [409276.0, 5659198.0], [409278.5, 5659198.0], [409278.53, 5659197.9], [409279.41, 5659194.47], [409278.0, 5659194.0]]]}}, {"type": "Feature", "properties": {"id": "DESNATPU1000CLpF", "z": 113.48}, "geometry": {"type": "Polygon", "coordinates": [[[409275.0, 5659203.0], [409275.0, 5659206.0], [409273.0, 5659208.0], [409270.63, 5659208.0], [409269.46, 5659212.65], [409274.45, 5659213.91], [409276.33, 5659206.5], [409277.23, 5659203.0], [409275.0, 5659203.0]]]}}, {"type": "Feature", "properties": {"id": "DESNATPU1000CLpF", "z": 112.71}, "geometry": {"type": "Polygon", "coordinates": [[[409277.0, 5659188.0], [409278.0, 5659190.0], [409278.0, 5659194.0], [409279.41, 5659194.47], [409280.71, 5659189.36], [409282.77, 5659181.89], [409277.6, 5659180.25], [409275.65, 5659188.0], [409277.0, 5659188.0]]]}}, {"type": "Feature", "properties": {"id": "DESNATPU1000CoTx", "z": 127.25}, "geometry": {"type": "Polygon", "coordinates": [[[410121.0, 5658451.0], [410121.0, 5658450.0], [410130.0, 5658450.0], [410130.0, 5658449.0], [410141.0, 5658449.0], [410143.0, 5658447.0], [410143.0, 5658442.0], [410142.0, 5658442.0], [410142.0, 5658432.0], [410141.0, 5658432.0], [410141.0, 5658422.0], [410140.0, 5658422.0], [410140.0, 5658418.0], [410139.0, 5658417.0], [410135.0, 5658417.0], [410135.0, 5658418.0], [410123.0, 5658418.0], [410123.0, 5658419.0], [410115.0, 5658419.0], [410115.0, 5658420.0], [410106.0, 5658420.0], [410105.0, 5658421.0], [410105.0, 5658425.0], [410106.0, 5658425.0], [410106.0, 5658435.0], [410107.0, 5658435.0], [410107.0, 5658447.0], [410108.0, 5658447.0], [410108.0, 5658451.0], [410121.0, 5658451.0]]]}}, {"type": "Feature", "properties": {"id": "DESNATPU1000CoTx", "z": 125.03}, "geometry": {"type": "Polygon", "coordinates": [[[410056.0, 5658307.0], [410054.0, 5658308.0], [410046.0, 5658308.0], [410044.0, 5658310.0], [410034.0, 5658310.0], [410034.0, 5658313.0], [410035.0, 5658314.0], [410040.0, 5658314.0], [410040.0, 5658313.0], [410056.0, 5658313.0], [410056.0, 5658307.0]]]}}, {"type": "Feature", "properties": {"id": "DESNATPU1000CoTx", "z": 124.8}, "geometry": {"type": "Polygon", "coordinates": [[[410134.0, 5658327.0], [410128.0, 5658327.0], [410128.0, 5658325.0], [410130.0, 5658324.0], [410130.0, 5658318.0], [410131.0, 5658318.0], [410131.0, 5658314.0], [410129.0, 5658312.0], [410129.0, 5658304.0], [410127.0, 5658302.0], [410117.0, 5658302.0], [410117.0, 5658301.0], [410108.0, 5658301.0], [410108.0, 5658302.0], [410098.0, 5658302.0], [410098.0, 5658303.0], [410105.0, 5658303.0], [410103.0, 5658305.0], [410093.0, 5658305.0], [410093.0, 5658308.0], [410102.0, 5658308.0], [410102.0, 5658307.0], [410113.0, 5658307.0], [410113.0, 5658306.0], [410122.0, 5658306.0], [410124.0, 5658305.0], [410125.0, 5658306.0], [410125.0, 5658312.0], [410126.0, 5658312.0], [410126.0, 5658318.0], [410128.0, 5658320.0], [410127.0, 5658323.0], [410125.0, 5658323.0], [410125.0, 5658324.0], [410111.0, 5658324.0], [410111.0, 5658325.0], [410105.0, 5658325.0], [410104.0, 5658324.0], [410104.0, 5658318.0], [410103.0, 5658318.0], [410103.0, 5658313.0], [410102.0, 5658313.0], [410102.0, 5658312.0], [410100.0, 5658312.0], [410100.0, 5658320.0], [410101.0, 5658320.0], [410101.0, 5658325.0], [410099.0, 5658326.0], [410098.0, 5658325.0], [410098.0, 5658313.0], [410095.0, 5658313.0], [410095.0, 5658321.0], [410096.0, 5658321.0], [410096.0, 5658329.0], [410095.0, 5658330.0], [410091.0, 5658330.0], [410090.0, 5658332.0], [410090.0, 5658340.0], [410091.0, 5658340.0], [410091.0, 5658348.0], [410092.0, 5658348.0], [410092.0, 5658361.0], [410093.0, 5658361.0], [410093.0, 5658366.0], [410094.0, 5658366.0], [410094.0, 5658378.0], [410095.0, 5658378.0], [410095.0, 5658390.0], [410096.0, 5658390.0], [410096.0, 5658400.0], [410097.0, 5658400.0], [410097.0, 5658405.0], [410094.0, 5658407.0], [410094.0, 5658415.0], [410098.0, 5658418.0], [410098.0, 5658421.0], [410099.0, 5658421.0], [410099.0, 5658429.0], [410100.0, 5658429.0], [410100.0, 5658440.0], [410101.0, 5658440.0], [410101.0, 5658451.0], [410102.0, 5658452.0], [410108.0, 5658452.0], [410109.0, 5658453.0], [410109.0, 5658468.0], [410110.0, 5658468.0], [410110.0, 5658474.0], [410113.0, 5658474.0], [410113.0, 5658465.0], [410112.0, 5658465.0], [410112.0, 5658459.0], [410111.0, 5658457.0], [410112.0, 5658456.0], [410116.0, 5658456.0], [410117.0, 5658457.0], [410117.0, 5658472.0], [410119.0, 5658473.0], [410120.0, 5658472.0], [410120.0, 5658462.0], [410119.0, 5658462.0], [410119.0, 5658459.0], [410120.0, 5658458.0], [410125.0, 5658458.0], [410128.0, 5658454.0], [410139.0, 5658454.0], [410139.0, 5658460.0], [410140.0, 5658460.0], [410140.0, 5658470.0], [410141.0, 5658470.0], [410141.0, 5658474.0], [410140.0, 5658475.0], [410135.0, 5658475.0], [410135.0, 5658476.0], [410125.0, 5658476.0], [410125.0, 5658477.0], [410115.0, 5658477.0], [410115.0, 5658478.0], [410109.0, 5658478.0], [410108.0, 5658481.0], [410109.0, 5658482.0], [410128.0, 5658482.0], [410128.0, 5658480.0], [410138.0, 5658480.0], [410138.0, 5658479.0], [410144.0, 5658479.0], [410145.0, 5658478.0], [410145.0, 5658469.0], [410144.0, 5658469.0], [410144.0, 5658461.0], [410146.0, 5658460.0], [410146.0, 5658458.0], [410147.44, 5658457.28], [410147.41, 5658457.0], [410144.0, 5658457.0], [410143.0, 5658456.0], [410143.0, 5658448.0], [410145.46, 5658448.0], [410149.4, 5658447.62], [410137.58, 5658326.38], [410134.3, 5658326.7], [410134.0, 5658327.0]], [[410108.0, 5658447.0], [410107.0, 5658447.0], [410107.0, 5658435.0], [410106.0, 5658435.0], [410106.0, 5658425.0], [410105.0, 5658425.0], [410105.0, 5658421.0], [410106.0, 5658420.0], [410115.0, 5658420.0], [410115.0, 5658419.0], [410123.0, 5658419.0], [410123.0, 5658418.0], [410135.0, 5658418.0], [410135.0, 5658417.0], [410139.0, 5658417.0], [410140.0, 5658418.0], [410140.0, 5658422.0], [410141.0, 5658422.0], [410141.0, 5658432.0], [410142.0, 5658432.0], [410142.0, 5658442.0], [410143.0, 5658442.0], [410143.0, 5658447.0], [410141.0, 5658449.0], [410130.0, 5658449.0], [410130.0, 5658450.0], [410121.0, 5658450.0], [410121.0, 5658451.0], [410108.0, 5658451.0], [410108.0, 5658447.0]]]}}, {"type": "Feature", "properties": {"id": "DESNATPU1000CoTx", "z": 124.29}, "geometry": {"type": "Polygon", "coordinates": [[[409994.0, 5658350.0], [409994.0, 5658349.0], [410004.0, 5658349.0], [410004.0, 5658348.0], [410014.0, 5658348.0], [410014.0, 5658347.0], [410024.0, 5658347.0], [410024.0, 5658346.0], [410034.0, 5658346.0], [410034.0, 5658345.0], [410044.0, 5658345.0], [410046.0, 5658344.0], [410046.0, 5658342.0], [410034.0, 5658342.0], [410034.0, 5658343.0], [410023.0, 5658343.0], [410023.0, 5658344.0], [410013.0, 5658344.0], [410013.0, 5658345.0], [410002.0, 5658345.0], [410002.0, 5658346.0], [409992.0, 5658346.0], [409992.0, 5658347.0], [409990.44, 5658347.0], [409990.75, 5658350.0], [409994.0, 5658350.0]]]}}, {"type": "Feature", "properties": {"id": "DESNATPU1000CoTx", "z": 123.36}, "geometry": {"type": "Polygon", "coordinates": [[[410019.0, 5658378.0], [410019.0, 5658377.0], [410029.0, 5658377.0], [410029.0, 5658376.0], [410040.0, 5658376.0], [410040.0, 5658375.0], [410050.0, 5658375.0], [410050.0, 5658374.0], [410060.0, 5658374.0], [410061.0, 5658371.0], [410047.0, 5658371.0], [410047.0, 5658372.0], [410037.0, 5658372.0], [410037.0, 5658373.0], [410026.0, 5658373.0], [410026.0, 5658374.0], [410009.01, 5658374.0], [410009.4, 5658378.0], [410019.0, 5658378.0]]]}}, {"type": "Feature", "properties": {"id": "DESNATPU1000CoTx", "z": 123.18}, "geometry": {"type": "Polygon", "coordinates": [[[410027.0, 5658409.0], [410029.0, 5658407.0], [410039.0, 5658407.0], [410039.0, 5658406.0], [410049.0, 5658406.0], [410049.0, 5658405.0], [410060.0, 5658405.0], [410060.0, 5658404.0], [410065.0, 5658404.0], [410066.0, 5658403.0], [410065.0, 5658401.0], [410057.0, 5658401.0], [410057.0, 5658402.0], [410038.0, 5658402.0], [410037.0, 5658404.0], [410011.95, 5658404.0], [410012.43, 5658409.0], [410027.0, 5658409.0]]]}}, {"type": "Feature", "properties": {"id": "DESNATPU1000CoTx", "z": 122.68}, "geometry": {"type": "Polygon", "coordinates": [[[409990.0, 5658320.0], [409990.0, 5658319.0], [409991.0, 5658319.0], [409993.0, 5658317.0], [410003.0, 5658317.0], [410003.0, 5658316.0], [410014.0, 5658316.0], [410014.0, 5658315.0], [410025.0, 5658315.0], [410025.0, 5658314.0], [410032.0, 5658314.0], [410032.0, 5658315.0], [410041.0, 5658315.0], [410041.0, 5658314.0], [410050.0, 5658314.0], [410050.0, 5658313.0], [410040.0, 5658313.0], [410040.0, 5658314.0], [410035.0, 5658314.0], [410034.0, 5658313.0], [410034.0, 5658310.0], [410044.0, 5658310.0], [410046.0, 5658308.0], [410054.0, 5658308.0], [410056.0, 5658307.0], [410056.0, 5658313.0], [410057.0, 5658313.0], [410057.0, 5658306.0], [410058.0, 5658306.0], [410058.0, 5658304.45], [410057.32, 5658304.52], [410057.29, 5658304.27], [410043.32, 5658305.67], [410038.35, 5658306.15], [410010.04, 5658308.9], [410005.07, 5658309.38], [409986.69, 5658311.13], [409987.62, 5658320.0], [409990.0, 5658320.0]]]}}, {"type": "Feature", "properties": {"id": "DESNATPU1000CoTx", "z": 122.48}, "geometry": {"type": "Polygon", "coordinates": [[[409992.0, 5658347.0], [409992.0, 5658346.0], [410002.0, 5658346.0], [410002.0, 5658345.0], [410013.0, 5658345.0], [410013.0, 5658344.0], [410023.0, 5658344.0], [410023.0, 5658343.0], [410034.0, 5658343.0], [410034.0, 5658342.0], [410046.0, 5658342.0], [410046.0, 5658344.0], [410044.0, 5658345.0], [410034.0, 5658345.0], [410034.0, 5658346.0], [410024.0, 5658346.0], [410024.0, 5658347.0], [410014.0, 5658347.0], [410014.0, 5658348.0], [410004.0, 5658348.0], [410004.0, 5658349.0], [409994.0, 5658349.0], [409994.0, 5658350.0], [409990.75, 5658350.0], [409990.85, 5658351.0], [410009.0, 5658351.0], [410010.0, 5658349.0], [410025.0, 5658349.0], [410025.0, 5658348.0], [410030.0, 5658348.0], [410030.0, 5658347.0], [410045.0, 5658347.0], [410045.0, 5658346.0], [410058.0, 5658346.0], [410059.0, 5658344.0], [410059.0, 5658340.0], [410058.0, 5658339.0], [410047.0, 5658339.0], [410047.0, 5658340.0], [410037.0, 5658340.0], [410037.0, 5658341.0], [410027.0, 5658341.0], [410027.0, 5658342.0], [410017.0, 5658342.0], [410017.0, 5658343.0], [410006.0, 5658343.0], [410006.0, 5658344.0], [409990.12, 5658344.0], [409990.44, 5658347.0], [409992.0, 5658347.0]]]}}, {"type": "Feature", "properties": {"id": "DESNATPU1000CoTx", "z": 122.42}, "geometry": {"type": "Polygon", "coordinates": [[[410125.0, 5658300.0], [410118.0, 5658300.0], [410118.0, 5658301.0], [410117.0, 5658301.0], [410117.0, 5658302.0], [410127.0, 5658302.0], [410129.0, 5658304.0], [410129.0, 5658312.0], [410131.0, 5658314.0], [410131.0, 5658318.0], [410130.0, 5658318.0], [410130.0, 5658324.0], [410128.0, 5658325.0], [410128.0, 5658327.0], [410134.0, 5658327.0], [410134.3, 5658326.7], [410132.79, 5658326.85], [410132.39, 5658322.83], [410134.84, 5658322.6], [410134.81, 5658322.17], [410134.3, 5658322.22], [410131.83, 5658296.97], [410125.0, 5658297.64], [410125.0, 5658300.0]]]}}, {"type": "Feature", "properties": {"id": "DESNATPU1000CoTx", "z": 122.4}, "geometry": {"type": "Polygon", "coordinates": [[[410098.0, 5658313.0], [410098.0, 5658325.0], [410099.0, 5658326.0], [410101.0, 5658325.0], [410101.0, 5658320.0], [410100.0, 5658320.0], [410100.0, 5658312.0], [410102.0, 5658312.0], [410102.0, 5658310.0], [410103.0, 5658309.0], [410113.0, 5658309.0], [410113.0, 5658308.0], [410123.0, 5658308.0], [410123.0, 5658312.0], [410124.0, 5658312.0], [410124.0, 5658317.0], [410125.0, 5658317.0], [410125.0, 5658320.0], [410126.0, 5658320.0], [410126.0, 5658323.0], [410127.0, 5658323.0], [410128.0, 5658320.0], [410126.0, 5658318.0], [410126.0, 5658312.0], [410125.0, 5658312.0], [410125.0, 5658306.0], [410124.0, 5658305.0], [410122.0, 5658306.0], [410113.0, 5658306.0], [410113.0, 5658307.0], [410102.0, 5658307.0], [410102.0, 5658308.0], [410093.0, 5658308.0], [410093.0, 5658305.0], [410103.0, 5658305.0], [410105.0, 5658303.0], [410091.0, 5658303.0], [410090.0, 5658304.0], [410090.0, 5658314.0], [410091.0, 5658314.0], [410091.0, 5658317.0], [410090.0, 5658317.0], [410090.0, 5658320.0], [410092.0, 5658321.0], [410092.0, 5658319.0], [410095.0, 5658319.0], [410095.0, 5658313.0], [410098.0, 5658313.0]]]}}, {"type": "Feature", "properties": {"id": "DESNATPU1000CoTx", "z": 122.39}, "geometry": {"type": "Polygon", "coordinates": [[[410067.0, 5658306.0], [410062.0, 5658306.0], [410062.0, 5658307.0], [410061.0, 5658307.0], [410061.0, 5658312.0], [410062.0, 5658312.0], [410062.0, 5658318.0], [410063.0, 5658318.0], [410063.0, 5658328.0], [410064.0, 5658328.0], [410064.0, 5658340.0], [410065.0, 5658340.0], [410065.0, 5658350.0], [410066.0, 5658350.0], [410066.0, 5658360.0], [410067.0, 5658360.0], [410067.0, 5658372.0], [410068.0, 5658372.0], [410068.0, 5658382.0], [410069.0, 5658382.0], [410069.0, 5658390.0], [410070.0, 5658390.0], [410070.0, 5658401.0], [410071.0, 5658401.0], [410071.0, 5658411.0], [410072.0, 5658411.0], [410072.0, 5658422.0], [410073.0, 5658422.0], [410073.0, 5658432.0], [410074.0, 5658432.0], [410074.0, 5658442.0], [410075.0, 5658442.0], [410075.0, 5658452.0], [410076.0, 5658452.0], [410076.0, 5658463.0], [410074.0, 5658464.0], [410074.0, 5658466.0], [410076.0, 5658467.0], [410076.0, 5658468.0], [410077.0, 5658468.0], [410077.0, 5658474.0], [410078.0, 5658474.0], [410078.0, 5658486.0], [410079.0, 5658487.0], [410082.0, 5658487.0], [410082.0, 5658488.45], [410083.23, 5658488.33], [410083.04, 5658486.36], [410095.23, 5658485.17], [410095.25, 5658485.38], [410096.0, 5658485.0], [410100.0, 5658485.0], [410101.0, 5658484.0], [410101.0, 5658479.0], [410100.0, 5658479.0], [410100.0, 5658470.0], [410099.0, 5658470.0], [410099.0, 5658459.0], [410102.0, 5658458.0], [410103.0, 5658459.0], [410103.0, 5658468.0], [410104.0, 5658468.0], [410104.0, 5658475.0], [410106.0, 5658476.0], [410106.0, 5658484.0], [410107.0, 5658484.0], [410107.0, 5658486.27], [410149.89, 5658482.07], [410147.44, 5658457.28], [410146.0, 5658458.0], [410146.0, 5658460.0], [410144.0, 5658461.0], [410144.0, 5658469.0], [410145.0, 5658469.0], [410145.0, 5658478.0], [410144.0, 5658479.0], [410138.0, 5658479.0], [410138.0, 5658480.0], [410128.0, 5658480.0], [410128.0, 5658482.0], [410109.0, 5658482.0], [410108.0, 5658481.0], [410109.0, 5658478.0], [410115.0, 5658478.0], [410115.0, 5658477.0], [410125.0, 5658477.0], [410125.0, 5658476.0], [410135.0, 5658476.0], [410135.0, 5658475.0], [410140.0, 5658475.0], [410141.0, 5658474.0], [410141.0, 5658470.0], [410140.0, 5658470.0], [410140.0, 5658460.0], [410139.0, 5658460.0], [410139.0, 5658454.0], [410128.0, 5658454.0], [410125.0, 5658458.0], [410120.0, 5658458.0], [410119.0, 5658459.0], [410119.0, 5658462.0], [410120.0, 5658462.0], [410120.0, 5658472.0], [410119.0, 5658473.0], [410117.0, 5658472.0], [410117.0, 5658457.0], [410116.0, 5658456.0], [410112.0, 5658456.0], [410111.0, 5658457.0], [410112.0, 5658459.0], [410112.0, 5658465.0], [410113.0, 5658465.0], [410113.0, 5658474.0], [410110.0, 5658474.0], [410110.0, 5658468.0], [410109.0, 5658468.0], [410109.0, 5658453.0], [410108.0, 5658452.0], [410102.0, 5658452.0], [410101.0, 5658451.0], [410101.0, 5658440.0], [410100.0, 5658440.0], [410100.0, 5658429.0], [410099.0, 5658429.0], [410099.0, 5658421.0], [410098.0, 5658421.0], [410098.0, 5658418.0], [410094.0, 5658415.0], [410094.0, 5658407.0], [410097.0, 5658405.0], [410097.0, 5658400.0], [410096.0, 5658400.0], [410096.0, 5658390.0], [410095.0, 5658390.0], [410095.0, 5658378.0], [410094.0, 5658378.0], [410094.0, 5658366.0], [410093.0, 5658366.0], [410093.0, 5658361.0], [410092.0, 5658361.0], [410092.0, 5658348.0], [410091.0, 5658348.0], [410091.0, 5658340.0], [410090.0, 5658340.0], [410090.0, 5658332.0], [410091.0, 5658330.0], [410095.0, 5658330.0], [410096.0, 5658329.0], [410096.0, 5658325.0], [410091.0, 5658325.0], [410091.0, 5658326.0], [410087.0, 5658326.0], [410086.0, 5658325.0], [410086.0, 5658322.0], [410085.0, 5658322.0], [410085.0, 5658316.0], [410084.0, 5658316.0], [410084.0, 5658306.0], [410082.0, 5658304.0], [410077.9, 5658304.0], [410077.95, 5658304.46], [410067.0, 5658305.51], [410067.0, 5658306.0]], [[410130.0, 5658472.0], [410130.0, 5658463.0], [410129.0, 5658463.0], [410129.0, 5658456.0], [410130.0, 5658455.0], [410136.0, 5658455.0], [410136.0, 5658459.0], [410137.0, 5658459.0], [410137.0, 5658469.0], [410138.0, 5658471.0], [410135.0, 5658472.0], [410135.0, 5658473.0], [410131.0, 5658473.0], [410130.0, 5658472.0]]]}}, {"type": "Feature", "properties": {"id": "DESNATPU1000CoTx", "z": 122.3}, "geometry": {"type": "Polygon", "coordinates": [[[410059.0, 5658489.0], [410061.0, 5658488.0], [410069.0, 5658488.0], [410069.0, 5658487.0], [410072.0, 5658487.0], [410073.0, 5658486.0], [410072.0, 5658484.0], [410064.0, 5658484.0], [410064.0, 5658485.0], [410054.0, 5658485.0], [410054.0, 5658486.0], [410043.0, 5658486.0], [410043.0, 5658487.0], [410033.0, 5658487.0], [410033.0, 5658488.0], [410023.0, 5658488.0], [410023.0, 5658489.0], [410003.7, 5658489.0], [410004.08, 5658493.0], [410015.0, 5658493.0], [410015.0, 5658492.0], [410019.0, 5658492.0], [410019.0, 5658493.0], [410024.0, 5658493.0], [410025.0, 5658491.0], [410036.0, 5658491.0], [410036.0, 5658490.0], [410046.0, 5658490.0], [410046.0, 5658489.0], [410056.0, 5658489.0], [410057.0, 5658490.0], [410057.0, 5658491.36], [410059.0, 5658491.16], [410059.0, 5658489.0]]]}}, {"type": "Feature", "properties": {"id": "DESNATPU1000CoTx", "z": 122.26}, "geometry": {"type": "Polygon", "coordinates": [[[410008.0, 5658436.0], [410008.0, 5658435.0], [410017.0, 5658435.0], [410017.0, 5658434.0], [410028.0, 5658434.0], [410028.0, 5658433.0], [410038.0, 5658433.0], [410038.0, 5658432.0], [410048.0, 5658432.0], [410048.0, 5658431.0], [410059.0, 5658431.0], [410059.0, 5658430.0], [410066.0, 5658430.0], [410067.0, 5658429.0], [410067.0, 5658427.0], [410050.0, 5658427.0], [410050.0, 5658428.0], [410046.0, 5658428.0], [410046.0, 5658429.0], [410036.0, 5658429.0], [410036.0, 5658430.0], [410024.0, 5658430.0], [410024.0, 5658431.0], [410017.0, 5658431.0], [410017.0, 5658430.0], [410014.0, 5658430.0], [410013.0, 5658432.0], [410004.0, 5658432.0], [410004.0, 5658433.0], [410000.0, 5658433.0], [410000.0, 5658434.0], [409998.38, 5658434.0], [409998.58, 5658436.0], [410008.0, 5658436.0]]]}}, {"type": "Feature", "properties": {"id": "DESNATPU1000CoTx", "z": 122.25}, "geometry": {"type": "Polygon", "coordinates": [[[410022.0, 5658452.0], [410022.0, 5658451.0], [410033.0, 5658451.0], [410033.0, 5658450.0], [410043.0, 5658450.0], [410043.0, 5658449.0], [410053.0, 5658449.0], [410053.0, 5658448.0], [410064.0, 5658448.0], [410064.0, 5658447.0], [410067.0, 5658447.0], [410068.0, 5658446.0], [410067.0, 5658444.0], [410063.0, 5658444.0], [410063.0, 5658445.0], [410053.0, 5658445.0], [410053.0, 5658446.0], [410043.0, 5658446.0], [410043.0, 5658447.0], [410033.0, 5658447.0], [410033.0, 5658448.0], [410022.0, 5658448.0], [410022.0, 5658449.0], [410011.0, 5658449.0], [410010.0, 5658452.0], [410022.0, 5658452.0]]]}}, {"type": "Feature", "properties": {"id": "DESNATPU1000CoTx", "z": 122.17}, "geometry": {"type": "Polygon", "coordinates": [[[410143.0, 5658448.0], [410143.0, 5658456.0], [410144.0, 5658457.0], [410147.41, 5658457.0], [410147.01, 5658452.91], [410147.32, 5658452.88], [410146.78, 5658452.52], [410145.03, 5658452.7], [410144.61, 5658448.08], [410145.46, 5658448.0], [410143.0, 5658448.0]]]}}, {"type": "Feature", "properties": {"id": "DESNATPU1000CoTx", "z": 120.99}, "geometry": {"type": "Polygon", "coordinates": [[[410026.0, 5658374.0], [410026.0, 5658373.0], [410037.0, 5658373.0], [410037.0, 5658372.0], [410047.0, 5658372.0], [410047.0, 5658371.0], [410061.0, 5658371.0], [410060.0, 5658374.0], [410050.0, 5658374.0], [410050.0, 5658375.0], [410040.0, 5658375.0], [410040.0, 5658376.0], [410029.0, 5658376.0], [410029.0, 5658377.0], [410019.0, 5658377.0], [410019.0, 5658378.0], [410009.4, 5658378.0], [410009.78, 5658381.9], [410039.0, 5658379.04], [410039.0, 5658377.0], [410053.0, 5658377.0], [410053.0, 5658376.0], [410058.0, 5658376.0], [410058.0, 5658377.0], [410061.0, 5658377.0], [410061.0, 5658376.0], [410064.0, 5658375.0], [410064.0, 5658369.0], [410044.0, 5658369.0], [410044.0, 5658368.37], [410008.8, 5658371.8], [410009.01, 5658374.0], [410026.0, 5658374.0]]]}}, {"type": "Feature", "properties": {"id": "DESNATPU1000CoTx", "z": 120.79}, "geometry": {"type": "Polygon", "coordinates": [[[410006.0, 5658344.0], [410006.0, 5658343.0], [410017.0, 5658343.0], [410017.0, 5658342.0], [410027.0, 5658342.0], [410027.0, 5658341.0], [410037.0, 5658341.0], [410037.0, 5658340.0], [410047.0, 5658340.0], [410047.0, 5658339.0], [410058.0, 5658339.0], [410059.0, 5658340.0], [410059.0, 5658335.0], [410061.0, 5658335.0], [410061.0, 5658339.0], [410062.0, 5658339.0], [410062.0, 5658345.0], [410065.0, 5658347.0], [410065.0, 5658340.0], [410064.0, 5658340.0], [410064.0, 5658328.0], [410063.0, 5658328.0], [410063.0, 5658318.0], [410062.0, 5658318.0], [410062.0, 5658312.0], [410061.0, 5658312.0], [410061.0, 5658307.0], [410060.0, 5658307.0], [410060.0, 5658309.0], [410058.0, 5658308.0], [410058.0, 5658306.0], [410057.0, 5658306.0], [410057.0, 5658313.0], [410050.0, 5658313.0], [410050.0, 5658314.0], [410041.0, 5658314.0], [410041.0, 5658315.0], [410032.0, 5658315.0], [410032.0, 5658314.0], [410025.0, 5658314.0], [410025.0, 5658315.0], [410014.0, 5658315.0], [410014.0, 5658316.0], [410003.0, 5658316.0], [410003.0, 5658317.0], [409993.0, 5658317.0], [409991.0, 5658319.0], [410000.0, 5658319.0], [410001.0, 5658321.0], [410001.0, 5658330.0], [410002.0, 5658330.0], [410002.0, 5658340.0], [410001.0, 5658342.0], [409989.91, 5658342.0], [409990.12, 5658344.0], [410006.0, 5658344.0]], [[410057.0, 5658321.0], [410060.0, 5658321.0], [410060.0, 5658329.0], [410057.0, 5658328.0], [410057.0, 5658321.0]]]}}, {"type": "Feature", "properties": {"id": "DESNATPU1000CoTx", "z": 120.75}, "geometry": {"type": "Polygon", "coordinates": [[[410023.0, 5658489.0], [410023.0, 5658488.0], [410033.0, 5658488.0], [410033.0, 5658487.0], [410043.0, 5658487.0], [410043.0, 5658486.0], [410054.0, 5658486.0], [410054.0, 5658485.0], [410064.0, 5658485.0], [410064.0, 5658484.0], [410072.0, 5658484.0], [410073.0, 5658486.0], [410072.0, 5658487.0], [410069.0, 5658487.0], [410069.0, 5658488.0], [410061.0, 5658488.0], [410059.0, 5658489.0], [410059.0, 5658491.16], [410074.0, 5658489.7], [410074.0, 5658483.0], [410073.0, 5658483.0], [410073.0, 5658480.0], [410072.0, 5658480.0], [410072.0, 5658475.0], [410073.0, 5658475.0], [410073.0, 5658472.0], [410075.0, 5658472.0], [410075.0, 5658479.0], [410076.0, 5658481.0], [410078.0, 5658482.0], [410078.0, 5658474.0], [410077.0, 5658474.0], [410077.0, 5658468.0], [410076.0, 5658468.0], [410076.0, 5658469.0], [410073.0, 5658469.0], [410071.0, 5658467.0], [410071.0, 5658463.0], [410070.0, 5658463.0], [410070.0, 5658460.0], [410071.0, 5658460.0], [410071.0, 5658457.0], [410073.0, 5658457.0], [410074.0, 5658459.0], [410074.0, 5658464.0], [410076.0, 5658463.0], [410076.0, 5658452.0], [410075.0, 5658452.0], [410075.0, 5658442.0], [410074.0, 5658442.0], [410074.0, 5658432.0], [410073.0, 5658432.0], [410073.0, 5658422.0], [410072.0, 5658422.0], [410072.0, 5658424.0], [410071.0, 5658424.0], [410070.0, 5658425.0], [410070.0, 5658430.0], [410071.0, 5658430.0], [410071.0, 5658437.0], [410069.0, 5658438.0], [410068.0, 5658437.0], [410068.0, 5658432.0], [410067.0, 5658432.0], [410067.0, 5658429.0], [410066.0, 5658430.0], [410059.0, 5658430.0], [410059.0, 5658431.0], [410048.0, 5658431.0], [410048.0, 5658432.0], [410038.0, 5658432.0], [410038.0, 5658433.0], [410028.0, 5658433.0], [410028.0, 5658434.0], [410017.0, 5658434.0], [410017.0, 5658435.0], [410008.0, 5658435.0], [410008.0, 5658436.0], [409998.58, 5658436.0], [409998.67, 5658437.0], [410011.0, 5658437.0], [410012.0, 5658438.0], [410012.0, 5658444.0], [410013.0, 5658444.0], [410013.0, 5658447.0], [410012.0, 5658448.0], [409999.75, 5658448.0], [410000.59, 5658456.58], [410013.66, 5658455.51], [410014.99, 5658468.67], [410001.89, 5658470.12], [410002.64, 5658478.0], [410004.0, 5658478.0], [410004.0, 5658477.0], [410016.0, 5658477.0], [410016.0, 5658485.0], [410015.0, 5658486.0], [410010.0, 5658486.0], [410010.0, 5658487.0], [410005.0, 5658487.0], [410005.0, 5658488.0], [410003.6, 5658488.0], [410003.7, 5658489.0], [410023.0, 5658489.0]], [[410070.0, 5658452.0], [410070.0, 5658442.0], [410072.0, 5658442.0], [410072.0, 5658448.0], [410073.0, 5658448.0], [410073.0, 5658451.0], [410074.0, 5658453.0], [410071.0, 5658453.0], [410070.0, 5658452.0]], [[410011.0, 5658449.0], [410022.0, 5658449.0], [410022.0, 5658448.0], [410033.0, 5658448.0], [410033.0, 5658447.0], [410043.0, 5658447.0], [410043.0, 5658446.0], [410053.0, 5658446.0], [410053.0, 5658445.0], [410063.0, 5658445.0], [410063.0, 5658444.0], [410067.0, 5658444.0], [410068.0, 5658446.0], [410067.0, 5658447.0], [410064.0, 5658447.0], [410064.0, 5658448.0], [410053.0, 5658448.0], [410053.0, 5658449.0], [410043.0, 5658449.0], [410043.0, 5658450.0], [410033.0, 5658450.0], [410033.0, 5658451.0], [410022.0, 5658451.0], [410022.0, 5658452.0], [410010.0, 5658452.0], [410011.0, 5658449.0]]]}}, {"type": "Feature", "properties": {"id": "DESNATPU1000CoTx", "z": 120.69}, "geometry": {"type": "Polygon", "coordinates": [[[410037.0, 5658404.0], [410038.0, 5658402.0], [410057.0, 5658402.0], [410057.0, 5658401.0], [410065.0, 5658401.0], [410066.0, 5658403.0], [410065.0, 5658404.0], [410060.0, 5658404.0], [410060.0, 5658405.0], [410049.0, 5658405.0], [410049.0, 5658406.0], [410039.0, 5658406.0], [410039.0, 5658407.0], [410029.0, 5658407.0], [410027.0, 5658409.0], [410012.43, 5658409.0], [410012.76, 5658412.48], [410048.47, 5658409.0], [410048.57, 5658410.0], [410049.0, 5658410.0], [410049.0, 5658408.0], [410056.0, 5658408.0], [410057.0, 5658406.0], [410066.0, 5658406.0], [410067.0, 5658404.0], [410067.0, 5658398.0], [410066.0, 5658397.0], [410058.0, 5658397.0], [410058.0, 5658398.0], [410047.68, 5658398.0], [410047.77, 5658398.9], [410011.8, 5658402.45], [410011.95, 5658404.0], [410037.0, 5658404.0]]]}}, {"type": "Feature", "properties": {"id": "DESNATPU1000CoTx", "z": 120.62}, "geometry": {"type": "Polygon", "coordinates": [[[410036.0, 5658430.0], [410036.0, 5658429.0], [410046.0, 5658429.0], [410046.0, 5658428.0], [410050.0, 5658428.0], [410050.0, 5658427.0], [410067.0, 5658427.0], [410067.0, 5658425.0], [410051.0, 5658425.0], [410049.0, 5658427.0], [410042.0, 5658427.0], [410042.0, 5658428.0], [410027.0, 5658428.0], [410027.0, 5658429.0], [410024.0, 5658429.0], [410024.0, 5658430.0], [410036.0, 5658430.0]]]}}, {"type": "Feature", "properties": {"id": "DESNATPU1000CoTx", "z": 120.4}, "geometry": {"type": "Polygon", "coordinates": [[[410057.0, 5658490.0], [410056.0, 5658489.0], [410046.0, 5658489.0], [410046.0, 5658490.0], [410036.0, 5658490.0], [410036.0, 5658491.0], [410025.0, 5658491.0], [410024.0, 5658493.0], [410019.0, 5658493.0], [410019.0, 5658492.0], [410015.0, 5658492.0], [410015.0, 5658493.0], [410004.08, 5658493.0], [410004.41, 5658496.47], [410057.0, 5658491.36], [410057.0, 5658490.0]]]}}, {"type": "Feature", "properties": {"id": "DESNATPU1000CoTx", "z": 120.36}, "geometry": {"type": "Polygon", "coordinates": [[[410087.0, 5658307.0], [410088.0, 5658307.0], [410088.0, 5658315.0], [410089.0, 5658315.0], [410089.0, 5658326.0], [410091.0, 5658326.0], [410091.0, 5658325.0], [410096.0, 5658325.0], [410096.0, 5658321.0], [410095.0, 5658321.0], [410095.0, 5658319.0], [410092.0, 5658319.0], [410092.0, 5658321.0], [410090.0, 5658320.0], [410090.0, 5658317.0], [410091.0, 5658317.0], [410091.0, 5658314.0], [410090.0, 5658314.0], [410090.0, 5658304.0], [410091.0, 5658303.0], [410098.0, 5658303.0], [410098.0, 5658302.0], [410108.0, 5658302.0], [410108.0, 5658301.0], [410118.0, 5658301.0], [410118.0, 5658300.0], [410125.0, 5658300.0], [410125.0, 5658297.64], [410087.0, 5658301.36], [410087.0, 5658307.0]]]}}, {"type": "Feature", "properties": {"id": "DESNATPU1000CoTx", "z": 120.26}, "geometry": {"type": "Polygon", "coordinates": [[[410000.0, 5658434.0], [410000.0, 5658433.0], [410004.0, 5658433.0], [410004.0, 5658432.0], [410013.0, 5658432.0], [410014.0, 5658430.0], [410017.0, 5658430.0], [410017.0, 5658431.0], [410024.0, 5658431.0], [410024.0, 5658430.0], [410018.0, 5658430.0], [410018.0, 5658428.0], [410009.0, 5658428.0], [410009.0, 5658429.0], [410002.83, 5658429.0], [410002.92, 5658429.85], [409998.03, 5658430.36], [409998.38, 5658434.0], [410000.0, 5658434.0]]]}}, {"type": "Feature", "properties": {"id": "DESNATPU1000CoTx", "z": 120.07}, "geometry": {"type": "Polygon", "coordinates": [[[410125.0, 5658324.0], [410125.0, 5658323.0], [410126.0, 5658323.0], [410126.0, 5658320.0], [410125.0, 5658320.0], [410125.0, 5658317.0], [410124.0, 5658317.0], [410124.0, 5658312.0], [410123.0, 5658312.0], [410123.0, 5658308.0], [410113.0, 5658308.0], [410113.0, 5658309.0], [410103.0, 5658309.0], [410102.0, 5658310.0], [410102.0, 5658313.0], [410103.0, 5658313.0], [410103.0, 5658318.0], [410104.0, 5658318.0], [410104.0, 5658311.0], [410105.0, 5658310.0], [410116.0, 5658310.0], [410118.0, 5658312.0], [410118.0, 5658323.0], [410117.0, 5658324.0], [410125.0, 5658324.0]]]}}, {"type": "Feature", "properties": {"id": "DESNATPU1000CoTx", "z": 119.62}, "geometry": {"type": "Polygon", "coordinates": [[[409996.0, 5658355.0], [409996.0, 5658353.0], [410008.0, 5658353.0], [410008.0, 5658352.0], [410016.0, 5658352.0], [410016.0, 5658351.0], [410028.0, 5658351.0], [410028.0, 5658350.0], [410039.0, 5658350.0], [410039.0, 5658349.0], [410050.0, 5658349.0], [410050.0, 5658348.0], [410059.0, 5658348.0], [410060.0, 5658346.0], [410060.0, 5658343.0], [410059.0, 5658343.0], [410059.0, 5658344.0], [410058.0, 5658346.0], [410045.0, 5658346.0], [410045.0, 5658347.0], [410030.0, 5658347.0], [410030.0, 5658348.0], [410025.0, 5658348.0], [410025.0, 5658349.0], [410010.0, 5658349.0], [410009.0, 5658351.0], [409990.85, 5658351.0], [409991.11, 5658353.44], [409995.45, 5658353.05], [409995.64, 5658355.0], [409996.0, 5658355.0]]]}}, {"type": "Feature", "properties": {"id": "DESNATPU1000CoTx", "z": 119.38}, "geometry": {"type": "Polygon", "coordinates": [[[410050.0, 5658379.0], [410050.0, 5658378.0], [410059.0, 5658378.0], [410059.0, 5658377.0], [410058.0, 5658377.0], [410058.0, 5658376.0], [410053.0, 5658376.0], [410053.0, 5658377.0], [410039.0, 5658377.0], [410039.0, 5658379.04], [410045.77, 5658378.38], [410045.83, 5658379.0], [410050.0, 5658379.0]]]}}, {"type": "Feature", "properties": {"id": "DESNATPU1000CoTx", "z": 119.2}, "geometry": {"type": "Polygon", "coordinates": [[[410044.0, 5658369.0], [410064.0, 5658369.0], [410064.0, 5658367.0], [410063.0, 5658366.0], [410060.0, 5658366.0], [410060.0, 5658367.0], [410050.0, 5658367.0], [410050.0, 5658368.0], [410045.0, 5658368.0], [410045.0, 5658367.0], [410044.35, 5658367.0], [410044.48, 5658368.33], [410044.0, 5658368.37], [410044.0, 5658369.0]]]}}, {"type": "Feature", "properties": {"id": "DESNATPU1000CoTx", "z": 118.89}, "geometry": {"type": "Polygon", "coordinates": [[[410011.0, 5658439.0], [410012.0, 5658440.0], [410012.0, 5658438.0], [410011.0, 5658437.0], [409998.67, 5658437.0], [409998.87, 5658439.0], [410011.0, 5658439.0]]]}}, {"type": "Feature", "properties": {"id": "DESNATPU1000CoTx", "z": 118.76}, "geometry": {"type": "Polygon", "coordinates": [[[410050.0, 5658410.0], [410050.0, 5658409.0], [410060.0, 5658409.0], [410060.0, 5658408.0], [410067.0, 5658408.0], [410068.0, 5658407.0], [410068.0, 5658401.0], [410067.0, 5658401.0], [410067.0, 5658404.0], [410066.0, 5658406.0], [410057.0, 5658406.0], [410056.0, 5658408.0], [410049.0, 5658408.0], [410049.0, 5658410.0], [410050.0, 5658410.0]]]}}, {"type": "Feature", "properties": {"id": "DESNATPU1000CoTx", "z": 118.72}, "geometry": {"type": "Polygon", "coordinates": [[[410016.0, 5658479.0], [410016.0, 5658477.0], [410004.0, 5658477.0], [410004.0, 5658478.0], [410002.64, 5658478.0], [410002.74, 5658479.0], [410016.0, 5658479.0]]]}}, {"type": "Feature", "properties": {"id": "DESNATPU1000CoTx", "z": 118.72}, "geometry": {"type": "Polygon", "coordinates": [[[410018.0, 5658430.0], [410024.0, 5658430.0], [410024.0, 5658429.0], [410027.0, 5658429.0], [410027.0, 5658428.0], [410042.0, 5658428.0], [410042.0, 5658427.0], [410049.0, 5658427.0], [410051.0, 5658425.0], [410039.0, 5658425.0], [410039.0, 5658426.0], [410032.0, 5658426.0], [410032.0, 5658427.0], [410023.0, 5658427.0], [410023.0, 5658428.0], [410018.0, 5658428.0], [410018.0, 5658430.0]]]}}, {"type": "Feature", "properties": {"id": "DESNATPU1000CoTx", "z": 118.53}, "geometry": {"type": "Polygon", "coordinates": [[[410012.0, 5658448.0], [410013.0, 5658447.0], [410013.0, 5658444.0], [410012.0, 5658444.0], [410012.0, 5658445.0], [410011.0, 5658446.0], [410008.0, 5658446.0], [410008.0, 5658447.0], [409999.65, 5658447.0], [409999.75, 5658448.0], [410012.0, 5658448.0]]]}}, {"type": "Feature", "properties": {"id": "DESNATPU1000CoTx", "z": 118.26}, "geometry": {"type": "Polygon", "coordinates": [[[410107.0, 5658484.0], [410106.0, 5658484.0], [410106.0, 5658476.0], [410104.0, 5658475.0], [410104.0, 5658478.0], [410105.0, 5658478.0], [410105.0, 5658481.0], [410104.0, 5658483.0], [410101.0, 5658482.0], [410101.0, 5658484.0], [410100.0, 5658485.0], [410096.0, 5658485.0], [410095.25, 5658485.38], [410095.42, 5658487.16], [410105.19, 5658486.2], [410105.22, 5658486.45], [410107.0, 5658486.27], [410107.0, 5658484.0]]]}}, {"type": "Feature", "properties": {"id": "DESNATPU1000CoTx", "z": 117.99}, "geometry": {"type": "Polygon", "coordinates": [[[410058.0, 5658308.0], [410060.0, 5658309.0], [410060.0, 5658307.0], [410062.0, 5658307.0], [410062.0, 5658306.0], [410067.0, 5658306.0], [410067.0, 5658305.51], [410066.35, 5658305.58], [410066.16, 5658303.66], [410058.0, 5658304.45], [410058.0, 5658308.0]]]}}, {"type": "Feature", "properties": {"id": "DESNATPU1000CoTx", "z": 117.85}, "geometry": {"type": "Polygon", "coordinates": [[[410082.0, 5658487.0], [410079.0, 5658487.0], [410078.0, 5658486.0], [410078.0, 5658482.0], [410076.0, 5658481.0], [410075.0, 5658479.0], [410075.0, 5658472.0], [410073.0, 5658472.0], [410073.0, 5658475.0], [410072.0, 5658475.0], [410072.0, 5658480.0], [410073.0, 5658480.0], [410073.0, 5658483.0], [410074.0, 5658483.0], [410074.0, 5658489.7], [410075.4, 5658489.57], [410075.36, 5658489.1], [410082.0, 5658488.45], [410082.0, 5658487.0]]]}}, {"type": "Feature", "properties": {"id": "DESNATPU1000CoTx", "z": 117.73}, "geometry": {"type": "Polygon", "coordinates": [[[409979.0, 5658361.4], [409975.53, 5658361.75], [409975.21, 5658359.67], [409955.73, 5658361.56], [409958.41, 5658389.49], [409958.3, 5658389.51], [409958.22, 5658389.53], [409958.13, 5658389.55], [409958.05, 5658389.59], [409957.98, 5658389.62], [409957.9, 5658389.67], [409957.83, 5658389.72], [409957.76, 5658389.77], [409957.7, 5658389.83], [409957.64, 5658389.89], [409957.57, 5658389.98], [409957.5, 5658390.07], [409957.46, 5658390.15], [409957.42, 5658390.22], [409957.39, 5658390.3], [409957.37, 5658390.39], [409957.35, 5658390.47], [409957.33, 5658390.55], [409957.33, 5658390.64], [409957.32, 5658390.73], [409957.33, 5658390.81], [409957.34, 5658390.93], [409957.37, 5658391.03], [409957.39, 5658391.11], [409957.42, 5658391.19], [409957.46, 5658391.27], [409957.5, 5658391.35], [409957.55, 5658391.42], [409957.6, 5658391.49], [409957.65, 5658391.55], [409957.72, 5658391.62], [409957.8, 5658391.68], [409957.88, 5658391.75], [409957.96, 5658391.79], [409958.03, 5658391.83], [409958.11, 5658391.87], [409958.19, 5658391.89], [409958.28, 5658391.92], [409958.36, 5658391.93], [409958.45, 5658391.94], [409958.53, 5658391.95], [409958.64, 5658391.95], [409958.84, 5658393.96], [409958.73, 5658393.97], [409958.65, 5658393.99], [409958.56, 5658394.02], [409958.48, 5658394.05], [409958.4, 5658394.08], [409958.33, 5658394.12], [409958.26, 5658394.17], [409958.19, 5658394.22], [409958.12, 5658394.28], [409958.06, 5658394.34], [409957.99, 5658394.43], [409957.92, 5658394.52], [409957.88, 5658394.59], [409957.84, 5658394.67], [409957.81, 5658394.75], [409957.78, 5658394.83], [409957.76, 5658394.92], [409957.74, 5658395.0], [409957.73, 5658395.08], [409957.73, 5658395.17], [409957.73, 5658395.26], [409957.74, 5658395.37], [409957.77, 5658395.49], [409957.79, 5658395.57], [409957.82, 5658395.65], [409957.86, 5658395.73], [409957.9, 5658395.8], [409957.95, 5658395.88], [409958.0, 5658395.95], [409958.05, 5658396.01], [409958.11, 5658396.08], [409958.2, 5658396.15], [409958.3, 5658396.22], [409958.37, 5658396.27], [409958.45, 5658396.31], [409958.53, 5658396.34], [409958.61, 5658396.37], [409958.7, 5658396.39], [409958.78, 5658396.41], [409958.87, 5658396.42], [409958.95, 5658396.42], [409959.07, 5658396.42], [409959.27, 5658398.43], [409959.15, 5658398.45], [409959.06, 5658398.47], [409958.98, 5658398.5], [409958.9, 5658398.53], [409958.82, 5658398.57], [409958.74, 5658398.61], [409958.67, 5658398.66], [409958.6, 5658398.71], [409958.54, 5658398.76], [409958.45, 5658398.86], [409958.37, 5658398.95], [409958.33, 5658399.03], [409958.28, 5658399.1], [409958.25, 5658399.18], [409958.21, 5658399.26], [409958.19, 5658399.34], [409958.17, 5658399.43], [409958.15, 5658399.51], [409958.15, 5658399.6], [409958.15, 5658399.73], [409958.16, 5658399.85], [409958.17, 5658399.94], [409958.19, 5658400.02], [409958.22, 5658400.1], [409958.25, 5658400.18], [409958.29, 5658400.26], [409958.34, 5658400.34], [409958.38, 5658400.41], [409958.44, 5658400.48], [409958.5, 5658400.54], [409958.59, 5658400.63], [409958.69, 5658400.7], [409958.76, 5658400.75], [409958.84, 5658400.79], [409958.92, 5658400.83], [409959.0, 5658400.86], [409959.08, 5658400.88], [409959.17, 5658400.9], [409959.25, 5658400.92], [409959.34, 5658400.92], [409959.43, 5658400.92], [409959.55, 5658400.91], [409959.7, 5658402.92], [409959.6, 5658402.94], [409959.52, 5658402.96], [409959.44, 5658402.99], [409959.36, 5658403.03], [409959.29, 5658403.07], [409959.21, 5658403.11], [409959.14, 5658403.16], [409959.08, 5658403.22], [409959.01, 5658403.28], [409958.95, 5658403.35], [409958.89, 5658403.43], [409958.84, 5658403.5], [409958.8, 5658403.57], [409958.76, 5658403.65], [409958.73, 5658403.73], [409958.71, 5658403.81], [409958.68, 5658403.9], [409958.67, 5658403.98], [409958.66, 5658404.07], [409958.66, 5658404.17], [409958.67, 5658404.28], [409958.68, 5658404.36], [409958.7, 5658404.45], [409958.72, 5658404.53], [409958.76, 5658404.61], [409958.79, 5658404.69], [409958.83, 5658404.77], [409958.88, 5658404.84], [409958.93, 5658404.91], [409958.99, 5658404.97], [409959.07, 5658405.05], [409959.15, 5658405.13], [409959.22, 5658405.18], [409959.3, 5658405.22], [409959.38, 5658405.26], [409959.46, 5658405.29], [409959.54, 5658405.32], [409959.62, 5658405.34], [409959.71, 5658405.36], [409959.79, 5658405.37], [409959.88, 5658405.37], [409959.99, 5658405.37], [409962.69, 5658433.27], [409982.17, 5658431.37], [409981.97, 5658429.28], [409985.0, 5658428.99], [409985.0, 5658422.61], [409981.3, 5658422.94], [409975.96, 5658368.1], [409979.0, 5658367.82], [409979.0, 5658361.4]]]}}, {"type": "Feature", "properties": {"id": "DESNATPU1000CoTx", "z": 117.23}, "geometry": {"type": "Polygon", "coordinates": [[[410073.0, 5658457.0], [410071.0, 5658457.0], [410071.0, 5658460.0], [410070.0, 5658460.0], [410070.0, 5658463.0], [410071.0, 5658463.0], [410071.0, 5658467.0], [410073.0, 5658469.0], [410076.0, 5658469.0], [410076.0, 5658467.0], [410074.0, 5658466.0], [410074.0, 5658459.0], [410073.0, 5658457.0]]]}}, {"type": "Feature", "properties": {"id": "DESNATPU1000CoTx", "z": 117.19}, "geometry": {"type": "Polygon", "coordinates": [[[410068.0, 5658432.0], [410068.0, 5658437.0], [410069.0, 5658438.0], [410071.0, 5658437.0], [410071.0, 5658430.0], [410070.0, 5658430.0], [410070.0, 5658425.0], [410071.0, 5658424.0], [410070.0, 5658424.0], [410070.0, 5658423.0], [410062.0, 5658423.0], [410062.0, 5658424.0], [410054.0, 5658424.0], [410054.0, 5658425.0], [410067.0, 5658425.0], [410067.0, 5658432.0], [410068.0, 5658432.0]]]}}, {"type": "Feature", "properties": {"id": "DESNATPU1000CoTx", "z": 116.83}, "geometry": {"type": "Polygon", "coordinates": [[[410082.0, 5658304.0], [410084.0, 5658306.0], [410084.0, 5658316.0], [410085.0, 5658316.0], [410085.0, 5658322.0], [410086.0, 5658322.0], [410086.0, 5658325.0], [410087.0, 5658326.0], [410089.0, 5658326.0], [410089.0, 5658315.0], [410088.0, 5658315.0], [410088.0, 5658307.0], [410087.0, 5658307.0], [410087.0, 5658301.36], [410084.38, 5658301.62], [410084.42, 5658301.98], [410077.77, 5658302.62], [410077.9, 5658304.0], [410082.0, 5658304.0]]]}}, {"type": "Feature", "properties": {"id": "DESNATPU1000CoTx", "z": 116.81}, "geometry": {"type": "Polygon", "coordinates": [[[410105.0, 5658325.0], [410111.0, 5658325.0], [410111.0, 5658324.0], [410117.0, 5658324.0], [410118.0, 5658323.0], [410118.0, 5658312.0], [410116.0, 5658310.0], [410105.0, 5658310.0], [410104.0, 5658311.0], [410104.0, 5658324.0], [410105.0, 5658325.0]]]}}, {"type": "Feature", "properties": {"id": "DESNATPU1000CoTx", "z": 116.72}, "geometry": {"type": "Polygon", "coordinates": [[[410104.0, 5658483.0], [410105.0, 5658481.0], [410105.0, 5658478.0], [410104.0, 5658478.0], [410104.0, 5658468.0], [410103.0, 5658468.0], [410103.0, 5658459.0], [410102.0, 5658458.0], [410099.0, 5658459.0], [410099.0, 5658470.0], [410100.0, 5658470.0], [410100.0, 5658479.0], [410101.0, 5658479.0], [410101.0, 5658482.0], [410104.0, 5658483.0]]]}}, {"type": "Feature", "properties": {"id": "DESNATPU1000CoTx", "z": 116.71}, "geometry": {"type": "Polygon", "coordinates": [[[410135.0, 5658473.0], [410135.0, 5658472.0], [410138.0, 5658471.0], [410137.0, 5658469.0], [410137.0, 5658459.0], [410136.0, 5658459.0], [410136.0, 5658455.0], [410130.0, 5658455.0], [410129.0, 5658456.0], [410129.0, 5658463.0], [410130.0, 5658463.0], [410130.0, 5658472.0], [410131.0, 5658473.0], [410135.0, 5658473.0]]]}}, {"type": "Feature", "properties": {"id": "DESNATPU1000CoTx", "z": 116.5}, "geometry": {"type": "Polygon", "coordinates": [[[410005.0, 5658488.0], [410005.0, 5658487.0], [410010.0, 5658487.0], [410010.0, 5658486.0], [410015.0, 5658486.0], [410016.0, 5658485.0], [410016.0, 5658479.0], [410002.74, 5658479.0], [410003.6, 5658488.0], [410005.0, 5658488.0]]]}}, {"type": "Feature", "properties": {"id": "DESNATPU1000CoTx", "z": 116.46}, "geometry": {"type": "Polygon", "coordinates": [[[410074.0, 5658453.0], [410073.0, 5658451.0], [410073.0, 5658448.0], [410072.0, 5658448.0], [410072.0, 5658442.0], [410070.0, 5658442.0], [410070.0, 5658452.0], [410071.0, 5658453.0], [410074.0, 5658453.0]]]}}, {"type": "Feature", "properties": {"id": "DESNATPU1000CoTx", "z": 116.46}, "geometry": {"type": "Polygon", "coordinates": [[[410060.0, 5658329.0], [410060.0, 5658321.0], [410057.0, 5658321.0], [410057.0, 5658328.0], [410060.0, 5658329.0]]]}}, {"type": "Feature", "properties": {"id": "DESNATPU1000CoTx", "z": 116.44}, "geometry": {"type": "Polygon", "coordinates": [[[410008.0, 5658447.0], [410008.0, 5658446.0], [410011.0, 5658446.0], [410012.0, 5658445.0], [410012.0, 5658440.0], [410011.0, 5658439.0], [409998.87, 5658439.0], [409999.65, 5658447.0], [410008.0, 5658447.0]]]}}, {"type": "Feature", "properties": {"id": "DESNATPU1000CoTx", "z": 116.37}, "geometry": {"type": "Polygon", "coordinates": [[[410001.0, 5658342.0], [410002.0, 5658340.0], [410002.0, 5658330.0], [410001.0, 5658330.0], [410001.0, 5658321.0], [410000.0, 5658319.0], [409990.0, 5658319.0], [409990.0, 5658320.0], [409987.62, 5658320.0], [409989.91, 5658342.0], [410001.0, 5658342.0]]]}}, {"type": "Feature", "properties": {"id": "DESNATPU1000CoTx", "z": 115.6}, "geometry": {"type": "Polygon", "coordinates": [[[409985.0, 5658428.99], [409985.65, 5658428.92], [409985.71, 5658429.53], [410002.72, 5658427.86], [410002.83, 5658429.0], [410009.0, 5658429.0], [410009.0, 5658428.0], [410023.0, 5658428.0], [410023.0, 5658427.0], [410032.0, 5658427.0], [410032.0, 5658426.0], [410039.0, 5658426.0], [410039.0, 5658425.0], [410054.0, 5658425.0], [410054.0, 5658424.0], [410062.0, 5658424.0], [410062.0, 5658423.0], [410070.0, 5658423.0], [410070.0, 5658424.0], [410072.0, 5658424.0], [410072.0, 5658411.0], [410071.0, 5658411.0], [410071.0, 5658401.0], [410070.0, 5658401.0], [410070.0, 5658390.0], [410069.0, 5658390.0], [410069.0, 5658382.0], [410068.0, 5658382.0], [410068.0, 5658372.0], [410067.0, 5658372.0], [410067.0, 5658360.0], [410066.0, 5658360.0], [410066.0, 5658350.0], [410065.0, 5658350.0], [410065.0, 5658347.0], [410062.0, 5658345.0], [410062.0, 5658339.0], [410061.0, 5658339.0], [410061.0, 5658335.0], [410059.0, 5658335.0], [410059.0, 5658343.0], [410060.0, 5658343.0], [410060.0, 5658346.0], [410059.0, 5658348.0], [410050.0, 5658348.0], [410050.0, 5658349.0], [410039.0, 5658349.0], [410039.0, 5658350.0], [410028.0, 5658350.0], [410028.0, 5658351.0], [410016.0, 5658351.0], [410016.0, 5658352.0], [410008.0, 5658352.0], [410008.0, 5658353.0], [409996.0, 5658353.0], [409996.0, 5658355.0], [409995.64, 5658355.0], [409996.03, 5658359.1], [409979.0, 5658360.76], [409979.0, 5658360.84], [409979.08, 5658361.39], [409979.0, 5658361.4], [409979.0, 5658367.82], [409979.68, 5658367.76], [409979.74, 5658368.36], [410043.9, 5658362.13], [410044.35, 5658367.0], [410045.0, 5658367.0], [410045.0, 5658368.0], [410050.0, 5658368.0], [410050.0, 5658367.0], [410060.0, 5658367.0], [410060.0, 5658366.0], [410063.0, 5658366.0], [410064.0, 5658367.0], [410064.0, 5658375.0], [410061.0, 5658376.0], [410061.0, 5658377.0], [410059.0, 5658377.0], [410059.0, 5658378.0], [410050.0, 5658378.0], [410050.0, 5658379.0], [410045.83, 5658379.0], [410047.68, 5658398.0], [410058.0, 5658398.0], [410058.0, 5658397.0], [410066.0, 5658397.0], [410067.0, 5658398.0], [410067.0, 5658401.0], [410068.0, 5658401.0], [410068.0, 5658407.0], [410067.0, 5658408.0], [410060.0, 5658408.0], [410060.0, 5658409.0], [410050.0, 5658409.0], [410050.0, 5658410.0], [410048.57, 5658410.0], [410049.13, 5658415.68], [409985.0, 5658422.0], [409985.0, 5658422.0], [409985.0, 5658422.49], [409985.01, 5658422.61], [409985.0, 5658422.61], [409985.0, 5658428.99]]]}}, {"type": "Feature", "properties": {"id": "DESNATPU1000CuD1", "z": 122.81}, "geometry": {"type": "Polygon", "coordinates": [[[409359.0, 5659268.0], [409356.0, 5659269.0], [409356.0, 5659273.0], [409357.0, 5659273.0], [409357.0, 5659274.56], [409357.16, 5659274.7], [409357.38, 5659274.86], [409357.62, 5659275.01], [409357.86, 5659275.15], [409358.12, 5659275.26], [409358.44, 5659275.38], [409358.76, 5659275.47], [409359.04, 5659275.52], [409359.32, 5659275.55], [409359.59, 5659275.56], [409359.87, 5659275.56], [409360.15, 5659275.53], [409360.43, 5659275.49], [409360.76, 5659275.4], [409361.02, 5659275.32], [409361.28, 5659275.21], [409361.53, 5659275.09], [409361.77, 5659274.95], [409362.0, 5659274.79], [409362.22, 5659274.62], [409362.43, 5659274.43], [409362.62, 5659274.23], [409362.8, 5659274.02], [409362.96, 5659273.79], [409363.11, 5659273.55], [409363.24, 5659273.31], [409363.35, 5659273.05], [409363.45, 5659272.79], [409363.52, 5659272.52], [409363.55, 5659272.38], [409363.6, 5659272.11], [409363.63, 5659271.83], [409363.64, 5659271.55], [409363.63, 5659271.27], [409363.6, 5659270.99], [409363.55, 5659270.72], [409363.48, 5659270.45], [409363.39, 5659270.18], [409363.29, 5659269.93], [409363.16, 5659269.68], [409363.03, 5659269.43], [409362.87, 5659269.2], [409362.7, 5659268.98], [409362.41, 5659268.68], [409362.16, 5659268.46], [409361.94, 5659268.29], [409361.7, 5659268.14], [409361.46, 5659268.0], [409361.21, 5659267.89], [409360.95, 5659267.79], [409360.68, 5659267.7], [409360.36, 5659267.63], [409360.03, 5659267.58], [409359.75, 5659267.57], [409359.47, 5659267.57], [409359.19, 5659267.59], [409359.0, 5659267.62], [409359.0, 5659268.0]]]}}, {"type": "Feature", "properties": {"id": "DESNATPU1000CuD1", "z": 120.84}, "geometry": {"type": "Polygon", "coordinates": [[[409357.0, 5659265.0], [409352.0, 5659265.0], [409352.0, 5659269.0], [409351.0, 5659269.0], [409351.0, 5659272.0], [409352.0, 5659272.0], [409352.0, 5659273.0], [409355.0, 5659273.0], [409357.0, 5659274.0], [409357.0, 5659273.0], [409356.0, 5659273.0], [409356.0, 5659269.0], [409359.0, 5659268.0], [409359.0, 5659267.62], [409358.92, 5659267.63], [409358.65, 5659267.69], [409358.38, 5659267.77], [409358.07, 5659267.89], [409358.6, 5659265.8], [409357.0, 5659265.0]]]}}, {"type": "Feature", "properties": {"id": "DESNATPU1000CuD1", "z": 118.37}, "geometry": {"type": "Polygon", "coordinates": [[[409357.0, 5659274.0], [409355.0, 5659273.0], [409352.0, 5659273.0], [409352.0, 5659272.0], [409350.0, 5659272.0], [409350.0, 5659277.3], [409355.34, 5659278.66], [409356.52, 5659274.07], [409356.75, 5659274.32], [409356.95, 5659274.52], [409357.0, 5659274.56], [409357.0, 5659274.0]]]}}, {"type": "Feature", "properties": {"id": "DESNATPU1000CuD1", "z": 113.69}, "geometry": {"type": "Polygon", "coordinates": [[[409350.0, 5659272.0], [409351.0, 5659272.0], [409351.0, 5659269.0], [409352.0, 5659269.0], [409352.0, 5659265.0], [409357.0, 5659265.0], [409358.6, 5659265.8], [409358.96, 5659264.4], [409357.58, 5659264.03], [409358.48, 5659260.46], [409347.34, 5659257.63], [409342.81, 5659275.48], [409343.32, 5659275.61], [409349.66, 5659277.21], [409350.0, 5659277.3], [409350.0, 5659272.0]]]}}, {"type": "Feature", "properties": {"id": "DESNATPU1000CuvT", "z": 117.87}, "geometry": {"type": "Polygon", "coordinates": [[[409965.0, 5659483.0], [409965.0, 5659482.0], [409962.0, 5659482.0], [409961.0, 5659480.0], [409959.25, 5659480.0], [409959.17, 5659480.17], [409954.04, 5659490.93], [409958.1, 5659492.86], [409962.33, 5659494.87], [409965.44, 5659488.3], [409967.44, 5659484.11], [409967.96, 5659483.0], [409965.0, 5659483.0]]]}}, {"type": "Feature", "properties": {"id": "DESNATPU1000CuvT", "z": 112.71}, "geometry": {"type": "Polygon", "coordinates": [[[409961.0, 5659480.0], [409962.0, 5659482.0], [409965.0, 5659482.0], [409965.0, 5659483.0], [409967.96, 5659483.0], [409969.25, 5659480.27], [409973.09, 5659482.1], [409973.42, 5659482.19], [409974.02, 5659480.21], [409974.9, 5659478.23], [409975.44, 5659477.02], [409967.29, 5659473.4], [409964.29, 5659472.07], [409962.9, 5659472.16], [409961.75, 5659474.76], [409960.98, 5659476.34], [409959.25, 5659480.0], [409961.0, 5659480.0]]]}}, {"type": "Feature", "properties": {"id": "DESNATPU1000EH7a", "z": 130.07}, "geometry": {"type": "Polygon", "coordinates": [[[410050.0, 5658270.0], [410049.0, 5658267.0], [410040.0, 5658267.0], [410039.0, 5658268.0], [410040.0, 5658270.0], [410050.0, 5658270.0]]]}}, {"type": "Feature", "properties": {"id": "DESNATPU1000EH7a", "z": 128.06}, "geometry": {"type": "Polygon", "coordinates": [[[410037.0, 5658264.0], [410037.0, 5658268.0], [410036.0, 5658268.0], [410036.0, 5658271.0], [410037.0, 5658272.0], [410050.0, 5658272.0], [410052.0, 5658270.0], [410052.0, 5658265.0], [410051.0, 5658264.0], [410048.0, 5658264.0], [410048.0, 5658265.0], [410040.0, 5658265.0], [410039.0, 5658264.0], [410039.0, 5658261.0], [410038.0, 5658261.0], [410038.0, 5658253.0], [410037.0, 5658252.0], [410035.0, 5658253.0], [410035.0, 5658264.0], [410037.0, 5658264.0]], [[410039.0, 5658268.0], [410040.0, 5658267.0], [410049.0, 5658267.0], [410050.0, 5658270.0], [410040.0, 5658270.0], [410039.0, 5658268.0]]]}}, {"type": "Feature", "properties": {"id": "DESNATPU1000EH7a", "z": 126.1}, "geometry": {"type": "Polygon", "coordinates": [[[410056.0, 5658251.0], [410053.0, 5658251.0], [410053.0, 5658252.0], [410048.0, 5658252.0], [410048.0, 5658253.0], [410047.0, 5658253.0], [410048.0, 5658255.0], [410048.0, 5658260.0], [410046.0, 5658260.0], [410041.0, 5658260.0], [410041.0, 5658250.0], [410040.0, 5658249.0], [410035.0, 5658249.0], [410033.0, 5658251.0], [410033.0, 5658264.0], [410035.0, 5658264.0], [410034.0, 5658267.0], [410024.0, 5658267.0], [410024.0, 5658268.0], [410021.0, 5658268.0], [410020.0, 5658269.0], [410020.0, 5658272.0], [410021.0, 5658273.0], [410035.0, 5658273.0], [410036.0, 5658275.0], [410039.0, 5658275.0], [410039.0, 5658274.0], [410047.0, 5658274.0], [410048.0, 5658276.0], [410050.0, 5658276.0], [410052.0, 5658273.0], [410054.0, 5658273.0], [410054.0, 5658259.0], [410056.0, 5658258.0], [410056.0, 5658256.0], [410057.5, 5658255.5], [410056.97, 5658250.07], [410056.0, 5658250.17], [410056.0, 5658251.0]], [[410035.0, 5658253.0], [410037.0, 5658252.0], [410038.0, 5658253.0], [410038.0, 5658261.0], [410039.0, 5658261.0], [410039.0, 5658264.0], [410040.0, 5658265.0], [410048.0, 5658265.0], [410048.0, 5658264.0], [410051.0, 5658264.0], [410052.0, 5658265.0], [410052.0, 5658270.0], [410050.0, 5658272.0], [410037.0, 5658272.0], [410036.0, 5658271.0], [410036.0, 5658268.0], [410037.0, 5658268.0], [410037.0, 5658264.0], [410035.0, 5658264.0], [410035.0, 5658253.0]]]}}, {"type": "Feature", "properties": {"id": "DESNATPU1000EH7a", "z": 123.83}, "geometry": {"type": "Polygon", "coordinates": [[[410016.0, 5658265.0], [410015.0, 5658265.0], [410015.0, 5658273.0], [410016.0, 5658273.0], [410016.0, 5658277.42], [410016.96, 5658277.33], [410024.14, 5658276.63], [410030.17, 5658276.03], [410032.64, 5658275.79], [410032.83, 5658277.67], [410032.85, 5658277.95], [410037.46, 5658277.5], [410037.4, 5658276.95], [410044.47, 5658276.27], [410044.67, 5658278.36], [410057.47, 5658277.14], [410057.34, 5658275.75], [410057.99, 5658275.71], [410057.51, 5658270.91], [410057.06, 5658266.31], [410056.98, 5658265.48], [410058.21, 5658265.36], [410057.71, 5658260.29], [410057.96, 5658260.25], [410057.5, 5658255.5], [410056.0, 5658256.0], [410056.0, 5658258.0], [410054.0, 5658259.0], [410054.0, 5658273.0], [410052.0, 5658273.0], [410050.0, 5658276.0], [410048.0, 5658276.0], [410047.0, 5658274.0], [410039.0, 5658274.0], [410039.0, 5658275.0], [410036.0, 5658275.0], [410035.0, 5658273.0], [410021.0, 5658273.0], [410020.0, 5658272.0], [410020.0, 5658269.0], [410021.0, 5658268.0], [410024.0, 5658268.0], [410024.0, 5658267.0], [410034.0, 5658267.0], [410035.0, 5658264.0], [410033.0, 5658264.0], [410033.0, 5658251.0], [410035.0, 5658249.0], [410040.0, 5658249.0], [410041.0, 5658250.0], [410041.0, 5658245.82], [410030.0, 5658246.87], [410030.0, 5658262.0], [410029.0, 5658263.0], [410022.0, 5658263.0], [410020.61, 5658261.61], [410020.73, 5658262.83], [410016.0, 5658263.29], [410016.0, 5658265.0]]]}}, {"type": "Feature", "properties": {"id": "DESNATPU1000EH7a", "z": 122.13}, "geometry": {"type": "Polygon", "coordinates": [[[410004.0, 5658279.0], [410005.0, 5658278.0], [410004.0, 5658276.0], [410004.0, 5658267.0], [410003.0, 5658266.0], [410000.0, 5658267.0], [410000.0, 5658270.0], [410001.0, 5658270.0], [410001.0, 5658278.0], [410004.0, 5658279.0]]]}}, {"type": "Feature", "properties": {"id": "DESNATPU1000EH7a", "z": 121.85}, "geometry": {"type": "Polygon", "coordinates": [[[410041.0, 5658260.0], [410045.0, 5658260.0], [410044.0, 5658259.0], [410044.0, 5658252.0], [410046.0, 5658253.0], [410048.0, 5658253.0], [410048.0, 5658252.0], [410053.0, 5658252.0], [410053.0, 5658251.0], [410056.0, 5658251.0], [410056.0, 5658250.17], [410055.28, 5658250.24], [410054.82, 5658244.92], [410042.25, 5658246.15], [410042.2, 5658245.71], [410041.0, 5658245.82], [410041.0, 5658260.0]]]}}, {"type": "Feature", "properties": {"id": "DESNATPU1000EH7a", "z": 119.42}, "geometry": {"type": "Polygon", "coordinates": [[[410008.0, 5658274.0], [410009.0, 5658274.0], [410009.0, 5658271.0], [410007.0, 5658270.0], [410007.0, 5658262.34], [410006.58, 5658262.38], [410006.55, 5658262.11], [410002.05, 5658262.55], [409996.31, 5658263.1], [409998.21, 5658282.75], [409998.21, 5658282.77], [410008.0, 5658281.82], [410008.0, 5658274.0]], [[410001.0, 5658270.0], [410000.0, 5658270.0], [410000.0, 5658267.0], [410003.0, 5658266.0], [410004.0, 5658267.0], [410004.0, 5658276.0], [410005.0, 5658278.0], [410004.0, 5658279.0], [410001.0, 5658278.0], [410001.0, 5658270.0]]]}}, {"type": "Feature", "properties": {"id": "DESNATPU1000EH7a", "z": 117.11}, "geometry": {"type": "Polygon", "coordinates": [[[410046.0, 5658260.0], [410048.0, 5658260.0], [410048.0, 5658255.0], [410047.0, 5658253.0], [410046.0, 5658253.0], [410044.0, 5658252.0], [410044.0, 5658259.0], [410045.0, 5658260.0], [410046.0, 5658260.0]]]}}, {"type": "Feature", "properties": {"id": "DESNATPU1000EH7a", "z": 116.25}, "geometry": {"type": "Polygon", "coordinates": [[[410024.0, 5658251.0], [410025.0, 5658253.0], [410028.0, 5658255.0], [410028.0, 5658262.0], [410027.0, 5658263.0], [410029.0, 5658263.0], [410030.0, 5658262.0], [410030.0, 5658246.87], [410029.69, 5658246.9], [410029.74, 5658247.36], [410027.27, 5658247.62], [410027.12, 5658247.47], [410027.01, 5658247.38], [410026.89, 5658247.29], [410026.76, 5658247.21], [410026.62, 5658247.14], [410026.43, 5658247.06], [410026.24, 5658246.99], [410026.09, 5658246.96], [410025.94, 5658246.94], [410025.79, 5658246.92], [410025.64, 5658246.92], [410025.43, 5658246.93], [410025.21, 5658246.97], [410025.07, 5658247.01], [410024.93, 5658247.06], [410024.79, 5658247.11], [410024.65, 5658247.18], [410024.46, 5658247.3], [410024.29, 5658247.43], [410024.17, 5658247.54], [410024.07, 5658247.64], [410024.0, 5658247.73], [410024.0, 5658251.0]]]}}, {"type": "Feature", "properties": {"id": "DESNATPU1000EH7a", "z": 116.19}, "geometry": {"type": "Polygon", "coordinates": [[[410007.0, 5658270.0], [410009.0, 5658271.0], [410009.0, 5658274.0], [410008.0, 5658274.0], [410008.0, 5658281.82], [410008.46, 5658281.78], [410008.45, 5658281.68], [410013.89, 5658281.16], [410013.54, 5658277.66], [410016.0, 5658277.42], [410016.0, 5658273.0], [410015.0, 5658273.0], [410015.0, 5658265.0], [410016.0, 5658265.0], [410016.0, 5658263.29], [410014.96, 5658263.39], [410015.03, 5658264.16], [410012.28, 5658264.42], [410012.03, 5658261.85], [410007.0, 5658262.34], [410007.0, 5658270.0]]]}}, {"type": "Feature", "properties": {"id": "DESNATPU1000EH7a", "z": 112.79}, "geometry": {"type": "Polygon", "coordinates": [[[410022.0, 5658263.0], [410027.0, 5658263.0], [410028.0, 5658262.0], [410028.0, 5658255.0], [410025.0, 5658253.0], [410024.0, 5658251.0], [410024.0, 5658247.73], [410023.98, 5658247.76], [410023.89, 5658247.88], [410023.78, 5658248.07], [410019.37, 5658248.52], [410020.61, 5658261.61], [410022.0, 5658263.0]]]}}, {"type": "Feature", "properties": {"id": "DESNATPU1000EY8A", "z": 124.22}, "geometry": {"type": "Polygon", "coordinates": [[[408336.0, 5658493.0], [408337.0, 5658495.0], [408337.0, 5658504.0], [408335.25, 5658504.0], [408337.12, 5658520.68], [408354.82, 5658518.69], [408354.82, 5658518.65], [408354.06, 5658511.71], [408350.07, 5658512.14], [408350.04, 5658512.15], [408350.03, 5658512.08], [408349.12, 5658504.0], [408343.0, 5658504.0], [408341.0, 5658502.0], [408341.0, 5658491.0], [408345.0, 5658490.0], [408345.0, 5658489.0], [408347.45, 5658489.0], [408344.09, 5658459.04], [408344.41, 5658459.0], [408338.0, 5658459.0], [408337.0, 5658456.0], [408336.0, 5658456.0], [408336.0, 5658446.0], [408338.0, 5658445.0], [408342.52, 5658445.0], [408341.59, 5658436.64], [408345.59, 5658436.18], [408344.3, 5658424.66], [408344.3, 5658424.64], [408326.59, 5658426.62], [408327.0, 5658430.32], [408327.0, 5658430.0], [408329.0, 5658430.0], [408329.0, 5658429.0], [408333.0, 5658429.0], [408333.0, 5658432.0], [408334.0, 5658432.0], [408334.0, 5658436.0], [408330.0, 5658436.0], [408330.0, 5658437.0], [408328.0, 5658437.0], [408328.0, 5658436.0], [408327.64, 5658436.0], [408328.87, 5658447.0], [408331.0, 5658447.0], [408331.0, 5658450.0], [408332.0, 5658450.0], [408332.0, 5658459.0], [408330.21, 5658459.0], [408334.02, 5658493.0], [408336.0, 5658493.0]]]}}, {"type": "Feature", "properties": {"id": "DESNATPU1000EY8A", "z": 121.65}, "geometry": {"type": "Polygon", "coordinates": [[[408332.0, 5658459.0], [408332.0, 5658450.0], [408331.0, 5658450.0], [408331.0, 5658447.0], [408328.87, 5658447.0], [408330.21, 5658459.0], [408332.0, 5658459.0]]]}}, {"type": "Feature", "properties": {"id": "DESNATPU1000EY8A", "z": 121.57}, "geometry": {"type": "Polygon", "coordinates": [[[408337.0, 5658504.0], [408337.0, 5658495.0], [408336.0, 5658493.0], [408334.02, 5658493.0], [408335.25, 5658504.0], [408337.0, 5658504.0]]]}}, {"type": "Feature", "properties": {"id": "DESNATPU1000EY8A", "z": 121.56}, "geometry": {"type": "Polygon", "coordinates": [[[408345.0, 5658489.0], [408345.0, 5658490.0], [408341.0, 5658491.0], [408341.0, 5658502.0], [408343.0, 5658504.0], [408349.12, 5658504.0], [408348.31, 5658496.74], [408352.31, 5658496.29], [408351.53, 5658489.31], [408347.53, 5658489.75], [408347.45, 5658489.0], [408345.0, 5658489.0]]]}}, {"type": "Feature", "properties": {"id": "DESNATPU1000EY8A", "z": 121.52}, "geometry": {"type": "Polygon", "coordinates": [[[408338.0, 5658445.0], [408336.0, 5658446.0], [408336.0, 5658456.0], [408337.0, 5658456.0], [408338.0, 5658459.0], [408344.41, 5658459.0], [408348.11, 5658458.58], [408347.32, 5658451.6], [408343.31, 5658452.04], [408342.52, 5658445.0], [408338.0, 5658445.0]]]}}, {"type": "Feature", "properties": {"id": "DESNATPU1000Eped", "z": 123.47}, "geometry": {"type": "Polygon", "coordinates": [[[409385.0, 5659265.0], [409386.0, 5659265.0], [409386.0, 5659262.0], [409387.0, 5659262.0], [409387.0, 5659259.0], [409395.0, 5659259.0], [409395.0, 5659256.0], [409394.0, 5659255.0], [409390.0, 5659255.0], [409389.0, 5659254.0], [409389.0, 5659249.0], [409390.0, 5659249.0], [409390.0, 5659247.77], [409384.62, 5659246.51], [409381.71, 5659258.91], [409380.17, 5659265.47], [409385.0, 5659266.65], [409385.0, 5659265.0]]]}}, {"type": "Feature", "properties": {"id": "DESNATPU1000Eped", "z": 121.51}, "geometry": {"type": "Polygon", "coordinates": [[[409390.0, 5659249.0], [409389.0, 5659249.0], [409389.0, 5659254.0], [409390.0, 5659255.0], [409394.0, 5659255.0], [409395.0, 5659256.0], [409395.0, 5659259.0], [409387.0, 5659259.0], [409387.0, 5659262.0], [409386.0, 5659262.0], [409386.0, 5659265.0], [409385.0, 5659265.0], [409385.0, 5659266.65], [409389.19, 5659267.67], [409391.94, 5659269.23], [409395.7, 5659266.03], [409398.28, 5659255.11], [409399.03, 5659251.94], [409399.49, 5659250.0], [409390.0, 5659247.77], [409390.0, 5659249.0]]]}}, {"type": "Feature", "properties": {"id": "DESNATPU1000EqEC", "z": 122.51}, "geometry": {"type": "Polygon", "coordinates": [[[408050.11, 5658906.07], [408049.8, 5658885.13], [408038.65, 5658885.24], [408038.47, 5658885.9], [408038.77, 5658906.24], [408050.11, 5658906.07]]]}}, {"type": "Feature", "properties": {"id": "DESNATPU1000Esfp", "z": 120.4}, "geometry": {"type": "Polygon", "coordinates": [[[409077.0, 5659887.0], [409076.0, 5659889.0], [409072.93, 5659889.0], [409072.86, 5659890.15], [409072.44, 5659897.0], [409076.0, 5659897.0], [409076.0, 5659896.0], [409078.02, 5659896.0], [409078.63, 5659887.0], [409077.0, 5659887.0]]]}}, {"type": "Feature", "properties": {"id": "DESNATPU1000Esfp", "z": 116.27}, "geometry": {"type": "Polygon", "coordinates": [[[409075.0, 5659880.0], [409075.0, 5659879.0], [409073.54, 5659879.0], [409072.93, 5659889.0], [409076.0, 5659889.0], [409077.0, 5659887.0], [409078.63, 5659887.0], [409079.1, 5659880.0], [409075.0, 5659880.0]]]}}, {"type": "Feature", "properties": {"id": "DESNATPU1000Esfp", "z": 112.19}, "geometry": {"type": "Polygon", "coordinates": [[[409076.0, 5659896.0], [409076.0, 5659897.0], [409072.44, 5659897.0], [409072.29, 5659899.51], [409076.06, 5659899.75], [409077.76, 5659899.85], [409078.02, 5659896.0], [409076.0, 5659896.0]]]}}, {"type": "Feature", "properties": {"id": "DESNATPU1000Esfp", "z": 111.66}, "geometry": {"type": "Polygon", "coordinates": [[[409075.0, 5659879.0], [409075.0, 5659880.0], [409079.1, 5659880.0], [409080.01, 5659866.61], [409074.31, 5659866.22], [409073.54, 5659879.0], [409075.0, 5659879.0]]]}}, {"type": "Feature", "properties": {"id": "DESNATPU1000Gjsw", "z": 123.11}, "geometry": {"type": "Polygon", "coordinates": [[[408478.0, 5658389.0], [408479.0, 5658388.0], [408479.0, 5658383.0], [408478.0, 5658383.0], [408478.0, 5658380.0], [408475.62, 5658380.0], [408476.58, 5658389.0], [408478.0, 5658389.0]]]}}, {"type": "Feature", "properties": {"id": "DESNATPU1000Gjsw", "z": 120.97}, "geometry": {"type": "Polygon", "coordinates": [[[408478.0, 5658380.0], [408478.0, 5658383.0], [408479.0, 5658383.0], [408479.0, 5658388.0], [408478.0, 5658389.0], [408476.58, 5658389.0], [408476.8, 5658391.0], [408482.05, 5658391.0], [408480.87, 5658380.0], [408478.0, 5658380.0]]]}}, {"type": "Feature", "properties": {"id": "DESNATPU1000Gjsw", "z": 118.38}, "geometry": {"type": "Polygon", "coordinates": [[[408480.87, 5658380.0], [408480.08, 5658372.7], [408474.89, 5658373.26], [408475.62, 5658380.0], [408480.87, 5658380.0]]]}}, {"type": "Feature", "properties": {"id": "DESNATPU1000Gjsw", "z": 116.08}, "geometry": {"type": "Polygon", "coordinates": [[[408481.0, 5658409.0], [408481.0, 5658404.0], [408480.0, 5658404.0], [408480.0, 5658397.0], [408479.0, 5658397.0], [408479.0, 5658391.0], [408476.8, 5658391.0], [408478.73, 5658409.0], [408481.0, 5658409.0]]]}}, {"type": "Feature", "properties": {"id": "DESNATPU1000Gjsw", "z": 113.65}, "geometry": {"type": "Polygon", "coordinates": [[[408479.0, 5658391.0], [408479.0, 5658397.0], [408480.0, 5658397.0], [408480.0, 5658404.0], [408481.0, 5658404.0], [408481.0, 5658409.0], [408478.73, 5658409.0], [408479.08, 5658412.21], [408484.27, 5658411.65], [408482.05, 5658391.0], [408479.0, 5658391.0]]]}}, {"type": "Feature", "properties": {"id": "DESNATPU1000IKaE", "z": 121.64}, "geometry": {"type": "Polygon", "coordinates": [[[408780.62, 5658657.48], [408781.42, 5658666.74], [408798.58, 5658665.26], [408797.78, 5658656.0], [408780.62, 5658657.48]]]}}, {"type": "Feature", "properties": {"id": "DESNATPU1000J61A", "z": 123.99}, "geometry": {"type": "Polygon", "coordinates": [[[408812.0, 5658591.0], [408812.0, 5658594.0], [408813.0, 5658594.0], [408813.0, 5658599.0], [408816.08, 5658599.0], [408815.28, 5658591.0], [408812.0, 5658591.0]]]}}, {"type": "Feature", "properties": {"id": "DESNATPU1000J61A", "z": 122.23}, "geometry": {"type": "Polygon", "coordinates": [[[408813.0, 5658599.0], [408813.0, 5658608.0], [408815.0, 5658608.0], [408815.0, 5658613.0], [408817.46, 5658613.0], [408816.08, 5658599.0], [408813.0, 5658599.0]]]}}, {"type": "Feature", "properties": {"id": "DESNATPU1000J61A", "z": 118.9}, "geometry": {"type": "Polygon", "coordinates": [[[408812.0, 5658605.0], [408813.0, 5658607.0], [408813.0, 5658594.0], [408812.0, 5658594.0], [408812.0, 5658596.0], [408812.0, 5658602.0], [408809.76, 5658602.0], [408810.06, 5658605.0], [408812.0, 5658605.0]]]}}, {"type": "Feature", "properties": {"id": "DESNATPU1000J61A", "z": 118.75}, "geometry": {"type": "Polygon", "coordinates": [[[408811.0, 5658579.0], [408812.0, 5658579.0], [408812.0, 5658585.0], [408813.0, 5658585.0], [408813.0, 5658591.0], [408815.28, 5658591.0], [408813.73, 5658575.31], [408811.0, 5658575.58], [408811.0, 5658579.0]]]}}, {"type": "Feature", "properties": {"id": "DESNATPU1000J61A", "z": 118.28}, "geometry": {"type": "Polygon", "coordinates": [[[408815.0, 5658613.0], [408815.0, 5658608.0], [408813.0, 5658608.0], [408813.0, 5658609.0], [408813.0, 5658613.0], [408814.0, 5658613.0], [408814.0, 5658616.0], [408815.0, 5658616.0], [408815.0, 5658617.71], [408817.9, 5658617.42], [408817.46, 5658613.0], [408815.0, 5658613.0]]]}}, {"type": "Feature", "properties": {"id": "DESNATPU1000J61A", "z": 115.55}, "geometry": {"type": "Polygon", "coordinates": [[[408812.0, 5658602.0], [408812.0, 5658596.0], [408812.0, 5658591.0], [408813.0, 5658591.0], [408813.0, 5658585.0], [408812.0, 5658585.0], [408812.0, 5658589.0], [408811.0, 5658591.0], [408808.67, 5658591.0], [408809.76, 5658602.0], [408812.0, 5658602.0]]]}}, {"type": "Feature", "properties": {"id": "DESNATPU1000J61A", "z": 113.64}, "geometry": {"type": "Polygon", "coordinates": [[[408815.0, 5658616.0], [408814.0, 5658616.0], [408814.0, 5658613.0], [408813.0, 5658613.0], [408813.0, 5658609.0], [408813.0, 5658607.0], [408812.0, 5658605.0], [408810.06, 5658605.0], [408811.36, 5658618.07], [408815.0, 5658617.71], [408815.0, 5658616.0]]]}}, {"type": "Feature", "properties": {"id": "DESNATPU1000J61A", "z": 113.56}, "geometry": {"type": "Polygon", "coordinates": [[[408811.0, 5658591.0], [408812.0, 5658589.0], [408812.0, 5658579.0], [408811.0, 5658579.0], [408811.0, 5658575.58], [408807.17, 5658575.97], [408808.67, 5658591.0], [408811.0, 5658591.0]]]}}, {"type": "Feature", "properties": {"id": "DESNATPU1000JIiP", "z": 124.36}, "geometry": {"type": "Polygon", "coordinates": [[[409898.0, 5659504.0], [409891.0, 5659504.0], [409891.0, 5659503.0], [409883.0, 5659503.0], [409883.0, 5659502.0], [409876.0, 5659502.0], [409876.0, 5659501.0], [409866.0, 5659501.0], [409866.0, 5659500.0], [409859.0, 5659500.0], [409859.0, 5659499.0], [409852.0, 5659499.0], [409852.0, 5659498.0], [409842.0, 5659498.0], [409842.0, 5659497.0], [409837.0, 5659497.0], [409836.0, 5659498.0], [409836.0, 5659505.0], [409837.0, 5659506.0], [409845.0, 5659506.0], [409845.0, 5659507.0], [409852.0, 5659507.0], [409852.0, 5659508.0], [409860.0, 5659508.0], [409860.0, 5659509.0], [409868.0, 5659509.0], [409868.0, 5659510.0], [409877.0, 5659510.0], [409877.0, 5659511.0], [409884.0, 5659511.0], [409884.0, 5659512.0], [409893.0, 5659512.0], [409893.0, 5659513.0], [409898.35, 5659513.0], [409898.42, 5659512.49], [409897.88, 5659512.42], [409898.38, 5659508.76], [409898.88, 5659505.09], [409899.44, 5659505.17], [409899.46, 5659504.97], [409898.0, 5659504.0]]]}}, {"type": "Feature", "properties": {"id": "DESNATPU1000JIiP", "z": 120.87}, "geometry": {"type": "Polygon", "coordinates": [[[409892.0, 5659502.0], [409892.0, 5659501.0], [409884.0, 5659501.0], [409884.0, 5659500.0], [409876.0, 5659500.0], [409876.0, 5659499.0], [409867.0, 5659499.0], [409867.0, 5659498.0], [409859.0, 5659498.0], [409859.0, 5659497.0], [409852.0, 5659497.0], [409852.0, 5659496.0], [409844.0, 5659496.0], [409844.0, 5659495.0], [409837.0, 5659495.0], [409836.0, 5659496.0], [409836.0, 5659498.0], [409837.0, 5659497.0], [409842.0, 5659497.0], [409842.0, 5659498.0], [409852.0, 5659498.0], [409852.0, 5659499.0], [409859.0, 5659499.0], [409859.0, 5659500.0], [409866.0, 5659500.0], [409866.0, 5659501.0], [409876.0, 5659501.0], [409876.0, 5659502.0], [409883.0, 5659502.0], [409883.0, 5659503.0], [409891.0, 5659503.0], [409891.0, 5659504.0], [409898.0, 5659504.0], [409899.46, 5659504.97], [409899.6, 5659503.98], [409899.03, 5659503.9], [409899.29, 5659502.0], [409892.0, 5659502.0]]]}}, {"type": "Feature", "properties": {"id": "DESNATPU1000JIiP", "z": 119.26}, "geometry": {"type": "Polygon", "coordinates": [[[409837.0, 5659491.0], [409827.0, 5659491.0], [409827.0, 5659490.0], [409820.0, 5659490.0], [409820.0, 5659489.0], [409812.0, 5659489.0], [409812.0, 5659488.0], [409803.99, 5659488.0], [409802.9, 5659496.33], [409802.49, 5659496.27], [409802.36, 5659497.29], [409802.8, 5659497.35], [409801.47, 5659507.47], [409801.04, 5659507.41], [409800.99, 5659507.78], [409802.4, 5659507.95], [409829.08, 5659511.25], [409834.68, 5659511.99], [409834.62, 5659512.44], [409835.72, 5659512.58], [409835.78, 5659512.16], [409840.06, 5659512.72], [409839.98, 5659513.3], [409841.11, 5659513.45], [409841.18, 5659512.94], [409845.73, 5659513.54], [409845.67, 5659514.02], [409846.69, 5659514.15], [409846.76, 5659513.59], [409850.95, 5659514.14], [409850.88, 5659514.69], [409852.02, 5659514.84], [409852.1, 5659514.27], [409856.8, 5659514.84], [409856.72, 5659515.41], [409857.62, 5659515.52], [409857.72, 5659514.9], [409868.08, 5659516.24], [409868.02, 5659516.69], [409869.14, 5659516.83], [409869.2, 5659516.33], [409873.72, 5659516.92], [409873.66, 5659517.39], [409874.87, 5659517.55], [409874.94, 5659517.04], [409878.58, 5659517.51], [409878.5, 5659518.14], [409879.57, 5659518.27], [409879.65, 5659517.61], [409884.49, 5659518.24], [409884.42, 5659518.75], [409885.65, 5659518.91], [409885.72, 5659518.33], [409890.47, 5659518.95], [409890.38, 5659519.63], [409891.66, 5659519.79], [409891.79, 5659519.09], [409896.1, 5659519.68], [409896.04, 5659520.14], [409897.41, 5659520.32], [409897.61, 5659518.88], [409896.98, 5659518.8], [409897.68, 5659513.6], [409898.26, 5659513.67], [409898.35, 5659513.0], [409893.0, 5659513.0], [409893.0, 5659512.0], [409884.0, 5659512.0], [409884.0, 5659511.0], [409877.0, 5659511.0], [409877.0, 5659510.0], [409868.0, 5659510.0], [409868.0, 5659509.0], [409860.0, 5659509.0], [409860.0, 5659508.0], [409852.0, 5659508.0], [409852.0, 5659507.0], [409845.0, 5659507.0], [409845.0, 5659506.0], [409837.0, 5659506.0], [409836.0, 5659505.0], [409836.0, 5659496.0], [409837.0, 5659495.0], [409844.0, 5659495.0], [409844.0, 5659496.0], [409852.0, 5659496.0], [409852.0, 5659497.0], [409859.0, 5659497.0], [409859.0, 5659498.0], [409867.0, 5659498.0], [409867.0, 5659499.0], [409876.0, 5659499.0], [409876.0, 5659500.0], [409884.0, 5659500.0], [409884.0, 5659501.0], [409892.0, 5659501.0], [409892.0, 5659502.0], [409899.29, 5659502.0], [409899.79, 5659498.3], [409900.43, 5659498.38], [409900.61, 5659497.02], [409899.24, 5659496.83], [409899.15, 5659497.45], [409838.83, 5659489.52], [409838.87, 5659489.21], [409837.97, 5659489.09], [409837.79, 5659489.07], [409837.75, 5659489.38], [409837.0, 5659489.28], [409837.0, 5659491.0]]]}}, {"type": "Feature", "properties": {"id": "DESNATPU1000JIiP", "z": 116.91}, "geometry": {"type": "Polygon", "coordinates": [[[409812.0, 5659488.0], [409812.0, 5659489.0], [409820.0, 5659489.0], [409820.0, 5659490.0], [409827.0, 5659490.0], [409827.0, 5659491.0], [409837.0, 5659491.0], [409837.0, 5659489.28], [409804.49, 5659485.01], [409804.24, 5659484.98], [409804.08, 5659484.96], [409803.93, 5659486.12], [409804.24, 5659486.17], [409803.99, 5659488.0], [409812.0, 5659488.0]]]}}, {"type": "Feature", "properties": {"id": "DESNATPU1000JJr5", "z": 122.39}, "geometry": {"type": "Polygon", "coordinates": [[[409746.56, 5659435.04], [409744.69, 5659449.18], [409759.55, 5659451.14], [409761.42, 5659437.0], [409746.56, 5659435.04]]]}}, {"type": "Feature", "properties": {"id": "UUID_18bf4e7e-36b6-418c-9aa9-c78173fa2a70", "z": 124.38}, "geometry": {"type": "Polygon", "coordinates": [[[408402.0, 5658464.0], [408402.0, 5658463.0], [408393.0, 5658463.0], [408393.0, 5658464.0], [408389.85, 5658464.0], [408391.85, 5658481.9], [408405.56, 5658480.37], [408403.73, 5658464.0], [408402.0, 5658464.0]]]}}, {"type": "Feature", "properties": {"id": "UUID_18bf4e7e-36b6-418c-9aa9-c78173fa2a70", "z": 121.68}, "geometry": {"type": "Polygon", "coordinates": [[[408393.0, 5658464.0], [408393.0, 5658463.0], [408402.0, 5658463.0], [408402.0, 5658464.0], [408403.73, 5658464.0], [408403.57, 5658462.59], [408402.82, 5658455.85], [408389.11, 5658457.34], [408389.85, 5658464.0], [408393.0, 5658464.0]]]}}, {"type": "Feature", "properties": {"id": "UUID_32fa8d2c-6d1b-4523-8c36-b23ba7b153b3", "z": 122.97}, "geometry": {"type": "Polygon", "coordinates": [[[409678.65, 5659323.74], [409680.74, 5659308.25], [409664.13, 5659306.02], [409662.02, 5659321.53], [409668.66, 5659322.41], [409671.99, 5659322.85], [409678.65, 5659323.74]]]}}, {"type": "Feature", "properties": {"id": "UUID_3435f5a7-2b6b-4571-b61b-60cab64a9d5e", "z": 124.43}, "geometry": {"type": "Polygon", "coordinates": [[[408401.26, 5658441.86], [408399.74, 5658428.17], [408370.33, 5658431.46], [408371.86, 5658445.15], [408380.74, 5658444.16], [408392.38, 5658442.85], [408401.26, 5658441.86]]]}}, {"type": "Feature", "properties": {"id": "UUID_4a76871d-dc51-44a8-aa11-3e860c52df48", "z": 122.99}, "geometry": {"type": "Polygon", "coordinates": [[[409667.65, 5659279.84], [409667.18, 5659283.33], [409665.55, 5659295.36], [409672.2, 5659296.26], [409675.52, 5659296.7], [409682.16, 5659297.6], [409683.8, 5659285.57], [409684.28, 5659282.08], [409667.65, 5659279.84]]]}}, {"type": "Feature", "properties": {"id": "UUID_590d1666-c20f-4b0e-8f05-af119205c8a8", "z": 129.71}, "geometry": {"type": "Polygon", "coordinates": [[[409029.63, 5659356.46], [409030.87, 5659342.45], [409031.0, 5659340.95], [408959.99, 5659335.41], [408959.39, 5659343.23], [408958.79, 5659350.97], [408970.01, 5659351.84], [409029.63, 5659356.46]]]}}, {"type": "Feature", "properties": {"id": "UUID_a8ccacc9-2924-4e2f-a1ce-3ad867afea04", "z": 129.44}, "geometry": {"type": "Polygon", "coordinates": [[[408959.0, 5659356.0], [408958.0, 5659356.0], [408958.0, 5659362.36], [408969.12, 5659363.24], [408970.01, 5659351.84], [408959.0, 5659350.98], [408959.0, 5659356.0]]]}}, {"type": "Feature", "properties": {"id": "UUID_a8ccacc9-2924-4e2f-a1ce-3ad867afea04", "z": 120.73}, "geometry": {"type": "Polygon", "coordinates": [[[408958.0, 5659356.0], [408959.0, 5659356.0], [408959.0, 5659350.98], [408956.04, 5659350.75], [408955.15, 5659362.14], [408958.0, 5659362.36], [408958.0, 5659356.0]]]}}, {"type": "Feature", "properties": {"id": "UUID_ada5dafe-c26b-4ea0-99db-5268965aab4c", "z": 125.61}, "geometry": {"type": "Polygon", "coordinates": [[[409941.0, 5659309.0], [409942.0, 5659310.0], [409948.43, 5659310.0], [409948.45, 5659309.43], [409948.46, 5659309.3], [409948.7, 5659303.55], [409948.74, 5659302.64], [409948.76, 5659302.12], [409948.79, 5659301.49], [409946.93, 5659301.23], [409941.81, 5659300.53], [409941.0, 5659300.42], [409941.0, 5659309.0]]]}}, {"type": "Feature", "properties": {"id": "UUID_ada5dafe-c26b-4ea0-99db-5268965aab4c", "z": 122.38}, "geometry": {"type": "Polygon", "coordinates": [[[409942.0, 5659310.0], [409941.0, 5659309.0], [409941.0, 5659300.42], [409934.36, 5659299.51], [409934.2, 5659300.64], [409933.27, 5659307.21], [409932.96, 5659309.42], [409932.74, 5659310.91], [409942.9, 5659312.33], [409942.9, 5659312.34], [409948.12, 5659313.07], [409948.3, 5659313.09], [409948.43, 5659310.0], [409942.0, 5659310.0]]]}}, {"type": "Feature", "properties": {"id": "UUID_c28df71a-999f-4540-9315-e4376558705a", "z": 122.31}, "geometry": {"type": "Polygon", "coordinates": [[[409346.8, 5659831.61], [409344.01, 5659831.43], [409339.05, 5659831.09], [409337.66, 5659831.0], [409336.47, 5659849.33], [409337.86, 5659849.41], [409345.6, 5659849.88], [409346.1, 5659842.3], [409346.8, 5659831.61]]]}}, {"type": "Feature", "properties": {"id": "UUID_e7e0ddee-bcc7-4c01-8534-7fc021a134ff", "z": 122.97}, "geometry": {"type": "Polygon", "coordinates": [[[409659.56, 5659339.79], [409658.51, 5659347.56], [409665.15, 5659348.45], [409668.48, 5659348.89], [409675.14, 5659349.78], [409677.24, 5659334.28], [409660.61, 5659332.03], [409659.56, 5659339.79]]]}}, {"type": "Feature", "properties": {"id": "UUID_f4f5a9d0-8902-4637-871e-610c682852c9", "z": 130.96}, "geometry": {"type": "Polygon", "coordinates": [[[408530.0, 5659268.0], [408532.0, 5659270.0], [408532.0, 5659272.0], [408537.0, 5659275.0], [408537.0, 5659274.0], [408540.03, 5659274.0], [408540.6, 5659264.06], [408540.17, 5659262.45], [408530.0, 5659265.4], [408530.0, 5659268.0]]]}}, {"type": "Feature", "properties": {"id": "UUID_f4f5a9d0-8902-4637-871e-610c682852c9", "z": 126.96}, "geometry": {"type": "Polygon", "coordinates": [[[408521.0, 5659277.0], [408521.0, 5659278.0], [408533.0, 5659278.0], [408533.0, 5659279.0], [408539.75, 5659279.0], [408539.75, 5659278.98], [408540.03, 5659274.0], [408537.0, 5659274.0], [408537.0, 5659275.0], [408532.0, 5659272.0], [408532.0, 5659270.0], [408530.0, 5659268.0], [408530.0, 5659265.4], [408522.31, 5659267.63], [408517.23, 5659269.22], [408517.51, 5659270.24], [408517.0, 5659277.0], [408521.0, 5659277.0]]]}}, {"type": "Feature", "properties": {"id": "UUID_f4f5a9d0-8902-4637-871e-610c682852c9", "z": 116.26}, "geometry": {"type": "Polygon", "coordinates": [[[408532.0, 5659279.0], [408533.0, 5659280.0], [408533.0, 5659281.9], [408533.58, 5659281.9], [408539.58, 5659281.89], [408539.75, 5659279.0], [408532.0, 5659279.0]]]}}, {"type": "Feature", "properties": {"id": "UUID_f4f5a9d0-8902-4637-871e-610c682852c9", "z": 112.28}, "geometry": {"type": "Polygon", "coordinates": [[[408533.0, 5659280.0], [408532.0, 5659279.0], [408533.0, 5659279.0], [408533.0, 5659278.0], [408521.0, 5659278.0], [408521.0, 5659277.0], [408517.0, 5659277.0], [408517.0, 5659277.07], [408516.63, 5659281.92], [408531.51, 5659281.9], [408533.0, 5659281.9], [408533.0, 5659280.0]]]}}]}