{"type": "FeatureCollection", "attribution": "Quelle: GeoSN, dl-de/by-2-0 (LoD2, DOM1)", "crs": {"type": "name", "properties": {"name": "urn:ogc:def:crs:EPSG::25833"}}, "features": [{"type": "Feature", "properties": {"id": "DESNATP1gB00017Q", "z": 119.3}, "geometry": {"type": "Polygon", "coordinates": [[[411236.0, 5658620.0], [411235.0, 5658623.0], [411233.0, 5658624.0], [411231.0, 5658630.0], [411229.0, 5658631.0], [411229.0, 5658633.0], [411227.0, 5658634.0], [411226.0, 5658638.0], [411224.0, 5658639.0], [411224.0, 5658641.0], [411222.0, 5658642.0], [411222.0, 5658646.0], [411223.0, 5658647.0], [411227.0, 5658648.0], [411228.0, 5658651.0], [411230.0, 5658652.0], [411230.0, 5658654.0], [411232.0, 5658654.0], [411233.0, 5658656.0], [411235.0, 5658657.0], [411238.0, 5658657.0], [411238.0, 5658658.0], [411241.0, 5658658.0], [411241.0, 5658657.0], [411244.0, 5658657.0], [411245.0, 5658659.0], [411252.0, 5658663.0], [411252.0, 5658665.0], [411256.0, 5658664.0], [411257.0, 5658666.0], [411259.0, 5658666.0], [411260.0, 5658668.0], [411262.3, 5658668.0], [411277.08, 5658643.94], [411272.23, 5658640.97], [411237.99, 5658620.0], [411236.0, 5658620.0]]]}}, {"type": "Feature", "properties": {"id": "DESNATP1gB00017Q", "z": 117.65}, "geometry": {"type": "Polygon", "coordinates": [[[411260.0, 5658668.0], [411259.0, 5658666.0], [411257.0, 5658666.0], [411256.0, 5658664.0], [411252.0, 5658665.0], [411252.0, 5658663.0], [411245.0, 5658659.0], [411244.0, 5658657.0], [411241.0, 5658657.0], [411241.0, 5658658.0], [411238.0, 5658658.0], [411238.0, 5658657.0], [411235.0, 5658657.0], [411233.0, 5658656.0], [411232.0, 5658654.0], [411230.0, 5658654.0], [411230.0, 5658652.0], [411228.0, 5658651.0], [411227.0, 5658648.0], [411223.0, 5658647.0], [411222.0, 5658646.0], [411222.0, 5658642.0], [411224.0, 5658641.0], [411224.0, 5658639.0], [411226.0, 5658638.0], [411227.0, 5658634.0], [411229.0, 5658633.0], [411229.0, 5658631.0], [411231.0, 5658630.0], [411233.0, 5658624.0], [411235.0, 5658623.0], [411236.0, 5658620.0], [411237.99, 5658620.0], [411234.74, 5658618.01], [411215.97, 5658651.24], [411254.39, 5658671.3], [411258.84, 5658673.63], [411262.3, 5658668.0], [411260.0, 5658668.0]]]}}, {"type": "Feature", "properties": {"id": "DESNATP1gB00017V", "z": 124.21}, "geometry": {"type": "Polygon", "coordinates": [[[411898.25, 5658402.0], [411899.12, 5658363.76], [411871.71, 5658363.76], [411872.15, 5658402.0], [411898.25, 5658402.0]]]}}, {"type": "Feature", "properties": {"id": "DESNATP1gB00017V", "z": 117.98}, "geometry": {"type": "Polygon", "coordinates": [[[411872.15, 5658402.0], [411872.16, 5658403.0], [411898.22, 5658403.0], [411898.25, 5658402.0], [411872.15, 5658402.0]]]}}, {"type": "Feature", "properties": {"id": "DESNATP1gB00017X", "z": 120.22}, "geometry": {"type": "Polygon", "coordinates": [[[411956.0, 5658370.0], [411955.0, 5658371.0], [411955.0, 5658402.0], [411956.0, 5658402.0], [411956.0, 5658403.52], [411970.82, 5658403.82], [411970.43, 5658370.0], [411956.0, 5658370.0]]]}}, {"type": "Feature", "properties": {"id": "DESNATP1gB00017X", "z": 116.79}, "geometry": {"type": "Polygon", "coordinates": [[[411956.0, 5658402.0], [411955.0, 5658402.0], [411955.0, 5658371.0], [411956.0, 5658370.0], [411970.43, 5658370.0], [411970.35, 5658363.29], [411949.49, 5658363.52], [411948.32, 5658403.36], [411956.0, 5658403.52], [411956.0, 5658402.0]]]}}, {"type": "Feature", "properties": {"id": "DESNATP1gB00017f", "z": 122.99}, "geometry": {"type": "Polygon", "coordinates": [[[410449.43, 5659834.77], [410476.09, 5659819.27], [410461.3, 5659793.82], [410434.61, 5659809.33], [410449.43, 5659834.77]]]}}, {"type": "Feature", "properties": {"id": "DESNATP1gB00017h", "z": 118.51}, "geometry": {"type": "Polygon", "coordinates": [[[410507.0, 5659849.0], [410506.0, 5659849.0], [410503.0, 5659845.0], [410501.0, 5659845.0], [410500.0, 5659843.0], [410495.0, 5659840.0], [410495.0, 5659837.21], [410477.0, 5659861.24], [410477.0, 5659863.0], [410479.0, 5659865.0], [410481.0, 5659865.0], [410483.0, 5659868.0], [410485.0, 5659868.0], [410488.0, 5659872.0], [410489.39, 5659872.46], [410506.3, 5659849.88], [410507.0, 5659850.43], [410507.0, 5659849.0]]]}}, {"type": "Feature", "properties": {"id": "DESNATP1gB00017h", "z": 114.76}, "geometry": {"type": "Polygon", "coordinates": [[[410488.0, 5659872.0], [410485.0, 5659868.0], [410483.0, 5659868.0], [410481.0, 5659865.0], [410479.0, 5659865.0], [410477.0, 5659863.0], [410477.0, 5659861.24], [410473.31, 5659866.17], [410476.0, 5659868.18], [410486.63, 5659876.15], [410489.39, 5659872.46], [410488.0, 5659872.0]]]}}, {"type": "Feature", "properties": {"id": "DESNATP1gB00017h", "z": 114.74}, "geometry": {"type": "Polygon", "coordinates": [[[410495.0, 5659840.0], [410500.0, 5659843.0], [410501.0, 5659845.0], [410503.0, 5659845.0], [410506.0, 5659849.0], [410507.0, 5659849.0], [410507.0, 5659850.43], [410507.91, 5659851.14], [410522.96, 5659831.97], [410511.21, 5659823.34], [410509.92, 5659822.39], [410496.15, 5659835.67], [410495.0, 5659837.21], [410495.0, 5659840.0]]]}}, {"type": "Feature", "properties": {"id": "DESNATP1gB00017r", "z": 132.34}, "geometry": {"type": "Polygon", "coordinates": [[[410857.0, 5658968.0], [410856.0, 5658968.0], [410856.0, 5658973.0], [410857.0, 5658973.0], [410857.0, 5658974.2], [410872.0, 5658970.32], [410872.0, 5658969.0], [410867.0, 5658966.0], [410867.0, 5658962.48], [410862.85, 5658965.44], [410861.19, 5658963.52], [410857.0, 5658966.32], [410857.0, 5658968.0]]]}}, {"type": "Feature", "properties": {"id": "DESNATP1gB00017r", "z": 130.29}, "geometry": {"type": "Polygon", "coordinates": [[[410867.0, 5658966.0], [410872.0, 5658969.0], [410872.0, 5658970.32], [410872.97, 5658970.07], [410873.17, 5658968.02], [410868.01, 5658961.76], [410867.0, 5658962.48], [410867.0, 5658966.0]]]}}, {"type": "Feature", "properties": {"id": "DESNATP1gB00017r", "z": 128.3}, "geometry": {"type": "Polygon", "coordinates": [[[410855.0, 5658970.0], [410854.0, 5658971.0], [410848.0, 5658971.0], [410848.0, 5658972.0], [410844.0, 5658972.0], [410844.0, 5658973.0], [410840.0, 5658973.0], [410840.0, 5658974.0], [410837.76, 5658974.0], [410839.04, 5658978.84], [410857.0, 5658974.2], [410857.0, 5658973.0], [410856.0, 5658973.0], [410856.0, 5658968.0], [410857.0, 5658968.0], [410857.0, 5658966.32], [410856.79, 5658966.46], [410855.48, 5658965.02], [410855.0, 5658965.11], [410855.0, 5658970.0]]]}}, {"type": "Feature", "properties": {"id": "DESNATP1gB00017r", "z": 125.64}, "geometry": {"type": "Polygon", "coordinates": [[[410840.0, 5658974.0], [410840.0, 5658973.0], [410844.0, 5658973.0], [410844.0, 5658972.0], [410848.0, 5658972.0], [410848.0, 5658971.0], [410854.0, 5658971.0], [410855.0, 5658970.0], [410855.0, 5658968.0], [410854.0, 5658969.0], [410846.0, 5658969.0], [410846.0, 5658970.0], [410841.0, 5658970.0], [410841.0, 5658971.0], [410836.97, 5658971.0], [410837.58, 5658973.33], [410837.76, 5658974.0], [410840.0, 5658974.0]]]}}, {"type": "Feature", "properties": {"id": "DESNATP1gB00017r", "z": 123.65}, "geometry": {"type": "Polygon", "coordinates": [[[410853.0, 5658965.0], [410853.0, 5658968.0], [410848.0, 5658968.0], [410846.0, 5658967.0], [410845.0, 5658969.0], [410840.0, 5658969.0], [410840.0, 5658970.0], [410836.7, 5658970.0], [410836.97, 5658971.0], [410841.0, 5658971.0], [410841.0, 5658970.0], [410846.0, 5658970.0], [410846.0, 5658969.0], [410854.0, 5658969.0], [410855.0, 5658968.0], [410855.0, 5658965.11], [410854.25, 5658965.25], [410854.03, 5658965.0], [410853.0, 5658965.0]]]}}, {"type": "Feature", "properties": {"id": "DESNATP1gB00018C", "z": 131.75}, "geometry": {"type": "Polygon", "coordinates": [[[411044.0, 5658162.0], [411040.0, 5658157.0], [411037.0, 5658157.0], [411035.0, 5658159.0], [411035.0, 5658162.0], [411036.0, 5658161.0], [411040.0, 5658161.0], [411041.0, 5658163.0], [411044.0, 5658162.0]]]}}, {"type": "Feature", "properties": {"id": "DESNATP1gB00018C", "z": 131.74}, "geometry": {"type": "Polygon", "coordinates": [[[411079.0, 5658181.0], [411079.0, 5658180.0], [411083.0, 5658177.0], [411083.0, 5658173.0], [411084.0, 5658171.0], [411086.0, 5658170.0], [411086.0, 5658174.0], [411085.0, 5658174.0], [411085.0, 5658178.0], [411087.0, 5658177.0], [411088.0, 5658173.0], [411091.0, 5658171.0], [411090.0, 5658168.0], [411087.0, 5658169.0], [411086.0, 5658167.0], [411083.0, 5658167.0], [411083.0, 5658170.0], [411081.0, 5658171.0], [411081.0, 5658176.0], [411080.0, 5658177.0], [411075.0, 5658177.0], [411074.0, 5658178.0], [411075.0, 5658181.0], [411079.0, 5658181.0]]]}}, {"type": "Feature", "properties": {"id": "DESNATP1gB00018C", "z": 131.74}, "geometry": {"type": "Polygon", "coordinates": [[[411055.0, 5658171.0], [411055.0, 5658168.0], [411052.0, 5658166.0], [411052.0, 5658164.0], [411047.0, 5658164.0], [411046.0, 5658165.0], [411046.0, 5658168.0], [411048.0, 5658168.0], [411049.0, 5658170.0], [411052.0, 5658170.0], [411052.0, 5658171.0], [411055.0, 5658171.0]]]}}, {"type": "Feature", "properties": {"id": "DESNATP1gB00018C", "z": 130.22}, "geometry": {"type": "Polygon", "coordinates": [[[411047.0, 5658174.0], [411051.0, 5658174.0], [411052.0, 5658176.0], [411056.0, 5658176.0], [411057.0, 5658178.0], [411059.0, 5658178.0], [411060.0, 5658180.0], [411064.0, 5658181.0], [411065.0, 5658183.0], [411067.0, 5658184.0], [411068.0, 5658184.0], [411070.0, 5658185.0], [411070.0, 5658188.0], [411072.0, 5658189.0], [411075.0, 5658189.0], [411076.0, 5658191.0], [411078.0, 5658191.0], [411079.0, 5658193.0], [411081.0, 5658193.0], [411082.0, 5658191.0], [411082.0, 5658187.0], [411083.0, 5658187.0], [411084.0, 5658183.0], [411086.0, 5658182.0], [411087.0, 5658178.0], [411089.0, 5658177.0], [411090.0, 5658173.0], [411092.0, 5658173.0], [411093.0, 5658172.0], [411093.0, 5658169.0], [411095.0, 5658168.0], [411095.0, 5658163.8], [411085.01, 5658158.5], [411075.75, 5658173.98], [411072.0, 5658171.8], [411072.0, 5658172.0], [411067.0, 5658172.0], [411067.0, 5658170.0], [411065.0, 5658169.0], [411062.0, 5658169.0], [411060.0, 5658166.0], [411057.0, 5658166.0], [411056.0, 5658164.0], [411054.0, 5658164.0], [411052.0, 5658161.0], [411051.0, 5658161.0], [411051.0, 5658157.2], [411049.82, 5658158.89], [411044.0, 5658155.8], [411044.0, 5658156.0], [411041.0, 5658156.0], [411039.0, 5658154.0], [411036.0, 5658154.0], [411035.0, 5658155.0], [411034.0, 5658159.0], [411032.0, 5658160.0], [411032.0, 5658162.0], [411034.0, 5658164.0], [411037.0, 5658164.0], [411037.0, 5658166.0], [411039.0, 5658166.0], [411039.0, 5658168.0], [411043.0, 5658169.0], [411044.0, 5658171.0], [411044.0, 5658173.92], [411046.52, 5658175.43], [411047.0, 5658174.0]], [[411074.0, 5658178.0], [411075.0, 5658177.0], [411080.0, 5658177.0], [411081.0, 5658176.0], [411081.0, 5658171.0], [411083.0, 5658170.0], [411083.0, 5658167.0], [411086.0, 5658167.0], [411087.0, 5658169.0], [411090.0, 5658168.0], [411091.0, 5658171.0], [411088.0, 5658173.0], [411087.0, 5658177.0], [411085.0, 5658178.0], [411085.0, 5658174.0], [411086.0, 5658174.0], [411086.0, 5658170.0], [411084.0, 5658171.0], [411083.0, 5658173.0], [411083.0, 5658177.0], [411079.0, 5658180.0], [411079.0, 5658181.0], [411075.0, 5658181.0], [411074.0, 5658178.0]], [[411052.0, 5658170.0], [411049.0, 5658170.0], [411048.0, 5658168.0], [411046.0, 5658168.0], [411046.0, 5658165.0], [411047.0, 5658164.0], [411052.0, 5658164.0], [411052.0, 5658166.0], [411055.0, 5658168.0], [411055.0, 5658171.0], [411052.0, 5658171.0], [411052.0, 5658170.0]], [[411040.0, 5658161.0], [411036.0, 5658161.0], [411035.0, 5658162.0], [411035.0, 5658159.0], [411037.0, 5658157.0], [411040.0, 5658157.0], [411044.0, 5658162.0], [411041.0, 5658163.0], [411040.0, 5658161.0]]]}}, {"type": "Feature", "properties": {"id": "DESNATP1gB00018C", "z": 128.65}, "geometry": {"type": "Polygon", "coordinates": [[[411034.0, 5658166.0], [411035.0, 5658166.0], [411037.0, 5658166.0], [411037.0, 5658164.0], [411034.0, 5658164.0], [411032.0, 5658162.0], [411032.0, 5658160.0], [411034.0, 5658159.0], [411035.0, 5658155.0], [411036.0, 5658154.0], [411039.0, 5658154.0], [411041.0, 5658156.0], [411044.0, 5658156.0], [411044.0, 5658155.8], [411035.66, 5658151.35], [411027.86, 5658164.32], [411034.0, 5658167.97], [411034.0, 5658166.0]]]}}, {"type": "Feature", "properties": {"id": "DESNATP1gB00018C", "z": 128.05}, "geometry": {"type": "Polygon", "coordinates": [[[411091.0, 5658175.0], [411091.0, 5658173.0], [411090.0, 5658173.0], [411089.0, 5658177.0], [411087.0, 5658178.0], [411086.0, 5658182.0], [411084.0, 5658183.0], [411083.0, 5658187.0], [411084.0, 5658187.0], [411086.0, 5658183.0], [411088.01, 5658183.0], [411092.29, 5658175.43], [411091.0, 5658175.0]]]}}, {"type": "Feature", "properties": {"id": "DESNATP1gB00018C", "z": 127.73}, "geometry": {"type": "Polygon", "coordinates": [[[411062.0, 5658183.0], [411063.0, 5658184.0], [411067.0, 5658184.0], [411065.0, 5658183.0], [411064.0, 5658181.0], [411060.0, 5658180.0], [411059.0, 5658178.0], [411057.0, 5658178.0], [411056.0, 5658176.0], [411054.0, 5658176.0], [411056.0, 5658178.0], [411056.0, 5658181.06], [411061.55, 5658184.36], [411062.0, 5658183.0]]]}}, {"type": "Feature", "properties": {"id": "DESNATP1gB00018C", "z": 126.99}, "geometry": {"type": "Polygon", "coordinates": [[[411060.0, 5658165.0], [411059.0, 5658163.0], [411055.0, 5658162.0], [411053.0, 5658159.0], [411051.0, 5658159.0], [411051.0, 5658161.0], [411052.0, 5658161.0], [411054.0, 5658164.0], [411056.0, 5658164.0], [411057.0, 5658166.0], [411060.0, 5658166.0], [411062.0, 5658169.0], [411065.0, 5658169.0], [411067.0, 5658170.0], [411067.0, 5658172.0], [411072.0, 5658172.0], [411072.0, 5658171.8], [411061.2, 5658165.51], [411061.51, 5658165.0], [411060.0, 5658165.0]]]}}, {"type": "Feature", "properties": {"id": "DESNATP1gB00018C", "z": 126.21}, "geometry": {"type": "Polygon", "coordinates": [[[411086.0, 5658183.0], [411084.0, 5658187.0], [411082.0, 5658187.0], [411082.0, 5658191.0], [411081.0, 5658193.0], [411079.0, 5658193.0], [411078.0, 5658191.0], [411076.0, 5658191.0], [411075.0, 5658189.0], [411072.0, 5658189.0], [411070.0, 5658188.0], [411070.0, 5658185.0], [411068.0, 5658184.0], [411063.0, 5658184.0], [411062.0, 5658183.0], [411061.55, 5658184.36], [411080.77, 5658195.8], [411088.01, 5658183.0], [411086.0, 5658183.0]]]}}, {"type": "Feature", "properties": {"id": "DESNATP1gB00018C", "z": 125.9}, "geometry": {"type": "Polygon", "coordinates": [[[411095.0, 5658168.0], [411093.0, 5658169.0], [411093.0, 5658172.0], [411092.0, 5658173.0], [411091.0, 5658173.0], [411091.0, 5658175.0], [411092.29, 5658175.43], [411097.97, 5658165.38], [411095.0, 5658163.8], [411095.0, 5658168.0]]]}}, {"type": "Feature", "properties": {"id": "DESNATP1gB00018C", "z": 124.68}, "geometry": {"type": "Polygon", "coordinates": [[[411044.0, 5658171.0], [411043.0, 5658169.0], [411039.0, 5658168.0], [411039.0, 5658166.0], [411035.0, 5658166.0], [411034.0, 5658166.0], [411034.0, 5658167.97], [411044.0, 5658173.92], [411044.0, 5658171.0]]]}}, {"type": "Feature", "properties": {"id": "DESNATP1gB00018C", "z": 123.79}, "geometry": {"type": "Polygon", "coordinates": [[[411056.0, 5658178.0], [411054.0, 5658176.0], [411052.0, 5658176.0], [411051.0, 5658174.0], [411047.0, 5658174.0], [411046.52, 5658175.43], [411056.0, 5658181.06], [411056.0, 5658178.0]]]}}, {"type": "Feature", "properties": {"id": "DESNATP1gB00018C", "z": 116.57}, "geometry": {"type": "Polygon", "coordinates": [[[411051.0, 5658159.0], [411053.0, 5658159.0], [411055.0, 5658162.0], [411059.0, 5658163.0], [411060.0, 5658165.0], [411061.51, 5658165.0], [411064.37, 5658160.35], [411054.71, 5658151.88], [411051.0, 5658157.2], [411051.0, 5658159.0]]]}}, {"type": "Feature", "properties": {"id": "DESNATP1gB0001JO", "z": 124.39}, "geometry": {"type": "Polygon", "coordinates": [[[410067.07, 5659601.43], [410072.14, 5659602.14], [410086.65, 5659604.18], [410088.24, 5659595.29], [410073.59, 5659592.8], [410068.34, 5659591.91], [410067.07, 5659601.43]]]}}, {"type": "Feature", "properties": {"id": "DESNATP1gB0001Ju", "z": 128.54}, "geometry": {"type": "Polygon", "coordinates": [[[410448.0, 5659672.0], [410451.0, 5659672.0], [410451.0, 5659673.0], [410454.97, 5659673.0], [410455.61, 5659669.35], [410456.77, 5659662.75], [410441.01, 5659659.82], [410439.8, 5659666.38], [410438.6, 5659672.93], [410446.76, 5659674.49], [410448.0, 5659672.0]]]}}, {"type": "Feature", "properties": {"id": "DESNATP1gB0001Ju", "z": 125.58}, "geometry": {"type": "Polygon", "coordinates": [[[410451.0, 5659673.0], [410451.0, 5659672.0], [410448.0, 5659672.0], [410446.76, 5659674.49], [410454.45, 5659675.96], [410454.97, 5659673.0], [410451.0, 5659673.0]]]}}, {"type": "Feature", "properties": {"id": "DESNATP1gB0001KJ", "z": 116.35}, "geometry": {"type": "Polygon", "coordinates": [[[411026.13, 5659930.52], [411026.08, 5659943.69], [411025.92, 5659984.29], [411055.13, 5659984.71], [411055.77, 5659944.01], [411055.98, 5659930.73], [411026.13, 5659930.52]]]}}, {"type": "Feature", "properties": {"id": "DESNATP1gB0001NH", "z": 128.24}, "geometry": {"type": "Polygon", "coordinates": [[[410451.51, 5659052.06], [410452.07, 5659063.52], [410454.96, 5659063.35], [410455.01, 5659064.26], [410458.34, 5659064.08], [410458.29, 5659063.16], [410468.63, 5659062.56], [410468.23, 5659051.09], [410451.51, 5659052.06]]]}}, {"type": "Feature", "properties": {"id": "DESNATP1gB0001OV", "z": 121.45}, "geometry": {"type": "Polygon", "coordinates": [[[410674.0, 5659207.0], [410674.0, 5659206.0], [410670.0, 5659207.0], [410669.0, 5659209.0], [410668.0, 5659209.0], [410669.0, 5659210.0], [410669.0, 5659213.0], [410675.0, 5659223.0], [410675.0, 5659226.0], [410676.0, 5659228.0], [410678.0, 5659229.0], [410678.0, 5659231.0], [410680.0, 5659231.0], [410680.0, 5659231.95], [410686.32, 5659228.95], [410680.38, 5659216.56], [410675.8, 5659207.0], [410674.0, 5659207.0]]]}}, {"type": "Feature", "properties": {"id": "DESNATP1gB0001OV", "z": 118.69}, "geometry": {"type": "Polygon", "coordinates": [[[410680.0, 5659231.0], [410678.0, 5659231.0], [410678.0, 5659229.0], [410676.0, 5659228.0], [410675.0, 5659226.0], [410675.0, 5659223.0], [410669.0, 5659213.0], [410669.0, 5659210.0], [410668.0, 5659209.0], [410667.0, 5659209.0], [410667.0, 5659210.0], [410664.74, 5659210.0], [410669.95, 5659221.49], [410675.63, 5659234.03], [410680.0, 5659231.95], [410680.0, 5659231.0]]]}}, {"type": "Feature", "properties": {"id": "DESNATP1gB0001OV", "z": 116.32}, "geometry": {"type": "Polygon", "coordinates": [[[410667.0, 5659210.0], [410667.0, 5659209.0], [410669.0, 5659209.0], [410670.0, 5659207.0], [410674.0, 5659206.0], [410674.0, 5659207.0], [410675.8, 5659207.0], [410674.04, 5659203.34], [410670.0, 5659205.23], [410670.0, 5659206.0], [410669.0, 5659206.0], [410669.0, 5659207.0], [410667.0, 5659207.0], [410667.0, 5659206.64], [410666.0, 5659207.11], [410666.0, 5659208.0], [410665.0, 5659208.0], [410665.0, 5659207.58], [410663.88, 5659208.1], [410664.74, 5659210.0], [410667.0, 5659210.0]]]}}, {"type": "Feature", "properties": {"id": "DESNATP1gB0001Og", "z": 127.46}, "geometry": {"type": "Polygon", "coordinates": [[[410866.0, 5659291.0], [410867.0, 5659289.0], [410867.0, 5659285.0], [410870.57, 5659284.11], [410870.08, 5659283.99], [410871.51, 5659278.39], [410858.84, 5659275.34], [410854.78, 5659291.48], [410866.02, 5659294.94], [410867.26, 5659291.42], [410866.0, 5659291.0]]]}}, {"type": "Feature", "properties": {"id": "DESNATP1gB0001Og", "z": 124.68}, "geometry": {"type": "Polygon", "coordinates": [[[410867.0, 5659285.0], [410867.0, 5659289.0], [410866.0, 5659291.0], [410867.26, 5659291.42], [410867.57, 5659290.56], [410870.59, 5659291.29], [410871.9, 5659284.42], [410870.57, 5659284.11], [410867.0, 5659285.0]]]}}, {"type": "Feature", "properties": {"id": "DESNATP1gB0001Oo", "z": 126.91}, "geometry": {"type": "Polygon", "coordinates": [[[410838.28, 5659127.39], [410837.45, 5659129.7], [410843.56, 5659151.7], [410856.22, 5659148.33], [410853.09, 5659137.09], [410867.64, 5659133.04], [410867.04, 5659130.89], [410863.91, 5659120.25], [410838.28, 5659127.39]]]}}, {"type": "Feature", "properties": {"id": "DESNATP1gB0001PD", "z": 127.56}, "geometry": {"type": "Polygon", "coordinates": [[[410673.61, 5659100.83], [410661.37, 5659079.5], [410659.86, 5659080.41], [410650.9, 5659085.83], [410663.15, 5659106.96], [410672.89, 5659101.32], [410673.61, 5659100.83]]]}}, {"type": "Feature", "properties": {"id": "DESNATP1gB0001UT", "z": 121.33}, "geometry": {"type": "Polygon", "coordinates": [[[410764.29, 5658932.45], [410762.44, 5658934.38], [410755.72, 5658941.34], [410774.69, 5658959.6], [410780.7, 5658953.39], [410781.84, 5658952.22], [410764.29, 5658932.45]]]}}, {"type": "Feature", "properties": {"id": "DESNATP1gB0001We", "z": 121.22}, "geometry": {"type": "Polygon", "coordinates": [[[411731.53, 5658661.3], [411731.6, 5658668.01], [411731.66, 5658674.26], [411760.77, 5658674.26], [411760.58, 5658667.94], [411760.37, 5658661.17], [411731.53, 5658661.3]]]}}, {"type": "Feature", "properties": {"id": "DESNATP1gB0001Wi", "z": 124.28}, "geometry": {"type": "Polygon", "coordinates": [[[411775.0, 5658698.0], [411775.0, 5658688.0], [411778.0, 5658687.0], [411778.0, 5658684.97], [411741.45, 5658684.58], [411741.69, 5658698.0], [411775.0, 5658698.0]]]}}, {"type": "Feature", "properties": {"id": "DESNATP1gB0001Wi", "z": 121.23}, "geometry": {"type": "Polygon", "coordinates": [[[411778.0, 5658687.0], [411775.0, 5658688.0], [411775.0, 5658698.0], [411791.65, 5658698.0], [411791.19, 5658685.11], [411778.0, 5658684.97], [411778.0, 5658687.0]]]}}, {"type": "Feature", "properties": {"id": "DESNATP1gB0001Wi", "z": 114.11}, "geometry": {"type": "Polygon", "coordinates": [[[411755.0, 5658698.0], [411755.0, 5658699.83], [411791.72, 5658699.93], [411791.65, 5658698.0], [411755.0, 5658698.0]]]}}, {"type": "Feature", "properties": {"id": "DESNATP1gB0001Wi", "z": 112.02}, "geometry": {"type": "Polygon", "coordinates": [[[411755.0, 5658698.0], [411741.69, 5658698.0], [411741.72, 5658699.8], [411755.0, 5658699.83], [411755.0, 5658698.0]]]}}, {"type": "Feature", "properties": {"id": "DESNATP1gB0001Wm", "z": 121.24}, "geometry": {"type": "Polygon", "coordinates": [[[411791.19, 5658664.0], [411791.19, 5658661.83], [411770.82, 5658661.96], [411770.95, 5658674.66], [411787.0, 5658674.98], [411787.0, 5658663.0], [411791.0, 5658663.0], [411791.0, 5658664.0], [411791.19, 5658664.0]]]}}, {"type": "Feature", "properties": {"id": "DESNATP1gB0001ZG", "z": 118.09}, "geometry": {"type": "Polygon", "coordinates": [[[411042.77, 5658209.01], [410977.36, 5658172.34], [410974.98, 5658177.1], [411040.23, 5658213.93], [411042.77, 5658209.01]]]}}, {"type": "Feature", "properties": {"id": "DESNATP1gB0001b7", "z": 130.11}, "geometry": {"type": "Polygon", "coordinates": [[[411741.0, 5658440.98], [411728.59, 5658441.03], [411728.69, 5658444.05], [411729.21, 5658444.04], [411729.39, 5658452.12], [411728.9, 5658452.14], [411728.98, 5658454.96], [411729.14, 5658454.96], [411741.0, 5658454.78], [411741.0, 5658440.98]]]}}, {"type": "Feature", "properties": {"id": "DESNATP1gB0001b7", "z": 127.6}, "geometry": {"type": "Polygon", "coordinates": [[[411741.0, 5658454.78], [411743.98, 5658454.73], [411743.7, 5658440.97], [411741.0, 5658440.98], [411741.0, 5658454.78]]]}}, {"type": "Feature", "properties": {"id": "DESNATP1gB0001bF", "z": 129.16}, "geometry": {"type": "Polygon", "coordinates": [[[411730.38, 5658427.62], [411743.3, 5658427.41], [411742.98, 5658414.92], [411730.07, 5658415.11], [411730.38, 5658427.62]]]}}, {"type": "Feature", "properties": {"id": "DESNATPU1000B0ey", "z": 126.44}, "geometry": {"type": "Polygon", "coordinates": [[[410890.0, 5658290.0], [410889.0, 5658292.0], [410887.0, 5658293.0], [410886.0, 5658297.0], [410884.0, 5658298.0], [410884.0, 5658300.0], [410881.0, 5658304.0], [410881.0, 5658306.84], [410886.45, 5658309.87], [410889.23, 5658304.88], [410891.35, 5658301.07], [410896.38, 5658303.85], [410897.18, 5658297.88], [410896.52, 5658293.8], [410895.44, 5658293.22], [410895.98, 5658292.2], [410890.0, 5658289.0], [410890.0, 5658290.0]]]}}, {"type": "Feature", "properties": {"id": "DESNATPU1000B0ey", "z": 111.98}, "geometry": {"type": "Polygon", "coordinates": [[[410881.0, 5658304.0], [410884.0, 5658300.0], [410884.0, 5658298.0], [410886.0, 5658297.0], [410887.0, 5658293.0], [410889.0, 5658292.0], [410890.0, 5658290.0], [410890.0, 5658289.0], [410887.04, 5658287.41], [410877.63, 5658304.97], [410881.0, 5658306.84], [410881.0, 5658304.0]]]}}, {"type": "Feature", "properties": {"id": "DESNATPU1000BjH1", "z": 126.51}, "geometry": {"type": "Polygon", "coordinates": [[[410930.22, 5658280.7], [410926.53, 5658287.32], [410923.56, 5658292.64], [410925.83, 5658293.91], [410933.28, 5658298.08], [410936.51, 5658292.27], [410939.92, 5658286.14], [410936.09, 5658284.0], [410930.22, 5658280.7]]]}}, {"type": "Feature", "properties": {"id": "DESNATPU1000CcvZ", "z": 126.5}, "geometry": {"type": "Polygon", "coordinates": [[[410933.84, 5658340.89], [410930.78, 5658346.35], [410927.73, 5658351.81], [410940.62, 5658359.01], [410943.69, 5658353.63], [410946.76, 5658348.26], [410933.84, 5658340.89]]]}}, {"type": "Feature", "properties": {"id": "DESNATPU1000CtAE", "z": 133.87}, "geometry": {"type": "Polygon", "coordinates": [[[411614.0, 5658938.0], [411609.0, 5658938.0], [411609.0, 5658937.0], [411603.0, 5658937.0], [411603.0, 5658940.0], [411607.0, 5658939.0], [411606.0, 5658942.0], [411603.0, 5658943.0], [411603.0, 5658948.0], [411602.64, 5658948.12], [411602.05, 5658951.09], [411614.32, 5658953.82], [411614.85, 5658950.26], [411616.0, 5658950.4], [411616.0, 5658947.0], [411617.0, 5658947.0], [411617.0, 5658944.0], [411614.0, 5658944.0], [411614.0, 5658941.0], [411616.0, 5658942.0], [411619.0, 5658942.0], [411619.0, 5658938.62], [411614.0, 5658937.85], [411614.0, 5658938.0]]]}}, {"type": "Feature", "properties": {"id": "DESNATPU1000CtAE", "z": 130.72}, "geometry": {"type": "Polygon", "coordinates": [[[411595.0, 5658940.0], [411596.0, 5658940.0], [411596.0, 5658943.0], [411597.0, 5658945.0], [411599.0, 5658945.0], [411599.0, 5658946.23], [411602.76, 5658947.51], [411602.64, 5658948.12], [411603.0, 5658948.0], [411603.0, 5658943.0], [411606.0, 5658942.0], [411607.0, 5658939.0], [411603.0, 5658940.0], [411603.0, 5658937.0], [411609.0, 5658937.0], [411609.0, 5658938.0], [411614.0, 5658938.0], [411614.0, 5658937.85], [411612.54, 5658937.63], [411613.46, 5658936.0], [411611.0, 5658936.0], [411611.0, 5658935.0], [411607.0, 5658935.0], [411607.0, 5658934.0], [411603.0, 5658934.0], [411603.0, 5658933.0], [411601.0, 5658933.0], [411600.67, 5658933.37], [411599.69, 5658934.3], [411598.88, 5658934.97], [411598.02, 5658935.57], [411597.12, 5658936.11], [411596.19, 5658936.59], [411595.0, 5658937.09], [411595.0, 5658937.27], [411595.17, 5658937.75], [411595.0, 5658937.79], [411595.0, 5658940.0]]]}}, {"type": "Feature", "properties": {"id": "DESNATPU1000CtAE", "z": 130.7}, "geometry": {"type": "Polygon", "coordinates": [[[411619.0, 5658942.0], [411616.0, 5658942.0], [411614.0, 5658941.0], [411614.0, 5658944.0], [411617.0, 5658944.0], [411617.0, 5658947.0], [411616.0, 5658947.0], [411616.0, 5658950.4], [411623.81, 5658951.28], [411624.0, 5658951.29], [411624.0, 5658948.0], [411625.0, 5658947.0], [411643.94, 5658947.0], [411641.92, 5658938.38], [411636.33, 5658939.07], [411630.71, 5658939.37], [411621.57, 5658939.01], [411619.0, 5658938.62], [411619.0, 5658942.0]]]}}, {"type": "Feature", "properties": {"id": "DESNATPU1000CtAE", "z": 127.29}, "geometry": {"type": "Polygon", "coordinates": [[[411603.0, 5658933.0], [411603.0, 5658934.0], [411607.0, 5658934.0], [411607.0, 5658935.0], [411611.0, 5658935.0], [411611.0, 5658936.0], [411613.46, 5658936.0], [411613.89, 5658935.25], [411615.0, 5658932.74], [411615.86, 5658930.14], [411616.46, 5658927.47], [411616.81, 5658924.77], [411616.89, 5658922.81], [411616.78, 5658920.08], [411616.7, 5658919.32], [411616.41, 5658917.38], [411615.98, 5658915.46], [411615.16, 5658912.86], [411603.82, 5658917.53], [411603.97, 5658917.94], [411604.29, 5658918.94], [411604.53, 5658919.96], [411604.71, 5658921.0], [411604.83, 5658922.48], [411604.81, 5658923.96], [411604.7, 5658925.01], [411604.52, 5658926.04], [411604.15, 5658927.48], [411604.06, 5658927.77], [411603.69, 5658928.75], [411603.25, 5658929.71], [411602.75, 5658930.63], [411602.18, 5658931.51], [411601.56, 5658932.36], [411601.0, 5658933.0], [411603.0, 5658933.0]]]}}, {"type": "Feature", "properties": {"id": "DESNATPU1000CtAE", "z": 124.0}, "geometry": {"type": "Polygon", "coordinates": [[[411638.0, 5658948.0], [411639.0, 5658947.0], [411625.0, 5658947.0], [411624.0, 5658948.0], [411624.0, 5658951.29], [411632.82, 5658951.38], [411638.0, 5658951.0], [411638.0, 5658948.0]]]}}, {"type": "Feature", "properties": {"id": "DESNATPU1000CtAE", "z": 120.66}, "geometry": {"type": "Polygon", "coordinates": [[[411639.0, 5658947.0], [411638.0, 5658948.0], [411638.0, 5658951.0], [411638.76, 5658950.94], [411644.66, 5658950.1], [411643.94, 5658947.0], [411639.0, 5658947.0]]]}}, {"type": "Feature", "properties": {"id": "DESNATPU1000CtAE", "z": 116.99}, "geometry": {"type": "Polygon", "coordinates": [[[411599.0, 5658945.0], [411597.0, 5658945.0], [411596.0, 5658943.0], [411596.0, 5658940.0], [411595.0, 5658940.0], [411595.0, 5658937.79], [411593.54, 5658938.13], [411591.89, 5658938.35], [411590.22, 5658938.43], [411588.54, 5658938.34], [411585.01, 5658938.07], [411584.15, 5658949.36], [411585.16, 5658949.99], [411586.0, 5658950.43], [411587.11, 5658950.9], [411588.25, 5658951.26], [411589.17, 5658951.48], [411590.35, 5658951.67], [411591.49, 5658951.74], [411592.44, 5658951.73], [411593.57, 5658951.63], [411594.7, 5658951.44], [411595.61, 5658951.21], [411596.69, 5658950.84], [411598.12, 5658945.94], [411599.0, 5658946.23], [411599.0, 5658945.0]]]}}, {"type": "Feature", "properties": {"id": "DESNATPU1000DUF4", "z": 135.26}, "geometry": {"type": "Polygon", "coordinates": [[[411578.0, 5658911.0], [411580.0, 5658909.0], [411585.0, 5658907.0], [411585.0, 5658903.0], [411581.0, 5658900.0], [411581.0, 5658898.0], [411578.0, 5658896.0], [411578.0, 5658894.0], [411575.0, 5658893.0], [411574.0, 5658896.0], [411571.0, 5658898.0], [411570.0, 5658901.0], [411568.04, 5658901.0], [411568.44, 5658901.63], [411565.71, 5658903.91], [411574.05, 5658913.87], [411576.53, 5658911.43], [411578.0, 5658912.78], [411578.0, 5658911.0]]]}}, {"type": "Feature", "properties": {"id": "DESNATPU1000DUF4", "z": 133.96}, "geometry": {"type": "Polygon", "coordinates": [[[411562.0, 5658887.0], [411563.0, 5658885.0], [411567.0, 5658884.0], [411567.0, 5658881.0], [411566.0, 5658881.0], [411563.0, 5658876.0], [411560.0, 5658876.0], [411560.0, 5658875.0], [411554.0, 5658877.0], [411553.0, 5658880.0], [411556.0, 5658884.0], [411556.0, 5658885.04], [411557.87, 5658884.17], [411559.39, 5658884.9], [411560.14, 5658887.0], [411562.0, 5658887.0]]]}}, {"type": "Feature", "properties": {"id": "DESNATPU1000DUF4", "z": 130.78}, "geometry": {"type": "Polygon", "coordinates": [[[411570.0, 5658901.0], [411571.0, 5658898.0], [411574.0, 5658896.0], [411575.0, 5658893.0], [411578.0, 5658894.0], [411578.0, 5658896.0], [411581.0, 5658898.0], [411581.0, 5658900.0], [411585.0, 5658903.0], [411585.0, 5658907.0], [411580.0, 5658909.0], [411578.0, 5658911.0], [411578.0, 5658912.78], [411578.28, 5658913.04], [411579.09, 5658912.18], [411579.45, 5658911.85], [411579.96, 5658911.38], [411580.9, 5658910.65], [411581.89, 5658910.0], [411583.2, 5658909.3], [411584.16, 5658908.89], [411585.58, 5658908.42], [411587.03, 5658908.09], [411588.07, 5658907.95], [411589.55, 5658907.87], [411590.69, 5658907.88], [411591.73, 5658907.96], [411592.0, 5658908.0], [411592.0, 5658906.0], [411587.0, 5658903.0], [411582.0, 5658897.0], [411581.0, 5658897.0], [411581.0, 5658895.0], [411579.0, 5658894.0], [411579.0, 5658892.0], [411577.0, 5658891.0], [411576.0, 5658887.0], [411574.0, 5658886.0], [411574.0, 5658883.0], [411572.0, 5658881.0], [411572.0, 5658877.0], [411571.0, 5658877.0], [411571.0, 5658873.04], [411569.99, 5658872.2], [411569.84, 5658871.22], [411569.01, 5658865.73], [411568.83, 5658865.81], [411568.45, 5658865.99], [411568.1, 5658866.15], [411558.77, 5658870.46], [411558.39, 5658870.64], [411558.01, 5658870.82], [411553.43, 5658873.0], [411546.9, 5658875.99], [411540.62, 5658878.87], [411545.76, 5658889.8], [411555.86, 5658885.1], [411556.0, 5658885.04], [411556.0, 5658884.0], [411553.0, 5658880.0], [411554.0, 5658877.0], [411560.0, 5658875.0], [411560.0, 5658876.0], [411563.0, 5658876.0], [411566.0, 5658881.0], [411567.0, 5658881.0], [411567.0, 5658884.0], [411563.0, 5658885.0], [411562.0, 5658887.0], [411560.14, 5658887.0], [411561.46, 5658890.68], [411561.66, 5658891.0], [411568.04, 5658901.0], [411570.0, 5658901.0]]]}}, {"type": "Feature", "properties": {"id": "DESNATPU1000DUF4", "z": 127.32}, "geometry": {"type": "Polygon", "coordinates": [[[411593.0, 5658896.0], [411593.0, 5658895.0], [411587.0, 5658895.0], [411587.0, 5658896.0], [411581.0, 5658896.0], [411581.0, 5658897.0], [411582.0, 5658897.0], [411587.0, 5658903.0], [411592.0, 5658906.0], [411592.0, 5658908.0], [411592.85, 5658908.13], [411593.96, 5658908.39], [411594.96, 5658908.7], [411596.01, 5658909.11], [411598.9, 5658902.81], [411601.04, 5658898.16], [411598.46, 5658896.0], [411593.0, 5658896.0]]]}}, {"type": "Feature", "properties": {"id": "DESNATPU1000DUF4", "z": 117.0}, "geometry": {"type": "Polygon", "coordinates": [[[411571.0, 5658877.0], [411572.0, 5658877.0], [411572.0, 5658881.0], [411574.0, 5658883.0], [411574.0, 5658886.0], [411576.0, 5658887.0], [411577.0, 5658891.0], [411579.0, 5658892.0], [411579.0, 5658894.0], [411581.0, 5658895.0], [411581.0, 5658896.0], [411587.0, 5658896.0], [411587.0, 5658895.0], [411593.0, 5658895.0], [411593.0, 5658896.0], [411598.46, 5658896.0], [411571.0, 5658873.04], [411571.0, 5658877.0]]]}}, {"type": "Feature", "properties": {"id": "DESNATPU1000DYoJ", "z": 135.49}, "geometry": {"type": "Polygon", "coordinates": [[[412063.0, 5658812.0], [412062.0, 5658809.0], [412060.0, 5658807.0], [412056.0, 5658807.0], [412053.0, 5658811.0], [412051.0, 5658811.0], [412050.0, 5658813.0], [412048.0, 5658813.0], [412045.0, 5658817.0], [412043.0, 5658817.0], [412040.0, 5658821.0], [412036.0, 5658822.0], [412033.0, 5658826.0], [412029.0, 5658827.0], [412027.0, 5658830.0], [412025.0, 5658830.0], [412024.0, 5658832.0], [412021.0, 5658832.0], [412020.0, 5658834.0], [412018.0, 5658834.0], [412017.0, 5658836.0], [412015.0, 5658836.0], [412014.0, 5658838.0], [412012.0, 5658838.0], [412011.0, 5658841.0], [412010.0, 5658841.0], [412010.0, 5658842.0], [412011.0, 5658842.0], [412011.0, 5658843.0], [412012.0, 5658843.0], [412012.0, 5658845.0], [412013.0, 5658845.0], [412013.0, 5658847.0], [412014.0, 5658847.0], [412014.0, 5658848.0], [412014.0, 5658848.19], [412014.23, 5658848.05], [412015.34, 5658849.83], [412019.42, 5658847.31], [412018.31, 5658845.51], [412023.47, 5658842.35], [412028.45, 5658839.03], [412029.63, 5658840.78], [412033.31, 5658838.31], [412033.62, 5658838.8], [412038.74, 5658835.38], [412044.02, 5658831.5], [412043.67, 5658831.03], [412047.28, 5658828.45], [412046.05, 5658826.73], [412050.82, 5658823.21], [412055.59, 5658819.45], [412056.9, 5658821.09], [412060.64, 5658818.13], [412059.33, 5658816.47], [412064.04, 5658812.75], [412064.92, 5658812.0], [412063.0, 5658812.0]]]}}, {"type": "Feature", "properties": {"id": "DESNATPU1000DYoJ", "z": 135.43}, "geometry": {"type": "Polygon", "coordinates": [[[412073.0, 5658809.0], [412073.0, 5658815.0], [412074.0, 5658815.0], [412074.0, 5658823.0], [412075.0, 5658823.0], [412075.0, 5658833.0], [412076.0, 5658833.0], [412076.0, 5658842.0], [412077.0, 5658842.0], [412077.0, 5658852.0], [412078.0, 5658852.0], [412078.0, 5658861.0], [412079.0, 5658861.0], [412079.0, 5658873.0], [412083.0, 5658873.0], [412083.0, 5658872.0], [412088.0, 5658872.0], [412088.0, 5658867.0], [412089.47, 5658866.51], [412087.41, 5658846.0], [412085.0, 5658846.0], [412085.0, 5658837.0], [412084.0, 5658837.0], [412084.0, 5658827.0], [412083.0, 5658827.0], [412083.0, 5658817.0], [412084.44, 5658816.52], [412083.32, 5658805.47], [412082.08, 5658793.0], [412080.0, 5658793.0], [412079.0, 5658791.0], [412074.0, 5658791.0], [412074.0, 5658792.0], [412072.0, 5658792.0], [412071.0, 5658793.0], [412071.0, 5658797.0], [412072.0, 5658797.0], [412072.0, 5658804.0], [412071.99, 5658804.01], [412072.21, 5658806.5], [412072.43, 5658809.0], [412073.0, 5658809.0]]]}}, {"type": "Feature", "properties": {"id": "DESNATPU1000DYoJ", "z": 133.93}, "geometry": {"type": "Polygon", "coordinates": [[[412084.0, 5658833.0], [412084.0, 5658837.0], [412085.0, 5658837.0], [412085.0, 5658846.0], [412087.41, 5658846.0], [412086.1, 5658833.0], [412084.0, 5658833.0]]]}}, {"type": "Feature", "properties": {"id": "DESNATPU1000DYoJ", "z": 132.94}, "geometry": {"type": "Polygon", "coordinates": [[[411996.0, 5658860.0], [411999.0, 5658864.0], [411999.0, 5658866.0], [412001.0, 5658867.0], [412006.0, 5658879.0], [412009.0, 5658881.0], [412009.0, 5658882.39], [412073.0, 5658875.88], [412073.0, 5658874.0], [412075.0, 5658873.0], [412079.0, 5658873.0], [412079.0, 5658861.0], [412078.0, 5658861.0], [412078.0, 5658852.0], [412077.0, 5658852.0], [412077.0, 5658842.0], [412076.0, 5658842.0], [412076.0, 5658833.0], [412075.0, 5658833.0], [412075.0, 5658823.0], [412074.0, 5658823.0], [412074.0, 5658815.0], [412073.0, 5658815.0], [412073.0, 5658809.0], [412072.43, 5658809.0], [412072.53, 5658810.03], [412070.57, 5658810.27], [412071.0, 5658814.0], [412072.0, 5658814.0], [412072.0, 5658817.0], [412073.0, 5658817.0], [412073.0, 5658826.0], [412074.0, 5658826.0], [412074.0, 5658837.0], [412075.0, 5658837.0], [412075.0, 5658845.0], [412076.0, 5658845.0], [412076.0, 5658853.0], [412077.0, 5658853.0], [412077.0, 5658863.0], [412067.0, 5658863.0], [412067.0, 5658864.0], [412058.0, 5658864.0], [412058.0, 5658865.0], [412051.0, 5658865.0], [412051.0, 5658866.0], [412042.0, 5658866.0], [412042.0, 5658867.0], [412030.0, 5658867.0], [412030.0, 5658868.0], [412017.0, 5658868.0], [412016.52, 5658866.56], [412012.63, 5658866.94], [412011.32, 5658864.45], [412012.51, 5658863.8], [412008.5, 5658856.37], [412007.33, 5658856.98], [412005.36, 5658853.28], [412005.58, 5658853.16], [412005.0, 5658852.0], [412005.0, 5658853.0], [412004.0, 5658853.0], [412004.0, 5658854.0], [412002.0, 5658854.0], [412002.0, 5658855.0], [412001.0, 5658855.0], [412001.0, 5658856.0], [412002.0, 5658856.0], [412002.0, 5658859.0], [412000.0, 5658859.0], [412000.0, 5658857.0], [411999.0, 5658857.0], [411999.0, 5658856.0], [411998.0, 5658856.0], [411998.0, 5658857.0], [411997.0, 5658857.0], [411997.0, 5658858.0], [411996.0, 5658858.0], [411996.0, 5658860.0]]]}}, {"type": "Feature", "properties": {"id": "DESNATPU1000DYoJ", "z": 132.79}, "geometry": {"type": "Polygon", "coordinates": [[[412067.0, 5658794.0], [412061.0, 5658798.0], [412061.0, 5658800.0], [412056.0, 5658803.0], [412055.0, 5658805.0], [412053.0, 5658806.0], [412051.0, 5658806.0], [412049.0, 5658809.0], [412047.0, 5658810.0], [412044.0, 5658810.0], [412036.0, 5658819.0], [412033.0, 5658819.0], [412031.0, 5658820.0], [412030.0, 5658822.0], [412028.0, 5658822.0], [412027.0, 5658825.0], [412024.0, 5658826.0], [412022.0, 5658829.0], [412018.0, 5658829.0], [412016.0, 5658830.0], [412012.0, 5658835.0], [412010.0, 5658835.0], [412009.0, 5658838.0], [412008.0, 5658838.0], [412008.0, 5658839.0], [412009.0, 5658839.0], [412009.0, 5658840.0], [412010.0, 5658840.0], [412010.0, 5658841.0], [412011.0, 5658841.0], [412012.0, 5658838.0], [412014.0, 5658838.0], [412015.0, 5658836.0], [412017.0, 5658836.0], [412018.0, 5658834.0], [412020.0, 5658834.0], [412021.0, 5658832.0], [412024.0, 5658832.0], [412025.0, 5658830.0], [412027.0, 5658830.0], [412029.0, 5658827.0], [412033.0, 5658826.0], [412036.0, 5658822.0], [412040.0, 5658821.0], [412043.0, 5658817.0], [412045.0, 5658817.0], [412048.0, 5658813.0], [412050.0, 5658813.0], [412051.0, 5658811.0], [412053.0, 5658811.0], [412056.0, 5658807.0], [412060.0, 5658807.0], [412062.0, 5658809.0], [412063.0, 5658812.0], [412064.92, 5658812.0], [412067.4, 5658809.85], [412067.1, 5658806.87], [412071.87, 5658802.77], [412071.99, 5658804.01], [412072.0, 5658804.0], [412072.0, 5658797.0], [412071.0, 5658797.0], [412071.0, 5658793.0], [412072.0, 5658792.0], [412070.0, 5658792.0], [412070.0, 5658790.76], [412067.0, 5658793.54], [412067.0, 5658794.0]]]}}, {"type": "Feature", "properties": {"id": "DESNATPU1000DYoJ", "z": 132.34}, "geometry": {"type": "Polygon", "coordinates": [[[412083.0, 5658817.0], [412083.0, 5658827.0], [412084.0, 5658827.0], [412084.0, 5658833.0], [412086.1, 5658833.0], [412084.44, 5658816.52], [412083.0, 5658817.0]]]}}, {"type": "Feature", "properties": {"id": "DESNATPU1000DYoJ", "z": 130.79}, "geometry": {"type": "Polygon", "coordinates": [[[412088.0, 5658867.0], [412088.0, 5658872.0], [412083.0, 5658872.0], [412083.0, 5658873.0], [412075.0, 5658873.0], [412073.0, 5658874.0], [412073.0, 5658875.88], [412090.24, 5658874.13], [412089.47, 5658866.51], [412088.0, 5658867.0]]]}}, {"type": "Feature", "properties": {"id": "DESNATPU1000DYoJ", "z": 130.58}, "geometry": {"type": "Polygon", "coordinates": [[[412070.0, 5658818.0], [412071.0, 5658818.0], [412071.0, 5658821.0], [412070.0, 5658821.0], [412070.0, 5658824.0], [412071.0, 5658824.0], [412071.0, 5658833.0], [412073.0, 5658834.0], [412072.0, 5658836.0], [412072.0, 5658840.0], [412073.0, 5658840.0], [412073.0, 5658854.0], [412075.0, 5658855.0], [412075.0, 5658862.0], [412073.0, 5658862.0], [412073.0, 5658860.0], [412072.04, 5658859.52], [412072.19, 5658860.99], [412016.52, 5658866.56], [412017.0, 5658868.0], [412030.0, 5658868.0], [412030.0, 5658867.0], [412042.0, 5658867.0], [412042.0, 5658866.0], [412051.0, 5658866.0], [412051.0, 5658865.0], [412058.0, 5658865.0], [412058.0, 5658864.0], [412067.0, 5658864.0], [412067.0, 5658863.0], [412077.0, 5658863.0], [412077.0, 5658853.0], [412076.0, 5658853.0], [412076.0, 5658845.0], [412075.0, 5658845.0], [412075.0, 5658837.0], [412074.0, 5658837.0], [412074.0, 5658826.0], [412073.0, 5658826.0], [412073.0, 5658817.0], [412072.0, 5658817.0], [412072.0, 5658814.0], [412071.0, 5658814.0], [412071.16, 5658815.37], [412070.0, 5658815.49], [412070.0, 5658818.0]]]}}, {"type": "Feature", "properties": {"id": "DESNATPU1000DYoJ", "z": 130.06}, "geometry": {"type": "Polygon", "coordinates": [[[412070.0, 5658792.0], [412074.0, 5658792.0], [412074.0, 5658791.0], [412079.0, 5658791.0], [412080.0, 5658793.0], [412082.08, 5658793.0], [412080.85, 5658780.71], [412070.0, 5658790.76], [412070.0, 5658792.0]]]}}, {"type": "Feature", "properties": {"id": "DESNATPU1000DYoJ", "z": 129.71}, "geometry": {"type": "Polygon", "coordinates": [[[412053.0, 5658806.0], [412055.0, 5658805.0], [412056.0, 5658803.0], [412061.0, 5658800.0], [412061.0, 5658799.0], [412058.0, 5658799.0], [412058.0, 5658798.0], [412053.0, 5658798.0], [412052.0, 5658799.0], [412052.0, 5658803.0], [412051.0, 5658803.0], [412052.0, 5658806.0], [412053.0, 5658806.0]]]}}, {"type": "Feature", "properties": {"id": "DESNATPU1000DYoJ", "z": 128.16}, "geometry": {"type": "Polygon", "coordinates": [[[411993.67, 5658858.44], [411997.45, 5658865.48], [411998.85, 5658868.08], [412006.63, 5658882.63], [412009.0, 5658882.39], [412009.0, 5658881.0], [412006.0, 5658879.0], [412001.0, 5658867.0], [411999.0, 5658866.0], [411999.0, 5658864.0], [411996.0, 5658860.0], [411996.0, 5658858.0], [411995.0, 5658858.0], [411995.0, 5658859.0], [411994.0, 5658859.0], [411994.0, 5658858.33], [411993.67, 5658858.44]]]}}, {"type": "Feature", "properties": {"id": "DESNATPU1000DYoJ", "z": 119.18}, "geometry": {"type": "Polygon", "coordinates": [[[412049.0, 5658803.0], [412044.0, 5658806.0], [412041.0, 5658810.0], [412039.0, 5658810.0], [412036.0, 5658814.0], [412032.0, 5658815.0], [412030.0, 5658818.0], [412028.0, 5658818.0], [412027.0, 5658820.0], [412024.2, 5658820.0], [412024.94, 5658821.1], [412020.77, 5658823.88], [412020.94, 5658824.13], [412019.52, 5658825.09], [412014.53, 5658828.43], [412007.82, 5658832.5], [412005.38, 5658834.0], [412006.0, 5658834.0], [412006.0, 5658835.0], [412007.0, 5658835.0], [412007.0, 5658837.0], [412008.0, 5658837.0], [412008.0, 5658838.0], [412009.0, 5658838.0], [412010.0, 5658835.0], [412012.0, 5658835.0], [412016.0, 5658830.0], [412018.0, 5658829.0], [412022.0, 5658829.0], [412024.0, 5658826.0], [412027.0, 5658825.0], [412028.0, 5658822.0], [412030.0, 5658822.0], [412031.0, 5658820.0], [412033.0, 5658819.0], [412036.0, 5658819.0], [412044.0, 5658810.0], [412047.0, 5658810.0], [412049.0, 5658809.0], [412051.0, 5658806.0], [412052.0, 5658806.0], [412051.0, 5658803.0], [412052.0, 5658803.0], [412052.0, 5658799.0], [412053.0, 5658798.0], [412058.0, 5658798.0], [412058.0, 5658799.0], [412061.0, 5658799.0], [412061.0, 5658798.0], [412067.0, 5658794.0], [412067.0, 5658793.54], [412065.85, 5658794.6], [412065.39, 5658790.0], [412063.0, 5658790.0], [412057.0, 5658797.0], [412054.0, 5658797.0], [412054.0, 5658795.41], [412051.76, 5658797.29], [412049.0, 5658799.49], [412049.0, 5658803.0]]]}}, {"type": "Feature", "properties": {"id": "DESNATPU1000DYoJ", "z": 116.65}, "geometry": {"type": "Polygon", "coordinates": [[[412073.0, 5658860.0], [412073.0, 5658862.0], [412075.0, 5658862.0], [412075.0, 5658855.0], [412073.0, 5658854.0], [412073.0, 5658840.0], [412072.0, 5658840.0], [412072.0, 5658836.0], [412073.0, 5658834.0], [412071.0, 5658833.0], [412071.0, 5658824.0], [412070.0, 5658824.0], [412070.0, 5658821.0], [412071.0, 5658821.0], [412071.0, 5658818.0], [412070.0, 5658818.0], [412070.0, 5658815.49], [412067.59, 5658815.73], [412072.04, 5658859.52], [412073.0, 5658860.0]]]}}, {"type": "Feature", "properties": {"id": "DESNATPU1000DYoJ", "z": 116.47}, "geometry": {"type": "Polygon", "coordinates": [[[412027.0, 5658820.0], [412028.0, 5658818.0], [412030.0, 5658818.0], [412032.0, 5658815.0], [412036.0, 5658814.0], [412039.0, 5658810.0], [412041.0, 5658810.0], [412044.0, 5658806.0], [412049.0, 5658803.0], [412049.0, 5658799.49], [412041.62, 5658805.37], [412032.44, 5658812.25], [412025.61, 5658817.21], [412023.35, 5658818.72], [412024.2, 5658820.0], [412027.0, 5658820.0]]]}}, {"type": "Feature", "properties": {"id": "DESNATPU1000DYoJ", "z": 116.46}, "geometry": {"type": "Polygon", "coordinates": [[[412054.0, 5658797.0], [412057.0, 5658797.0], [412063.0, 5658790.0], [412065.39, 5658790.0], [412065.0, 5658786.2], [412054.0, 5658795.41], [412054.0, 5658797.0]]]}}, {"type": "Feature", "properties": {"id": "DESNATPU1000DgMR", "z": 121.23}, "geometry": {"type": "Polygon", "coordinates": [[[410480.34, 5659604.22], [410481.12, 5659599.91], [410481.23, 5659599.39], [410434.09, 5659590.74], [410433.19, 5659595.66], [410433.11, 5659596.17], [410432.97, 5659596.94], [410432.81, 5659597.82], [410432.73, 5659598.17], [410431.86, 5659602.94], [410431.83, 5659603.08], [410479.0, 5659611.68], [410479.85, 5659606.93], [410479.93, 5659606.53], [410480.1, 5659605.54], [410480.26, 5659604.64], [410480.34, 5659604.22]]]}}, {"type": "Feature", "properties": {"id": "DESNATPU1000Dytj", "z": 117.24}, "geometry": {"type": "Polygon", "coordinates": [[[411364.92, 5659050.92], [411373.57, 5659049.8], [411371.18, 5659030.39], [411362.5, 5659031.45], [411364.92, 5659050.92]]]}}, {"type": "Feature", "properties": {"id": "DESNATPU1000EEAO", "z": 125.73}, "geometry": {"type": "Polygon", "coordinates": [[[411191.0, 5659659.0], [411191.0, 5659656.0], [411184.0, 5659651.0], [411183.53, 5659649.59], [411172.87, 5659658.12], [411172.7, 5659659.53], [411176.31, 5659664.07], [411175.59, 5659664.64], [411177.14, 5659666.55], [411177.84, 5659665.96], [411181.45, 5659670.47], [411182.86, 5659670.61], [411188.57, 5659666.06], [411189.2, 5659666.82], [411191.35, 5659665.1], [411190.75, 5659664.34], [411193.8, 5659661.89], [411193.96, 5659660.46], [411192.82, 5659659.0], [411191.0, 5659659.0]]]}}, {"type": "Feature", "properties": {"id": "DESNATPU1000EEAO", "z": 123.14}, "geometry": {"type": "Polygon", "coordinates": [[[411184.0, 5659651.0], [411191.0, 5659656.0], [411191.0, 5659659.0], [411192.82, 5659659.0], [411192.74, 5659658.9], [411200.51, 5659652.7], [411194.26, 5659644.86], [411186.46, 5659651.08], [411185.24, 5659649.53], [411183.84, 5659649.34], [411183.53, 5659649.59], [411184.0, 5659651.0]]]}}, {"type": "Feature", "properties": {"id": "DESNATPU1000EM1T", "z": 124.29}, "geometry": {"type": "Polygon", "coordinates": [[[411775.0, 5658688.0], [411778.0, 5658687.0], [411778.0, 5658685.47], [411752.32, 5658685.56], [411752.35, 5658690.69], [411775.0, 5658690.61], [411775.0, 5658688.0]]]}}, {"type": "Feature", "properties": {"id": "DESNATPU1000EM1T", "z": 121.22}, "geometry": {"type": "Polygon", "coordinates": [[[411778.0, 5658687.0], [411775.0, 5658688.0], [411775.0, 5658690.61], [411782.47, 5658690.58], [411782.45, 5658685.45], [411778.0, 5658685.47], [411778.0, 5658687.0]]]}}, {"type": "Feature", "properties": {"id": "DESNATPU1000EcpD", "z": 131.92}, "geometry": {"type": "Polygon", "coordinates": [[[411849.0, 5658267.0], [411849.0, 5658268.0], [411835.6, 5658268.0], [411835.53, 5658275.0], [411850.85, 5658275.0], [411850.94, 5658267.0], [411849.0, 5658267.0]]]}}, {"type": "Feature", "properties": {"id": "DESNATPU1000EcpD", "z": 131.86}, "geometry": {"type": "Polygon", "coordinates": [[[411838.0, 5658250.0], [411839.0, 5658248.0], [411851.15, 5658248.0], [411851.22, 5658241.48], [411835.88, 5658241.36], [411835.79, 5658250.0], [411838.0, 5658250.0]]]}}, {"type": "Feature", "properties": {"id": "DESNATPU1000EcpD", "z": 128.54}, "geometry": {"type": "Polygon", "coordinates": [[[411839.0, 5658248.0], [411838.0, 5658250.0], [411835.79, 5658250.0], [411835.6, 5658268.0], [411849.0, 5658268.0], [411849.0, 5658267.0], [411850.94, 5658267.0], [411851.15, 5658248.0], [411839.0, 5658248.0]]]}}, {"type": "Feature", "properties": {"id": "DESNATPU1000EcpD", "z": 124.1}, "geometry": {"type": "Polygon", "coordinates": [[[411835.53, 5658275.0], [411835.18, 5658307.77], [411850.49, 5658307.93], [411850.85, 5658275.0], [411835.53, 5658275.0]]]}}, {"type": "Feature", "properties": {"id": "DESNATPU1000Eesd", "z": 151.1}, "geometry": {"type": "Polygon", "coordinates": [[[411460.0, 5658701.0], [411462.0, 5658702.0], [411466.0, 5658696.0], [411466.0, 5658694.0], [411463.0, 5658692.0], [411463.0, 5658690.5], [411462.95, 5658690.51], [411462.75, 5658690.58], [411462.6, 5658690.64], [411462.45, 5658690.72], [411462.31, 5658690.81], [411462.14, 5658690.93], [411461.98, 5658691.07], [411461.86, 5658691.19], [411461.75, 5658691.32], [411461.66, 5658691.45], [411461.54, 5658691.64], [411461.07, 5658692.58], [411459.77, 5658691.93], [411460.18, 5658691.11], [411458.37, 5658690.2], [411457.97, 5658691.0], [411458.0, 5658691.0], [411458.0, 5658698.0], [411457.16, 5658699.26], [411457.65, 5658699.5], [411457.17, 5658700.45], [411457.1, 5658700.69], [411457.07, 5658700.85], [411457.05, 5658701.0], [411460.0, 5658701.0]]]}}, {"type": "Feature", "properties": {"id": "DESNATPU1000Eesd", "z": 146.44}, "geometry": {"type": "Polygon", "coordinates": [[[411458.0, 5658698.0], [411458.0, 5658691.0], [411457.97, 5658691.0], [411457.65, 5658691.66], [411456.94, 5658691.3], [411454.34, 5658696.5], [411455.08, 5658696.86], [411454.27, 5658698.47], [411456.08, 5658699.38], [411456.35, 5658698.85], [411457.16, 5658699.26], [411458.0, 5658698.0]]]}}, {"type": "Feature", "properties": {"id": "DESNATPU1000Eesd", "z": 135.74}, "geometry": {"type": "Polygon", "coordinates": [[[411486.0, 5658695.0], [411484.0, 5658695.0], [411484.0, 5658697.0], [411480.0, 5658703.0], [411475.0, 5658703.0], [411475.0, 5658702.0], [411471.0, 5658701.0], [411471.0, 5658699.0], [411469.0, 5658699.0], [411468.0, 5658697.0], [411466.0, 5658697.0], [411466.0, 5658696.0], [411462.0, 5658702.0], [411467.0, 5658702.0], [411467.0, 5658703.0], [411471.0, 5658703.0], [411473.0, 5658704.0], [411474.0, 5658706.0], [411477.0, 5658706.0], [411477.0, 5658710.0], [411475.0, 5658712.0], [411475.0, 5658715.0], [411473.0, 5658716.0], [411473.0, 5658717.86], [411476.0, 5658719.36], [411476.0, 5658716.0], [411479.0, 5658715.0], [411479.0, 5658711.0], [411480.0, 5658710.0], [411485.0, 5658710.0], [411485.0, 5658713.0], [411491.0, 5658713.0], [411492.0, 5658710.0], [411489.0, 5658708.0], [411489.0, 5658706.0], [411485.0, 5658706.0], [411485.0, 5658700.0], [411488.0, 5658696.0], [411488.0, 5658695.08], [411486.0, 5658694.08], [411486.0, 5658695.0]]]}}, {"type": "Feature", "properties": {"id": "DESNATPU1000Eesd", "z": 133.83}, "geometry": {"type": "Polygon", "coordinates": [[[411463.0, 5658692.0], [411466.0, 5658694.0], [411466.0, 5658697.0], [411468.0, 5658697.0], [411469.0, 5658699.0], [411471.0, 5658699.0], [411471.0, 5658701.0], [411475.0, 5658702.0], [411475.0, 5658703.0], [411480.0, 5658703.0], [411484.0, 5658697.0], [411484.0, 5658695.0], [411486.0, 5658695.0], [411486.0, 5658694.08], [411484.0, 5658693.08], [411484.0, 5658694.0], [411482.0, 5658695.0], [411481.0, 5658697.0], [411481.0, 5658700.0], [411480.0, 5658701.0], [411475.0, 5658701.0], [411474.0, 5658700.0], [411474.0, 5658698.0], [411470.0, 5658697.0], [411467.0, 5658695.0], [411467.0, 5658692.95], [411465.81, 5658692.35], [411465.81, 5658692.33], [411465.77, 5658692.17], [411465.73, 5658692.01], [411465.67, 5658691.85], [411465.6, 5658691.7], [411465.52, 5658691.55], [411465.44, 5658691.41], [411465.33, 5658691.25], [411465.2, 5658691.11], [411465.08, 5658690.99], [411464.96, 5658690.88], [411464.82, 5658690.78], [411464.68, 5658690.69], [411464.54, 5658690.61], [411464.37, 5658690.53], [411464.18, 5658690.48], [411464.02, 5658690.45], [411463.85, 5658690.42], [411463.66, 5658690.41], [411463.47, 5658690.42], [411463.3, 5658690.43], [411463.14, 5658690.46], [411463.0, 5658690.5], [411463.0, 5658692.0]]]}}, {"type": "Feature", "properties": {"id": "DESNATPU1000Eesd", "z": 132.38}, "geometry": {"type": "Polygon", "coordinates": [[[411473.0, 5658716.0], [411475.0, 5658715.0], [411475.0, 5658712.0], [411477.0, 5658710.0], [411477.0, 5658706.0], [411474.0, 5658706.0], [411473.0, 5658704.0], [411471.0, 5658703.0], [411467.0, 5658703.0], [411467.0, 5658702.0], [411462.0, 5658702.0], [411464.0, 5658704.0], [411467.0, 5658704.0], [411468.0, 5658706.0], [411472.0, 5658706.0], [411474.0, 5658707.0], [411474.0, 5658712.0], [411471.0, 5658713.0], [411471.0, 5658716.86], [411473.0, 5658717.86], [411473.0, 5658716.0]]]}}, {"type": "Feature", "properties": {"id": "DESNATPU1000Eesd", "z": 131.58}, "geometry": {"type": "Polygon", "coordinates": [[[411488.0, 5658696.0], [411485.0, 5658700.0], [411485.0, 5658706.0], [411489.0, 5658706.0], [411489.0, 5658708.0], [411492.0, 5658710.0], [411491.0, 5658713.0], [411485.0, 5658713.0], [411485.0, 5658710.0], [411480.0, 5658710.0], [411479.0, 5658711.0], [411479.0, 5658715.0], [411476.0, 5658716.0], [411476.0, 5658719.36], [411480.0, 5658721.37], [411480.0, 5658716.0], [411483.0, 5658715.0], [411483.0, 5658714.0], [411486.0, 5658714.0], [411488.0, 5658716.0], [411494.0, 5658716.0], [411494.0, 5658708.0], [411491.0, 5658707.0], [411488.0, 5658703.0], [411488.0, 5658698.0], [411490.0, 5658697.0], [411490.0, 5658696.08], [411488.0, 5658695.08], [411488.0, 5658696.0]]]}}, {"type": "Feature", "properties": {"id": "DESNATPU1000Eesd", "z": 131.25}, "geometry": {"type": "Polygon", "coordinates": [[[411482.0, 5658693.0], [411480.0, 5658695.0], [411480.0, 5658698.0], [411478.0, 5658700.0], [411474.0, 5658699.0], [411474.0, 5658700.0], [411475.0, 5658701.0], [411480.0, 5658701.0], [411481.0, 5658700.0], [411481.0, 5658697.0], [411482.0, 5658695.0], [411484.0, 5658694.0], [411484.0, 5658693.08], [411482.0, 5658692.08], [411482.0, 5658693.0]]]}}, {"type": "Feature", "properties": {"id": "DESNATPU1000Eesd", "z": 129.0}, "geometry": {"type": "Polygon", "coordinates": [[[411467.0, 5658695.0], [411470.0, 5658697.0], [411474.0, 5658698.0], [411474.0, 5658699.0], [411478.0, 5658700.0], [411480.0, 5658698.0], [411480.0, 5658695.0], [411482.0, 5658693.0], [411482.0, 5658692.08], [411479.5, 5658690.83], [411479.2, 5658691.43], [411477.58, 5658690.62], [411475.73, 5658694.33], [411476.28, 5658694.6], [411475.43, 5658696.3], [411474.92, 5658696.05], [411474.58, 5658696.74], [411470.22, 5658694.56], [411467.0, 5658692.95], [411467.0, 5658695.0]]]}}, {"type": "Feature", "properties": {"id": "DESNATPU1000Eesd", "z": 128.93}, "geometry": {"type": "Polygon", "coordinates": [[[411471.0, 5658713.0], [411474.0, 5658712.0], [411474.0, 5658707.0], [411472.0, 5658706.0], [411468.0, 5658706.0], [411467.0, 5658704.0], [411464.0, 5658704.0], [411462.0, 5658702.0], [411460.0, 5658701.0], [411457.05, 5658701.0], [411457.04, 5658701.02], [411457.03, 5658701.19], [411457.03, 5658701.37], [411457.04, 5658701.54], [411457.07, 5658701.71], [411457.11, 5658701.87], [411457.15, 5658702.04], [411457.21, 5658702.2], [411457.28, 5658702.35], [411457.36, 5658702.5], [411457.45, 5658702.65], [411457.55, 5658702.79], [411457.72, 5658702.98], [411457.9, 5658703.15], [411458.04, 5658703.25], [411458.18, 5658703.35], [411458.33, 5658703.44], [411458.48, 5658703.51], [411458.64, 5658703.58], [411458.8, 5658703.63], [411458.97, 5658703.67], [411459.14, 5658703.7], [411459.3, 5658703.72], [411459.48, 5658703.73], [411459.65, 5658703.72], [411459.82, 5658703.7], [411459.99, 5658703.67], [411460.23, 5658703.61], [411463.88, 5658705.43], [411469.04, 5658708.02], [411468.7, 5658708.71], [411469.19, 5658708.96], [411468.57, 5658710.18], [411468.08, 5658709.94], [411466.24, 5658713.61], [411467.79, 5658714.39], [411467.45, 5658715.08], [411471.0, 5658716.86], [411471.0, 5658713.0]]]}}, {"type": "Feature", "properties": {"id": "DESNATPU1000Eesd", "z": 128.7}, "geometry": {"type": "Polygon", "coordinates": [[[411490.0, 5658697.0], [411488.0, 5658698.0], [411488.0, 5658703.0], [411491.0, 5658707.0], [411494.0, 5658708.0], [411494.0, 5658715.0], [411496.0, 5658714.0], [411496.0, 5658709.0], [411495.0, 5658707.0], [411491.0, 5658704.0], [411491.0, 5658698.0], [411492.0, 5658698.0], [411492.0, 5658697.08], [411490.0, 5658696.08], [411490.0, 5658697.0]]]}}, {"type": "Feature", "properties": {"id": "DESNATPU1000Eesd", "z": 128.4}, "geometry": {"type": "Polygon", "coordinates": [[[411481.0, 5658718.0], [411484.0, 5658718.0], [411484.0, 5658717.0], [411493.0, 5658717.0], [411493.0, 5658716.0], [411488.0, 5658716.0], [411486.0, 5658714.0], [411483.0, 5658714.0], [411483.0, 5658715.0], [411480.0, 5658716.0], [411480.0, 5658720.0], [411481.0, 5658718.0]]]}}, {"type": "Feature", "properties": {"id": "DESNATPU1000Eesd", "z": 118.61}, "geometry": {"type": "Polygon", "coordinates": [[[411492.0, 5658698.0], [411491.0, 5658698.0], [411491.0, 5658704.0], [411495.0, 5658707.0], [411496.0, 5658709.0], [411496.0, 5658714.0], [411494.0, 5658715.0], [411494.0, 5658716.0], [411493.0, 5658716.0], [411493.0, 5658717.0], [411484.0, 5658717.0], [411484.0, 5658718.0], [411481.0, 5658718.0], [411480.0, 5658720.0], [411480.0, 5658721.37], [411485.28, 5658724.01], [411489.32, 5658722.87], [411491.56, 5658722.23], [411495.96, 5658719.17], [411496.49, 5658719.45], [411496.94, 5658718.6], [411496.25, 5658718.24], [411499.38, 5658712.27], [411500.02, 5658712.61], [411500.47, 5658711.76], [411500.1, 5658711.56], [411500.05, 5658705.51], [411499.34, 5658703.68], [411497.95, 5658700.06], [411492.0, 5658697.08], [411492.0, 5658698.0]]]}}, {"type": "Feature", "properties": {"id": "DESNATPU1000EjMM", "z": 135.47}, "geometry": {"type": "Polygon", "coordinates": [[[412007.0, 5658841.0], [412006.0, 5658843.0], [412003.0, 5658843.0], [412002.0, 5658845.0], [412000.0, 5658845.0], [411999.0, 5658847.0], [411995.0, 5658848.0], [411995.0, 5658853.0], [411996.0, 5658853.0], [411996.0, 5658857.84], [412005.55, 5658852.33], [412014.01, 5658847.45], [412010.0, 5658841.0], [412007.0, 5658841.0]]]}}, {"type": "Feature", "properties": {"id": "DESNATPU1000EjMM", "z": 132.79}, "geometry": {"type": "Polygon", "coordinates": [[[412004.0, 5658837.0], [412002.0, 5658840.0], [412000.0, 5658840.0], [411997.0, 5658844.0], [411995.0, 5658844.0], [411993.0, 5658846.0], [411992.0, 5658846.0], [411991.0, 5658849.0], [411993.0, 5658851.0], [411993.0, 5658854.0], [411996.0, 5658856.0], [411996.0, 5658853.0], [411995.0, 5658853.0], [411995.0, 5658848.0], [411999.0, 5658847.0], [412000.0, 5658845.0], [412002.0, 5658845.0], [412003.0, 5658843.0], [412006.0, 5658843.0], [412007.0, 5658841.0], [412010.0, 5658841.0], [412007.52, 5658837.0], [412004.0, 5658837.0]]]}}, {"type": "Feature", "properties": {"id": "DESNATPU1000EjMM", "z": 127.74}, "geometry": {"type": "Polygon", "coordinates": [[[411996.0, 5658856.0], [411993.0, 5658854.0], [411993.0, 5658851.0], [411991.0, 5658849.0], [411992.0, 5658846.0], [411989.0, 5658846.0], [411989.0, 5658847.0], [411987.88, 5658847.0], [411994.23, 5658858.86], [411996.0, 5658857.84], [411996.0, 5658856.0]]]}}, {"type": "Feature", "properties": {"id": "DESNATPU1000EjMM", "z": 119.19}, "geometry": {"type": "Polygon", "coordinates": [[[411989.0, 5658847.0], [411989.0, 5658846.0], [411993.0, 5658846.0], [411995.0, 5658844.0], [411997.0, 5658844.0], [412000.0, 5658840.0], [412002.0, 5658840.0], [412004.0, 5658837.0], [412007.52, 5658837.0], [412005.53, 5658833.8], [411997.59, 5658838.73], [411986.71, 5658844.81], [411987.88, 5658847.0], [411989.0, 5658847.0]]]}}, {"type": "Feature", "properties": {"id": "DESNATPU1000EwUr", "z": 126.54}, "geometry": {"type": "Polygon", "coordinates": [[[410881.0, 5658308.0], [410878.0, 5658309.0], [410878.0, 5658312.0], [410876.0, 5658313.0], [410875.0, 5658317.0], [410873.0, 5658318.0], [410872.0, 5658320.0], [410872.0, 5658323.0], [410871.0, 5658323.0], [410870.62, 5658324.14], [410875.26, 5658326.73], [410877.42, 5658327.94], [410892.29, 5658336.23], [410897.2, 5658327.42], [410900.17, 5658322.08], [410902.11, 5658318.6], [410899.24, 5658317.0], [410899.24, 5658317.0], [410895.17, 5658314.74], [410895.18, 5658314.73], [410894.2, 5658314.18], [410894.19, 5658314.19], [410886.45, 5658309.88], [410886.45, 5658309.87], [410881.0, 5658306.84], [410881.0, 5658308.0]]]}}, {"type": "Feature", "properties": {"id": "DESNATPU1000EwUr", "z": 111.99}, "geometry": {"type": "Polygon", "coordinates": [[[410871.0, 5658323.0], [410872.0, 5658323.0], [410872.0, 5658320.0], [410873.0, 5658318.0], [410875.0, 5658317.0], [410876.0, 5658313.0], [410878.0, 5658312.0], [410878.0, 5658309.0], [410881.0, 5658308.0], [410881.0, 5658306.84], [410877.63, 5658304.97], [410872.72, 5658313.77], [410867.81, 5658322.58], [410870.62, 5658324.14], [410871.0, 5658323.0]]]}}, {"type": "Feature", "properties": {"id": "DESNATPU1000F3DY", "z": 140.4}, "geometry": {"type": "Polygon", "coordinates": [[[410371.0, 5659928.0], [410367.0, 5659928.0], [410366.0, 5659929.0], [410366.0, 5659934.63], [410366.89, 5659934.52], [410366.92, 5659934.69], [410366.96, 5659934.83], [410367.01, 5659934.96], [410367.06, 5659935.09], [410367.12, 5659935.22], [410367.2, 5659935.34], [410367.28, 5659935.46], [410367.36, 5659935.57], [410367.46, 5659935.67], [410367.56, 5659935.77], [410367.67, 5659935.86], [410367.79, 5659935.94], [410367.91, 5659936.01], [410368.03, 5659936.08], [410368.16, 5659936.13], [410368.3, 5659936.18], [410368.43, 5659936.21], [410368.57, 5659936.24], [410368.71, 5659936.26], [410368.85, 5659936.27], [410368.99, 5659936.27], [410369.17, 5659936.25], [410369.34, 5659936.22], [410369.48, 5659936.18], [410369.61, 5659936.14], [410369.74, 5659936.08], [410369.87, 5659936.02], [410369.99, 5659935.95], [410370.11, 5659935.87], [410370.22, 5659935.78], [410370.32, 5659935.68], [410370.42, 5659935.58], [410370.51, 5659935.47], [410370.59, 5659935.35], [410370.66, 5659935.23], [410370.73, 5659935.11], [410370.78, 5659934.98], [410370.83, 5659934.84], [410370.87, 5659934.71], [410370.89, 5659934.57], [410370.91, 5659934.43], [410370.92, 5659934.29], [410370.92, 5659934.15], [410370.9, 5659933.97], [410372.06, 5659933.83], [410371.91, 5659932.54], [410372.49, 5659932.48], [410373.3, 5659931.21], [410373.13, 5659929.64], [410371.93, 5659928.39], [410371.42, 5659928.45], [410371.29, 5659927.43], [410371.0, 5659927.47], [410371.0, 5659928.0]]]}}, {"type": "Feature", "properties": {"id": "DESNATPU1000F3DY", "z": 129.32}, "geometry": {"type": "Polygon", "coordinates": [[[410367.0, 5659908.0], [410367.0, 5659909.0], [410359.0, 5659909.0], [410359.0, 5659910.0], [410351.0, 5659910.0], [410351.0, 5659911.0], [410344.0, 5659911.0], [410343.0, 5659914.0], [410353.0, 5659914.0], [410353.0, 5659913.0], [410361.0, 5659913.0], [410361.0, 5659912.0], [410369.0, 5659912.0], [410369.0, 5659911.0], [410376.55, 5659911.0], [410376.19, 5659908.0], [410367.0, 5659908.0]]]}}, {"type": "Feature", "properties": {"id": "DESNATPU1000F3DY", "z": 126.95}, "geometry": {"type": "Polygon", "coordinates": [[[410355.0, 5659906.0], [410354.0, 5659908.0], [410343.0, 5659908.0], [410343.0, 5659911.0], [410341.0, 5659911.0], [410341.0, 5659914.0], [410342.0, 5659914.0], [410343.0, 5659917.0], [410350.0, 5659917.0], [410350.0, 5659916.0], [410358.0, 5659916.0], [410360.0, 5659914.0], [410376.91, 5659914.0], [410376.71, 5659912.34], [410376.55, 5659911.0], [410369.0, 5659911.0], [410369.0, 5659912.0], [410361.0, 5659912.0], [410361.0, 5659913.0], [410353.0, 5659913.0], [410353.0, 5659914.0], [410343.0, 5659914.0], [410344.0, 5659911.0], [410351.0, 5659911.0], [410351.0, 5659910.0], [410359.0, 5659910.0], [410359.0, 5659909.0], [410367.0, 5659909.0], [410367.0, 5659908.0], [410376.19, 5659908.0], [410375.95, 5659906.0], [410355.0, 5659906.0]]]}}, {"type": "Feature", "properties": {"id": "DESNATPU1000F3DY", "z": 124.92}, "geometry": {"type": "Polygon", "coordinates": [[[410360.0, 5659914.0], [410358.0, 5659916.0], [410350.0, 5659916.0], [410350.0, 5659917.0], [410344.0, 5659917.0], [410344.0, 5659918.0], [410365.0, 5659918.0], [410365.0, 5659917.0], [410369.0, 5659917.0], [410370.0, 5659920.0], [410372.0, 5659920.0], [410372.0, 5659921.43], [410375.08, 5659921.06], [410374.5, 5659916.2], [410377.13, 5659915.89], [410376.91, 5659914.0], [410360.0, 5659914.0]]]}}, {"type": "Feature", "properties": {"id": "DESNATPU1000F3DY", "z": 124.86}, "geometry": {"type": "Polygon", "coordinates": [[[410367.0, 5659902.0], [410366.0, 5659902.0], [410366.0, 5659904.0], [410364.0, 5659904.0], [410363.0, 5659906.0], [410375.95, 5659906.0], [410375.49, 5659902.12], [410372.86, 5659902.43], [410372.31, 5659897.82], [410367.0, 5659898.45], [410367.0, 5659902.0]]]}}, {"type": "Feature", "properties": {"id": "DESNATPU1000F3DY", "z": 123.22}, "geometry": {"type": "Polygon", "coordinates": [[[410342.0, 5659918.0], [410343.0, 5659920.0], [410350.0, 5659920.0], [410350.0, 5659919.0], [410360.0, 5659919.0], [410360.0, 5659918.0], [410344.0, 5659918.0], [410344.0, 5659917.0], [410343.0, 5659917.0], [410342.0, 5659914.0], [410341.0, 5659914.0], [410341.0, 5659911.0], [410343.0, 5659911.0], [410343.0, 5659908.0], [410354.0, 5659908.0], [410355.0, 5659906.0], [410363.0, 5659906.0], [410364.0, 5659904.0], [410366.0, 5659904.0], [410366.0, 5659903.0], [410363.0, 5659903.0], [410363.0, 5659904.0], [410355.0, 5659904.0], [410355.0, 5659905.0], [410346.0, 5659905.0], [410346.0, 5659906.0], [410343.0, 5659906.0], [410343.0, 5659907.0], [410341.86, 5659907.0], [410341.95, 5659907.78], [410340.57, 5659907.94], [410338.44, 5659909.91], [410337.55, 5659912.53], [410337.92, 5659915.37], [410339.42, 5659917.43], [410340.51, 5659918.0], [410342.0, 5659918.0]]]}}, {"type": "Feature", "properties": {"id": "DESNATPU1000F3DY", "z": 119.56}, "geometry": {"type": "Polygon", "coordinates": [[[410372.0, 5659920.0], [410370.0, 5659920.0], [410369.0, 5659917.0], [410365.0, 5659917.0], [410365.0, 5659918.0], [410360.0, 5659918.0], [410360.0, 5659919.0], [410350.0, 5659919.0], [410350.0, 5659920.0], [410346.0, 5659920.0], [410347.0, 5659921.0], [410347.0, 5659924.44], [410362.24, 5659922.6], [410362.36, 5659923.66], [410365.0, 5659923.0], [410365.0, 5659922.0], [410368.9, 5659922.0], [410368.88, 5659921.8], [410372.0, 5659921.43], [410372.0, 5659920.0]]]}}, {"type": "Feature", "properties": {"id": "DESNATPU1000F3DY", "z": 119.46}, "geometry": {"type": "Polygon", "coordinates": [[[410343.0, 5659907.0], [410343.0, 5659906.0], [410346.0, 5659906.0], [410346.0, 5659905.0], [410355.0, 5659905.0], [410355.0, 5659904.0], [410363.0, 5659904.0], [410363.0, 5659903.0], [410366.0, 5659903.0], [410366.0, 5659902.0], [410367.0, 5659902.0], [410367.0, 5659898.45], [410343.01, 5659901.32], [410343.07, 5659901.82], [410342.86, 5659901.77], [410342.68, 5659901.75], [410342.51, 5659901.74], [410342.33, 5659901.74], [410342.16, 5659901.75], [410341.99, 5659901.78], [410341.82, 5659901.82], [410341.65, 5659901.87], [410341.49, 5659901.93], [410341.33, 5659902.0], [410341.17, 5659902.08], [410341.03, 5659902.18], [410340.89, 5659902.28], [410340.75, 5659902.4], [410340.63, 5659902.52], [410340.62, 5659902.52], [410340.51, 5659902.65], [410340.41, 5659902.79], [410340.31, 5659902.93], [410340.22, 5659903.09], [410340.15, 5659903.25], [410340.08, 5659903.41], [410340.02, 5659903.62], [410339.98, 5659903.83], [410339.95, 5659904.0], [410339.94, 5659904.18], [410339.94, 5659904.35], [410339.96, 5659904.53], [410339.98, 5659904.7], [410340.02, 5659904.87], [410340.07, 5659905.04], [410340.13, 5659905.2], [410340.2, 5659905.36], [410340.29, 5659905.51], [410340.38, 5659905.66], [410340.49, 5659905.8], [410340.6, 5659905.93], [410340.72, 5659906.06], [410340.85, 5659906.17], [410340.99, 5659906.28], [410341.14, 5659906.38], [410341.29, 5659906.46], [410341.45, 5659906.54], [410341.61, 5659906.6], [410341.82, 5659906.67], [410341.86, 5659907.0], [410343.0, 5659907.0]]]}}, {"type": "Feature", "properties": {"id": "DESNATPU1000F3DY", "z": 117.37}, "geometry": {"type": "Polygon", "coordinates": [[[410347.0, 5659921.0], [410346.0, 5659920.0], [410343.0, 5659920.0], [410342.0, 5659918.0], [410340.51, 5659918.0], [410341.89, 5659918.71], [410336.41, 5659919.37], [410337.17, 5659925.62], [410347.0, 5659924.44], [410347.0, 5659921.0]]]}}, {"type": "Feature", "properties": {"id": "DESNATPU1000F3DY", "z": 115.1}, "geometry": {"type": "Polygon", "coordinates": [[[410365.0, 5659922.0], [410365.0, 5659923.0], [410362.36, 5659923.66], [410363.55, 5659933.49], [410365.46, 5659933.26], [410365.63, 5659934.67], [410366.0, 5659934.63], [410366.0, 5659929.0], [410367.0, 5659928.0], [410371.0, 5659928.0], [410371.0, 5659927.47], [410369.58, 5659927.64], [410368.9, 5659922.0], [410365.0, 5659922.0]]]}}, {"type": "Feature", "properties": {"id": "DESNATPU1000FNvN", "z": 128.63}, "geometry": {"type": "Polygon", "coordinates": [[[411728.51, 5658389.86], [411734.47, 5658390.11], [411742.15, 5658390.42], [411742.02, 5658377.07], [411734.36, 5658377.34], [411728.41, 5658377.55], [411728.51, 5658389.86]]]}}, {"type": "Feature", "properties": {"id": "DESNATPU1000FOjf", "z": 111.45}, "geometry": {"type": "Polygon", "coordinates": [[[410951.86, 5658341.49], [410955.84, 5658334.42], [410929.17, 5658319.47], [410925.19, 5658326.54], [410951.86, 5658341.49]]]}}, {"type": "Feature", "properties": {"id": "DESNATPU1000Fcn4", "z": 132.21}, "geometry": {"type": "Polygon", "coordinates": [[[411810.38, 5658655.38], [411810.35, 5658686.76], [411812.26, 5658686.75], [411812.26, 5658689.55], [411815.43, 5658689.56], [411815.47, 5658655.38], [411810.38, 5658655.38]]]}}, {"type": "Feature", "properties": {"id": "DESNATPU1000G1Mm", "z": 121.78}, "geometry": {"type": "Polygon", "coordinates": [[[411163.0, 5658502.0], [411162.0, 5658500.0], [411159.0, 5658500.0], [411159.0, 5658499.0], [411157.15, 5658499.0], [411157.1, 5658499.08], [411157.94, 5658499.59], [411150.18, 5658512.44], [411149.58, 5658513.44], [411162.18, 5658521.19], [411162.28, 5658521.03], [411171.19, 5658506.64], [411164.94, 5658503.3], [411165.74, 5658502.0], [411163.0, 5658502.0]]]}}, {"type": "Feature", "properties": {"id": "DESNATPU1000G1Mm", "z": 118.12}, "geometry": {"type": "Polygon", "coordinates": [[[411159.0, 5658500.0], [411162.0, 5658500.0], [411163.0, 5658502.0], [411165.74, 5658502.0], [411167.97, 5658498.37], [411167.06, 5658497.83], [411160.29, 5658493.82], [411157.15, 5658499.0], [411159.0, 5658499.0], [411159.0, 5658500.0]]]}}, {"type": "Feature", "properties": {"id": "DESNATPU1000G7i9", "z": 138.45}, "geometry": {"type": "Polygon", "coordinates": [[[411632.0, 5658841.0], [411628.0, 5658841.0], [411627.0, 5658843.0], [411618.0, 5658847.0], [411618.0, 5658849.0], [411620.0, 5658851.0], [411620.0, 5658854.0], [411621.0, 5658855.0], [411622.0, 5658855.0], [411622.0, 5658856.0], [411625.0, 5658856.0], [411625.0, 5658855.0], [411627.0, 5658855.0], [411627.0, 5658854.0], [411632.0, 5658854.0], [411634.0, 5658856.0], [411634.0, 5658867.0], [411645.0, 5658867.0], [411645.0, 5658846.52], [411644.29, 5658846.54], [411644.23, 5658846.35], [411643.97, 5658845.7], [411643.58, 5658844.89], [411643.48, 5658844.73], [411643.11, 5658844.13], [411642.58, 5658843.41], [411641.94, 5658842.68], [411641.23, 5658842.02], [411641.03, 5658841.85], [411640.47, 5658841.43], [411639.64, 5658840.92], [411638.15, 5658840.43], [411636.62, 5658840.09], [411635.06, 5658839.91], [411633.66, 5658839.89], [411632.0, 5658841.0]]]}}, {"type": "Feature", "properties": {"id": "DESNATPU1000G7i9", "z": 136.04}, "geometry": {"type": "Polygon", "coordinates": [[[411635.0, 5658868.0], [411638.0, 5658869.0], [411638.0, 5658876.0], [411643.0, 5658876.0], [411643.0, 5658869.0], [411644.0, 5658867.0], [411635.0, 5658867.0], [411635.0, 5658868.0]]]}}, {"type": "Feature", "properties": {"id": "DESNATPU1000G7i9", "z": 135.51}, "geometry": {"type": "Polygon", "coordinates": [[[411616.0, 5658850.0], [411613.0, 5658850.0], [411613.0, 5658851.0], [411600.0, 5658857.0], [411601.0, 5658861.0], [411604.0, 5658862.0], [411608.0, 5658859.0], [411611.0, 5658859.0], [411617.0, 5658855.0], [411621.0, 5658855.0], [411620.0, 5658854.0], [411620.0, 5658851.0], [411618.0, 5658849.0], [411618.0, 5658848.0], [411616.0, 5658850.0]]]}}, {"type": "Feature", "properties": {"id": "DESNATPU1000G7i9", "z": 133.97}, "geometry": {"type": "Polygon", "coordinates": [[[411645.0, 5658867.0], [411644.0, 5658867.0], [411643.0, 5658869.0], [411643.0, 5658876.0], [411638.0, 5658876.0], [411638.0, 5658869.0], [411635.0, 5658868.0], [411635.0, 5658867.0], [411634.0, 5658867.0], [411634.0, 5658860.0], [411632.0, 5658862.0], [411632.0, 5658880.0], [411633.0, 5658880.0], [411633.0, 5658884.0], [411634.0, 5658885.0], [411638.0, 5658885.0], [411639.0, 5658886.0], [411639.0, 5658896.0], [411640.0, 5658896.0], [411640.0, 5658913.0], [411639.0, 5658913.0], [411639.0, 5658918.67], [411640.78, 5658918.57], [411643.8, 5658918.14], [411646.76, 5658917.45], [411649.65, 5658916.5], [411649.58, 5658913.0], [411646.0, 5658913.0], [411645.0, 5658912.0], [411645.0, 5658900.0], [411644.0, 5658900.0], [411644.0, 5658888.0], [411647.0, 5658886.0], [411647.0, 5658885.0], [411648.99, 5658885.0], [411648.19, 5658846.47], [411645.0, 5658846.52], [411645.0, 5658867.0]]]}}, {"type": "Feature", "properties": {"id": "DESNATPU1000G7i9", "z": 133.87}, "geometry": {"type": "Polygon", "coordinates": [[[411597.0, 5658855.0], [411598.0, 5658855.0], [411598.0, 5658858.0], [411594.0, 5658861.0], [411595.0, 5658864.0], [411598.0, 5658864.0], [411598.0, 5658863.0], [411601.0, 5658863.0], [411602.0, 5658864.0], [411602.0, 5658867.0], [411603.0, 5658867.0], [411603.0, 5658867.94], [411616.93, 5658861.48], [411617.77, 5658862.46], [411619.0, 5658860.0], [411622.0, 5658860.0], [411623.0, 5658858.0], [411626.0, 5658857.0], [411626.0, 5658855.0], [411625.0, 5658855.0], [411625.0, 5658856.0], [411622.0, 5658856.0], [411622.0, 5658855.0], [411617.0, 5658855.0], [411611.0, 5658859.0], [411608.0, 5658859.0], [411604.0, 5658862.0], [411601.0, 5658861.0], [411600.0, 5658857.0], [411613.0, 5658851.0], [411613.0, 5658850.0], [411616.0, 5658850.0], [411618.0, 5658848.0], [411618.0, 5658847.0], [411627.0, 5658843.0], [411628.0, 5658841.0], [411632.0, 5658841.0], [411633.66, 5658839.89], [411633.49, 5658839.89], [411633.51, 5658835.64], [411597.0, 5658852.52], [411597.0, 5658855.0]]]}}, {"type": "Feature", "properties": {"id": "DESNATPU1000G7i9", "z": 131.09}, "geometry": {"type": "Polygon", "coordinates": [[[411647.0, 5658885.0], [411647.0, 5658886.0], [411644.0, 5658888.0], [411644.0, 5658900.0], [411645.0, 5658900.0], [411645.0, 5658912.0], [411646.0, 5658913.0], [411649.58, 5658913.0], [411648.99, 5658885.0], [411647.0, 5658885.0]]]}}, {"type": "Feature", "properties": {"id": "DESNATPU1000G7i9", "z": 131.07}, "geometry": {"type": "Polygon", "coordinates": [[[411633.0, 5658886.0], [411633.0, 5658908.0], [411631.52, 5658908.0], [411631.8, 5658918.29], [411634.76, 5658918.64], [411637.74, 5658918.74], [411639.0, 5658918.67], [411639.0, 5658913.0], [411640.0, 5658913.0], [411640.0, 5658896.0], [411639.0, 5658896.0], [411639.0, 5658886.0], [411638.0, 5658885.0], [411634.0, 5658885.0], [411633.0, 5658884.0], [411633.0, 5658880.0], [411630.77, 5658880.0], [411630.93, 5658886.0], [411633.0, 5658886.0]]]}}, {"type": "Feature", "properties": {"id": "DESNATPU1000G7i9", "z": 131.06}, "geometry": {"type": "Polygon", "coordinates": [[[411603.0, 5658867.0], [411602.0, 5658867.0], [411602.0, 5658864.0], [411601.0, 5658863.0], [411598.0, 5658863.0], [411598.0, 5658864.0], [411595.0, 5658864.0], [411594.0, 5658861.0], [411598.0, 5658858.0], [411598.0, 5658855.0], [411597.0, 5658855.0], [411597.0, 5658852.52], [411588.2, 5658856.59], [411589.28, 5658859.81], [411590.52, 5658862.96], [411592.58, 5658867.4], [411594.95, 5658871.68], [411603.0, 5658867.94], [411603.0, 5658867.0]]]}}, {"type": "Feature", "properties": {"id": "DESNATPU1000G7i9", "z": 117.61}, "geometry": {"type": "Polygon", "coordinates": [[[411633.0, 5658908.0], [411633.0, 5658886.0], [411630.93, 5658886.0], [411631.52, 5658908.0], [411633.0, 5658908.0]]]}}, {"type": "Feature", "properties": {"id": "DESNATPU1000G7i9", "z": 117.36}, "geometry": {"type": "Polygon", "coordinates": [[[411632.0, 5658880.0], [411632.0, 5658862.0], [411634.0, 5658860.0], [411634.0, 5658856.0], [411632.0, 5658854.0], [411627.0, 5658854.0], [411627.0, 5658855.0], [411626.0, 5658855.0], [411626.0, 5658857.0], [411623.0, 5658858.0], [411622.0, 5658860.0], [411619.0, 5658860.0], [411617.77, 5658862.46], [411622.99, 5658868.54], [411618.81, 5658875.12], [411630.74, 5658878.76], [411630.77, 5658880.0], [411632.0, 5658880.0]]]}}, {"type": "Feature", "properties": {"id": "DESNATPU1000GwlU", "z": 121.23}, "geometry": {"type": "Polygon", "coordinates": [[[411772.0, 5658661.0], [411772.0, 5658674.0], [411773.0, 5658674.0], [411773.0, 5658675.0], [411779.14, 5658675.0], [411779.03, 5658661.0], [411772.0, 5658661.0]]]}}, {"type": "Feature", "properties": {"id": "DESNATPU1000GwlU", "z": 116.82}, "geometry": {"type": "Polygon", "coordinates": [[[411771.0, 5658669.0], [411771.0, 5658674.0], [411772.0, 5658674.0], [411772.0, 5658662.0], [411769.25, 5658662.0], [411769.31, 5658669.0], [411771.0, 5658669.0]]]}}, {"type": "Feature", "properties": {"id": "DESNATPU1000GwlU", "z": 112.07}, "geometry": {"type": "Polygon", "coordinates": [[[411772.0, 5658662.0], [411772.0, 5658661.0], [411779.03, 5658661.0], [411778.99, 5658655.48], [411769.2, 5658655.53], [411769.25, 5658662.0], [411772.0, 5658662.0]]]}}, {"type": "Feature", "properties": {"id": "DESNATPU1000GwlU", "z": 112.0}, "geometry": {"type": "Polygon", "coordinates": [[[411773.0, 5658675.0], [411773.0, 5658674.0], [411771.0, 5658674.0], [411771.0, 5658669.0], [411769.31, 5658669.0], [411769.43, 5658684.66], [411774.64, 5658684.62], [411779.22, 5658684.58], [411779.14, 5658675.0], [411773.0, 5658675.0]]]}}, {"type": "Feature", "properties": {"id": "DESNATPU1000H0Rk", "z": 130.23}, "geometry": {"type": "Polygon", "coordinates": [[[410827.0, 5659752.0], [410828.0, 5659751.0], [410827.0, 5659748.0], [410822.0, 5659748.0], [410821.0, 5659749.0], [410822.0, 5659752.0], [410827.0, 5659752.0]]]}}, {"type": "Feature", "properties": {"id": "DESNATPU1000H0Rk", "z": 129.96}, "geometry": {"type": "Polygon", "coordinates": [[[410874.0, 5659709.0], [410876.0, 5659708.0], [410875.0, 5659706.0], [410875.0, 5659703.0], [410872.0, 5659703.0], [410871.0, 5659706.0], [410868.0, 5659708.0], [410868.0, 5659711.0], [410866.0, 5659711.0], [410865.0, 5659714.0], [410862.0, 5659716.0], [410862.0, 5659718.0], [410858.0, 5659721.0], [410858.0, 5659723.0], [410856.0, 5659724.0], [410856.0, 5659726.0], [410854.0, 5659727.0], [410854.0, 5659729.0], [410850.0, 5659732.0], [410850.0, 5659736.0], [410848.0, 5659738.0], [410845.0, 5659739.0], [410845.0, 5659748.0], [410850.0, 5659748.0], [410850.0, 5659747.0], [410858.0, 5659747.0], [410858.0, 5659746.0], [410862.0, 5659746.0], [410862.0, 5659745.0], [410865.0, 5659743.0], [410865.0, 5659741.0], [410867.0, 5659739.0], [410869.0, 5659739.0], [410869.0, 5659736.0], [410871.0, 5659735.0], [410871.0, 5659733.0], [410874.0, 5659731.0], [410875.0, 5659728.0], [410878.0, 5659728.0], [410880.0, 5659729.0], [410881.0, 5659731.0], [410883.0, 5659731.0], [410884.0, 5659733.0], [410886.0, 5659733.0], [410888.0, 5659736.0], [410890.0, 5659736.0], [410891.0, 5659738.0], [410894.0, 5659738.0], [410896.0, 5659736.0], [410896.0, 5659734.0], [410900.0, 5659731.0], [410900.0, 5659727.0], [410898.0, 5659727.0], [410896.0, 5659724.0], [410894.0, 5659724.0], [410892.0, 5659721.0], [410888.0, 5659721.0], [410886.0, 5659718.0], [410881.0, 5659715.0], [410881.0, 5659713.0], [410879.0, 5659713.0], [410878.0, 5659711.0], [410874.0, 5659711.0], [410874.0, 5659709.0]]]}}, {"type": "Feature", "properties": {"id": "DESNATPU1000H0Rk", "z": 127.68}, "geometry": {"type": "Polygon", "coordinates": [[[410845.0, 5659736.0], [410843.0, 5659737.0], [410843.0, 5659739.0], [410840.0, 5659741.0], [410840.0, 5659742.0], [410837.0, 5659742.0], [410837.0, 5659743.0], [410829.0, 5659743.0], [410829.0, 5659744.0], [410819.0, 5659744.0], [410818.0, 5659741.0], [410819.0, 5659739.0], [410821.0, 5659739.0], [410821.0, 5659737.46], [410820.03, 5659737.59], [410820.3, 5659737.17], [410816.76, 5659734.83], [410813.83, 5659732.96], [410811.32, 5659736.7], [410802.07, 5659750.95], [410811.1, 5659756.71], [410811.32, 5659756.97], [410846.54, 5659752.62], [410866.95, 5659750.08], [410868.0, 5659749.95], [410868.0, 5659748.0], [410871.0, 5659746.0], [410871.0, 5659744.0], [410874.0, 5659742.0], [410875.0, 5659738.0], [410878.0, 5659736.0], [410878.0, 5659734.0], [410880.0, 5659733.0], [410880.0, 5659731.0], [410881.0, 5659731.0], [410880.0, 5659729.0], [410878.0, 5659728.0], [410875.0, 5659728.0], [410874.0, 5659731.0], [410871.0, 5659733.0], [410871.0, 5659735.0], [410869.0, 5659736.0], [410869.0, 5659739.0], [410867.0, 5659739.0], [410865.0, 5659741.0], [410865.0, 5659743.0], [410862.0, 5659745.0], [410862.0, 5659746.0], [410858.0, 5659746.0], [410858.0, 5659747.0], [410850.0, 5659747.0], [410850.0, 5659748.0], [410845.0, 5659748.0], [410845.0, 5659739.0], [410848.0, 5659738.0], [410850.0, 5659736.0], [410850.0, 5659732.0], [410854.0, 5659729.0], [410854.0, 5659727.0], [410856.0, 5659726.0], [410856.0, 5659724.0], [410858.0, 5659723.0], [410858.0, 5659721.0], [410862.0, 5659718.0], [410862.0, 5659716.0], [410865.0, 5659714.0], [410866.0, 5659711.0], [410868.0, 5659711.0], [410868.0, 5659708.0], [410871.0, 5659706.0], [410872.0, 5659703.0], [410875.0, 5659703.0], [410875.0, 5659706.0], [410876.0, 5659708.0], [410874.0, 5659709.0], [410874.0, 5659711.0], [410877.0, 5659711.0], [410877.0, 5659709.0], [410879.0, 5659708.0], [410879.0, 5659705.0], [410881.0, 5659705.0], [410880.74, 5659704.23], [410880.45, 5659704.62], [410872.81, 5659698.98], [410869.13, 5659703.9], [410866.02, 5659708.12], [410853.58, 5659724.85], [410846.66, 5659734.17], [410845.0, 5659734.38], [410845.0, 5659736.0]], [[410821.0, 5659749.0], [410822.0, 5659748.0], [410827.0, 5659748.0], [410828.0, 5659751.0], [410827.0, 5659752.0], [410822.0, 5659752.0], [410821.0, 5659749.0]]]}}, {"type": "Feature", "properties": {"id": "DESNATPU1000H0Rk", "z": 127.06}, "geometry": {"type": "Polygon", "coordinates": [[[410908.0, 5659734.0], [410907.0, 5659734.0], [410905.0, 5659731.0], [410900.0, 5659728.0], [410900.0, 5659731.0], [410896.0, 5659734.0], [410896.0, 5659736.0], [410894.0, 5659738.0], [410892.0, 5659738.0], [410893.0, 5659740.0], [410895.0, 5659740.0], [410896.0, 5659742.0], [410898.0, 5659742.0], [410899.0, 5659744.0], [410900.94, 5659744.0], [410906.87, 5659736.06], [410908.0, 5659736.9], [410908.0, 5659734.0]]]}}, {"type": "Feature", "properties": {"id": "DESNATPU1000H0Rk", "z": 125.98}, "geometry": {"type": "Polygon", "coordinates": [[[410881.0, 5659705.0], [410879.0, 5659705.0], [410879.0, 5659708.0], [410877.0, 5659709.0], [410877.0, 5659711.0], [410878.0, 5659711.0], [410879.0, 5659713.0], [410881.0, 5659713.0], [410881.0, 5659715.0], [410886.0, 5659718.0], [410888.0, 5659721.0], [410891.0, 5659721.0], [410890.0, 5659718.0], [410893.0, 5659716.0], [410893.0, 5659714.0], [410896.0, 5659714.0], [410896.0, 5659710.0], [410900.0, 5659707.0], [410901.0, 5659703.0], [410897.0, 5659701.0], [410897.0, 5659698.07], [410889.54, 5659692.48], [410883.85, 5659700.08], [410880.74, 5659704.23], [410881.0, 5659705.0]]]}}, {"type": "Feature", "properties": {"id": "DESNATPU1000H0Rk", "z": 123.31}, "geometry": {"type": "Polygon", "coordinates": [[[410897.0, 5659701.0], [410901.0, 5659703.0], [410900.0, 5659707.0], [410896.0, 5659710.0], [410896.0, 5659714.0], [410893.0, 5659714.0], [410893.0, 5659716.0], [410890.0, 5659718.0], [410891.0, 5659721.0], [410892.0, 5659721.0], [410894.0, 5659724.0], [410896.0, 5659724.0], [410898.0, 5659727.0], [410900.0, 5659727.0], [410900.0, 5659728.0], [410905.0, 5659731.0], [410907.0, 5659734.0], [410908.0, 5659734.0], [410908.0, 5659736.9], [410916.05, 5659742.92], [410937.26, 5659740.12], [410938.16, 5659738.92], [410942.96, 5659732.52], [410921.1, 5659716.14], [410906.37, 5659705.1], [410902.72, 5659702.36], [410897.0, 5659698.07], [410897.0, 5659701.0]]]}}, {"type": "Feature", "properties": {"id": "DESNATPU1000H0Rk", "z": 122.93}, "geometry": {"type": "Polygon", "coordinates": [[[410899.0, 5659744.0], [410898.0, 5659742.0], [410896.0, 5659742.0], [410895.0, 5659740.0], [410893.0, 5659740.0], [410892.0, 5659738.0], [410891.0, 5659738.0], [410890.0, 5659736.0], [410888.0, 5659736.0], [410886.0, 5659733.0], [410884.0, 5659733.0], [410883.0, 5659731.0], [410880.0, 5659731.0], [410880.0, 5659733.0], [410878.0, 5659734.0], [410878.0, 5659736.0], [410875.0, 5659738.0], [410874.0, 5659742.0], [410871.0, 5659744.0], [410871.0, 5659746.0], [410868.0, 5659748.0], [410868.0, 5659749.95], [410899.37, 5659746.1], [410900.91, 5659744.04], [410900.94, 5659744.0], [410899.0, 5659744.0]]]}}, {"type": "Feature", "properties": {"id": "DESNATPU1000H0Rk", "z": 119.69}, "geometry": {"type": "Polygon", "coordinates": [[[410821.0, 5659739.0], [410819.0, 5659739.0], [410818.0, 5659741.0], [410819.0, 5659744.0], [410829.0, 5659744.0], [410829.0, 5659743.0], [410837.0, 5659743.0], [410837.0, 5659742.0], [410840.0, 5659742.0], [410840.0, 5659741.0], [410843.0, 5659739.0], [410843.0, 5659737.0], [410845.0, 5659736.0], [410845.0, 5659734.38], [410840.87, 5659734.91], [410835.76, 5659735.46], [410821.0, 5659737.46], [410821.0, 5659739.0]]]}}, {"type": "Feature", "properties": {"id": "DESNATPU1000H65Z", "z": 132.11}, "geometry": {"type": "Polygon", "coordinates": [[[411806.0, 5658707.0], [411807.0, 5658707.0], [411807.0, 5658709.36], [411815.72, 5658709.23], [411816.75, 5658703.88], [411806.0, 5658704.08], [411806.0, 5658707.0]]]}}, {"type": "Feature", "properties": {"id": "DESNATPU1000H65Z", "z": 129.74}, "geometry": {"type": "Polygon", "coordinates": [[[411801.0, 5658709.46], [411807.0, 5658709.36], [411807.0, 5658707.0], [411806.0, 5658707.0], [411806.0, 5658704.08], [411801.0, 5658704.17], [411801.0, 5658709.46]]]}}, {"type": "Feature", "properties": {"id": "DESNATPU1000H65Z", "z": 112.23}, "geometry": {"type": "Polygon", "coordinates": [[[411801.0, 5658704.17], [411783.73, 5658704.48], [411783.82, 5658709.72], [411801.0, 5658709.46], [411801.0, 5658704.17]]]}}, {"type": "Feature", "properties": {"id": "DESNATPU1000HCjp", "z": 132.26}, "geometry": {"type": "Polygon", "coordinates": [[[411808.0, 5658585.0], [411806.0, 5658586.0], [411806.0, 5658590.0], [411808.0, 5658592.0], [411808.0, 5658594.44], [411814.0, 5658594.57], [411814.0, 5658581.29], [411808.0, 5658581.3], [411808.0, 5658585.0]]]}}, {"type": "Feature", "properties": {"id": "DESNATPU1000HCjp", "z": 130.46}, "geometry": {"type": "Polygon", "coordinates": [[[411808.0, 5658592.0], [411806.0, 5658590.0], [411806.0, 5658586.0], [411808.0, 5658585.0], [411808.0, 5658581.3], [411804.7, 5658581.3], [411804.57, 5658581.3], [411804.56, 5658585.3], [411803.3, 5658585.28], [411803.29, 5658589.03], [411804.61, 5658589.03], [411804.6, 5658591.76], [411804.6, 5658593.85], [411804.6, 5658594.37], [411808.0, 5658594.44], [411808.0, 5658592.0]]]}}, {"type": "Feature", "properties": {"id": "DESNATPU1000HCjp", "z": 130.32}, "geometry": {"type": "Polygon", "coordinates": [[[411814.0, 5658594.57], [411817.51, 5658594.65], [411817.51, 5658594.14], [411817.66, 5658594.13], [411817.66, 5658592.04], [411817.5, 5658592.05], [411817.49, 5658591.38], [411817.47, 5658581.29], [411814.0, 5658581.29], [411814.0, 5658594.57]]]}}, {"type": "Feature", "properties": {"id": "DESNATPU1000Haua", "z": 126.39}, "geometry": {"type": "Polygon", "coordinates": [[[410999.0, 5658336.0], [411000.0, 5658333.0], [411002.0, 5658332.0], [411002.0, 5658330.0], [411004.0, 5658329.0], [411004.0, 5658326.0], [411005.0, 5658326.0], [411005.0, 5658322.0], [411004.15, 5658322.0], [411002.86, 5658324.54], [410998.99, 5658322.59], [410998.0, 5658324.55], [410998.8, 5658324.95], [411001.87, 5658326.5], [411000.87, 5658328.47], [410997.05, 5658336.0], [410999.0, 5658336.0]]]}}, {"type": "Feature", "properties": {"id": "DESNATPU1000Haua", "z": 114.59}, "geometry": {"type": "Polygon", "coordinates": [[[411011.0, 5658327.0], [411010.0, 5658325.0], [411005.0, 5658323.0], [411005.0, 5658326.0], [411004.0, 5658326.0], [411004.0, 5658329.0], [411002.0, 5658330.0], [411002.0, 5658332.0], [411000.0, 5658333.0], [410999.0, 5658336.0], [410997.05, 5658336.0], [410996.34, 5658337.39], [411006.22, 5658342.4], [411014.02, 5658327.0], [411011.0, 5658327.0]]]}}, {"type": "Feature", "properties": {"id": "DESNATPU1000HiNH", "z": 129.85}, "geometry": {"type": "Polygon", "coordinates": [[[410202.0, 5659176.0], [410198.0, 5659179.0], [410198.0, 5659180.0], [410195.0, 5659180.0], [410192.0, 5659182.0], [410192.0, 5659184.0], [410190.0, 5659184.0], [410188.0, 5659187.0], [410185.0, 5659187.0], [410185.0, 5659185.54], [410180.47, 5659188.82], [410181.77, 5659193.05], [410184.71, 5659203.0], [410187.0, 5659203.0], [410189.0, 5659200.0], [410191.0, 5659200.0], [410192.0, 5659198.0], [410194.0, 5659198.0], [410195.0, 5659196.0], [410197.0, 5659196.0], [410199.0, 5659193.0], [410201.35, 5659193.0], [410200.9, 5659191.92], [410214.47, 5659182.11], [410208.62, 5659173.28], [410206.7, 5659170.37], [410206.43, 5659169.95], [410202.0, 5659173.19], [410202.0, 5659176.0]]]}}, {"type": "Feature", "properties": {"id": "DESNATPU1000HiNH", "z": 127.05}, "geometry": {"type": "Polygon", "coordinates": [[[410185.0, 5659187.0], [410188.0, 5659187.0], [410190.0, 5659184.0], [410192.0, 5659184.0], [410192.0, 5659182.0], [410195.0, 5659180.0], [410198.0, 5659180.0], [410198.0, 5659179.0], [410202.0, 5659176.0], [410202.0, 5659173.19], [410198.71, 5659175.59], [410195.53, 5659177.92], [410185.0, 5659185.54], [410185.0, 5659187.0]]]}}, {"type": "Feature", "properties": {"id": "DESNATPU1000HiNH", "z": 119.6}, "geometry": {"type": "Polygon", "coordinates": [[[410199.0, 5659193.0], [410197.0, 5659196.0], [410195.0, 5659196.0], [410194.0, 5659198.0], [410192.0, 5659198.0], [410191.0, 5659200.0], [410189.0, 5659200.0], [410187.0, 5659203.0], [410184.71, 5659203.0], [410184.87, 5659203.53], [410185.56, 5659205.86], [410186.21, 5659208.02], [410196.17, 5659206.53], [410206.31, 5659205.01], [410204.66, 5659201.01], [410206.48, 5659200.27], [410205.43, 5659197.72], [410204.59, 5659195.19], [410202.59, 5659196.0], [410201.35, 5659193.0], [410199.0, 5659193.0]]]}}, {"type": "Feature", "properties": {"id": "DESNATPU1000IROt", "z": 121.44}, "geometry": {"type": "Polygon", "coordinates": [[[411097.38, 5659089.28], [411098.94, 5659086.9], [411099.15, 5659087.04], [411101.46, 5659083.55], [411101.25, 5659083.41], [411108.35, 5659072.64], [411097.05, 5659065.1], [411094.04, 5659069.37], [411093.86, 5659069.55], [411085.93, 5659081.7], [411097.38, 5659089.28]]]}}, {"type": "Feature", "properties": {"id": "DESNATPU1000JT1c", "z": 118.03}, "geometry": {"type": "Polygon", "coordinates": [[[411888.0, 5658960.0], [411887.0, 5658958.0], [411886.0, 5658958.0], [411885.0, 5658957.0], [411885.0, 5658960.0], [411883.45, 5658960.0], [411883.49, 5658973.35], [411884.0, 5658973.35], [411887.69, 5658973.34], [411888.0, 5658973.34], [411888.0, 5658960.0]]]}}, {"type": "Feature", "properties": {"id": "DESNATPU1000JT1c", "z": 115.07}, "geometry": {"type": "Polygon", "coordinates": [[[411889.0, 5658953.0], [411889.0, 5658958.0], [411887.0, 5658958.0], [411888.0, 5658960.0], [411888.0, 5658973.34], [411891.54, 5658973.33], [411891.49, 5658953.0], [411889.0, 5658953.0]]]}}, {"type": "Feature", "properties": {"id": "DESNATPU1000JdCP", "z": 129.86}, "geometry": {"type": "Polygon", "coordinates": [[[410292.0, 5659692.0], [410289.0, 5659690.0], [410289.0, 5659675.0], [410290.0, 5659675.0], [410290.0, 5659665.0], [410289.0, 5659664.0], [410278.0, 5659664.0], [410278.0, 5659689.0], [410275.0, 5659691.0], [410275.0, 5659695.45], [410275.3, 5659695.46], [410275.28, 5659696.18], [410283.16, 5659696.43], [410291.15, 5659696.68], [410291.18, 5659695.82], [410292.0, 5659695.85], [410292.0, 5659692.0]]]}}, {"type": "Feature", "properties": {"id": "DESNATPU1000JdCP", "z": 127.31}, "geometry": {"type": "Polygon", "coordinates": [[[410275.0, 5659691.0], [410278.0, 5659689.0], [410278.0, 5659664.0], [410289.0, 5659664.0], [410290.0, 5659665.0], [410290.0, 5659675.0], [410289.0, 5659675.0], [410289.0, 5659690.0], [410292.0, 5659692.0], [410292.0, 5659695.85], [410292.12, 5659695.85], [410299.43, 5659696.07], [410299.6, 5659690.99], [410299.0, 5659690.97], [410299.0, 5659691.0], [410293.0, 5659691.0], [410292.0, 5659690.0], [410292.0, 5659681.0], [410293.0, 5659681.0], [410293.0, 5659650.0], [410292.0, 5659649.0], [410277.0, 5659649.0], [410276.0, 5659650.0], [410276.0, 5659659.0], [410275.0, 5659659.0], [410275.0, 5659689.0], [410274.0, 5659690.0], [410268.37, 5659690.0], [410268.35, 5659690.68], [410267.34, 5659690.65], [410267.32, 5659691.3], [410267.23, 5659694.43], [410267.2, 5659695.21], [410271.02, 5659695.34], [410274.48, 5659695.44], [410275.0, 5659695.45], [410275.0, 5659691.0]]]}}, {"type": "Feature", "properties": {"id": "DESNATPU1000JdCP", "z": 124.15}, "geometry": {"type": "Polygon", "coordinates": [[[410274.0, 5659690.0], [410275.0, 5659689.0], [410275.0, 5659659.0], [410276.0, 5659659.0], [410276.0, 5659650.0], [410277.0, 5659649.0], [410292.0, 5659649.0], [410293.0, 5659650.0], [410293.0, 5659681.0], [410292.0, 5659681.0], [410292.0, 5659690.0], [410293.0, 5659691.0], [410299.0, 5659691.0], [410299.0, 5659690.97], [410298.45, 5659690.95], [410299.58, 5659652.4], [410299.66, 5659649.7], [410299.86, 5659642.76], [410299.87, 5659642.51], [410299.94, 5659640.66], [410293.72, 5659640.48], [410293.27, 5659640.47], [410292.81, 5659640.46], [410292.77, 5659641.59], [410276.78, 5659641.15], [410276.8, 5659640.0], [410269.79, 5659639.81], [410269.75, 5659641.29], [410269.73, 5659642.0], [410269.53, 5659648.81], [410268.37, 5659690.0], [410274.0, 5659690.0]]]}}, {"type": "Feature", "properties": {"id": "GUID_1565102960178_17050582", "z": 123.13}, "geometry": {"type": "Polygon", "coordinates": [[[410738.0, 5659940.0], [410737.0, 5659940.0], [410737.0, 5659936.0], [410734.0, 5659932.0], [410734.0, 5659929.0], [410732.0, 5659928.0], [410732.0, 5659926.0], [410730.0, 5659924.0], [410730.0, 5659920.52], [410726.0, 5659922.23], [410726.0, 5659924.0], [410725.71, 5659924.0], [410727.28, 5659927.71], [410729.46, 5659932.79], [410732.44, 5659939.75], [410733.81, 5659942.96], [410738.0, 5659941.16], [410738.0, 5659940.0]]]}}, {"type": "Feature", "properties": {"id": "GUID_1565102960178_17050582", "z": 110.89}, "geometry": {"type": "Polygon", "coordinates": [[[410730.0, 5659924.0], [410732.0, 5659926.0], [410732.0, 5659928.0], [410734.0, 5659929.0], [410734.0, 5659932.0], [410737.0, 5659936.0], [410737.0, 5659940.0], [410738.0, 5659940.0], [410738.0, 5659941.16], [410745.32, 5659938.0], [410742.06, 5659930.37], [410741.76, 5659930.5], [410740.68, 5659927.97], [410739.77, 5659925.85], [410736.33, 5659917.81], [410730.84, 5659920.16], [410730.0, 5659920.52], [410730.0, 5659924.0]]]}}, {"type": "Feature", "properties": {"id": "UUID_015071a8-4d21-46b9-8879-a2e9e6c5e102", "z": 136.12}, "geometry": {"type": "Polygon", "coordinates": [[[411511.0, 5658331.0], [411508.0, 5658331.0], [411507.0, 5658329.0], [411504.0, 5658330.0], [411504.0, 5658333.0], [411507.0, 5658333.0], [411509.0, 5658335.0], [411511.17, 5658335.0], [411512.41, 5658331.94], [411511.0, 5658331.0]]]}}, {"type": "Feature", "properties": {"id": "UUID_015071a8-4d21-46b9-8879-a2e9e6c5e102", "z": 135.99}, "geometry": {"type": "Polygon", "coordinates": [[[411537.0, 5658257.0], [411537.0, 5658255.0], [411533.0, 5658255.0], [411533.0, 5658258.0], [411535.0, 5658260.0], [411538.0, 5658260.0], [411538.0, 5658261.0], [411541.07, 5658261.0], [411542.69, 5658257.0], [411537.0, 5658257.0]]]}}, {"type": "Feature", "properties": {"id": "UUID_015071a8-4d21-46b9-8879-a2e9e6c5e102", "z": 134.82}, "geometry": {"type": "Polygon", "coordinates": [[[411526.0, 5658290.0], [411524.0, 5658289.0], [411523.0, 5658292.0], [411520.0, 5658296.0], [411520.0, 5658299.0], [411519.0, 5658301.0], [411521.0, 5658303.0], [411524.1, 5658303.0], [411529.06, 5658290.72], [411529.04, 5658290.71], [411529.33, 5658290.0], [411526.0, 5658290.0]]]}}, {"type": "Feature", "properties": {"id": "UUID_015071a8-4d21-46b9-8879-a2e9e6c5e102", "z": 134.45}, "geometry": {"type": "Polygon", "coordinates": [[[411538.0, 5658261.0], [411538.0, 5658260.0], [411535.0, 5658260.0], [411533.0, 5658258.0], [411533.0, 5658255.0], [411537.0, 5658255.0], [411537.0, 5658257.0], [411542.69, 5658257.0], [411543.94, 5658253.91], [411538.0, 5658251.8], [411538.0, 5658253.0], [411533.0, 5658253.0], [411531.0, 5658256.0], [411531.0, 5658265.0], [411532.0, 5658266.0], [411535.0, 5658266.0], [411536.0, 5658268.0], [411538.24, 5658268.0], [411538.36, 5658267.72], [411541.07, 5658261.0], [411538.0, 5658261.0]]]}}, {"type": "Feature", "properties": {"id": "UUID_015071a8-4d21-46b9-8879-a2e9e6c5e102", "z": 134.1}, "geometry": {"type": "Polygon", "coordinates": [[[411512.0, 5658325.0], [411510.0, 5658323.0], [411501.76, 5658323.0], [411496.98, 5658334.81], [411509.24, 5658339.77], [411511.17, 5658335.0], [411509.0, 5658335.0], [411507.0, 5658333.0], [411504.0, 5658333.0], [411504.0, 5658330.0], [411507.0, 5658329.0], [411508.0, 5658331.0], [411511.0, 5658331.0], [411512.41, 5658331.94], [411514.91, 5658325.74], [411515.21, 5658325.0], [411512.0, 5658325.0]]]}}, {"type": "Feature", "properties": {"id": "UUID_015071a8-4d21-46b9-8879-a2e9e6c5e102", "z": 131.32}, "geometry": {"type": "Polygon", "coordinates": [[[411536.0, 5658268.0], [411535.0, 5658266.0], [411532.0, 5658266.0], [411531.0, 5658265.0], [411531.0, 5658256.0], [411533.0, 5658253.0], [411538.0, 5658253.0], [411538.0, 5658251.8], [411531.48, 5658249.48], [411501.76, 5658323.0], [411510.0, 5658323.0], [411512.0, 5658325.0], [411515.21, 5658325.0], [411520.13, 5658312.8], [411523.9, 5658303.45], [411523.91, 5658303.46], [411524.1, 5658303.0], [411521.0, 5658303.0], [411519.0, 5658301.0], [411520.0, 5658299.0], [411520.0, 5658296.0], [411523.0, 5658292.0], [411524.0, 5658289.0], [411526.0, 5658290.0], [411529.33, 5658290.0], [411533.2, 5658280.45], [411538.24, 5658268.0], [411536.0, 5658268.0]]]}}, {"type": "Feature", "properties": {"id": "UUID_0474e2ba-117c-48aa-b09b-5b52c7645a38", "z": 124.95}, "geometry": {"type": "Polygon", "coordinates": [[[411211.9, 5658601.21], [411191.87, 5658588.9], [411190.12, 5658593.12], [411187.77, 5658598.8], [411187.37, 5658599.76], [411205.82, 5658611.1], [411206.36, 5658610.22], [411209.96, 5658604.36], [411211.9, 5658601.21]]]}}, {"type": "Feature", "properties": {"id": "UUID_08f4f77d-5e2c-4596-96f7-a19a31a24b9e", "z": 123.35}, "geometry": {"type": "Polygon", "coordinates": [[[411100.33, 5658881.45], [411102.73, 5658882.93], [411104.6, 5658884.08], [411129.13, 5658844.13], [411127.24, 5658842.95], [411124.83, 5658841.45], [411100.33, 5658881.45]]]}}, {"type": "Feature", "properties": {"id": "UUID_108c0df2-142b-4e06-945d-eafe96cfa463", "z": 122.24}, "geometry": {"type": "Polygon", "coordinates": [[[410262.0, 5659231.0], [410264.0, 5659233.0], [410266.0, 5659233.0], [410268.0, 5659234.0], [410269.0, 5659236.0], [410272.0, 5659236.0], [410273.0, 5659235.0], [410273.0, 5659232.0], [410279.0, 5659232.0], [410280.0, 5659234.0], [410280.0, 5659239.0], [410281.0, 5659240.0], [410286.28, 5659240.0], [410284.8, 5659229.38], [410284.41, 5659226.67], [410283.62, 5659220.94], [410277.12, 5659221.84], [410270.3, 5659222.79], [410262.0, 5659223.94], [410262.0, 5659231.0]]]}}, {"type": "Feature", "properties": {"id": "UUID_108c0df2-142b-4e06-945d-eafe96cfa463", "z": 119.09}, "geometry": {"type": "Polygon", "coordinates": [[[410261.0, 5659234.0], [410261.0, 5659233.0], [410264.0, 5659233.0], [410262.0, 5659231.0], [410262.0, 5659223.94], [410256.98, 5659224.64], [410257.12, 5659225.61], [410258.33, 5659234.0], [410261.0, 5659234.0]]]}}, {"type": "Feature", "properties": {"id": "UUID_108c0df2-142b-4e06-945d-eafe96cfa463", "z": 118.19}, "geometry": {"type": "Polygon", "coordinates": [[[410268.0, 5659252.0], [410267.0, 5659252.0], [410267.0, 5659249.0], [410266.0, 5659249.0], [410266.0, 5659245.0], [410265.0, 5659244.0], [410259.77, 5659244.0], [410261.26, 5659254.34], [410268.0, 5659253.42], [410268.0, 5659252.0]]]}}, {"type": "Feature", "properties": {"id": "UUID_108c0df2-142b-4e06-945d-eafe96cfa463", "z": 116.04}, "geometry": {"type": "Polygon", "coordinates": [[[410265.0, 5659244.0], [410266.0, 5659245.0], [410266.0, 5659249.0], [410267.0, 5659249.0], [410267.0, 5659252.0], [410268.0, 5659252.0], [410268.0, 5659253.42], [410276.61, 5659252.25], [410287.01, 5659250.81], [410287.78, 5659250.7], [410286.28, 5659240.0], [410281.0, 5659240.0], [410280.0, 5659239.0], [410280.0, 5659234.0], [410279.0, 5659232.0], [410273.0, 5659232.0], [410273.0, 5659235.0], [410272.0, 5659236.0], [410269.0, 5659236.0], [410268.0, 5659234.0], [410266.0, 5659233.0], [410261.0, 5659233.0], [410261.0, 5659234.0], [410258.33, 5659234.0], [410259.77, 5659244.0], [410265.0, 5659244.0]]]}}, {"type": "Feature", "properties": {"id": "UUID_1112681b-ab1a-448f-a22f-4c7bb174555f", "z": 124.95}, "geometry": {"type": "Polygon", "coordinates": [[[411135.64, 5658719.62], [411148.44, 5658723.19], [411148.45, 5658723.19], [411154.07, 5658709.62], [411154.0, 5658709.6], [411139.54, 5658705.56], [411135.64, 5658719.62]]]}}, {"type": "Feature", "properties": {"id": "UUID_1963661e-5d2b-4416-b4d5-87854da191fb", "z": 127.91}, "geometry": {"type": "Polygon", "coordinates": [[[411165.0, 5658624.0], [411166.0, 5658623.0], [411164.0, 5658620.0], [411161.0, 5658620.0], [411160.0, 5658618.0], [411158.0, 5658618.0], [411158.0, 5658620.0], [411160.0, 5658622.0], [411165.0, 5658624.0]]]}}, {"type": "Feature", "properties": {"id": "UUID_1963661e-5d2b-4416-b4d5-87854da191fb", "z": 126.86}, "geometry": {"type": "Polygon", "coordinates": [[[411158.0, 5658640.0], [411160.0, 5658639.0], [411160.0, 5658636.0], [411161.0, 5658634.0], [411163.0, 5658633.0], [411163.0, 5658628.0], [411160.0, 5658627.0], [411158.0, 5658625.0], [411155.0, 5658626.0], [411155.0, 5658629.0], [411154.0, 5658629.0], [411154.0, 5658633.0], [411153.0, 5658633.0], [411153.0, 5658636.0], [411158.0, 5658640.0]]]}}, {"type": "Feature", "properties": {"id": "UUID_1963661e-5d2b-4416-b4d5-87854da191fb", "z": 126.83}, "geometry": {"type": "Polygon", "coordinates": [[[411170.0, 5658614.0], [411171.0, 5658610.0], [411173.0, 5658609.0], [411174.0, 5658607.0], [411174.0, 5658602.0], [411176.0, 5658601.0], [411176.0, 5658598.0], [411177.0, 5658596.0], [411179.0, 5658596.0], [411179.0, 5658594.0], [411177.0, 5658592.0], [411175.0, 5658592.0], [411175.0, 5658590.0], [411173.0, 5658590.0], [411172.0, 5658588.0], [411169.0, 5658588.0], [411169.0, 5658585.0], [411168.0, 5658584.0], [411166.0, 5658586.0], [411166.0, 5658591.0], [411164.0, 5658593.0], [411164.0, 5658597.0], [411163.0, 5658597.0], [411163.0, 5658601.0], [411162.0, 5658601.0], [411162.0, 5658604.0], [411161.0, 5658604.0], [411161.0, 5658607.0], [411160.0, 5658607.0], [411160.0, 5658610.0], [411163.0, 5658611.0], [411167.0, 5658614.0], [411170.0, 5658614.0]]]}}, {"type": "Feature", "properties": {"id": "UUID_1963661e-5d2b-4416-b4d5-87854da191fb", "z": 124.97}, "geometry": {"type": "Polygon", "coordinates": [[[411164.54, 5658654.91], [411175.0, 5658629.84], [411174.93, 5658629.81], [411179.42, 5658618.96], [411179.4, 5658618.96], [411187.37, 5658599.76], [411189.89, 5658593.67], [411190.12, 5658593.12], [411191.87, 5658588.9], [411159.99, 5658569.31], [411140.02, 5658640.96], [411147.4, 5658645.47], [411164.2, 5658655.75], [411164.54, 5658654.91]], [[411153.0, 5658633.0], [411154.0, 5658633.0], [411154.0, 5658629.0], [411155.0, 5658629.0], [411155.0, 5658626.0], [411158.0, 5658625.0], [411160.0, 5658627.0], [411163.0, 5658628.0], [411163.0, 5658633.0], [411161.0, 5658634.0], [411160.0, 5658636.0], [411160.0, 5658639.0], [411158.0, 5658640.0], [411153.0, 5658636.0], [411153.0, 5658633.0]], [[411158.0, 5658620.0], [411158.0, 5658618.0], [411160.0, 5658618.0], [411161.0, 5658620.0], [411164.0, 5658620.0], [411166.0, 5658623.0], [411165.0, 5658624.0], [411160.0, 5658622.0], [411158.0, 5658620.0]], [[411163.0, 5658611.0], [411160.0, 5658610.0], [411160.0, 5658607.0], [411161.0, 5658607.0], [411161.0, 5658604.0], [411162.0, 5658604.0], [411162.0, 5658601.0], [411163.0, 5658601.0], [411163.0, 5658597.0], [411164.0, 5658597.0], [411164.0, 5658593.0], [411166.0, 5658591.0], [411166.0, 5658586.0], [411168.0, 5658584.0], [411169.0, 5658585.0], [411169.0, 5658588.0], [411172.0, 5658588.0], [411173.0, 5658590.0], [411175.0, 5658590.0], [411175.0, 5658592.0], [411177.0, 5658592.0], [411179.0, 5658594.0], [411179.0, 5658596.0], [411177.0, 5658596.0], [411176.0, 5658598.0], [411176.0, 5658601.0], [411174.0, 5658602.0], [411174.0, 5658607.0], [411173.0, 5658609.0], [411171.0, 5658610.0], [411170.0, 5658614.0], [411167.0, 5658614.0], [411163.0, 5658611.0]]]}}, {"type": "Feature", "properties": {"id": "UUID_1a70bb0f-9614-451c-8016-e20d0694162b", "z": 124.98}, "geometry": {"type": "Polygon", "coordinates": [[[411207.0, 5658611.0], [411207.0, 5658614.0], [411206.0, 5658614.0], [411206.0, 5658617.0], [411204.0, 5658618.0], [411204.0, 5658620.0], [411202.0, 5658621.0], [411202.0, 5658623.0], [411200.0, 5658624.0], [411200.0, 5658626.0], [411197.0, 5658628.0], [411197.0, 5658627.0], [411196.05, 5658627.0], [411195.75, 5658627.5], [411189.61, 5658637.48], [411215.97, 5658651.24], [411234.74, 5658618.01], [411235.97, 5658616.01], [411211.9, 5658601.21], [411209.96, 5658604.36], [411209.71, 5658604.77], [411205.88, 5658611.0], [411207.0, 5658611.0]]]}}, {"type": "Feature", "properties": {"id": "UUID_1a70bb0f-9614-451c-8016-e20d0694162b", "z": 117.71}, "geometry": {"type": "Polygon", "coordinates": [[[411197.0, 5658627.0], [411197.0, 5658628.0], [411200.0, 5658626.0], [411200.0, 5658624.0], [411202.0, 5658623.0], [411202.0, 5658621.0], [411204.0, 5658620.0], [411204.0, 5658618.0], [411206.0, 5658617.0], [411206.0, 5658614.0], [411207.0, 5658614.0], [411207.0, 5658611.0], [411205.88, 5658611.0], [411205.82, 5658611.1], [411196.05, 5658627.0], [411197.0, 5658627.0]]]}}, {"type": "Feature", "properties": {"id": "UUID_2347265d-43e1-45c5-986f-f9deedde007d", "z": 138.02}, "geometry": {"type": "Polygon", "coordinates": [[[410740.0, 5659757.0], [410740.0, 5659762.0], [410739.0, 5659762.0], [410739.0, 5659765.0], [410740.0, 5659765.0], [410740.0, 5659768.0], [410741.0, 5659768.0], [410741.0, 5659771.0], [410742.0, 5659771.0], [410743.0, 5659773.0], [410746.0, 5659773.0], [410747.0, 5659776.0], [410758.0, 5659776.0], [410759.79, 5659775.11], [410759.67, 5659774.99], [410755.03, 5659770.31], [410749.35, 5659764.59], [410741.81, 5659757.0], [410740.0, 5659757.0]]]}}, {"type": "Feature", "properties": {"id": "UUID_2347265d-43e1-45c5-986f-f9deedde007d", "z": 131.22}, "geometry": {"type": "Polygon", "coordinates": [[[410712.0, 5659815.0], [410716.0, 5659821.0], [410719.0, 5659821.0], [410719.0, 5659822.0], [410722.0, 5659822.0], [410723.0, 5659818.0], [410725.0, 5659817.0], [410726.0, 5659813.0], [410723.0, 5659812.0], [410722.0, 5659810.0], [410720.0, 5659809.0], [410719.0, 5659809.0], [410716.0, 5659809.0], [410716.0, 5659812.0], [410712.0, 5659815.0]]]}}, {"type": "Feature", "properties": {"id": "UUID_2347265d-43e1-45c5-986f-f9deedde007d", "z": 131.2}, "geometry": {"type": "Polygon", "coordinates": [[[410729.0, 5659800.0], [410731.0, 5659801.0], [410735.0, 5659801.0], [410737.0, 5659799.0], [410737.0, 5659797.0], [410739.0, 5659795.0], [410739.0, 5659792.0], [410735.0, 5659791.0], [410733.0, 5659788.0], [410727.0, 5659792.0], [410727.0, 5659794.0], [410726.0, 5659794.0], [410726.0, 5659798.0], [410728.0, 5659798.0], [410729.0, 5659800.0]]]}}, {"type": "Feature", "properties": {"id": "UUID_2347265d-43e1-45c5-986f-f9deedde007d", "z": 128.21}, "geometry": {"type": "Polygon", "coordinates": [[[410758.0, 5659776.0], [410747.0, 5659776.0], [410746.0, 5659773.0], [410745.0, 5659773.0], [410745.0, 5659775.0], [410743.0, 5659775.0], [410741.0, 5659777.0], [410741.0, 5659779.0], [410737.0, 5659782.0], [410736.0, 5659780.0], [410732.0, 5659779.0], [410731.0, 5659777.0], [410727.0, 5659776.0], [410725.0, 5659773.0], [410723.0, 5659772.0], [410719.0, 5659772.0], [410709.0, 5659781.0], [410712.0, 5659785.0], [410714.0, 5659785.0], [410715.0, 5659787.0], [410717.0, 5659787.0], [410718.0, 5659789.0], [410720.0, 5659789.0], [410721.0, 5659791.0], [410723.0, 5659791.0], [410725.0, 5659794.0], [410727.0, 5659794.0], [410727.0, 5659792.0], [410733.0, 5659788.0], [410735.0, 5659791.0], [410739.0, 5659792.0], [410739.0, 5659795.0], [410737.0, 5659797.0], [410737.0, 5659799.0], [410735.0, 5659801.0], [410731.0, 5659801.0], [410729.0, 5659800.0], [410728.0, 5659798.0], [410727.0, 5659798.0], [410727.0, 5659800.0], [410725.0, 5659801.0], [410725.0, 5659804.0], [410722.0, 5659806.0], [410721.0, 5659809.0], [410720.0, 5659809.0], [410722.0, 5659810.0], [410723.0, 5659812.0], [410726.0, 5659813.0], [410725.0, 5659817.0], [410723.0, 5659818.0], [410722.0, 5659822.0], [410719.0, 5659822.0], [410719.0, 5659821.0], [410716.0, 5659821.0], [410712.0, 5659815.0], [410716.0, 5659812.0], [410716.0, 5659810.0], [410712.0, 5659809.0], [410710.0, 5659806.0], [410706.0, 5659805.0], [410705.0, 5659803.0], [410703.0, 5659803.0], [410701.0, 5659800.0], [410699.0, 5659800.0], [410698.0, 5659798.0], [410696.0, 5659797.0], [410693.0, 5659797.0], [410693.0, 5659798.0], [410684.0, 5659806.0], [410683.56, 5659807.33], [410684.24, 5659807.77], [410722.76, 5659832.86], [410724.66, 5659829.94], [410728.75, 5659823.66], [410740.76, 5659805.25], [410745.13, 5659798.55], [410760.17, 5659775.49], [410759.79, 5659775.11], [410758.0, 5659776.0]]]}}, {"type": "Feature", "properties": {"id": "UUID_2347265d-43e1-45c5-986f-f9deedde007d", "z": 127.44}, "geometry": {"type": "Polygon", "coordinates": [[[410741.0, 5659771.0], [410741.0, 5659768.0], [410740.0, 5659768.0], [410740.0, 5659765.0], [410739.0, 5659765.0], [410739.0, 5659762.0], [410740.0, 5659762.0], [410740.0, 5659758.0], [410738.0, 5659759.0], [410738.0, 5659768.0], [410739.0, 5659768.0], [410740.0, 5659771.0], [410741.0, 5659771.0]]]}}, {"type": "Feature", "properties": {"id": "UUID_2347265d-43e1-45c5-986f-f9deedde007d", "z": 121.99}, "geometry": {"type": "Polygon", "coordinates": [[[410692.0, 5659790.0], [410694.0, 5659790.0], [410694.0, 5659789.0], [410702.0, 5659782.0], [410702.0, 5659780.0], [410700.0, 5659779.0], [410700.0, 5659777.53], [410691.09, 5659786.37], [410692.0, 5659790.0]]]}}, {"type": "Feature", "properties": {"id": "UUID_2347265d-43e1-45c5-986f-f9deedde007d", "z": 116.69}, "geometry": {"type": "Polygon", "coordinates": [[[410687.0, 5659792.0], [410690.0, 5659793.0], [410691.0, 5659791.0], [410693.0, 5659790.0], [410692.0, 5659790.0], [410691.09, 5659786.37], [410687.0, 5659790.43], [410687.0, 5659792.0]]]}}, {"type": "Feature", "properties": {"id": "UUID_2347265d-43e1-45c5-986f-f9deedde007d", "z": 114.61}, "geometry": {"type": "Polygon", "coordinates": [[[410700.0, 5659779.0], [410702.0, 5659780.0], [410702.0, 5659782.0], [410694.0, 5659789.0], [410694.0, 5659790.0], [410693.0, 5659790.0], [410691.0, 5659791.0], [410690.0, 5659793.0], [410687.0, 5659792.0], [410687.0, 5659790.43], [410675.29, 5659802.06], [410683.56, 5659807.33], [410684.0, 5659806.0], [410693.0, 5659798.0], [410693.0, 5659797.0], [410696.0, 5659797.0], [410698.0, 5659798.0], [410699.0, 5659800.0], [410701.0, 5659800.0], [410703.0, 5659803.0], [410705.0, 5659803.0], [410706.0, 5659805.0], [410710.0, 5659806.0], [410712.0, 5659809.0], [410716.0, 5659810.0], [410716.0, 5659809.0], [410719.0, 5659809.0], [410721.0, 5659809.0], [410722.0, 5659806.0], [410725.0, 5659804.0], [410725.0, 5659801.0], [410727.0, 5659800.0], [410727.0, 5659798.0], [410726.0, 5659798.0], [410726.0, 5659794.0], [410725.0, 5659794.0], [410723.0, 5659791.0], [410721.0, 5659791.0], [410720.0, 5659789.0], [410718.0, 5659789.0], [410717.0, 5659787.0], [410715.0, 5659787.0], [410714.0, 5659785.0], [410712.0, 5659785.0], [410709.0, 5659781.0], [410719.0, 5659772.0], [410723.0, 5659772.0], [410725.0, 5659773.0], [410727.0, 5659776.0], [410731.0, 5659777.0], [410732.0, 5659779.0], [410736.0, 5659780.0], [410737.0, 5659782.0], [410741.0, 5659779.0], [410741.0, 5659777.0], [410743.0, 5659775.0], [410745.0, 5659775.0], [410745.0, 5659773.0], [410743.0, 5659773.0], [410742.0, 5659771.0], [410740.0, 5659771.0], [410739.0, 5659768.0], [410738.0, 5659768.0], [410738.0, 5659759.0], [410740.0, 5659758.0], [410740.0, 5659757.0], [410741.81, 5659757.0], [410741.39, 5659756.58], [410731.33, 5659746.45], [410731.32, 5659746.44], [410700.0, 5659777.53], [410700.0, 5659779.0]], [[410711.0, 5659797.0], [410714.0, 5659795.0], [410714.0, 5659794.0], [410717.0, 5659794.0], [410717.0, 5659798.0], [410716.0, 5659800.0], [410713.0, 5659800.0], [410711.0, 5659797.0]]]}}, {"type": "Feature", "properties": {"id": "UUID_2347265d-43e1-45c5-986f-f9deedde007d", "z": 112.67}, "geometry": {"type": "Polygon", "coordinates": [[[410716.0, 5659800.0], [410717.0, 5659798.0], [410717.0, 5659794.0], [410714.0, 5659794.0], [410714.0, 5659795.0], [410711.0, 5659797.0], [410713.0, 5659800.0], [410716.0, 5659800.0]]]}}, {"type": "Feature", "properties": {"id": "UUID_3b6a03cd-5dcb-4293-adc1-26479e0c173d", "z": 125.77}, "geometry": {"type": "Polygon", "coordinates": [[[411182.0, 5658687.0], [411180.0, 5658684.0], [411177.0, 5658684.0], [411177.0, 5658682.0], [411173.0, 5658681.0], [411172.0, 5658679.0], [411170.0, 5658678.0], [411167.0, 5658678.0], [411166.0, 5658679.0], [411166.0, 5658682.0], [411165.0, 5658682.0], [411165.0, 5658684.29], [411183.4, 5658692.99], [411185.46, 5658688.35], [411186.29, 5658687.0], [411182.0, 5658687.0]]]}}, {"type": "Feature", "properties": {"id": "UUID_3b6a03cd-5dcb-4293-adc1-26479e0c173d", "z": 121.49}, "geometry": {"type": "Polygon", "coordinates": [[[411165.0, 5658682.0], [411166.0, 5658682.0], [411166.0, 5658679.0], [411167.0, 5658678.0], [411170.0, 5658678.0], [411172.0, 5658679.0], [411173.0, 5658681.0], [411177.0, 5658682.0], [411177.0, 5658684.0], [411180.0, 5658684.0], [411182.0, 5658687.0], [411186.29, 5658687.0], [411194.65, 5658673.42], [411164.54, 5658654.91], [411164.2, 5658655.75], [411154.92, 5658678.14], [411164.63, 5658684.11], [411165.0, 5658684.29], [411165.0, 5658682.0]]]}}, {"type": "Feature", "properties": {"id": "UUID_3d5a2bad-8683-43eb-98ed-5f97370500be", "z": 120.05}, "geometry": {"type": "Polygon", "coordinates": [[[411374.0, 5659033.0], [411374.0, 5659034.0], [411372.0, 5659034.0], [411372.0, 5659037.0], [411374.0, 5659037.0], [411375.0, 5659039.0], [411379.52, 5659039.0], [411378.59, 5659033.0], [411374.0, 5659033.0]]]}}, {"type": "Feature", "properties": {"id": "UUID_3d5a2bad-8683-43eb-98ed-5f97370500be", "z": 117.32}, "geometry": {"type": "Polygon", "coordinates": [[[411374.0, 5659034.0], [411374.0, 5659033.0], [411378.59, 5659033.0], [411377.65, 5659027.0], [411377.0, 5659027.0], [411377.0, 5659026.0], [411377.5, 5659026.0], [411376.87, 5659022.0], [411376.0, 5659022.0], [411376.0, 5659020.0], [411376.56, 5659020.0], [411376.09, 5659017.0], [411376.0, 5659017.0], [411376.0, 5659018.0], [411372.0, 5659018.0], [411372.0, 5659019.0], [411371.0, 5659019.0], [411371.0, 5659016.0], [411370.0, 5659016.0], [411370.0, 5659009.49], [411359.39, 5659014.54], [411340.56, 5659023.51], [411347.64, 5659068.94], [411383.32, 5659063.37], [411379.52, 5659039.0], [411375.0, 5659039.0], [411374.0, 5659037.0], [411372.0, 5659037.0], [411372.0, 5659041.0], [411373.0, 5659041.0], [411373.0, 5659049.0], [411374.0, 5659049.0], [411374.0, 5659054.0], [411372.0, 5659054.0], [411372.0, 5659055.0], [411364.0, 5659055.0], [411364.0, 5659051.0], [411365.0, 5659051.0], [411365.0, 5659048.0], [411364.0, 5659048.0], [411364.0, 5659039.0], [411363.0, 5659039.0], [411363.0, 5659031.0], [411370.0, 5659031.0], [411370.0, 5659030.0], [411371.0, 5659030.0], [411371.0, 5659033.0], [411372.0, 5659033.0], [411372.0, 5659034.0], [411374.0, 5659034.0]]]}}, {"type": "Feature", "properties": {"id": "UUID_3de1ecbc-eb71-414b-97cc-0c9fddc42d8e", "z": 124.2}, "geometry": {"type": "Polygon", "coordinates": [[[410358.0, 5659162.0], [410360.0, 5659163.0], [410361.0, 5659167.0], [410364.0, 5659169.0], [410364.0, 5659171.1], [410376.09, 5659162.48], [410368.92, 5659152.41], [410358.0, 5659160.07], [410358.0, 5659162.0]]]}}, {"type": "Feature", "properties": {"id": "UUID_3de1ecbc-eb71-414b-97cc-0c9fddc42d8e", "z": 115.55}, "geometry": {"type": "Polygon", "coordinates": [[[410364.0, 5659169.0], [410361.0, 5659167.0], [410360.0, 5659163.0], [410358.0, 5659162.0], [410358.0, 5659160.07], [410355.55, 5659161.79], [410362.81, 5659171.96], [410364.0, 5659171.1], [410364.0, 5659169.0]]]}}, {"type": "Feature", "properties": {"id": "UUID_4238c3c6-775e-48bb-9262-0a0e25061cfd", "z": 124.96}, "geometry": {"type": "Polygon", "coordinates": [[[411195.75, 5658627.5], [411179.42, 5658618.96], [411174.93, 5658629.81], [411175.0, 5658629.84], [411189.61, 5658637.48], [411195.75, 5658627.5]]]}}, {"type": "Feature", "properties": {"id": "UUID_4c1c168f-2186-47a5-b239-5065175ab765", "z": 131.75}, "geometry": {"type": "Polygon", "coordinates": [[[410836.0, 5658797.0], [410841.0, 5658793.0], [410841.0, 5658790.0], [410840.0, 5658788.0], [410838.0, 5658788.0], [410836.0, 5658785.0], [410834.0, 5658785.0], [410834.0, 5658786.0], [410829.0, 5658790.0], [410829.0, 5658791.64], [410833.13, 5658796.14], [410833.2, 5658796.22], [410836.0, 5658799.27], [410836.0, 5658797.0]]]}}, {"type": "Feature", "properties": {"id": "UUID_4c1c168f-2186-47a5-b239-5065175ab765", "z": 129.77}, "geometry": {"type": "Polygon", "coordinates": [[[410842.0, 5658793.0], [410841.0, 5658791.0], [410841.0, 5658793.0], [410836.0, 5658797.0], [410836.0, 5658799.27], [410836.82, 5658800.17], [410836.97, 5658800.03], [410837.08, 5658799.76], [410844.49, 5658793.0], [410842.0, 5658793.0]]]}}, {"type": "Feature", "properties": {"id": "UUID_4c1c168f-2186-47a5-b239-5065175ab765", "z": 126.19}, "geometry": {"type": "Polygon", "coordinates": [[[410835.0, 5658783.0], [410835.0, 5658785.0], [410836.0, 5658785.0], [410838.0, 5658788.0], [410840.0, 5658788.0], [410841.0, 5658790.0], [410841.0, 5658791.0], [410842.0, 5658793.0], [410844.49, 5658793.0], [410845.72, 5658791.88], [410846.15, 5658791.47], [410846.58, 5658791.09], [410843.03, 5658787.14], [410839.31, 5658783.0], [410835.0, 5658783.0]]]}}, {"type": "Feature", "properties": {"id": "UUID_4c1c168f-2186-47a5-b239-5065175ab765", "z": 123.54}, "geometry": {"type": "Polygon", "coordinates": [[[410829.0, 5658790.0], [410834.0, 5658786.0], [410834.0, 5658785.0], [410835.0, 5658785.0], [410835.0, 5658783.0], [410839.31, 5658783.0], [410837.84, 5658781.37], [410835.52, 5658778.84], [410826.33, 5658787.36], [410825.65, 5658787.99], [410828.65, 5658791.26], [410829.0, 5658791.64], [410829.0, 5658790.0]]]}}, {"type": "Feature", "properties": {"id": "UUID_53216044-359c-42a3-adfb-2d101fee3c95", "z": 136.08}, "geometry": {"type": "Polygon", "coordinates": [[[411519.0, 5658338.0], [411521.0, 5658340.0], [411524.0, 5658340.0], [411526.0, 5658342.0], [411529.0, 5658342.0], [411531.0, 5658344.0], [411534.0, 5658344.0], [411536.0, 5658346.0], [411539.0, 5658346.0], [411539.0, 5658347.0], [411542.45, 5658347.0], [411543.52, 5658344.0], [411540.0, 5658344.0], [411538.0, 5658342.0], [411535.0, 5658342.0], [411533.0, 5658341.0], [411533.0, 5658339.0], [411531.0, 5658339.0], [411531.0, 5658337.0], [411529.0, 5658336.0], [411524.0, 5658336.0], [411524.0, 5658335.0], [411521.0, 5658335.0], [411520.0, 5658333.0], [411518.98, 5658333.0], [411516.97, 5658338.0], [411519.0, 5658338.0]]]}}, {"type": "Feature", "properties": {"id": "UUID_53216044-359c-42a3-adfb-2d101fee3c95", "z": 134.55}, "geometry": {"type": "Polygon", "coordinates": [[[411518.0, 5658340.0], [411520.0, 5658342.0], [411523.0, 5658342.0], [411525.0, 5658344.0], [411528.0, 5658344.0], [411530.0, 5658346.0], [411533.0, 5658346.0], [411535.0, 5658348.0], [411542.09, 5658348.0], [411542.45, 5658347.0], [411539.0, 5658347.0], [411539.0, 5658346.0], [411536.0, 5658346.0], [411534.0, 5658344.0], [411531.0, 5658344.0], [411529.0, 5658342.0], [411526.0, 5658342.0], [411524.0, 5658340.0], [411521.0, 5658340.0], [411519.0, 5658338.0], [411516.97, 5658338.0], [411516.17, 5658340.0], [411518.0, 5658340.0]]]}}, {"type": "Feature", "properties": {"id": "UUID_53216044-359c-42a3-adfb-2d101fee3c95", "z": 133.09}, "geometry": {"type": "Polygon", "coordinates": [[[411520.0, 5658333.0], [411521.0, 5658335.0], [411524.0, 5658335.0], [411524.0, 5658336.0], [411529.0, 5658336.0], [411531.0, 5658337.0], [411531.0, 5658339.0], [411533.0, 5658339.0], [411533.0, 5658341.0], [411535.0, 5658342.0], [411538.0, 5658342.0], [411540.0, 5658344.0], [411543.52, 5658344.0], [411544.89, 5658340.14], [411544.89, 5658340.13], [411520.12, 5658330.15], [411518.98, 5658333.0], [411520.0, 5658333.0]]]}}, {"type": "Feature", "properties": {"id": "UUID_53216044-359c-42a3-adfb-2d101fee3c95", "z": 132.58}, "geometry": {"type": "Polygon", "coordinates": [[[411535.0, 5658348.0], [411533.0, 5658346.0], [411530.0, 5658346.0], [411528.0, 5658344.0], [411525.0, 5658344.0], [411523.0, 5658342.0], [411520.0, 5658342.0], [411518.0, 5658340.0], [411516.17, 5658340.0], [411515.28, 5658342.21], [411540.52, 5658352.42], [411542.09, 5658348.0], [411535.0, 5658348.0]]]}}, {"type": "Feature", "properties": {"id": "UUID_54f1ad8f-1daa-48c3-9c8a-328b07340d97", "z": 146.55}, "geometry": {"type": "Polygon", "coordinates": [[[410755.0, 5659756.0], [410756.0, 5659759.0], [410758.0, 5659759.0], [410760.0, 5659754.0], [410762.9, 5659753.03], [410761.94, 5659752.33], [410758.81, 5659750.05], [410757.71, 5659751.74], [410754.94, 5659756.0], [410755.0, 5659756.0]]]}}, {"type": "Feature", "properties": {"id": "UUID_54f1ad8f-1daa-48c3-9c8a-328b07340d97", "z": 141.44}, "geometry": {"type": "Polygon", "coordinates": [[[410754.0, 5659768.0], [410757.0, 5659767.0], [410757.0, 5659759.0], [410756.0, 5659759.0], [410755.0, 5659756.0], [410754.94, 5659756.0], [410749.35, 5659764.59], [410754.0, 5659769.28], [410754.0, 5659768.0]]]}}, {"type": "Feature", "properties": {"id": "UUID_54f1ad8f-1daa-48c3-9c8a-328b07340d97", "z": 138.04}, "geometry": {"type": "Polygon", "coordinates": [[[410760.0, 5659754.0], [410758.0, 5659759.0], [410757.0, 5659759.0], [410757.0, 5659767.0], [410754.0, 5659768.0], [410754.0, 5659769.28], [410755.03, 5659770.31], [410759.67, 5659774.99], [410760.17, 5659775.49], [410763.81, 5659769.91], [410766.35, 5659766.0], [410765.0, 5659766.0], [410765.0, 5659759.0], [410764.0, 5659759.0], [410764.0, 5659756.0], [410763.0, 5659754.0], [410763.0, 5659753.1], [410762.9, 5659753.03], [410760.0, 5659754.0]]]}}, {"type": "Feature", "properties": {"id": "UUID_54f1ad8f-1daa-48c3-9c8a-328b07340d97", "z": 125.76}, "geometry": {"type": "Polygon", "coordinates": [[[410763.0, 5659754.0], [410764.0, 5659756.0], [410764.0, 5659759.0], [410765.0, 5659759.0], [410765.0, 5659766.0], [410766.35, 5659766.0], [410770.97, 5659758.91], [410765.2, 5659754.7], [410763.0, 5659753.1], [410763.0, 5659754.0]]]}}, {"type": "Feature", "properties": {"id": "UUID_55d59653-3c7a-40d2-aabf-73ba271e94ae", "z": 120.22}, "geometry": {"type": "Polygon", "coordinates": [[[411294.0, 5659502.0], [411295.0, 5659500.0], [411297.0, 5659499.0], [411300.0, 5659499.0], [411308.0, 5659494.0], [411311.0, 5659494.0], [411313.0, 5659492.0], [411316.0, 5659492.0], [411317.0, 5659490.0], [411320.0, 5659490.0], [411320.0, 5659489.0], [411323.0, 5659489.0], [411325.0, 5659487.0], [411324.0, 5659485.0], [411324.0, 5659482.0], [411323.0, 5659480.0], [411321.0, 5659479.0], [411321.0, 5659475.0], [411319.0, 5659474.0], [411319.0, 5659472.0], [411317.0, 5659470.0], [411317.0, 5659467.0], [411316.0, 5659467.0], [411315.0, 5659464.0], [411311.0, 5659464.0], [411301.0, 5659470.0], [411298.0, 5659470.0], [411294.0, 5659473.0], [411291.0, 5659473.0], [411290.0, 5659475.0], [411287.0, 5659475.0], [411287.0, 5659476.0], [411284.0, 5659476.0], [411283.0, 5659478.0], [411282.11, 5659478.0], [411283.54, 5659481.18], [411287.5, 5659489.96], [411287.61, 5659490.21], [411292.57, 5659501.22], [411292.6, 5659501.29], [411292.92, 5659502.0], [411294.0, 5659502.0]]]}}, {"type": "Feature", "properties": {"id": "UUID_55d59653-3c7a-40d2-aabf-73ba271e94ae", "z": 114.24}, "geometry": {"type": "Polygon", "coordinates": [[[411283.0, 5659478.0], [411284.0, 5659476.0], [411287.0, 5659476.0], [411287.0, 5659475.0], [411290.0, 5659475.0], [411291.0, 5659473.0], [411294.0, 5659473.0], [411298.0, 5659470.0], [411301.0, 5659470.0], [411311.0, 5659464.0], [411315.0, 5659464.0], [411316.0, 5659467.0], [411317.0, 5659467.0], [411317.0, 5659470.0], [411319.0, 5659472.0], [411319.0, 5659474.0], [411321.0, 5659475.0], [411321.0, 5659479.0], [411323.0, 5659480.0], [411324.0, 5659482.0], [411324.0, 5659485.0], [411325.0, 5659487.0], [411323.0, 5659489.0], [411320.0, 5659489.0], [411320.0, 5659490.0], [411317.0, 5659490.0], [411316.0, 5659492.0], [411313.0, 5659492.0], [411311.0, 5659494.0], [411308.0, 5659494.0], [411300.0, 5659499.0], [411297.0, 5659499.0], [411295.0, 5659500.0], [411294.0, 5659502.0], [411292.92, 5659502.0], [411296.09, 5659509.04], [411337.04, 5659490.63], [411333.49, 5659482.74], [411323.23, 5659459.94], [411323.23, 5659459.94], [411321.59, 5659456.28], [411315.86, 5659458.85], [411280.61, 5659474.66], [411282.11, 5659478.0], [411283.0, 5659478.0]]]}}, {"type": "Feature", "properties": {"id": "UUID_57fe59f9-a948-443f-b89b-9fa621fce6b2", "z": 123.09}, "geometry": {"type": "Polygon", "coordinates": [[[410746.15, 5659960.17], [410746.66, 5659959.95], [410745.22, 5659956.65], [410744.71, 5659956.87], [410741.64, 5659949.78], [410731.28, 5659954.25], [410730.41, 5659954.63], [410732.86, 5659960.26], [410732.85, 5659960.26], [410734.91, 5659965.03], [410737.89, 5659971.9], [410738.76, 5659971.52], [410749.12, 5659967.03], [410746.15, 5659960.17]]]}}, {"type": "Feature", "properties": {"id": "UUID_747913b2-8a4b-47f4-9432-8a82bb9e4484", "z": 123.2}, "geometry": {"type": "Polygon", "coordinates": [[[410731.0, 5659935.33], [410731.0, 5659938.0], [410732.0, 5659938.0], [410732.0, 5659940.0], [410733.0, 5659940.0], [410733.0, 5659942.66], [410734.51, 5659942.0], [410734.0, 5659942.0], [410734.0, 5659938.0], [410733.0, 5659938.0], [410733.0, 5659937.0], [410732.0, 5659937.0], [410732.0, 5659935.0], [410731.0, 5659935.33]]]}}, {"type": "Feature", "properties": {"id": "UUID_747913b2-8a4b-47f4-9432-8a82bb9e4484", "z": 123.13}, "geometry": {"type": "Polygon", "coordinates": [[[410732.0, 5659943.0], [410730.0, 5659943.0], [410730.0, 5659942.0], [410729.0, 5659942.0], [410729.0, 5659941.0], [410728.0, 5659941.0], [410728.0, 5659940.0], [410727.0, 5659940.0], [410727.0, 5659938.0], [410726.0, 5659938.0], [410726.0, 5659936.0], [410727.0, 5659936.0], [410727.0, 5659934.0], [410728.0, 5659934.0], [410728.0, 5659931.0], [410729.0, 5659931.0], [410729.0, 5659927.0], [410728.0, 5659927.0], [410728.0, 5659921.33], [410721.37, 5659924.2], [410717.88, 5659925.71], [410721.94, 5659935.07], [410724.32, 5659940.56], [410724.33, 5659940.56], [410726.46, 5659945.49], [410732.06, 5659943.06], [410732.0, 5659943.0]]]}}, {"type": "Feature", "properties": {"id": "UUID_9a60e4fe-154a-4f8f-a38b-d736bbdb05e4", "z": 136.28}, "geometry": {"type": "Polygon", "coordinates": [[[411568.0, 5658268.0], [411568.0, 5658267.0], [411565.0, 5658267.0], [411565.0, 5658266.0], [411562.0, 5658266.0], [411562.0, 5658265.0], [411559.0, 5658265.0], [411559.0, 5658264.0], [411556.0, 5658264.0], [411554.0, 5658262.0], [411551.0, 5658262.0], [411549.0, 5658260.0], [411548.0, 5658260.0], [411547.74, 5658260.73], [411546.93, 5658263.0], [411548.0, 5658263.0], [411549.0, 5658265.0], [411552.0, 5658265.0], [411552.0, 5658266.0], [411555.0, 5658266.0], [411555.0, 5658267.0], [411558.0, 5658267.0], [411560.0, 5658269.0], [411563.0, 5658269.0], [411563.0, 5658270.0], [411566.0, 5658270.0], [411566.0, 5658271.0], [411569.52, 5658271.0], [411570.59, 5658268.0], [411568.0, 5658268.0]]]}}, {"type": "Feature", "properties": {"id": "UUID_9a60e4fe-154a-4f8f-a38b-d736bbdb05e4", "z": 134.54}, "geometry": {"type": "Polygon", "coordinates": [[[411566.0, 5658271.0], [411566.0, 5658270.0], [411563.0, 5658270.0], [411563.0, 5658269.0], [411560.0, 5658269.0], [411558.0, 5658267.0], [411555.0, 5658267.0], [411555.0, 5658266.0], [411552.0, 5658266.0], [411552.0, 5658265.0], [411549.0, 5658265.0], [411548.0, 5658263.0], [411546.93, 5658263.0], [411545.86, 5658266.0], [411548.0, 5658266.0], [411548.0, 5658267.0], [411551.0, 5658267.0], [411551.0, 5658268.0], [411554.0, 5658268.0], [411554.0, 5658269.0], [411557.0, 5658269.0], [411559.0, 5658271.0], [411562.0, 5658271.0], [411562.0, 5658272.0], [411565.0, 5658272.0], [411567.0, 5658274.0], [411568.3, 5658274.43], [411569.52, 5658271.0], [411566.0, 5658271.0]]]}}, {"type": "Feature", "properties": {"id": "UUID_9a60e4fe-154a-4f8f-a38b-d736bbdb05e4", "z": 134.49}, "geometry": {"type": "Polygon", "coordinates": [[[411563.0, 5658265.0], [411563.0, 5658263.0], [411560.0, 5658263.0], [411560.0, 5658262.0], [411557.0, 5658262.0], [411555.0, 5658260.0], [411552.0, 5658260.0], [411550.0, 5658258.0], [411548.71, 5658258.0], [411548.0, 5658260.0], [411549.0, 5658260.0], [411551.0, 5658262.0], [411554.0, 5658262.0], [411556.0, 5658264.0], [411559.0, 5658264.0], [411559.0, 5658265.0], [411562.0, 5658265.0], [411562.0, 5658266.0], [411565.0, 5658266.0], [411565.0, 5658267.0], [411568.0, 5658267.0], [411568.0, 5658268.0], [411570.59, 5658268.0], [411571.66, 5658265.0], [411563.0, 5658265.0]]]}}, {"type": "Feature", "properties": {"id": "UUID_9a60e4fe-154a-4f8f-a38b-d736bbdb05e4", "z": 132.65}, "geometry": {"type": "Polygon", "coordinates": [[[411567.0, 5658274.0], [411565.0, 5658272.0], [411562.0, 5658272.0], [411562.0, 5658271.0], [411559.0, 5658271.0], [411557.0, 5658269.0], [411554.0, 5658269.0], [411554.0, 5658268.0], [411551.0, 5658268.0], [411551.0, 5658267.0], [411548.0, 5658267.0], [411548.0, 5658266.0], [411545.86, 5658266.0], [411545.11, 5658268.1], [411567.68, 5658276.16], [411567.68, 5658276.17], [411568.3, 5658274.43], [411567.0, 5658274.0]]]}}, {"type": "Feature", "properties": {"id": "UUID_9a60e4fe-154a-4f8f-a38b-d736bbdb05e4", "z": 132.4}, "geometry": {"type": "Polygon", "coordinates": [[[411550.0, 5658258.0], [411552.0, 5658260.0], [411555.0, 5658260.0], [411557.0, 5658262.0], [411560.0, 5658262.0], [411560.0, 5658263.0], [411563.0, 5658263.0], [411563.0, 5658265.0], [411571.66, 5658265.0], [411572.04, 5658263.92], [411572.04, 5658263.92], [411549.47, 5658255.88], [411548.71, 5658258.0], [411550.0, 5658258.0]]]}}, {"type": "Feature", "properties": {"id": "UUID_a22674ca-bd62-41dc-ab6e-e8bb592063ff", "z": 124.6}, "geometry": {"type": "Polygon", "coordinates": [[[410353.78, 5659106.3], [410363.34, 5659119.58], [410374.32, 5659111.69], [410364.78, 5659098.42], [410363.32, 5659099.47], [410353.78, 5659106.3]]]}}, {"type": "Feature", "properties": {"id": "UUID_a5155600-9e32-47ae-aa41-344aea6960b9", "z": 125.19}, "geometry": {"type": "Polygon", "coordinates": [[[410690.0, 5659197.0], [410689.0, 5659199.0], [410685.0, 5659200.0], [410685.0, 5659202.0], [410684.1, 5659202.0], [410685.37, 5659204.82], [410685.81, 5659205.79], [410689.28, 5659213.5], [410698.6, 5659209.35], [410694.88, 5659201.54], [410692.72, 5659197.0], [410690.0, 5659197.0]]]}}, {"type": "Feature", "properties": {"id": "UUID_afd9fea1-fd81-4fd1-ae55-f4a04e6bf9d1", "z": 128.38}, "geometry": {"type": "Polygon", "coordinates": [[[411172.0, 5658695.0], [411174.0, 5658695.0], [411175.0, 5658697.0], [411178.0, 5658697.0], [411180.0, 5658698.0], [411180.0, 5658696.0], [411177.0, 5658695.0], [411176.0, 5658693.0], [411174.0, 5658693.0], [411174.0, 5658692.0], [411170.0, 5658691.0], [411170.0, 5658693.0], [411172.0, 5658695.0]]]}}, {"type": "Feature", "properties": {"id": "UUID_afd9fea1-fd81-4fd1-ae55-f4a04e6bf9d1", "z": 126.82}, "geometry": {"type": "Polygon", "coordinates": [[[411167.0, 5658688.0], [411166.0, 5658690.0], [411170.0, 5658693.0], [411170.0, 5658691.0], [411174.0, 5658692.0], [411174.0, 5658693.0], [411175.0, 5658693.0], [411175.0, 5658692.0], [411178.0, 5658692.0], [411180.0, 5658694.0], [411183.0, 5658694.0], [411183.0, 5658692.8], [411167.0, 5658685.23], [411167.0, 5658688.0]]]}}, {"type": "Feature", "properties": {"id": "UUID_afd9fea1-fd81-4fd1-ae55-f4a04e6bf9d1", "z": 126.73}, "geometry": {"type": "Polygon", "coordinates": [[[411170.0, 5658695.0], [411173.0, 5658697.0], [411173.0, 5658699.0], [411170.0, 5658700.0], [411170.0, 5658704.0], [411168.0, 5658705.0], [411168.0, 5658708.0], [411172.0, 5658708.0], [411172.0, 5658709.0], [411176.0, 5658706.0], [411177.0, 5658702.0], [411179.0, 5658701.0], [411180.0, 5658699.0], [411180.0, 5658698.0], [411178.0, 5658697.0], [411175.0, 5658697.0], [411174.0, 5658695.0], [411172.0, 5658695.0], [411170.0, 5658693.0], [411170.0, 5658695.0]]]}}, {"type": "Feature", "properties": {"id": "UUID_afd9fea1-fd81-4fd1-ae55-f4a04e6bf9d1", "z": 124.95}, "geometry": {"type": "Polygon", "coordinates": [[[411183.0, 5658694.0], [411180.0, 5658694.0], [411178.0, 5658692.0], [411175.0, 5658692.0], [411175.0, 5658693.0], [411176.0, 5658693.0], [411177.0, 5658695.0], [411180.0, 5658696.0], [411180.0, 5658699.0], [411179.0, 5658701.0], [411177.0, 5658702.0], [411176.0, 5658706.0], [411172.0, 5658709.0], [411172.0, 5658708.0], [411168.0, 5658708.0], [411168.0, 5658705.0], [411170.0, 5658704.0], [411170.0, 5658700.0], [411173.0, 5658699.0], [411173.0, 5658697.0], [411170.0, 5658695.0], [411170.0, 5658693.0], [411166.0, 5658690.0], [411167.0, 5658688.0], [411167.0, 5658685.23], [411164.63, 5658684.11], [411154.0, 5658709.6], [411154.07, 5658709.62], [411148.45, 5658723.19], [411148.44, 5658723.19], [411140.03, 5658743.55], [411135.34, 5658754.88], [411148.61, 5658763.03], [411189.78, 5658696.0], [411183.4, 5658692.99], [411183.0, 5658692.8], [411183.0, 5658694.0]]]}}, {"type": "Feature", "properties": {"id": "UUID_b15b7d08-15ec-4f8f-a7c2-80f7bde953fc", "z": 121.49}, "geometry": {"type": "Polygon", "coordinates": [[[411145.23, 5658653.17], [411140.67, 5658669.38], [411147.62, 5658673.65], [411154.92, 5658678.14], [411164.2, 5658655.75], [411147.4, 5658645.47], [411145.23, 5658653.17]]]}}, {"type": "Feature", "properties": {"id": "UUID_b164cf4a-fdb9-4e27-892f-51248c9702a5", "z": 123.54}, "geometry": {"type": "Polygon", "coordinates": [[[410299.44, 5659118.67], [410305.5, 5659114.71], [410312.97, 5659109.83], [410306.99, 5659101.26], [410293.72, 5659109.91], [410299.44, 5659118.67]]]}}, {"type": "Feature", "properties": {"id": "UUID_b78d7839-686e-45ff-abac-c273eff71bde", "z": 124.2}, "geometry": {"type": "Polygon", "coordinates": [[[410334.0, 5659133.0], [410334.0, 5659132.0], [410338.0, 5659132.0], [410339.0, 5659135.0], [410341.0, 5659136.0], [410342.0, 5659140.0], [410344.0, 5659141.0], [410344.0, 5659143.0], [410347.0, 5659145.0], [410347.0, 5659147.0], [410349.0, 5659148.0], [410349.0, 5659150.0], [410354.0, 5659154.0], [410354.0, 5659156.0], [410356.0, 5659157.0], [410356.0, 5659159.0], [410358.0, 5659159.0], [410358.0, 5659160.07], [410368.92, 5659152.41], [410340.17, 5659112.08], [410325.52, 5659122.51], [410332.99, 5659133.0], [410334.0, 5659133.0]]]}}, {"type": "Feature", "properties": {"id": "UUID_b78d7839-686e-45ff-abac-c273eff71bde", "z": 115.3}, "geometry": {"type": "Polygon", "coordinates": [[[410358.0, 5659159.0], [410356.0, 5659159.0], [410356.0, 5659157.0], [410354.0, 5659156.0], [410354.0, 5659154.0], [410349.0, 5659150.0], [410349.0, 5659148.0], [410347.0, 5659147.0], [410347.0, 5659145.0], [410344.0, 5659143.0], [410344.0, 5659141.0], [410342.0, 5659140.0], [410341.0, 5659136.0], [410339.0, 5659135.0], [410338.0, 5659132.0], [410334.0, 5659132.0], [410334.0, 5659133.0], [410332.99, 5659133.0], [410333.06, 5659133.09], [410354.17, 5659162.75], [410355.55, 5659161.79], [410358.0, 5659160.07], [410358.0, 5659159.0]]]}}, {"type": "Feature", "properties": {"id": "UUID_d5a4ec57-eb68-4e09-9c31-4ff9900d9a38", "z": 123.46}, "geometry": {"type": "Polygon", "coordinates": [[[411183.0, 5659549.0], [411183.0, 5659548.0], [411188.32, 5659548.0], [411182.66, 5659535.29], [411179.28, 5659536.07], [411175.89, 5659535.68], [411171.77, 5659549.0], [411183.0, 5659549.0]]]}}, {"type": "Feature", "properties": {"id": "UUID_d5a4ec57-eb68-4e09-9c31-4ff9900d9a38", "z": 114.96}, "geometry": {"type": "Polygon", "coordinates": [[[411183.0, 5659548.0], [411183.0, 5659549.0], [411171.77, 5659549.0], [411169.97, 5659554.84], [411175.77, 5659555.97], [411181.05, 5659556.05], [411186.32, 5659555.16], [411190.82, 5659553.6], [411188.32, 5659548.0], [411183.0, 5659548.0]]]}}, {"type": "Feature", "properties": {"id": "UUID_dbd47b99-b322-467f-a72f-5caef6478597", "z": 124.97}, "geometry": {"type": "Polygon", "coordinates": [[[411139.54, 5658705.56], [411121.58, 5658700.55], [411110.68, 5658739.73], [411127.26, 5658749.92], [411130.61, 5658737.79], [411135.64, 5658719.62], [411139.54, 5658705.56]]]}}, {"type": "Feature", "properties": {"id": "UUID_e5ff0cb9-903b-47b8-8f8f-1c7eb45b3a95", "z": 123.32}, "geometry": {"type": "Polygon", "coordinates": [[[411122.0, 5658840.0], [411121.0, 5658836.0], [411117.0, 5658836.0], [411115.0, 5658835.0], [411113.0, 5658832.0], [411110.0, 5658832.0], [411109.0, 5658830.0], [411107.0, 5658830.0], [411106.0, 5658828.0], [411104.0, 5658828.0], [411103.0, 5658832.0], [411100.0, 5658833.0], [411100.0, 5658836.0], [411099.0, 5658836.0], [411098.0, 5658840.0], [411096.0, 5658841.0], [411095.0, 5658845.0], [411093.0, 5658846.0], [411093.0, 5658849.0], [411090.0, 5658851.0], [411090.0, 5658854.0], [411089.0, 5658856.0], [411087.0, 5658857.0], [411087.0, 5658859.0], [411085.0, 5658860.0], [411085.0, 5658862.0], [411083.0, 5658863.0], [411083.0, 5658865.0], [411081.0, 5658867.0], [411081.0, 5658869.56], [411100.33, 5658881.45], [411124.83, 5658841.45], [411125.72, 5658840.0], [411122.0, 5658840.0]]]}}, {"type": "Feature", "properties": {"id": "UUID_e5ff0cb9-903b-47b8-8f8f-1c7eb45b3a95", "z": 121.51}, "geometry": {"type": "Polygon", "coordinates": [[[411081.0, 5658867.0], [411083.0, 5658865.0], [411083.0, 5658863.0], [411085.0, 5658862.0], [411085.0, 5658860.0], [411087.0, 5658859.0], [411087.0, 5658857.0], [411089.0, 5658856.0], [411090.0, 5658854.0], [411090.0, 5658851.0], [411093.0, 5658849.0], [411093.0, 5658846.0], [411095.0, 5658845.0], [411096.0, 5658841.0], [411098.0, 5658840.0], [411099.0, 5658836.0], [411100.0, 5658836.0], [411100.0, 5658833.0], [411103.0, 5658832.0], [411104.0, 5658828.0], [411106.0, 5658828.0], [411107.0, 5658830.0], [411109.0, 5658830.0], [411110.0, 5658832.0], [411113.0, 5658832.0], [411115.0, 5658835.0], [411117.0, 5658836.0], [411121.0, 5658836.0], [411122.0, 5658840.0], [411125.72, 5658840.0], [411129.27, 5658834.21], [411088.55, 5658819.74], [411075.64, 5658866.26], [411081.0, 5658869.56], [411081.0, 5658867.0]]]}}, {"type": "Feature", "properties": {"id": "UUID_e7262194-1226-45ed-8d53-391d69857f59", "z": 135.66}, "geometry": {"type": "Polygon", "coordinates": [[[411568.0, 5658280.0], [411569.0, 5658281.0], [411569.0, 5658284.0], [411567.0, 5658286.0], [411567.0, 5658289.0], [411566.0, 5658289.0], [411566.0, 5658292.0], [411565.0, 5658292.0], [411565.0, 5658295.0], [411564.0, 5658295.0], [411564.0, 5658298.0], [411562.0, 5658300.0], [411562.0, 5658306.0], [411560.0, 5658306.0], [411560.0, 5658309.0], [411559.0, 5658309.0], [411559.0, 5658315.0], [411557.0, 5658317.0], [411557.0, 5658320.0], [411554.0, 5658320.0], [411554.0, 5658323.0], [411553.0, 5658323.0], [411553.0, 5658326.0], [411551.0, 5658328.0], [411551.0, 5658331.0], [411550.0, 5658331.0], [411550.0, 5658334.0], [411549.0, 5658334.0], [411549.0, 5658337.0], [411546.0, 5658337.0], [411544.89, 5658340.13], [411544.89, 5658340.14], [411541.74, 5658349.0], [411543.0, 5658349.0], [411543.0, 5658350.0], [411546.0, 5658350.0], [411548.0, 5658351.0], [411548.0, 5658353.0], [411552.0, 5658353.0], [411553.0, 5658351.0], [411553.0, 5658345.0], [411555.0, 5658345.0], [411555.0, 5658342.0], [411558.01, 5658342.0], [411560.35, 5658335.45], [411559.0, 5658335.0], [411559.0, 5658331.0], [411558.0, 5658331.0], [411558.0, 5658328.0], [411561.0, 5658328.0], [411561.0, 5658325.0], [411562.0, 5658325.0], [411562.0, 5658322.0], [411563.0, 5658322.0], [411563.0, 5658317.0], [411565.0, 5658317.0], [411565.0, 5658314.0], [411566.0, 5658314.0], [411566.0, 5658311.0], [411567.0, 5658311.0], [411567.0, 5658308.0], [411569.0, 5658306.0], [411569.0, 5658300.0], [411571.0, 5658300.0], [411571.0, 5658297.0], [411572.0, 5658297.0], [411572.0, 5658294.0], [411574.0, 5658291.0], [411576.18, 5658291.0], [411579.24, 5658282.41], [411578.0, 5658282.0], [411578.0, 5658278.0], [411579.0, 5658278.0], [411579.0, 5658275.0], [411580.0, 5658275.0], [411580.0, 5658271.0], [411577.0, 5658269.0], [411574.0, 5658269.0], [411572.0, 5658267.0], [411570.95, 5658267.0], [411567.68, 5658276.17], [411567.68, 5658276.16], [411566.31, 5658280.0], [411568.0, 5658280.0]]]}}, {"type": "Feature", "properties": {"id": "UUID_e7262194-1226-45ed-8d53-391d69857f59", "z": 133.38}, "geometry": {"type": "Polygon", "coordinates": [[[411549.0, 5658337.0], [411549.0, 5658334.0], [411550.0, 5658334.0], [411550.0, 5658331.0], [411551.0, 5658331.0], [411551.0, 5658328.0], [411553.0, 5658326.0], [411553.0, 5658323.0], [411554.0, 5658323.0], [411554.0, 5658320.0], [411557.0, 5658320.0], [411557.0, 5658317.0], [411559.0, 5658315.0], [411559.0, 5658309.0], [411560.0, 5658309.0], [411560.0, 5658306.0], [411562.0, 5658306.0], [411562.0, 5658300.0], [411564.0, 5658298.0], [411564.0, 5658295.0], [411565.0, 5658295.0], [411565.0, 5658292.0], [411566.0, 5658292.0], [411566.0, 5658289.0], [411567.0, 5658289.0], [411567.0, 5658286.0], [411569.0, 5658284.0], [411569.0, 5658281.0], [411568.0, 5658280.0], [411566.31, 5658280.0], [411546.0, 5658337.0], [411549.0, 5658337.0]]]}}, {"type": "Feature", "properties": {"id": "UUID_e7262194-1226-45ed-8d53-391d69857f59", "z": 132.74}, "geometry": {"type": "Polygon", "coordinates": [[[411574.0, 5658291.0], [411572.0, 5658294.0], [411572.0, 5658297.0], [411571.0, 5658297.0], [411571.0, 5658300.0], [411569.0, 5658300.0], [411569.0, 5658306.0], [411567.0, 5658308.0], [411567.0, 5658311.0], [411566.0, 5658311.0], [411566.0, 5658314.0], [411565.0, 5658314.0], [411565.0, 5658317.0], [411563.0, 5658317.0], [411563.0, 5658322.0], [411562.0, 5658322.0], [411562.0, 5658325.0], [411561.0, 5658325.0], [411561.0, 5658328.0], [411558.0, 5658328.0], [411558.0, 5658331.0], [411559.0, 5658331.0], [411559.0, 5658335.0], [411560.35, 5658335.45], [411576.18, 5658291.0], [411574.0, 5658291.0]]]}}, {"type": "Feature", "properties": {"id": "UUID_e7262194-1226-45ed-8d53-391d69857f59", "z": 132.53}, "geometry": {"type": "Polygon", "coordinates": [[[411572.0, 5658267.0], [411574.0, 5658269.0], [411577.0, 5658269.0], [411580.0, 5658271.0], [411580.0, 5658275.0], [411579.0, 5658275.0], [411579.0, 5658278.0], [411578.0, 5658278.0], [411578.0, 5658282.0], [411579.24, 5658282.41], [411584.43, 5658267.81], [411572.21, 5658263.46], [411572.04, 5658263.92], [411572.04, 5658263.92], [411570.95, 5658267.0], [411572.0, 5658267.0]]]}}, {"type": "Feature", "properties": {"id": "UUID_e7262194-1226-45ed-8d53-391d69857f59", "z": 132.51}, "geometry": {"type": "Polygon", "coordinates": [[[411555.0, 5658342.0], [411555.0, 5658345.0], [411553.0, 5658345.0], [411553.0, 5658351.0], [411552.0, 5658353.0], [411548.0, 5658353.0], [411548.0, 5658351.0], [411546.0, 5658350.0], [411543.0, 5658350.0], [411543.0, 5658349.0], [411541.74, 5658349.0], [411540.52, 5658352.42], [411540.52, 5658352.42], [411540.28, 5658353.1], [411552.33, 5658357.95], [411558.01, 5658342.0], [411555.0, 5658342.0]]]}}, {"type": "Feature", "properties": {"id": "UUID_e76ed00b-894e-4483-aa7a-d76f19b7bf40", "z": 125.28}, "geometry": {"type": "Polygon", "coordinates": [[[410392.0, 5659137.0], [410392.0, 5659135.0], [410390.0, 5659134.0], [410390.0, 5659132.0], [410388.0, 5659131.0], [410387.0, 5659127.0], [410385.0, 5659126.0], [410385.0, 5659124.0], [410382.0, 5659122.0], [410382.0, 5659120.0], [410377.0, 5659116.0], [410377.0, 5659114.0], [410375.0, 5659113.0], [410374.52, 5659111.55], [410374.32, 5659111.69], [410363.34, 5659119.58], [410382.4, 5659146.06], [410386.86, 5659142.83], [410392.84, 5659138.5], [410393.33, 5659138.14], [410394.91, 5659137.0], [410392.0, 5659137.0]]]}}, {"type": "Feature", "properties": {"id": "UUID_e76ed00b-894e-4483-aa7a-d76f19b7bf40", "z": 116.81}, "geometry": {"type": "Polygon", "coordinates": [[[410375.0, 5659113.0], [410377.0, 5659114.0], [410377.0, 5659116.0], [410382.0, 5659120.0], [410382.0, 5659122.0], [410385.0, 5659124.0], [410385.0, 5659126.0], [410387.0, 5659127.0], [410388.0, 5659131.0], [410390.0, 5659132.0], [410390.0, 5659134.0], [410392.0, 5659135.0], [410392.0, 5659137.0], [410394.91, 5659137.0], [410395.78, 5659136.37], [410376.76, 5659109.93], [410374.52, 5659111.55], [410375.0, 5659113.0]]]}}, {"type": "Feature", "properties": {"id": "UUID_e8c6823f-6e65-4d1a-b1c6-3144b2fe34d6", "z": 127.05}, "geometry": {"type": "Polygon", "coordinates": [[[410336.95, 5659082.92], [410350.31, 5659101.48], [410359.86, 5659094.64], [410360.97, 5659093.84], [410367.58, 5659093.58], [410367.1, 5659081.68], [410336.95, 5659082.92]]]}}, {"type": "Feature", "properties": {"id": "UUID_eca404a0-09ce-4d7b-b580-b1c583d788b0", "z": 124.12}, "geometry": {"type": "Polygon", "coordinates": [[[410367.65, 5659095.18], [410389.85, 5659094.27], [410389.3, 5659080.77], [410367.1, 5659081.68], [410367.58, 5659093.58], [410367.65, 5659095.18]]]}}, {"type": "Feature", "properties": {"id": "UUID_f113b466-3363-42d1-8333-1d6db755c4c5", "z": 120.86}, "geometry": {"type": "Polygon", "coordinates": [[[411892.33, 5658312.21], [411871.0, 5658312.21], [411871.24, 5658349.0], [411878.74, 5658349.0], [411891.53, 5658349.0], [411891.57, 5658347.27], [411892.33, 5658312.21]]]}}, {"type": "Feature", "properties": {"id": "UUID_fdde5a46-08f7-40cb-b78c-c3c625fe6a65", "z": 128.91}, "geometry": {"type": "Polygon", "coordinates": [[[410626.0, 5658806.0], [410621.0, 5658810.0], [410621.0, 5658812.0], [410617.0, 5658815.0], [410617.0, 5658817.0], [410613.0, 5658820.0], [410613.0, 5658822.0], [410610.0, 5658824.0], [410610.0, 5658828.0], [410612.0, 5658828.0], [410616.0, 5658833.0], [410618.12, 5658833.0], [410624.47, 5658825.2], [410635.5, 5658811.66], [410632.33, 5658809.07], [410627.6, 5658805.2], [410626.0, 5658806.0]]]}}, {"type": "Feature", "properties": {"id": "UUID_fdde5a46-08f7-40cb-b78c-c3c625fe6a65", "z": 126.43}, "geometry": {"type": "Polygon", "coordinates": [[[410616.0, 5658833.0], [410612.0, 5658828.0], [410610.0, 5658828.0], [410610.0, 5658824.0], [410613.0, 5658822.0], [410613.0, 5658820.0], [410617.0, 5658817.0], [410617.0, 5658815.0], [410621.0, 5658812.0], [410621.0, 5658810.0], [410626.0, 5658806.0], [410627.6, 5658805.2], [410624.79, 5658802.9], [410605.58, 5658826.52], [410616.3, 5658835.24], [410618.12, 5658833.0], [410616.0, 5658833.0]]]}}, {"type": "Feature", "properties": {"id": "UUID_fe5178a7-f74e-4d5a-81e6-ddb579877941", "z": 128.45}, "geometry": {"type": "Polygon", "coordinates": [[[410997.0, 5658145.0], [410998.0, 5658148.0], [411001.0, 5658148.0], [411002.0, 5658150.0], [411006.0, 5658151.0], [411009.0, 5658153.0], [411009.0, 5658155.0], [411010.91, 5658155.0], [411013.24, 5658151.2], [411013.31, 5658151.09], [411018.95, 5658141.88], [411019.39, 5658141.17], [411004.11, 5658131.22], [411003.72, 5658131.86], [410997.56, 5658142.23], [410995.91, 5658145.0], [410997.0, 5658145.0]]]}}, {"type": "Feature", "properties": {"id": "UUID_fe5178a7-f74e-4d5a-81e6-ddb579877941", "z": 116.12}, "geometry": {"type": "Polygon", "coordinates": [[[411009.0, 5658155.0], [411009.0, 5658153.0], [411006.0, 5658151.0], [411002.0, 5658150.0], [411001.0, 5658148.0], [410998.0, 5658148.0], [410997.0, 5658145.0], [410995.91, 5658145.0], [410994.65, 5658147.12], [411009.64, 5658157.08], [411010.91, 5658155.0], [411009.0, 5658155.0]]]}}]}