{"type":"FeatureCollection","attribution":"Stadtbaumkataster \u00a9 Landeshauptstadt Dresden (dl-de/by-2-0); \u00a9 OpenStreetMap contributors (ODbL)","archetypes":["round","oval","columnar","conifer","weeping","small"],"genera":["","Acer","Acer rubrum","Tilia","Quercus","Quercus rubra","Fraxinus","Aesculus","Prunus","Platanus","Robinia","Carpinus","Crataegus","Gleditsia","Sophora","Ulmus","Betula","Malus","Liquidambar","Populus","Ailanthus","Salix","Alnus","Koelreuteria","Sorbus","Liriodendron","Catalpa","Corylus","Pyrus","Ginkgo","Ostrya","Fagus","Castanea","Juglans","Celtis","Larix","Metasequoia","Taxodium"],"crs":{"type":"name","properties":{"name":"urn:ogc:def:crs:EPSG::25833"}},"features":[{"type":"Feature","properties":{"h":8.0,"d":5.0,"a":5,"l":"d","t":20},"geometry":{"type":"Point","coordinates":[414001.4,5656870.9]}},{"type":"Feature","properties":{"h":20.0,"d":11.4,"a":0,"l":"d","s":"osm"},"geometry":{"type":"Point","coordinates":[414001.5,5657403.6]}},{"type":"Feature","properties":{"h":6.0,"d":4.0,"a":0,"l":"d","gn":10,"t":19},"geometry":{"type":"Point","coordinates":[414002.2,5656858.4]}},{"type":"Feature","properties":{"h":14.0,"d":9.0,"a":0,"l":"d","gn":13,"t":24},"geometry":{"type":"Point","coordinates":[414002.7,5656453.0]}},{"type":"Feature","properties":{"h":4.0,"d":2.3,"a":0,"l":"d","gn":14,"t":10},"geometry":{"type":"Point","coordinates":[414003.0,5657946.5]}},{"type":"Feature","properties":{"h":14.0,"d":7.0,"a":0,"l":"d","gn":3,"t":38},"geometry":{"type":"Point","coordinates":[414003.9,5657281.5]}},{"type":"Feature","properties":{"h":14.0,"d":8.0,"a":0,"l":"d","gn":13,"t":24},"geometry":{"type":"Point","coordinates":[414004.3,5656441.6]}},{"type":"Feature","properties":{"h":6.0,"d":3.0,"a":0,"l":"d","c":1,"gn":1,"t":12},"geometry":{"type":"Point","coordinates":[414004.3,5656084.7]}},{"type":"Feature","properties":{"h":15.0,"d":8.0,"a":0,"l":"d","gn":13,"t":30},"geometry":{"type":"Point","coordinates":[414005.9,5656430.0]}},{"type":"Feature","properties":{"h":5.0,"d":2.0,"a":2,"l":"d","gn":7,"t":10},"geometry":{"type":"Point","coordinates":[414006.2,5657973.8]}},{"type":"Feature","properties":{"h":15.0,"d":8.0,"a":0,"l":"d","gn":13,"t":27},"geometry":{"type":"Point","coordinates":[414007.5,5656418.6]}},{"type":"Feature","properties":{"h":7.0,"d":4.0,"a":0,"l":"d","gn":6,"t":13},"geometry":{"type":"Point","coordinates":[414007.6,5657181.1]}},{"type":"Feature","properties":{"h":5.0,"d":2.0,"a":2,"l":"d","gn":7,"t":10},"geometry":{"type":"Point","coordinates":[414008.3,5657956.9]}},{"type":"Feature","properties":{"h":15.0,"d":7.0,"a":0,"l":"d","gn":13,"t":25},"geometry":{"type":"Point","coordinates":[414008.9,5656409.2]}},{"type":"Feature","properties":{"h":4.0,"d":2.3,"a":0,"l":"d","gn":14,"t":10},"geometry":{"type":"Point","coordinates":[414009.2,5657950.6]}},{"type":"Feature","properties":{"h":17.0,"d":7.0,"a":0,"l":"d","gn":3,"t":34},"geometry":{"type":"Point","coordinates":[414010.0,5657282.3]}},{"type":"Feature","properties":{"h":14.0,"d":9.0,"a":0,"l":"d","gn":13,"t":31},"geometry":{"type":"Point","coordinates":[414010.4,5656399.4]}},{"type":"Feature","properties":{"h":13.0,"d":6.0,"a":0,"l":"d","gn":3,"t":31},"geometry":{"type":"Point","coordinates":[414010.7,5657275.6]}},{"type":"Feature","properties":{"h":13.0,"d":6.0,"a":0,"l":"d","gn":3,"t":24},"geometry":{"type":"Point","coordinates":[414011.0,5656489.4]}},{"type":"Feature","properties":{"h":18.0,"d":10.0,"a":0,"l":"d","gn":13,"t":45},"geometry":{"type":"Point","coordinates":[414011.9,5656388.0]}},{"type":"Feature","properties":{"h":5.0,"d":3.0,"a":0,"l":"d","c":1,"gn":1,"t":10},"geometry":{"type":"Point","coordinates":[414012.6,5656083.4]}},{"type":"Feature","properties":{"h":17.0,"d":8.0,"a":0,"l":"d","gn":3,"t":41},"geometry":{"type":"Point","coordinates":[414017.6,5657283.5]}},{"type":"Feature","properties":{"h":22.0,"d":17.0,"a":0,"l":"d","gn":7,"t":96},"geometry":{"type":"Point","coordinates":[414017.8,5656474.7]}},{"type":"Feature","properties":{"h":12.0,"d":7.0,"a":0,"l":"d","gn":3,"t":25},"geometry":{"type":"Point","coordinates":[414017.9,5657276.7]}},{"type":"Feature","properties":{"h":18.0,"d":9.0,"a":0,"l":"d","gn":3,"t":41},"geometry":{"type":"Point","coordinates":[414018.7,5656438.9]}},{"type":"Feature","properties":{"h":6.0,"d":3.0,"a":0,"l":"d","c":1,"gn":1,"t":14},"geometry":{"type":"Point","coordinates":[414018.8,5656092.2]}},{"type":"Feature","properties":{"h":17.0,"d":10.0,"a":0,"l":"d","gn":7,"t":64},"geometry":{"type":"Point","coordinates":[414019.2,5657977.3]}},{"type":"Feature","properties":{"h":6.0,"d":3.0,"a":0,"l":"d","c":1,"gn":1,"t":14},"geometry":{"type":"Point","coordinates":[414020.2,5656082.3]}},{"type":"Feature","properties":{"h":19.0,"d":11.0,"a":0,"l":"d","gn":3,"t":44},"geometry":{"type":"Point","coordinates":[414020.9,5656424.1]}},{"type":"Feature","properties":{"h":21.0,"d":11.0,"a":0,"l":"d","gn":3,"t":45},"geometry":{"type":"Point","coordinates":[414021.4,5656491.1]}},{"type":"Feature","properties":{"h":7.0,"d":4.0,"a":0,"l":"d","gn":6,"t":11},"geometry":{"type":"Point","coordinates":[414021.6,5657183.8]}},{"type":"Feature","properties":{"h":19.0,"d":12.0,"a":0,"l":"d","gn":3,"t":62},"geometry":{"type":"Point","coordinates":[414022.8,5656409.3]}},{"type":"Feature","properties":{"h":5.0,"d":2.9,"a":0,"l":"d","gn":14,"t":12},"geometry":{"type":"Point","coordinates":[414023.1,5657949.9]}},{"type":"Feature","properties":{"h":15.0,"d":7.0,"a":0,"l":"d","gn":3,"t":32},"geometry":{"type":"Point","coordinates":[414023.6,5657284.4]}},{"type":"Feature","properties":{"h":14.0,"d":8.0,"a":0,"l":"d","gn":3,"t":31},"geometry":{"type":"Point","coordinates":[414024.7,5657277.7]}},{"type":"Feature","properties":{"h":5.0,"d":3.0,"a":0,"l":"d","gn":14,"t":35},"geometry":{"type":"Point","coordinates":[414024.9,5657939.2]}},{"type":"Feature","properties":{"h":6.0,"d":3.0,"a":0,"l":"d","c":1,"gn":1,"t":13},"geometry":{"type":"Point","coordinates":[414026.9,5656090.9]}},{"type":"Feature","properties":{"h":6.0,"d":3.0,"a":0,"l":"d","c":1,"gn":1,"t":13},"geometry":{"type":"Point","coordinates":[414028.1,5656080.8]}},{"type":"Feature","properties":{"h":20.0,"d":11.0,"a":0,"l":"d","gn":3,"t":45},"geometry":{"type":"Point","coordinates":[414028.2,5656492.3]}},{"type":"Feature","properties":{"h":16.0,"d":8.0,"a":0,"l":"d","gn":3,"t":41},"geometry":{"type":"Point","coordinates":[414029.5,5657285.3]}},{"type":"Feature","properties":{"h":5.0,"d":2.9,"a":0,"l":"d","gn":14,"t":11},"geometry":{"type":"Point","coordinates":[414029.8,5657952.8]}},{"type":"Feature","properties":{"h":14.0,"d":5.0,"a":0,"l":"d","gn":3,"t":24},"geometry":{"type":"Point","coordinates":[414030.2,5657278.5]}},{"type":"Feature","properties":{"h":20.0,"d":16.0,"a":0,"l":"d","gn":7,"t":69},"geometry":{"type":"Point","coordinates":[414030.7,5656477.1]}},{"type":"Feature","properties":{"h":20.0,"d":10.0,"a":0,"l":"d","gn":7,"t":72},"geometry":{"type":"Point","coordinates":[414031.3,5657980.7]}},{"type":"Feature","properties":{"h":15.0,"d":7.0,"a":0,"l":"d","gn":1,"t":45},"geometry":{"type":"Point","coordinates":[414031.9,5657824.2]}},{"type":"Feature","properties":{"h":15.0,"d":9.0,"a":0,"l":"d","gn":1,"t":63},"geometry":{"type":"Point","coordinates":[414032.9,5657823.2]}},{"type":"Feature","properties":{"h":15.0,"d":8.0,"a":0,"l":"d","gn":1,"t":44},"geometry":{"type":"Point","coordinates":[414033.1,5657824.4]}},{"type":"Feature","properties":{"h":7.0,"d":4.0,"a":0,"l":"d","gn":6,"t":16},"geometry":{"type":"Point","coordinates":[414035.3,5657186.5]}},{"type":"Feature","properties":{"h":15.0,"d":7.0,"a":0,"l":"d","gn":3,"t":33},"geometry":{"type":"Point","coordinates":[414035.5,5657285.9]}},{"type":"Feature","properties":{"h":9.0,"d":6.0,"a":5,"l":"d","t":24},"geometry":{"type":"Point","coordinates":[414035.8,5656872.2]}},{"type":"Feature","properties":{"h":6.0,"d":3.0,"a":0,"l":"d","c":1,"gn":1,"t":15},"geometry":{"type":"Point","coordinates":[414036.4,5656079.8]}},{"type":"Feature","properties":{"h":14.0,"d":7.0,"a":0,"l":"d","gn":3,"t":27},"geometry":{"type":"Point","coordinates":[414036.7,5657279.2]}},{"type":"Feature","properties":{"h":20.0,"d":11.4,"a":0,"l":"d","s":"osm"},"geometry":{"type":"Point","coordinates":[414036.8,5656767.1]}},{"type":"Feature","properties":{"h":15.0,"d":6.0,"a":0,"l":"d","gn":1,"t":49},"geometry":{"type":"Point","coordinates":[414037.8,5657823.8]}},{"type":"Feature","properties":{"h":4.0,"d":1.0,"a":2,"l":"d","gn":7,"t":7},"geometry":{"type":"Point","coordinates":[414038.2,5657962.0]}},{"type":"Feature","properties":{"h":17.0,"d":9.0,"a":0,"l":"d","gn":3,"t":38},"geometry":{"type":"Point","coordinates":[414038.7,5657982.8]}},{"type":"Feature","properties":{"h":6.0,"d":3.0,"a":5,"l":"d","t":18},"geometry":{"type":"Point","coordinates":[414039.1,5656871.1]}},{"type":"Feature","properties":{"h":16.0,"d":8.0,"a":0,"l":"d","gn":1,"t":57},"geometry":{"type":"Point","coordinates":[414039.1,5657824.6]}},{"type":"Feature","properties":{"h":6.0,"d":3.0,"a":0,"l":"d","c":1,"gn":1,"t":13},"geometry":{"type":"Point","coordinates":[414040.3,5656089.0]}},{"type":"Feature","properties":{"h":12.0,"d":6.0,"a":0,"l":"d","gn":3,"t":29},"geometry":{"type":"Point","coordinates":[414041.3,5657286.9]}},{"type":"Feature","properties":{"h":5.0,"d":1.0,"a":1,"l":"d","gn":3,"t":6},"geometry":{"type":"Point","coordinates":[414041.8,5656494.8]}},{"type":"Feature","properties":{"h":13.0,"d":5.0,"a":0,"l":"d","gn":3,"t":18},"geometry":{"type":"Point","coordinates":[414042.0,5657279.9]}},{"type":"Feature","properties":{"h":13.0,"d":7.0,"a":0,"l":"d","gn":3,"t":29},"geometry":{"type":"Point","coordinates":[414042.3,5656367.1]}},{"type":"Feature","properties":{"h":7.0,"d":4.0,"a":0,"l":"d","gn":6,"t":15},"geometry":{"type":"Point","coordinates":[414043.2,5657188.1]}},{"type":"Feature","properties":{"h":7.0,"d":5.0,"a":5,"l":"d","gn":12,"t":35},"geometry":{"type":"Point","coordinates":[414043.6,5657826.4]}},{"type":"Feature","properties":{"h":6.0,"d":3.0,"a":0,"l":"d","c":1,"gn":1,"t":16},"geometry":{"type":"Point","coordinates":[414043.7,5656078.8]}},{"type":"Feature","properties":{"h":21.0,"d":14.0,"a":0,"l":"d","gn":7,"t":68},"geometry":{"type":"Point","coordinates":[414044.8,5656479.3]}},{"type":"Feature","properties":{"h":20.0,"d":11.4,"a":0,"l":"d","s":"osm"},"geometry":{"type":"Point","coordinates":[414044.9,5656767.4]}},{"type":"Feature","properties":{"h":17.0,"d":9.0,"a":0,"l":"d","gn":3,"t":44},"geometry":{"type":"Point","coordinates":[414045.3,5657984.6]}},{"type":"Feature","properties":{"h":4.0,"d":2.3,"a":0,"l":"d","gn":1,"t":8},"geometry":{"type":"Point","coordinates":[414046.2,5657901.2]}},{"type":"Feature","properties":{"h":13.0,"d":7.0,"a":0,"l":"d","gn":3,"t":38},"geometry":{"type":"Point","coordinates":[414047.2,5657287.7]}},{"type":"Feature","properties":{"h":12.0,"d":8.0,"a":0,"l":"d","gn":1,"t":41},"geometry":{"type":"Point","coordinates":[414047.3,5656381.4]}},{"type":"Feature","properties":{"h":12.0,"d":5.0,"a":0,"l":"d","gn":3,"t":23},"geometry":{"type":"Point","coordinates":[414047.6,5657280.7]}},{"type":"Feature","properties":{"h":6.0,"d":3.0,"a":0,"l":"d","c":1,"gn":1,"t":13},"geometry":{"type":"Point","coordinates":[414047.7,5656087.9]}},{"type":"Feature","properties":{"h":4.0,"d":1.0,"a":2,"l":"d","gn":7,"t":7},"geometry":{"type":"Point","coordinates":[414048.4,5657961.7]}},{"type":"Feature","properties":{"h":14.0,"d":8.0,"a":0,"l":"d","gn":3,"t":46},"geometry":{"type":"Point","coordinates":[414049.6,5656368.3]}},{"type":"Feature","properties":{"h":7.0,"d":3.0,"a":0,"l":"d","gn":6,"t":11},"geometry":{"type":"Point","coordinates":[414051.0,5657189.5]}},{"type":"Feature","properties":{"h":6.0,"d":3.0,"a":0,"l":"d","c":1,"gn":1,"t":16},"geometry":{"type":"Point","coordinates":[414051.2,5656077.6]}},{"type":"Feature","properties":{"h":15.0,"d":12.0,"a":0,"l":"d","gn":1,"t":98},"geometry":{"type":"Point","coordinates":[414051.5,5657829.0]}},{"type":"Feature","properties":{"h":7.0,"d":4.0,"a":0,"l":"d","gn":7,"t":15},"geometry":{"type":"Point","coordinates":[414051.8,5657986.4]}},{"type":"Feature","properties":{"h":20.0,"d":11.4,"a":0,"l":"d","s":"osm"},"geometry":{"type":"Point","coordinates":[414052.9,5656767.7]}},{"type":"Feature","properties":{"h":20.0,"d":11.4,"a":0,"l":"d","s":"osm"},"geometry":{"type":"Point","coordinates":[414055.4,5657818.9]}},{"type":"Feature","properties":{"h":6.0,"d":3.0,"a":0,"l":"d","c":1,"gn":1,"t":13},"geometry":{"type":"Point","coordinates":[414055.6,5656086.7]}},{"type":"Feature","properties":{"h":21.0,"d":12.0,"a":0,"l":"d","gn":9,"t":43},"geometry":{"type":"Point","coordinates":[414056.8,5656009.0]}},{"type":"Feature","properties":{"h":20.0,"d":12.0,"a":0,"l":"d","gn":3,"t":49},"geometry":{"type":"Point","coordinates":[414056.8,5656481.7]}},{"type":"Feature","properties":{"h":6.0,"d":3.0,"a":0,"l":"d","c":1,"gn":1,"t":16},"geometry":{"type":"Point","coordinates":[414057.5,5656076.9]}},{"type":"Feature","properties":{"h":13.0,"d":5.0,"a":0,"l":"d","gn":3,"t":27},"geometry":{"type":"Point","coordinates":[414060.6,5656497.8]}},{"type":"Feature","properties":{"h":20.0,"d":11.4,"a":0,"l":"d","s":"osm"},"geometry":{"type":"Point","coordinates":[414061.0,5656768.0]}},{"type":"Feature","properties":{"h":12.0,"d":7.0,"a":0,"l":"d","gn":3,"t":33},"geometry":{"type":"Point","coordinates":[414062.2,5656370.0]}},{"type":"Feature","properties":{"h":6.0,"d":4.0,"a":5,"l":"d","t":16},"geometry":{"type":"Point","coordinates":[414063.5,5656873.5]}},{"type":"Feature","properties":{"h":19.0,"d":11.0,"a":0,"l":"d","gn":9,"t":42},"geometry":{"type":"Point","coordinates":[414064.7,5656021.4]}},{"type":"Feature","properties":{"h":6.0,"d":3.0,"a":0,"l":"d","c":1,"gn":1,"t":17},"geometry":{"type":"Point","coordinates":[414066.4,5656075.4]}},{"type":"Feature","properties":{"h":5.0,"d":2.0,"a":2,"l":"d","gn":7,"t":9},"geometry":{"type":"Point","coordinates":[414067.1,5657990.5]}},{"type":"Feature","properties":{"h":4.0,"d":2.3,"a":0,"l":"d","gn":1,"t":12},"geometry":{"type":"Point","coordinates":[414067.2,5657878.9]}},{"type":"Feature","properties":{"h":8.0,"d":4.0,"a":5,"l":"d","gn":21,"t":14},"geometry":{"type":"Point","coordinates":[414067.8,5656873.8]}},{"type":"Feature","properties":{"h":13.0,"d":7.0,"a":0,"l":"d","gn":3,"t":36},"geometry":{"type":"Point","coordinates":[414067.9,5656371.0]}},{"type":"Feature","properties":{"h":4.0,"d":1.0,"a":2,"l":"d","gn":7,"t":7},"geometry":{"type":"Point","coordinates":[414068.0,5657967.5]}},{"type":"Feature","properties":{"h":21.0,"d":14.0,"a":0,"l":"d","gn":3,"t":52},"geometry":{"type":"Point","coordinates":[414068.8,5656484.2]}},{"type":"Feature","properties":{"h":20.0,"d":11.4,"a":0,"l":"d","s":"osm"},"geometry":{"type":"Point","coordinates":[414069.1,5656768.3]}},{"type":"Feature","properties":{"h":12.0,"d":10.0,"a":0,"l":"d","gn":1,"t":32},"geometry":{"type":"Point","coordinates":[414069.7,5656188.4]}},{"type":"Feature","properties":{"h":8.0,"d":5.0,"a":5,"l":"d","t":24},"geometry":{"type":"Point","coordinates":[414070.4,5656873.5]}},{"type":"Feature","properties":{"h":7.0,"d":4.0,"a":0,"l":"d","gn":6,"t":10},"geometry":{"type":"Point","coordinates":[414070.5,5657193.2]}},{"type":"Feature","properties":{"h":6.0,"d":3.0,"a":0,"l":"d","c":1,"gn":1,"t":12},"geometry":{"type":"Point","coordinates":[414070.7,5656084.5]}},{"type":"Feature","properties":{"h":23.0,"d":16.0,"a":0,"l":"d","gn":5,"t":76},"geometry":{"type":"Point","coordinates":[414071.1,5656031.4]}},{"type":"Feature","properties":{"h":8.0,"d":4.0,"a":5,"l":"d","t":20},"geometry":{"type":"Point","coordinates":[414072.3,5656873.7]}},{"type":"Feature","properties":{"h":6.0,"d":3.0,"a":0,"l":"d","c":1,"gn":1,"t":17},"geometry":{"type":"Point","coordinates":[414073.0,5656074.6]}},{"type":"Feature","properties":{"h":20.0,"d":11.4,"a":0,"l":"d","s":"osm"},"geometry":{"type":"Point","coordinates":[414073.8,5657798.0]}},{"type":"Feature","properties":{"h":4.0,"d":1.0,"a":2,"l":"d","gn":7,"t":7},"geometry":{"type":"Point","coordinates":[414073.8,5657969.4]}},{"type":"Feature","properties":{"h":5.0,"d":2.0,"a":2,"l":"d","gn":7,"t":10},"geometry":{"type":"Point","coordinates":[414073.9,5657992.4]}},{"type":"Feature","properties":{"h":7.0,"d":4.0,"a":5,"l":"d","t":18},"geometry":{"type":"Point","coordinates":[414074.3,5656871.0]}},{"type":"Feature","properties":{"h":12.0,"d":6.0,"a":5,"l":"d","t":24},"geometry":{"type":"Point","coordinates":[414075.5,5656873.9]}},{"type":"Feature","properties":{"h":5.0,"d":2.9,"a":0,"l":"d","gn":1,"t":14},"geometry":{"type":"Point","coordinates":[414076.1,5657857.9]}},{"type":"Feature","properties":{"h":6.0,"d":3.0,"a":5,"l":"d","t":13},"geometry":{"type":"Point","coordinates":[414076.5,5656874.1]}},{"type":"Feature","properties":{"h":12.0,"d":6.0,"a":0,"l":"d","gn":3,"t":26},"geometry":{"type":"Point","coordinates":[414076.5,5656372.2]}},{"type":"Feature","properties":{"h":7.0,"d":4.0,"a":0,"l":"d","gn":3,"t":14},"geometry":{"type":"Point","coordinates":[414077.3,5656500.8]}},{"type":"Feature","properties":{"h":20.0,"d":11.4,"a":0,"l":"d","s":"osm"},"geometry":{"type":"Point","coordinates":[414077.9,5657813.5]}},{"type":"Feature","properties":{"h":4.0,"d":1.0,"a":2,"l":"d","gn":7,"t":7},"geometry":{"type":"Point","coordinates":[414079.2,5657967.1]}},{"type":"Feature","properties":{"h":17.0,"d":9.0,"a":0,"l":"d","gn":9,"t":35},"geometry":{"type":"Point","coordinates":[414079.5,5656044.9]}},{"type":"Feature","properties":{"h":6.0,"d":3.0,"a":0,"l":"d","c":1,"gn":1,"t":17},"geometry":{"type":"Point","coordinates":[414080.7,5656073.4]}},{"type":"Feature","properties":{"h":8.0,"d":3.0,"a":5,"l":"d","t":13},"geometry":{"type":"Point","coordinates":[414081.4,5656871.0]}},{"type":"Feature","properties":{"h":8.0,"d":3.0,"a":5,"l":"d","t":13},"geometry":{"type":"Point","coordinates":[414082.0,5656872.5]}},{"type":"Feature","properties":{"h":8.0,"d":7.0,"a":5,"l":"d","gn":21,"t":19},"geometry":{"type":"Point","coordinates":[414082.3,5656869.0]}},{"type":"Feature","properties":{"h":17.0,"d":12.0,"a":0,"l":"d","gn":1,"t":62},"geometry":{"type":"Point","coordinates":[414082.5,5656386.5]}},{"type":"Feature","properties":{"h":10.0,"d":3.0,"a":0,"l":"d","gn":1,"t":13},"geometry":{"type":"Point","coordinates":[414082.5,5656870.3]}},{"type":"Feature","properties":{"h":8.0,"d":3.0,"a":5,"l":"d","t":13},"geometry":{"type":"Point","coordinates":[414082.5,5656873.6]}},{"type":"Feature","properties":{"h":8.0,"d":4.0,"a":5,"l":"d","t":18},"geometry":{"type":"Point","coordinates":[414082.5,5656874.8]}},{"type":"Feature","properties":{"h":19.0,"d":14.0,"a":0,"l":"d","gn":5,"t":66},"geometry":{"type":"Point","coordinates":[414083.5,5656006.8]}},{"type":"Feature","properties":{"h":13.0,"d":10.0,"a":0,"l":"d","gn":3,"t":35},"geometry":{"type":"Point","coordinates":[414084.0,5656502.0]}},{"type":"Feature","properties":{"h":6.0,"d":3.0,"a":0,"l":"d","gn":6,"t":11},"geometry":{"type":"Point","coordinates":[414084.3,5657195.8]}},{"type":"Feature","properties":{"h":5.0,"d":2.0,"a":1,"l":"d","gn":3,"t":8},"geometry":{"type":"Point","coordinates":[414084.8,5657294.7]}},{"type":"Feature","properties":{"h":12.0,"d":8.0,"a":0,"l":"d","gn":3,"t":38},"geometry":{"type":"Point","coordinates":[414085.7,5656373.4]}},{"type":"Feature","properties":{"h":18.0,"d":15.0,"a":0,"l":"d","gn":5,"t":51},"geometry":{"type":"Point","coordinates":[414086.0,5656054.5]}},{"type":"Feature","properties":{"h":14.0,"d":11.0,"a":0,"l":"d","gn":3,"t":58},"geometry":{"type":"Point","coordinates":[414086.5,5657831.0]}},{"type":"Feature","properties":{"h":6.0,"d":3.0,"a":0,"l":"d","c":1,"gn":1,"t":16},"geometry":{"type":"Point","coordinates":[414088.0,5656072.2]}},{"type":"Feature","properties":{"h":20.0,"d":11.4,"a":0,"l":"d","s":"osm"},"geometry":{"type":"Point","coordinates":[414089.2,5657821.6]}},{"type":"Feature","properties":{"h":14.0,"d":11.0,"a":0,"l":"d","gn":3,"t":40},"geometry":{"type":"Point","coordinates":[414091.0,5656503.1]}},{"type":"Feature","properties":{"h":20.0,"d":16.0,"a":0,"l":"d","gn":5,"t":69},"geometry":{"type":"Point","coordinates":[414091.0,5656018.5]}},{"type":"Feature","properties":{"h":17.0,"d":14.0,"a":0,"l":"d","gn":5,"t":74},"geometry":{"type":"Point","coordinates":[414093.8,5656066.3]}},{"type":"Feature","properties":{"h":6.0,"d":3.0,"a":0,"l":"d","c":1,"gn":1,"t":12},"geometry":{"type":"Point","coordinates":[414094.7,5656081.0]}},{"type":"Feature","properties":{"h":19.0,"d":12.0,"a":0,"l":"d","gn":3,"t":56},"geometry":{"type":"Point","coordinates":[414094.8,5656488.2]}},{"type":"Feature","properties":{"h":5.0,"d":2.0,"a":1,"l":"d","gn":3,"t":8},"geometry":{"type":"Point","coordinates":[414094.8,5657295.8]}},{"type":"Feature","properties":{"h":12.0,"d":6.0,"a":0,"l":"d","gn":3,"t":23},"geometry":{"type":"Point","coordinates":[414095.8,5656375.0]}},{"type":"Feature","properties":{"h":18.0,"d":11.0,"a":0,"l":"d","gn":7,"t":63},"geometry":{"type":"Point","coordinates":[414097.2,5657999.1]}},{"type":"Feature","properties":{"h":12.0,"d":7.0,"a":0,"l":"d","gn":3,"t":35},"geometry":{"type":"Point","coordinates":[414097.6,5656504.3]}},{"type":"Feature","properties":{"h":20.0,"d":16.0,"a":0,"l":"d","gn":5,"t":68},"geometry":{"type":"Point","coordinates":[414099.2,5656031.1]}},{"type":"Feature","properties":{"h":6.0,"d":2.0,"a":0,"l":"d","gn":3,"t":8},"geometry":{"type":"Point","coordinates":[414102.6,5657977.9]}},{"type":"Feature","properties":{"h":16.0,"d":11.0,"a":0,"l":"d","gn":3,"t":46},"geometry":{"type":"Point","coordinates":[414104.0,5656376.1]}},{"type":"Feature","properties":{"h":6.0,"d":2.0,"a":1,"l":"d","gn":3,"t":9},"geometry":{"type":"Point","coordinates":[414104.2,5657971.3]}},{"type":"Feature","properties":{"h":8.0,"d":4.6,"a":0,"l":"d","gn":21,"s":"osm","f":1},"geometry":{"type":"Point","coordinates":[414104.4,5657508.1]}},{"type":"Feature","properties":{"h":5.0,"d":2.0,"a":1,"l":"d","gn":3,"t":8},"geometry":{"type":"Point","coordinates":[414104.6,5657297.2]}},{"type":"Feature","properties":{"h":11.0,"d":7.0,"a":0,"l":"d","gn":3,"t":30},"geometry":{"type":"Point","coordinates":[414105.0,5656505.3]}},{"type":"Feature","properties":{"h":23.0,"d":13.0,"a":0,"l":"d","gn":5,"t":69},"geometry":{"type":"Point","coordinates":[414106.0,5656085.5]}},{"type":"Feature","properties":{"h":18.0,"d":17.0,"a":0,"l":"d","gn":5,"t":65},"geometry":{"type":"Point","coordinates":[414106.1,5656042.0]}},{"type":"Feature","properties":{"h":14.0,"d":9.0,"a":0,"l":"d","gn":1,"t":42},"geometry":{"type":"Point","coordinates":[414106.6,5656390.4]}},{"type":"Feature","properties":{"h":7.0,"d":3.0,"a":1,"l":"d","gn":30,"t":11},"geometry":{"type":"Point","coordinates":[414108.3,5656186.9]}},{"type":"Feature","properties":{"h":19.0,"d":12.0,"a":0,"l":"d","gn":3,"t":53},"geometry":{"type":"Point","coordinates":[414108.8,5656490.6]}},{"type":"Feature","properties":{"h":25.0,"d":10.0,"a":1,"l":"d","gn":19,"t":35},"geometry":{"type":"Point","coordinates":[414109.4,5657179.2]}},{"type":"Feature","properties":{"h":8.0,"d":1.0,"a":2,"l":"d","gn":19,"t":10},"geometry":{"type":"Point","coordinates":[414109.5,5657263.6]}},{"type":"Feature","properties":{"h":25.0,"d":8.0,"a":1,"l":"d","gn":19,"t":38},"geometry":{"type":"Point","coordinates":[414110.3,5657169.2]}},{"type":"Feature","properties":{"h":25.0,"d":6.0,"a":1,"l":"d","gn":19,"t":29},"geometry":{"type":"Point","coordinates":[414110.8,5657165.3]}},{"type":"Feature","properties":{"h":25.0,"d":8.0,"a":1,"l":"d","gn":19,"t":36},"geometry":{"type":"Point","coordinates":[414111.0,5657155.1]}},{"type":"Feature","properties":{"h":25.0,"d":15.0,"a":1,"l":"d","gn":19,"t":45},"geometry":{"type":"Point","coordinates":[414111.0,5657178.7]}},{"type":"Feature","properties":{"h":11.0,"d":7.0,"a":0,"l":"d","gn":3,"t":21},"geometry":{"type":"Point","coordinates":[414111.1,5656377.1]}},{"type":"Feature","properties":{"h":25.0,"d":8.0,"a":1,"l":"d","gn":19,"t":35},"geometry":{"type":"Point","coordinates":[414111.2,5657152.8]}},{"type":"Feature","properties":{"h":9.0,"d":3.0,"a":5,"l":"d","gn":8,"t":12},"geometry":{"type":"Point","coordinates":[414111.3,5657830.0]}},{"type":"Feature","properties":{"h":5.0,"d":2.0,"a":1,"l":"d","gn":3,"t":7},"geometry":{"type":"Point","coordinates":[414111.3,5657973.2]}},{"type":"Feature","properties":{"h":8.0,"d":1.0,"a":2,"l":"d","gn":19,"t":10},"geometry":{"type":"Point","coordinates":[414111.7,5657259.7]}},{"type":"Feature","properties":{"h":12.0,"d":7.0,"a":0,"l":"d","gn":3,"t":34},"geometry":{"type":"Point","coordinates":[414112.3,5656506.6]}},{"type":"Feature","properties":{"h":8.0,"d":3.0,"a":0,"l":"d","gn":6,"t":11},"geometry":{"type":"Point","coordinates":[414112.3,5657200.1]}},{"type":"Feature","properties":{"h":6.0,"d":2.0,"a":0,"l":"d","gn":6,"t":9},"geometry":{"type":"Point","coordinates":[414113.2,5657194.6]}},{"type":"Feature","properties":{"h":22.0,"d":17.0,"a":1,"l":"d","gn":5,"t":74},"geometry":{"type":"Point","coordinates":[414113.3,5656096.9]}},{"type":"Feature","properties":{"h":25.0,"d":8.0,"a":1,"l":"d","gn":19,"t":32},"geometry":{"type":"Point","coordinates":[414113.3,5657151.4]}},{"type":"Feature","properties":{"h":25.0,"d":10.0,"a":1,"l":"d","gn":19,"t":40},"geometry":{"type":"Point","coordinates":[414113.6,5657146.2]}},{"type":"Feature","properties":{"h":19.0,"d":18.0,"a":0,"l":"d","gn":5,"t":76},"geometry":{"type":"Point","coordinates":[414113.7,5656053.7]}},{"type":"Feature","properties":{"h":7.0,"d":3.0,"a":1,"l":"d","gn":30,"t":11},"geometry":{"type":"Point","coordinates":[414114.0,5656186.6]}},{"type":"Feature","properties":{"h":5.0,"d":1.0,"a":0,"l":"d","c":1,"gn":1,"t":6},"geometry":{"type":"Point","coordinates":[414114.7,5657135.0]}},{"type":"Feature","properties":{"h":25.0,"d":10.0,"a":1,"l":"d","gn":19,"t":66},"geometry":{"type":"Point","coordinates":[414114.7,5657184.2]}},{"type":"Feature","properties":{"h":8.0,"d":4.6,"a":0,"l":"d","gn":21,"s":"osm","f":1},"geometry":{"type":"Point","coordinates":[414115.2,5657510.8]}},{"type":"Feature","properties":{"h":22.0,"d":6.0,"a":1,"l":"d","gn":19,"t":29},"geometry":{"type":"Point","coordinates":[414115.4,5657182.9]}},{"type":"Feature","properties":{"h":22.0,"d":10.0,"a":1,"l":"d","gn":19,"t":40},"geometry":{"type":"Point","coordinates":[414115.9,5657180.7]}},{"type":"Feature","properties":{"h":6.0,"d":3.0,"a":0,"l":"d","gn":1,"t":12},"geometry":{"type":"Point","coordinates":[414115.9,5656975.0]}},{"type":"Feature","properties":{"h":25.0,"d":10.0,"a":1,"l":"d","gn":19,"t":30},"geometry":{"type":"Point","coordinates":[414116.0,5657184.0]}},{"type":"Feature","properties":{"h":4.0,"d":1.0,"a":0,"l":"d","c":1,"gn":1,"t":6},"geometry":{"type":"Point","coordinates":[414116.2,5657127.4]}},{"type":"Feature","properties":{"h":5.0,"d":1.0,"a":0,"l":"d","c":1,"gn":1,"t":6},"geometry":{"type":"Point","coordinates":[414116.3,5657117.6]}},{"type":"Feature","properties":{"h":20.0,"d":11.4,"a":0,"l":"d","s":"osm"},"geometry":{"type":"Point","coordinates":[414116.4,5657981.9]}},{"type":"Feature","properties":{"h":7.0,"d":3.0,"a":0,"l":"d","gn":1,"t":12},"geometry":{"type":"Point","coordinates":[414116.4,5656966.9]}},{"type":"Feature","properties":{"h":5.0,"d":1.0,"a":0,"l":"d","c":1,"gn":1,"t":6},"geometry":{"type":"Point","coordinates":[414116.4,5657107.7]}},{"type":"Feature","properties":{"h":17.0,"d":11.0,"a":0,"l":"d","gn":3,"t":56},"geometry":{"type":"Point","coordinates":[414116.4,5656378.0]}},{"type":"Feature","properties":{"h":6.0,"d":3.0,"a":0,"l":"d","gn":1,"t":11},"geometry":{"type":"Point","coordinates":[414116.7,5656959.2]}},{"type":"Feature","properties":{"h":4.0,"d":1.0,"a":2,"l":"d","gn":19,"t":6},"geometry":{"type":"Point","coordinates":[414116.8,5657244.5]}},{"type":"Feature","properties":{"h":6.0,"d":3.0,"a":0,"l":"d","gn":1,"t":13},"geometry":{"type":"Point","coordinates":[414117.4,5656947.0]}},{"type":"Feature","properties":{"h":5.0,"d":1.0,"a":0,"l":"d","c":1,"gn":1,"t":6},"geometry":{"type":"Point","coordinates":[414117.5,5657097.7]}},{"type":"Feature","properties":{"h":5.0,"d":1.0,"a":0,"l":"d","c":1,"gn":1,"t":6},"geometry":{"type":"Point","coordinates":[414117.6,5657088.6]}},{"type":"Feature","properties":{"h":5.0,"d":3.0,"a":0,"l":"d","gn":1,"t":12},"geometry":{"type":"Point","coordinates":[414117.9,5656938.0]}},{"type":"Feature","properties":{"h":5.0,"d":1.0,"a":0,"l":"d","c":1,"gn":1,"t":6},"geometry":{"type":"Point","coordinates":[414118.1,5657069.7]}},{"type":"Feature","properties":{"h":5.0,"d":3.0,"a":0,"l":"d","gn":1,"t":12},"geometry":{"type":"Point","coordinates":[414118.3,5656928.5]}},{"type":"Feature","properties":{"h":5.0,"d":2.0,"a":1,"l":"d","gn":3,"t":7},"geometry":{"type":"Point","coordinates":[414118.4,5657975.1]}},{"type":"Feature","properties":{"h":6.0,"d":3.0,"a":0,"l":"d","gn":1,"t":12},"geometry":{"type":"Point","coordinates":[414118.7,5656920.3]}},{"type":"Feature","properties":{"h":5.0,"d":1.0,"a":0,"l":"d","c":1,"gn":1,"t":6},"geometry":{"type":"Point","coordinates":[414118.7,5657062.4]}},{"type":"Feature","properties":{"h":5.0,"d":1.0,"a":0,"l":"d","c":1,"gn":1,"t":6},"geometry":{"type":"Point","coordinates":[414118.7,5657079.1]}},{"type":"Feature","properties":{"h":15.0,"d":18.0,"a":0,"l":"d","gn":10,"t":38},"geometry":{"type":"Point","coordinates":[414118.7,5657163.5]}},{"type":"Feature","properties":{"h":6.0,"d":3.0,"a":0,"l":"d","gn":1,"t":13},"geometry":{"type":"Point","coordinates":[414119.0,5656912.5]}},{"type":"Feature","properties":{"h":8.0,"d":1.0,"a":2,"l":"d","gn":19,"t":8},"geometry":{"type":"Point","coordinates":[414119.1,5657239.4]}},{"type":"Feature","properties":{"h":16.0,"d":6.0,"a":0,"l":"d","gn":1,"t":51},"geometry":{"type":"Point","coordinates":[414119.2,5656391.7]}},{"type":"Feature","properties":{"h":5.0,"d":3.0,"a":0,"l":"d","gn":1,"t":11},"geometry":{"type":"Point","coordinates":[414119.4,5656904.6]}},{"type":"Feature","properties":{"h":5.0,"d":3.0,"a":0,"l":"d","gn":1,"t":13},"geometry":{"type":"Point","coordinates":[414119.7,5656895.7]}},{"type":"Feature","properties":{"h":7.0,"d":3.0,"a":1,"l":"d","gn":30,"t":11},"geometry":{"type":"Point","coordinates":[414120.0,5656186.2]}},{"type":"Feature","properties":{"h":5.0,"d":1.0,"a":0,"l":"d","gn":3,"t":6},"geometry":{"type":"Point","coordinates":[414120.1,5656508.1]}},{"type":"Feature","properties":{"h":8.0,"d":4.0,"a":0,"l":"d","gn":6,"t":11},"geometry":{"type":"Point","coordinates":[414120.2,5657201.7]}},{"type":"Feature","properties":{"h":5.0,"d":3.0,"a":0,"l":"d","gn":1,"t":11},"geometry":{"type":"Point","coordinates":[414120.3,5656887.7]}},{"type":"Feature","properties":{"h":6.0,"d":4.0,"a":0,"l":"d","gn":1,"t":16},"geometry":{"type":"Point","coordinates":[414120.7,5656877.2]}},{"type":"Feature","properties":{"h":8.0,"d":3.0,"a":0,"l":"d","gn":1,"t":13},"geometry":{"type":"Point","coordinates":[414120.9,5657832.2]}},{"type":"Feature","properties":{"h":5.0,"d":2.0,"a":0,"l":"d","gn":6,"t":9},"geometry":{"type":"Point","coordinates":[414121.0,5657196.2]}},{"type":"Feature","properties":{"h":21.0,"d":16.0,"a":0,"l":"d","gn":5,"t":87},"geometry":{"type":"Point","coordinates":[414121.6,5656109.7]}},{"type":"Feature","properties":{"h":8.0,"d":1.0,"a":2,"l":"d","gn":19,"t":8},"geometry":{"type":"Point","coordinates":[414121.9,5657234.1]}},{"type":"Feature","properties":{"h":8.0,"d":5.0,"a":0,"l":"d","gn":1,"t":20},"geometry":{"type":"Point","coordinates":[414122.1,5656852.8]}},{"type":"Feature","properties":{"h":5.0,"d":3.0,"a":0,"l":"d","gn":1,"t":11},"geometry":{"type":"Point","coordinates":[414122.3,5656844.9]}},{"type":"Feature","properties":{"h":5.0,"d":3.0,"a":0,"l":"d","gn":1,"t":10},"geometry":{"type":"Point","coordinates":[414122.7,5656837.0]}},{"type":"Feature","properties":{"h":6.0,"d":3.0,"a":0,"l":"d","gn":1,"t":13},"geometry":{"type":"Point","coordinates":[414123.0,5656829.0]}},{"type":"Feature","properties":{"h":15.0,"d":5.0,"a":1,"l":"d","gn":16,"t":21},"geometry":{"type":"Point","coordinates":[414123.5,5657186.9]}},{"type":"Feature","properties":{"h":5.0,"d":2.0,"a":0,"l":"d","gn":3,"t":8},"geometry":{"type":"Point","coordinates":[414123.6,5657983.7]}},{"type":"Feature","properties":{"h":5.0,"d":3.0,"a":0,"l":"d","gn":1,"t":10},"geometry":{"type":"Point","coordinates":[414123.6,5656820.1]}},{"type":"Feature","properties":{"h":5.0,"d":3.0,"a":0,"l":"d","gn":1,"t":10},"geometry":{"type":"Point","coordinates":[414124.5,5656802.8]}},{"type":"Feature","properties":{"h":20.0,"d":11.4,"a":0,"l":"d","s":"osm"},"geometry":{"type":"Point","coordinates":[414125.0,5656977.1]}},{"type":"Feature","properties":{"h":6.0,"d":3.0,"a":0,"l":"d","gn":1,"t":10},"geometry":{"type":"Point","coordinates":[414125.0,5656792.9]}},{"type":"Feature","properties":{"h":5.0,"d":2.9,"a":0,"l":"d","gn":14,"t":15},"geometry":{"type":"Point","coordinates":[414125.1,5657953.6]}},{"type":"Feature","properties":{"h":5.0,"d":2.0,"a":1,"l":"d","gn":3,"t":8},"geometry":{"type":"Point","coordinates":[414125.2,5657977.0]}},{"type":"Feature","properties":{"h":4.0,"d":3.0,"a":0,"l":"d","gn":1,"t":11},"geometry":{"type":"Point","coordinates":[414125.4,5656782.8]}},{"type":"Feature","properties":{"h":8.0,"d":4.8,"a":5,"l":"d","gn":8,"s":"osm"},"geometry":{"type":"Point","coordinates":[414125.8,5656301.6]}},{"type":"Feature","properties":{"h":7.0,"d":3.0,"a":1,"l":"d","gn":30,"t":11},"geometry":{"type":"Point","coordinates":[414126.6,5656186.1]}},{"type":"Feature","properties":{"h":20.0,"d":11.4,"a":0,"l":"d","s":"osm"},"geometry":{"type":"Point","coordinates":[414127.7,5656870.6]}},{"type":"Feature","properties":{"h":20.0,"d":12.0,"a":0,"l":"d","gn":3,"t":57},"geometry":{"type":"Point","coordinates":[414127.9,5657046.1]}},{"type":"Feature","properties":{"h":7.0,"d":3.0,"a":0,"l":"d","gn":6,"t":10},"geometry":{"type":"Point","coordinates":[414128.0,5657203.2]}},{"type":"Feature","properties":{"h":12.0,"d":6.0,"a":0,"l":"d","gn":3,"t":24},"geometry":{"type":"Point","coordinates":[414128.7,5656509.2]}},{"type":"Feature","properties":{"h":9.0,"d":6.5,"a":1,"l":"d","gn":11,"t":23},"geometry":{"type":"Point","coordinates":[414128.8,5656875.0]}},{"type":"Feature","properties":{"h":5.0,"d":2.0,"a":0,"l":"d","gn":6,"t":8},"geometry":{"type":"Point","coordinates":[414129.0,5657197.7]}},{"type":"Feature","properties":{"h":19.0,"d":18.0,"a":0,"l":"d","gn":5,"t":77},"geometry":{"type":"Point","coordinates":[414129.1,5656121.1]}},{"type":"Feature","properties":{"h":8.0,"d":1.0,"a":2,"l":"d","gn":19,"t":11},"geometry":{"type":"Point","coordinates":[414129.5,5657224.3]}},{"type":"Feature","properties":{"h":8.0,"d":4.0,"a":0,"l":"d","c":1,"gn":1,"t":14},"geometry":{"type":"Point","coordinates":[414129.9,5656061.0]}},{"type":"Feature","properties":{"h":20.0,"d":11.4,"a":0,"l":"d","s":"osm"},"geometry":{"type":"Point","coordinates":[414130.0,5656843.7]}},{"type":"Feature","properties":{"h":20.0,"d":11.4,"a":0,"l":"d","s":"osm"},"geometry":{"type":"Point","coordinates":[414130.2,5656834.3]}},{"type":"Feature","properties":{"h":5.0,"d":2.0,"a":0,"l":"d","gn":3,"t":8},"geometry":{"type":"Point","coordinates":[414130.3,5657985.6]}},{"type":"Feature","properties":{"h":8.0,"d":4.0,"a":0,"l":"d","gn":3,"t":14},"geometry":{"type":"Point","coordinates":[414130.5,5657834.4]}},{"type":"Feature","properties":{"h":20.0,"d":11.4,"a":0,"l":"d","s":"osm"},"geometry":{"type":"Point","coordinates":[414130.9,5656824.7]}},{"type":"Feature","properties":{"h":17.0,"d":12.0,"a":0,"l":"d","gn":3,"t":48},"geometry":{"type":"Point","coordinates":[414131.3,5656493.9]}},{"type":"Feature","properties":{"h":20.0,"d":11.4,"a":0,"l":"d","s":"osm"},"geometry":{"type":"Point","coordinates":[414131.5,5656815.4]}},{"type":"Feature","properties":{"h":20.0,"d":11.4,"a":0,"l":"d","s":"osm"},"geometry":{"type":"Point","coordinates":[414131.8,5656806.8]}},{"type":"Feature","properties":{"h":20.0,"d":11.4,"a":0,"l":"d","s":"osm"},"geometry":{"type":"Point","coordinates":[414132.0,5656788.2]}},{"type":"Feature","properties":{"h":5.0,"d":2.0,"a":1,"l":"d","gn":3,"t":8},"geometry":{"type":"Point","coordinates":[414132.1,5657978.9]}},{"type":"Feature","properties":{"h":20.0,"d":11.4,"a":0,"l":"d","s":"osm"},"geometry":{"type":"Point","coordinates":[414132.1,5656797.5]}},{"type":"Feature","properties":{"h":20.0,"d":11.4,"a":0,"l":"d","s":"osm"},"geometry":{"type":"Point","coordinates":[414132.3,5656778.4]}},{"type":"Feature","properties":{"h":18.0,"d":10.0,"a":0,"l":"d","gn":9,"t":49},"geometry":{"type":"Point","coordinates":[414132.8,5656083.9]}},{"type":"Feature","properties":{"h":8.0,"d":4.0,"a":0,"l":"d","c":1,"gn":1,"t":13},"geometry":{"type":"Point","coordinates":[414135.4,5656073.9]}},{"type":"Feature","properties":{"h":8.0,"d":3.0,"a":0,"l":"d","gn":6,"t":11},"geometry":{"type":"Point","coordinates":[414135.8,5657204.8]}},{"type":"Feature","properties":{"h":19.0,"d":15.0,"a":0,"l":"d","gn":5,"t":77},"geometry":{"type":"Point","coordinates":[414136.6,5656133.4]}},{"type":"Feature","properties":{"h":8.0,"d":1.0,"a":2,"l":"d","gn":19,"t":7},"geometry":{"type":"Point","coordinates":[414136.8,5657217.3]}},{"type":"Feature","properties":{"h":8.0,"d":5.0,"a":0,"l":"d","c":1,"gn":1,"t":16},"geometry":{"type":"Point","coordinates":[414136.8,5656058.1]}},{"type":"Feature","properties":{"h":5.0,"d":2.0,"a":0,"l":"d","gn":3,"t":7},"geometry":{"type":"Point","coordinates":[414137.1,5657987.3]}},{"type":"Feature","properties":{"h":12.0,"d":6.0,"a":0,"l":"d","gn":3,"t":24},"geometry":{"type":"Point","coordinates":[414137.1,5656510.1]}},{"type":"Feature","properties":{"h":5.0,"d":2.0,"a":0,"l":"d","gn":6,"t":8},"geometry":{"type":"Point","coordinates":[414137.1,5657199.2]}},{"type":"Feature","properties":{"h":20.0,"d":11.4,"a":0,"l":"d","s":"osm"},"geometry":{"type":"Point","coordinates":[414137.3,5656870.9]}},{"type":"Feature","properties":{"h":9.0,"d":6.5,"a":1,"l":"d","gn":11,"t":21},"geometry":{"type":"Point","coordinates":[414137.9,5656875.4]}},{"type":"Feature","properties":{"h":12.0,"d":10.0,"a":0,"l":"d","gn":3,"t":38},"geometry":{"type":"Point","coordinates":[414138.6,5656380.7]}},{"type":"Feature","properties":{"h":5.0,"d":2.0,"a":1,"l":"d","gn":3,"t":8},"geometry":{"type":"Point","coordinates":[414138.6,5657980.9]}},{"type":"Feature","properties":{"h":4.0,"d":1.0,"a":1,"l":"d","gn":3,"t":6},"geometry":{"type":"Point","coordinates":[414139.1,5657260.8]}},{"type":"Feature","properties":{"h":20.0,"d":11.4,"a":0,"l":"d","s":"osm"},"geometry":{"type":"Point","coordinates":[414139.4,5656843.9]}},{"type":"Feature","properties":{"h":20.0,"d":11.4,"a":0,"l":"d","s":"osm"},"geometry":{"type":"Point","coordinates":[414140.2,5656825.0]}},{"type":"Feature","properties":{"h":20.0,"d":11.4,"a":0,"l":"d","s":"osm"},"geometry":{"type":"Point","coordinates":[414140.2,5656834.7]}},{"type":"Feature","properties":{"h":4.0,"d":1.0,"a":1,"l":"d","gn":3,"t":6},"geometry":{"type":"Point","coordinates":[414140.2,5657252.8]}},{"type":"Feature","properties":{"h":20.0,"d":11.4,"a":0,"l":"d","s":"osm"},"geometry":{"type":"Point","coordinates":[414140.6,5656807.4]}},{"type":"Feature","properties":{"h":20.0,"d":11.4,"a":0,"l":"d","s":"osm"},"geometry":{"type":"Point","coordinates":[414140.7,5656815.9]}},{"type":"Feature","properties":{"h":15.0,"d":14.0,"a":0,"l":"d","gn":5,"t":56},"geometry":{"type":"Point","coordinates":[414141.4,5656096.6]}},{"type":"Feature","properties":{"h":20.0,"d":11.4,"a":0,"l":"d","s":"osm"},"geometry":{"type":"Point","coordinates":[414141.6,5656797.4]}},{"type":"Feature","properties":{"h":20.0,"d":11.4,"a":0,"l":"d","s":"osm"},"geometry":{"type":"Point","coordinates":[414141.6,5656788.3]}},{"type":"Feature","properties":{"h":20.0,"d":11.4,"a":0,"l":"d","s":"osm"},"geometry":{"type":"Point","coordinates":[414141.8,5656778.9]}},{"type":"Feature","properties":{"h":4.0,"d":1.0,"a":2,"l":"d","gn":19,"t":6},"geometry":{"type":"Point","coordinates":[414141.9,5657213.8]}},{"type":"Feature","properties":{"h":4.0,"d":1.0,"a":1,"l":"d","gn":3,"t":6},"geometry":{"type":"Point","coordinates":[414142.4,5657266.9]}},{"type":"Feature","properties":{"h":8.0,"d":4.0,"a":0,"l":"d","c":1,"gn":1,"t":12},"geometry":{"type":"Point","coordinates":[414142.6,5656070.8]}},{"type":"Feature","properties":{"h":20.0,"d":11.4,"a":0,"l":"d","s":"osm"},"geometry":{"type":"Point","coordinates":[414143.1,5657000.4]}},{"type":"Feature","properties":{"h":21.0,"d":12.0,"a":0,"l":"d","gn":7,"t":68},"geometry":{"type":"Point","coordinates":[414143.4,5656495.6]}},{"type":"Feature","properties":{"h":5.0,"d":2.9,"a":0,"l":"d","gn":14,"t":16},"geometry":{"type":"Point","coordinates":[414143.6,5657958.9]}},{"type":"Feature","properties":{"h":14.0,"d":10.0,"a":0,"l":"d","gn":14,"t":46},"geometry":{"type":"Point","coordinates":[414143.7,5657019.7]}},{"type":"Feature","properties":{"h":5.0,"d":2.0,"a":1,"l":"d","gn":3,"t":8},"geometry":{"type":"Point","coordinates":[414143.7,5657302.2]}},{"type":"Feature","properties":{"h":8.0,"d":4.0,"a":0,"l":"d","c":1,"gn":1,"t":15},"geometry":{"type":"Point","coordinates":[414143.7,5656055.2]}},{"type":"Feature","properties":{"h":5.0,"d":2.0,"a":0,"l":"d","gn":3,"t":9},"geometry":{"type":"Point","coordinates":[414143.8,5657989.2]}},{"type":"Feature","properties":{"h":17.0,"d":16.0,"a":0,"l":"d","gn":4,"t":59},"geometry":{"type":"Point","coordinates":[414143.9,5656144.4]}},{"type":"Feature","properties":{"h":4.0,"d":1.0,"a":1,"l":"d","gn":3,"t":6},"geometry":{"type":"Point","coordinates":[414144.5,5657245.7]}},{"type":"Feature","properties":{"h":5.0,"d":2.0,"a":0,"l":"d","gn":6,"t":7},"geometry":{"type":"Point","coordinates":[414144.7,5657200.8]}},{"type":"Feature","properties":{"h":5.0,"d":2.0,"a":1,"l":"d","gn":3,"t":7},"geometry":{"type":"Point","coordinates":[414145.4,5657982.8]}},{"type":"Feature","properties":{"h":12.0,"d":6.0,"a":0,"l":"d","gn":3,"t":23},"geometry":{"type":"Point","coordinates":[414145.5,5656511.3]}},{"type":"Feature","properties":{"h":20.0,"d":11.4,"a":0,"l":"d","s":"osm"},"geometry":{"type":"Point","coordinates":[414145.6,5656871.1]}},{"type":"Feature","properties":{"h":9.0,"d":7.0,"a":1,"l":"d","gn":11,"t":25},"geometry":{"type":"Point","coordinates":[414146.5,5656875.7]}},{"type":"Feature","properties":{"h":5.0,"d":1.0,"a":2,"l":"d","gn":19,"t":6},"geometry":{"type":"Point","coordinates":[414146.8,5657210.8]}},{"type":"Feature","properties":{"h":11.0,"d":4.0,"a":0,"l":"d","gn":3,"t":39},"geometry":{"type":"Point","coordinates":[414148.4,5656382.7]}},{"type":"Feature","properties":{"h":18.0,"d":17.0,"a":0,"l":"d","gn":5,"t":78},"geometry":{"type":"Point","coordinates":[414149.0,5656108.5]}},{"type":"Feature","properties":{"h":4.0,"d":1.0,"a":1,"l":"d","gn":3,"t":6},"geometry":{"type":"Point","coordinates":[414149.2,5657271.4]}},{"type":"Feature","properties":{"h":5.0,"d":2.0,"a":0,"l":"d","c":1,"gn":1,"t":6},"geometry":{"type":"Point","coordinates":[414150.2,5656067.7]}},{"type":"Feature","properties":{"h":5.0,"d":2.0,"a":0,"l":"d","gn":3,"t":8},"geometry":{"type":"Point","coordinates":[414150.3,5657991.2]}},{"type":"Feature","properties":{"h":8.0,"d":4.0,"a":0,"l":"d","c":1,"gn":1,"t":13},"geometry":{"type":"Point","coordinates":[414151.1,5656052.1]}},{"type":"Feature","properties":{"h":5.0,"d":2.0,"a":0,"l":"d","gn":6,"t":8},"geometry":{"type":"Point","coordinates":[414151.8,5657202.3]}},{"type":"Feature","properties":{"h":5.0,"d":2.0,"a":1,"l":"d","gn":3,"t":7},"geometry":{"type":"Point","coordinates":[414152.2,5657984.6]}},{"type":"Feature","properties":{"h":4.0,"d":1.0,"a":2,"l":"d","gn":19,"t":6},"geometry":{"type":"Point","coordinates":[414152.4,5657208.3]}},{"type":"Feature","properties":{"h":12.0,"d":9.0,"a":0,"l":"d","gn":3,"t":42},"geometry":{"type":"Point","coordinates":[414154.0,5656512.4]}},{"type":"Feature","properties":{"h":4.0,"d":1.0,"a":1,"l":"d","gn":3,"t":6},"geometry":{"type":"Point","coordinates":[414154.5,5657234.6]}},{"type":"Feature","properties":{"h":4.0,"d":1.0,"a":5,"l":"d","gn":17,"t":6},"geometry":{"type":"Point","coordinates":[414154.8,5657272.2]}},{"type":"Feature","properties":{"h":13.0,"d":10.0,"a":0,"l":"d","gn":3,"t":40},"geometry":{"type":"Point","coordinates":[414155.1,5656397.0]}},{"type":"Feature","properties":{"h":20.0,"d":11.4,"a":0,"l":"d","s":"osm"},"geometry":{"type":"Point","coordinates":[414155.2,5656871.4]}},{"type":"Feature","properties":{"h":4.0,"d":1.0,"a":5,"l":"d","gn":17,"t":6},"geometry":{"type":"Point","coordinates":[414155.5,5657264.4]}},{"type":"Feature","properties":{"h":9.0,"d":6.5,"a":1,"l":"d","gn":11,"t":20},"geometry":{"type":"Point","coordinates":[414155.6,5656876.1]}},{"type":"Feature","properties":{"h":4.0,"d":1.0,"a":5,"l":"d","gn":17,"t":6},"geometry":{"type":"Point","coordinates":[414155.8,5657256.4]}},{"type":"Feature","properties":{"h":13.0,"d":9.0,"a":0,"l":"d","gn":14,"t":37},"geometry":{"type":"Point","coordinates":[414156.1,5657023.6]}},{"type":"Feature","properties":{"h":21.0,"d":13.0,"a":0,"l":"d","gn":7,"t":74},"geometry":{"type":"Point","coordinates":[414156.5,5656497.2]}},{"type":"Feature","properties":{"h":4.0,"d":1.0,"a":5,"l":"d","gn":17,"t":6},"geometry":{"type":"Point","coordinates":[414156.7,5657248.3]}},{"type":"Feature","properties":{"h":20.0,"d":13.0,"a":0,"l":"d","gn":5,"t":78},"geometry":{"type":"Point","coordinates":[414156.9,5656120.3]}},{"type":"Feature","properties":{"h":11.0,"d":10.0,"a":0,"l":"d","gn":3,"t":37},"geometry":{"type":"Point","coordinates":[414157.0,5656383.9]}},{"type":"Feature","properties":{"h":8.0,"d":4.0,"a":0,"l":"d","c":1,"gn":1,"t":16},"geometry":{"type":"Point","coordinates":[414157.6,5656049.4]}},{"type":"Feature","properties":{"h":16.0,"d":11.0,"a":0,"l":"d","gn":1,"t":49},"geometry":{"type":"Point","coordinates":[414158.0,5656064.4]}},{"type":"Feature","properties":{"h":8.0,"d":1.0,"a":2,"l":"d","gn":19,"t":8},"geometry":{"type":"Point","coordinates":[414158.3,5657206.3]}},{"type":"Feature","properties":{"h":20.0,"d":19.0,"a":0,"l":"d","gn":5,"t":85},"geometry":{"type":"Point","coordinates":[414159.1,5656167.8]}},{"type":"Feature","properties":{"h":5.0,"d":2.0,"a":1,"l":"d","gn":3,"t":8},"geometry":{"type":"Point","coordinates":[414159.3,5657986.6]}},{"type":"Feature","properties":{"h":4.0,"d":1.0,"a":1,"l":"d","gn":3,"t":6},"geometry":{"type":"Point","coordinates":[414161.1,5657229.5]}},{"type":"Feature","properties":{"h":4.0,"d":1.0,"a":5,"l":"d","gn":17,"t":6},"geometry":{"type":"Point","coordinates":[414162.8,5657272.9]}},{"type":"Feature","properties":{"h":4.0,"d":1.0,"a":5,"l":"d","gn":17,"t":6},"geometry":{"type":"Point","coordinates":[414163.5,5657265.0]}},{"type":"Feature","properties":{"h":8.0,"d":1.0,"a":2,"l":"d","gn":19,"t":7},"geometry":{"type":"Point","coordinates":[414163.9,5657205.0]}},{"type":"Feature","properties":{"h":4.0,"d":1.0,"a":5,"l":"d","gn":17,"t":6},"geometry":{"type":"Point","coordinates":[414164.0,5657257.0]}},{"type":"Feature","properties":{"h":20.0,"d":11.4,"a":0,"l":"d","s":"osm"},"geometry":{"type":"Point","coordinates":[414164.0,5656871.7]}},{"type":"Feature","properties":{"h":18.0,"d":20.0,"a":0,"l":"d","gn":5,"t":67},"geometry":{"type":"Point","coordinates":[414164.3,5656132.0]}},{"type":"Feature","properties":{"h":4.0,"d":2.0,"a":0,"l":"d","gn":3,"t":7},"geometry":{"type":"Point","coordinates":[414164.4,5657995.0]}},{"type":"Feature","properties":{"h":22.0,"d":16.0,"a":0,"l":"d","gn":4,"t":72},"geometry":{"type":"Point","coordinates":[414164.5,5657059.0]}},{"type":"Feature","properties":{"h":8.5,"d":6.5,"a":1,"l":"d","gn":11,"t":21},"geometry":{"type":"Point","coordinates":[414164.5,5656876.4]}},{"type":"Feature","properties":{"h":5.0,"d":2.0,"a":1,"l":"d","gn":3,"t":8},"geometry":{"type":"Point","coordinates":[414165.4,5657303.7]}},{"type":"Feature","properties":{"h":18.0,"d":11.0,"a":0,"l":"d","gn":1,"t":58},"geometry":{"type":"Point","coordinates":[414165.7,5656061.0]}},{"type":"Feature","properties":{"h":5.0,"d":2.0,"a":1,"l":"d","gn":3,"t":8},"geometry":{"type":"Point","coordinates":[414166.2,5657988.5]}},{"type":"Feature","properties":{"h":20.0,"d":11.4,"a":0,"l":"d","s":"osm"},"geometry":{"type":"Point","coordinates":[414166.2,5656340.3]}},{"type":"Feature","properties":{"h":13.0,"d":8.0,"a":0,"l":"d","gn":3,"t":30},"geometry":{"type":"Point","coordinates":[414166.6,5656385.2]}},{"type":"Feature","properties":{"h":12.0,"d":9.0,"a":0,"l":"d","gn":14,"t":38},"geometry":{"type":"Point","coordinates":[414167.0,5657027.0]}},{"type":"Feature","properties":{"h":11.0,"d":9.0,"a":0,"l":"d","gn":3,"t":37},"geometry":{"type":"Point","coordinates":[414167.5,5656514.2]}},{"type":"Feature","properties":{"h":9.0,"d":5.0,"a":0,"l":"d","c":1,"gn":1,"t":18},"geometry":{"type":"Point","coordinates":[414167.6,5656045.2]}},{"type":"Feature","properties":{"h":21.0,"d":11.0,"a":0,"l":"d","gn":7,"t":71},"geometry":{"type":"Point","coordinates":[414169.1,5656498.8]}},{"type":"Feature","properties":{"h":4.0,"d":1.0,"a":1,"l":"d","gn":3,"t":6},"geometry":{"type":"Point","coordinates":[414169.2,5657226.2]}},{"type":"Feature","properties":{"h":4.0,"d":1.0,"a":5,"l":"d","gn":17,"t":6},"geometry":{"type":"Point","coordinates":[414170.7,5657273.5]}},{"type":"Feature","properties":{"h":20.0,"d":11.4,"a":0,"l":"d","s":"osm"},"geometry":{"type":"Point","coordinates":[414171.3,5656340.5]}},{"type":"Feature","properties":{"h":5.0,"d":2.0,"a":0,"l":"d","gn":3,"t":8},"geometry":{"type":"Point","coordinates":[414171.3,5657996.8]}},{"type":"Feature","properties":{"h":4.0,"d":1.0,"a":5,"l":"d","gn":17,"t":6},"geometry":{"type":"Point","coordinates":[414171.4,5657265.7]}},{"type":"Feature","properties":{"h":4.0,"d":1.0,"a":5,"l":"d","gn":17,"t":6},"geometry":{"type":"Point","coordinates":[414172.0,5657257.7]}},{"type":"Feature","properties":{"h":16.0,"d":15.0,"a":0,"l":"d","gn":5,"t":63},"geometry":{"type":"Point","coordinates":[414172.2,5656144.2]}},{"type":"Feature","properties":{"h":4.0,"d":1.0,"a":5,"l":"d","gn":17,"t":6},"geometry":{"type":"Point","coordinates":[414172.6,5657249.6]}},{"type":"Feature","properties":{"h":20.0,"d":11.4,"a":0,"l":"d","s":"osm"},"geometry":{"type":"Point","coordinates":[414172.7,5656871.9]}},{"type":"Feature","properties":{"h":5.0,"d":2.0,"a":1,"l":"d","gn":3,"t":7},"geometry":{"type":"Point","coordinates":[414172.9,5657990.5]}},{"type":"Feature","properties":{"h":10.0,"d":8.0,"a":1,"l":"d","gn":11,"t":24},"geometry":{"type":"Point","coordinates":[414173.6,5656876.8]}},{"type":"Feature","properties":{"h":10.0,"d":8.0,"a":0,"l":"d","gn":3,"t":28},"geometry":{"type":"Point","coordinates":[414175.1,5656386.6]}},{"type":"Feature","properties":{"h":5.0,"d":2.0,"a":1,"l":"d","gn":3,"t":8},"geometry":{"type":"Point","coordinates":[414175.8,5657304.3]}},{"type":"Feature","properties":{"h":12.0,"d":6.0,"a":0,"l":"d","gn":3,"t":23},"geometry":{"type":"Point","coordinates":[414175.9,5656515.5]}},{"type":"Feature","properties":{"h":12.0,"d":8.0,"a":0,"l":"d","gn":14,"t":31},"geometry":{"type":"Point","coordinates":[414176.6,5657030.3]}},{"type":"Feature","properties":{"h":4.0,"d":1.0,"a":1,"l":"d","gn":3,"t":6},"geometry":{"type":"Point","coordinates":[414176.8,5657224.3]}},{"type":"Feature","properties":{"h":12.0,"d":3.0,"a":2,"l":"d","gn":19,"t":23},"geometry":{"type":"Point","coordinates":[414176.9,5657198.7]}},{"type":"Feature","properties":{"h":5.0,"d":1.0,"a":0,"l":"d","c":1,"gn":1,"t":6},"geometry":{"type":"Point","coordinates":[414177.5,5656041.0]}},{"type":"Feature","properties":{"h":6.0,"d":2.0,"a":0,"l":"d","gn":3,"t":7},"geometry":{"type":"Point","coordinates":[414178.0,5657998.8]}},{"type":"Feature","properties":{"h":13.0,"d":5.0,"a":0,"l":"d","gn":10,"t":27},"geometry":{"type":"Point","coordinates":[414178.1,5656400.3]}},{"type":"Feature","properties":{"h":4.0,"d":1.0,"a":5,"l":"d","gn":17,"t":6},"geometry":{"type":"Point","coordinates":[414178.7,5657274.2]}},{"type":"Feature","properties":{"h":4.0,"d":1.0,"a":5,"l":"d","gn":17,"t":6},"geometry":{"type":"Point","coordinates":[414179.3,5657266.3]}},{"type":"Feature","properties":{"h":16.0,"d":16.0,"a":0,"l":"d","gn":5,"t":63},"geometry":{"type":"Point","coordinates":[414179.4,5656155.7]}},{"type":"Feature","properties":{"h":5.0,"d":2.9,"a":0,"l":"d","gn":4,"t":10},"geometry":{"type":"Point","coordinates":[414179.5,5657932.4]}},{"type":"Feature","properties":{"h":5.0,"d":2.0,"a":1,"l":"d","gn":3,"t":7},"geometry":{"type":"Point","coordinates":[414179.7,5657992.2]}},{"type":"Feature","properties":{"h":21.0,"d":16.0,"a":0,"l":"d","gn":5,"t":84},"geometry":{"type":"Point","coordinates":[414181.6,5656202.8]}},{"type":"Feature","properties":{"h":21.0,"d":11.0,"a":0,"l":"d","gn":7,"t":84},"geometry":{"type":"Point","coordinates":[414181.7,5656500.5]}},{"type":"Feature","properties":{"h":18.0,"d":11.0,"a":0,"l":"d","gn":1,"t":57},"geometry":{"type":"Point","coordinates":[414182.1,5656387.4]}},{"type":"Feature","properties":{"h":16.0,"d":13.0,"a":0,"l":"d","gn":1,"t":54},"geometry":{"type":"Point","coordinates":[414182.2,5656054.1]}},{"type":"Feature","properties":{"h":20.0,"d":11.4,"a":0,"l":"d","s":"osm"},"geometry":{"type":"Point","coordinates":[414182.2,5656872.2]}},{"type":"Feature","properties":{"h":8.5,"d":6.5,"a":1,"l":"d","gn":11,"t":25},"geometry":{"type":"Point","coordinates":[414182.4,5656877.0]}},{"type":"Feature","properties":{"h":12.0,"d":7.0,"a":0,"l":"d","gn":3,"t":25},"geometry":{"type":"Point","coordinates":[414184.3,5656516.6]}},{"type":"Feature","properties":{"h":8.0,"d":5.0,"a":0,"l":"d","c":1,"gn":1,"t":19},"geometry":{"type":"Point","coordinates":[414184.6,5656038.1]}},{"type":"Feature","properties":{"h":20.0,"d":11.4,"a":0,"l":"d","s":"osm"},"geometry":{"type":"Point","coordinates":[414184.8,5656203.6]}},{"type":"Feature","properties":{"h":4.0,"d":1.0,"a":1,"l":"d","gn":3,"t":6},"geometry":{"type":"Point","coordinates":[414184.9,5657223.5]}},{"type":"Feature","properties":{"h":5.0,"d":2.0,"a":1,"l":"d","gn":3,"t":8},"geometry":{"type":"Point","coordinates":[414185.7,5657305.2]}},{"type":"Feature","properties":{"h":7.0,"d":6.0,"a":0,"l":"d","gn":5,"t":79},"geometry":{"type":"Point","coordinates":[414186.2,5656166.2]}},{"type":"Feature","properties":{"h":5.0,"d":2.0,"a":1,"l":"d","gn":3,"t":8},"geometry":{"type":"Point","coordinates":[414186.4,5657994.0]}},{"type":"Feature","properties":{"h":12.0,"d":2.0,"a":2,"l":"d","gn":19,"t":19},"geometry":{"type":"Point","coordinates":[414186.5,5657200.5]}},{"type":"Feature","properties":{"h":4.0,"d":1.0,"a":5,"l":"d","gn":17,"t":6},"geometry":{"type":"Point","coordinates":[414186.6,5657274.8]}},{"type":"Feature","properties":{"h":4.0,"d":1.0,"a":5,"l":"d","gn":17,"t":6},"geometry":{"type":"Point","coordinates":[414187.2,5657266.9]}},{"type":"Feature","properties":{"h":20.0,"d":11.4,"a":0,"l":"d","s":"osm"},"geometry":{"type":"Point","coordinates":[414187.6,5657012.6]}},{"type":"Feature","properties":{"h":4.0,"d":1.0,"a":5,"l":"d","gn":17,"t":6},"geometry":{"type":"Point","coordinates":[414187.8,5657258.8]}},{"type":"Feature","properties":{"h":4.0,"d":1.0,"a":5,"l":"d","gn":17,"t":6},"geometry":{"type":"Point","coordinates":[414188.5,5657250.7]}},{"type":"Feature","properties":{"h":13.0,"d":7.0,"a":0,"l":"d","gn":9,"t":28},"geometry":{"type":"Point","coordinates":[414189.6,5656215.0]}},{"type":"Feature","properties":{"h":17.0,"d":10.0,"a":0,"l":"d","gn":1,"t":45},"geometry":{"type":"Point","coordinates":[414189.8,5656051.0]}},{"type":"Feature","properties":{"h":3.8,"d":2.2,"a":0,"l":"d","s":"osm"},"geometry":{"type":"Point","coordinates":[414190.0,5656341.1]}},{"type":"Feature","properties":{"h":8.0,"d":5.0,"a":0,"l":"d","c":1,"gn":1,"t":18},"geometry":{"type":"Point","coordinates":[414191.6,5656035.3]}},{"type":"Feature","properties":{"h":20.0,"d":11.4,"a":0,"l":"d","s":"osm"},"geometry":{"type":"Point","coordinates":[414191.7,5656805.3]}},{"type":"Feature","properties":{"h":24.0,"d":13.7,"a":0,"l":"d","gn":4,"s":"osm","f":1},"geometry":{"type":"Point","coordinates":[414192.1,5657514.3]}},{"type":"Feature","properties":{"h":6.0,"d":4.0,"a":5,"l":"d","gn":17,"t":12},"geometry":{"type":"Point","coordinates":[414192.3,5657045.5]}},{"type":"Feature","properties":{"h":5.0,"d":2.0,"a":1,"l":"d","gn":3,"t":7},"geometry":{"type":"Point","coordinates":[414193.2,5657996.0]}},{"type":"Feature","properties":{"h":14.0,"d":7.0,"a":0,"l":"d","gn":3,"t":23},"geometry":{"type":"Point","coordinates":[414193.2,5656517.7]}},{"type":"Feature","properties":{"h":12.0,"d":2.0,"a":2,"l":"d","gn":19,"t":21},"geometry":{"type":"Point","coordinates":[414193.9,5657201.9]}},{"type":"Feature","properties":{"h":6.0,"d":3.0,"a":0,"l":"d","gn":7,"t":12},"geometry":{"type":"Point","coordinates":[414194.8,5656502.4]}},{"type":"Feature","properties":{"h":5.0,"d":2.0,"a":1,"l":"d","gn":3,"t":8},"geometry":{"type":"Point","coordinates":[414195.6,5657306.0]}},{"type":"Feature","properties":{"h":4.0,"d":1.0,"a":5,"l":"d","gn":17,"t":6},"geometry":{"type":"Point","coordinates":[414196.6,5657251.4]}},{"type":"Feature","properties":{"h":15.0,"d":10.0,"a":0,"l":"d","gn":1,"t":40},"geometry":{"type":"Point","coordinates":[414197.2,5656047.8]}},{"type":"Feature","properties":{"h":20.0,"d":11.4,"a":0,"l":"d","s":"osm"},"geometry":{"type":"Point","coordinates":[414197.3,5657015.9]}},{"type":"Feature","properties":{"h":5.0,"d":4.0,"a":5,"l":"d","gn":17,"t":10},"geometry":{"type":"Point","coordinates":[414197.7,5657046.8]}},{"type":"Feature","properties":{"h":3.8,"d":2.2,"a":0,"l":"d","s":"osm"},"geometry":{"type":"Point","coordinates":[414199.1,5656341.4]}},{"type":"Feature","properties":{"h":3.8,"d":2.2,"a":0,"l":"d","s":"osm"},"geometry":{"type":"Point","coordinates":[414199.9,5656323.5]}},{"type":"Feature","properties":{"h":5.0,"d":2.0,"a":1,"l":"d","gn":3,"t":8},"geometry":{"type":"Point","coordinates":[414199.9,5657997.8]}},{"type":"Feature","properties":{"h":4.0,"d":1.0,"a":1,"l":"d","gn":3,"t":6},"geometry":{"type":"Point","coordinates":[414200.4,5657224.1]}},{"type":"Feature","properties":{"h":9.0,"d":6.0,"a":0,"l":"d","c":1,"gn":1,"t":17},"geometry":{"type":"Point","coordinates":[414201.1,5656031.3]}},{"type":"Feature","properties":{"h":12.0,"d":2.0,"a":2,"l":"d","gn":19,"t":18},"geometry":{"type":"Point","coordinates":[414201.1,5657202.6]}},{"type":"Feature","properties":{"h":18.0,"d":13.0,"a":0,"l":"d","gn":3,"t":56},"geometry":{"type":"Point","coordinates":[414202.0,5656390.2]}},{"type":"Feature","properties":{"h":4.0,"d":1.0,"a":5,"l":"d","gn":17,"t":6},"geometry":{"type":"Point","coordinates":[414202.5,5657276.0]}},{"type":"Feature","properties":{"h":4.0,"d":3.0,"a":5,"l":"d","gn":17,"t":9},"geometry":{"type":"Point","coordinates":[414202.6,5657048.5]}},{"type":"Feature","properties":{"h":16.0,"d":6.0,"a":0,"l":"d","gn":3,"t":45},"geometry":{"type":"Point","coordinates":[414202.6,5656519.0]}},{"type":"Feature","properties":{"h":4.0,"d":1.0,"a":5,"l":"d","gn":17,"t":6},"geometry":{"type":"Point","coordinates":[414203.1,5657268.1]}},{"type":"Feature","properties":{"h":4.0,"d":1.0,"a":5,"l":"d","gn":17,"t":6},"geometry":{"type":"Point","coordinates":[414203.8,5657260.2]}},{"type":"Feature","properties":{"h":4.0,"d":1.0,"a":5,"l":"d","gn":17,"t":6},"geometry":{"type":"Point","coordinates":[414204.3,5657252.0]}},{"type":"Feature","properties":{"h":23.0,"d":17.0,"a":0,"l":"d","gn":5,"t":73},"geometry":{"type":"Point","coordinates":[414205.1,5656238.9]}},{"type":"Feature","properties":{"h":11.0,"d":8.0,"a":0,"l":"d","gn":1,"t":35},"geometry":{"type":"Point","coordinates":[414205.4,5656044.4]}},{"type":"Feature","properties":{"h":13.0,"d":7.0,"a":0,"l":"d","gn":7,"t":29},"geometry":{"type":"Point","coordinates":[414207.5,5656504.0]}},{"type":"Feature","properties":{"h":9.0,"d":5.0,"a":0,"l":"d","c":1,"gn":1,"t":16},"geometry":{"type":"Point","coordinates":[414207.9,5656028.4]}},{"type":"Feature","properties":{"h":11.0,"d":1.0,"a":2,"l":"d","gn":19,"t":16},"geometry":{"type":"Point","coordinates":[414208.2,5657203.4]}},{"type":"Feature","properties":{"h":12.0,"d":10.0,"a":0,"l":"d","gn":3,"t":45},"geometry":{"type":"Point","coordinates":[414209.4,5656405.1]}},{"type":"Feature","properties":{"h":18.0,"d":12.0,"a":0,"l":"d","gn":9,"t":49},"geometry":{"type":"Point","coordinates":[414209.8,5656202.3]}},{"type":"Feature","properties":{"h":4.0,"d":1.0,"a":5,"l":"d","gn":17,"t":6},"geometry":{"type":"Point","coordinates":[414210.4,5657276.7]}},{"type":"Feature","properties":{"h":10.0,"d":6.0,"a":1,"l":"d","gn":16,"t":19},"geometry":{"type":"Point","coordinates":[414210.6,5657224.4]}},{"type":"Feature","properties":{"h":4.0,"d":1.0,"a":5,"l":"d","gn":17,"t":6},"geometry":{"type":"Point","coordinates":[414211.0,5657268.9]}},{"type":"Feature","properties":{"h":12.0,"d":7.0,"a":0,"l":"d","gn":3,"t":25},"geometry":{"type":"Point","coordinates":[414211.1,5656391.5]}},{"type":"Feature","properties":{"h":4.0,"d":1.0,"a":5,"l":"d","gn":17,"t":6},"geometry":{"type":"Point","coordinates":[414211.8,5657260.9]}},{"type":"Feature","properties":{"h":20.0,"d":11.4,"a":0,"l":"d","s":"osm"},"geometry":{"type":"Point","coordinates":[414212.0,5657018.8]}},{"type":"Feature","properties":{"h":12.0,"d":6.0,"a":0,"l":"d","gn":3,"t":26},"geometry":{"type":"Point","coordinates":[414212.3,5656520.3]}},{"type":"Feature","properties":{"h":4.0,"d":1.0,"a":5,"l":"d","gn":17,"t":6},"geometry":{"type":"Point","coordinates":[414212.4,5657252.6]}},{"type":"Feature","properties":{"h":12.0,"d":8.0,"a":0,"l":"d","gn":14,"t":45},"geometry":{"type":"Point","coordinates":[414213.1,5657042.1]}},{"type":"Feature","properties":{"h":18.0,"d":16.0,"a":0,"l":"d","gn":5,"t":88},"geometry":{"type":"Point","coordinates":[414213.7,5656252.5]}},{"type":"Feature","properties":{"h":16.0,"d":11.0,"a":0,"l":"d","gn":1,"t":53},"geometry":{"type":"Point","coordinates":[414215.4,5656040.3]}},{"type":"Feature","properties":{"h":5.0,"d":2.0,"a":0,"l":"d","gn":7,"t":10},"geometry":{"type":"Point","coordinates":[414215.4,5657999.6]}},{"type":"Feature","properties":{"h":12.0,"d":2.0,"a":2,"l":"d","gn":19,"t":20},"geometry":{"type":"Point","coordinates":[414215.7,5657203.7]}},{"type":"Feature","properties":{"h":12.0,"d":7.0,"a":0,"l":"d","gn":9,"t":110},"geometry":{"type":"Point","coordinates":[414217.3,5656214.5]}},{"type":"Feature","properties":{"h":8.0,"d":4.0,"a":0,"l":"d","c":1,"gn":1,"t":16},"geometry":{"type":"Point","coordinates":[414218.0,5656024.2]}},{"type":"Feature","properties":{"h":4.0,"d":1.0,"a":5,"l":"d","gn":17,"t":6},"geometry":{"type":"Point","coordinates":[414218.4,5657277.3]}},{"type":"Feature","properties":{"h":4.0,"d":1.0,"a":5,"l":"d","gn":17,"t":6},"geometry":{"type":"Point","coordinates":[414218.9,5657269.4]}},{"type":"Feature","properties":{"h":20.0,"d":11.4,"a":0,"l":"d","s":"osm"},"geometry":{"type":"Point","coordinates":[414219.2,5657023.6]}},{"type":"Feature","properties":{"h":4.0,"d":1.0,"a":5,"l":"d","gn":17,"t":6},"geometry":{"type":"Point","coordinates":[414219.6,5657261.3]}},{"type":"Feature","properties":{"h":4.0,"d":1.0,"a":5,"l":"d","gn":17,"t":6},"geometry":{"type":"Point","coordinates":[414220.5,5657253.2]}},{"type":"Feature","properties":{"h":4.0,"d":1.0,"a":1,"l":"d","gn":3,"t":6},"geometry":{"type":"Point","coordinates":[414220.6,5657224.9]}},{"type":"Feature","properties":{"h":12.0,"d":8.0,"a":0,"l":"d","gn":14,"t":41},"geometry":{"type":"Point","coordinates":[414220.6,5657044.4]}},{"type":"Feature","properties":{"h":12.0,"d":6.0,"a":0,"l":"d","gn":5,"t":23},"geometry":{"type":"Point","coordinates":[414221.2,5656264.5]}},{"type":"Feature","properties":{"h":5.0,"d":2.0,"a":1,"l":"d","gn":3,"t":8},"geometry":{"type":"Point","coordinates":[414221.6,5657309.0]}},{"type":"Feature","properties":{"h":13.0,"d":7.0,"a":0,"l":"d","gn":3,"t":26},"geometry":{"type":"Point","coordinates":[414221.7,5656521.6]}},{"type":"Feature","properties":{"h":12.0,"d":8.0,"a":0,"l":"d","gn":3,"t":40},"geometry":{"type":"Point","coordinates":[414222.1,5656506.0]}},{"type":"Feature","properties":{"h":15.0,"d":10.0,"a":0,"l":"d","gn":1,"t":44},"geometry":{"type":"Point","coordinates":[414223.6,5656036.8]}},{"type":"Feature","properties":{"h":6.0,"d":2.0,"a":5,"l":"d","gn":8,"t":10},"geometry":{"type":"Point","coordinates":[414225.5,5656193.7]}},{"type":"Feature","properties":{"h":5.0,"d":2.0,"a":0,"l":"d","c":1,"gn":1,"t":8},"geometry":{"type":"Point","coordinates":[414225.8,5656020.9]}},{"type":"Feature","properties":{"h":4.0,"d":2.0,"a":5,"l":"d","g":1,"gn":10,"t":11},"geometry":{"type":"Point","coordinates":[414226.0,5657985.7]}},{"type":"Feature","properties":{"h":12.0,"d":2.0,"a":2,"l":"d","gn":19,"t":18},"geometry":{"type":"Point","coordinates":[414226.1,5657204.1]}},{"type":"Feature","properties":{"h":16.0,"d":14.0,"a":0,"l":"d","gn":14,"t":64},"geometry":{"type":"Point","coordinates":[414227.6,5656172.3]}},{"type":"Feature","properties":{"h":4.0,"d":2.0,"a":5,"l":"d","g":1,"gn":10,"t":11},"geometry":{"type":"Point","coordinates":[414227.9,5657980.4]}},{"type":"Feature","properties":{"h":4.0,"d":1.0,"a":1,"l":"d","gn":3,"t":6},"geometry":{"type":"Point","coordinates":[414228.4,5657225.3]}},{"type":"Feature","properties":{"h":4.0,"d":1.0,"a":5,"l":"d","gn":17,"t":6},"geometry":{"type":"Point","coordinates":[414228.5,5657253.9]}},{"type":"Feature","properties":{"h":17.0,"d":10.0,"a":0,"l":"d","gn":3,"t":48},"geometry":{"type":"Point","coordinates":[414229.4,5656394.6]}},{"type":"Feature","properties":{"h":3.0,"d":1.0,"a":0,"l":"d","gn":4,"t":6},"geometry":{"type":"Point","coordinates":[414229.8,5657886.4]}},{"type":"Feature","properties":{"h":17.0,"d":16.0,"a":0,"l":"d","gn":5,"t":99},"geometry":{"type":"Point","coordinates":[414229.8,5656277.5]}},{"type":"Feature","properties":{"h":11.0,"d":8.0,"a":0,"l":"d","gn":1,"t":40},"geometry":{"type":"Point","coordinates":[414230.7,5656033.8]}},{"type":"Feature","properties":{"h":19.0,"d":11.0,"a":0,"l":"d","gn":3,"t":56},"geometry":{"type":"Point","coordinates":[414231.1,5656522.9]}},{"type":"Feature","properties":{"h":5.0,"d":2.0,"a":1,"l":"d","gn":3,"t":7},"geometry":{"type":"Point","coordinates":[414231.4,5657309.8]}},{"type":"Feature","properties":{"h":4.0,"d":2.0,"a":5,"l":"d","g":1,"gn":10,"t":11},"geometry":{"type":"Point","coordinates":[414232.2,5657987.3]}},{"type":"Feature","properties":{"h":9.0,"d":5.0,"a":0,"l":"d","c":1,"gn":1,"t":17},"geometry":{"type":"Point","coordinates":[414232.2,5656018.3]}},{"type":"Feature","properties":{"h":21.0,"d":12.0,"a":0,"l":"d","gn":9,"t":52},"geometry":{"type":"Point","coordinates":[414232.5,5656237.9]}},{"type":"Feature","properties":{"h":12.0,"d":2.0,"a":2,"l":"d","gn":19,"t":17},"geometry":{"type":"Point","coordinates":[414233.0,5657204.4]}},{"type":"Feature","properties":{"h":4.0,"d":2.0,"a":5,"l":"d","g":1,"gn":10,"t":11},"geometry":{"type":"Point","coordinates":[414233.6,5657982.5]}},{"type":"Feature","properties":{"h":4.0,"d":1.0,"a":5,"l":"d","gn":17,"t":6},"geometry":{"type":"Point","coordinates":[414234.8,5657270.4]}},{"type":"Feature","properties":{"h":10.0,"d":8.0,"a":0,"l":"d","gn":14,"t":29},"geometry":{"type":"Point","coordinates":[414235.6,5657049.2]}},{"type":"Feature","properties":{"h":4.0,"d":1.0,"a":5,"l":"d","gn":17,"t":6},"geometry":{"type":"Point","coordinates":[414235.6,5657262.6]}},{"type":"Feature","properties":{"h":4.0,"d":1.0,"a":1,"l":"d","gn":3,"t":6},"geometry":{"type":"Point","coordinates":[414236.5,5657225.8]}},{"type":"Feature","properties":{"h":4.0,"d":1.0,"a":5,"l":"d","gn":17,"t":6},"geometry":{"type":"Point","coordinates":[414236.5,5657254.4]}},{"type":"Feature","properties":{"h":21.0,"d":15.0,"a":0,"l":"d","gn":14,"t":89},"geometry":{"type":"Point","coordinates":[414237.8,5656524.1]}},{"type":"Feature","properties":{"h":4.0,"d":2.0,"a":5,"l":"d","g":1,"gn":10,"t":11},"geometry":{"type":"Point","coordinates":[414238.3,5657989.0]}},{"type":"Feature","properties":{"h":7.0,"d":3.0,"a":5,"l":"d","gn":8,"t":14},"geometry":{"type":"Point","coordinates":[414238.9,5656193.2]}},{"type":"Feature","properties":{"h":15.0,"d":10.0,"a":0,"l":"d","gn":1,"t":60},"geometry":{"type":"Point","coordinates":[414239.3,5656030.2]}},{"type":"Feature","properties":{"h":4.0,"d":2.0,"a":5,"l":"d","g":1,"gn":10,"t":11},"geometry":{"type":"Point","coordinates":[414239.6,5657984.2]}},{"type":"Feature","properties":{"h":21.0,"d":12.0,"a":0,"l":"d","gn":9,"t":44},"geometry":{"type":"Point","coordinates":[414239.6,5656248.9]}},{"type":"Feature","properties":{"h":12.0,"d":1.0,"a":2,"l":"d","gn":19,"t":16},"geometry":{"type":"Point","coordinates":[414239.9,5657204.7]}},{"type":"Feature","properties":{"h":9.0,"d":5.0,"a":0,"l":"d","c":1,"gn":1,"t":19},"geometry":{"type":"Point","coordinates":[414241.2,5656014.5]}},{"type":"Feature","properties":{"h":4.0,"d":2.0,"a":1,"l":"d","gn":3,"t":6},"geometry":{"type":"Point","coordinates":[414241.4,5657310.8]}},{"type":"Feature","properties":{"h":4.0,"d":1.0,"a":5,"l":"d","gn":17,"t":6},"geometry":{"type":"Point","coordinates":[414242.1,5657279.2]}},{"type":"Feature","properties":{"h":10.0,"d":5.0,"a":0,"l":"d","gn":7,"t":29},"geometry":{"type":"Point","coordinates":[414242.3,5656508.7]}},{"type":"Feature","properties":{"h":4.0,"d":1.0,"a":5,"l":"d","gn":17,"t":6},"geometry":{"type":"Point","coordinates":[414242.8,5657271.1]}},{"type":"Feature","properties":{"h":10.0,"d":6.0,"a":0,"l":"d","gn":14,"t":27},"geometry":{"type":"Point","coordinates":[414243.0,5657051.7]}},{"type":"Feature","properties":{"h":20.0,"d":11.4,"a":0,"l":"d","s":"osm"},"geometry":{"type":"Point","coordinates":[414243.4,5657029.5]}},{"type":"Feature","properties":{"h":4.0,"d":1.0,"a":5,"l":"d","gn":17,"t":6},"geometry":{"type":"Point","coordinates":[414243.6,5657263.3]}},{"type":"Feature","properties":{"h":4.0,"d":1.0,"a":5,"l":"d","gn":17,"t":6},"geometry":{"type":"Point","coordinates":[414244.2,5657255.1]}},{"type":"Feature","properties":{"h":4.0,"d":2.0,"a":5,"l":"d","g":1,"gn":10,"t":11},"geometry":{"type":"Point","coordinates":[414244.4,5657990.3]}},{"type":"Feature","properties":{"h":4.0,"d":1.0,"a":1,"l":"d","gn":3,"t":6},"geometry":{"type":"Point","coordinates":[414244.5,5657226.0]}},{"type":"Feature","properties":{"h":18.0,"d":10.0,"a":0,"l":"d","gn":3,"t":54},"geometry":{"type":"Point","coordinates":[414245.1,5656525.2]}},{"type":"Feature","properties":{"h":4.0,"d":2.0,"a":5,"l":"d","g":1,"gn":10,"t":11},"geometry":{"type":"Point","coordinates":[414245.5,5657986.0]}},{"type":"Feature","properties":{"h":18.0,"d":12.0,"a":0,"l":"d","gn":9,"t":50},"geometry":{"type":"Point","coordinates":[414245.6,5656301.9]}},{"type":"Feature","properties":{"h":5.0,"d":2.0,"a":5,"l":"d","gn":8,"t":13},"geometry":{"type":"Point","coordinates":[414246.3,5656192.4]}},{"type":"Feature","properties":{"h":16.0,"d":9.0,"a":0,"l":"d","gn":1,"t":40},"geometry":{"type":"Point","coordinates":[414247.2,5656026.9]}},{"type":"Feature","properties":{"h":12.0,"d":9.0,"a":0,"l":"d","gn":3,"t":45},"geometry":{"type":"Point","coordinates":[414247.5,5656397.2]}},{"type":"Feature","properties":{"h":8.0,"d":1.0,"a":2,"l":"d","gn":19,"t":8},"geometry":{"type":"Point","coordinates":[414247.8,5657205.1]}},{"type":"Feature","properties":{"h":25.0,"d":19.0,"a":0,"l":"d","gn":9,"t":115},"geometry":{"type":"Point","coordinates":[414249.2,5656264.1]}},{"type":"Feature","properties":{"h":9.0,"d":5.0,"a":0,"l":"d","c":1,"gn":1,"t":16},"geometry":{"type":"Point","coordinates":[414249.9,5656010.9]}},{"type":"Feature","properties":{"h":4.0,"d":1.0,"a":5,"l":"d","gn":17,"t":6},"geometry":{"type":"Point","coordinates":[414250.1,5657279.7]}},{"type":"Feature","properties":{"h":10.0,"d":6.0,"a":0,"l":"d","gn":7,"t":31},"geometry":{"type":"Point","coordinates":[414250.2,5656509.7]}},{"type":"Feature","properties":{"h":4.0,"d":1.0,"a":5,"l":"d","gn":17,"t":6},"geometry":{"type":"Point","coordinates":[414250.8,5657271.8]}},{"type":"Feature","properties":{"h":4.0,"d":2.0,"a":5,"l":"d","g":1,"gn":10,"t":11},"geometry":{"type":"Point","coordinates":[414251.0,5657991.5]}},{"type":"Feature","properties":{"h":5.0,"d":2.0,"a":1,"l":"d","gn":3,"t":8},"geometry":{"type":"Point","coordinates":[414251.5,5657311.8]}},{"type":"Feature","properties":{"h":4.0,"d":2.0,"a":5,"l":"d","g":1,"gn":10,"t":11},"geometry":{"type":"Point","coordinates":[414251.6,5657987.5]}},{"type":"Feature","properties":{"h":4.0,"d":1.0,"a":5,"l":"d","gn":17,"t":6},"geometry":{"type":"Point","coordinates":[414251.6,5657263.8]}},{"type":"Feature","properties":{"h":7.0,"d":6.0,"a":5,"l":"d","gn":12,"t":23},"geometry":{"type":"Point","coordinates":[414252.1,5656180.5]}},{"type":"Feature","properties":{"h":4.0,"d":1.0,"a":1,"l":"d","gn":3,"t":6},"geometry":{"type":"Point","coordinates":[414252.1,5657226.3]}},{"type":"Feature","properties":{"h":4.0,"d":1.0,"a":5,"l":"d","gn":17,"t":6},"geometry":{"type":"Point","coordinates":[414252.2,5657255.7]}},{"type":"Feature","properties":{"h":18.0,"d":13.0,"a":0,"l":"d","gn":9,"t":54},"geometry":{"type":"Point","coordinates":[414252.6,5656312.8]}},{"type":"Feature","properties":{"h":20.0,"d":11.4,"a":0,"l":"d","s":"osm"},"geometry":{"type":"Point","coordinates":[414253.4,5657033.7]}},{"type":"Feature","properties":{"h":12.0,"d":6.0,"a":0,"l":"d","gn":3,"t":23},"geometry":{"type":"Point","coordinates":[414254.1,5656526.0]}},{"type":"Feature","properties":{"h":16.0,"d":10.0,"a":0,"l":"d","gn":1,"t":45},"geometry":{"type":"Point","coordinates":[414255.3,5656023.5]}},{"type":"Feature","properties":{"h":12.0,"d":2.0,"a":2,"l":"d","gn":19,"t":19},"geometry":{"type":"Point","coordinates":[414256.5,5657205.4]}},{"type":"Feature","properties":{"h":18.0,"d":10.0,"a":0,"l":"d","gn":9,"t":37},"geometry":{"type":"Point","coordinates":[414256.9,5656275.4]}},{"type":"Feature","properties":{"h":4.0,"d":2.0,"a":5,"l":"d","g":1,"gn":10,"t":11},"geometry":{"type":"Point","coordinates":[414257.1,5657992.5]}},{"type":"Feature","properties":{"h":4.0,"d":2.0,"a":5,"l":"d","g":1,"gn":10,"t":11},"geometry":{"type":"Point","coordinates":[414257.6,5657988.8]}},{"type":"Feature","properties":{"h":10.0,"d":6.0,"a":0,"l":"d","gn":7,"t":32},"geometry":{"type":"Point","coordinates":[414258.0,5656510.9]}},{"type":"Feature","properties":{"h":9.0,"d":5.0,"a":0,"l":"d","c":1,"gn":1,"t":21},"geometry":{"type":"Point","coordinates":[414258.2,5656007.4]}},{"type":"Feature","properties":{"h":4.0,"d":1.0,"a":5,"l":"d","gn":17,"t":6},"geometry":{"type":"Point","coordinates":[414258.3,5657278.8]}},{"type":"Feature","properties":{"h":4.0,"d":1.0,"a":5,"l":"d","gn":17,"t":6},"geometry":{"type":"Point","coordinates":[414258.9,5657271.3]}},{"type":"Feature","properties":{"h":5.0,"d":2.0,"a":1,"l":"d","gn":1,"t":10},"geometry":{"type":"Point","coordinates":[414259.3,5656180.2]}},{"type":"Feature","properties":{"h":4.0,"d":1.0,"a":5,"l":"d","gn":17,"t":6},"geometry":{"type":"Point","coordinates":[414259.6,5657263.9]}},{"type":"Feature","properties":{"h":4.0,"d":1.0,"a":5,"l":"d","gn":17,"t":6},"geometry":{"type":"Point","coordinates":[414260.2,5657256.4]}},{"type":"Feature","properties":{"h":20.0,"d":11.4,"a":0,"l":"d","s":"osm"},"geometry":{"type":"Point","coordinates":[414260.2,5657036.2]}},{"type":"Feature","properties":{"h":4.0,"d":1.0,"a":1,"l":"d","gn":3,"t":6},"geometry":{"type":"Point","coordinates":[414260.3,5657226.6]}},{"type":"Feature","properties":{"h":20.0,"d":20.0,"a":0,"l":"d","gn":5,"t":90},"geometry":{"type":"Point","coordinates":[414260.4,5656324.8]}},{"type":"Feature","properties":{"h":6.0,"d":2.0,"a":5,"l":"d","gn":8,"t":12},"geometry":{"type":"Point","coordinates":[414260.9,5656191.8]}},{"type":"Feature","properties":{"h":12.0,"d":6.0,"a":0,"l":"d","gn":3,"t":26},"geometry":{"type":"Point","coordinates":[414263.2,5656527.1]}},{"type":"Feature","properties":{"h":16.0,"d":11.0,"a":0,"l":"d","gn":1,"t":52},"geometry":{"type":"Point","coordinates":[414263.3,5656020.4]}},{"type":"Feature","properties":{"h":12.0,"d":2.0,"a":2,"l":"d","gn":19,"t":17},"geometry":{"type":"Point","coordinates":[414263.8,5657205.8]}},{"type":"Feature","properties":{"h":26.0,"d":17.0,"a":0,"l":"d","gn":9,"t":99},"geometry":{"type":"Point","coordinates":[414265.0,5656288.5]}},{"type":"Feature","properties":{"h":4.0,"d":1.0,"a":5,"l":"d","gn":17,"t":6},"geometry":{"type":"Point","coordinates":[414266.9,5657272.0]}},{"type":"Feature","properties":{"h":8.0,"d":4.0,"a":0,"l":"d","c":1,"gn":1,"t":16},"geometry":{"type":"Point","coordinates":[414267.3,5656003.6]}},{"type":"Feature","properties":{"h":4.0,"d":1.0,"a":5,"l":"d","gn":17,"t":6},"geometry":{"type":"Point","coordinates":[414267.5,5657264.5]}},{"type":"Feature","properties":{"h":4.0,"d":1.0,"a":5,"l":"d","gn":17,"t":6},"geometry":{"type":"Point","coordinates":[414268.3,5657257.0]}},{"type":"Feature","properties":{"h":4.0,"d":1.0,"a":1,"l":"d","gn":3,"t":6},"geometry":{"type":"Point","coordinates":[414268.3,5657227.0]}},{"type":"Feature","properties":{"h":23.0,"d":13.0,"a":1,"l":"d","gn":5,"t":82},"geometry":{"type":"Point","coordinates":[414268.8,5656338.0]}},{"type":"Feature","properties":{"h":12.0,"d":2.0,"a":2,"l":"d","gn":19,"t":16},"geometry":{"type":"Point","coordinates":[414269.9,5657206.0]}},{"type":"Feature","properties":{"h":5.0,"d":2.0,"a":1,"l":"d","gn":3,"t":8},"geometry":{"type":"Point","coordinates":[414270.2,5657313.3]}},{"type":"Feature","properties":{"h":17.0,"d":9.0,"a":0,"l":"d","gn":1,"t":46},"geometry":{"type":"Point","coordinates":[414271.4,5656017.0]}},{"type":"Feature","properties":{"h":6.0,"d":3.0,"a":1,"l":"d","gn":1,"t":11},"geometry":{"type":"Point","coordinates":[414272.5,5656179.6]}},{"type":"Feature","properties":{"h":8.0,"d":4.0,"a":0,"l":"d","c":1,"gn":1,"t":16},"geometry":{"type":"Point","coordinates":[414274.0,5656000.8]}},{"type":"Feature","properties":{"h":10.0,"d":6.0,"a":0,"l":"d","gn":7,"t":35},"geometry":{"type":"Point","coordinates":[414274.0,5656513.0]}},{"type":"Feature","properties":{"h":12.0,"d":10.0,"a":0,"l":"d","gn":3,"t":42},"geometry":{"type":"Point","coordinates":[414274.5,5656528.6]}},{"type":"Feature","properties":{"h":4.0,"d":1.0,"a":5,"l":"d","gn":17,"t":6},"geometry":{"type":"Point","coordinates":[414276.2,5657257.6]}},{"type":"Feature","properties":{"h":17.0,"d":19.0,"a":0,"l":"d","gn":5,"t":89},"geometry":{"type":"Point","coordinates":[414276.2,5656349.2]}},{"type":"Feature","properties":{"h":4.0,"d":1.0,"a":1,"l":"d","gn":3,"t":6},"geometry":{"type":"Point","coordinates":[414278.6,5657229.4]}},{"type":"Feature","properties":{"h":7.0,"d":4.0,"a":0,"l":"d","c":1,"gn":1,"t":14},"geometry":{"type":"Point","coordinates":[414278.9,5656014.0]}},{"type":"Feature","properties":{"h":13.0,"d":2.0,"a":2,"l":"d","gn":19,"t":19},"geometry":{"type":"Point","coordinates":[414279.3,5657206.1]}},{"type":"Feature","properties":{"h":5.0,"d":2.0,"a":1,"l":"d","gn":3,"t":7},"geometry":{"type":"Point","coordinates":[414280.6,5657313.9]}},{"type":"Feature","properties":{"h":13.0,"d":15.0,"a":0,"l":"d","gn":5,"t":62},"geometry":{"type":"Point","coordinates":[414280.8,5656312.7]}},{"type":"Feature","properties":{"h":20.0,"d":11.4,"a":0,"l":"d","s":"osm"},"geometry":{"type":"Point","coordinates":[414281.0,5657019.2]}},{"type":"Feature","properties":{"h":26.0,"d":16.0,"a":0,"l":"d","gn":4,"t":142},"geometry":{"type":"Point","coordinates":[414281.5,5656682.0]}},{"type":"Feature","properties":{"h":16.0,"d":16.0,"a":0,"l":"d","gn":5,"t":74},"geometry":{"type":"Point","coordinates":[414284.5,5656361.5]}},{"type":"Feature","properties":{"h":15.0,"d":7.0,"a":0,"l":"d","gn":1,"t":27},"geometry":{"type":"Point","coordinates":[414285.6,5656686.7]}},{"type":"Feature","properties":{"h":8.0,"d":5.0,"a":0,"l":"d","c":1,"gn":1,"t":17},"geometry":{"type":"Point","coordinates":[414286.1,5656010.9]}},{"type":"Feature","properties":{"h":13.0,"d":2.0,"a":2,"l":"d","gn":19,"t":22},"geometry":{"type":"Point","coordinates":[414286.6,5657203.8]}},{"type":"Feature","properties":{"h":12.0,"d":8.0,"a":0,"l":"d","gn":3,"t":29},"geometry":{"type":"Point","coordinates":[414286.6,5656530.4]}},{"type":"Feature","properties":{"h":4.0,"d":2.0,"a":0,"l":"d","gn":15,"t":8},"geometry":{"type":"Point","coordinates":[414287.4,5657282.9]}},{"type":"Feature","properties":{"h":4.0,"d":3.0,"a":0,"l":"d","gn":15,"t":8},"geometry":{"type":"Point","coordinates":[414287.8,5657273.9]}},{"type":"Feature","properties":{"h":5.0,"d":3.0,"a":0,"l":"d","gn":15,"t":8},"geometry":{"type":"Point","coordinates":[414288.0,5657264.6]}},{"type":"Feature","properties":{"h":5.0,"d":3.0,"a":0,"l":"d","gn":15,"t":8},"geometry":{"type":"Point","coordinates":[414288.5,5657255.8]}},{"type":"Feature","properties":{"h":10.0,"d":7.0,"a":0,"l":"d","gn":7,"t":40},"geometry":{"type":"Point","coordinates":[414288.6,5656514.9]}},{"type":"Feature","properties":{"h":15.0,"d":15.0,"a":0,"l":"d","gn":5,"t":99},"geometry":{"type":"Point","coordinates":[414288.8,5656325.0]}},{"type":"Feature","properties":{"h":4.0,"d":3.0,"a":0,"l":"d","gn":15,"t":8},"geometry":{"type":"Point","coordinates":[414288.8,5657246.7]}},{"type":"Feature","properties":{"h":5.0,"d":3.0,"a":0,"l":"d","gn":15,"t":8},"geometry":{"type":"Point","coordinates":[414289.3,5657238.0]}},{"type":"Feature","properties":{"h":20.0,"d":11.4,"a":0,"l":"d","s":"osm"},"geometry":{"type":"Point","coordinates":[414289.7,5656997.5]}},{"type":"Feature","properties":{"h":7.0,"d":5.5,"a":3,"l":"e","t":19},"geometry":{"type":"Point","coordinates":[414289.9,5656666.7]}},{"type":"Feature","properties":{"h":15.0,"d":7.0,"a":0,"l":"d","gn":4,"t":26},"geometry":{"type":"Point","coordinates":[414290.0,5656670.9]}},{"type":"Feature","properties":{"h":26.0,"d":20.0,"a":0,"l":"d","gn":31,"t":101},"geometry":{"type":"Point","coordinates":[414290.5,5656643.1]}},{"type":"Feature","properties":{"h":20.0,"d":10.0,"a":0,"l":"d","gn":3,"t":73},"geometry":{"type":"Point","coordinates":[414292.4,5656634.6]}},{"type":"Feature","properties":{"h":13.0,"d":3.0,"a":2,"l":"d","gn":19,"t":23},"geometry":{"type":"Point","coordinates":[414292.5,5657199.0]}},{"type":"Feature","properties":{"h":20.0,"d":11.4,"a":0,"l":"d","s":"osm"},"geometry":{"type":"Point","coordinates":[414292.7,5657040.7]}},{"type":"Feature","properties":{"h":20.0,"d":11.4,"a":0,"l":"d","s":"osm"},"geometry":{"type":"Point","coordinates":[414293.3,5656967.4]}},{"type":"Feature","properties":{"h":4.0,"d":1.0,"a":5,"l":"d","gn":8,"t":6},"geometry":{"type":"Point","coordinates":[414293.5,5656190.4]}},{"type":"Feature","properties":{"h":20.0,"d":13.5,"a":0,"l":"d","gn":3,"t":71},"geometry":{"type":"Point","coordinates":[414294.6,5656623.3]}},{"type":"Feature","properties":{"h":9.0,"d":6.0,"a":0,"l":"d","c":1,"gn":1,"t":21},"geometry":{"type":"Point","coordinates":[414295.1,5656007.1]}},{"type":"Feature","properties":{"h":20.0,"d":11.4,"a":0,"l":"d","s":"osm"},"geometry":{"type":"Point","coordinates":[414295.3,5657019.7]}},{"type":"Feature","properties":{"h":20.0,"d":7.5,"a":0,"l":"d","gn":3,"t":61},"geometry":{"type":"Point","coordinates":[414295.7,5656617.5]}},{"type":"Feature","properties":{"h":19.0,"d":18.0,"a":0,"l":"d","gn":5,"t":87},"geometry":{"type":"Point","coordinates":[414296.5,5656336.8]}},{"type":"Feature","properties":{"h":12.0,"d":8.0,"a":0,"l":"d","gn":3,"t":42},"geometry":{"type":"Point","coordinates":[414296.8,5656531.5]}},{"type":"Feature","properties":{"h":7.0,"d":2.0,"a":1,"l":"d","gn":15,"t":13},"geometry":{"type":"Point","coordinates":[414298.6,5657168.7]}},{"type":"Feature","properties":{"h":8.0,"d":2.0,"a":1,"l":"d","gn":15,"t":15},"geometry":{"type":"Point","coordinates":[414299.0,5657159.5]}},{"type":"Feature","properties":{"h":20.0,"d":11.4,"a":0,"l":"d","s":"osm"},"geometry":{"type":"Point","coordinates":[414299.4,5657005.7]}},{"type":"Feature","properties":{"h":8.0,"d":2.0,"a":1,"l":"d","gn":15,"t":12},"geometry":{"type":"Point","coordinates":[414299.4,5657152.2]}},{"type":"Feature","properties":{"h":20.0,"d":11.4,"a":0,"l":"d","s":"osm"},"geometry":{"type":"Point","coordinates":[414299.6,5656985.3]}},{"type":"Feature","properties":{"h":10.0,"d":2.0,"a":1,"l":"d","gn":15,"t":18},"geometry":{"type":"Point","coordinates":[414300.3,5657136.0]}},{"type":"Feature","properties":{"h":21.0,"d":21.0,"a":0,"l":"d","gn":4,"t":108},"geometry":{"type":"Point","coordinates":[414300.3,5657074.9]}},{"type":"Feature","properties":{"h":20.0,"d":7.0,"a":0,"l":"d","gn":3,"t":68},"geometry":{"type":"Point","coordinates":[414300.4,5656594.2]}},{"type":"Feature","properties":{"h":10.0,"d":3.0,"a":1,"l":"d","gn":15,"t":21},"geometry":{"type":"Point","coordinates":[414300.6,5657128.8]}},{"type":"Feature","properties":{"h":15.0,"d":14.0,"a":5,"l":"d","t":180},"geometry":{"type":"Point","coordinates":[414300.6,5656666.6]}},{"type":"Feature","properties":{"h":9.0,"d":2.0,"a":1,"l":"d","gn":15,"t":19},"geometry":{"type":"Point","coordinates":[414301.4,5657114.7]}},{"type":"Feature","properties":{"h":26.0,"d":16.0,"a":0,"l":"d","gn":4,"t":139},"geometry":{"type":"Point","coordinates":[414301.8,5656677.3]}},{"type":"Feature","properties":{"h":8.0,"d":2.0,"a":1,"l":"d","gn":15,"t":14},"geometry":{"type":"Point","coordinates":[414301.8,5657108.9]}},{"type":"Feature","properties":{"h":20.0,"d":7.0,"a":0,"l":"d","gn":3,"t":59},"geometry":{"type":"Point","coordinates":[414302.2,5656585.8]}},{"type":"Feature","properties":{"h":20.0,"d":11.4,"a":0,"l":"d","s":"osm"},"geometry":{"type":"Point","coordinates":[414302.7,5656976.2]}},{"type":"Feature","properties":{"h":8.0,"d":2.0,"a":0,"l":"d","gn":9,"t":8},"geometry":{"type":"Point","coordinates":[414303.4,5656993.2]}},{"type":"Feature","properties":{"h":20.0,"d":7.0,"a":0,"l":"d","gn":3,"t":60},"geometry":{"type":"Point","coordinates":[414303.9,5656577.8]}},{"type":"Feature","properties":{"h":11.0,"d":9.0,"a":0,"l":"d","gn":3,"t":35},"geometry":{"type":"Point","coordinates":[414304.1,5656532.6]}},{"type":"Feature","properties":{"h":16.0,"d":12.0,"a":0,"l":"d","gn":5,"t":68},"geometry":{"type":"Point","coordinates":[414304.5,5656349.5]}},{"type":"Feature","properties":{"h":18.0,"d":10.0,"a":0,"l":"d","gn":3,"t":60},"geometry":{"type":"Point","coordinates":[414305.1,5656571.9]}},{"type":"Feature","properties":{"h":7.0,"d":2.0,"a":0,"l":"d","gn":9,"t":7},"geometry":{"type":"Point","coordinates":[414305.3,5656961.8]}},{"type":"Feature","properties":{"h":7.0,"d":2.0,"a":0,"l":"d","gn":9,"t":7},"geometry":{"type":"Point","coordinates":[414305.6,5656952.2]}},{"type":"Feature","properties":{"h":15.0,"d":13.5,"a":0,"l":"d","gn":3,"t":56},"geometry":{"type":"Point","coordinates":[414306.8,5656565.2]}},{"type":"Feature","properties":{"h":20.0,"d":12.0,"a":0,"l":"d","gn":1,"t":43},"geometry":{"type":"Point","coordinates":[414307.4,5656688.0]}},{"type":"Feature","properties":{"h":25.0,"d":15.0,"a":0,"l":"d","gn":3,"t":69},"geometry":{"type":"Point","coordinates":[414307.7,5656560.8]}},{"type":"Feature","properties":{"h":6.0,"d":2.0,"a":1,"l":"d","gn":1,"t":10},"geometry":{"type":"Point","coordinates":[414308.1,5656177.9]}},{"type":"Feature","properties":{"h":20.0,"d":11.4,"a":0,"l":"d","s":"osm"},"geometry":{"type":"Point","coordinates":[414309.6,5657940.0]}},{"type":"Feature","properties":{"h":18.0,"d":14.0,"a":0,"l":"d","gn":5,"t":70},"geometry":{"type":"Point","coordinates":[414312.3,5656361.7]}},{"type":"Feature","properties":{"h":20.0,"d":13.0,"a":0,"l":"d","gn":3,"t":68},"geometry":{"type":"Point","coordinates":[414312.7,5656682.4]}},{"type":"Feature","properties":{"h":16.0,"d":14.0,"a":0,"l":"d","gn":9,"t":40},"geometry":{"type":"Point","coordinates":[414318.6,5656665.3]}},{"type":"Feature","properties":{"h":17.0,"d":16.0,"a":0,"l":"d","gn":9,"t":49},"geometry":{"type":"Point","coordinates":[414319.3,5656656.0]}},{"type":"Feature","properties":{"h":17.0,"d":15.5,"a":0,"l":"d","gn":9,"t":64},"geometry":{"type":"Point","coordinates":[414319.8,5656645.6]}},{"type":"Feature","properties":{"h":12.0,"d":7.0,"a":5,"l":"d","gn":8,"t":32},"geometry":{"type":"Point","coordinates":[414320.2,5656557.5]}},{"type":"Feature","properties":{"h":17.0,"d":18.0,"a":0,"l":"d","gn":9,"t":60},"geometry":{"type":"Point","coordinates":[414320.4,5656635.2]}},{"type":"Feature","properties":{"h":13.0,"d":16.0,"a":0,"l":"d","gn":9,"t":60},"geometry":{"type":"Point","coordinates":[414320.6,5656625.4]}},{"type":"Feature","properties":{"h":17.0,"d":14.0,"a":0,"l":"d","gn":9,"t":61},"geometry":{"type":"Point","coordinates":[414321.6,5656614.8]}},{"type":"Feature","properties":{"h":17.0,"d":14.0,"a":0,"l":"d","gn":9,"t":55},"geometry":{"type":"Point","coordinates":[414321.7,5656604.9]}},{"type":"Feature","properties":{"h":17.0,"d":16.0,"a":0,"l":"d","gn":9,"t":61},"geometry":{"type":"Point","coordinates":[414322.7,5656595.5]}},{"type":"Feature","properties":{"h":17.0,"d":15.0,"a":0,"l":"d","gn":9,"t":56},"geometry":{"type":"Point","coordinates":[414323.2,5656585.0]}},{"type":"Feature","properties":{"h":5.0,"d":1.0,"a":1,"l":"d","gn":18,"t":7},"geometry":{"type":"Point","coordinates":[414323.4,5656912.5]}},{"type":"Feature","properties":{"h":17.0,"d":14.0,"a":0,"l":"d","gn":9,"t":54},"geometry":{"type":"Point","coordinates":[414323.5,5656576.2]}},{"type":"Feature","properties":{"h":5.0,"d":1.0,"a":1,"l":"d","gn":18,"t":8},"geometry":{"type":"Point","coordinates":[414323.9,5656904.4]}},{"type":"Feature","properties":{"h":17.0,"d":11.0,"a":0,"l":"d","gn":9,"t":56},"geometry":{"type":"Point","coordinates":[414324.1,5656566.0]}},{"type":"Feature","properties":{"h":4.0,"d":2.0,"a":0,"l":"d","gn":15,"t":8},"geometry":{"type":"Point","coordinates":[414324.1,5657284.3]}},{"type":"Feature","properties":{"h":5.0,"d":1.0,"a":1,"l":"d","gn":18,"t":7},"geometry":{"type":"Point","coordinates":[414324.2,5656896.4]}},{"type":"Feature","properties":{"h":5.0,"d":2.0,"a":0,"l":"d","gn":15,"t":8},"geometry":{"type":"Point","coordinates":[414324.3,5657275.3]}},{"type":"Feature","properties":{"h":10.0,"d":1.0,"a":2,"l":"d","gn":19,"t":12},"geometry":{"type":"Point","coordinates":[414324.5,5657187.8]}},{"type":"Feature","properties":{"h":5.0,"d":1.0,"a":1,"l":"d","gn":18,"t":7},"geometry":{"type":"Point","coordinates":[414324.5,5656888.4]}},{"type":"Feature","properties":{"h":4.0,"d":2.0,"a":0,"l":"d","gn":15,"t":8},"geometry":{"type":"Point","coordinates":[414324.7,5657266.3]}},{"type":"Feature","properties":{"h":12.0,"d":6.5,"a":0,"l":"d","gn":9,"t":28},"geometry":{"type":"Point","coordinates":[414324.8,5656556.9]}},{"type":"Feature","properties":{"h":4.0,"d":2.0,"a":0,"l":"d","gn":14,"t":6},"geometry":{"type":"Point","coordinates":[414324.9,5656199.7]}},{"type":"Feature","properties":{"h":12.0,"d":10.0,"a":0,"l":"d","gn":1,"t":37},"geometry":{"type":"Point","coordinates":[414324.9,5656548.2]}},{"type":"Feature","properties":{"h":5.0,"d":1.0,"a":1,"l":"d","gn":18,"t":7},"geometry":{"type":"Point","coordinates":[414325.0,5656881.0]}},{"type":"Feature","properties":{"h":4.0,"d":2.0,"a":0,"l":"d","gn":15,"t":8},"geometry":{"type":"Point","coordinates":[414325.0,5657257.5]}},{"type":"Feature","properties":{"h":11.0,"d":1.0,"a":2,"l":"d","gn":19,"t":13},"geometry":{"type":"Point","coordinates":[414325.2,5657173.3]}},{"type":"Feature","properties":{"h":11.0,"d":1.0,"a":2,"l":"d","gn":19,"t":13},"geometry":{"type":"Point","coordinates":[414325.5,5657168.2]}},{"type":"Feature","properties":{"h":4.0,"d":2.0,"a":0,"l":"d","gn":15,"t":8},"geometry":{"type":"Point","coordinates":[414325.5,5657248.2]}},{"type":"Feature","properties":{"h":4.0,"d":2.0,"a":0,"l":"d","gn":15,"t":8},"geometry":{"type":"Point","coordinates":[414325.6,5657239.3]}},{"type":"Feature","properties":{"h":22.0,"d":11.0,"a":0,"l":"d","gn":10,"t":73},"geometry":{"type":"Point","coordinates":[414325.7,5657180.6]}},{"type":"Feature","properties":{"h":5.0,"d":1.0,"a":1,"l":"d","gn":18,"t":7},"geometry":{"type":"Point","coordinates":[414325.8,5656864.2]}},{"type":"Feature","properties":{"h":15.0,"d":9.0,"a":0,"l":"d","gn":14,"t":51},"geometry":{"type":"Point","coordinates":[414326.1,5656210.5]}},{"type":"Feature","properties":{"h":4.0,"d":1.0,"a":1,"l":"d","gn":18,"t":6},"geometry":{"type":"Point","coordinates":[414326.2,5656857.1]}},{"type":"Feature","properties":{"h":5.0,"d":1.0,"a":1,"l":"d","gn":18,"t":7},"geometry":{"type":"Point","coordinates":[414326.6,5656847.8]}},{"type":"Feature","properties":{"h":5.0,"d":1.0,"a":1,"l":"d","gn":18,"t":7},"geometry":{"type":"Point","coordinates":[414327.2,5656839.3]}},{"type":"Feature","properties":{"h":19.0,"d":16.0,"a":1,"l":"d","gn":11,"t":59},"geometry":{"type":"Point","coordinates":[414327.7,5656229.9]}},{"type":"Feature","properties":{"h":12.0,"d":1.0,"a":2,"l":"d","gn":19,"t":13},"geometry":{"type":"Point","coordinates":[414327.7,5657195.9]}},{"type":"Feature","properties":{"h":5.0,"d":1.0,"a":1,"l":"d","gn":18,"t":7},"geometry":{"type":"Point","coordinates":[414327.9,5656830.0]}},{"type":"Feature","properties":{"h":14.0,"d":5.0,"a":0,"l":"d","gn":10,"t":64},"geometry":{"type":"Point","coordinates":[414328.3,5657137.9]}},{"type":"Feature","properties":{"h":5.0,"d":1.0,"a":1,"l":"d","gn":18,"t":7},"geometry":{"type":"Point","coordinates":[414328.3,5656820.9]}},{"type":"Feature","properties":{"h":5.0,"d":1.0,"a":1,"l":"d","gn":18,"t":7},"geometry":{"type":"Point","coordinates":[414329.0,5656804.5]}},{"type":"Feature","properties":{"h":17.0,"d":10.0,"a":0,"l":"d","gn":10,"t":59},"geometry":{"type":"Point","coordinates":[414329.4,5657131.6]}},{"type":"Feature","properties":{"h":16.0,"d":10.0,"a":0,"l":"d","gn":10,"t":64},"geometry":{"type":"Point","coordinates":[414329.7,5657128.1]}},{"type":"Feature","properties":{"h":16.0,"d":9.0,"a":0,"l":"d","gn":9,"t":29},"geometry":{"type":"Point","coordinates":[414330.3,5657104.6]}},{"type":"Feature","properties":{"h":5.0,"d":2.0,"a":0,"l":"d","gn":1,"t":6},"geometry":{"type":"Point","coordinates":[414330.4,5656249.5]}},{"type":"Feature","properties":{"h":8.0,"d":4.0,"a":0,"l":"d","gn":9,"t":14},"geometry":{"type":"Point","coordinates":[414330.6,5657098.6]}},{"type":"Feature","properties":{"h":15.0,"d":2.0,"a":2,"l":"d","gn":19,"t":23},"geometry":{"type":"Point","coordinates":[414331.4,5657202.3]}},{"type":"Feature","properties":{"h":25.0,"d":14.3,"a":0,"l":"d","gn":4,"t":145},"geometry":{"type":"Point","coordinates":[414331.5,5657889.5]}},{"type":"Feature","properties":{"h":15.0,"d":12.0,"a":0,"l":"d","gn":9,"t":111},"geometry":{"type":"Point","coordinates":[414331.6,5656515.3]}},{"type":"Feature","properties":{"h":5.0,"d":1.0,"a":0,"l":"d","gn":1,"t":6},"geometry":{"type":"Point","coordinates":[414332.4,5656264.9]}},{"type":"Feature","properties":{"h":21.0,"d":14.0,"a":0,"l":"d","gn":9,"t":65},"geometry":{"type":"Point","coordinates":[414332.6,5657036.0]}},{"type":"Feature","properties":{"h":17.0,"d":12.0,"a":0,"l":"d","gn":9,"t":43},"geometry":{"type":"Point","coordinates":[414333.3,5657025.8]}},{"type":"Feature","properties":{"h":16.0,"d":10.0,"a":0,"l":"d","gn":9,"t":34},"geometry":{"type":"Point","coordinates":[414333.8,5657017.0]}},{"type":"Feature","properties":{"h":17.0,"d":10.0,"a":0,"l":"d","gn":6,"t":42},"geometry":{"type":"Point","coordinates":[414334.0,5656193.5]}},{"type":"Feature","properties":{"h":14.0,"d":10.0,"a":0,"l":"d","gn":9,"t":32},"geometry":{"type":"Point","coordinates":[414334.2,5657006.8]}},{"type":"Feature","properties":{"h":5.0,"d":1.0,"a":1,"l":"d","gn":18,"t":7},"geometry":{"type":"Point","coordinates":[414334.3,5656708.4]}},{"type":"Feature","properties":{"h":5.0,"d":1.0,"a":1,"l":"d","gn":18,"t":7},"geometry":{"type":"Point","coordinates":[414334.6,5656700.0]}},{"type":"Feature","properties":{"h":4.0,"d":1.0,"a":1,"l":"d","gn":18,"t":6},"geometry":{"type":"Point","coordinates":[414335.0,5656691.4]}},{"type":"Feature","properties":{"h":10.0,"d":5.7,"a":0,"l":"d","gn":4,"t":35},"geometry":{"type":"Point","coordinates":[414335.2,5657988.9]}},{"type":"Feature","properties":{"h":16.0,"d":11.0,"a":0,"l":"d","gn":9,"t":38},"geometry":{"type":"Point","coordinates":[414335.2,5656986.8]}},{"type":"Feature","properties":{"h":5.0,"d":1.0,"a":1,"l":"d","gn":18,"t":7},"geometry":{"type":"Point","coordinates":[414335.5,5656682.9]}},{"type":"Feature","properties":{"h":17.0,"d":11.0,"a":0,"l":"d","gn":9,"t":35},"geometry":{"type":"Point","coordinates":[414335.7,5656976.7]}},{"type":"Feature","properties":{"h":5.0,"d":1.0,"a":1,"l":"d","gn":18,"t":7},"geometry":{"type":"Point","coordinates":[414336.1,5656674.5]}},{"type":"Feature","properties":{"h":17.0,"d":12.0,"a":0,"l":"d","gn":9,"t":43},"geometry":{"type":"Point","coordinates":[414336.2,5656966.7]}},{"type":"Feature","properties":{"h":5.0,"d":1.0,"a":1,"l":"d","gn":18,"t":7},"geometry":{"type":"Point","coordinates":[414336.6,5656666.1]}},{"type":"Feature","properties":{"h":10.0,"d":5.7,"a":0,"l":"d","gn":4,"t":34},"geometry":{"type":"Point","coordinates":[414336.8,5657988.5]}},{"type":"Feature","properties":{"h":5.0,"d":1.0,"a":1,"l":"d","gn":18,"t":7},"geometry":{"type":"Point","coordinates":[414336.9,5656657.5]}},{"type":"Feature","properties":{"h":9.0,"d":5.0,"a":0,"l":"d","gn":9,"t":18},"geometry":{"type":"Point","coordinates":[414337.0,5656956.5]}},{"type":"Feature","properties":{"h":5.0,"d":1.0,"a":1,"l":"d","gn":18,"t":7},"geometry":{"type":"Point","coordinates":[414337.5,5656649.1]}},{"type":"Feature","properties":{"h":5.0,"d":1.0,"a":1,"l":"d","gn":18,"t":7},"geometry":{"type":"Point","coordinates":[414337.8,5656640.6]}},{"type":"Feature","properties":{"h":19.0,"d":10.0,"a":0,"l":"d","gn":9,"t":38},"geometry":{"type":"Point","coordinates":[414338.1,5656935.4]}},{"type":"Feature","properties":{"h":5.0,"d":1.0,"a":1,"l":"d","gn":18,"t":7},"geometry":{"type":"Point","coordinates":[414338.3,5656631.2]}},{"type":"Feature","properties":{"h":18.0,"d":13.0,"a":0,"l":"d","gn":14,"t":64,"f":1},"geometry":{"type":"Point","coordinates":[414338.3,5656324.5]}},{"type":"Feature","properties":{"h":16.0,"d":11.0,"a":0,"l":"d","gn":9,"t":37},"geometry":{"type":"Point","coordinates":[414338.5,5656925.6]}},{"type":"Feature","properties":{"h":11.0,"d":2.0,"a":1,"l":"d","gn":19,"t":16},"geometry":{"type":"Point","coordinates":[414338.9,5657208.9]}},{"type":"Feature","properties":{"h":17.0,"d":12.0,"a":0,"l":"d","gn":9,"t":37},"geometry":{"type":"Point","coordinates":[414339.1,5656915.3]}},{"type":"Feature","properties":{"h":17.0,"d":12.0,"a":0,"l":"d","gn":9,"t":45},"geometry":{"type":"Point","coordinates":[414339.6,5656905.2]}},{"type":"Feature","properties":{"h":17.0,"d":10.0,"a":0,"l":"d","gn":9,"t":38},"geometry":{"type":"Point","coordinates":[414340.2,5656895.4]}},{"type":"Feature","properties":{"h":20.0,"d":11.4,"a":0,"l":"d","s":"osm"},"geometry":{"type":"Point","coordinates":[414340.7,5657851.8]}},{"type":"Feature","properties":{"h":16.0,"d":10.0,"a":0,"l":"d","gn":9,"t":38},"geometry":{"type":"Point","coordinates":[414340.9,5656885.4]}},{"type":"Feature","properties":{"h":8.0,"d":3.0,"a":0,"l":"d","gn":9,"t":9},"geometry":{"type":"Point","coordinates":[414341.6,5656871.9]}},{"type":"Feature","properties":{"h":10.0,"d":5.7,"a":0,"l":"d","gn":4,"t":56},"geometry":{"type":"Point","coordinates":[414341.7,5657983.1]}},{"type":"Feature","properties":{"h":20.0,"d":13.0,"a":0,"l":"d","gn":14,"t":59},"geometry":{"type":"Point","coordinates":[414341.7,5656262.2]}},{"type":"Feature","properties":{"h":15.0,"d":6.0,"a":0,"l":"d","gn":9,"t":30},"geometry":{"type":"Point","coordinates":[414342.0,5656860.7]}},{"type":"Feature","properties":{"h":16.0,"d":9.0,"a":0,"l":"d","gn":9,"t":38},"geometry":{"type":"Point","coordinates":[414342.9,5656846.5]}},{"type":"Feature","properties":{"h":6.0,"d":7.0,"a":0,"l":"d","gn":14,"t":23,"f":1},"geometry":{"type":"Point","coordinates":[414343.1,5656366.5]}},{"type":"Feature","properties":{"h":13.0,"d":8.0,"a":0,"l":"d","gn":9,"t":33},"geometry":{"type":"Point","coordinates":[414343.4,5656837.6]}},{"type":"Feature","properties":{"h":10.0,"d":2.0,"a":1,"l":"d","gn":19,"t":14},"geometry":{"type":"Point","coordinates":[414343.9,5657209.2]}},{"type":"Feature","properties":{"h":15.0,"d":8.0,"a":0,"l":"d","gn":9,"t":28},"geometry":{"type":"Point","coordinates":[414344.0,5656827.6]}},{"type":"Feature","properties":{"h":4.0,"d":3.0,"a":5,"l":"d","gn":17,"t":9},"geometry":{"type":"Point","coordinates":[414344.1,5657260.6]}},{"type":"Feature","properties":{"h":7.0,"d":7.0,"a":5,"l":"d","gn":12,"t":33},"geometry":{"type":"Point","coordinates":[414344.2,5656187.4]}},{"type":"Feature","properties":{"h":9.0,"d":4.0,"a":0,"l":"d","gn":9,"t":15},"geometry":{"type":"Point","coordinates":[414344.5,5656818.0]}},{"type":"Feature","properties":{"h":14.0,"d":7.0,"a":0,"l":"d","gn":7,"t":44},"geometry":{"type":"Point","coordinates":[414344.8,5657230.4]}},{"type":"Feature","properties":{"h":16.0,"d":10.0,"a":0,"l":"d","gn":9,"t":39},"geometry":{"type":"Point","coordinates":[414346.0,5656789.5]}},{"type":"Feature","properties":{"h":13.0,"d":10.0,"a":0,"l":"d","gn":9,"t":39},"geometry":{"type":"Point","coordinates":[414347.0,5656770.1]}},{"type":"Feature","properties":{"h":17.0,"d":10.0,"a":0,"l":"d","gn":7,"t":63},"geometry":{"type":"Point","coordinates":[414347.2,5657233.0]}},{"type":"Feature","properties":{"h":13.0,"d":7.0,"a":0,"l":"d","gn":9,"t":33},"geometry":{"type":"Point","coordinates":[414347.4,5656762.2]}},{"type":"Feature","properties":{"h":16.0,"d":11.0,"a":0,"l":"d","gn":9,"t":33},"geometry":{"type":"Point","coordinates":[414347.8,5656754.0]}},{"type":"Feature","properties":{"h":16.0,"d":10.0,"a":0,"l":"d","gn":9,"t":38},"geometry":{"type":"Point","coordinates":[414348.2,5656743.9]}},{"type":"Feature","properties":{"h":19.0,"d":12.0,"a":0,"l":"d","gn":14,"t":51},"geometry":{"type":"Point","coordinates":[414348.3,5656322.7]}},{"type":"Feature","properties":{"h":16.0,"d":9.0,"a":0,"l":"d","gn":9,"t":34},"geometry":{"type":"Point","coordinates":[414348.6,5656734.0]}},{"type":"Feature","properties":{"h":11.0,"d":2.0,"a":1,"l":"d","gn":19,"t":14},"geometry":{"type":"Point","coordinates":[414348.8,5657209.4]}},{"type":"Feature","properties":{"h":17.0,"d":9.0,"a":0,"l":"d","gn":9,"t":39},"geometry":{"type":"Point","coordinates":[414349.1,5656725.0]}},{"type":"Feature","properties":{"h":20.0,"d":11.4,"a":0,"l":"d","s":"osm"},"geometry":{"type":"Point","coordinates":[414349.2,5657987.0]}},{"type":"Feature","properties":{"h":16.0,"d":13.0,"a":0,"l":"d","gn":5,"t":60},"geometry":{"type":"Point","coordinates":[414349.2,5656454.2]}},{"type":"Feature","properties":{"h":7.0,"d":5.0,"a":0,"l":"d","gn":14,"t":16},"geometry":{"type":"Point","coordinates":[414349.7,5656333.5]}},{"type":"Feature","properties":{"h":19.0,"d":14.0,"a":0,"l":"d","gn":9,"t":62},"geometry":{"type":"Point","coordinates":[414349.7,5656715.2]}},{"type":"Feature","properties":{"h":15.0,"d":12.0,"a":0,"l":"d","gn":5,"t":40},"geometry":{"type":"Point","coordinates":[414349.8,5656462.1]}},{"type":"Feature","properties":{"h":19.0,"d":16.0,"a":0,"l":"d","gn":9,"t":62},"geometry":{"type":"Point","coordinates":[414350.6,5656696.1]}},{"type":"Feature","properties":{"h":12.0,"d":10.0,"a":0,"l":"d","gn":5,"t":37},"geometry":{"type":"Point","coordinates":[414350.7,5656470.8]}},{"type":"Feature","properties":{"h":18.0,"d":10.0,"a":0,"l":"d","gn":9,"t":45},"geometry":{"type":"Point","coordinates":[414351.1,5656686.0]}},{"type":"Feature","properties":{"h":5.0,"d":3.0,"a":5,"l":"d","gn":17,"t":11},"geometry":{"type":"Point","coordinates":[414351.2,5657284.8]}},{"type":"Feature","properties":{"h":17.0,"d":11.0,"a":0,"l":"d","gn":14,"t":65},"geometry":{"type":"Point","coordinates":[414351.2,5656348.8]}},{"type":"Feature","properties":{"h":5.0,"d":2.0,"a":5,"l":"d","gn":17,"t":16},"geometry":{"type":"Point","coordinates":[414351.3,5657276.8]}},{"type":"Feature","properties":{"h":6.0,"d":3.0,"a":1,"l":"d","gn":3,"t":13},"geometry":{"type":"Point","coordinates":[414351.4,5657316.8]}},{"type":"Feature","properties":{"h":14.0,"d":12.0,"a":0,"l":"d","gn":5,"t":62},"geometry":{"type":"Point","coordinates":[414351.4,5656478.5]}},{"type":"Feature","properties":{"h":5.0,"d":2.0,"a":5,"l":"d","gn":17,"t":14},"geometry":{"type":"Point","coordinates":[414351.7,5657268.8]}},{"type":"Feature","properties":{"h":17.0,"d":10.0,"a":0,"l":"d","gn":9,"t":40},"geometry":{"type":"Point","coordinates":[414351.9,5656676.0]}},{"type":"Feature","properties":{"h":5.0,"d":3.0,"a":5,"l":"d","gn":17,"t":12},"geometry":{"type":"Point","coordinates":[414351.9,5657260.8]}},{"type":"Feature","properties":{"h":18.0,"d":10.0,"a":0,"l":"d","gn":9,"t":47},"geometry":{"type":"Point","coordinates":[414352.4,5656666.3]}},{"type":"Feature","properties":{"h":16.0,"d":10.0,"a":0,"l":"d","gn":9,"t":38},"geometry":{"type":"Point","coordinates":[414352.8,5656657.2]}},{"type":"Feature","properties":{"h":12.0,"d":11.0,"a":0,"l":"d","gn":5,"t":59},"geometry":{"type":"Point","coordinates":[414352.9,5656493.5]}},{"type":"Feature","properties":{"h":5.0,"d":1.0,"a":1,"l":"d","gn":1,"t":6},"geometry":{"type":"Point","coordinates":[414353.3,5656290.1]}},{"type":"Feature","properties":{"h":22.0,"d":19.0,"a":0,"l":"d","gn":4,"t":86},"geometry":{"type":"Point","coordinates":[414353.3,5657061.0]}},{"type":"Feature","properties":{"h":17.0,"d":11.0,"a":0,"l":"d","gn":9,"t":41},"geometry":{"type":"Point","coordinates":[414353.4,5656646.8]}},{"type":"Feature","properties":{"h":11.0,"d":2.0,"a":1,"l":"d","gn":19,"t":16},"geometry":{"type":"Point","coordinates":[414353.7,5657209.6]}},{"type":"Feature","properties":{"h":7.0,"d":2.0,"a":5,"l":"d","gn":8,"t":13},"geometry":{"type":"Point","coordinates":[414354.1,5656186.8]}},{"type":"Feature","properties":{"h":17.0,"d":10.0,"a":0,"l":"d","gn":9,"t":38},"geometry":{"type":"Point","coordinates":[414354.1,5656636.8]}},{"type":"Feature","properties":{"h":5.0,"d":2.0,"a":0,"l":"d","gn":14,"t":10},"geometry":{"type":"Point","coordinates":[414354.6,5656375.1]}},{"type":"Feature","properties":{"h":7.0,"d":2.0,"a":0,"l":"d","gn":9,"t":7},"geometry":{"type":"Point","coordinates":[414354.6,5656626.7]}},{"type":"Feature","properties":{"h":16.0,"d":11.0,"a":0,"l":"d","gn":9,"t":37},"geometry":{"type":"Point","coordinates":[414355.0,5656616.8]}},{"type":"Feature","properties":{"h":21.0,"d":22.0,"a":0,"l":"d","gn":9,"t":131},"geometry":{"type":"Point","coordinates":[414355.5,5656523.7]}},{"type":"Feature","properties":{"h":6.0,"d":2.0,"a":1,"l":"d","gn":3,"t":14},"geometry":{"type":"Point","coordinates":[414355.8,5657231.7]}},{"type":"Feature","properties":{"h":10.0,"d":6.0,"a":5,"l":"d","gn":8,"t":60},"geometry":{"type":"Point","coordinates":[414355.8,5657919.7]}},{"type":"Feature","properties":{"h":20.0,"d":11.4,"a":0,"l":"d","s":"osm"},"geometry":{"type":"Point","coordinates":[414356.0,5656436.9]}},{"type":"Feature","properties":{"h":16.0,"d":9.0,"a":0,"l":"d","gn":9,"t":33},"geometry":{"type":"Point","coordinates":[414356.0,5656597.3]}},{"type":"Feature","properties":{"h":17.0,"d":12.0,"a":0,"l":"d","gn":9,"t":51},"geometry":{"type":"Point","coordinates":[414356.5,5656587.2]}},{"type":"Feature","properties":{"h":17.0,"d":11.0,"a":0,"l":"d","gn":9,"t":45},"geometry":{"type":"Point","coordinates":[414357.1,5656577.2]}},{"type":"Feature","properties":{"h":18.0,"d":16.0,"a":0,"l":"d","gn":9,"t":62},"geometry":{"type":"Point","coordinates":[414357.5,5656567.6]}},{"type":"Feature","properties":{"h":15.0,"d":12.0,"a":0,"l":"d","gn":1,"t":71},"geometry":{"type":"Point","coordinates":[414357.6,5656299.6]}},{"type":"Feature","properties":{"h":10.0,"d":2.0,"a":1,"l":"d","gn":19,"t":16},"geometry":{"type":"Point","coordinates":[414358.7,5657209.8]}},{"type":"Feature","properties":{"h":8.0,"d":4.0,"a":0,"l":"d","gn":9,"t":12},"geometry":{"type":"Point","coordinates":[414358.8,5656552.1]}},{"type":"Feature","properties":{"h":20.0,"d":11.4,"a":0,"l":"d","s":"osm"},"geometry":{"type":"Point","coordinates":[414358.8,5657980.0]}},{"type":"Feature","properties":{"h":5.0,"d":3.0,"a":5,"l":"d","gn":17,"t":11},"geometry":{"type":"Point","coordinates":[414359.2,5657284.9]}},{"type":"Feature","properties":{"h":5.0,"d":2.0,"a":5,"l":"d","gn":17,"t":16},"geometry":{"type":"Point","coordinates":[414359.4,5657276.8]}},{"type":"Feature","properties":{"h":5.0,"d":2.0,"a":5,"l":"d","gn":17,"t":17},"geometry":{"type":"Point","coordinates":[414359.8,5657269.1]}},{"type":"Feature","properties":{"h":4.0,"d":4.0,"a":5,"l":"d","gn":17,"t":10},"geometry":{"type":"Point","coordinates":[414359.9,5657261.1]}},{"type":"Feature","properties":{"h":10.0,"d":6.0,"a":5,"l":"d","gn":8,"t":21},"geometry":{"type":"Point","coordinates":[414360.5,5656174.6]}},{"type":"Feature","properties":{"h":5.0,"d":1.0,"a":1,"l":"d","gn":1,"t":6},"geometry":{"type":"Point","coordinates":[414360.7,5656289.5]}},{"type":"Feature","properties":{"h":6.0,"d":4.0,"a":1,"l":"d","gn":3,"t":15},"geometry":{"type":"Point","coordinates":[414361.6,5657316.9]}},{"type":"Feature","properties":{"h":7.0,"d":3.0,"a":1,"l":"d","gn":3,"t":15},"geometry":{"type":"Point","coordinates":[414363.7,5657231.9]}},{"type":"Feature","properties":{"h":20.0,"d":11.4,"a":0,"l":"d","s":"osm"},"geometry":{"type":"Point","coordinates":[414365.2,5657982.0]}},{"type":"Feature","properties":{"h":8.0,"d":5.0,"a":5,"l":"d","gn":8,"t":16},"geometry":{"type":"Point","coordinates":[414365.6,5656174.2]}},{"type":"Feature","properties":{"h":5.0,"d":3.0,"a":5,"l":"d","gn":17,"t":10},"geometry":{"type":"Point","coordinates":[414367.2,5657284.8]}},{"type":"Feature","properties":{"h":5.0,"d":2.0,"a":5,"l":"d","gn":17,"t":15},"geometry":{"type":"Point","coordinates":[414367.4,5657276.9]}},{"type":"Feature","properties":{"h":5.0,"d":2.0,"a":5,"l":"d","gn":17,"t":14},"geometry":{"type":"Point","coordinates":[414367.7,5657269.2]}},{"type":"Feature","properties":{"h":4.0,"d":3.0,"a":5,"l":"d","gn":17,"t":10},"geometry":{"type":"Point","coordinates":[414367.9,5657261.4]}},{"type":"Feature","properties":{"h":5.0,"d":5.0,"a":5,"l":"d","gn":12,"t":22},"geometry":{"type":"Point","coordinates":[414367.9,5656185.9]}},{"type":"Feature","properties":{"h":7.0,"d":3.0,"a":1,"l":"d","gn":3,"t":17},"geometry":{"type":"Point","coordinates":[414371.3,5657232.3]}},{"type":"Feature","properties":{"h":6.0,"d":3.0,"a":1,"l":"d","gn":3,"t":13},"geometry":{"type":"Point","coordinates":[414371.3,5657316.8]}},{"type":"Feature","properties":{"h":5.0,"d":1.0,"a":1,"l":"d","gn":1,"t":6},"geometry":{"type":"Point","coordinates":[414372.0,5656288.7]}},{"type":"Feature","properties":{"h":12.0,"d":2.0,"a":1,"l":"d","gn":19,"t":18},"geometry":{"type":"Point","coordinates":[414373.8,5657210.5]}},{"type":"Feature","properties":{"h":4.0,"d":3.0,"a":5,"l":"d","gn":17,"t":12},"geometry":{"type":"Point","coordinates":[414375.2,5657284.7]}},{"type":"Feature","properties":{"h":5.0,"d":2.0,"a":5,"l":"d","gn":17,"t":15},"geometry":{"type":"Point","coordinates":[414375.4,5657276.8]}},{"type":"Feature","properties":{"h":5.0,"d":2.0,"a":5,"l":"d","gn":17,"t":14},"geometry":{"type":"Point","coordinates":[414375.7,5657269.3]}},{"type":"Feature","properties":{"h":4.0,"d":4.0,"a":5,"l":"d","gn":17,"t":11},"geometry":{"type":"Point","coordinates":[414376.2,5657261.7]}},{"type":"Feature","properties":{"h":10.0,"d":5.7,"a":0,"l":"d","gn":33,"t":64},"geometry":{"type":"Point","coordinates":[414377.0,5657912.0]}},{"type":"Feature","properties":{"h":10.0,"d":8.0,"a":0,"l":"d","gn":14,"t":25},"geometry":{"type":"Point","coordinates":[414377.1,5657064.6]}},{"type":"Feature","properties":{"h":6.0,"d":3.0,"a":1,"l":"d","gn":3,"t":15},"geometry":{"type":"Point","coordinates":[414378.8,5657232.5]}},{"type":"Feature","properties":{"h":19.0,"d":16.0,"a":0,"l":"d","gn":4,"t":57},"geometry":{"type":"Point","coordinates":[414379.2,5657848.9]}},{"type":"Feature","properties":{"h":5.0,"d":3.0,"a":5,"l":"d","gn":27,"t":10},"geometry":{"type":"Point","coordinates":[414381.5,5657912.6]}},{"type":"Feature","properties":{"h":20.0,"d":11.4,"a":0,"l":"d","s":"osm"},"geometry":{"type":"Point","coordinates":[414382.8,5657243.5]}},{"type":"Feature","properties":{"h":15.0,"d":10.0,"a":0,"l":"d","gn":1,"t":72},"geometry":{"type":"Point","coordinates":[414383.2,5657240.1]}},{"type":"Feature","properties":{"h":5.0,"d":2.0,"a":5,"l":"d","gn":17,"t":14},"geometry":{"type":"Point","coordinates":[414383.3,5657276.9]}},{"type":"Feature","properties":{"h":4.0,"d":1.0,"a":5,"l":"d","gn":17,"t":1},"geometry":{"type":"Point","coordinates":[414383.4,5657284.4]}},{"type":"Feature","properties":{"h":11.0,"d":2.0,"a":1,"l":"d","gn":19,"t":18},"geometry":{"type":"Point","coordinates":[414383.6,5657210.9]}},{"type":"Feature","properties":{"h":4.0,"d":1.0,"a":5,"l":"d","gn":17,"t":6},"geometry":{"type":"Point","coordinates":[414383.7,5657269.2]}},{"type":"Feature","properties":{"h":4.0,"d":2.0,"a":5,"l":"d","gn":17,"t":11},"geometry":{"type":"Point","coordinates":[414383.9,5657261.9]}},{"type":"Feature","properties":{"h":20.0,"d":11.4,"a":0,"l":"d","s":"osm"},"geometry":{"type":"Point","coordinates":[414384.1,5657917.1]}},{"type":"Feature","properties":{"h":5.0,"d":1.0,"a":1,"l":"d","gn":1,"t":6},"geometry":{"type":"Point","coordinates":[414384.6,5656287.9]}},{"type":"Feature","properties":{"h":19.0,"d":13.0,"a":0,"l":"d","gn":1,"t":60},"geometry":{"type":"Point","coordinates":[414385.3,5656297.9]}},{"type":"Feature","properties":{"h":11.0,"d":2.0,"a":1,"l":"d","gn":19,"t":18},"geometry":{"type":"Point","coordinates":[414388.5,5657211.1]}},{"type":"Feature","properties":{"h":6.0,"d":2.0,"a":5,"l":"d","gn":8,"t":12},"geometry":{"type":"Point","coordinates":[414388.7,5656184.5]}},{"type":"Feature","properties":{"h":6.0,"d":4.0,"a":0,"l":"d","gn":14,"t":8},"geometry":{"type":"Point","coordinates":[414389.5,5657066.9]}},{"type":"Feature","properties":{"h":24.0,"d":13.7,"a":0,"l":"d","gn":4},"geometry":{"type":"Point","coordinates":[414390.1,5657971.3]}},{"type":"Feature","properties":{"h":6.0,"d":3.0,"a":1,"l":"d","gn":3,"t":14},"geometry":{"type":"Point","coordinates":[414390.6,5657233.4]}},{"type":"Feature","properties":{"h":9.0,"d":4.0,"a":5,"l":"d","gn":8,"t":17},"geometry":{"type":"Point","coordinates":[414390.6,5657844.3]}},{"type":"Feature","properties":{"h":24.0,"d":13.7,"a":0,"l":"d","gn":4,"s":"osm"},"geometry":{"type":"Point","coordinates":[414391.0,5656782.6]}},{"type":"Feature","properties":{"h":20.0,"d":11.4,"a":0,"l":"d","s":"osm","f":1},"geometry":{"type":"Point","coordinates":[414391.4,5657532.1]}},{"type":"Feature","properties":{"h":6.0,"d":3.0,"a":1,"l":"d","gn":3,"t":14},"geometry":{"type":"Point","coordinates":[414391.5,5657317.3]}},{"type":"Feature","properties":{"h":4.0,"d":2.0,"a":5,"l":"d","gn":17,"t":8},"geometry":{"type":"Point","coordinates":[414392.0,5657262.2]}},{"type":"Feature","properties":{"h":11.0,"d":3.0,"a":1,"l":"d","gn":19,"t":18},"geometry":{"type":"Point","coordinates":[414393.2,5657211.3]}},{"type":"Feature","properties":{"h":24.0,"d":13.7,"a":0,"l":"d","gn":4},"geometry":{"type":"Point","coordinates":[414394.4,5657975.6]}},{"type":"Feature","properties":{"h":6.0,"d":2.0,"a":5,"l":"d","gn":8,"t":12},"geometry":{"type":"Point","coordinates":[414395.6,5656184.1]}},{"type":"Feature","properties":{"h":10.0,"d":2.0,"a":1,"l":"d","gn":19,"t":18},"geometry":{"type":"Point","coordinates":[414398.5,5657211.6]}},{"type":"Feature","properties":{"h":6.0,"d":4.0,"a":1,"l":"d","gn":3,"t":16},"geometry":{"type":"Point","coordinates":[414398.6,5657234.9]}},{"type":"Feature","properties":{"h":6.0,"d":3.0,"a":1,"l":"d","gn":1,"t":12},"geometry":{"type":"Point","coordinates":[414398.6,5656171.6]}},{"type":"Feature","properties":{"h":4.0,"d":2.0,"a":5,"l":"d","gn":17,"t":10},"geometry":{"type":"Point","coordinates":[414399.0,5657284.5]}},{"type":"Feature","properties":{"h":4.0,"d":2.0,"a":5,"l":"d","gn":17,"t":12},"geometry":{"type":"Point","coordinates":[414399.2,5657276.9]}},{"type":"Feature","properties":{"h":5.0,"d":1.0,"a":5,"l":"d","gn":17,"t":14},"geometry":{"type":"Point","coordinates":[414399.6,5657269.7]}},{"type":"Feature","properties":{"h":19.0,"d":12.0,"a":0,"l":"d","gn":1,"t":59},"geometry":{"type":"Point","coordinates":[414400.1,5656297.3]}},{"type":"Feature","properties":{"h":5.0,"d":3.0,"a":5,"l":"d","gn":17,"t":10},"geometry":{"type":"Point","coordinates":[414400.1,5657262.8]}},{"type":"Feature","properties":{"h":8.0,"d":5.0,"a":0,"l":"d","gn":1,"t":19},"geometry":{"type":"Point","coordinates":[414400.6,5657844.3]}},{"type":"Feature","properties":{"h":17.0,"d":8.5,"a":1,"l":"d","gn":11,"s":"osm"},"geometry":{"type":"Point","coordinates":[414400.8,5656781.5]}},{"type":"Feature","properties":{"h":6.0,"d":3.0,"a":1,"l":"d","gn":3,"t":12},"geometry":{"type":"Point","coordinates":[414401.4,5657318.2]}},{"type":"Feature","properties":{"h":5.0,"d":2.9,"a":0,"l":"d","gn":1,"t":18},"geometry":{"type":"Point","coordinates":[414401.4,5657855.0]}},{"type":"Feature","properties":{"h":6.0,"d":2.0,"a":5,"l":"d","gn":8,"t":11},"geometry":{"type":"Point","coordinates":[414402.2,5656183.9]}},{"type":"Feature","properties":{"h":10.0,"d":2.0,"a":1,"l":"d","gn":19,"t":14},"geometry":{"type":"Point","coordinates":[414403.5,5657212.2]}},{"type":"Feature","properties":{"h":10.0,"d":6.0,"a":5,"l":"d","gn":8,"t":33},"geometry":{"type":"Point","coordinates":[414404.4,5657913.4]}},{"type":"Feature","properties":{"h":10.0,"d":2.0,"a":2,"l":"d","gn":19,"t":25},"geometry":{"type":"Point","coordinates":[414405.7,5657978.8]}},{"type":"Feature","properties":{"h":16.0,"d":2.0,"a":2,"l":"d","gn":19,"t":24},"geometry":{"type":"Point","coordinates":[414406.4,5657209.0]}},{"type":"Feature","properties":{"h":4.0,"d":3.0,"a":5,"l":"d","gn":17,"t":10},"geometry":{"type":"Point","coordinates":[414407.0,5657284.5]}},{"type":"Feature","properties":{"h":5.0,"d":1.0,"a":5,"l":"d","gn":17,"t":12},"geometry":{"type":"Point","coordinates":[414407.4,5657277.0]}},{"type":"Feature","properties":{"h":5.0,"d":1.0,"a":5,"l":"d","gn":17,"t":12},"geometry":{"type":"Point","coordinates":[414407.7,5657269.9]}},{"type":"Feature","properties":{"h":4.0,"d":3.0,"a":5,"l":"d","gn":17,"t":9},"geometry":{"type":"Point","coordinates":[414407.9,5657262.8]}},{"type":"Feature","properties":{"h":20.0,"d":11.4,"a":0,"l":"d","s":"osm"},"geometry":{"type":"Point","coordinates":[414409.3,5656862.4]}},{"type":"Feature","properties":{"h":5.0,"d":2.0,"a":1,"l":"d","gn":1,"t":9},"geometry":{"type":"Point","coordinates":[414409.4,5656183.3]}},{"type":"Feature","properties":{"h":6.0,"d":3.6,"a":5,"l":"d","gn":8,"t":34},"geometry":{"type":"Point","coordinates":[414409.4,5657934.0]}},{"type":"Feature","properties":{"h":11.0,"d":5.0,"a":0,"l":"d","gn":3,"t":22},"geometry":{"type":"Point","coordinates":[414409.5,5657842.2]}},{"type":"Feature","properties":{"h":12.0,"d":7.0,"a":0,"l":"d","gn":14,"t":25},"geometry":{"type":"Point","coordinates":[414410.7,5657085.4]}},{"type":"Feature","properties":{"h":6.0,"d":3.0,"a":1,"l":"d","gn":3,"t":14},"geometry":{"type":"Point","coordinates":[414411.4,5657318.4]}},{"type":"Feature","properties":{"h":10.0,"d":2.0,"a":2,"l":"d","gn":19,"t":26},"geometry":{"type":"Point","coordinates":[414411.4,5657977.7]}},{"type":"Feature","properties":{"h":5.0,"d":3.0,"a":5,"l":"d","t":18},"geometry":{"type":"Point","coordinates":[414411.8,5657852.6]}},{"type":"Feature","properties":{"h":6.0,"d":4.0,"a":1,"l":"d","gn":3,"t":18},"geometry":{"type":"Point","coordinates":[414412.7,5657239.8]}},{"type":"Feature","properties":{"h":10.0,"d":5.0,"a":5,"l":"d","gn":8,"t":22},"geometry":{"type":"Point","coordinates":[414413.3,5656170.6]}},{"type":"Feature","properties":{"h":16.0,"d":3.0,"a":2,"l":"d","gn":19,"t":21},"geometry":{"type":"Point","coordinates":[414413.4,5657213.9]}},{"type":"Feature","properties":{"h":11.0,"d":8.0,"a":0,"l":"d","c":1,"gn":1,"t":28},"geometry":{"type":"Point","coordinates":[414414.0,5656286.1]}},{"type":"Feature","properties":{"h":5.0,"d":3.0,"a":5,"l":"d","gn":17,"t":10},"geometry":{"type":"Point","coordinates":[414415.0,5657284.2]}},{"type":"Feature","properties":{"h":8.0,"d":4.6,"a":0,"l":"d","gn":1,"t":17},"geometry":{"type":"Point","coordinates":[414415.2,5657927.9]}},{"type":"Feature","properties":{"h":4.0,"d":1.0,"a":5,"l":"d","gn":17,"t":11},"geometry":{"type":"Point","coordinates":[414415.5,5657277.0]}},{"type":"Feature","properties":{"h":5.0,"d":1.0,"a":5,"l":"d","gn":17,"t":14},"geometry":{"type":"Point","coordinates":[414415.7,5657270.0]}},{"type":"Feature","properties":{"h":4.0,"d":3.0,"a":5,"l":"d","gn":17,"t":10},"geometry":{"type":"Point","coordinates":[414415.9,5657263.1]}},{"type":"Feature","properties":{"h":5.0,"d":2.0,"a":1,"l":"d","gn":1,"t":9},"geometry":{"type":"Point","coordinates":[414416.0,5656182.8]}},{"type":"Feature","properties":{"h":5.0,"d":2.0,"a":1,"l":"d","gn":1,"t":10},"geometry":{"type":"Point","coordinates":[414417.9,5656170.3]}},{"type":"Feature","properties":{"h":5.0,"d":1.0,"a":1,"l":"d","gn":1,"t":6},"geometry":{"type":"Point","coordinates":[414418.9,5656295.7]}},{"type":"Feature","properties":{"h":6.0,"d":3.4,"a":0,"l":"d","gn":1,"t":15},"geometry":{"type":"Point","coordinates":[414419.3,5657931.3]}},{"type":"Feature","properties":{"h":6.0,"d":3.9,"a":3,"l":"e","s":"osm"},"geometry":{"type":"Point","coordinates":[414420.3,5656670.8]}},{"type":"Feature","properties":{"h":16.0,"d":3.0,"a":2,"l":"d","gn":19,"t":22},"geometry":{"type":"Point","coordinates":[414420.7,5657216.1]}},{"type":"Feature","properties":{"h":8.0,"d":4.8,"a":5,"l":"d","gn":8,"t":30},"geometry":{"type":"Point","coordinates":[414421.1,5657935.8]}},{"type":"Feature","properties":{"h":8.0,"d":3.0,"a":0,"l":"d","gn":6,"t":11},"geometry":{"type":"Point","coordinates":[414421.7,5657850.5]}},{"type":"Feature","properties":{"h":20.0,"d":11.4,"a":0,"l":"d","s":"osm"},"geometry":{"type":"Point","coordinates":[414421.8,5657974.9]}},{"type":"Feature","properties":{"h":20.0,"d":11.4,"a":0,"l":"d","s":"osm"},"geometry":{"type":"Point","coordinates":[414422.0,5657963.7]}},{"type":"Feature","properties":{"h":6.0,"d":3.4,"a":0,"l":"d","gn":1,"t":15},"geometry":{"type":"Point","coordinates":[414422.4,5657926.7]}},{"type":"Feature","properties":{"h":6.0,"d":3.0,"a":1,"l":"d","gn":3,"t":15},"geometry":{"type":"Point","coordinates":[414422.8,5657245.6]}},{"type":"Feature","properties":{"h":4.0,"d":3.0,"a":5,"l":"d","gn":17,"t":10},"geometry":{"type":"Point","coordinates":[414423.9,5657263.4]}},{"type":"Feature","properties":{"h":12.0,"d":6.0,"a":0,"l":"d","gn":14,"t":25},"geometry":{"type":"Point","coordinates":[414424.0,5657087.3]}},{"type":"Feature","properties":{"h":19.0,"d":15.0,"a":0,"l":"d","gn":14,"t":68},"geometry":{"type":"Point","coordinates":[414424.1,5657073.2]}},{"type":"Feature","properties":{"h":10.0,"d":7.0,"a":0,"l":"d","gn":4,"t":28},"geometry":{"type":"Point","coordinates":[414424.1,5657848.9]}},{"type":"Feature","properties":{"h":6.0,"d":4.0,"a":1,"l":"d","gn":3,"t":13},"geometry":{"type":"Point","coordinates":[414424.8,5657283.7]}},{"type":"Feature","properties":{"h":20.0,"d":11.4,"a":0,"l":"d","s":"osm"},"geometry":{"type":"Point","coordinates":[414424.9,5657854.8]}},{"type":"Feature","properties":{"h":20.0,"d":11.4,"a":0,"l":"d","s":"osm"},"geometry":{"type":"Point","coordinates":[414426.7,5657850.4]}},{"type":"Feature","properties":{"h":6.0,"d":3.0,"a":1,"l":"d","gn":3,"t":18},"geometry":{"type":"Point","coordinates":[414428.1,5657249.5]}},{"type":"Feature","properties":{"h":17.0,"d":4.0,"a":2,"l":"d","gn":19,"t":23},"geometry":{"type":"Point","coordinates":[414428.4,5657219.2]}},{"type":"Feature","properties":{"h":18.0,"d":12.0,"a":0,"l":"d","gn":1,"t":62},"geometry":{"type":"Point","coordinates":[414428.7,5656295.4]}},{"type":"Feature","properties":{"h":6.0,"d":2.0,"a":1,"l":"d","gn":1,"t":10},"geometry":{"type":"Point","coordinates":[414428.9,5656182.1]}},{"type":"Feature","properties":{"h":6.0,"d":3.0,"a":1,"l":"d","gn":3,"t":12},"geometry":{"type":"Point","coordinates":[414429.4,5657318.6]}},{"type":"Feature","properties":{"h":20.0,"d":11.4,"a":0,"l":"d","s":"osm"},"geometry":{"type":"Point","coordinates":[414429.6,5657856.3]}},{"type":"Feature","properties":{"h":9.0,"d":7.0,"a":0,"l":"d","gn":4,"t":17},"geometry":{"type":"Point","coordinates":[414430.2,5657848.4]}},{"type":"Feature","properties":{"h":4.0,"d":2.0,"a":1,"l":"d","gn":3,"t":12},"geometry":{"type":"Point","coordinates":[414432.3,5657254.3]}},{"type":"Feature","properties":{"h":13.0,"d":18.0,"a":0,"l":"d","gn":6,"t":189,"f":1},"geometry":{"type":"Point","coordinates":[414432.5,5657878.0]}},{"type":"Feature","properties":{"h":6.0,"d":3.0,"a":1,"l":"d","gn":3,"t":14},"geometry":{"type":"Point","coordinates":[414432.6,5657282.7]}},{"type":"Feature","properties":{"h":7.0,"d":4.0,"a":0,"l":"d","gn":33,"t":27},"geometry":{"type":"Point","coordinates":[414432.9,5657907.2]}},{"type":"Feature","properties":{"h":17.0,"d":4.0,"a":2,"l":"d","gn":19,"t":22},"geometry":{"type":"Point","coordinates":[414435.1,5657222.7]}},{"type":"Feature","properties":{"h":6.0,"d":3.0,"a":1,"l":"d","gn":3,"t":16},"geometry":{"type":"Point","coordinates":[414436.3,5657260.1]}},{"type":"Feature","properties":{"h":5.0,"d":1.0,"a":5,"l":"d","gn":27},"geometry":{"type":"Point","coordinates":[414436.6,5657910.5]}},{"type":"Feature","properties":{"h":6.0,"d":3.0,"a":1,"l":"d","gn":3,"t":15},"geometry":{"type":"Point","coordinates":[414436.6,5657273.5]}},{"type":"Feature","properties":{"h":15.0,"d":8.0,"a":0,"l":"d","gn":1,"t":51},"geometry":{"type":"Point","coordinates":[414436.6,5656284.7]}},{"type":"Feature","properties":{"h":4.0,"d":6.0,"a":5,"l":"d","gn":27},"geometry":{"type":"Point","coordinates":[414436.8,5657927.8]}},{"type":"Feature","properties":{"h":5.0,"d":1.0,"a":1,"l":"d","gn":1,"t":6},"geometry":{"type":"Point","coordinates":[414438.0,5656294.8]}},{"type":"Feature","properties":{"h":20.0,"d":14.0,"a":0,"l":"d","gn":14,"t":96},"geometry":{"type":"Point","coordinates":[414438.5,5657088.1]}},{"type":"Feature","properties":{"h":6.0,"d":3.0,"a":1,"l":"d","gn":3,"t":13},"geometry":{"type":"Point","coordinates":[414439.2,5657318.4]}},{"type":"Feature","properties":{"h":9.0,"d":4.0,"a":0,"l":"d","gn":6,"t":14},"geometry":{"type":"Point","coordinates":[414439.9,5657846.6]}},{"type":"Feature","properties":{"h":6.0,"d":3.0,"a":1,"l":"d","gn":3,"t":13},"geometry":{"type":"Point","coordinates":[414440.5,5657281.5]}},{"type":"Feature","properties":{"h":5.0,"d":2.0,"a":1,"l":"d","gn":3,"t":14},"geometry":{"type":"Point","coordinates":[414440.6,5657267.0]}},{"type":"Feature","properties":{"h":11.0,"d":9.0,"a":0,"l":"d","gn":14,"t":29},"geometry":{"type":"Point","coordinates":[414441.8,5657071.9]}},{"type":"Feature","properties":{"h":6.0,"d":3.4,"a":0,"l":"d","gn":4,"t":18},"geometry":{"type":"Point","coordinates":[414442.1,5657917.7]}},{"type":"Feature","properties":{"h":16.0,"d":4.0,"a":2,"l":"d","gn":19,"t":24},"geometry":{"type":"Point","coordinates":[414442.6,5657227.4]}},{"type":"Feature","properties":{"h":6.0,"d":3.4,"a":0,"l":"d","gn":4,"t":14},"geometry":{"type":"Point","coordinates":[414444.0,5657927.8]}},{"type":"Feature","properties":{"h":6.0,"d":4.0,"a":1,"l":"d","gn":3,"t":16},"geometry":{"type":"Point","coordinates":[414444.0,5657274.1]}},{"type":"Feature","properties":{"h":13.0,"d":9.0,"a":0,"l":"d","gn":1,"t":40},"geometry":{"type":"Point","coordinates":[414444.9,5656284.2]}},{"type":"Feature","properties":{"h":4.0,"d":2.3,"a":0,"l":"d","gn":1,"t":15},"geometry":{"type":"Point","coordinates":[414445.2,5657950.3]}},{"type":"Feature","properties":{"h":5.0,"d":1.0,"a":1,"l":"d","gn":1,"t":6},"geometry":{"type":"Point","coordinates":[414446.7,5656294.2]}},{"type":"Feature","properties":{"h":17.0,"d":3.0,"a":2,"l":"d","gn":19,"t":25},"geometry":{"type":"Point","coordinates":[414448.8,5657232.3]}},{"type":"Feature","properties":{"h":5.0,"d":2.9,"a":0,"l":"d","gn":4,"t":15},"geometry":{"type":"Point","coordinates":[414448.8,5657931.7]}},{"type":"Feature","properties":{"h":9.0,"d":4.0,"a":5,"l":"d","gn":8,"t":14},"geometry":{"type":"Point","coordinates":[414448.9,5657844.3]}},{"type":"Feature","properties":{"h":5.0,"d":2.0,"a":1,"l":"d","gn":3,"t":11},"geometry":{"type":"Point","coordinates":[414449.3,5657317.8]}},{"type":"Feature","properties":{"h":20.0,"d":11.4,"a":0,"l":"d","s":"osm"},"geometry":{"type":"Point","coordinates":[414454.7,5656405.5]}},{"type":"Feature","properties":{"h":17.0,"d":3.0,"a":2,"l":"d","gn":19,"t":23},"geometry":{"type":"Point","coordinates":[414454.7,5657237.7]}},{"type":"Feature","properties":{"h":15.0,"d":8.6,"a":0,"l":"d","gn":4,"t":38},"geometry":{"type":"Point","coordinates":[414454.8,5657956.3]}},{"type":"Feature","properties":{"h":15.0,"d":1.0,"a":0,"l":"d","gn":4,"t":42},"geometry":{"type":"Point","coordinates":[414454.9,5657958.1]}},{"type":"Feature","properties":{"h":20.0,"d":11.4,"a":0,"l":"d","gn":4,"t":37},"geometry":{"type":"Point","coordinates":[414455.3,5657952.3]}},{"type":"Feature","properties":{"h":13.0,"d":10.0,"a":0,"l":"d","gn":14,"t":36},"geometry":{"type":"Point","coordinates":[414456.3,5657090.2]}},{"type":"Feature","properties":{"h":19.0,"d":12.0,"a":0,"l":"d","c":1,"gn":1,"t":68},"geometry":{"type":"Point","coordinates":[414458.8,5656283.4]}},{"type":"Feature","properties":{"h":16.0,"d":4.0,"a":2,"l":"d","gn":19,"t":25},"geometry":{"type":"Point","coordinates":[414459.3,5657242.8]}},{"type":"Feature","properties":{"h":6.0,"d":3.0,"a":1,"l":"d","gn":3,"t":12},"geometry":{"type":"Point","coordinates":[414459.6,5657316.6]}},{"type":"Feature","properties":{"h":18.4,"d":8.6,"a":1,"l":"d","gn":16,"t":60},"geometry":{"type":"Point","coordinates":[414459.9,5656498.1]}},{"type":"Feature","properties":{"h":9.0,"d":6.0,"a":0,"l":"d","gn":14,"t":22},"geometry":{"type":"Point","coordinates":[414460.3,5657074.0]}},{"type":"Feature","properties":{"h":20.0,"d":11.4,"a":0,"l":"d","gn":10,"t":44},"geometry":{"type":"Point","coordinates":[414464.6,5657954.8]}},{"type":"Feature","properties":{"h":5.0,"d":1.0,"a":1,"l":"d","gn":1,"t":6},"geometry":{"type":"Point","coordinates":[414465.2,5656293.1]}},{"type":"Feature","properties":{"h":13.0,"d":8.0,"a":0,"l":"d","gn":14,"t":32},"geometry":{"type":"Point","coordinates":[414466.8,5657091.3]}},{"type":"Feature","properties":{"h":14.0,"d":10.0,"a":0,"l":"d","gn":14,"t":46},"geometry":{"type":"Point","coordinates":[414468.5,5656442.0]}},{"type":"Feature","properties":{"h":13.0,"d":6.0,"a":0,"l":"d","gn":6,"t":19},"geometry":{"type":"Point","coordinates":[414468.5,5656159.8]}},{"type":"Feature","properties":{"h":20.0,"d":11.4,"a":0,"l":"d","s":"osm"},"geometry":{"type":"Point","coordinates":[414470.0,5656420.4]}},{"type":"Feature","properties":{"h":17.0,"d":11.0,"a":0,"l":"d","gn":6,"t":64},"geometry":{"type":"Point","coordinates":[414470.3,5656142.4]}},{"type":"Feature","properties":{"h":16.0,"d":3.0,"a":2,"l":"d","gn":19,"t":23},"geometry":{"type":"Point","coordinates":[414470.8,5657248.7]}},{"type":"Feature","properties":{"h":17.0,"d":8.0,"a":0,"l":"d","gn":6,"t":64},"geometry":{"type":"Point","coordinates":[414470.9,5656162.6]}},{"type":"Feature","properties":{"h":5.0,"d":1.0,"a":1,"l":"d","gn":1,"t":6},"geometry":{"type":"Point","coordinates":[414471.5,5656282.6]}},{"type":"Feature","properties":{"h":17.0,"d":7.5,"a":0,"l":"d","gn":6,"t":59},"geometry":{"type":"Point","coordinates":[414473.1,5656166.3]}},{"type":"Feature","properties":{"h":5.0,"d":1.0,"a":1,"l":"d","gn":1,"t":6},"geometry":{"type":"Point","coordinates":[414473.1,5656292.5]}},{"type":"Feature","properties":{"h":20.0,"d":11.0,"a":0,"l":"d","gn":1,"t":101},"geometry":{"type":"Point","coordinates":[414473.3,5656154.6]}},{"type":"Feature","properties":{"h":11.0,"d":7.0,"a":0,"l":"d","gn":14,"t":25},"geometry":{"type":"Point","coordinates":[414475.4,5657075.7]}},{"type":"Feature","properties":{"h":16.0,"d":11.0,"a":0,"l":"d","gn":14,"t":38},"geometry":{"type":"Point","coordinates":[414476.1,5656443.1]}},{"type":"Feature","properties":{"h":16.0,"d":7.5,"a":0,"l":"d","gn":6,"t":43},"geometry":{"type":"Point","coordinates":[414476.3,5656171.7]}},{"type":"Feature","properties":{"h":15.0,"d":8.0,"a":0,"l":"d","gn":4,"t":34},"geometry":{"type":"Point","coordinates":[414476.6,5657266.9]}},{"type":"Feature","properties":{"h":15.0,"d":8.0,"a":0,"l":"d","gn":4,"t":37},"geometry":{"type":"Point","coordinates":[414476.9,5657270.1]}},{"type":"Feature","properties":{"h":16.0,"d":4.0,"a":2,"l":"d","gn":19,"t":25},"geometry":{"type":"Point","coordinates":[414477.0,5657253.8]}},{"type":"Feature","properties":{"h":14.4,"d":7.5,"a":1,"l":"d","gn":16,"t":41},"geometry":{"type":"Point","coordinates":[414479.6,5656542.2]}},{"type":"Feature","properties":{"h":15.0,"d":8.0,"a":0,"l":"d","gn":4,"t":33},"geometry":{"type":"Point","coordinates":[414479.9,5657270.3]}},{"type":"Feature","properties":{"h":10.0,"d":6.0,"a":0,"l":"d","gn":4,"t":26,"f":1},"geometry":{"type":"Point","coordinates":[414480.6,5657837.9]}},{"type":"Feature","properties":{"h":16.0,"d":11.0,"a":0,"l":"d","gn":4,"t":39},"geometry":{"type":"Point","coordinates":[414481.2,5657271.7]}},{"type":"Feature","properties":{"h":6.0,"d":3.0,"a":1,"l":"d","gn":3,"t":12},"geometry":{"type":"Point","coordinates":[414481.8,5657313.6]}},{"type":"Feature","properties":{"h":16.0,"d":4.0,"a":2,"l":"d","gn":19,"t":25},"geometry":{"type":"Point","coordinates":[414482.6,5657259.2]}},{"type":"Feature","properties":{"h":29.0,"d":10.0,"a":3,"l":"e"},"geometry":{"type":"Point","coordinates":[414483.2,5656164.0]}},{"type":"Feature","properties":{"h":16.0,"d":11.0,"a":0,"l":"d","gn":4,"t":51},"geometry":{"type":"Point","coordinates":[414483.3,5657276.6]}},{"type":"Feature","properties":{"h":16.0,"d":12.0,"a":0,"l":"d","gn":14,"t":40},"geometry":{"type":"Point","coordinates":[414483.7,5656444.4]}},{"type":"Feature","properties":{"h":15.0,"d":8.0,"a":0,"l":"d","gn":4,"t":28},"geometry":{"type":"Point","coordinates":[414484.1,5657273.6]}},{"type":"Feature","properties":{"h":18.0,"d":12.0,"a":0,"l":"d","gn":6,"t":99},"geometry":{"type":"Point","coordinates":[414484.3,5656131.2]}},{"type":"Feature","properties":{"h":16.0,"d":3.0,"a":2,"l":"d","gn":19,"t":25},"geometry":{"type":"Point","coordinates":[414488.7,5657264.2]}},{"type":"Feature","properties":{"h":12.4,"d":10.0,"a":0,"l":"d","gn":1,"t":40},"geometry":{"type":"Point","coordinates":[414489.1,5656519.0]}},{"type":"Feature","properties":{"h":13.0,"d":11.0,"a":0,"l":"d","gn":14,"t":40},"geometry":{"type":"Point","coordinates":[414489.3,5657093.9]}},{"type":"Feature","properties":{"h":5.0,"d":1.0,"a":1,"l":"d","gn":1,"t":6},"geometry":{"type":"Point","coordinates":[414489.8,5656281.3]}},{"type":"Feature","properties":{"h":15.0,"d":12.0,"a":0,"l":"d","gn":4,"t":53},"geometry":{"type":"Point","coordinates":[414490.4,5657276.6]}},{"type":"Feature","properties":{"h":16.2,"d":14.0,"a":0,"l":"d","gn":20,"t":54},"geometry":{"type":"Point","coordinates":[414491.1,5656505.0]}},{"type":"Feature","properties":{"h":8.0,"d":4.0,"a":0,"l":"d","gn":4,"t":21},"geometry":{"type":"Point","coordinates":[414493.2,5657283.4]}},{"type":"Feature","properties":{"h":16.0,"d":3.0,"a":2,"l":"d","gn":19,"t":25},"geometry":{"type":"Point","coordinates":[414494.7,5657269.9]}},{"type":"Feature","properties":{"h":16.0,"d":7.0,"a":0,"l":"d","gn":1,"t":30},"geometry":{"type":"Point","coordinates":[414495.9,5656136.0]}},{"type":"Feature","properties":{"h":17.0,"d":11.1,"a":3,"l":"e"},"geometry":{"type":"Point","coordinates":[414496.0,5656153.8]}},{"type":"Feature","properties":{"h":5.0,"d":1.0,"a":1,"l":"d","gn":1,"t":6},"geometry":{"type":"Point","coordinates":[414496.8,5656290.8]}},{"type":"Feature","properties":{"h":17.0,"d":7.0,"a":0,"l":"d","gn":6,"t":26},"geometry":{"type":"Point","coordinates":[414496.9,5656139.0]}},{"type":"Feature","properties":{"h":4.0,"d":3.0,"a":0,"l":"d","gn":33,"t":7,"f":1},"geometry":{"type":"Point","coordinates":[414498.3,5657835.6]}},{"type":"Feature","properties":{"h":18.0,"d":12.0,"a":0,"l":"d","gn":6,"t":78},"geometry":{"type":"Point","coordinates":[414498.7,5656120.5]}},{"type":"Feature","properties":{"h":21.0,"d":13.0,"a":0,"l":"d","gn":6,"t":58},"geometry":{"type":"Point","coordinates":[414498.8,5656138.4]}},{"type":"Feature","properties":{"h":5.0,"d":1.0,"a":1,"l":"d","gn":1,"t":6},"geometry":{"type":"Point","coordinates":[414500.3,5656280.6]}},{"type":"Feature","properties":{"h":22.0,"d":15.0,"a":0,"l":"d","gn":3,"t":46},"geometry":{"type":"Point","coordinates":[414501.0,5656147.2]}},{"type":"Feature","properties":{"h":16.0,"d":3.0,"a":2,"l":"d","gn":19,"t":25},"geometry":{"type":"Point","coordinates":[414501.1,5657274.2]}},{"type":"Feature","properties":{"h":9.0,"d":8.0,"a":0,"l":"d","gn":4,"t":26},"geometry":{"type":"Point","coordinates":[414501.8,5657283.2]}},{"type":"Feature","properties":{"h":24.0,"d":16.0,"a":0,"l":"d","gn":14,"t":83},"geometry":{"type":"Point","coordinates":[414502.3,5657081.6]}},{"type":"Feature","properties":{"h":5.0,"d":1.0,"a":1,"l":"d","gn":1,"t":6},"geometry":{"type":"Point","coordinates":[414505.0,5656290.5]}},{"type":"Feature","properties":{"h":16.0,"d":3.0,"a":2,"l":"d","gn":19,"t":22},"geometry":{"type":"Point","coordinates":[414508.2,5657278.6]}},{"type":"Feature","properties":{"h":6.0,"d":3.0,"a":1,"l":"d","gn":3,"t":12},"geometry":{"type":"Point","coordinates":[414509.1,5657311.7]}},{"type":"Feature","properties":{"h":5.0,"d":1.0,"a":1,"l":"d","gn":1,"t":6},"geometry":{"type":"Point","coordinates":[414514.0,5656289.9]}},{"type":"Feature","properties":{"h":15.0,"d":13.0,"a":0,"l":"d","gn":4,"t":98,"f":1},"geometry":{"type":"Point","coordinates":[414515.1,5657835.4]}},{"type":"Feature","properties":{"h":16.0,"d":3.0,"a":2,"l":"d","gn":19,"t":21},"geometry":{"type":"Point","coordinates":[414515.5,5657281.6]}},{"type":"Feature","properties":{"h":11.0,"d":8.0,"a":5,"l":"d","gn":8,"t":47,"f":1},"geometry":{"type":"Point","coordinates":[414517.9,5657836.2]}},{"type":"Feature","properties":{"h":6.0,"d":3.0,"a":1,"l":"d","gn":3,"t":14},"geometry":{"type":"Point","coordinates":[414519.4,5657310.8]}},{"type":"Feature","properties":{"h":22.0,"d":12.0,"a":0,"l":"d","gn":10,"t":84},"geometry":{"type":"Point","coordinates":[414520.9,5656122.6]}},{"type":"Feature","properties":{"h":16.0,"d":4.0,"a":2,"l":"d","gn":19,"t":25},"geometry":{"type":"Point","coordinates":[414523.1,5657283.6]}},{"type":"Feature","properties":{"h":15.0,"d":8.0,"a":5,"l":"d","gn":8,"t":41,"f":1},"geometry":{"type":"Point","coordinates":[414523.8,5657836.3]}},{"type":"Feature","properties":{"h":14.0,"d":8.0,"a":5,"l":"d","gn":8,"t":44,"f":1},"geometry":{"type":"Point","coordinates":[414524.6,5657833.4]}},{"type":"Feature","properties":{"h":14.0,"d":7.5,"a":1,"l":"d","gn":27,"t":31},"geometry":{"type":"Point","coordinates":[414529.4,5656117.8]}},{"type":"Feature","properties":{"h":32.0,"d":17.0,"a":0,"l":"d","gn":15,"t":90},"geometry":{"type":"Point","coordinates":[414531.1,5656131.9]}},{"type":"Feature","properties":{"h":12.0,"d":7.5,"a":1,"l":"d","gn":27,"t":33},"geometry":{"type":"Point","coordinates":[414538.2,5656118.3]}},{"type":"Feature","properties":{"h":9.0,"d":5.0,"a":0,"l":"d","gn":3,"t":16},"geometry":{"type":"Point","coordinates":[414538.3,5656278.4]}},{"type":"Feature","properties":{"h":18.0,"d":11.0,"a":0,"l":"d","gn":10,"t":78},"geometry":{"type":"Point","coordinates":[414538.6,5657081.7]}},{"type":"Feature","properties":{"h":9.0,"d":6.0,"a":0,"l":"d","gn":6,"t":24,"f":1},"geometry":{"type":"Point","coordinates":[414540.3,5657835.5]}},{"type":"Feature","properties":{"h":12.0,"d":7.0,"a":0,"l":"d","gn":14,"t":33},"geometry":{"type":"Point","coordinates":[414541.5,5657100.3]}},{"type":"Feature","properties":{"h":13.0,"d":8.0,"a":0,"l":"d","gn":4,"t":44,"f":1},"geometry":{"type":"Point","coordinates":[414543.5,5657836.0]}},{"type":"Feature","properties":{"h":11.0,"d":7.0,"a":0,"l":"d","gn":3,"t":21},"geometry":{"type":"Point","coordinates":[414543.9,5656274.1]}},{"type":"Feature","properties":{"h":11.0,"d":5.0,"a":5,"l":"d","gn":8,"t":25,"f":1},"geometry":{"type":"Point","coordinates":[414545.5,5657834.1]}},{"type":"Feature","properties":{"h":10.0,"d":5.0,"a":0,"l":"d","gn":4,"t":32,"f":1},"geometry":{"type":"Point","coordinates":[414546.9,5657836.5]}},{"type":"Feature","properties":{"h":11.0,"d":5.0,"a":5,"l":"d","gn":8,"t":28,"f":1},"geometry":{"type":"Point","coordinates":[414548.2,5657834.4]}},{"type":"Feature","properties":{"h":9.0,"d":6.0,"a":5,"l":"d","gn":8,"t":18},"geometry":{"type":"Point","coordinates":[414549.7,5656091.0]}},{"type":"Feature","properties":{"h":10.0,"d":6.0,"a":5,"l":"d","gn":8,"t":28,"f":1},"geometry":{"type":"Point","coordinates":[414550.2,5657837.0]}},{"type":"Feature","properties":{"h":7.0,"d":5.0,"a":0,"l":"d","gn":3,"t":19},"geometry":{"type":"Point","coordinates":[414552.7,5656267.1]}},{"type":"Feature","properties":{"h":9.0,"d":6.0,"a":5,"l":"d","gn":8,"t":23},"geometry":{"type":"Point","coordinates":[414556.2,5656086.0]}},{"type":"Feature","properties":{"h":25.0,"d":13.0,"a":0,"l":"d","gn":15,"t":84},"geometry":{"type":"Point","coordinates":[414557.7,5656115.7]}},{"type":"Feature","properties":{"h":18.0,"d":13.0,"a":0,"l":"d","gn":1,"t":41},"geometry":{"type":"Point","coordinates":[414558.5,5656103.0]}},{"type":"Feature","properties":{"h":8.0,"d":5.0,"a":0,"l":"d","gn":3,"t":20},"geometry":{"type":"Point","coordinates":[414558.8,5656262.4]}},{"type":"Feature","properties":{"h":9.0,"d":6.0,"a":5,"l":"d","gn":8,"t":25},"geometry":{"type":"Point","coordinates":[414562.2,5656081.4]}},{"type":"Feature","properties":{"h":20.0,"d":11.4,"a":0,"l":"d","s":"osm"},"geometry":{"type":"Point","coordinates":[414564.5,5656681.7]}},{"type":"Feature","properties":{"h":10.0,"d":4.0,"a":0,"l":"d","gn":9,"t":17},"geometry":{"type":"Point","coordinates":[414566.8,5657285.7]}},{"type":"Feature","properties":{"h":20.0,"d":11.4,"a":0,"l":"d","s":"osm"},"geometry":{"type":"Point","coordinates":[414567.3,5656995.7]}},{"type":"Feature","properties":{"h":20.0,"d":11.4,"a":0,"l":"d","s":"osm"},"geometry":{"type":"Point","coordinates":[414567.8,5656978.2]}},{"type":"Feature","properties":{"h":20.0,"d":11.4,"a":0,"l":"d","s":"osm"},"geometry":{"type":"Point","coordinates":[414568.1,5657972.0]}},{"type":"Feature","properties":{"h":7.0,"d":4.0,"a":5,"l":"d","gn":8,"t":14},"geometry":{"type":"Point","coordinates":[414568.3,5656076.5]}},{"type":"Feature","properties":{"h":20.0,"d":11.4,"a":0,"l":"d","s":"osm"},"geometry":{"type":"Point","coordinates":[414568.5,5656968.2]}},{"type":"Feature","properties":{"h":20.0,"d":11.4,"a":0,"l":"d","s":"osm"},"geometry":{"type":"Point","coordinates":[414568.5,5656959.7]}},{"type":"Feature","properties":{"h":16.0,"d":12.0,"a":0,"l":"d","gn":1,"t":45},"geometry":{"type":"Point","coordinates":[414569.1,5656089.4]}},{"type":"Feature","properties":{"h":20.0,"d":11.4,"a":0,"l":"d","s":"osm"},"geometry":{"type":"Point","coordinates":[414569.4,5656951.3]}},{"type":"Feature","properties":{"h":16.0,"d":13.5,"a":0,"l":"d","gn":1,"t":47},"geometry":{"type":"Point","coordinates":[414569.4,5656102.1]}},{"type":"Feature","properties":{"h":20.0,"d":11.4,"a":0,"l":"d","s":"osm"},"geometry":{"type":"Point","coordinates":[414572.2,5656670.6]}},{"type":"Feature","properties":{"h":20.0,"d":11.4,"a":0,"l":"d","s":"osm"},"geometry":{"type":"Point","coordinates":[414573.6,5656864.7]}},{"type":"Feature","properties":{"h":20.0,"d":11.4,"a":0,"l":"d","s":"osm"},"geometry":{"type":"Point","coordinates":[414574.5,5656853.4]}},{"type":"Feature","properties":{"h":20.0,"d":11.4,"a":0,"l":"d","s":"osm"},"geometry":{"type":"Point","coordinates":[414574.7,5656847.8]}},{"type":"Feature","properties":{"h":20.0,"d":11.4,"a":0,"l":"d","s":"osm"},"geometry":{"type":"Point","coordinates":[414574.7,5656961.6]}},{"type":"Feature","properties":{"h":10.0,"d":4.0,"a":0,"l":"d","gn":9,"t":18},"geometry":{"type":"Point","coordinates":[414574.9,5657285.1]}},{"type":"Feature","properties":{"h":20.0,"d":11.4,"a":0,"l":"d","s":"osm"},"geometry":{"type":"Point","coordinates":[414576.9,5656938.2]}},{"type":"Feature","properties":{"h":18.0,"d":13.0,"a":0,"l":"d","gn":1,"t":40},"geometry":{"type":"Point","coordinates":[414579.4,5656096.9]}},{"type":"Feature","properties":{"h":13.0,"d":7.0,"a":0,"l":"d","gn":3,"t":32},"geometry":{"type":"Point","coordinates":[414580.5,5656552.6]}},{"type":"Feature","properties":{"h":7.0,"d":4.0,"a":5,"l":"d","gn":8,"t":13},"geometry":{"type":"Point","coordinates":[414581.2,5656066.7]}},{"type":"Feature","properties":{"h":14.0,"d":7.0,"a":0,"l":"d","gn":1,"t":29},"geometry":{"type":"Point","coordinates":[414581.5,5656136.3]}},{"type":"Feature","properties":{"h":18.0,"d":10.0,"a":0,"l":"d","gn":3,"t":49},"geometry":{"type":"Point","coordinates":[414581.7,5656545.5]}},{"type":"Feature","properties":{"h":7.0,"d":6.0,"a":0,"l":"d","gn":14,"t":20},"geometry":{"type":"Point","coordinates":[414581.7,5657090.7]}},{"type":"Feature","properties":{"h":15.0,"d":10.0,"a":0,"l":"d","gn":1,"t":37},"geometry":{"type":"Point","coordinates":[414582.1,5656136.5]}},{"type":"Feature","properties":{"h":10.0,"d":7.0,"a":0,"l":"d","gn":14,"t":29},"geometry":{"type":"Point","coordinates":[414582.4,5657104.4]}},{"type":"Feature","properties":{"h":20.0,"d":11.4,"a":0,"l":"d","s":"osm"},"geometry":{"type":"Point","coordinates":[414582.7,5656959.5]}},{"type":"Feature","properties":{"h":10.0,"d":4.0,"a":0,"l":"d","gn":9,"t":18},"geometry":{"type":"Point","coordinates":[414582.7,5657284.6]}},{"type":"Feature","properties":{"h":17.0,"d":9.0,"a":0,"l":"d","gn":3,"t":42},"geometry":{"type":"Point","coordinates":[414583.8,5656529.9]}},{"type":"Feature","properties":{"h":6.0,"d":5.0,"a":5,"l":"d","t":34},"geometry":{"type":"Point","coordinates":[414584.1,5657832.3]}},{"type":"Feature","properties":{"h":20.0,"d":11.4,"a":0,"l":"d","s":"osm"},"geometry":{"type":"Point","coordinates":[414584.2,5657973.4]}},{"type":"Feature","properties":{"h":20.0,"d":11.4,"a":0,"l":"d","s":"osm"},"geometry":{"type":"Point","coordinates":[414584.7,5656931.3]}},{"type":"Feature","properties":{"h":15.0,"d":8.0,"a":0,"l":"d","gn":3,"t":46},"geometry":{"type":"Point","coordinates":[414585.0,5656522.8]}},{"type":"Feature","properties":{"h":19.0,"d":15.5,"a":0,"l":"d","gn":1,"t":59},"geometry":{"type":"Point","coordinates":[414585.1,5656080.4]}},{"type":"Feature","properties":{"h":20.0,"d":11.4,"a":0,"l":"d","s":"osm"},"geometry":{"type":"Point","coordinates":[414587.0,5657831.2]}},{"type":"Feature","properties":{"h":11.0,"d":6.0,"a":1,"l":"d","gn":3,"t":21},"geometry":{"type":"Point","coordinates":[414587.8,5656504.1]}},{"type":"Feature","properties":{"h":20.0,"d":11.4,"a":0,"l":"d","s":"osm"},"geometry":{"type":"Point","coordinates":[414588.3,5656341.4]}},{"type":"Feature","properties":{"h":18.0,"d":11.0,"a":0,"l":"d","gn":3,"t":53},"geometry":{"type":"Point","coordinates":[414588.5,5656496.3]}},{"type":"Feature","properties":{"h":21.0,"d":6.0,"a":0,"l":"d","c":1,"gn":1,"t":23},"geometry":{"type":"Point","coordinates":[414588.6,5656089.3]}},{"type":"Feature","properties":{"h":17.0,"d":10.0,"a":0,"l":"d","gn":3,"t":50},"geometry":{"type":"Point","coordinates":[414590.0,5656487.4]}},{"type":"Feature","properties":{"h":12.0,"d":7.0,"a":0,"l":"d","gn":14,"t":34},"geometry":{"type":"Point","coordinates":[414590.3,5657105.3]}},{"type":"Feature","properties":{"h":11.0,"d":8.0,"a":0,"l":"d","gn":14,"t":21},"geometry":{"type":"Point","coordinates":[414590.5,5657091.6]}},{"type":"Feature","properties":{"h":10.0,"d":4.0,"a":0,"l":"d","gn":9,"t":18},"geometry":{"type":"Point","coordinates":[414590.9,5657284.0]}},{"type":"Feature","properties":{"h":3.0,"d":3.0,"a":5,"l":"d","gn":8,"t":6},"geometry":{"type":"Point","coordinates":[414591.3,5656128.4]}},{"type":"Feature","properties":{"h":18.0,"d":9.0,"a":0,"l":"d","gn":3,"t":49},"geometry":{"type":"Point","coordinates":[414591.6,5656478.1]}},{"type":"Feature","properties":{"h":17.0,"d":10.0,"a":0,"l":"d","gn":15,"t":57},"geometry":{"type":"Point","coordinates":[414591.7,5656064.3]}},{"type":"Feature","properties":{"h":19.0,"d":10.0,"a":0,"l":"d","gn":3,"t":46},"geometry":{"type":"Point","coordinates":[414592.3,5656553.1]}},{"type":"Feature","properties":{"h":14.0,"d":8.0,"a":0,"l":"d","gn":3,"t":28},"geometry":{"type":"Point","coordinates":[414593.4,5656545.7]}},{"type":"Feature","properties":{"h":7.0,"d":4.0,"a":5,"l":"d","gn":8,"t":14},"geometry":{"type":"Point","coordinates":[414593.6,5656057.2]}},{"type":"Feature","properties":{"h":12.0,"d":7.0,"a":1,"l":"d","gn":3,"t":21},"geometry":{"type":"Point","coordinates":[414593.7,5656234.9]}},{"type":"Feature","properties":{"h":12.0,"d":8.0,"a":0,"l":"d","gn":1,"t":27},"geometry":{"type":"Point","coordinates":[414594.1,5656125.6]}},{"type":"Feature","properties":{"h":18.0,"d":10.0,"a":0,"l":"d","gn":3,"t":46},"geometry":{"type":"Point","coordinates":[414594.5,5656537.5]}},{"type":"Feature","properties":{"h":14.0,"d":9.0,"a":0,"l":"d","gn":4,"t":36},"geometry":{"type":"Point","coordinates":[414594.8,5656074.6]}},{"type":"Feature","properties":{"h":13.0,"d":11.0,"a":1,"l":"d","gn":5,"t":28},"geometry":{"type":"Point","coordinates":[414595.2,5656157.4]}},{"type":"Feature","properties":{"h":21.0,"d":16.0,"a":0,"l":"d","gn":1,"t":43},"geometry":{"type":"Point","coordinates":[414595.9,5656084.2]}},{"type":"Feature","properties":{"h":18.0,"d":10.0,"a":0,"l":"d","gn":3,"t":43},"geometry":{"type":"Point","coordinates":[414597.2,5656519.3]}},{"type":"Feature","properties":{"h":18.0,"d":10.0,"a":0,"l":"d","gn":3,"t":42},"geometry":{"type":"Point","coordinates":[414598.5,5656509.9]}},{"type":"Feature","properties":{"h":12.0,"d":8.0,"a":0,"l":"d","gn":14,"t":36},"geometry":{"type":"Point","coordinates":[414599.2,5657106.4]}},{"type":"Feature","properties":{"h":12.0,"d":7.0,"a":1,"l":"d","gn":3,"t":18},"geometry":{"type":"Point","coordinates":[414599.7,5656230.1]}},{"type":"Feature","properties":{"h":8.0,"d":5.0,"a":5,"l":"d","gn":8,"t":15},"geometry":{"type":"Point","coordinates":[414600.0,5656052.2]}},{"type":"Feature","properties":{"h":19.0,"d":11.0,"a":0,"l":"d","gn":3,"t":50},"geometry":{"type":"Point","coordinates":[414600.1,5656500.5]}},{"type":"Feature","properties":{"h":10.0,"d":8.0,"a":0,"l":"d","gn":14,"t":29},"geometry":{"type":"Point","coordinates":[414600.5,5657092.7]}},{"type":"Feature","properties":{"h":10.0,"d":4.0,"a":0,"l":"d","gn":9,"t":16},"geometry":{"type":"Point","coordinates":[414600.8,5657283.4]}},{"type":"Feature","properties":{"h":10.0,"d":9.0,"a":0,"l":"d","gn":3,"t":39},"geometry":{"type":"Point","coordinates":[414601.4,5656491.7]}},{"type":"Feature","properties":{"h":15.0,"d":10.0,"a":0,"l":"d","gn":6,"t":32},"geometry":{"type":"Point","coordinates":[414601.5,5656067.0]}},{"type":"Feature","properties":{"h":20.0,"d":11.4,"a":0,"l":"d","s":"osm"},"geometry":{"type":"Point","coordinates":[414601.9,5657976.1]}},{"type":"Feature","properties":{"h":7.0,"d":2.0,"a":0,"l":"d","gn":1,"t":9},"geometry":{"type":"Point","coordinates":[414602.1,5657940.8]}},{"type":"Feature","properties":{"h":9.0,"d":7.0,"a":0,"l":"d","gn":3,"t":28},"geometry":{"type":"Point","coordinates":[414602.5,5656483.8]}},{"type":"Feature","properties":{"h":13.0,"d":10.0,"a":0,"l":"d","gn":33,"t":28},"geometry":{"type":"Point","coordinates":[414602.6,5656078.7]}},{"type":"Feature","properties":{"h":5.0,"d":2.0,"a":0,"l":"d","gn":32,"t":7},"geometry":{"type":"Point","coordinates":[414603.0,5656165.9]}},{"type":"Feature","properties":{"h":17.0,"d":10.0,"a":0,"l":"d","gn":3,"t":67},"geometry":{"type":"Point","coordinates":[414603.2,5656396.8]}},{"type":"Feature","properties":{"h":10.0,"d":5.0,"a":0,"l":"d","gn":15,"t":19},"geometry":{"type":"Point","coordinates":[414603.4,5656115.4]}},{"type":"Feature","properties":{"h":16.0,"d":8.0,"a":0,"l":"d","gn":3,"t":36},"geometry":{"type":"Point","coordinates":[414603.9,5656475.3]}},{"type":"Feature","properties":{"h":13.0,"d":6.0,"a":1,"l":"d","gn":5,"t":18},"geometry":{"type":"Point","coordinates":[414604.8,5656118.8]}},{"type":"Feature","properties":{"h":12.0,"d":10.0,"a":0,"l":"d","gn":33,"t":72},"geometry":{"type":"Point","coordinates":[414604.8,5656060.4]}},{"type":"Feature","properties":{"h":12.0,"d":6.0,"a":1,"l":"d","gn":3,"t":24},"geometry":{"type":"Point","coordinates":[414604.9,5656226.2]}},{"type":"Feature","properties":{"h":13.0,"d":7.0,"a":1,"l":"d","gn":5,"t":25},"geometry":{"type":"Point","coordinates":[414605.3,5656118.5]}},{"type":"Feature","properties":{"h":6.0,"d":3.0,"a":5,"l":"d","gn":8,"t":10},"geometry":{"type":"Point","coordinates":[414606.5,5656047.2]}},{"type":"Feature","properties":{"h":22.0,"d":16.0,"a":0,"l":"d","gn":14,"t":76},"geometry":{"type":"Point","coordinates":[414606.8,5656575.4]}},{"type":"Feature","properties":{"h":17.0,"d":9.0,"a":3,"l":"e","t":48},"geometry":{"type":"Point","coordinates":[414606.8,5656075.3]}},{"type":"Feature","properties":{"h":17.0,"d":11.0,"a":0,"l":"d","gn":10,"t":94},"geometry":{"type":"Point","coordinates":[414607.2,5656170.4]}},{"type":"Feature","properties":{"h":10.0,"d":7.0,"a":0,"l":"d","gn":14,"t":29},"geometry":{"type":"Point","coordinates":[414608.2,5657107.3]}},{"type":"Feature","properties":{"h":7.0,"d":2.0,"a":0,"l":"d","gn":1,"t":9},"geometry":{"type":"Point","coordinates":[414608.5,5657942.6]}},{"type":"Feature","properties":{"h":6.0,"d":2.0,"a":1,"l":"d","gn":2,"t":12},"geometry":{"type":"Point","coordinates":[414609.0,5656436.7]}},{"type":"Feature","properties":{"h":10.0,"d":4.0,"a":0,"l":"d","gn":9,"t":16},"geometry":{"type":"Point","coordinates":[414610.7,5657282.7]}},{"type":"Feature","properties":{"h":11.0,"d":6.0,"a":1,"l":"d","gn":3,"t":20},"geometry":{"type":"Point","coordinates":[414610.8,5656221.4]}},{"type":"Feature","properties":{"h":9.0,"d":6.5,"a":3,"l":"e","t":57},"geometry":{"type":"Point","coordinates":[414612.0,5656071.5]}},{"type":"Feature","properties":{"h":21.0,"d":7.0,"a":1,"l":"d","gn":16,"t":43},"geometry":{"type":"Point","coordinates":[414612.0,5656058.6]}},{"type":"Feature","properties":{"h":6.0,"d":3.0,"a":5,"l":"d","gn":8,"t":11},"geometry":{"type":"Point","coordinates":[414612.2,5656042.7]}},{"type":"Feature","properties":{"h":13.0,"d":11.0,"a":0,"l":"d","gn":1,"t":50},"geometry":{"type":"Point","coordinates":[414613.0,5656174.7]}},{"type":"Feature","properties":{"h":20.0,"d":11.4,"a":0,"l":"d","s":"osm"},"geometry":{"type":"Point","coordinates":[414613.2,5656376.2]}},{"type":"Feature","properties":{"h":20.0,"d":14.0,"a":0,"l":"d","gn":14,"t":49},"geometry":{"type":"Point","coordinates":[414613.9,5656576.1]}},{"type":"Feature","properties":{"h":7.0,"d":5.0,"a":5,"l":"d","gn":8,"t":21},"geometry":{"type":"Point","coordinates":[414614.0,5656122.4]}},{"type":"Feature","properties":{"h":7.0,"d":3.0,"a":0,"l":"d","gn":1,"t":10},"geometry":{"type":"Point","coordinates":[414615.2,5657944.5]}},{"type":"Feature","properties":{"h":5.0,"d":4.0,"a":0,"l":"d","gn":32,"t":12},"geometry":{"type":"Point","coordinates":[414617.1,5656167.7]}},{"type":"Feature","properties":{"h":12.0,"d":6.0,"a":1,"l":"d","gn":3,"t":24},"geometry":{"type":"Point","coordinates":[414617.1,5656216.5]}},{"type":"Feature","properties":{"h":9.0,"d":6.0,"a":5,"l":"d","gn":8,"t":22},"geometry":{"type":"Point","coordinates":[414617.5,5656127.5]}},{"type":"Feature","properties":{"h":16.0,"d":13.0,"a":0,"l":"d","gn":10,"t":75},"geometry":{"type":"Point","coordinates":[414619.2,5656065.4]}},{"type":"Feature","properties":{"h":18.0,"d":13.0,"a":0,"l":"d","gn":14,"t":51},"geometry":{"type":"Point","coordinates":[414621.4,5656577.1]}},{"type":"Feature","properties":{"h":10.0,"d":7.0,"a":0,"l":"d","gn":1,"t":20},"geometry":{"type":"Point","coordinates":[414621.5,5656133.7]}},{"type":"Feature","properties":{"h":17.0,"d":11.0,"a":0,"l":"d","gn":1,"t":60},"geometry":{"type":"Point","coordinates":[414622.1,5656044.4]}},{"type":"Feature","properties":{"h":7.0,"d":3.0,"a":0,"l":"d","gn":1,"t":10},"geometry":{"type":"Point","coordinates":[414623.1,5657946.5]}},{"type":"Feature","properties":{"h":20.0,"d":11.4,"a":0,"l":"d","s":"osm"},"geometry":{"type":"Point","coordinates":[414623.8,5657981.4]}},{"type":"Feature","properties":{"h":7.0,"d":3.0,"a":5,"l":"d","gn":28,"t":12},"geometry":{"type":"Point","coordinates":[414625.7,5656161.8]}},{"type":"Feature","properties":{"h":10.0,"d":7.0,"a":0,"l":"d","gn":14,"t":28},"geometry":{"type":"Point","coordinates":[414627.3,5657095.7]}},{"type":"Feature","properties":{"h":12.0,"d":8.0,"a":0,"l":"d","gn":14,"t":32},"geometry":{"type":"Point","coordinates":[414627.6,5657109.4]}},{"type":"Feature","properties":{"h":8.0,"d":5.0,"a":5,"l":"d","gn":8,"t":15},"geometry":{"type":"Point","coordinates":[414627.8,5656137.2]}},{"type":"Feature","properties":{"h":19.0,"d":11.0,"a":0,"l":"d","gn":1,"t":50},"geometry":{"type":"Point","coordinates":[414628.8,5656035.7]}},{"type":"Feature","properties":{"h":7.0,"d":3.0,"a":5,"l":"d","gn":28,"t":10},"geometry":{"type":"Point","coordinates":[414630.2,5656158.3]}},{"type":"Feature","properties":{"h":6.0,"d":3.0,"a":0,"l":"d","gn":1,"t":10},"geometry":{"type":"Point","coordinates":[414630.7,5657948.5]}},{"type":"Feature","properties":{"h":17.0,"d":11.0,"a":0,"l":"d","gn":10,"t":70},"geometry":{"type":"Point","coordinates":[414630.8,5656147.8]}},{"type":"Feature","properties":{"h":17.0,"d":10.0,"a":0,"l":"d","gn":9,"t":47},"geometry":{"type":"Point","coordinates":[414631.6,5657281.2]}},{"type":"Feature","properties":{"h":18.0,"d":9.0,"a":0,"l":"d","gn":10,"t":63},"geometry":{"type":"Point","coordinates":[414632.2,5656147.3]}},{"type":"Feature","properties":{"h":9.0,"d":7.0,"a":5,"l":"d","gn":8,"t":23},"geometry":{"type":"Point","coordinates":[414634.2,5656052.7]}},{"type":"Feature","properties":{"h":12.0,"d":6.0,"a":1,"l":"d","gn":3,"t":21},"geometry":{"type":"Point","coordinates":[414634.5,5656203.0]}},{"type":"Feature","properties":{"h":19.0,"d":11.0,"a":0,"l":"d","gn":1,"t":40},"geometry":{"type":"Point","coordinates":[414634.6,5656034.9]}},{"type":"Feature","properties":{"h":5.0,"d":2.0,"a":0,"l":"d","gn":15,"t":8},"geometry":{"type":"Point","coordinates":[414635.0,5656154.3]}},{"type":"Feature","properties":{"h":19.0,"d":10.0,"a":0,"l":"d","gn":1,"t":37},"geometry":{"type":"Point","coordinates":[414635.1,5656041.3]}},{"type":"Feature","properties":{"h":23.0,"d":8.0,"a":0,"l":"d","gn":3,"t":52},"geometry":{"type":"Point","coordinates":[414635.4,5657826.7]}},{"type":"Feature","properties":{"h":23.0,"d":13.0,"a":0,"l":"d","gn":3,"t":59},"geometry":{"type":"Point","coordinates":[414635.6,5657826.7]}},{"type":"Feature","properties":{"h":5.0,"d":1.0,"a":0,"l":"d","gn":14,"t":6},"geometry":{"type":"Point","coordinates":[414636.0,5656578.9]}},{"type":"Feature","properties":{"h":10.0,"d":8.0,"a":0,"l":"d","gn":14,"t":28},"geometry":{"type":"Point","coordinates":[414636.6,5656454.4]}},{"type":"Feature","properties":{"h":10.0,"d":8.0,"a":0,"l":"d","gn":14,"t":33},"geometry":{"type":"Point","coordinates":[414637.9,5657110.6]}},{"type":"Feature","properties":{"h":8.0,"d":2.0,"a":0,"l":"d","gn":10,"t":12},"geometry":{"type":"Point","coordinates":[414639.0,5656153.1]}},{"type":"Feature","properties":{"h":20.0,"d":11.4,"a":0,"l":"d","s":"osm"},"geometry":{"type":"Point","coordinates":[414640.1,5657825.6]}},{"type":"Feature","properties":{"h":23.0,"d":12.0,"a":0,"l":"d","gn":1,"t":73},"geometry":{"type":"Point","coordinates":[414642.5,5656046.2]}},{"type":"Feature","properties":{"h":16.0,"d":12.0,"a":0,"l":"d","gn":9,"t":47},"geometry":{"type":"Point","coordinates":[414644.0,5657280.1]}},{"type":"Feature","properties":{"h":7.0,"d":3.0,"a":0,"l":"d","gn":1,"t":10},"geometry":{"type":"Point","coordinates":[414644.2,5657952.1]}},{"type":"Feature","properties":{"h":10.0,"d":8.0,"a":0,"l":"d","gn":14,"t":25},"geometry":{"type":"Point","coordinates":[414644.7,5656455.6]}},{"type":"Feature","properties":{"h":20.0,"d":11.4,"a":0,"l":"d","s":"osm","f":1},"geometry":{"type":"Point","coordinates":[414647.4,5657553.3]}},{"type":"Feature","properties":{"h":6.0,"d":3.0,"a":0,"l":"d","gn":1,"t":9},"geometry":{"type":"Point","coordinates":[414652.2,5657954.2]}},{"type":"Feature","properties":{"h":15.0,"d":10.0,"a":0,"l":"d","gn":3,"t":33},"geometry":{"type":"Point","coordinates":[414653.8,5657991.5]}},{"type":"Feature","properties":{"h":11.0,"d":8.0,"a":0,"l":"d","gn":14,"t":35},"geometry":{"type":"Point","coordinates":[414654.0,5656456.9]}},{"type":"Feature","properties":{"h":20.0,"d":11.4,"a":0,"l":"d","s":"osm"},"geometry":{"type":"Point","coordinates":[414657.5,5656813.7]}},{"type":"Feature","properties":{"h":7.0,"d":3.0,"a":0,"l":"d","gn":1,"t":9},"geometry":{"type":"Point","coordinates":[414661.0,5657956.4]}},{"type":"Feature","properties":{"h":11.0,"d":9.0,"a":0,"l":"d","gn":14,"t":29},"geometry":{"type":"Point","coordinates":[414662.5,5656458.2]}},{"type":"Feature","properties":{"h":8.0,"d":6.0,"a":0,"l":"d","gn":3,"t":24},"geometry":{"type":"Point","coordinates":[414662.8,5657993.2]}},{"type":"Feature","properties":{"h":13.0,"d":10.0,"a":0,"l":"d","gn":14,"t":35},"geometry":{"type":"Point","coordinates":[414664.8,5656582.3]}},{"type":"Feature","properties":{"h":11.0,"d":7.0,"a":0,"l":"d","gn":14,"t":32},"geometry":{"type":"Point","coordinates":[414668.1,5656471.0]}},{"type":"Feature","properties":{"h":7.0,"d":3.0,"a":0,"l":"d","gn":1,"t":9},"geometry":{"type":"Point","coordinates":[414669.0,5657957.7]}},{"type":"Feature","properties":{"h":10.0,"d":7.0,"a":0,"l":"d","gn":14,"t":27},"geometry":{"type":"Point","coordinates":[414671.1,5657100.6]}},{"type":"Feature","properties":{"h":10.0,"d":8.0,"a":0,"l":"d","gn":14,"t":39},"geometry":{"type":"Point","coordinates":[414671.5,5656459.4]}},{"type":"Feature","properties":{"h":12.0,"d":6.0,"a":1,"l":"d","gn":3,"t":23},"geometry":{"type":"Point","coordinates":[414671.9,5656174.1]}},{"type":"Feature","properties":{"h":16.0,"d":11.0,"a":1,"l":"d","gn":16,"t":35},"geometry":{"type":"Point","coordinates":[414678.7,5656268.1]}},{"type":"Feature","properties":{"h":10.0,"d":8.0,"a":0,"l":"d","gn":14,"t":29},"geometry":{"type":"Point","coordinates":[414680.1,5657101.6]}},{"type":"Feature","properties":{"h":11.0,"d":6.0,"a":0,"l":"d","gn":14,"t":25},"geometry":{"type":"Point","coordinates":[414680.2,5657115.3]}},{"type":"Feature","properties":{"h":6.0,"d":2.0,"a":0,"l":"d","gn":1,"t":9},"geometry":{"type":"Point","coordinates":[414682.1,5657960.0]}},{"type":"Feature","properties":{"h":15.0,"d":12.0,"a":0,"l":"d","gn":1,"t":46},"geometry":{"type":"Point","coordinates":[414683.0,5656273.2]}},{"type":"Feature","properties":{"h":11.0,"d":8.0,"a":0,"l":"d","gn":14,"t":34},"geometry":{"type":"Point","coordinates":[414683.1,5656584.9]}},{"type":"Feature","properties":{"h":11.0,"d":8.0,"a":0,"l":"d","gn":14,"t":39},"geometry":{"type":"Point","coordinates":[414685.7,5656461.7]}},{"type":"Feature","properties":{"h":10.0,"d":8.0,"a":0,"l":"d","gn":1,"t":26},"geometry":{"type":"Point","coordinates":[414686.7,5656278.2]}},{"type":"Feature","properties":{"h":20.0,"d":12.0,"a":0,"l":"d","gn":15,"t":79},"geometry":{"type":"Point","coordinates":[414688.6,5656334.6]}},{"type":"Feature","properties":{"h":10.0,"d":7.0,"a":0,"l":"d","gn":14,"t":27},"geometry":{"type":"Point","coordinates":[414689.0,5657102.6]}},{"type":"Feature","properties":{"h":7.0,"d":5.0,"a":0,"l":"d","gn":14,"t":31},"geometry":{"type":"Point","coordinates":[414689.6,5656474.7]}},{"type":"Feature","properties":{"h":12.0,"d":7.0,"a":0,"l":"d","gn":14,"t":27},"geometry":{"type":"Point","coordinates":[414690.1,5657116.3]}},{"type":"Feature","properties":{"h":13.0,"d":8.0,"a":0,"l":"d","gn":14,"t":34},"geometry":{"type":"Point","coordinates":[414691.0,5656586.2]}},{"type":"Feature","properties":{"h":7.0,"d":3.0,"a":0,"l":"d","gn":1,"t":11},"geometry":{"type":"Point","coordinates":[414691.0,5657961.4]}},{"type":"Feature","properties":{"h":11.0,"d":8.0,"a":0,"l":"d","gn":14,"t":42},"geometry":{"type":"Point","coordinates":[414693.7,5656462.7]}},{"type":"Feature","properties":{"h":19.0,"d":14.0,"a":0,"l":"d","gn":1,"t":61},"geometry":{"type":"Point","coordinates":[414695.7,5656289.8]}},{"type":"Feature","properties":{"h":10.0,"d":6.0,"a":0,"l":"d","gn":3,"t":23},"geometry":{"type":"Point","coordinates":[414697.9,5656153.9]}},{"type":"Feature","properties":{"h":8.0,"d":6.0,"a":0,"l":"d","gn":14,"t":18},"geometry":{"type":"Point","coordinates":[414698.5,5656475.9]}},{"type":"Feature","properties":{"h":9.0,"d":6.0,"a":0,"l":"d","gn":14,"t":25},"geometry":{"type":"Point","coordinates":[414701.7,5656463.9]}},{"type":"Feature","properties":{"h":11.0,"d":7.0,"a":0,"l":"d","gn":14,"t":30},"geometry":{"type":"Point","coordinates":[414703.2,5657104.1]}},{"type":"Feature","properties":{"h":11.0,"d":8.0,"a":0,"l":"d","gn":14,"t":38},"geometry":{"type":"Point","coordinates":[414704.1,5656587.8]}},{"type":"Feature","properties":{"h":17.0,"d":12.0,"a":0,"l":"d","gn":9,"t":50},"geometry":{"type":"Point","coordinates":[414705.1,5657273.1]}},{"type":"Feature","properties":{"h":11.0,"d":7.0,"a":0,"l":"d","gn":3,"t":29},"geometry":{"type":"Point","coordinates":[414705.2,5656148.3]}},{"type":"Feature","properties":{"h":17.0,"d":13.0,"a":0,"l":"d","gn":20,"t":60},"geometry":{"type":"Point","coordinates":[414706.5,5656303.7]}},{"type":"Feature","properties":{"h":14.0,"d":7.0,"a":0,"l":"d","gn":3,"t":34},"geometry":{"type":"Point","coordinates":[414706.6,5656476.8]}},{"type":"Feature","properties":{"h":11.0,"d":8.0,"a":0,"l":"d","gn":14,"t":31},"geometry":{"type":"Point","coordinates":[414710.3,5656465.1]}},{"type":"Feature","properties":{"h":12.0,"d":8.0,"a":0,"l":"d","gn":14,"t":36},"geometry":{"type":"Point","coordinates":[414711.8,5657105.1]}},{"type":"Feature","properties":{"h":10.0,"d":6.0,"a":0,"l":"d","gn":3,"t":25},"geometry":{"type":"Point","coordinates":[414712.1,5656142.8]}},{"type":"Feature","properties":{"h":17.0,"d":12.0,"a":0,"l":"d","gn":9,"t":48},"geometry":{"type":"Point","coordinates":[414715.8,5657271.8]}},{"type":"Feature","properties":{"h":12.0,"d":8.0,"a":0,"l":"d","gn":14,"t":33},"geometry":{"type":"Point","coordinates":[414716.8,5657119.4]}},{"type":"Feature","properties":{"h":10.0,"d":8.0,"a":0,"l":"d","gn":14,"t":33},"geometry":{"type":"Point","coordinates":[414717.1,5656590.1]}},{"type":"Feature","properties":{"h":11.0,"d":8.0,"a":0,"l":"d","gn":14,"t":22},"geometry":{"type":"Point","coordinates":[414718.5,5656465.6]}},{"type":"Feature","properties":{"h":12.0,"d":7.0,"a":0,"l":"d","gn":14,"t":31},"geometry":{"type":"Point","coordinates":[414721.1,5657106.2]}},{"type":"Feature","properties":{"h":20.0,"d":11.4,"a":0,"l":"d","s":"osm"},"geometry":{"type":"Point","coordinates":[414722.2,5656146.3]}},{"type":"Feature","properties":{"h":10.0,"d":6.0,"a":0,"l":"d","gn":1,"t":27},"geometry":{"type":"Point","coordinates":[414724.3,5656479.4]}},{"type":"Feature","properties":{"h":10.0,"d":6.0,"a":1,"l":"d","gn":3,"t":19},"geometry":{"type":"Point","coordinates":[414726.0,5656121.8]}},{"type":"Feature","properties":{"h":11.0,"d":8.0,"a":0,"l":"d","gn":14,"t":34},"geometry":{"type":"Point","coordinates":[414726.1,5656591.3]}},{"type":"Feature","properties":{"h":11.0,"d":8.0,"a":0,"l":"d","gn":14,"t":36},"geometry":{"type":"Point","coordinates":[414726.4,5656468.0]}},{"type":"Feature","properties":{"h":12.0,"d":6.0,"a":0,"l":"d","gn":3,"t":26},"geometry":{"type":"Point","coordinates":[414730.8,5656128.5]}},{"type":"Feature","properties":{"h":10.0,"d":5.0,"a":1,"l":"d","gn":3,"t":14},"geometry":{"type":"Point","coordinates":[414731.3,5656117.7]}},{"type":"Feature","properties":{"h":15.0,"d":10.0,"a":0,"l":"d","gn":9,"t":39},"geometry":{"type":"Point","coordinates":[414731.4,5657269.7]}},{"type":"Feature","properties":{"h":20.0,"d":11.4,"a":0,"l":"d","s":"osm"},"geometry":{"type":"Point","coordinates":[414731.6,5656158.9]}},{"type":"Feature","properties":{"h":12.0,"d":9.0,"a":0,"l":"d","gn":14,"t":36},"geometry":{"type":"Point","coordinates":[414733.6,5656480.8]}},{"type":"Feature","properties":{"h":7.0,"d":4.0,"a":0,"l":"d","gn":14,"t":14},"geometry":{"type":"Point","coordinates":[414733.8,5656591.8]}},{"type":"Feature","properties":{"h":11.0,"d":8.0,"a":0,"l":"d","gn":14,"t":31},"geometry":{"type":"Point","coordinates":[414734.5,5656468.5]}},{"type":"Feature","properties":{"h":10.0,"d":6.0,"a":1,"l":"d","gn":3,"t":19},"geometry":{"type":"Point","coordinates":[414736.7,5656113.4]}},{"type":"Feature","properties":{"h":12.0,"d":7.0,"a":0,"l":"d","gn":3,"t":28},"geometry":{"type":"Point","coordinates":[414737.2,5656123.6]}},{"type":"Feature","properties":{"h":20.0,"d":11.4,"a":0,"l":"d","s":"osm"},"geometry":{"type":"Point","coordinates":[414738.8,5656167.7]}},{"type":"Feature","properties":{"h":20.0,"d":11.4,"a":0,"l":"d","s":"osm"},"geometry":{"type":"Point","coordinates":[414740.8,5656170.7]}},{"type":"Feature","properties":{"h":16.0,"d":11.0,"a":0,"l":"d","gn":9,"t":50},"geometry":{"type":"Point","coordinates":[414741.3,5657268.5]}},{"type":"Feature","properties":{"h":10.0,"d":6.0,"a":1,"l":"d","gn":3,"t":21},"geometry":{"type":"Point","coordinates":[414741.7,5656109.5]}},{"type":"Feature","properties":{"h":10.0,"d":8.0,"a":0,"l":"d","gn":14,"t":31},"geometry":{"type":"Point","coordinates":[414741.9,5656592.6]}},{"type":"Feature","properties":{"h":12.0,"d":8.0,"a":0,"l":"d","gn":3,"t":30},"geometry":{"type":"Point","coordinates":[414742.9,5656119.1]}},{"type":"Feature","properties":{"h":12.0,"d":9.0,"a":0,"l":"d","gn":14,"t":32},"geometry":{"type":"Point","coordinates":[414743.5,5657108.5]}},{"type":"Feature","properties":{"h":11.0,"d":8.0,"a":0,"l":"d","gn":1,"t":60},"geometry":{"type":"Point","coordinates":[414744.1,5656469.8]}},{"type":"Feature","properties":{"h":10.0,"d":6.0,"a":1,"l":"d","gn":3,"t":19},"geometry":{"type":"Point","coordinates":[414748.4,5656104.4]}},{"type":"Feature","properties":{"h":8.0,"d":8.0,"a":0,"l":"d","gn":15,"t":55},"geometry":{"type":"Point","coordinates":[414749.3,5656357.1]}},{"type":"Feature","properties":{"h":8.0,"d":5.0,"a":0,"l":"d","gn":14,"t":18},"geometry":{"type":"Point","coordinates":[414752.1,5656483.5]}},{"type":"Feature","properties":{"h":12.0,"d":8.0,"a":0,"l":"d","gn":14,"t":31},"geometry":{"type":"Point","coordinates":[414752.3,5657109.6]}},{"type":"Feature","properties":{"h":13.0,"d":10.0,"a":0,"l":"d","gn":14,"t":36},"geometry":{"type":"Point","coordinates":[414753.0,5656471.2]}},{"type":"Feature","properties":{"h":10.0,"d":5.0,"a":1,"l":"d","gn":3,"t":13},"geometry":{"type":"Point","coordinates":[414753.9,5656100.1]}},{"type":"Feature","properties":{"h":16.0,"d":12.0,"a":0,"l":"d","gn":9,"t":48},"geometry":{"type":"Point","coordinates":[414756.5,5657266.3]}},{"type":"Feature","properties":{"h":10.0,"d":6.0,"a":1,"l":"d","gn":3,"t":17},"geometry":{"type":"Point","coordinates":[414760.0,5656095.5]}},{"type":"Feature","properties":{"h":12.0,"d":5.0,"a":0,"l":"d","gn":14,"t":27},"geometry":{"type":"Point","coordinates":[414761.2,5656484.8]}},{"type":"Feature","properties":{"h":10.0,"d":6.0,"a":1,"l":"d","gn":3,"t":19},"geometry":{"type":"Point","coordinates":[414765.5,5656091.1]}},{"type":"Feature","properties":{"h":16.0,"d":12.0,"a":0,"l":"d","gn":9,"t":45},"geometry":{"type":"Point","coordinates":[414768.8,5657264.3]}},{"type":"Feature","properties":{"h":14.0,"d":10.0,"a":0,"l":"d","gn":14,"t":39},"geometry":{"type":"Point","coordinates":[414769.5,5656486.2]}},{"type":"Feature","properties":{"h":5.0,"d":2.0,"a":1,"l":"d","gn":3,"t":9},"geometry":{"type":"Point","coordinates":[414770.5,5656568.3]}},{"type":"Feature","properties":{"h":11.0,"d":7.0,"a":1,"l":"d","gn":3,"t":21},"geometry":{"type":"Point","coordinates":[414771.1,5656086.8]}},{"type":"Feature","properties":{"h":23.0,"d":9.0,"a":0,"l":"d","gn":3,"t":66},"geometry":{"type":"Point","coordinates":[414771.8,5656560.0]}},{"type":"Feature","properties":{"h":20.0,"d":9.0,"a":0,"l":"d","gn":3,"t":41},"geometry":{"type":"Point","coordinates":[414774.0,5656542.8]}},{"type":"Feature","properties":{"h":12.0,"d":7.0,"a":0,"l":"d","gn":3,"t":37},"geometry":{"type":"Point","coordinates":[414774.6,5656012.3]}},{"type":"Feature","properties":{"h":6.0,"d":3.0,"a":0,"l":"d","gn":3,"t":11},"geometry":{"type":"Point","coordinates":[414775.1,5656534.4]}},{"type":"Feature","properties":{"h":17.0,"d":12.0,"a":0,"l":"d","gn":9,"t":47},"geometry":{"type":"Point","coordinates":[414777.4,5657263.2]}},{"type":"Feature","properties":{"h":11.0,"d":7.0,"a":0,"l":"d","gn":3,"t":21},"geometry":{"type":"Point","coordinates":[414777.6,5656517.1]}},{"type":"Feature","properties":{"h":5.0,"d":2.0,"a":1,"l":"d","gn":3,"t":9},"geometry":{"type":"Point","coordinates":[414778.9,5656508.8]}},{"type":"Feature","properties":{"h":16.0,"d":6.0,"a":1,"l":"d","gn":22,"t":29},"geometry":{"type":"Point","coordinates":[414779.8,5656607.1]}},{"type":"Feature","properties":{"h":16.0,"d":7.0,"a":1,"l":"d","gn":22,"t":31},"geometry":{"type":"Point","coordinates":[414780.0,5656612.1]}},{"type":"Feature","properties":{"h":16.0,"d":12.0,"a":0,"l":"d","gn":3,"t":44},"geometry":{"type":"Point","coordinates":[414780.1,5656001.9]}},{"type":"Feature","properties":{"h":17.0,"d":8.0,"a":1,"l":"d","gn":22,"t":33},"geometry":{"type":"Point","coordinates":[414780.2,5656617.7]}},{"type":"Feature","properties":{"h":15.0,"d":6.0,"a":1,"l":"d","gn":22,"t":28},"geometry":{"type":"Point","coordinates":[414780.4,5656629.7]}},{"type":"Feature","properties":{"h":14.0,"d":5.0,"a":1,"l":"d","gn":22,"t":23},"geometry":{"type":"Point","coordinates":[414780.6,5656639.3]}},{"type":"Feature","properties":{"h":16.0,"d":7.0,"a":1,"l":"d","gn":22,"t":29},"geometry":{"type":"Point","coordinates":[414780.8,5656644.6]}},{"type":"Feature","properties":{"h":16.0,"d":7.0,"a":1,"l":"d","gn":22,"t":29},"geometry":{"type":"Point","coordinates":[414781.0,5656659.4]}},{"type":"Feature","properties":{"h":17.0,"d":5.0,"a":0,"l":"d","gn":3,"t":32},"geometry":{"type":"Point","coordinates":[414781.2,5656569.4]}},{"type":"Feature","properties":{"h":16.0,"d":6.0,"a":1,"l":"d","gn":22,"t":29},"geometry":{"type":"Point","coordinates":[414781.3,5656669.4]}},{"type":"Feature","properties":{"h":23.0,"d":13.0,"a":0,"l":"d","gn":3,"t":64},"geometry":{"type":"Point","coordinates":[414782.3,5656562.3]}},{"type":"Feature","properties":{"h":10.0,"d":6.0,"a":1,"l":"d","gn":3,"t":18},"geometry":{"type":"Point","coordinates":[414783.0,5656077.6]}},{"type":"Feature","properties":{"h":20.0,"d":11.4,"a":0,"l":"d","s":"osm"},"geometry":{"type":"Point","coordinates":[414783.2,5656762.8]}},{"type":"Feature","properties":{"h":12.0,"d":7.0,"a":0,"l":"d","gn":3,"t":32},"geometry":{"type":"Point","coordinates":[414783.7,5656551.0]}},{"type":"Feature","properties":{"h":7.0,"d":5.0,"a":0,"l":"d","gn":7,"t":20},"geometry":{"type":"Point","coordinates":[414784.1,5656580.9]}},{"type":"Feature","properties":{"h":17.0,"d":10.0,"a":0,"l":"d","gn":3,"t":46},"geometry":{"type":"Point","coordinates":[414785.1,5656008.2]}},{"type":"Feature","properties":{"h":16.0,"d":12.0,"a":0,"l":"d","gn":9,"t":48},"geometry":{"type":"Point","coordinates":[414787.3,5657261.5]}},{"type":"Feature","properties":{"h":22.0,"d":11.0,"a":0,"l":"d","gn":3,"t":62},"geometry":{"type":"Point","coordinates":[414789.6,5656508.8]}},{"type":"Feature","properties":{"h":10.0,"d":6.0,"a":1,"l":"d","gn":3,"t":16},"geometry":{"type":"Point","coordinates":[414790.1,5656072.2]}},{"type":"Feature","properties":{"h":13.0,"d":6.0,"a":0,"l":"d","gn":3,"t":33},"geometry":{"type":"Point","coordinates":[414791.6,5656034.6]}},{"type":"Feature","properties":{"h":10.0,"d":8.0,"a":0,"l":"d","gn":1,"t":43},"geometry":{"type":"Point","coordinates":[414795.0,5656021.2]}},{"type":"Feature","properties":{"h":10.0,"d":6.0,"a":1,"l":"d","gn":3,"t":21},"geometry":{"type":"Point","coordinates":[414796.1,5656067.5]}},{"type":"Feature","properties":{"h":8.0,"d":6.0,"a":0,"l":"d","gn":3,"t":31},"geometry":{"type":"Point","coordinates":[414797.5,5656042.5]}},{"type":"Feature","properties":{"h":10.0,"d":6.0,"a":0,"l":"d","gn":3,"t":19},"geometry":{"type":"Point","coordinates":[414797.5,5656076.8]}},{"type":"Feature","properties":{"h":8.0,"d":6.0,"a":0,"l":"d","gn":14,"t":24},"geometry":{"type":"Point","coordinates":[414799.6,5656589.7]}},{"type":"Feature","properties":{"h":7.0,"d":5.0,"a":0,"l":"d","gn":1,"t":30},"geometry":{"type":"Point","coordinates":[414800.2,5656028.3]}},{"type":"Feature","properties":{"h":11.0,"d":7.0,"a":0,"l":"d","gn":3,"t":24},"geometry":{"type":"Point","coordinates":[414801.1,5656004.1]}},{"type":"Feature","properties":{"h":3.0,"d":1.0,"a":5,"l":"d","t":4},"geometry":{"type":"Point","coordinates":[414801.3,5656020.5]}},{"type":"Feature","properties":{"h":10.0,"d":10.0,"a":0,"l":"d","gn":1,"t":25},"geometry":{"type":"Point","coordinates":[414801.9,5656011.2]}},{"type":"Feature","properties":{"h":16.0,"d":10.0,"a":0,"l":"d","gn":9,"t":38},"geometry":{"type":"Point","coordinates":[414802.1,5657259.1]}},{"type":"Feature","properties":{"h":10.0,"d":6.0,"a":1,"l":"d","gn":3,"t":20},"geometry":{"type":"Point","coordinates":[414804.2,5656061.3]}},{"type":"Feature","properties":{"h":8.0,"d":5.0,"a":0,"l":"d","gn":3,"t":18},"geometry":{"type":"Point","coordinates":[414805.2,5656070.9]}},{"type":"Feature","properties":{"h":20.0,"d":11.4,"a":0,"l":"d","s":"osm"},"geometry":{"type":"Point","coordinates":[414808.8,5657110.9]}},{"type":"Feature","properties":{"h":10.0,"d":6.0,"a":0,"l":"d","gn":3,"t":20},"geometry":{"type":"Point","coordinates":[414809.7,5656067.4]}},{"type":"Feature","properties":{"h":17.0,"d":12.0,"a":0,"l":"d","gn":9,"t":45},"geometry":{"type":"Point","coordinates":[414810.5,5657257.5]}},{"type":"Feature","properties":{"h":14.0,"d":7.0,"a":1,"l":"d","gn":16,"s":"osm"},"geometry":{"type":"Point","coordinates":[414810.9,5657110.5]}},{"type":"Feature","properties":{"h":20.0,"d":7.0,"a":0,"l":"d","gn":7,"t":70},"geometry":{"type":"Point","coordinates":[414811.9,5656574.8]}},{"type":"Feature","properties":{"h":14.0,"d":7.0,"a":1,"l":"d","gn":16,"s":"osm"},"geometry":{"type":"Point","coordinates":[414815.1,5657111.7]}},{"type":"Feature","properties":{"h":15.0,"d":10.0,"a":0,"l":"d","gn":9,"t":32},"geometry":{"type":"Point","coordinates":[414821.1,5657255.0]}},{"type":"Feature","properties":{"h":9.0,"d":6.0,"a":3,"l":"e","t":31},"geometry":{"type":"Point","coordinates":[414821.3,5656013.7]}},{"type":"Feature","properties":{"h":6.0,"d":7.0,"a":5,"l":"d","gn":8,"t":52},"geometry":{"type":"Point","coordinates":[414821.5,5656031.4]}},{"type":"Feature","properties":{"h":20.0,"d":13.0,"a":3,"l":"e","s":"osm"},"geometry":{"type":"Point","coordinates":[414823.0,5657108.0]}},{"type":"Feature","properties":{"h":5.0,"d":2.0,"a":5,"l":"d","gn":8,"t":16},"geometry":{"type":"Point","coordinates":[414824.4,5656034.3]}},{"type":"Feature","properties":{"h":5.0,"d":4.0,"a":5,"l":"d","gn":8,"t":13},"geometry":{"type":"Point","coordinates":[414826.4,5656034.7]}},{"type":"Feature","properties":{"h":14.0,"d":8.0,"a":0,"l":"d","gn":3,"t":31},"geometry":{"type":"Point","coordinates":[414828.1,5656042.9]}},{"type":"Feature","properties":{"h":9.0,"d":7.0,"a":0,"l":"d","gn":14,"t":22},"geometry":{"type":"Point","coordinates":[414829.7,5656583.4]}},{"type":"Feature","properties":{"h":5.0,"d":3.0,"a":0,"l":"d","gn":3,"t":13},"geometry":{"type":"Point","coordinates":[414830.1,5656051.5]}},{"type":"Feature","properties":{"h":7.0,"d":4.0,"a":5,"l":"d","gn":17,"t":17},"geometry":{"type":"Point","coordinates":[414830.2,5656030.9]}},{"type":"Feature","properties":{"h":9.0,"d":5.0,"a":5,"l":"d","gn":17,"t":19},"geometry":{"type":"Point","coordinates":[414831.6,5656029.2]}},{"type":"Feature","properties":{"h":16.0,"d":10.0,"a":0,"l":"d","gn":9,"t":37},"geometry":{"type":"Point","coordinates":[414831.8,5657252.5]}},{"type":"Feature","properties":{"h":8.0,"d":5.0,"a":1,"l":"d","gn":3,"t":16},"geometry":{"type":"Point","coordinates":[414833.6,5656038.4]}},{"type":"Feature","properties":{"h":10.0,"d":8.0,"a":0,"l":"d","gn":1,"t":26},"geometry":{"type":"Point","coordinates":[414833.8,5656483.3]}},{"type":"Feature","properties":{"h":20.0,"d":11.4,"a":0,"l":"d","s":"osm"},"geometry":{"type":"Point","coordinates":[414834.0,5657129.0]}},{"type":"Feature","properties":{"h":10.0,"d":8.0,"a":0,"l":"d","gn":14,"t":31},"geometry":{"type":"Point","coordinates":[414834.3,5657132.5]}},{"type":"Feature","properties":{"h":23.0,"d":6.0,"a":0,"l":"d","gn":3,"t":23},"geometry":{"type":"Point","coordinates":[414836.4,5656046.5]}},{"type":"Feature","properties":{"h":14.0,"d":9.0,"a":0,"l":"d","gn":3,"t":39},"geometry":{"type":"Point","coordinates":[414836.5,5656075.4]}},{"type":"Feature","properties":{"h":20.0,"d":11.4,"a":0,"l":"d","s":"osm","f":1},"geometry":{"type":"Point","coordinates":[414836.9,5657515.2]}},{"type":"Feature","properties":{"h":17.0,"d":12.0,"a":0,"l":"d","gn":9,"t":49},"geometry":{"type":"Point","coordinates":[414841.6,5657249.8]}},{"type":"Feature","properties":{"h":14.0,"d":9.0,"a":0,"l":"d","gn":3,"t":38},"geometry":{"type":"Point","coordinates":[414841.8,5656082.4]}},{"type":"Feature","properties":{"h":9.0,"d":5.0,"a":1,"l":"d","gn":3,"t":15},"geometry":{"type":"Point","coordinates":[414842.7,5656031.3]}},{"type":"Feature","properties":{"h":13.0,"d":8.0,"a":0,"l":"d","gn":3,"t":34},"geometry":{"type":"Point","coordinates":[414846.1,5656088.4]}},{"type":"Feature","properties":{"h":20.0,"d":11.4,"a":0,"l":"d","s":"osm","f":1},"geometry":{"type":"Point","coordinates":[414846.9,5657513.2]}},{"type":"Feature","properties":{"h":9.0,"d":5.0,"a":0,"l":"d","gn":3,"t":19},"geometry":{"type":"Point","coordinates":[414848.1,5656037.5]}},{"type":"Feature","properties":{"h":15.0,"d":9.0,"a":0,"l":"d","gn":3,"t":32},"geometry":{"type":"Point","coordinates":[414849.2,5656026.4]}},{"type":"Feature","properties":{"h":22.0,"d":15.0,"a":0,"l":"d","gn":14,"t":89},"geometry":{"type":"Point","coordinates":[414851.9,5656578.9]}},{"type":"Feature","properties":{"h":26.0,"d":21.0,"a":1,"l":"d","gn":19,"t":166},"geometry":{"type":"Point","coordinates":[414853.2,5657790.5]}},{"type":"Feature","properties":{"h":16.0,"d":10.0,"a":0,"l":"d","gn":9,"t":45},"geometry":{"type":"Point","coordinates":[414853.8,5657246.3]}},{"type":"Feature","properties":{"h":20.0,"d":11.4,"a":0,"l":"d","s":"osm"},"geometry":{"type":"Point","coordinates":[414855.6,5657132.2]}},{"type":"Feature","properties":{"h":11.0,"d":7.0,"a":1,"l":"d","gn":21,"t":47},"geometry":{"type":"Point","coordinates":[414855.9,5656008.4]}},{"type":"Feature","properties":{"h":10.0,"d":5.0,"a":0,"l":"d","gn":3,"t":22},"geometry":{"type":"Point","coordinates":[414856.2,5656031.2]}},{"type":"Feature","properties":{"h":13.0,"d":10.0,"a":0,"l":"d","gn":14,"t":36},"geometry":{"type":"Point","coordinates":[414856.8,5657135.0]}},{"type":"Feature","properties":{"h":20.0,"d":11.4,"a":0,"l":"d","s":"osm"},"geometry":{"type":"Point","coordinates":[414857.6,5657791.9]}},{"type":"Feature","properties":{"h":20.0,"d":9.0,"a":0,"l":"d","gn":7,"t":67},"geometry":{"type":"Point","coordinates":[414857.8,5656565.8]}},{"type":"Feature","properties":{"h":18.0,"d":10.0,"a":0,"l":"d","gn":3,"t":47},"geometry":{"type":"Point","coordinates":[414857.9,5656103.9]}},{"type":"Feature","properties":{"h":11.0,"d":6.0,"a":0,"l":"d","gn":3,"t":21},"geometry":{"type":"Point","coordinates":[414862.4,5656026.4]}},{"type":"Feature","properties":{"h":20.0,"d":11.4,"a":0,"l":"d","s":"osm","f":1},"geometry":{"type":"Point","coordinates":[414862.7,5657518.4]}},{"type":"Feature","properties":{"h":16.0,"d":10.0,"a":0,"l":"d","gn":9,"t":44},"geometry":{"type":"Point","coordinates":[414865.5,5657242.8]}},{"type":"Feature","properties":{"h":20.0,"d":11.4,"a":0,"l":"d","s":"osm"},"geometry":{"type":"Point","coordinates":[414868.2,5657133.3]}},{"type":"Feature","properties":{"h":18.0,"d":16.0,"a":0,"l":"d","gn":6,"t":76},"geometry":{"type":"Point","coordinates":[414868.4,5657787.2]}},{"type":"Feature","properties":{"h":10.0,"d":6.0,"a":0,"l":"d","gn":3,"t":18},"geometry":{"type":"Point","coordinates":[414869.2,5656010.9]}},{"type":"Feature","properties":{"h":14.0,"d":7.0,"a":0,"l":"d","gn":14,"t":34},"geometry":{"type":"Point","coordinates":[414869.5,5657136.4]}},{"type":"Feature","properties":{"h":18.0,"d":11.0,"a":0,"l":"d","gn":1,"t":50},"geometry":{"type":"Point","coordinates":[414869.7,5656488.2]}},{"type":"Feature","properties":{"h":17.0,"d":10.0,"a":0,"l":"d","gn":3,"t":42},"geometry":{"type":"Point","coordinates":[414869.7,5656119.2]}},{"type":"Feature","properties":{"h":20.0,"d":11.4,"a":0,"l":"d","s":"osm","f":1},"geometry":{"type":"Point","coordinates":[414871.2,5657516.5]}},{"type":"Feature","properties":{"h":20.0,"d":11.4,"a":0,"l":"d","s":"osm"},"geometry":{"type":"Point","coordinates":[414873.5,5657788.4]}},{"type":"Feature","properties":{"h":8.0,"d":5.0,"a":0,"l":"d","gn":3,"t":16},"geometry":{"type":"Point","coordinates":[414875.0,5656016.7]}},{"type":"Feature","properties":{"h":18.0,"d":15.0,"a":0,"l":"d","gn":14,"t":55},"geometry":{"type":"Point","coordinates":[414875.4,5656574.1]}},{"type":"Feature","properties":{"h":17.0,"d":9.0,"a":0,"l":"d","gn":3,"t":40},"geometry":{"type":"Point","coordinates":[414875.8,5656127.0]}},{"type":"Feature","properties":{"h":16.0,"d":11.0,"a":0,"l":"d","gn":9,"t":45},"geometry":{"type":"Point","coordinates":[414876.5,5657239.2]}},{"type":"Feature","properties":{"h":11.0,"d":7.0,"a":0,"l":"d","gn":3,"t":28},"geometry":{"type":"Point","coordinates":[414878.2,5656004.0]}},{"type":"Feature","properties":{"h":20.0,"d":11.4,"a":0,"l":"d","s":"osm"},"geometry":{"type":"Point","coordinates":[414879.0,5657788.0]}},{"type":"Feature","properties":{"h":20.0,"d":11.4,"a":0,"l":"d","s":"osm"},"geometry":{"type":"Point","coordinates":[414881.2,5657237.0]}},{"type":"Feature","properties":{"h":20.0,"d":11.4,"a":0,"l":"d","s":"osm"},"geometry":{"type":"Point","coordinates":[414881.3,5657184.4]}},{"type":"Feature","properties":{"h":16.0,"d":10.0,"a":0,"l":"d","gn":9,"t":43},"geometry":{"type":"Point","coordinates":[414884.7,5657236.0]}},{"type":"Feature","properties":{"h":20.0,"d":11.4,"a":0,"l":"d","s":"osm","f":1},"geometry":{"type":"Point","coordinates":[414885.9,5657512.0]}},{"type":"Feature","properties":{"h":14.0,"d":6.0,"a":0,"l":"d","gn":5,"t":26},"geometry":{"type":"Point","coordinates":[414885.9,5656513.5]}},{"type":"Feature","properties":{"h":12.0,"d":8.0,"a":0,"l":"d","gn":5,"t":21},"geometry":{"type":"Point","coordinates":[414885.9,5656520.0]}},{"type":"Feature","properties":{"h":12.0,"d":9.0,"a":0,"l":"d","gn":5,"t":25},"geometry":{"type":"Point","coordinates":[414886.2,5656526.4]}},{"type":"Feature","properties":{"h":15.0,"d":10.0,"a":0,"l":"d","gn":5,"t":32},"geometry":{"type":"Point","coordinates":[414886.6,5656540.1]}},{"type":"Feature","properties":{"h":10.0,"d":5.0,"a":0,"l":"d","gn":3,"t":24},"geometry":{"type":"Point","coordinates":[414886.7,5656007.6]}},{"type":"Feature","properties":{"h":15.0,"d":16.0,"a":0,"l":"d","gn":5,"t":45},"geometry":{"type":"Point","coordinates":[414886.8,5656552.7]}},{"type":"Feature","properties":{"h":12.0,"d":8.0,"a":1,"l":"d","gn":3,"t":25},"geometry":{"type":"Point","coordinates":[414888.2,5656588.8]}},{"type":"Feature","properties":{"h":13.0,"d":8.0,"a":0,"l":"d","gn":14,"t":32},"geometry":{"type":"Point","coordinates":[414888.7,5657138.4]}},{"type":"Feature","properties":{"h":5.0,"d":1.0,"a":1,"l":"d","gn":3,"t":6},"geometry":{"type":"Point","coordinates":[414888.8,5656602.1]}},{"type":"Feature","properties":{"h":10.0,"d":5.0,"a":1,"l":"d","gn":3,"t":18},"geometry":{"type":"Point","coordinates":[414889.5,5656645.3]}},{"type":"Feature","properties":{"h":20.0,"d":11.4,"a":0,"l":"d","s":"osm"},"geometry":{"type":"Point","coordinates":[414889.7,5657135.2]}},{"type":"Feature","properties":{"h":10.0,"d":5.0,"a":1,"l":"d","gn":3,"t":16},"geometry":{"type":"Point","coordinates":[414889.8,5656654.7]}},{"type":"Feature","properties":{"h":10.0,"d":5.0,"a":1,"l":"d","gn":3,"t":20},"geometry":{"type":"Point","coordinates":[414890.7,5656685.2]}},{"type":"Feature","properties":{"h":10.0,"d":6.0,"a":1,"l":"d","gn":3,"t":19},"geometry":{"type":"Point","coordinates":[414890.8,5656693.7]}},{"type":"Feature","properties":{"h":10.0,"d":6.0,"a":1,"l":"d","gn":3,"t":29},"geometry":{"type":"Point","coordinates":[414891.2,5656706.3]}},{"type":"Feature","properties":{"h":8.0,"d":5.0,"a":1,"l":"d","gn":3,"t":24},"geometry":{"type":"Point","coordinates":[414891.2,5656713.2]}},{"type":"Feature","properties":{"h":7.0,"d":5.0,"a":1,"l":"d","gn":3,"t":19},"geometry":{"type":"Point","coordinates":[414891.8,5656727.1]}},{"type":"Feature","properties":{"h":8.0,"d":6.0,"a":1,"l":"d","gn":3,"t":21},"geometry":{"type":"Point","coordinates":[414891.9,5656734.2]}},{"type":"Feature","properties":{"h":7.0,"d":4.0,"a":1,"l":"d","gn":3,"t":19},"geometry":{"type":"Point","coordinates":[414892.3,5656746.6]}},{"type":"Feature","properties":{"h":9.0,"d":5.0,"a":0,"l":"d","gn":3,"t":21},"geometry":{"type":"Point","coordinates":[414892.3,5656003.3]}},{"type":"Feature","properties":{"h":5.0,"d":1.0,"a":1,"l":"d","gn":3,"t":6},"geometry":{"type":"Point","coordinates":[414892.6,5656754.4]}},{"type":"Feature","properties":{"h":7.0,"d":4.0,"a":1,"l":"d","gn":3,"t":14},"geometry":{"type":"Point","coordinates":[414893.0,5656774.5]}},{"type":"Feature","properties":{"h":8.0,"d":5.0,"a":1,"l":"d","gn":3,"t":13},"geometry":{"type":"Point","coordinates":[414893.0,5656781.5]}},{"type":"Feature","properties":{"h":9.0,"d":6.0,"a":1,"l":"d","gn":3,"t":20},"geometry":{"type":"Point","coordinates":[414893.1,5656788.2]}},{"type":"Feature","properties":{"h":15.0,"d":10.0,"a":0,"l":"d","gn":9,"t":44},"geometry":{"type":"Point","coordinates":[414893.4,5657232.9]}},{"type":"Feature","properties":{"h":10.0,"d":6.0,"a":1,"l":"d","gn":3,"t":23},"geometry":{"type":"Point","coordinates":[414893.5,5656795.2]}},{"type":"Feature","properties":{"h":8.0,"d":5.0,"a":1,"l":"d","gn":3,"t":21},"geometry":{"type":"Point","coordinates":[414893.7,5656808.2]}},{"type":"Feature","properties":{"h":7.0,"d":5.0,"a":1,"l":"d","gn":3,"t":15},"geometry":{"type":"Point","coordinates":[414894.0,5656814.0]}},{"type":"Feature","properties":{"h":10.0,"d":6.0,"a":1,"l":"d","gn":3,"t":22},"geometry":{"type":"Point","coordinates":[414894.1,5656822.1]}},{"type":"Feature","properties":{"h":10.0,"d":6.0,"a":1,"l":"d","gn":3,"t":20},"geometry":{"type":"Point","coordinates":[414894.1,5656827.7]}},{"type":"Feature","properties":{"h":11.0,"d":7.0,"a":1,"l":"d","gn":3,"t":23},"geometry":{"type":"Point","coordinates":[414894.9,5656858.8]}},{"type":"Feature","properties":{"h":5.0,"d":1.0,"a":1,"l":"d","gn":3,"t":6},"geometry":{"type":"Point","coordinates":[414895.1,5656853.5]}},{"type":"Feature","properties":{"h":11.0,"d":6.0,"a":1,"l":"d","gn":3,"t":20},"geometry":{"type":"Point","coordinates":[414896.3,5656885.3]}},{"type":"Feature","properties":{"h":11.0,"d":6.0,"a":1,"l":"d","gn":3,"t":19},"geometry":{"type":"Point","coordinates":[414897.3,5656893.7]}},{"type":"Feature","properties":{"h":11.0,"d":6.0,"a":1,"l":"d","gn":3,"t":19},"geometry":{"type":"Point","coordinates":[414898.2,5656901.0]}},{"type":"Feature","properties":{"h":14.0,"d":10.0,"a":0,"l":"d","gn":14,"t":37},"geometry":{"type":"Point","coordinates":[414900.0,5657139.8]}},{"type":"Feature","properties":{"h":11.0,"d":6.0,"a":1,"l":"d","gn":3,"t":18},"geometry":{"type":"Point","coordinates":[414900.2,5656918.3]}},{"type":"Feature","properties":{"h":9.0,"d":9.0,"a":0,"l":"d","gn":3,"t":22},"geometry":{"type":"Point","coordinates":[414900.3,5656512.9]}},{"type":"Feature","properties":{"h":8.0,"d":7.0,"a":0,"l":"d","gn":3,"t":19},"geometry":{"type":"Point","coordinates":[414900.8,5656522.7]}},{"type":"Feature","properties":{"h":15.0,"d":10.0,"a":0,"l":"d","gn":3,"t":29},"geometry":{"type":"Point","coordinates":[414900.9,5656530.7]}},{"type":"Feature","properties":{"h":15.0,"d":8.0,"a":0,"l":"d","gn":3,"t":24},"geometry":{"type":"Point","coordinates":[414901.2,5656538.6]}},{"type":"Feature","properties":{"h":11.0,"d":6.0,"a":1,"l":"d","gn":3,"t":21},"geometry":{"type":"Point","coordinates":[414901.3,5656925.6]}},{"type":"Feature","properties":{"h":9.0,"d":8.0,"a":0,"l":"d","gn":14,"t":27},"geometry":{"type":"Point","coordinates":[414901.4,5657126.0]}},{"type":"Feature","properties":{"h":20.0,"d":11.4,"a":0,"l":"d","s":"osm"},"geometry":{"type":"Point","coordinates":[414902.0,5657136.8]}},{"type":"Feature","properties":{"h":4.5,"d":1.9,"a":5,"l":"d","gn":17,"t":8},"geometry":{"type":"Point","coordinates":[414903.2,5656508.9]}},{"type":"Feature","properties":{"h":6.0,"d":2.1,"a":5,"l":"d","gn":17,"t":8},"geometry":{"type":"Point","coordinates":[414903.2,5656515.1]}},{"type":"Feature","properties":{"h":5.0,"d":1.9,"a":5,"l":"d","gn":17,"t":7},"geometry":{"type":"Point","coordinates":[414903.3,5656527.5]}},{"type":"Feature","properties":{"h":5.5,"d":1.9,"a":5,"l":"d","gn":17,"t":8},"geometry":{"type":"Point","coordinates":[414903.3,5656521.5]}},{"type":"Feature","properties":{"h":5.0,"d":1.0,"a":1,"l":"d","gn":3,"t":6},"geometry":{"type":"Point","coordinates":[414903.5,5656944.0]}},{"type":"Feature","properties":{"h":11.0,"d":7.0,"a":1,"l":"d","gn":3,"t":26},"geometry":{"type":"Point","coordinates":[414904.5,5656953.0]}},{"type":"Feature","properties":{"h":20.0,"d":11.4,"a":0,"l":"d","s":"osm"},"geometry":{"type":"Point","coordinates":[414905.5,5657215.1]}},{"type":"Feature","properties":{"h":11.0,"d":5.0,"a":1,"l":"d","gn":3,"t":18},"geometry":{"type":"Point","coordinates":[414905.6,5656962.0]}},{"type":"Feature","properties":{"h":18.0,"d":9.0,"a":0,"l":"d","gn":1,"t":35},"geometry":{"type":"Point","coordinates":[414906.0,5656546.6]}},{"type":"Feature","properties":{"h":9.0,"d":5.0,"a":1,"l":"d","gn":3,"t":16},"geometry":{"type":"Point","coordinates":[414906.8,5656971.7]}},{"type":"Feature","properties":{"h":9.0,"d":4.0,"a":1,"l":"d","gn":3,"t":15},"geometry":{"type":"Point","coordinates":[414908.8,5656987.5]}},{"type":"Feature","properties":{"h":15.0,"d":10.0,"a":0,"l":"d","gn":4,"t":27},"geometry":{"type":"Point","coordinates":[414909.3,5656533.4]}},{"type":"Feature","properties":{"h":5.0,"d":1.0,"a":1,"l":"d","gn":3,"t":6},"geometry":{"type":"Point","coordinates":[414910.3,5656998.0]}},{"type":"Feature","properties":{"h":8.0,"d":5.0,"a":1,"l":"d","gn":3,"t":19},"geometry":{"type":"Point","coordinates":[414913.2,5657024.4]}},{"type":"Feature","properties":{"h":20.0,"d":5.0,"a":2,"l":"d","gn":4,"t":33},"geometry":{"type":"Point","coordinates":[414914.4,5656537.2]}},{"type":"Feature","properties":{"h":7.0,"d":4.0,"a":1,"l":"d","gn":3,"t":14},"geometry":{"type":"Point","coordinates":[414914.8,5657037.9]}},{"type":"Feature","properties":{"h":14.0,"d":7.0,"a":0,"l":"d","gn":20,"t":26},"geometry":{"type":"Point","coordinates":[414916.0,5656173.5]}},{"type":"Feature","properties":{"h":17.0,"d":13.0,"a":0,"l":"d","gn":10,"t":52},"geometry":{"type":"Point","coordinates":[414916.3,5656175.4]}},{"type":"Feature","properties":{"h":9.0,"d":5.0,"a":1,"l":"d","gn":3,"t":28},"geometry":{"type":"Point","coordinates":[414916.5,5657051.8]}},{"type":"Feature","properties":{"h":20.0,"d":15.0,"a":0,"l":"d","gn":20,"t":56},"geometry":{"type":"Point","coordinates":[414916.5,5656173.8]}},{"type":"Feature","properties":{"h":15.0,"d":12.0,"a":0,"l":"d","gn":1,"t":32},"geometry":{"type":"Point","coordinates":[414918.8,5656545.9]}},{"type":"Feature","properties":{"h":20.0,"d":11.4,"a":0,"l":"d","s":"osm","f":1},"geometry":{"type":"Point","coordinates":[414919.6,5657501.4]}},{"type":"Feature","properties":{"h":12.0,"d":3.0,"a":2,"l":"d","gn":4,"t":14},"geometry":{"type":"Point","coordinates":[414926.0,5656538.9]}},{"type":"Feature","properties":{"h":8.0,"d":3.0,"a":0,"l":"d","gn":21,"t":10},"geometry":{"type":"Point","coordinates":[414930.5,5656159.8]}},{"type":"Feature","properties":{"h":8.0,"d":4.0,"a":0,"l":"d","gn":21,"t":15},"geometry":{"type":"Point","coordinates":[414931.4,5656159.3]}},{"type":"Feature","properties":{"h":10.0,"d":4.0,"a":0,"l":"d","gn":21,"t":13},"geometry":{"type":"Point","coordinates":[414931.9,5656160.2]}},{"type":"Feature","properties":{"h":6.0,"d":4.0,"a":0,"l":"d","gn":7,"t":11},"geometry":{"type":"Point","coordinates":[414932.4,5656168.7]}},{"type":"Feature","properties":{"h":18.0,"d":21.0,"a":0,"l":"d","gn":4,"t":64},"geometry":{"type":"Point","coordinates":[414932.6,5656536.1]}},{"type":"Feature","properties":{"h":24.0,"d":12.0,"a":0,"l":"d","gn":7,"t":103},"geometry":{"type":"Point","coordinates":[414933.7,5656009.6]}},{"type":"Feature","properties":{"h":20.0,"d":11.4,"a":0,"l":"d","s":"osm","f":1},"geometry":{"type":"Point","coordinates":[414934.4,5657501.4]}},{"type":"Feature","properties":{"h":16.0,"d":6.0,"a":1,"l":"d","gn":16,"t":25},"geometry":{"type":"Point","coordinates":[414934.8,5656544.3]}},{"type":"Feature","properties":{"h":17.0,"d":9.0,"a":0,"l":"d","gn":3,"t":39},"geometry":{"type":"Point","coordinates":[414937.1,5656001.2]}},{"type":"Feature","properties":{"h":13.0,"d":12.0,"a":0,"l":"d","gn":7,"t":48},"geometry":{"type":"Point","coordinates":[414937.4,5656164.1]}},{"type":"Feature","properties":{"h":9.0,"d":9.0,"a":0,"l":"d","gn":15,"t":27},"geometry":{"type":"Point","coordinates":[414937.5,5656147.2]}},{"type":"Feature","properties":{"h":13.0,"d":10.0,"a":0,"l":"d","gn":1,"t":40},"geometry":{"type":"Point","coordinates":[414938.2,5656157.2]}},{"type":"Feature","properties":{"h":16.0,"d":15.0,"a":0,"l":"d","gn":20,"t":88},"geometry":{"type":"Point","coordinates":[414939.1,5656199.3]}},{"type":"Feature","properties":{"h":5.0,"d":1.9,"a":5,"l":"d","gn":17,"t":7},"geometry":{"type":"Point","coordinates":[414939.6,5656533.2]}},{"type":"Feature","properties":{"h":13.0,"d":10.0,"a":0,"l":"d","gn":1,"t":40},"geometry":{"type":"Point","coordinates":[414939.7,5656142.8]}},{"type":"Feature","properties":{"h":18.0,"d":10.0,"a":0,"l":"d","gn":3,"t":49},"geometry":{"type":"Point","coordinates":[414939.8,5656498.7]}},{"type":"Feature","properties":{"h":8.0,"d":10.0,"a":1,"l":"d","gn":11,"t":27},"geometry":{"type":"Point","coordinates":[414940.3,5656147.4]}},{"type":"Feature","properties":{"h":20.0,"d":11.4,"a":0,"l":"d","s":"osm"},"geometry":{"type":"Point","coordinates":[414940.7,5657238.7]}},{"type":"Feature","properties":{"h":5.5,"d":1.8,"a":5,"l":"d","gn":17,"t":8},"geometry":{"type":"Point","coordinates":[414941.3,5656527.3]}},{"type":"Feature","properties":{"h":5.0,"d":1.8,"a":5,"l":"d","gn":17,"t":7},"geometry":{"type":"Point","coordinates":[414943.2,5656521.2]}},{"type":"Feature","properties":{"h":5.0,"d":1.5,"a":5,"l":"d","gn":17,"t":7},"geometry":{"type":"Point","coordinates":[414945.1,5656515.2]}},{"type":"Feature","properties":{"h":20.0,"d":11.4,"a":0,"l":"d","s":"osm"},"geometry":{"type":"Point","coordinates":[414945.1,5657203.7]}},{"type":"Feature","properties":{"h":13.0,"d":10.0,"a":0,"l":"d","gn":3,"t":38},"geometry":{"type":"Point","coordinates":[414945.3,5656160.5]}},{"type":"Feature","properties":{"h":16.0,"d":11.0,"a":0,"l":"d","gn":20,"t":61},"geometry":{"type":"Point","coordinates":[414945.6,5656201.9]}},{"type":"Feature","properties":{"h":10.0,"d":7.0,"a":1,"l":"d","gn":11,"t":21},"geometry":{"type":"Point","coordinates":[414947.8,5656138.3]}},{"type":"Feature","properties":{"h":9.0,"d":5.0,"a":1,"l":"d","gn":11,"t":33},"geometry":{"type":"Point","coordinates":[414948.2,5656137.9]}},{"type":"Feature","properties":{"h":17.0,"d":7.0,"a":1,"l":"d","gn":16,"t":29},"geometry":{"type":"Point","coordinates":[414949.7,5656140.7]}},{"type":"Feature","properties":{"h":14.0,"d":6.0,"a":1,"l":"d","gn":16,"t":23},"geometry":{"type":"Point","coordinates":[414950.1,5656142.7]}},{"type":"Feature","properties":{"h":14.0,"d":5.0,"a":1,"l":"d","gn":16,"t":22},"geometry":{"type":"Point","coordinates":[414950.4,5656143.8]}},{"type":"Feature","properties":{"h":20.0,"d":11.4,"a":0,"l":"d","s":"osm","f":1},"geometry":{"type":"Point","coordinates":[414950.9,5657499.9]}},{"type":"Feature","properties":{"h":18.0,"d":16.0,"a":0,"l":"d","gn":9,"t":78},"geometry":{"type":"Point","coordinates":[414951.0,5656544.9]}},{"type":"Feature","properties":{"h":9.0,"d":6.0,"a":5,"l":"d","gn":8,"t":19},"geometry":{"type":"Point","coordinates":[414951.4,5656143.0]}},{"type":"Feature","properties":{"h":5.0,"d":6.0,"a":5,"l":"d","gn":8,"t":30},"geometry":{"type":"Point","coordinates":[414951.9,5656202.0]}},{"type":"Feature","properties":{"h":11.0,"d":7.0,"a":0,"l":"d","gn":3,"t":44},"geometry":{"type":"Point","coordinates":[414952.1,5656495.5]}},{"type":"Feature","properties":{"h":8.0,"d":3.0,"a":0,"l":"d","gn":15,"t":11},"geometry":{"type":"Point","coordinates":[414952.1,5656219.2]}},{"type":"Feature","properties":{"h":6.0,"d":5.0,"a":5,"l":"d","gn":8,"t":15},"geometry":{"type":"Point","coordinates":[414953.3,5656145.4]}},{"type":"Feature","properties":{"h":15.0,"d":6.0,"a":1,"l":"d","gn":16,"t":29},"geometry":{"type":"Point","coordinates":[414954.3,5656149.1]}},{"type":"Feature","properties":{"h":9.0,"d":7.0,"a":5,"l":"d","gn":8,"t":36},"geometry":{"type":"Point","coordinates":[414954.4,5656216.1]}},{"type":"Feature","properties":{"h":19.0,"d":12.0,"a":0,"l":"d","gn":1,"t":56},"geometry":{"type":"Point","coordinates":[414954.9,5656037.6]}},{"type":"Feature","properties":{"h":9.0,"d":7.0,"a":5,"l":"d","gn":8,"t":59},"geometry":{"type":"Point","coordinates":[414955.0,5656227.0]}},{"type":"Feature","properties":{"h":13.0,"d":9.0,"a":0,"l":"d","gn":1,"t":32},"geometry":{"type":"Point","coordinates":[414955.5,5656133.4]}},{"type":"Feature","properties":{"h":4.0,"d":5.0,"a":5,"l":"d","gn":8,"t":29},"geometry":{"type":"Point","coordinates":[414955.8,5656208.2]}},{"type":"Feature","properties":{"h":14.0,"d":7.0,"a":1,"l":"d","gn":16,"t":26},"geometry":{"type":"Point","coordinates":[414956.3,5656149.8]}},{"type":"Feature","properties":{"h":17.0,"d":8.0,"a":1,"l":"d","gn":16,"t":37},"geometry":{"type":"Point","coordinates":[414956.3,5656137.4]}},{"type":"Feature","properties":{"h":13.0,"d":9.0,"a":0,"l":"d","gn":1,"t":40},"geometry":{"type":"Point","coordinates":[414956.4,5656223.2]}},{"type":"Feature","properties":{"h":16.0,"d":13.0,"a":0,"l":"d","gn":20,"t":46},"geometry":{"type":"Point","coordinates":[414960.5,5656127.6]}},{"type":"Feature","properties":{"h":5.0,"d":6.0,"a":5,"l":"d","gn":8,"t":29},"geometry":{"type":"Point","coordinates":[414962.2,5656203.2]}},{"type":"Feature","properties":{"h":7.0,"d":5.0,"a":5,"l":"d","gn":24,"t":13},"geometry":{"type":"Point","coordinates":[414963.9,5656208.4]}},{"type":"Feature","properties":{"h":13.0,"d":9.0,"a":0,"l":"d","gn":1,"t":39},"geometry":{"type":"Point","coordinates":[414964.3,5656219.4]}},{"type":"Feature","properties":{"h":9.0,"d":5.1,"a":0,"l":"d","gn":6,"t":16},"geometry":{"type":"Point","coordinates":[414964.7,5656189.9]}},{"type":"Feature","properties":{"h":5.0,"d":4.0,"a":5,"l":"d","gn":17,"t":12},"geometry":{"type":"Point","coordinates":[414965.0,5656146.0]}},{"type":"Feature","properties":{"h":16.0,"d":11.0,"a":0,"l":"d","gn":1,"t":47},"geometry":{"type":"Point","coordinates":[414966.3,5656039.4]}},{"type":"Feature","properties":{"h":7.0,"d":5.0,"a":5,"l":"d","gn":8,"t":14},"geometry":{"type":"Point","coordinates":[414967.0,5656151.6]}},{"type":"Feature","properties":{"h":15.0,"d":11.0,"a":0,"l":"d","gn":1,"t":47},"geometry":{"type":"Point","coordinates":[414967.2,5656215.4]}},{"type":"Feature","properties":{"h":12.0,"d":6.0,"a":0,"l":"d","gn":1,"t":19},"geometry":{"type":"Point","coordinates":[414967.9,5656129.7]}},{"type":"Feature","properties":{"h":20.0,"d":12.0,"a":0,"l":"d","gn":3,"t":49},"geometry":{"type":"Point","coordinates":[414968.2,5656055.4]}},{"type":"Feature","properties":{"h":12.0,"d":6.0,"a":0,"l":"d","gn":1,"t":28},"geometry":{"type":"Point","coordinates":[414969.0,5656131.2]}},{"type":"Feature","properties":{"h":8.0,"d":8.0,"a":5,"l":"d","gn":17,"t":15},"geometry":{"type":"Point","coordinates":[414969.5,5656146.2]}},{"type":"Feature","properties":{"h":8.0,"d":5.0,"a":0,"l":"d","gn":1,"t":24},"geometry":{"type":"Point","coordinates":[414970.2,5656135.8]}},{"type":"Feature","properties":{"h":11.0,"d":5.0,"a":0,"l":"d","gn":1,"t":15},"geometry":{"type":"Point","coordinates":[414970.5,5656136.2]}},{"type":"Feature","properties":{"h":22.0,"d":27.0,"a":0,"l":"d","gn":4,"t":98},"geometry":{"type":"Point","coordinates":[414971.2,5656518.5]}},{"type":"Feature","properties":{"h":5.0,"d":4.0,"a":5,"l":"d","gn":8,"t":12},"geometry":{"type":"Point","coordinates":[414971.7,5656151.1]}},{"type":"Feature","properties":{"h":13.0,"d":6.0,"a":0,"l":"d","gn":1,"t":38},"geometry":{"type":"Point","coordinates":[414971.8,5656134.1]}},{"type":"Feature","properties":{"h":6.0,"d":4.0,"a":5,"l":"d","gn":17,"t":10},"geometry":{"type":"Point","coordinates":[414972.0,5656143.1]}},{"type":"Feature","properties":{"h":7.0,"d":7.0,"a":0,"l":"d","gn":21,"t":19},"geometry":{"type":"Point","coordinates":[414972.1,5656198.9]}},{"type":"Feature","properties":{"h":7.0,"d":4.0,"a":5,"l":"d","gn":8,"t":15},"geometry":{"type":"Point","coordinates":[414972.3,5656155.8]}},{"type":"Feature","properties":{"h":10.0,"d":10.0,"a":0,"l":"d","gn":21,"t":38},"geometry":{"type":"Point","coordinates":[414972.6,5656200.3]}},{"type":"Feature","properties":{"h":6.0,"d":6.0,"a":0,"l":"d","gn":26,"t":17},"geometry":{"type":"Point","coordinates":[414972.7,5656182.8]}},{"type":"Feature","properties":{"h":4.0,"d":4.0,"a":0,"l":"d","gn":21,"t":18},"geometry":{"type":"Point","coordinates":[414972.9,5656198.3]}},{"type":"Feature","properties":{"h":13.0,"d":5.0,"a":0,"l":"d","gn":1,"t":22},"geometry":{"type":"Point","coordinates":[414973.2,5656136.0]}},{"type":"Feature","properties":{"h":9.0,"d":5.0,"a":0,"l":"d","gn":21,"t":16},"geometry":{"type":"Point","coordinates":[414973.4,5656200.3]}},{"type":"Feature","properties":{"h":8.0,"d":7.0,"a":0,"l":"d","gn":21,"t":18},"geometry":{"type":"Point","coordinates":[414974.2,5656199.3]}},{"type":"Feature","properties":{"h":8.0,"d":6.0,"a":0,"l":"d","gn":21,"t":18},"geometry":{"type":"Point","coordinates":[414974.4,5656198.6]}},{"type":"Feature","properties":{"h":6.0,"d":2.0,"a":0,"l":"d","gn":1,"t":6},"geometry":{"type":"Point","coordinates":[414975.3,5656212.2]}},{"type":"Feature","properties":{"h":5.0,"d":3.0,"a":5,"l":"d","gn":28,"t":11},"geometry":{"type":"Point","coordinates":[414975.7,5656154.5]}},{"type":"Feature","properties":{"h":5.0,"d":2.0,"a":5,"l":"d","gn":8,"t":6},"geometry":{"type":"Point","coordinates":[414976.0,5656162.3]}},{"type":"Feature","properties":{"h":5.0,"d":3.0,"a":5,"l":"d","gn":8,"t":11},"geometry":{"type":"Point","coordinates":[414976.3,5656158.0]}},{"type":"Feature","properties":{"h":5.0,"d":5.0,"a":5,"l":"d","gn":17,"t":14},"geometry":{"type":"Point","coordinates":[414981.0,5656170.9]}},{"type":"Feature","properties":{"h":21.0,"d":10.0,"a":0,"l":"d","gn":7,"t":67},"geometry":{"type":"Point","coordinates":[414983.0,5656062.2]}},{"type":"Feature","properties":{"h":20.0,"d":11.4,"a":0,"l":"d","s":"osm"},"geometry":{"type":"Point","coordinates":[414984.2,5657227.7]}},{"type":"Feature","properties":{"h":8.0,"d":4.8,"a":5,"l":"d","gn":8},"geometry":{"type":"Point","coordinates":[414985.3,5656145.1]}},{"type":"Feature","properties":{"h":16.0,"d":12.0,"a":0,"l":"d","gn":3,"t":85},"geometry":{"type":"Point","coordinates":[414985.3,5656194.2]}},{"type":"Feature","properties":{"h":8.0,"d":4.8,"a":5,"l":"d","gn":8},"geometry":{"type":"Point","coordinates":[414985.9,5656147.9]}},{"type":"Feature","properties":{"h":17.0,"d":12.0,"a":0,"l":"d","gn":9,"t":49},"geometry":{"type":"Point","coordinates":[414986.3,5657204.8]}},{"type":"Feature","properties":{"h":9.0,"d":5.4,"a":5,"l":"d","gn":8,"t":11},"geometry":{"type":"Point","coordinates":[414987.4,5656144.4]}},{"type":"Feature","properties":{"h":18.0,"d":10.0,"a":0,"l":"d","gn":3,"t":49},"geometry":{"type":"Point","coordinates":[414988.0,5656081.3]}},{"type":"Feature","properties":{"h":14.0,"d":7.0,"a":1,"l":"d","gn":16},"geometry":{"type":"Point","coordinates":[414988.1,5656142.1]}},{"type":"Feature","properties":{"h":18.0,"d":16.0,"a":0,"l":"d","gn":4,"t":65},"geometry":{"type":"Point","coordinates":[414990.4,5656154.0]}},{"type":"Feature","properties":{"h":8.0,"d":7.0,"a":0,"l":"d","gn":1,"t":86},"geometry":{"type":"Point","coordinates":[414990.4,5656169.7]}},{"type":"Feature","properties":{"h":8.0,"d":1.5,"a":5,"l":"d","gn":8,"t":10},"geometry":{"type":"Point","coordinates":[414991.2,5656142.4]}},{"type":"Feature","properties":{"h":13.0,"d":3.5,"a":1,"l":"d","gn":16,"t":12},"geometry":{"type":"Point","coordinates":[414991.4,5656145.2]}},{"type":"Feature","properties":{"h":11.0,"d":6.0,"a":0,"l":"d","gn":1,"t":18},"geometry":{"type":"Point","coordinates":[414991.8,5656139.6]}},{"type":"Feature","properties":{"h":13.0,"d":7.0,"a":0,"l":"d","gn":1,"t":29},"geometry":{"type":"Point","coordinates":[414993.4,5656161.7]}},{"type":"Feature","properties":{"h":10.0,"d":6.0,"a":0,"l":"d","gn":1,"t":14},"geometry":{"type":"Point","coordinates":[414994.1,5656140.2]}},{"type":"Feature","properties":{"h":20.0,"d":11.0,"a":0,"l":"d","gn":7,"t":79},"geometry":{"type":"Point","coordinates":[414994.3,5656076.7]}},{"type":"Feature","properties":{"h":12.0,"d":2.0,"a":1,"l":"d","gn":16,"t":11},"geometry":{"type":"Point","coordinates":[414994.3,5656144.0]}},{"type":"Feature","properties":{"h":14.0,"d":5.0,"a":0,"l":"d","gn":1,"t":17},"geometry":{"type":"Point","coordinates":[414994.5,5656163.7]}},{"type":"Feature","properties":{"h":14.0,"d":5.0,"a":1,"l":"d","gn":16,"t":15},"geometry":{"type":"Point","coordinates":[414996.4,5656140.5]}},{"type":"Feature","properties":{"h":12.0,"d":5.5,"a":1,"l":"d","gn":16,"t":10},"geometry":{"type":"Point","coordinates":[414996.7,5656142.7]}},{"type":"Feature","properties":{"h":6.0,"d":3.0,"a":0,"l":"d","gn":1,"t":10},"geometry":{"type":"Point","coordinates":[414996.9,5656190.4]}},{"type":"Feature","properties":{"h":10.0,"d":5.5,"a":0,"l":"d","gn":1,"t":18},"geometry":{"type":"Point","coordinates":[414997.9,5656137.6]}},{"type":"Feature","properties":{"h":12.0,"d":3.5,"a":1,"l":"d","gn":16,"t":11},"geometry":{"type":"Point","coordinates":[414998.4,5656141.0]}},{"type":"Feature","properties":{"h":9.0,"d":4.0,"a":0,"l":"d","gn":1,"t":13},"geometry":{"type":"Point","coordinates":[415000.4,5656167.4]}},{"type":"Feature","properties":{"h":14.0,"d":7.0,"a":1,"l":"d","gn":16},"geometry":{"type":"Point","coordinates":[415002.8,5656132.3]}},{"type":"Feature","properties":{"h":16.0,"d":11.0,"a":0,"l":"d","gn":9,"t":51},"geometry":{"type":"Point","coordinates":[415003.3,5657201.9]}},{"type":"Feature","properties":{"h":14.0,"d":9.0,"a":0,"l":"d","gn":6,"t":35},"geometry":{"type":"Point","coordinates":[415003.4,5656170.4]}},{"type":"Feature","properties":{"h":10.0,"d":8.0,"a":0,"l":"d","gn":1,"t":37},"geometry":{"type":"Point","coordinates":[415003.5,5656201.0]}},{"type":"Feature","properties":{"h":16.0,"d":14.0,"a":0,"l":"d","gn":1,"t":133},"geometry":{"type":"Point","coordinates":[415003.6,5656194.8]}},{"type":"Feature","properties":{"h":23.0,"d":14.0,"a":0,"l":"d","gn":1,"t":66},"geometry":{"type":"Point","coordinates":[415003.8,5656155.7]}},{"type":"Feature","properties":{"h":12.0,"d":2.5,"a":1,"l":"d","gn":16,"t":9},"geometry":{"type":"Point","coordinates":[415004.5,5656130.4]}},{"type":"Feature","properties":{"h":17.0,"d":11.0,"a":0,"l":"d","gn":10,"t":32},"geometry":{"type":"Point","coordinates":[415006.8,5656206.4]}},{"type":"Feature","properties":{"h":7.0,"d":4.0,"a":1,"l":"d","gn":16,"t":10},"geometry":{"type":"Point","coordinates":[415007.9,5656192.5]}},{"type":"Feature","properties":{"h":12.0,"d":2.5,"a":1,"l":"d","gn":16,"t":10},"geometry":{"type":"Point","coordinates":[415007.9,5656130.5]}},{"type":"Feature","properties":{"h":12.0,"d":8.5,"a":0,"l":"d","gn":5,"t":26},"geometry":{"type":"Point","coordinates":[415008.4,5656132.3]}},{"type":"Feature","properties":{"h":19.0,"d":11.0,"a":0,"l":"d","gn":3,"t":54},"geometry":{"type":"Point","coordinates":[415010.3,5656262.1]}},{"type":"Feature","properties":{"h":19.0,"d":6.0,"a":0,"l":"d","gn":10,"t":24},"geometry":{"type":"Point","coordinates":[415010.3,5656209.3]}},{"type":"Feature","properties":{"h":20.0,"d":7.0,"a":0,"l":"d","gn":1,"t":36},"geometry":{"type":"Point","coordinates":[415010.4,5656125.4]}},{"type":"Feature","properties":{"h":17.0,"d":11.0,"a":0,"l":"d","gn":1,"t":52},"geometry":{"type":"Point","coordinates":[415010.6,5656111.1]}},{"type":"Feature","properties":{"h":18.0,"d":6.5,"a":0,"l":"d","gn":10,"t":24},"geometry":{"type":"Point","coordinates":[415011.4,5656213.3]}},{"type":"Feature","properties":{"h":19.0,"d":7.0,"a":0,"l":"d","gn":1,"t":30},"geometry":{"type":"Point","coordinates":[415011.9,5656124.0]}},{"type":"Feature","properties":{"h":10.0,"d":5.0,"a":0,"l":"d","gn":1,"t":14},"geometry":{"type":"Point","coordinates":[415012.4,5656205.8]}},{"type":"Feature","properties":{"h":5.0,"d":1.0,"a":1,"l":"d","gn":28,"t":9},"geometry":{"type":"Point","coordinates":[415012.6,5656190.2]}},{"type":"Feature","properties":{"h":20.0,"d":11.0,"a":0,"l":"d","gn":3,"t":65},"geometry":{"type":"Point","coordinates":[415013.1,5656394.4]}},{"type":"Feature","properties":{"h":15.0,"d":12.0,"a":0,"l":"d","gn":1,"t":41},"geometry":{"type":"Point","coordinates":[415013.5,5656216.4]}},{"type":"Feature","properties":{"h":5.0,"d":4.0,"a":0,"l":"d","gn":1,"t":8},"geometry":{"type":"Point","coordinates":[415014.8,5656209.5]}},{"type":"Feature","properties":{"h":18.0,"d":10.3,"a":0,"l":"d","gn":10},"geometry":{"type":"Point","coordinates":[415014.8,5657752.6]}},{"type":"Feature","properties":{"h":17.0,"d":12.0,"a":0,"l":"d","gn":9,"t":50},"geometry":{"type":"Point","coordinates":[415015.1,5657199.6]}},{"type":"Feature","properties":{"h":6.0,"d":5.5,"a":1,"l":"d","gn":28,"t":12},"geometry":{"type":"Point","coordinates":[415015.7,5656190.0]}},{"type":"Feature","properties":{"h":25.0,"d":17.5,"a":0,"l":"d","gn":3,"t":57},"geometry":{"type":"Point","coordinates":[415016.3,5656124.6]}},{"type":"Feature","properties":{"h":17.0,"d":3.5,"a":1,"l":"d","gn":16,"t":17},"geometry":{"type":"Point","coordinates":[415016.3,5656133.7]}},{"type":"Feature","properties":{"h":16.0,"d":4.0,"a":1,"l":"d","gn":16,"t":14},"geometry":{"type":"Point","coordinates":[415016.5,5656132.6]}},{"type":"Feature","properties":{"h":17.0,"d":12.5,"a":0,"l":"d","gn":5,"t":65},"geometry":{"type":"Point","coordinates":[415016.7,5656223.3]}},{"type":"Feature","properties":{"h":12.0,"d":1.0,"a":1,"l":"d","gn":16,"t":9},"geometry":{"type":"Point","coordinates":[415016.8,5656132.7]}},{"type":"Feature","properties":{"h":15.0,"d":2.5,"a":1,"l":"d","gn":16,"t":9},"geometry":{"type":"Point","coordinates":[415018.4,5656132.9]}},{"type":"Feature","properties":{"h":10.0,"d":2.5,"a":1,"l":"d","gn":16,"t":7},"geometry":{"type":"Point","coordinates":[415018.6,5656132.5]}},{"type":"Feature","properties":{"h":15.0,"d":4.5,"a":1,"l":"d","gn":16,"t":16},"geometry":{"type":"Point","coordinates":[415018.9,5656133.2]}},{"type":"Feature","properties":{"h":22.0,"d":11.0,"a":0,"l":"d","gn":3,"t":60},"geometry":{"type":"Point","coordinates":[415022.3,5656126.8]}},{"type":"Feature","properties":{"h":8.0,"d":5.0,"a":5,"l":"d","gn":8,"t":17},"geometry":{"type":"Point","coordinates":[415024.0,5656218.1]}},{"type":"Feature","properties":{"h":20.0,"d":11.0,"a":0,"l":"d","gn":5,"t":102},"geometry":{"type":"Point","coordinates":[415024.0,5656235.5]}},{"type":"Feature","properties":{"h":20.0,"d":11.4,"a":0,"l":"d","s":"osm"},"geometry":{"type":"Point","coordinates":[415025.0,5657754.4]}},{"type":"Feature","properties":{"h":8.0,"d":4.0,"a":5,"l":"d","gn":8,"t":15},"geometry":{"type":"Point","coordinates":[415025.1,5656226.4]}},{"type":"Feature","properties":{"h":7.0,"d":4.0,"a":5,"l":"d","gn":8,"t":15},"geometry":{"type":"Point","coordinates":[415025.2,5656223.3]}},{"type":"Feature","properties":{"h":18.0,"d":12.0,"a":0,"l":"d","gn":9,"t":49},"geometry":{"type":"Point","coordinates":[415026.0,5657197.8]}},{"type":"Feature","properties":{"h":6.0,"d":2.0,"a":1,"l":"d","gn":18,"t":8},"geometry":{"type":"Point","coordinates":[415026.0,5656200.8]}},{"type":"Feature","properties":{"h":14.0,"d":11.0,"a":0,"l":"d","gn":1,"t":31},"geometry":{"type":"Point","coordinates":[415026.6,5656691.0]}},{"type":"Feature","properties":{"h":32.0,"d":18.3,"a":0,"l":"d","gn":4,"t":63},"geometry":{"type":"Point","coordinates":[415026.9,5656620.1]}},{"type":"Feature","properties":{"h":26.0,"d":14.9,"a":0,"l":"d","gn":4,"t":71},"geometry":{"type":"Point","coordinates":[415027.1,5656973.6]}},{"type":"Feature","properties":{"h":22.0,"d":12.6,"a":0,"l":"d","gn":10,"t":37},"geometry":{"type":"Point","coordinates":[415028.4,5656972.9]}},{"type":"Feature","properties":{"h":10.0,"d":5.7,"a":0,"l":"d","t":26},"geometry":{"type":"Point","coordinates":[415028.5,5657001.9]}},{"type":"Feature","properties":{"h":20.0,"d":11.4,"a":0,"l":"d"},"geometry":{"type":"Point","coordinates":[415028.7,5657003.1]}},{"type":"Feature","properties":{"h":34.0,"d":19.4,"a":0,"l":"d","gn":4,"t":59},"geometry":{"type":"Point","coordinates":[415028.7,5656618.8]}},{"type":"Feature","properties":{"h":10.0,"d":10.0,"a":0,"l":"d","gn":1,"t":30},"geometry":{"type":"Point","coordinates":[415029.2,5656246.4]}},{"type":"Feature","properties":{"h":9.0,"d":5.0,"a":0,"l":"d","gn":1,"t":40},"geometry":{"type":"Point","coordinates":[415029.4,5656246.6]}},{"type":"Feature","properties":{"h":13.0,"d":7.0,"a":0,"l":"d","gn":4,"t":23},"geometry":{"type":"Point","coordinates":[415029.5,5656242.8]}},{"type":"Feature","properties":{"h":7.0,"d":4.0,"a":0,"l":"d","gn":3,"t":10},"geometry":{"type":"Point","coordinates":[415029.5,5656976.6]}},{"type":"Feature","properties":{"h":10.0,"d":6.0,"a":0,"l":"d","gn":4,"t":20},"geometry":{"type":"Point","coordinates":[415029.6,5656242.6]}},{"type":"Feature","properties":{"h":6.0,"d":4.0,"a":5,"l":"d","gn":17,"t":6},"geometry":{"type":"Point","coordinates":[415029.7,5656644.7]}},{"type":"Feature","properties":{"h":18.0,"d":15.0,"a":0,"l":"d","gn":9,"t":38},"geometry":{"type":"Point","coordinates":[415029.7,5656628.0]}},{"type":"Feature","properties":{"h":20.0,"d":11.4,"a":0,"l":"d"},"geometry":{"type":"Point","coordinates":[415030.7,5656605.0]}},{"type":"Feature","properties":{"h":16.0,"d":9.1,"a":0,"l":"d","gn":4,"t":19},"geometry":{"type":"Point","coordinates":[415031.0,5656982.6]}},{"type":"Feature","properties":{"h":15.0,"d":7.0,"a":1,"l":"d","gn":16,"t":37},"geometry":{"type":"Point","coordinates":[415031.3,5656207.8]}},{"type":"Feature","properties":{"h":21.0,"d":20.0,"a":0,"l":"d","gn":5,"t":94},"geometry":{"type":"Point","coordinates":[415033.6,5656148.2]}},{"type":"Feature","properties":{"h":8.0,"d":5.5,"a":1,"l":"d","gn":11,"t":12},"geometry":{"type":"Point","coordinates":[415033.9,5656228.7]}},{"type":"Feature","properties":{"h":9.0,"d":6.0,"a":0,"l":"d","gn":14,"t":15},"geometry":{"type":"Point","coordinates":[415034.0,5656221.8]}},{"type":"Feature","properties":{"h":16.0,"d":9.1,"a":0,"l":"d","gn":4,"t":19},"geometry":{"type":"Point","coordinates":[415034.0,5656978.2]}},{"type":"Feature","properties":{"h":18.0,"d":10.3,"a":0,"l":"d","gn":4,"t":23},"geometry":{"type":"Point","coordinates":[415034.0,5656983.5]}},{"type":"Feature","properties":{"h":11.0,"d":8.0,"a":0,"l":"d","gn":4,"t":25},"geometry":{"type":"Point","coordinates":[415034.2,5656245.9]}},{"type":"Feature","properties":{"h":13.0,"d":9.0,"a":0,"l":"d","gn":1,"t":25},"geometry":{"type":"Point","coordinates":[415034.6,5656690.8]}},{"type":"Feature","properties":{"h":7.0,"d":4.0,"a":3,"l":"e","t":4},"geometry":{"type":"Point","coordinates":[415035.1,5656637.9]}},{"type":"Feature","properties":{"h":21.0,"d":16.0,"a":0,"l":"d","gn":4,"t":80},"geometry":{"type":"Point","coordinates":[415036.4,5657074.8]}},{"type":"Feature","properties":{"h":17.0,"d":9.5,"a":0,"l":"d","gn":4,"t":41},"geometry":{"type":"Point","coordinates":[415036.6,5656214.0]}},{"type":"Feature","properties":{"h":7.0,"d":4.6,"a":3,"l":"e","t":17},"geometry":{"type":"Point","coordinates":[415036.7,5656618.3]}},{"type":"Feature","properties":{"h":12.0,"d":6.9,"a":0,"l":"d","gn":15,"t":15},"geometry":{"type":"Point","coordinates":[415036.7,5656621.9]}},{"type":"Feature","properties":{"h":16.0,"d":11.0,"a":0,"l":"d","gn":9,"t":54},"geometry":{"type":"Point","coordinates":[415037.7,5657195.6]}},{"type":"Feature","properties":{"h":8.0,"d":4.6,"a":0,"l":"d","gn":3,"t":14},"geometry":{"type":"Point","coordinates":[415038.1,5656974.4]}},{"type":"Feature","properties":{"h":8.0,"d":6.0,"a":1,"l":"d","gn":11,"t":13},"geometry":{"type":"Point","coordinates":[415038.3,5656225.4]}},{"type":"Feature","properties":{"h":12.0,"d":6.0,"a":0,"l":"d","gn":1,"t":18},"geometry":{"type":"Point","coordinates":[415039.2,5656691.0]}},{"type":"Feature","properties":{"h":15.0,"d":10.0,"a":0,"l":"d","gn":3,"t":45},"geometry":{"type":"Point","coordinates":[415039.6,5656239.4]}},{"type":"Feature","properties":{"h":14.0,"d":7.0,"a":0,"l":"d","gn":3,"t":49},"geometry":{"type":"Point","coordinates":[415039.6,5656239.3]}},{"type":"Feature","properties":{"h":15.0,"d":12.0,"a":0,"l":"d","gn":1,"t":47},"geometry":{"type":"Point","coordinates":[415039.8,5656218.2]}},{"type":"Feature","properties":{"h":28.0,"d":16.0,"a":0,"l":"d","gn":4,"t":57},"geometry":{"type":"Point","coordinates":[415040.2,5656972.0]}},{"type":"Feature","properties":{"h":24.0,"d":13.7,"a":0,"l":"d","gn":4},"geometry":{"type":"Point","coordinates":[415040.6,5656608.7]}},{"type":"Feature","properties":{"h":6.0,"d":4.5,"a":1,"l":"d","gn":11,"t":11},"geometry":{"type":"Point","coordinates":[415040.9,5656286.2]}},{"type":"Feature","properties":{"h":5.0,"d":2.9,"a":0,"l":"d","gn":3,"t":11},"geometry":{"type":"Point","coordinates":[415040.9,5656976.9]}},{"type":"Feature","properties":{"h":20.0,"d":11.4,"a":0,"l":"d"},"geometry":{"type":"Point","coordinates":[415041.4,5657002.4]}},{"type":"Feature","properties":{"h":19.0,"d":12.0,"a":0,"l":"d","gn":3,"t":66},"geometry":{"type":"Point","coordinates":[415042.0,5656152.7]}},{"type":"Feature","properties":{"h":13.0,"d":6.0,"a":0,"l":"d","gn":1,"t":21},"geometry":{"type":"Point","coordinates":[415042.2,5656233.7]}},{"type":"Feature","properties":{"h":13.0,"d":6.0,"a":0,"l":"d","gn":1,"t":23},"geometry":{"type":"Point","coordinates":[415042.2,5656233.6]}},{"type":"Feature","properties":{"h":8.0,"d":5.5,"a":1,"l":"d","gn":11,"t":13},"geometry":{"type":"Point","coordinates":[415042.6,5656222.0]}},{"type":"Feature","properties":{"h":9.0,"d":6.0,"a":3,"l":"e","t":20},"geometry":{"type":"Point","coordinates":[415042.8,5656639.5]}},{"type":"Feature","properties":{"h":5.0,"d":2.9,"a":0,"l":"d","gn":31,"t":47},"geometry":{"type":"Point","coordinates":[415042.9,5656970.8]}},{"type":"Feature","properties":{"h":7.0,"d":5.0,"a":3,"l":"e","t":3},"geometry":{"type":"Point","coordinates":[415043.3,5656645.5]}},{"type":"Feature","properties":{"h":15.0,"d":10.0,"a":0,"l":"d","gn":4,"t":37},"geometry":{"type":"Point","coordinates":[415043.9,5656235.5]}},{"type":"Feature","properties":{"h":14.0,"d":8.0,"a":0,"l":"d","gn":4,"t":43},"geometry":{"type":"Point","coordinates":[415043.9,5656235.6]}},{"type":"Feature","properties":{"h":8.0,"d":4.8,"a":5,"l":"d","gn":12,"t":21},"geometry":{"type":"Point","coordinates":[415044.9,5656623.3]}},{"type":"Feature","properties":{"h":8.0,"d":4.6,"a":0,"l":"d","gn":1,"t":18},"geometry":{"type":"Point","coordinates":[415045.4,5656968.1]}},{"type":"Feature","properties":{"h":10.0,"d":5.0,"a":1,"l":"d","gn":11,"t":37},"geometry":{"type":"Point","coordinates":[415045.5,5656619.8]}},{"type":"Feature","properties":{"h":15.0,"d":12.0,"a":0,"l":"d","gn":1,"t":41},"geometry":{"type":"Point","coordinates":[415045.6,5656250.4]}},{"type":"Feature","properties":{"h":8.0,"d":12.0,"a":0,"l":"d","gn":1,"t":24},"geometry":{"type":"Point","coordinates":[415045.6,5656237.3]}},{"type":"Feature","properties":{"h":8.0,"d":3.5,"a":1,"l":"d","gn":11,"t":10},"geometry":{"type":"Point","coordinates":[415047.0,5656218.7]}},{"type":"Feature","properties":{"h":25.0,"d":14.3,"a":0,"l":"d","t":72},"geometry":{"type":"Point","coordinates":[415047.9,5656996.3]}},{"type":"Feature","properties":{"h":25.0,"d":14.3,"a":0,"l":"d","t":84},"geometry":{"type":"Point","coordinates":[415049.7,5656996.2]}},{"type":"Feature","properties":{"h":20.0,"d":14.0,"a":0,"l":"d","gn":1,"t":78},"geometry":{"type":"Point","coordinates":[415049.8,5656162.9]}},{"type":"Feature","properties":{"h":20.0,"d":11.4,"a":0,"l":"d"},"geometry":{"type":"Point","coordinates":[415050.5,5656978.5]}},{"type":"Feature","properties":{"h":25.0,"d":14.3,"a":0,"l":"d","t":85},"geometry":{"type":"Point","coordinates":[415050.7,5656995.7]}},{"type":"Feature","properties":{"h":4.0,"d":2.6,"a":3,"l":"e","t":9},"geometry":{"type":"Point","coordinates":[415050.9,5656974.7]}},{"type":"Feature","properties":{"h":8.0,"d":3.5,"a":1,"l":"d","gn":11,"t":10},"geometry":{"type":"Point","coordinates":[415051.3,5656215.3]}},{"type":"Feature","properties":{"h":18.0,"d":10.0,"a":0,"l":"d","gn":3,"t":78},"geometry":{"type":"Point","coordinates":[415051.7,5656042.5]}},{"type":"Feature","properties":{"h":22.0,"d":12.6,"a":0,"l":"d","gn":31,"t":63},"geometry":{"type":"Point","coordinates":[415052.6,5656968.7]}},{"type":"Feature","properties":{"h":22.0,"d":7.0,"a":0,"l":"d","gn":3,"t":42},"geometry":{"type":"Point","coordinates":[415052.7,5656172.5]}},{"type":"Feature","properties":{"h":8.0,"d":4.6,"a":0,"l":"d","gn":31,"t":9},"geometry":{"type":"Point","coordinates":[415052.8,5656626.1]}},{"type":"Feature","properties":{"h":4.0,"d":2.6,"a":3,"l":"e","t":8},"geometry":{"type":"Point","coordinates":[415053.0,5656970.9]}},{"type":"Feature","properties":{"h":8.0,"d":4.6,"a":0,"l":"d","gn":3,"t":12},"geometry":{"type":"Point","coordinates":[415053.6,5656627.4]}},{"type":"Feature","properties":{"h":20.0,"d":16.0,"a":0,"l":"d","gn":5,"t":53},"geometry":{"type":"Point","coordinates":[415055.1,5656248.5]}},{"type":"Feature","properties":{"h":20.0,"d":11.4,"a":0,"l":"d","s":"osm"},"geometry":{"type":"Point","coordinates":[415055.6,5657453.9]}},{"type":"Feature","properties":{"h":8.0,"d":5.0,"a":1,"l":"d","gn":11,"t":12},"geometry":{"type":"Point","coordinates":[415055.7,5656212.0]}},{"type":"Feature","properties":{"h":27.0,"d":23.0,"a":0,"l":"d","gn":4,"t":92},"geometry":{"type":"Point","coordinates":[415055.8,5656687.4]}},{"type":"Feature","properties":{"h":28.0,"d":25.0,"a":0,"l":"d","gn":4,"t":106},"geometry":{"type":"Point","coordinates":[415056.3,5656661.6]}},{"type":"Feature","properties":{"h":5.0,"d":2.0,"a":0,"l":"d","gn":1,"t":5},"geometry":{"type":"Point","coordinates":[415056.5,5656235.2]}},{"type":"Feature","properties":{"h":20.0,"d":11.4,"a":0,"l":"d"},"geometry":{"type":"Point","coordinates":[415056.6,5656601.1]}},{"type":"Feature","properties":{"h":21.0,"d":10.0,"a":0,"l":"d","gn":10,"t":113},"geometry":{"type":"Point","coordinates":[415057.4,5656176.7]}},{"type":"Feature","properties":{"h":15.0,"d":10.0,"a":0,"l":"d","gn":15,"t":40},"geometry":{"type":"Point","coordinates":[415058.8,5656223.9]}},{"type":"Feature","properties":{"h":12.0,"d":8.0,"a":0,"l":"d","gn":3,"t":27},"geometry":{"type":"Point","coordinates":[415059.2,5656226.9]}},{"type":"Feature","properties":{"h":8.0,"d":5.0,"a":1,"l":"d","gn":11,"t":13},"geometry":{"type":"Point","coordinates":[415060.1,5656208.5]}},{"type":"Feature","properties":{"h":18.0,"d":6.0,"a":0,"l":"d","gn":10,"t":24},"geometry":{"type":"Point","coordinates":[415060.7,5656182.4]}},{"type":"Feature","properties":{"h":27.0,"d":15.4,"a":0,"l":"d","gn":31,"t":81},"geometry":{"type":"Point","coordinates":[415060.7,5656629.5]}},{"type":"Feature","properties":{"h":8.0,"d":5.0,"a":0,"l":"d","gn":15,"t":12},"geometry":{"type":"Point","coordinates":[415062.4,5656230.4]}},{"type":"Feature","properties":{"h":22.0,"d":12.0,"a":0,"l":"d","gn":1,"t":82},"geometry":{"type":"Point","coordinates":[415062.8,5656474.4]}},{"type":"Feature","properties":{"h":8.0,"d":4.5,"a":1,"l":"d","gn":11,"t":14},"geometry":{"type":"Point","coordinates":[415064.4,5656205.2]}},{"type":"Feature","properties":{"h":21.0,"d":9.0,"a":0,"l":"d","gn":6,"t":39},"geometry":{"type":"Point","coordinates":[415064.5,5656188.0]}},{"type":"Feature","properties":{"h":16.0,"d":16.0,"a":0,"l":"d","gn":1,"t":41},"geometry":{"type":"Point","coordinates":[415064.5,5656246.7]}},{"type":"Feature","properties":{"h":22.0,"d":14.0,"a":0,"l":"d","gn":1,"t":82},"geometry":{"type":"Point","coordinates":[415064.6,5656436.1]}},{"type":"Feature","properties":{"h":22.0,"d":12.0,"a":0,"l":"d","gn":3,"t":87},"geometry":{"type":"Point","coordinates":[415065.2,5656032.4]}},{"type":"Feature","properties":{"h":18.0,"d":12.0,"a":0,"l":"d","gn":10,"t":28},"geometry":{"type":"Point","coordinates":[415065.3,5656310.2]}},{"type":"Feature","properties":{"h":20.0,"d":11.4,"a":0,"l":"d"},"geometry":{"type":"Point","coordinates":[415065.3,5656981.3]}},{"type":"Feature","properties":{"h":20.0,"d":11.4,"a":0,"l":"d"},"geometry":{"type":"Point","coordinates":[415065.8,5656602.3]}},{"type":"Feature","properties":{"h":18.0,"d":10.0,"a":0,"l":"d","gn":1,"t":23},"geometry":{"type":"Point","coordinates":[415066.9,5656310.1]}},{"type":"Feature","properties":{"h":9.0,"d":5.0,"a":3,"l":"e","t":9},"geometry":{"type":"Point","coordinates":[415067.0,5656675.2]}},{"type":"Feature","properties":{"h":10.0,"d":15.0,"a":5,"l":"d","gn":8,"t":50},"geometry":{"type":"Point","coordinates":[415067.8,5656216.2]}},{"type":"Feature","properties":{"h":10.0,"d":6.0,"a":3,"l":"e","t":12},"geometry":{"type":"Point","coordinates":[415068.1,5656681.2]}},{"type":"Feature","properties":{"h":22.0,"d":9.0,"a":0,"l":"d","gn":3,"t":44},"geometry":{"type":"Point","coordinates":[415068.5,5656193.4]}},{"type":"Feature","properties":{"h":10.0,"d":5.5,"a":1,"l":"d","gn":11,"t":15},"geometry":{"type":"Point","coordinates":[415068.7,5656201.8]}},{"type":"Feature","properties":{"h":16.0,"d":5.0,"a":0,"l":"d","gn":4,"t":21},"geometry":{"type":"Point","coordinates":[415068.9,5656691.2]}},{"type":"Feature","properties":{"h":15.0,"d":7.5,"a":1,"l":"d","gn":11,"t":33},"geometry":{"type":"Point","coordinates":[415069.1,5656634.8]}},{"type":"Feature","properties":{"h":20.0,"d":11.4,"a":0,"l":"d"},"geometry":{"type":"Point","coordinates":[415069.2,5656974.3]}},{"type":"Feature","properties":{"h":10.0,"d":5.7,"a":0,"l":"d","gn":1,"t":22},"geometry":{"type":"Point","coordinates":[415069.9,5656636.9]}},{"type":"Feature","properties":{"h":19.0,"d":10.9,"a":0,"l":"d","gn":1,"t":25},"geometry":{"type":"Point","coordinates":[415070.3,5656867.3]}},{"type":"Feature","properties":{"h":20.0,"d":11.4,"a":0,"l":"d"},"geometry":{"type":"Point","coordinates":[415070.7,5656599.7]}},{"type":"Feature","properties":{"h":12.0,"d":6.9,"a":0,"l":"d","gn":3,"t":40},"geometry":{"type":"Point","coordinates":[415070.8,5656905.4]}},{"type":"Feature","properties":{"h":25.0,"d":12.5,"a":1,"l":"d","gn":11,"t":46},"geometry":{"type":"Point","coordinates":[415070.8,5656652.3]}},{"type":"Feature","properties":{"h":11.0,"d":6.3,"a":0,"l":"d","gn":1,"t":26},"geometry":{"type":"Point","coordinates":[415070.9,5656892.1]}},{"type":"Feature","properties":{"h":26.0,"d":13.0,"a":1,"l":"d","gn":11,"t":32},"geometry":{"type":"Point","coordinates":[415070.9,5656656.4]}},{"type":"Feature","properties":{"h":16.0,"d":9.1,"a":0,"l":"d","gn":1,"t":111},"geometry":{"type":"Point","coordinates":[415071.0,5656773.8]}},{"type":"Feature","properties":{"h":11.0,"d":6.3,"a":0,"l":"d","gn":1,"t":14},"geometry":{"type":"Point","coordinates":[415071.1,5656883.5]}},{"type":"Feature","properties":{"h":11.0,"d":6.3,"a":0,"l":"d","gn":3,"t":20},"geometry":{"type":"Point","coordinates":[415071.2,5656631.0]}},{"type":"Feature","properties":{"h":16.0,"d":9.1,"a":0,"l":"d","gn":1,"t":19},"geometry":{"type":"Point","coordinates":[415071.3,5656670.7]}},{"type":"Feature","properties":{"h":16.0,"d":8.0,"a":1,"l":"d","gn":11,"t":36},"geometry":{"type":"Point","coordinates":[415071.3,5656823.0]}},{"type":"Feature","properties":{"h":15.0,"d":8.6,"a":0,"l":"d","gn":1,"t":25},"geometry":{"type":"Point","coordinates":[415071.4,5656667.4]}},{"type":"Feature","properties":{"h":10.0,"d":5.7,"a":0,"l":"d","gn":1,"t":17},"geometry":{"type":"Point","coordinates":[415071.5,5656702.2]}},{"type":"Feature","properties":{"h":27.0,"d":15.4,"a":0,"l":"d","gn":10,"t":63},"geometry":{"type":"Point","coordinates":[415071.5,5656714.5]}},{"type":"Feature","properties":{"h":14.0,"d":7.0,"a":1,"l":"d","gn":11,"t":34},"geometry":{"type":"Point","coordinates":[415071.5,5656844.4]}},{"type":"Feature","properties":{"h":27.0,"d":15.4,"a":0,"l":"d","gn":1,"t":27},"geometry":{"type":"Point","coordinates":[415071.5,5656650.8]}},{"type":"Feature","properties":{"h":28.0,"d":16.0,"a":0,"l":"d","gn":1,"t":35},"geometry":{"type":"Point","coordinates":[415071.5,5656652.2]}},{"type":"Feature","properties":{"h":28.0,"d":16.0,"a":0,"l":"d","gn":1,"t":28},"geometry":{"type":"Point","coordinates":[415071.6,5656660.1]}},{"type":"Feature","properties":{"h":20.0,"d":11.4,"a":0,"l":"d"},"geometry":{"type":"Point","coordinates":[415071.8,5656982.1]}},{"type":"Feature","properties":{"h":36.0,"d":20.6,"a":0,"l":"d","gn":4,"t":75},"geometry":{"type":"Point","coordinates":[415071.9,5656921.9]}},{"type":"Feature","properties":{"h":15.0,"d":8.6,"a":0,"l":"d","gn":10,"t":24},"geometry":{"type":"Point","coordinates":[415071.9,5656734.2]}},{"type":"Feature","properties":{"h":22.0,"d":12.6,"a":0,"l":"d","gn":1,"t":27},"geometry":{"type":"Point","coordinates":[415071.9,5656678.1]}},{"type":"Feature","properties":{"h":8.0,"d":4.6,"a":0,"l":"d","gn":1,"t":27},"geometry":{"type":"Point","coordinates":[415072.0,5656738.9]}},{"type":"Feature","properties":{"h":18.0,"d":10.3,"a":0,"l":"d","gn":3,"t":29},"geometry":{"type":"Point","coordinates":[415072.0,5656699.7]}},{"type":"Feature","properties":{"h":6.0,"d":3.4,"a":0,"l":"d","gn":1,"t":9},"geometry":{"type":"Point","coordinates":[415072.1,5656756.0]}},{"type":"Feature","properties":{"h":18.0,"d":10.3,"a":0,"l":"d","gn":1,"t":28},"geometry":{"type":"Point","coordinates":[415072.2,5656690.5]}},{"type":"Feature","properties":{"h":28.0,"d":16.0,"a":0,"l":"d","gn":1,"t":31},"geometry":{"type":"Point","coordinates":[415072.2,5656865.2]}},{"type":"Feature","properties":{"h":8.0,"d":4.6,"a":0,"l":"d","gn":10,"t":26},"geometry":{"type":"Point","coordinates":[415072.3,5656733.0]}},{"type":"Feature","properties":{"h":10.0,"d":8.0,"a":0,"l":"d","gn":1,"t":18},"geometry":{"type":"Point","coordinates":[415072.3,5656313.9]}},{"type":"Feature","properties":{"h":15.0,"d":8.6,"a":0,"l":"d","gn":1,"t":44},"geometry":{"type":"Point","coordinates":[415072.5,5656674.8]}},{"type":"Feature","properties":{"h":25.0,"d":14.3,"a":0,"l":"d","gn":10,"t":26},"geometry":{"type":"Point","coordinates":[415072.5,5656731.4]}},{"type":"Feature","properties":{"h":25.0,"d":14.3,"a":0,"l":"d","gn":1,"t":40},"geometry":{"type":"Point","coordinates":[415072.6,5656677.0]}},{"type":"Feature","properties":{"h":23.0,"d":13.1,"a":0,"l":"d","gn":4,"t":32},"geometry":{"type":"Point","coordinates":[415072.6,5656639.8]}},{"type":"Feature","properties":{"h":14.0,"d":8.0,"a":0,"l":"d","gn":1,"t":15},"geometry":{"type":"Point","coordinates":[415072.6,5656795.9]}},{"type":"Feature","properties":{"h":26.0,"d":14.9,"a":0,"l":"d","gn":4,"t":55},"geometry":{"type":"Point","coordinates":[415072.6,5656957.8]}},{"type":"Feature","properties":{"h":12.0,"d":6.0,"a":1,"l":"d","gn":11,"t":56},"geometry":{"type":"Point","coordinates":[415072.7,5656654.9]}},{"type":"Feature","properties":{"h":20.0,"d":11.4,"a":0,"l":"d","gn":3,"t":7},"geometry":{"type":"Point","coordinates":[415072.7,5656650.4]}},{"type":"Feature","properties":{"h":6.0,"d":3.0,"a":1,"l":"d","gn":11,"t":13},"geometry":{"type":"Point","coordinates":[415072.7,5656648.4]}},{"type":"Feature","properties":{"h":20.0,"d":10.0,"a":1,"l":"d","gn":11,"t":31},"geometry":{"type":"Point","coordinates":[415073.1,5656828.3]}},{"type":"Feature","properties":{"h":26.0,"d":14.9,"a":0,"l":"d","gn":3,"t":43},"geometry":{"type":"Point","coordinates":[415073.1,5656643.9]}},{"type":"Feature","properties":{"h":20.0,"d":11.4,"a":0,"l":"d"},"geometry":{"type":"Point","coordinates":[415073.4,5656637.7]}},{"type":"Feature","properties":{"h":14.0,"d":8.0,"a":0,"l":"d","gn":1,"t":14},"geometry":{"type":"Point","coordinates":[415073.4,5656799.1]}},{"type":"Feature","properties":{"h":12.0,"d":6.9,"a":0,"l":"d","gn":1,"t":17},"geometry":{"type":"Point","coordinates":[415073.5,5656671.9]}},{"type":"Feature","properties":{"h":20.0,"d":11.4,"a":0,"l":"d","gn":1,"t":36},"geometry":{"type":"Point","coordinates":[415073.6,5656684.6]}},{"type":"Feature","properties":{"h":6.0,"d":3.4,"a":0,"l":"d","gn":15,"t":22},"geometry":{"type":"Point","coordinates":[415073.7,5656722.1]}},{"type":"Feature","properties":{"h":4.0,"d":2.3,"a":0,"l":"d","gn":3,"t":14},"geometry":{"type":"Point","coordinates":[415073.7,5656952.4]}},{"type":"Feature","properties":{"h":3.0,"d":2.0,"a":3,"l":"e","t":10},"geometry":{"type":"Point","coordinates":[415073.7,5656870.2]}},{"type":"Feature","properties":{"h":15.0,"d":8.6,"a":0,"l":"d","gn":1,"t":25},"geometry":{"type":"Point","coordinates":[415073.8,5656633.0]}},{"type":"Feature","properties":{"h":10.0,"d":5.7,"a":0,"l":"d","gn":1,"t":7},"geometry":{"type":"Point","coordinates":[415074.0,5656826.2]}},{"type":"Feature","properties":{"h":14.0,"d":8.0,"a":0,"l":"d","gn":1,"t":19},"geometry":{"type":"Point","coordinates":[415074.0,5656761.7]}},{"type":"Feature","properties":{"h":5.0,"d":3.0,"a":5,"l":"d","t":9},"geometry":{"type":"Point","coordinates":[415074.1,5656705.4]}},{"type":"Feature","properties":{"h":28.0,"d":16.0,"a":0,"l":"d","gn":1,"t":108},"geometry":{"type":"Point","coordinates":[415074.3,5656723.8]}},{"type":"Feature","properties":{"h":18.0,"d":14.0,"a":0,"l":"d","gn":10,"t":38},"geometry":{"type":"Point","coordinates":[415074.3,5656312.7]}},{"type":"Feature","properties":{"h":6.0,"d":3.4,"a":0,"l":"d","gn":1,"t":27},"geometry":{"type":"Point","coordinates":[415074.5,5656797.4]}},{"type":"Feature","properties":{"h":15.0,"d":8.6,"a":0,"l":"d","gn":1,"t":15},"geometry":{"type":"Point","coordinates":[415074.5,5656795.2]}},{"type":"Feature","properties":{"h":25.0,"d":14.3,"a":0,"l":"d","gn":1,"t":31},"geometry":{"type":"Point","coordinates":[415074.6,5656703.8]}},{"type":"Feature","properties":{"h":18.0,"d":10.3,"a":0,"l":"d","gn":1,"t":24},"geometry":{"type":"Point","coordinates":[415074.6,5656739.4]}},{"type":"Feature","properties":{"h":13.0,"d":7.4,"a":0,"l":"d","gn":3,"t":16},"geometry":{"type":"Point","coordinates":[415074.8,5656639.9]}},{"type":"Feature","properties":{"h":20.0,"d":11.0,"a":0,"l":"d","gn":3,"t":56},"geometry":{"type":"Point","coordinates":[415074.8,5656195.8]}},{"type":"Feature","properties":{"h":25.0,"d":14.3,"a":0,"l":"d","gn":1,"t":38},"geometry":{"type":"Point","coordinates":[415074.8,5656728.7]}},{"type":"Feature","properties":{"h":16.0,"d":12.0,"a":0,"l":"d","gn":1,"t":40},"geometry":{"type":"Point","coordinates":[415075.0,5656234.6]}},{"type":"Feature","properties":{"h":20.0,"d":11.4,"a":0,"l":"d","gn":1,"t":20},"geometry":{"type":"Point","coordinates":[415075.3,5656886.4]}},{"type":"Feature","properties":{"h":7.0,"d":4.2,"a":5,"l":"d","gn":8,"t":11},"geometry":{"type":"Point","coordinates":[415075.3,5656636.3]}},{"type":"Feature","properties":{"h":28.0,"d":16.0,"a":0,"l":"d","gn":10,"t":33},"geometry":{"type":"Point","coordinates":[415075.8,5656689.4]}},{"type":"Feature","properties":{"h":25.0,"d":14.3,"a":0,"l":"d","gn":1,"t":22},"geometry":{"type":"Point","coordinates":[415075.8,5656691.7]}},{"type":"Feature","properties":{"h":11.0,"d":6.3,"a":0,"l":"d","gn":3,"t":17},"geometry":{"type":"Point","coordinates":[415076.0,5656639.1]}},{"type":"Feature","properties":{"h":8.0,"d":4.6,"a":0,"l":"d","gn":3,"t":21},"geometry":{"type":"Point","coordinates":[415076.2,5656724.6]}},{"type":"Feature","properties":{"h":13.0,"d":7.4,"a":0,"l":"d","gn":1,"t":200},"geometry":{"type":"Point","coordinates":[415076.2,5656800.3]}},{"type":"Feature","properties":{"h":12.0,"d":6.9,"a":0,"l":"d","gn":1,"t":21},"geometry":{"type":"Point","coordinates":[415076.6,5656819.8]}},{"type":"Feature","properties":{"h":9.0,"d":5.1,"a":0,"l":"d","gn":3,"t":12},"geometry":{"type":"Point","coordinates":[415076.7,5656810.7]}},{"type":"Feature","properties":{"h":25.0,"d":14.3,"a":0,"l":"d","gn":4,"t":48},"geometry":{"type":"Point","coordinates":[415076.9,5656953.6]}},{"type":"Feature","properties":{"h":20.0,"d":10.0,"a":1,"l":"d","gn":11,"t":34},"geometry":{"type":"Point","coordinates":[415077.0,5656815.3]}},{"type":"Feature","properties":{"h":20.0,"d":11.4,"a":0,"l":"d"},"geometry":{"type":"Point","coordinates":[415077.0,5656617.0]}},{"type":"Feature","properties":{"h":11.0,"d":6.3,"a":0,"l":"d","gn":3,"t":15},"geometry":{"type":"Point","coordinates":[415077.5,5656652.0]}},{"type":"Feature","properties":{"h":20.0,"d":11.4,"a":0,"l":"d"},"geometry":{"type":"Point","coordinates":[415077.8,5656700.7]}},{"type":"Feature","properties":{"h":13.0,"d":7.4,"a":0,"l":"d","gn":1,"t":16},"geometry":{"type":"Point","coordinates":[415078.0,5656802.3]}},{"type":"Feature","properties":{"h":20.0,"d":11.4,"a":0,"l":"d","gn":4,"t":41},"geometry":{"type":"Point","coordinates":[415078.0,5656951.7]}},{"type":"Feature","properties":{"h":20.0,"d":11.4,"a":0,"l":"d"},"geometry":{"type":"Point","coordinates":[415078.1,5656968.8]}},{"type":"Feature","properties":{"h":28.0,"d":16.0,"a":0,"l":"d","gn":1,"t":45},"geometry":{"type":"Point","coordinates":[415078.3,5656837.2]}},{"type":"Feature","properties":{"h":13.0,"d":7.4,"a":0,"l":"d","gn":1,"t":23},"geometry":{"type":"Point","coordinates":[415078.3,5656792.8]}},{"type":"Feature","properties":{"h":12.0,"d":6.9,"a":0,"l":"d","gn":1,"t":13},"geometry":{"type":"Point","coordinates":[415078.8,5656806.4]}},{"type":"Feature","properties":{"h":24.0,"d":13.7,"a":0,"l":"d","gn":1,"t":35},"geometry":{"type":"Point","coordinates":[415078.8,5656709.6]}},{"type":"Feature","properties":{"h":23.0,"d":13.1,"a":0,"l":"d","gn":1,"t":29},"geometry":{"type":"Point","coordinates":[415079.0,5656759.3]}},{"type":"Feature","properties":{"h":24.0,"d":13.7,"a":0,"l":"d","gn":4,"t":41},"geometry":{"type":"Point","coordinates":[415079.4,5656949.2]}},{"type":"Feature","properties":{"h":10.0,"d":5.7,"a":0,"l":"d","gn":1,"t":15},"geometry":{"type":"Point","coordinates":[415079.4,5656787.5]}},{"type":"Feature","properties":{"h":23.0,"d":13.1,"a":0,"l":"d","gn":1,"t":25},"geometry":{"type":"Point","coordinates":[415079.6,5656722.6]}},{"type":"Feature","properties":{"h":18.0,"d":11.0,"a":0,"l":"d","gn":1,"t":49},"geometry":{"type":"Point","coordinates":[415079.7,5656188.5]}},{"type":"Feature","properties":{"h":17.0,"d":9.7,"a":0,"l":"d","gn":1,"t":20},"geometry":{"type":"Point","coordinates":[415079.9,5656681.1]}},{"type":"Feature","properties":{"h":25.0,"d":14.3,"a":0,"l":"d","gn":10,"t":26},"geometry":{"type":"Point","coordinates":[415079.9,5656691.4]}},{"type":"Feature","properties":{"h":15.0,"d":8.6,"a":0,"l":"d","gn":1,"t":21},"geometry":{"type":"Point","coordinates":[415080.5,5656693.3]}},{"type":"Feature","properties":{"h":20.0,"d":11.4,"a":0,"l":"d"},"geometry":{"type":"Point","coordinates":[415080.5,5656600.8]}},{"type":"Feature","properties":{"h":7.0,"d":4.0,"a":0,"l":"d","gn":1,"t":7},"geometry":{"type":"Point","coordinates":[415080.5,5656794.2]}},{"type":"Feature","properties":{"h":22.0,"d":14.3,"a":3,"l":"e","t":43},"geometry":{"type":"Point","coordinates":[415080.5,5656864.2]}},{"type":"Feature","properties":{"h":15.0,"d":8.6,"a":0,"l":"d","gn":1,"t":17},"geometry":{"type":"Point","coordinates":[415080.6,5656791.5]}},{"type":"Feature","properties":{"h":28.0,"d":16.0,"a":0,"l":"d","gn":31,"t":79},"geometry":{"type":"Point","coordinates":[415080.7,5656733.9]}},{"type":"Feature","properties":{"h":30.0,"d":17.1,"a":0,"l":"d","gn":3,"t":35},"geometry":{"type":"Point","coordinates":[415080.8,5656818.3]}},{"type":"Feature","properties":{"h":12.0,"d":6.0,"a":1,"l":"d","gn":11,"t":14},"geometry":{"type":"Point","coordinates":[415081.0,5656884.2]}},{"type":"Feature","properties":{"h":22.0,"d":14.3,"a":3,"l":"e","t":34},"geometry":{"type":"Point","coordinates":[415081.2,5656872.6]}},{"type":"Feature","properties":{"h":23.0,"d":13.1,"a":0,"l":"d","gn":10,"t":34},"geometry":{"type":"Point","coordinates":[415081.4,5656691.9]}},{"type":"Feature","properties":{"h":23.0,"d":13.1,"a":0,"l":"d","gn":3,"t":35},"geometry":{"type":"Point","coordinates":[415081.4,5656684.6]}},{"type":"Feature","properties":{"h":18.0,"d":16.0,"a":0,"l":"d","gn":4,"t":42},"geometry":{"type":"Point","coordinates":[415081.5,5656312.5]}},{"type":"Feature","properties":{"h":28.0,"d":16.0,"a":0,"l":"d","gn":10,"t":41},"geometry":{"type":"Point","coordinates":[415081.5,5656682.9]}},{"type":"Feature","properties":{"h":13.0,"d":7.4,"a":0,"l":"d","gn":3,"t":15},"geometry":{"type":"Point","coordinates":[415081.5,5656675.1]}},{"type":"Feature","properties":{"h":12.0,"d":6.9,"a":0,"l":"d","gn":1,"t":13},"geometry":{"type":"Point","coordinates":[415081.6,5656801.7]}},{"type":"Feature","properties":{"h":18.0,"d":10.0,"a":0,"l":"d","gn":3,"t":35},"geometry":{"type":"Point","coordinates":[415081.6,5656207.1]}},{"type":"Feature","properties":{"h":28.0,"d":16.0,"a":0,"l":"d","gn":5,"t":100},"geometry":{"type":"Point","coordinates":[415081.6,5656643.9]}},{"type":"Feature","properties":{"h":23.0,"d":11.5,"a":1,"l":"d","gn":11,"t":55},"geometry":{"type":"Point","coordinates":[415081.8,5656815.8]}},{"type":"Feature","properties":{"h":22.0,"d":14.3,"a":3,"l":"e","t":35},"geometry":{"type":"Point","coordinates":[415081.9,5656845.3]}},{"type":"Feature","properties":{"h":17.0,"d":12.0,"a":0,"l":"d","gn":9,"t":46},"geometry":{"type":"Point","coordinates":[415082.1,5657187.7]}},{"type":"Feature","properties":{"h":15.0,"d":6.0,"a":0,"l":"d","gn":1,"t":30},"geometry":{"type":"Point","coordinates":[415082.5,5656233.1]}},{"type":"Feature","properties":{"h":6.0,"d":3.4,"a":0,"l":"d","gn":3,"t":12},"geometry":{"type":"Point","coordinates":[415082.5,5656946.3]}},{"type":"Feature","properties":{"h":11.0,"d":5.5,"a":1,"l":"d","gn":11,"t":18},"geometry":{"type":"Point","coordinates":[415082.5,5656900.4]}},{"type":"Feature","properties":{"h":21.0,"d":10.5,"a":1,"l":"d","gn":11,"t":33},"geometry":{"type":"Point","coordinates":[415083.0,5656852.0]}},{"type":"Feature","properties":{"h":15.0,"d":8.6,"a":0,"l":"d","gn":3,"t":16},"geometry":{"type":"Point","coordinates":[415083.1,5656756.2]}},{"type":"Feature","properties":{"h":25.0,"d":14.3,"a":0,"l":"d","gn":31,"t":99},"geometry":{"type":"Point","coordinates":[415083.2,5656976.6]}},{"type":"Feature","properties":{"h":15.0,"d":7.5,"a":1,"l":"d","gn":11,"t":21},"geometry":{"type":"Point","coordinates":[415083.3,5656685.9]}},{"type":"Feature","properties":{"h":21.0,"d":12.0,"a":0,"l":"d","gn":3,"t":32},"geometry":{"type":"Point","coordinates":[415083.4,5656696.2]}},{"type":"Feature","properties":{"h":8.0,"d":4.8,"a":5,"l":"d","gn":8,"t":10},"geometry":{"type":"Point","coordinates":[415083.7,5656646.3]}},{"type":"Feature","properties":{"h":22.0,"d":14.3,"a":3,"l":"e","t":48},"geometry":{"type":"Point","coordinates":[415083.8,5656856.1]}},{"type":"Feature","properties":{"h":21.0,"d":12.0,"a":0,"l":"d","gn":10,"t":25},"geometry":{"type":"Point","coordinates":[415084.0,5656699.2]}},{"type":"Feature","properties":{"h":20.0,"d":11.4,"a":0,"l":"d"},"geometry":{"type":"Point","coordinates":[415084.2,5656600.9]}},{"type":"Feature","properties":{"h":21.0,"d":12.0,"a":0,"l":"d","gn":5,"t":91},"geometry":{"type":"Point","coordinates":[415084.4,5656668.5]}},{"type":"Feature","properties":{"h":25.0,"d":14.3,"a":0,"l":"d","gn":10,"t":31},"geometry":{"type":"Point","coordinates":[415084.7,5656698.1]}},{"type":"Feature","properties":{"h":24.0,"d":13.7,"a":0,"l":"d","gn":10,"t":31},"geometry":{"type":"Point","coordinates":[415085.4,5656702.9]}},{"type":"Feature","properties":{"h":8.0,"d":4.6,"a":0,"l":"d","gn":3,"t":23},"geometry":{"type":"Point","coordinates":[415085.4,5656796.5]}},{"type":"Feature","properties":{"h":22.0,"d":14.3,"a":3,"l":"e","t":43},"geometry":{"type":"Point","coordinates":[415085.6,5656916.8]}},{"type":"Feature","properties":{"h":5.0,"d":1.0,"a":2,"l":"d","gn":6,"t":6},"geometry":{"type":"Point","coordinates":[415085.8,5657966.6]}},{"type":"Feature","properties":{"h":13.0,"d":7.4,"a":0,"l":"d","gn":1,"t":15},"geometry":{"type":"Point","coordinates":[415085.9,5656656.4]}},{"type":"Feature","properties":{"h":13.0,"d":7.4,"a":0,"l":"d","gn":31,"t":73},"geometry":{"type":"Point","coordinates":[415086.3,5656937.3]}},{"type":"Feature","properties":{"h":21.0,"d":13.7,"a":3,"l":"e","t":24},"geometry":{"type":"Point","coordinates":[415086.5,5656644.3]}},{"type":"Feature","properties":{"h":20.0,"d":11.4,"a":0,"l":"d"},"geometry":{"type":"Point","coordinates":[415086.8,5656617.2]}},{"type":"Feature","properties":{"h":12.0,"d":7.2,"a":5,"l":"d","gn":8,"t":13},"geometry":{"type":"Point","coordinates":[415086.9,5656645.4]}},{"type":"Feature","properties":{"h":13.0,"d":7.4,"a":0,"l":"d","gn":3,"t":16},"geometry":{"type":"Point","coordinates":[415087.1,5656678.4]}},{"type":"Feature","properties":{"h":15.0,"d":8.6,"a":0,"l":"d","gn":1,"t":22},"geometry":{"type":"Point","coordinates":[415087.2,5656653.5]}},{"type":"Feature","properties":{"h":8.0,"d":4.6,"a":0,"l":"d","gn":3,"t":12},"geometry":{"type":"Point","coordinates":[415087.2,5656676.9]}},{"type":"Feature","properties":{"h":21.0,"d":12.0,"a":0,"l":"d","gn":1,"t":43},"geometry":{"type":"Point","coordinates":[415087.2,5656881.2]}},{"type":"Feature","properties":{"h":8.0,"d":4.6,"a":0,"l":"d","gn":31,"t":82},"geometry":{"type":"Point","coordinates":[415087.6,5656735.8]}},{"type":"Feature","properties":{"h":15.0,"d":8.6,"a":0,"l":"d","gn":1,"t":15},"geometry":{"type":"Point","coordinates":[415087.9,5656671.7]}},{"type":"Feature","properties":{"h":22.0,"d":14.3,"a":3,"l":"e","t":28},"geometry":{"type":"Point","coordinates":[415088.1,5656914.5]}},{"type":"Feature","properties":{"h":24.0,"d":13.7,"a":0,"l":"d","gn":1,"t":44},"geometry":{"type":"Point","coordinates":[415088.2,5656845.2]}},{"type":"Feature","properties":{"h":10.0,"d":6.0,"a":5,"l":"d","gn":8,"t":15},"geometry":{"type":"Point","coordinates":[415088.3,5656645.3]}},{"type":"Feature","properties":{"h":22.0,"d":14.3,"a":3,"l":"e","t":55},"geometry":{"type":"Point","coordinates":[415088.4,5656841.9]}},{"type":"Feature","properties":{"h":20.0,"d":11.4,"a":0,"l":"d"},"geometry":{"type":"Point","coordinates":[415088.4,5656964.9]}},{"type":"Feature","properties":{"h":22.0,"d":12.6,"a":0,"l":"d","gn":1,"t":27},"geometry":{"type":"Point","coordinates":[415088.5,5656865.1]}},{"type":"Feature","properties":{"h":7.0,"d":4.2,"a":5,"l":"d","gn":8,"t":9},"geometry":{"type":"Point","coordinates":[415088.5,5656809.6]}},{"type":"Feature","properties":{"h":15.0,"d":8.6,"a":0,"l":"d","gn":1,"t":20},"geometry":{"type":"Point","coordinates":[415088.6,5656655.2]}},{"type":"Feature","properties":{"h":23.0,"d":13.1,"a":0,"l":"d","gn":10,"t":30},"geometry":{"type":"Point","coordinates":[415089.0,5656688.0]}},{"type":"Feature","properties":{"h":11.0,"d":6.3,"a":0,"l":"d","gn":3,"t":12},"geometry":{"type":"Point","coordinates":[415089.3,5656676.1]}},{"type":"Feature","properties":{"h":20.0,"d":11.4,"a":0,"l":"d","s":"osm"},"geometry":{"type":"Point","coordinates":[415089.4,5656231.8]}},{"type":"Feature","properties":{"h":7.0,"d":4.2,"a":5,"l":"d","gn":8,"t":9},"geometry":{"type":"Point","coordinates":[415089.4,5656647.2]}},{"type":"Feature","properties":{"h":23.0,"d":13.1,"a":0,"l":"d","gn":3,"t":81},"geometry":{"type":"Point","coordinates":[415089.5,5656767.1]}},{"type":"Feature","properties":{"h":20.0,"d":11.4,"a":0,"l":"d"},"geometry":{"type":"Point","coordinates":[415089.6,5656635.9]}},{"type":"Feature","properties":{"h":11.0,"d":5.5,"a":1,"l":"d","gn":11,"t":12},"geometry":{"type":"Point","coordinates":[415089.7,5656680.7]}},{"type":"Feature","properties":{"h":22.0,"d":14.3,"a":3,"l":"e","t":45},"geometry":{"type":"Point","coordinates":[415089.9,5656910.8]}},{"type":"Feature","properties":{"h":25.0,"d":14.3,"a":0,"l":"d","gn":10,"t":28},"geometry":{"type":"Point","coordinates":[415090.0,5656698.3]}},{"type":"Feature","properties":{"h":4.0,"d":2.3,"a":0,"l":"d","gn":3,"t":5},"geometry":{"type":"Point","coordinates":[415090.3,5656792.1]}},{"type":"Feature","properties":{"h":10.0,"d":6.0,"a":5,"l":"d","gn":8,"t":12},"geometry":{"type":"Point","coordinates":[415090.5,5656647.9]}},{"type":"Feature","properties":{"h":8.0,"d":4.8,"a":5,"l":"d","gn":8,"t":15},"geometry":{"type":"Point","coordinates":[415090.5,5656701.5]}},{"type":"Feature","properties":{"h":25.0,"d":14.3,"a":0,"l":"d","gn":10,"t":33},"geometry":{"type":"Point","coordinates":[415090.9,5656702.9]}},{"type":"Feature","properties":{"h":23.0,"d":13.1,"a":0,"l":"d","gn":4,"t":51},"geometry":{"type":"Point","coordinates":[415091.1,5656666.1]}},{"type":"Feature","properties":{"h":17.0,"d":8.5,"a":1,"l":"d","gn":11,"t":28},"geometry":{"type":"Point","coordinates":[415091.1,5656867.3]}},{"type":"Feature","properties":{"h":27.0,"d":15.4,"a":0,"l":"d","gn":4,"t":71},"geometry":{"type":"Point","coordinates":[415091.2,5656670.0]}},{"type":"Feature","properties":{"h":20.0,"d":11.4,"a":0,"l":"d","gn":3,"t":51},"geometry":{"type":"Point","coordinates":[415091.3,5656756.1]}},{"type":"Feature","properties":{"h":17.0,"d":9.7,"a":0,"l":"d","gn":1,"t":22},"geometry":{"type":"Point","coordinates":[415091.5,5656652.6]}},{"type":"Feature","properties":{"h":22.0,"d":12.6,"a":0,"l":"d","gn":1,"t":37},"geometry":{"type":"Point","coordinates":[415091.5,5656902.3]}},{"type":"Feature","properties":{"h":12.0,"d":6.0,"a":1,"l":"d","gn":11,"t":17},"geometry":{"type":"Point","coordinates":[415092.3,5656675.7]}},{"type":"Feature","properties":{"h":18.0,"d":10.8,"a":5,"l":"d","gn":8,"t":19},"geometry":{"type":"Point","coordinates":[415092.4,5656709.5]}},{"type":"Feature","properties":{"h":13.0,"d":7.8,"a":5,"l":"d","gn":8,"t":18},"geometry":{"type":"Point","coordinates":[415092.4,5656704.9]}},{"type":"Feature","properties":{"h":18.0,"d":10.0,"a":0,"l":"d","gn":3,"t":50},"geometry":{"type":"Point","coordinates":[415092.5,5656010.9]}},{"type":"Feature","properties":{"h":23.0,"d":13.1,"a":0,"l":"d","gn":1,"t":22},"geometry":{"type":"Point","coordinates":[415092.6,5656726.1]}},{"type":"Feature","properties":{"h":18.0,"d":12.0,"a":0,"l":"d","gn":10,"t":32},"geometry":{"type":"Point","coordinates":[415093.0,5656310.6]}},{"type":"Feature","properties":{"h":5.0,"d":1.0,"a":2,"l":"d","gn":6,"t":6},"geometry":{"type":"Point","coordinates":[415093.0,5657967.3]}},{"type":"Feature","properties":{"h":14.0,"d":8.0,"a":0,"l":"d","gn":1,"t":19},"geometry":{"type":"Point","coordinates":[415093.1,5656659.3]}},{"type":"Feature","properties":{"h":8.0,"d":4.8,"a":5,"l":"d","gn":8,"t":13},"geometry":{"type":"Point","coordinates":[415093.2,5656651.7]}},{"type":"Feature","properties":{"h":22.0,"d":14.3,"a":3,"l":"e","t":49},"geometry":{"type":"Point","coordinates":[415093.3,5656911.9]}},{"type":"Feature","properties":{"h":22.0,"d":14.3,"a":3,"l":"e","t":38},"geometry":{"type":"Point","coordinates":[415093.6,5656905.0]}},{"type":"Feature","properties":{"h":8.0,"d":4.6,"a":0,"l":"d","gn":3,"t":12},"geometry":{"type":"Point","coordinates":[415093.6,5656716.9]}},{"type":"Feature","properties":{"h":21.0,"d":12.0,"a":0,"l":"d","gn":1,"t":19},"geometry":{"type":"Point","coordinates":[415093.7,5656721.2]}},{"type":"Feature","properties":{"h":22.0,"d":14.3,"a":3,"l":"e","t":40},"geometry":{"type":"Point","coordinates":[415093.7,5656871.8]}},{"type":"Feature","properties":{"h":25.0,"d":14.3,"a":0,"l":"d","t":84},"geometry":{"type":"Point","coordinates":[415094.0,5656969.5]}},{"type":"Feature","properties":{"h":32.0,"d":18.3,"a":0,"l":"d","gn":4,"t":63},"geometry":{"type":"Point","coordinates":[415094.1,5656792.5]}},{"type":"Feature","properties":{"h":7.0,"d":3.5,"a":1,"l":"d","gn":11,"t":18},"geometry":{"type":"Point","coordinates":[415094.4,5656797.0]}},{"type":"Feature","properties":{"h":13.0,"d":7.8,"a":5,"l":"d","gn":8,"t":16},"geometry":{"type":"Point","coordinates":[415094.5,5656697.1]}},{"type":"Feature","properties":{"h":22.0,"d":12.6,"a":0,"l":"d","gn":1,"t":26},"geometry":{"type":"Point","coordinates":[415094.5,5656863.6]}},{"type":"Feature","properties":{"h":18.0,"d":16.0,"a":0,"l":"d","gn":10,"t":62},"geometry":{"type":"Point","coordinates":[415094.7,5656287.0]}},{"type":"Feature","properties":{"h":17.0,"d":10.2,"a":5,"l":"d","gn":8,"t":11},"geometry":{"type":"Point","coordinates":[415094.9,5656696.1]}},{"type":"Feature","properties":{"h":6.0,"d":3.4,"a":0,"l":"d","gn":4,"t":12},"geometry":{"type":"Point","coordinates":[415094.9,5656800.2]}},{"type":"Feature","properties":{"h":21.0,"d":13.7,"a":3,"l":"e","t":39},"geometry":{"type":"Point","coordinates":[415095.0,5656913.7]}},{"type":"Feature","properties":{"h":11.0,"d":6.3,"a":0,"l":"d","gn":1,"t":14},"geometry":{"type":"Point","coordinates":[415095.2,5656667.8]}},{"type":"Feature","properties":{"h":28.0,"d":16.0,"a":0,"l":"d","gn":10,"t":40},"geometry":{"type":"Point","coordinates":[415095.4,5656692.8]}},{"type":"Feature","properties":{"h":12.0,"d":7.2,"a":5,"l":"d","gn":8,"t":16},"geometry":{"type":"Point","coordinates":[415095.8,5656702.0]}},{"type":"Feature","properties":{"h":18.0,"d":12.0,"a":0,"l":"d","gn":10,"t":36},"geometry":{"type":"Point","coordinates":[415096.2,5656297.3]}},{"type":"Feature","properties":{"h":14.0,"d":7.0,"a":1,"l":"d","gn":11,"t":17},"geometry":{"type":"Point","coordinates":[415096.3,5656677.2]}},{"type":"Feature","properties":{"h":17.0,"d":9.7,"a":0,"l":"d","gn":1,"t":21},"geometry":{"type":"Point","coordinates":[415096.4,5656662.4]}},{"type":"Feature","properties":{"h":22.0,"d":14.3,"a":3,"l":"e","t":51},"geometry":{"type":"Point","coordinates":[415096.5,5656868.0]}},{"type":"Feature","properties":{"h":18.0,"d":10.0,"a":0,"l":"d","gn":10,"t":26},"geometry":{"type":"Point","coordinates":[415096.7,5656292.1]}},{"type":"Feature","properties":{"h":18.0,"d":10.0,"a":0,"l":"d","gn":10,"t":33},"geometry":{"type":"Point","coordinates":[415096.7,5656298.2]}},{"type":"Feature","properties":{"h":12.0,"d":7.2,"a":5,"l":"d","gn":8,"t":10},"geometry":{"type":"Point","coordinates":[415096.8,5656712.7]}},{"type":"Feature","properties":{"h":27.0,"d":15.4,"a":0,"l":"d","gn":4,"t":40},"geometry":{"type":"Point","coordinates":[415097.1,5656924.1]}},{"type":"Feature","properties":{"h":14.0,"d":8.4,"a":5,"l":"d","gn":8,"t":14},"geometry":{"type":"Point","coordinates":[415097.2,5656700.2]}},{"type":"Feature","properties":{"h":22.0,"d":14.3,"a":3,"l":"e","t":45},"geometry":{"type":"Point","coordinates":[415097.2,5656856.7]}},{"type":"Feature","properties":{"h":20.0,"d":11.4,"a":0,"l":"d"},"geometry":{"type":"Point","coordinates":[415097.3,5656645.4]}},{"type":"Feature","properties":{"h":15.0,"d":9.0,"a":5,"l":"d","gn":8,"t":26},"geometry":{"type":"Point","coordinates":[415097.3,5656693.7]}},{"type":"Feature","properties":{"h":12.0,"d":7.2,"a":5,"l":"d","gn":8,"t":18},"geometry":{"type":"Point","coordinates":[415097.4,5656704.1]}},{"type":"Feature","properties":{"h":20.0,"d":11.4,"a":0,"l":"d"},"geometry":{"type":"Point","coordinates":[415097.8,5656609.0]}},{"type":"Feature","properties":{"h":23.0,"d":15.0,"a":3,"l":"e","t":66},"geometry":{"type":"Point","coordinates":[415097.8,5656843.5]}},{"type":"Feature","properties":{"h":23.0,"d":13.1,"a":0,"l":"d","gn":10,"t":31},"geometry":{"type":"Point","coordinates":[415097.8,5656702.8]}},{"type":"Feature","properties":{"h":26.0,"d":14.9,"a":0,"l":"d","gn":3,"t":41},"geometry":{"type":"Point","coordinates":[415097.9,5656690.1]}},{"type":"Feature","properties":{"h":15.0,"d":9.0,"a":5,"l":"d","gn":8,"t":21},"geometry":{"type":"Point","coordinates":[415097.9,5656707.4]}},{"type":"Feature","properties":{"h":16.0,"d":8.0,"a":1,"l":"d","gn":11,"t":31},"geometry":{"type":"Point","coordinates":[415098.1,5656681.4]}},{"type":"Feature","properties":{"h":13.0,"d":7.4,"a":0,"l":"d","gn":10,"t":33},"geometry":{"type":"Point","coordinates":[415098.3,5656662.4]}},{"type":"Feature","properties":{"h":7.0,"d":4.2,"a":5,"l":"d","gn":8,"t":10},"geometry":{"type":"Point","coordinates":[415098.5,5656709.3]}},{"type":"Feature","properties":{"h":25.0,"d":16.3,"a":3,"l":"e","t":44},"geometry":{"type":"Point","coordinates":[415098.6,5656781.3]}},{"type":"Feature","properties":{"h":20.0,"d":11.4,"a":0,"l":"d"},"geometry":{"type":"Point","coordinates":[415098.6,5656963.6]}},{"type":"Feature","properties":{"h":23.0,"d":13.1,"a":0,"l":"d","gn":1,"t":30},"geometry":{"type":"Point","coordinates":[415098.8,5656904.6]}},{"type":"Feature","properties":{"h":17.0,"d":8.5,"a":1,"l":"d","gn":11,"t":19},"geometry":{"type":"Point","coordinates":[415099.1,5656682.8]}},{"type":"Feature","properties":{"h":22.0,"d":14.3,"a":3,"l":"e","t":30},"geometry":{"type":"Point","coordinates":[415099.2,5656907.5]}},{"type":"Feature","properties":{"h":26.0,"d":14.9,"a":0,"l":"d","gn":10,"t":30},"geometry":{"type":"Point","coordinates":[415099.4,5656696.4]}},{"type":"Feature","properties":{"h":17.0,"d":9.7,"a":0,"l":"d","gn":10,"t":35},"geometry":{"type":"Point","coordinates":[415099.5,5656772.5]}},{"type":"Feature","properties":{"h":20.0,"d":11.4,"a":0,"l":"d"},"geometry":{"type":"Point","coordinates":[415099.8,5656639.3]}},{"type":"Feature","properties":{"h":8.0,"d":4.0,"a":1,"l":"d","gn":11,"t":12},"geometry":{"type":"Point","coordinates":[415100.0,5656757.8]}},{"type":"Feature","properties":{"h":14.0,"d":8.4,"a":5,"l":"d","gn":8,"t":16},"geometry":{"type":"Point","coordinates":[415100.2,5656758.7]}},{"type":"Feature","properties":{"h":13.0,"d":7.8,"a":5,"l":"d","gn":8,"t":16},"geometry":{"type":"Point","coordinates":[415100.6,5656686.4]}},{"type":"Feature","properties":{"h":13.0,"d":7.8,"a":5,"l":"d","gn":8,"t":32},"geometry":{"type":"Point","coordinates":[415101.1,5656700.2]}},{"type":"Feature","properties":{"h":9.0,"d":5.4,"a":5,"l":"d","gn":8,"t":15},"geometry":{"type":"Point","coordinates":[415101.1,5656764.6]}},{"type":"Feature","properties":{"h":20.0,"d":11.4,"a":0,"l":"d"},"geometry":{"type":"Point","coordinates":[415101.1,5656631.7]}},{"type":"Feature","properties":{"h":7.0,"d":4.0,"a":0,"l":"d","gn":10,"t":42},"geometry":{"type":"Point","coordinates":[415101.5,5656692.7]}},{"type":"Feature","properties":{"h":20.0,"d":11.4,"a":0,"l":"d"},"geometry":{"type":"Point","coordinates":[415101.5,5656633.8]}},{"type":"Feature","properties":{"h":20.0,"d":11.4,"a":0,"l":"d"},"geometry":{"type":"Point","coordinates":[415101.8,5656961.0]}},{"type":"Feature","properties":{"h":23.0,"d":15.0,"a":3,"l":"e","t":47},"geometry":{"type":"Point","coordinates":[415102.0,5656803.0]}},{"type":"Feature","properties":{"h":21.0,"d":12.6,"a":5,"l":"d","gn":8,"t":30},"geometry":{"type":"Point","coordinates":[415102.1,5656915.4]}},{"type":"Feature","properties":{"h":22.0,"d":14.3,"a":3,"l":"e","t":31},"geometry":{"type":"Point","coordinates":[415102.1,5656910.7]}},{"type":"Feature","properties":{"h":8.0,"d":4.0,"a":1,"l":"d","gn":16,"t":10},"geometry":{"type":"Point","coordinates":[415102.3,5656788.5]}},{"type":"Feature","properties":{"h":13.0,"d":6.5,"a":1,"l":"d","gn":11,"t":22},"geometry":{"type":"Point","coordinates":[415102.5,5656705.0]}},{"type":"Feature","properties":{"h":9.0,"d":5.4,"a":5,"l":"d","gn":8,"t":9},"geometry":{"type":"Point","coordinates":[415102.8,5656753.5]}},{"type":"Feature","properties":{"h":5.0,"d":1.0,"a":2,"l":"d","gn":6,"t":6},"geometry":{"type":"Point","coordinates":[415103.2,5657968.4]}},{"type":"Feature","properties":{"h":20.0,"d":11.4,"a":0,"l":"d"},"geometry":{"type":"Point","coordinates":[415103.4,5656937.5]}},{"type":"Feature","properties":{"h":15.0,"d":8.6,"a":0,"l":"d","gn":4,"t":18},"geometry":{"type":"Point","coordinates":[415103.4,5656771.0]}},{"type":"Feature","properties":{"h":20.0,"d":11.4,"a":0,"l":"d"},"geometry":{"type":"Point","coordinates":[415103.5,5656939.1]}},{"type":"Feature","properties":{"h":15.0,"d":9.0,"a":5,"l":"d","gn":8,"t":16},"geometry":{"type":"Point","coordinates":[415103.5,5656696.9]}},{"type":"Feature","properties":{"h":8.0,"d":4.8,"a":5,"l":"d","gn":8,"t":10},"geometry":{"type":"Point","coordinates":[415103.7,5656757.0]}},{"type":"Feature","properties":{"h":22.0,"d":14.3,"a":3,"l":"e","t":33},"geometry":{"type":"Point","coordinates":[415104.0,5656812.0]}},{"type":"Feature","properties":{"h":6.0,"d":3.6,"a":5,"l":"d","gn":8,"t":8},"geometry":{"type":"Point","coordinates":[415104.0,5656763.2]}},{"type":"Feature","properties":{"h":20.0,"d":11.4,"a":0,"l":"d"},"geometry":{"type":"Point","coordinates":[415104.0,5656950.1]}},{"type":"Feature","properties":{"h":15.0,"d":8.6,"a":0,"l":"d","gn":1,"t":24},"geometry":{"type":"Point","coordinates":[415104.2,5656700.2]}},{"type":"Feature","properties":{"h":9.0,"d":4.5,"a":1,"l":"d","gn":16,"t":10},"geometry":{"type":"Point","coordinates":[415104.8,5656785.0]}},{"type":"Feature","properties":{"h":6.0,"d":3.6,"a":5,"l":"d","gn":8,"t":7},"geometry":{"type":"Point","coordinates":[415104.9,5656764.3]}},{"type":"Feature","properties":{"h":22.0,"d":14.3,"a":3,"l":"e","t":48},"geometry":{"type":"Point","coordinates":[415105.5,5656849.6]}},{"type":"Feature","properties":{"h":20.0,"d":11.4,"a":0,"l":"d"},"geometry":{"type":"Point","coordinates":[415105.7,5656958.9]}},{"type":"Feature","properties":{"h":15.0,"d":8.6,"a":0,"l":"d","gn":10,"t":17},"geometry":{"type":"Point","coordinates":[415105.8,5656920.2]}},{"type":"Feature","properties":{"h":20.0,"d":13.0,"a":3,"l":"e","t":38},"geometry":{"type":"Point","coordinates":[415105.9,5656911.9]}},{"type":"Feature","properties":{"h":19.0,"d":9.5,"a":1,"l":"d","gn":11,"t":26},"geometry":{"type":"Point","coordinates":[415106.0,5656916.9]}},{"type":"Feature","properties":{"h":17.0,"d":9.7,"a":0,"l":"d","gn":3,"t":24},"geometry":{"type":"Point","coordinates":[415106.0,5656915.6]}},{"type":"Feature","properties":{"h":20.0,"d":11.4,"a":0,"l":"d"},"geometry":{"type":"Point","coordinates":[415106.2,5656653.1]}},{"type":"Feature","properties":{"h":20.0,"d":11.4,"a":0,"l":"d"},"geometry":{"type":"Point","coordinates":[415106.2,5656633.8]}},{"type":"Feature","properties":{"h":22.0,"d":14.3,"a":3,"l":"e","t":31},"geometry":{"type":"Point","coordinates":[415106.5,5656803.2]}},{"type":"Feature","properties":{"h":15.0,"d":9.8,"a":3,"l":"e","t":36},"geometry":{"type":"Point","coordinates":[415106.8,5656782.0]}},{"type":"Feature","properties":{"h":16.0,"d":8.0,"a":1,"l":"d","gn":11,"t":20},"geometry":{"type":"Point","coordinates":[415106.9,5656825.5]}},{"type":"Feature","properties":{"h":21.0,"d":13.7,"a":3,"l":"e","t":38},"geometry":{"type":"Point","coordinates":[415107.1,5656909.0]}},{"type":"Feature","properties":{"h":20.0,"d":11.4,"a":0,"l":"d"},"geometry":{"type":"Point","coordinates":[415107.3,5656659.4]}},{"type":"Feature","properties":{"h":4.0,"d":2.3,"a":0,"l":"d","gn":1,"t":7},"geometry":{"type":"Point","coordinates":[415107.3,5656739.8]}},{"type":"Feature","properties":{"h":22.0,"d":14.3,"a":3,"l":"e","t":38},"geometry":{"type":"Point","coordinates":[415107.4,5656819.4]}},{"type":"Feature","properties":{"h":17.0,"d":9.7,"a":0,"l":"d","gn":3,"t":19},"geometry":{"type":"Point","coordinates":[415107.7,5656741.6]}},{"type":"Feature","properties":{"h":5.0,"d":2.9,"a":0,"l":"d","gn":4,"t":14},"geometry":{"type":"Point","coordinates":[415108.2,5656771.4]}},{"type":"Feature","properties":{"h":20.0,"d":11.4,"a":0,"l":"d"},"geometry":{"type":"Point","coordinates":[415108.3,5656604.7]}},{"type":"Feature","properties":{"h":23.0,"d":15.0,"a":3,"l":"e","t":38},"geometry":{"type":"Point","coordinates":[415108.3,5656813.7]}},{"type":"Feature","properties":{"h":12.0,"d":6.0,"a":1,"l":"d","gn":11,"t":12},"geometry":{"type":"Point","coordinates":[415108.3,5656917.9]}},{"type":"Feature","properties":{"h":13.0,"d":6.5,"a":1,"l":"d","gn":11,"t":15},"geometry":{"type":"Point","coordinates":[415108.3,5656798.7]}},{"type":"Feature","properties":{"h":10.0,"d":6.0,"a":5,"l":"d","gn":8,"t":12},"geometry":{"type":"Point","coordinates":[415108.5,5656749.5]}},{"type":"Feature","properties":{"h":22.0,"d":14.3,"a":3,"l":"e","t":41},"geometry":{"type":"Point","coordinates":[415108.6,5656790.8]}},{"type":"Feature","properties":{"h":5.0,"d":1.0,"a":2,"l":"d","gn":6,"t":6},"geometry":{"type":"Point","coordinates":[415110.0,5657969.3]}},{"type":"Feature","properties":{"h":5.0,"d":3.0,"a":5,"l":"d","gn":8,"t":7},"geometry":{"type":"Point","coordinates":[415110.1,5656733.7]}},{"type":"Feature","properties":{"h":7.0,"d":4.2,"a":5,"l":"d","gn":8,"t":8},"geometry":{"type":"Point","coordinates":[415110.3,5656732.8]}},{"type":"Feature","properties":{"h":20.0,"d":11.4,"a":0,"l":"d"},"geometry":{"type":"Point","coordinates":[415110.3,5656614.4]}},{"type":"Feature","properties":{"h":24.0,"d":13.7,"a":0,"l":"d","gn":31},"geometry":{"type":"Point","coordinates":[415110.6,5656959.1]}},{"type":"Feature","properties":{"h":20.0,"d":11.4,"a":0,"l":"d"},"geometry":{"type":"Point","coordinates":[415110.8,5656928.8]}},{"type":"Feature","properties":{"h":4.0,"d":2.6,"a":3,"l":"e","t":6},"geometry":{"type":"Point","coordinates":[415111.0,5656682.3]}},{"type":"Feature","properties":{"h":3.0,"d":2.0,"a":3,"l":"e","t":5},"geometry":{"type":"Point","coordinates":[415111.1,5656674.6]}},{"type":"Feature","properties":{"h":17.0,"d":11.1,"a":3,"l":"e","t":24},"geometry":{"type":"Point","coordinates":[415111.1,5656685.9]}},{"type":"Feature","properties":{"h":6.0,"d":3.4,"a":0,"l":"d","gn":4,"t":11},"geometry":{"type":"Point","coordinates":[415111.3,5656777.4]}},{"type":"Feature","properties":{"h":8.0,"d":4.8,"a":5,"l":"d","gn":8,"t":10},"geometry":{"type":"Point","coordinates":[415111.3,5656733.1]}},{"type":"Feature","properties":{"h":23.0,"d":15.0,"a":3,"l":"e","t":40},"geometry":{"type":"Point","coordinates":[415111.5,5656910.6]}},{"type":"Feature","properties":{"h":21.0,"d":13.7,"a":3,"l":"e","t":27},"geometry":{"type":"Point","coordinates":[415111.5,5656692.2]}},{"type":"Feature","properties":{"h":23.0,"d":15.0,"a":3,"l":"e","t":49},"geometry":{"type":"Point","coordinates":[415112.5,5656842.1]}},{"type":"Feature","properties":{"h":22.0,"d":14.3,"a":3,"l":"e","t":35},"geometry":{"type":"Point","coordinates":[415112.9,5656833.2]}},{"type":"Feature","properties":{"h":20.0,"d":11.4,"a":0,"l":"d"},"geometry":{"type":"Point","coordinates":[415112.9,5656926.8]}},{"type":"Feature","properties":{"h":20.0,"d":11.4,"a":0,"l":"d"},"geometry":{"type":"Point","coordinates":[415112.9,5656633.9]}},{"type":"Feature","properties":{"h":14.0,"d":9.1,"a":3,"l":"e","t":19},"geometry":{"type":"Point","coordinates":[415113.5,5656688.3]}},{"type":"Feature","properties":{"h":26.0,"d":14.9,"a":0,"l":"d","gn":4,"t":33},"geometry":{"type":"Point","coordinates":[415113.9,5656775.1]}},{"type":"Feature","properties":{"h":9.0,"d":5.9,"a":3,"l":"e","t":31},"geometry":{"type":"Point","coordinates":[415114.4,5656786.1]}},{"type":"Feature","properties":{"h":24.0,"d":13.7,"a":0,"l":"d","gn":3,"t":26},"geometry":{"type":"Point","coordinates":[415114.5,5656734.8]}},{"type":"Feature","properties":{"h":18.0,"d":10.3,"a":0,"l":"d","gn":3,"t":21},"geometry":{"type":"Point","coordinates":[415114.5,5656739.3]}},{"type":"Feature","properties":{"h":20.0,"d":11.4,"a":0,"l":"d"},"geometry":{"type":"Point","coordinates":[415114.6,5656952.9]}},{"type":"Feature","properties":{"h":24.0,"d":13.7,"a":0,"l":"d","gn":4,"t":28},"geometry":{"type":"Point","coordinates":[415114.9,5656744.6]}},{"type":"Feature","properties":{"h":12.0,"d":6.9,"a":0,"l":"d","gn":4,"t":16},"geometry":{"type":"Point","coordinates":[415114.9,5656814.7]}},{"type":"Feature","properties":{"h":17.0,"d":8.5,"a":1,"l":"d","gn":11,"t":31},"geometry":{"type":"Point","coordinates":[415115.1,5656678.1]}},{"type":"Feature","properties":{"h":24.0,"d":13.7,"a":0,"l":"d","gn":4,"t":42},"geometry":{"type":"Point","coordinates":[415115.4,5656833.0]}},{"type":"Feature","properties":{"h":5.0,"d":1.0,"a":1,"l":"d","t":6},"geometry":{"type":"Point","coordinates":[415115.6,5656018.0]}},{"type":"Feature","properties":{"h":7.0,"d":4.2,"a":5,"l":"d","gn":8,"t":10},"geometry":{"type":"Point","coordinates":[415115.7,5656725.0]}},{"type":"Feature","properties":{"h":20.0,"d":11.4,"a":0,"l":"d"},"geometry":{"type":"Point","coordinates":[415115.7,5656611.2]}},{"type":"Feature","properties":{"h":12.0,"d":7.8,"a":3,"l":"e","t":16},"geometry":{"type":"Point","coordinates":[415116.0,5656700.0]}},{"type":"Feature","properties":{"h":17.0,"d":11.1,"a":3,"l":"e","t":24},"geometry":{"type":"Point","coordinates":[415116.8,5656685.7]}},{"type":"Feature","properties":{"h":25.0,"d":14.3,"a":0,"l":"d","gn":4,"t":62},"geometry":{"type":"Point","coordinates":[415117.0,5656903.2]}},{"type":"Feature","properties":{"h":5.0,"d":1.0,"a":2,"l":"d","gn":6,"t":6},"geometry":{"type":"Point","coordinates":[415117.1,5657970.2]}},{"type":"Feature","properties":{"h":20.0,"d":11.4,"a":0,"l":"d"},"geometry":{"type":"Point","coordinates":[415117.3,5656598.5]}},{"type":"Feature","properties":{"h":20.0,"d":11.4,"a":0,"l":"d"},"geometry":{"type":"Point","coordinates":[415117.5,5656951.5]}},{"type":"Feature","properties":{"h":21.0,"d":12.0,"a":0,"l":"d","gn":4,"t":25},"geometry":{"type":"Point","coordinates":[415117.7,5656832.2]}},{"type":"Feature","properties":{"h":22.0,"d":12.6,"a":0,"l":"d","gn":4,"t":27},"geometry":{"type":"Point","coordinates":[415117.7,5656825.1]}},{"type":"Feature","properties":{"h":22.0,"d":14.3,"a":3,"l":"e","t":38},"geometry":{"type":"Point","coordinates":[415117.8,5656877.0]}},{"type":"Feature","properties":{"h":16.0,"d":11.0,"a":0,"l":"d","gn":9,"t":43},"geometry":{"type":"Point","coordinates":[415118.1,5657180.6]}},{"type":"Feature","properties":{"h":17.0,"d":9.7,"a":0,"l":"d","gn":3,"t":53},"geometry":{"type":"Point","coordinates":[415118.1,5656716.8]}},{"type":"Feature","properties":{"h":11.0,"d":7.2,"a":3,"l":"e","t":16},"geometry":{"type":"Point","coordinates":[415118.2,5656700.6]}},{"type":"Feature","properties":{"h":20.0,"d":11.4,"a":0,"l":"d"},"geometry":{"type":"Point","coordinates":[415118.3,5656597.1]}},{"type":"Feature","properties":{"h":5.0,"d":2.0,"a":1,"l":"d","t":8},"geometry":{"type":"Point","coordinates":[415118.3,5656026.3]}},{"type":"Feature","properties":{"h":25.0,"d":14.3,"a":0,"l":"d","gn":4,"t":38},"geometry":{"type":"Point","coordinates":[415118.3,5656904.7]}},{"type":"Feature","properties":{"h":12.0,"d":7.8,"a":3,"l":"e","t":17},"geometry":{"type":"Point","coordinates":[415118.3,5656704.7]}},{"type":"Feature","properties":{"h":16.0,"d":10.4,"a":3,"l":"e","t":21},"geometry":{"type":"Point","coordinates":[415118.3,5656683.7]}},{"type":"Feature","properties":{"h":27.0,"d":15.4,"a":0,"l":"d","gn":4,"t":62},"geometry":{"type":"Point","coordinates":[415118.5,5656895.9]}},{"type":"Feature","properties":{"h":13.0,"d":7.8,"a":5,"l":"d","gn":8,"t":26},"geometry":{"type":"Point","coordinates":[415118.7,5656710.1]}},{"type":"Feature","properties":{"h":24.0,"d":15.6,"a":3,"l":"e","t":27},"geometry":{"type":"Point","coordinates":[415118.8,5656691.7]}},{"type":"Feature","properties":{"h":20.0,"d":11.4,"a":0,"l":"d","t":45},"geometry":{"type":"Point","coordinates":[415118.9,5656654.1]}},{"type":"Feature","properties":{"h":26.0,"d":14.9,"a":0,"l":"d","gn":4,"t":39},"geometry":{"type":"Point","coordinates":[415119.0,5656901.4]}},{"type":"Feature","properties":{"h":27.0,"d":15.4,"a":0,"l":"d","gn":4,"t":42},"geometry":{"type":"Point","coordinates":[415119.3,5656754.0]}},{"type":"Feature","properties":{"h":22.0,"d":14.3,"a":3,"l":"e","t":33},"geometry":{"type":"Point","coordinates":[415119.3,5656816.3]}},{"type":"Feature","properties":{"h":20.0,"d":11.4,"a":0,"l":"d"},"geometry":{"type":"Point","coordinates":[415119.6,5656920.0]}},{"type":"Feature","properties":{"h":21.0,"d":13.7,"a":3,"l":"e","t":31},"geometry":{"type":"Point","coordinates":[415119.6,5656822.5]}},{"type":"Feature","properties":{"h":21.0,"d":13.7,"a":3,"l":"e","t":21},"geometry":{"type":"Point","coordinates":[415119.8,5656697.1]}},{"type":"Feature","properties":{"h":13.0,"d":8.5,"a":3,"l":"e","t":15},"geometry":{"type":"Point","coordinates":[415120.0,5656681.2]}},{"type":"Feature","properties":{"h":23.0,"d":15.0,"a":3,"l":"e","t":11},"geometry":{"type":"Point","coordinates":[415120.1,5656671.9]}},{"type":"Feature","properties":{"h":17.0,"d":11.1,"a":3,"l":"e","t":20},"geometry":{"type":"Point","coordinates":[415120.1,5656684.9]}},{"type":"Feature","properties":{"h":20.0,"d":11.4,"a":0,"l":"d"},"geometry":{"type":"Point","coordinates":[415120.1,5656635.0]}},{"type":"Feature","properties":{"h":23.0,"d":13.1,"a":0,"l":"d","gn":4,"t":27},"geometry":{"type":"Point","coordinates":[415120.2,5656741.3]}},{"type":"Feature","properties":{"h":13.0,"d":8.5,"a":3,"l":"e","t":15},"geometry":{"type":"Point","coordinates":[415120.3,5656694.1]}},{"type":"Feature","properties":{"h":28.0,"d":16.0,"a":0,"l":"d","gn":4,"t":61},"geometry":{"type":"Point","coordinates":[415120.4,5656848.9]}},{"type":"Feature","properties":{"h":7.0,"d":4.6,"a":3,"l":"e","t":10},"geometry":{"type":"Point","coordinates":[415120.5,5656703.0]}},{"type":"Feature","properties":{"h":22.0,"d":14.3,"a":3,"l":"e","t":42},"geometry":{"type":"Point","coordinates":[415120.7,5656824.0]}},{"type":"Feature","properties":{"h":15.0,"d":8.6,"a":0,"l":"d","gn":3,"t":17},"geometry":{"type":"Point","coordinates":[415120.7,5656761.4]}},{"type":"Feature","properties":{"h":5.0,"d":2.0,"a":1,"l":"d","t":8},"geometry":{"type":"Point","coordinates":[415120.7,5656034.2]}},{"type":"Feature","properties":{"h":22.0,"d":14.3,"a":3,"l":"e","t":46},"geometry":{"type":"Point","coordinates":[415120.8,5656837.1]}},{"type":"Feature","properties":{"h":26.0,"d":14.9,"a":0,"l":"d","gn":4,"t":40},"geometry":{"type":"Point","coordinates":[415120.8,5656758.4]}},{"type":"Feature","properties":{"h":13.0,"d":8.5,"a":3,"l":"e","t":13},"geometry":{"type":"Point","coordinates":[415120.9,5656674.6]}},{"type":"Feature","properties":{"h":8.0,"d":5.2,"a":3,"l":"e","t":13},"geometry":{"type":"Point","coordinates":[415121.0,5656700.9]}},{"type":"Feature","properties":{"h":20.0,"d":11.4,"a":0,"l":"d"},"geometry":{"type":"Point","coordinates":[415121.1,5656927.0]}},{"type":"Feature","properties":{"h":21.0,"d":13.7,"a":3,"l":"e","t":24},"geometry":{"type":"Point","coordinates":[415121.3,5656682.6]}},{"type":"Feature","properties":{"h":18.0,"d":10.3,"a":0,"l":"d","gn":4,"t":19},"geometry":{"type":"Point","coordinates":[415121.3,5656773.7]}},{"type":"Feature","properties":{"h":9.0,"d":5.4,"a":5,"l":"d","gn":8,"t":15},"geometry":{"type":"Point","coordinates":[415121.8,5656711.6]}},{"type":"Feature","properties":{"h":24.0,"d":13.7,"a":0,"l":"d","gn":4,"t":31},"geometry":{"type":"Point","coordinates":[415121.8,5656741.3]}},{"type":"Feature","properties":{"h":14.0,"d":8.0,"a":0,"l":"d","gn":3,"t":22},"geometry":{"type":"Point","coordinates":[415122.0,5656721.9]}},{"type":"Feature","properties":{"h":26.0,"d":14.9,"a":0,"l":"d","gn":4,"t":63},"geometry":{"type":"Point","coordinates":[415122.1,5656733.8]}},{"type":"Feature","properties":{"h":15.0,"d":9.8,"a":3,"l":"e","t":16},"geometry":{"type":"Point","coordinates":[415122.2,5656686.4]}},{"type":"Feature","properties":{"h":8.0,"d":5.2,"a":3,"l":"e","t":17},"geometry":{"type":"Point","coordinates":[415122.2,5656705.8]}},{"type":"Feature","properties":{"h":22.0,"d":14.3,"a":3,"l":"e","t":34},"geometry":{"type":"Point","coordinates":[415122.4,5656882.8]}},{"type":"Feature","properties":{"h":14.0,"d":9.1,"a":3,"l":"e","t":19},"geometry":{"type":"Point","coordinates":[415122.5,5656692.7]}},{"type":"Feature","properties":{"h":20.0,"d":11.4,"a":0,"l":"d"},"geometry":{"type":"Point","coordinates":[415122.9,5656620.6]}},{"type":"Feature","properties":{"h":20.0,"d":11.4,"a":0,"l":"d"},"geometry":{"type":"Point","coordinates":[415123.0,5656928.0]}},{"type":"Feature","properties":{"h":21.0,"d":13.7,"a":3,"l":"e","t":21},"geometry":{"type":"Point","coordinates":[415123.1,5656715.7]}},{"type":"Feature","properties":{"h":23.0,"d":15.0,"a":3,"l":"e","t":49},"geometry":{"type":"Point","coordinates":[415123.2,5656843.4]}},{"type":"Feature","properties":{"h":27.0,"d":15.4,"a":0,"l":"d","gn":5,"t":36},"geometry":{"type":"Point","coordinates":[415123.2,5656760.3]}},{"type":"Feature","properties":{"h":5.0,"d":2.0,"a":1,"l":"d","t":8},"geometry":{"type":"Point","coordinates":[415123.3,5656042.2]}},{"type":"Feature","properties":{"h":20.0,"d":11.4,"a":0,"l":"d"},"geometry":{"type":"Point","coordinates":[415123.3,5656938.2]}},{"type":"Feature","properties":{"h":23.0,"d":15.0,"a":3,"l":"e","t":37},"geometry":{"type":"Point","coordinates":[415123.4,5656801.6]}},{"type":"Feature","properties":{"h":15.0,"d":8.6,"a":0,"l":"d","gn":3,"t":18},"geometry":{"type":"Point","coordinates":[415124.0,5656743.4]}},{"type":"Feature","properties":{"h":20.0,"d":11.4,"a":0,"l":"d"},"geometry":{"type":"Point","coordinates":[415124.3,5656917.1]}},{"type":"Feature","properties":{"h":20.0,"d":11.4,"a":0,"l":"d"},"geometry":{"type":"Point","coordinates":[415124.3,5656664.3]}},{"type":"Feature","properties":{"h":9.0,"d":5.9,"a":3,"l":"e","t":13},"geometry":{"type":"Point","coordinates":[415124.3,5656706.4]}},{"type":"Feature","properties":{"h":20.0,"d":11.4,"a":0,"l":"d"},"geometry":{"type":"Point","coordinates":[415124.5,5656914.6]}},{"type":"Feature","properties":{"h":26.0,"d":14.9,"a":0,"l":"d","gn":4,"t":43},"geometry":{"type":"Point","coordinates":[415124.6,5656894.5]}},{"type":"Feature","properties":{"h":22.0,"d":14.3,"a":3,"l":"e","t":33},"geometry":{"type":"Point","coordinates":[415124.7,5656822.0]}},{"type":"Feature","properties":{"h":13.0,"d":8.5,"a":3,"l":"e","t":17},"geometry":{"type":"Point","coordinates":[415124.8,5656702.3]}},{"type":"Feature","properties":{"h":20.0,"d":11.4,"a":0,"l":"d"},"geometry":{"type":"Point","coordinates":[415124.8,5656949.6]}},{"type":"Feature","properties":{"h":23.0,"d":15.0,"a":3,"l":"e","t":27},"geometry":{"type":"Point","coordinates":[415124.9,5656695.1]}},{"type":"Feature","properties":{"h":15.0,"d":9.8,"a":3,"l":"e","t":22},"geometry":{"type":"Point","coordinates":[415125.0,5656700.2]}},{"type":"Feature","properties":{"h":16.0,"d":9.1,"a":0,"l":"d","gn":4,"t":20},"geometry":{"type":"Point","coordinates":[415125.0,5656735.1]}},{"type":"Feature","properties":{"h":20.0,"d":11.4,"a":0,"l":"d"},"geometry":{"type":"Point","coordinates":[415125.1,5656933.1]}},{"type":"Feature","properties":{"h":17.0,"d":11.1,"a":3,"l":"e","t":25},"geometry":{"type":"Point","coordinates":[415125.3,5656690.2]}},{"type":"Feature","properties":{"h":22.0,"d":14.3,"a":3,"l":"e","t":45},"geometry":{"type":"Point","coordinates":[415125.9,5656804.8]}},{"type":"Feature","properties":{"h":21.0,"d":12.0,"a":0,"l":"d","gn":1,"t":30},"geometry":{"type":"Point","coordinates":[415126.3,5656883.2]}},{"type":"Feature","properties":{"h":5.0,"d":2.0,"a":1,"l":"d","t":8},"geometry":{"type":"Point","coordinates":[415126.6,5656014.5]}},{"type":"Feature","properties":{"h":22.0,"d":14.3,"a":3,"l":"e","t":34},"geometry":{"type":"Point","coordinates":[415126.7,5656807.8]}},{"type":"Feature","properties":{"h":22.0,"d":14.3,"a":3,"l":"e","t":23},"geometry":{"type":"Point","coordinates":[415126.8,5656703.8]}},{"type":"Feature","properties":{"h":26.0,"d":14.9,"a":0,"l":"d","gn":4,"t":38},"geometry":{"type":"Point","coordinates":[415126.9,5656737.8]}},{"type":"Feature","properties":{"h":27.0,"d":15.4,"a":0,"l":"d","gn":4,"t":52},"geometry":{"type":"Point","coordinates":[415127.1,5656756.8]}},{"type":"Feature","properties":{"h":5.0,"d":2.0,"a":1,"l":"d","t":8},"geometry":{"type":"Point","coordinates":[415127.1,5656054.4]}},{"type":"Feature","properties":{"h":20.0,"d":11.4,"a":0,"l":"d"},"geometry":{"type":"Point","coordinates":[415127.2,5656942.0]}},{"type":"Feature","properties":{"h":16.0,"d":10.0,"a":0,"l":"d","gn":9,"t":49},"geometry":{"type":"Point","coordinates":[415127.3,5657178.7]}},{"type":"Feature","properties":{"h":22.0,"d":14.3,"a":3,"l":"e","t":41},"geometry":{"type":"Point","coordinates":[415127.3,5656811.9]}},{"type":"Feature","properties":{"h":19.0,"d":12.4,"a":3,"l":"e","t":33},"geometry":{"type":"Point","coordinates":[415127.5,5656887.9]}},{"type":"Feature","properties":{"h":21.0,"d":13.7,"a":3,"l":"e","t":43},"geometry":{"type":"Point","coordinates":[415127.6,5656816.4]}},{"type":"Feature","properties":{"h":27.0,"d":15.4,"a":0,"l":"d","gn":4,"t":40},"geometry":{"type":"Point","coordinates":[415128.0,5656859.7]}},{"type":"Feature","properties":{"h":12.0,"d":7.8,"a":3,"l":"e","t":18},"geometry":{"type":"Point","coordinates":[415128.1,5656677.9]}},{"type":"Feature","properties":{"h":22.0,"d":14.3,"a":3,"l":"e","t":24},"geometry":{"type":"Point","coordinates":[415128.1,5656691.5]}},{"type":"Feature","properties":{"h":20.0,"d":11.4,"a":0,"l":"d"},"geometry":{"type":"Point","coordinates":[415128.4,5656903.5]}},{"type":"Feature","properties":{"h":21.0,"d":13.7,"a":3,"l":"e","t":20},"geometry":{"type":"Point","coordinates":[415128.4,5656703.6]}},{"type":"Feature","properties":{"h":20.0,"d":11.4,"a":0,"l":"d"},"geometry":{"type":"Point","coordinates":[415128.7,5656597.2]}},{"type":"Feature","properties":{"h":21.0,"d":13.7,"a":3,"l":"e","t":24},"geometry":{"type":"Point","coordinates":[415128.8,5656693.5]}},{"type":"Feature","properties":{"h":25.0,"d":14.3,"a":0,"l":"d","gn":4,"t":47},"geometry":{"type":"Point","coordinates":[415128.9,5656738.8]}},{"type":"Feature","properties":{"h":22.0,"d":14.3,"a":3,"l":"e","t":38},"geometry":{"type":"Point","coordinates":[415128.9,5656888.7]}},{"type":"Feature","properties":{"h":20.0,"d":11.4,"a":0,"l":"d"},"geometry":{"type":"Point","coordinates":[415129.0,5656948.7]}},{"type":"Feature","properties":{"h":30.0,"d":17.1,"a":0,"l":"d","gn":4,"t":67},"geometry":{"type":"Point","coordinates":[415129.0,5656767.9]}},{"type":"Feature","properties":{"h":5.0,"d":2.0,"a":1,"l":"d","t":8},"geometry":{"type":"Point","coordinates":[415129.0,5656022.2]}},{"type":"Feature","properties":{"h":23.0,"d":15.0,"a":3,"l":"e","t":32},"geometry":{"type":"Point","coordinates":[415129.1,5656716.2]}},{"type":"Feature","properties":{"h":22.0,"d":14.3,"a":3,"l":"e","t":41},"geometry":{"type":"Point","coordinates":[415129.4,5656783.4]}},{"type":"Feature","properties":{"h":22.0,"d":14.3,"a":3,"l":"e","t":40},"geometry":{"type":"Point","coordinates":[415129.9,5656801.7]}},{"type":"Feature","properties":{"h":5.0,"d":2.0,"a":1,"l":"d","t":8},"geometry":{"type":"Point","coordinates":[415130.0,5656063.7]}},{"type":"Feature","properties":{"h":12.0,"d":7.8,"a":3,"l":"e","t":13},"geometry":{"type":"Point","coordinates":[415130.0,5656682.8]}},{"type":"Feature","properties":{"h":22.0,"d":12.6,"a":0,"l":"d","gn":3,"t":37},"geometry":{"type":"Point","coordinates":[415130.3,5656739.7]}},{"type":"Feature","properties":{"h":22.0,"d":14.3,"a":3,"l":"e","t":17},"geometry":{"type":"Point","coordinates":[415130.7,5656704.8]}},{"type":"Feature","properties":{"h":22.0,"d":14.3,"a":3,"l":"e","t":24},"geometry":{"type":"Point","coordinates":[415130.8,5656712.5]}},{"type":"Feature","properties":{"h":25.0,"d":14.3,"a":0,"l":"d","gn":4,"t":28},"geometry":{"type":"Point","coordinates":[415130.8,5656819.4]}},{"type":"Feature","properties":{"h":20.0,"d":11.4,"a":0,"l":"d"},"geometry":{"type":"Point","coordinates":[415130.9,5656944.5]}},{"type":"Feature","properties":{"h":22.0,"d":14.3,"a":3,"l":"e","t":24},"geometry":{"type":"Point","coordinates":[415131.0,5656698.0]}},{"type":"Feature","properties":{"h":23.0,"d":15.0,"a":3,"l":"e","t":26},"geometry":{"type":"Point","coordinates":[415131.2,5656749.1]}},{"type":"Feature","properties":{"h":22.0,"d":12.6,"a":0,"l":"d","gn":1,"t":28},"geometry":{"type":"Point","coordinates":[415131.4,5656725.6]}},{"type":"Feature","properties":{"h":22.0,"d":12.6,"a":0,"l":"d","gn":4,"t":25},"geometry":{"type":"Point","coordinates":[415131.6,5656801.8]}},{"type":"Feature","properties":{"h":20.0,"d":11.4,"a":0,"l":"d"},"geometry":{"type":"Point","coordinates":[415131.7,5656608.9]}},{"type":"Feature","properties":{"h":22.0,"d":14.3,"a":3,"l":"e","t":34},"geometry":{"type":"Point","coordinates":[415132.3,5656783.0]}},{"type":"Feature","properties":{"h":22.0,"d":14.3,"a":3,"l":"e","t":36},"geometry":{"type":"Point","coordinates":[415132.3,5656809.5]}},{"type":"Feature","properties":{"h":20.0,"d":11.4,"a":0,"l":"d"},"geometry":{"type":"Point","coordinates":[415132.5,5656903.5]}},{"type":"Feature","properties":{"h":10.0,"d":6.5,"a":3,"l":"e","t":17},"geometry":{"type":"Point","coordinates":[415132.7,5656684.3]}},{"type":"Feature","properties":{"h":20.0,"d":11.4,"a":0,"l":"d"},"geometry":{"type":"Point","coordinates":[415133.0,5656892.0]}},{"type":"Feature","properties":{"h":16.0,"d":9.6,"a":5,"l":"d","gn":8,"t":20},"geometry":{"type":"Point","coordinates":[415133.0,5656686.6]}},{"type":"Feature","properties":{"h":20.0,"d":11.4,"a":0,"l":"d"},"geometry":{"type":"Point","coordinates":[415133.0,5656637.7]}},{"type":"Feature","properties":{"h":23.0,"d":15.0,"a":3,"l":"e","t":279},"geometry":{"type":"Point","coordinates":[415133.0,5656761.8]}},{"type":"Feature","properties":{"h":22.0,"d":14.3,"a":3,"l":"e","t":24},"geometry":{"type":"Point","coordinates":[415133.2,5656744.7]}},{"type":"Feature","properties":{"h":27.0,"d":15.4,"a":0,"l":"d","gn":4,"t":45},"geometry":{"type":"Point","coordinates":[415133.2,5656751.7]}},{"type":"Feature","properties":{"h":23.0,"d":15.0,"a":3,"l":"e","t":44},"geometry":{"type":"Point","coordinates":[415133.4,5656775.3]}},{"type":"Feature","properties":{"h":11.0,"d":6.3,"a":0,"l":"d","gn":3,"t":15},"geometry":{"type":"Point","coordinates":[415133.5,5656760.0]}},{"type":"Feature","properties":{"h":21.0,"d":12.0,"a":0,"l":"d","gn":4,"t":23},"geometry":{"type":"Point","coordinates":[415133.6,5656747.5]}},{"type":"Feature","properties":{"h":20.0,"d":11.4,"a":0,"l":"d"},"geometry":{"type":"Point","coordinates":[415133.7,5656669.7]}},{"type":"Feature","properties":{"h":20.0,"d":13.0,"a":3,"l":"e","t":24},"geometry":{"type":"Point","coordinates":[415133.7,5656676.9]}},{"type":"Feature","properties":{"h":17.0,"d":11.1,"a":3,"l":"e","t":23},"geometry":{"type":"Point","coordinates":[415133.8,5656689.7]}},{"type":"Feature","properties":{"h":5.0,"d":2.0,"a":1,"l":"d","t":8},"geometry":{"type":"Point","coordinates":[415133.8,5656037.9]}},{"type":"Feature","properties":{"h":22.0,"d":12.6,"a":0,"l":"d","gn":4,"t":20},"geometry":{"type":"Point","coordinates":[415133.9,5656802.4]}},{"type":"Feature","properties":{"h":22.0,"d":14.3,"a":3,"l":"e","t":30},"geometry":{"type":"Point","coordinates":[415134.0,5656710.2]}},{"type":"Feature","properties":{"h":20.0,"d":11.4,"a":0,"l":"d"},"geometry":{"type":"Point","coordinates":[415134.0,5656906.3]}},{"type":"Feature","properties":{"h":22.0,"d":14.3,"a":3,"l":"e","t":39},"geometry":{"type":"Point","coordinates":[415134.5,5656805.1]}},{"type":"Feature","properties":{"h":23.0,"d":13.1,"a":0,"l":"d","gn":3,"t":24},"geometry":{"type":"Point","coordinates":[415134.7,5656816.0]}},{"type":"Feature","properties":{"h":23.0,"d":15.0,"a":3,"l":"e","t":31},"geometry":{"type":"Point","coordinates":[415134.8,5656707.8]}},{"type":"Feature","properties":{"h":20.0,"d":11.4,"a":0,"l":"d"},"geometry":{"type":"Point","coordinates":[415134.9,5656662.7]}},{"type":"Feature","properties":{"h":23.0,"d":15.0,"a":3,"l":"e","t":24},"geometry":{"type":"Point","coordinates":[415135.0,5656735.4]}},{"type":"Feature","properties":{"h":21.0,"d":13.7,"a":3,"l":"e","t":19},"geometry":{"type":"Point","coordinates":[415135.4,5656696.7]}},{"type":"Feature","properties":{"h":22.0,"d":14.3,"a":3,"l":"e","t":25},"geometry":{"type":"Point","coordinates":[415135.5,5656699.1]}},{"type":"Feature","properties":{"h":21.0,"d":13.7,"a":3,"l":"e","t":23},"geometry":{"type":"Point","coordinates":[415135.8,5656751.5]}},{"type":"Feature","properties":{"h":5.0,"d":2.0,"a":1,"l":"d","t":8},"geometry":{"type":"Point","coordinates":[415135.8,5656083.0]}},{"type":"Feature","properties":{"h":11.0,"d":5.5,"a":1,"l":"d","gn":11,"t":14},"geometry":{"type":"Point","coordinates":[415135.9,5656820.9]}},{"type":"Feature","properties":{"h":23.0,"d":15.0,"a":3,"l":"e","t":23},"geometry":{"type":"Point","coordinates":[415136.1,5656691.9]}},{"type":"Feature","properties":{"h":5.0,"d":2.0,"a":1,"l":"d","t":8},"geometry":{"type":"Point","coordinates":[415136.2,5656044.8]}},{"type":"Feature","properties":{"h":20.0,"d":11.4,"a":0,"l":"d"},"geometry":{"type":"Point","coordinates":[415136.4,5656899.3]}},{"type":"Feature","properties":{"h":21.0,"d":12.0,"a":0,"l":"d","gn":3,"t":21},"geometry":{"type":"Point","coordinates":[415136.8,5656763.4]}},{"type":"Feature","properties":{"h":8.0,"d":4.8,"a":5,"l":"d","gn":8,"t":13},"geometry":{"type":"Point","coordinates":[415136.9,5656756.5]}},{"type":"Feature","properties":{"h":22.0,"d":14.3,"a":3,"l":"e","t":23},"geometry":{"type":"Point","coordinates":[415137.2,5656695.6]}},{"type":"Feature","properties":{"h":19.0,"d":10.9,"a":0,"l":"d","gn":3,"t":25},"geometry":{"type":"Point","coordinates":[415137.5,5656703.3]}},{"type":"Feature","properties":{"h":23.0,"d":15.0,"a":3,"l":"e","t":63},"geometry":{"type":"Point","coordinates":[415137.5,5656809.8]}},{"type":"Feature","properties":{"h":22.0,"d":14.3,"a":3,"l":"e","t":22},"geometry":{"type":"Point","coordinates":[415137.8,5656733.9]}},{"type":"Feature","properties":{"h":22.0,"d":14.3,"a":3,"l":"e","t":38},"geometry":{"type":"Point","coordinates":[415137.9,5656802.4]}},{"type":"Feature","properties":{"h":20.0,"d":11.4,"a":0,"l":"d"},"geometry":{"type":"Point","coordinates":[415138.0,5656885.9]}},{"type":"Feature","properties":{"h":16.0,"d":9.1,"a":0,"l":"d","gn":3,"t":16},"geometry":{"type":"Point","coordinates":[415138.1,5656766.1]}},{"type":"Feature","properties":{"h":22.0,"d":14.3,"a":3,"l":"e","t":36},"geometry":{"type":"Point","coordinates":[415138.2,5656780.5]}},{"type":"Feature","properties":{"h":5.0,"d":2.0,"a":1,"l":"d","t":8},"geometry":{"type":"Point","coordinates":[415138.4,5656091.1]}},{"type":"Feature","properties":{"h":13.0,"d":7.8,"a":5,"l":"d","gn":8,"t":12},"geometry":{"type":"Point","coordinates":[415138.4,5656814.7]}},{"type":"Feature","properties":{"h":15.0,"d":10.0,"a":0,"l":"d","gn":9,"t":45},"geometry":{"type":"Point","coordinates":[415138.4,5657176.7]}},{"type":"Feature","properties":{"h":20.0,"d":11.4,"a":0,"l":"d"},"geometry":{"type":"Point","coordinates":[415138.4,5656904.6]}},{"type":"Feature","properties":{"h":14.0,"d":8.0,"a":0,"l":"d","gn":3,"t":16},"geometry":{"type":"Point","coordinates":[415138.5,5656755.7]}},{"type":"Feature","properties":{"h":20.0,"d":11.4,"a":0,"l":"d"},"geometry":{"type":"Point","coordinates":[415138.7,5656913.2]}},{"type":"Feature","properties":{"h":21.0,"d":12.0,"a":0,"l":"d","gn":3,"t":24},"geometry":{"type":"Point","coordinates":[415139.0,5656700.3]}},{"type":"Feature","properties":{"h":22.0,"d":14.3,"a":3,"l":"e","t":45},"geometry":{"type":"Point","coordinates":[415139.4,5656819.5]}},{"type":"Feature","properties":{"h":20.0,"d":13.0,"a":3,"l":"e","t":21},"geometry":{"type":"Point","coordinates":[415139.5,5656732.5]}},{"type":"Feature","properties":{"h":23.0,"d":15.0,"a":3,"l":"e","t":28},"geometry":{"type":"Point","coordinates":[415139.6,5656760.2]}},{"type":"Feature","properties":{"h":28.0,"d":16.0,"a":0,"l":"d","gn":4,"t":59},"geometry":{"type":"Point","coordinates":[415139.6,5656858.8]}},{"type":"Feature","properties":{"h":20.0,"d":11.4,"a":0,"l":"d"},"geometry":{"type":"Point","coordinates":[415139.8,5656917.6]}},{"type":"Feature","properties":{"h":24.0,"d":15.6,"a":3,"l":"e","t":33},"geometry":{"type":"Point","coordinates":[415139.9,5656761.1]}},{"type":"Feature","properties":{"h":5.0,"d":2.0,"a":1,"l":"d","t":8},"geometry":{"type":"Point","coordinates":[415140.1,5656058.1]}},{"type":"Feature","properties":{"h":23.0,"d":15.0,"a":3,"l":"e","t":23},"geometry":{"type":"Point","coordinates":[415140.5,5656733.6]}},{"type":"Feature","properties":{"h":23.0,"d":15.0,"a":3,"l":"e","t":25},"geometry":{"type":"Point","coordinates":[415140.6,5656761.7]}},{"type":"Feature","properties":{"h":16.0,"d":9.1,"a":0,"l":"d","gn":3,"t":16},"geometry":{"type":"Point","coordinates":[415140.6,5656761.2]}},{"type":"Feature","properties":{"h":16.0,"d":10.4,"a":3,"l":"e","t":31},"geometry":{"type":"Point","coordinates":[415140.8,5656772.0]}},{"type":"Feature","properties":{"h":5.0,"d":2.0,"a":1,"l":"d","t":8},"geometry":{"type":"Point","coordinates":[415140.8,5656099.0]}},{"type":"Feature","properties":{"h":27.0,"d":15.4,"a":0,"l":"d","gn":4,"t":59},"geometry":{"type":"Point","coordinates":[415140.8,5656858.9]}},{"type":"Feature","properties":{"h":21.0,"d":13.7,"a":3,"l":"e","t":25},"geometry":{"type":"Point","coordinates":[415140.9,5656743.3]}},{"type":"Feature","properties":{"h":23.0,"d":15.0,"a":3,"l":"e","t":42},"geometry":{"type":"Point","coordinates":[415141.1,5656842.9]}},{"type":"Feature","properties":{"h":22.0,"d":14.3,"a":3,"l":"e","t":21},"geometry":{"type":"Point","coordinates":[415141.5,5656740.6]}},{"type":"Feature","properties":{"h":11.0,"d":7.2,"a":3,"l":"e","t":19},"geometry":{"type":"Point","coordinates":[415141.7,5656682.8]}},{"type":"Feature","properties":{"h":17.0,"d":8.5,"a":1,"l":"d","gn":11,"t":40},"geometry":{"type":"Point","coordinates":[415141.7,5656687.7]}},{"type":"Feature","properties":{"h":18.0,"d":10.0,"a":0,"l":"d","gn":1,"t":62},"geometry":{"type":"Point","coordinates":[415141.9,5656355.1]}},{"type":"Feature","properties":{"h":19.0,"d":10.9,"a":0,"l":"d","gn":10,"t":24},"geometry":{"type":"Point","coordinates":[415142.0,5656764.1]}},{"type":"Feature","properties":{"h":21.0,"d":12.0,"a":0,"l":"d","gn":10,"t":23},"geometry":{"type":"Point","coordinates":[415142.0,5656696.0]}},{"type":"Feature","properties":{"h":20.0,"d":11.4,"a":0,"l":"d"},"geometry":{"type":"Point","coordinates":[415142.0,5656943.5]}},{"type":"Feature","properties":{"h":17.0,"d":9.7,"a":0,"l":"d","gn":1,"t":29},"geometry":{"type":"Point","coordinates":[415142.4,5656753.4]}},{"type":"Feature","properties":{"h":23.0,"d":13.1,"a":0,"l":"d","gn":4,"t":29},"geometry":{"type":"Point","coordinates":[415142.4,5656784.9]}},{"type":"Feature","properties":{"h":20.0,"d":11.4,"a":0,"l":"d"},"geometry":{"type":"Point","coordinates":[415142.6,5656596.1]}},{"type":"Feature","properties":{"h":22.0,"d":14.3,"a":3,"l":"e","t":20},"geometry":{"type":"Point","coordinates":[415142.7,5656730.7]}},{"type":"Feature","properties":{"h":5.0,"d":2.0,"a":1,"l":"d","t":8},"geometry":{"type":"Point","coordinates":[415143.0,5656105.8]}},{"type":"Feature","properties":{"h":22.0,"d":14.3,"a":3,"l":"e","t":39},"geometry":{"type":"Point","coordinates":[415143.4,5656840.5]}},{"type":"Feature","properties":{"h":23.0,"d":15.0,"a":3,"l":"e","t":28},"geometry":{"type":"Point","coordinates":[415143.5,5656737.6]}},{"type":"Feature","properties":{"h":5.0,"d":2.0,"a":1,"l":"d","t":8},"geometry":{"type":"Point","coordinates":[415144.0,5656070.6]}},{"type":"Feature","properties":{"h":17.0,"d":9.7,"a":0,"l":"d","gn":3,"t":20},"geometry":{"type":"Point","coordinates":[415144.2,5656810.7]}},{"type":"Feature","properties":{"h":20.0,"d":11.4,"a":0,"l":"d"},"geometry":{"type":"Point","coordinates":[415144.3,5656670.1]}},{"type":"Feature","properties":{"h":25.0,"d":14.3,"a":0,"l":"d","t":56},"geometry":{"type":"Point","coordinates":[415145.0,5656879.2]}},{"type":"Feature","properties":{"h":22.0,"d":14.3,"a":3,"l":"e","t":46},"geometry":{"type":"Point","coordinates":[415145.1,5656802.2]}},{"type":"Feature","properties":{"h":21.0,"d":13.7,"a":3,"l":"e","t":23},"geometry":{"type":"Point","coordinates":[415145.2,5656761.8]}},{"type":"Feature","properties":{"h":23.0,"d":15.0,"a":3,"l":"e","t":39},"geometry":{"type":"Point","coordinates":[415145.6,5656774.8]}},{"type":"Feature","properties":{"h":20.0,"d":11.4,"a":0,"l":"d"},"geometry":{"type":"Point","coordinates":[415145.6,5656669.4]}},{"type":"Feature","properties":{"h":5.0,"d":2.0,"a":1,"l":"d","t":8},"geometry":{"type":"Point","coordinates":[415145.8,5656114.6]}},{"type":"Feature","properties":{"h":20.0,"d":11.4,"a":0,"l":"d"},"geometry":{"type":"Point","coordinates":[415146.2,5656934.4]}},{"type":"Feature","properties":{"h":24.0,"d":13.7,"a":0,"l":"d","gn":4,"t":40},"geometry":{"type":"Point","coordinates":[415146.3,5656845.1]}},{"type":"Feature","properties":{"h":19.0,"d":12.4,"a":3,"l":"e","t":35},"geometry":{"type":"Point","coordinates":[415146.7,5656771.2]}},{"type":"Feature","properties":{"h":24.0,"d":13.7,"a":0,"l":"d","gn":1,"t":28},"geometry":{"type":"Point","coordinates":[415146.9,5656697.7]}},{"type":"Feature","properties":{"h":15.0,"d":8.6,"a":0,"l":"d","gn":3,"t":18},"geometry":{"type":"Point","coordinates":[415147.0,5656807.3]}},{"type":"Feature","properties":{"h":23.0,"d":15.0,"a":3,"l":"e","t":30},"geometry":{"type":"Point","coordinates":[415147.0,5656741.5]}},{"type":"Feature","properties":{"h":21.0,"d":13.7,"a":3,"l":"e","t":20},"geometry":{"type":"Point","coordinates":[415147.2,5656745.5]}},{"type":"Feature","properties":{"h":20.0,"d":11.4,"a":0,"l":"d"},"geometry":{"type":"Point","coordinates":[415147.2,5656595.1]}},{"type":"Feature","properties":{"h":20.0,"d":11.4,"a":0,"l":"d"},"geometry":{"type":"Point","coordinates":[415147.6,5656897.5]}},{"type":"Feature","properties":{"h":22.0,"d":14.3,"a":3,"l":"e","t":24},"geometry":{"type":"Point","coordinates":[415147.7,5656752.2]}},{"type":"Feature","properties":{"h":18.0,"d":11.7,"a":3,"l":"e","t":20},"geometry":{"type":"Point","coordinates":[415148.2,5656725.4]}},{"type":"Feature","properties":{"h":5.0,"d":2.0,"a":1,"l":"d","t":8},"geometry":{"type":"Point","coordinates":[415148.3,5656122.8]}},{"type":"Feature","properties":{"h":20.0,"d":11.4,"a":0,"l":"d"},"geometry":{"type":"Point","coordinates":[415148.3,5656664.9]}},{"type":"Feature","properties":{"h":15.0,"d":8.6,"a":0,"l":"d","gn":3,"t":13},"geometry":{"type":"Point","coordinates":[415148.7,5656764.9]}},{"type":"Feature","properties":{"h":21.0,"d":12.0,"a":0,"l":"d","gn":3,"t":18},"geometry":{"type":"Point","coordinates":[415149.1,5656695.0]}},{"type":"Feature","properties":{"h":23.0,"d":15.0,"a":3,"l":"e","t":31},"geometry":{"type":"Point","coordinates":[415149.2,5656742.2]}},{"type":"Feature","properties":{"h":5.0,"d":2.0,"a":1,"l":"d","t":8},"geometry":{"type":"Point","coordinates":[415149.4,5656087.6]}},{"type":"Feature","properties":{"h":23.0,"d":15.0,"a":3,"l":"e","t":31},"geometry":{"type":"Point","coordinates":[415149.5,5656727.3]}},{"type":"Feature","properties":{"h":22.0,"d":14.3,"a":3,"l":"e","t":46},"geometry":{"type":"Point","coordinates":[415149.8,5656802.6]}},{"type":"Feature","properties":{"h":20.0,"d":11.4,"a":0,"l":"d","t":34},"geometry":{"type":"Point","coordinates":[415149.9,5656867.8]}},{"type":"Feature","properties":{"h":20.0,"d":11.4,"a":0,"l":"d"},"geometry":{"type":"Point","coordinates":[415150.2,5656914.4]}},{"type":"Feature","properties":{"h":23.0,"d":13.1,"a":0,"l":"d","gn":4,"t":25},"geometry":{"type":"Point","coordinates":[415150.2,5656783.2]}},{"type":"Feature","properties":{"h":20.0,"d":11.4,"a":0,"l":"d"},"geometry":{"type":"Point","coordinates":[415150.3,5656643.3]}},{"type":"Feature","properties":{"h":23.0,"d":15.0,"a":3,"l":"e","t":47},"geometry":{"type":"Point","coordinates":[415150.5,5656842.9]}},{"type":"Feature","properties":{"h":24.0,"d":15.6,"a":3,"l":"e","t":31},"geometry":{"type":"Point","coordinates":[415150.7,5656702.3]}},{"type":"Feature","properties":{"h":22.0,"d":14.3,"a":3,"l":"e","t":27},"geometry":{"type":"Point","coordinates":[415150.8,5656698.0]}},{"type":"Feature","properties":{"h":5.0,"d":1.0,"a":1,"l":"d","t":6},"geometry":{"type":"Point","coordinates":[415150.8,5656131.1]}},{"type":"Feature","properties":{"h":23.0,"d":13.1,"a":0,"l":"d","gn":4,"t":49},"geometry":{"type":"Point","coordinates":[415150.8,5656777.7]}},{"type":"Feature","properties":{"h":19.0,"d":12.4,"a":3,"l":"e","t":21},"geometry":{"type":"Point","coordinates":[415150.9,5656743.2]}},{"type":"Feature","properties":{"h":24.0,"d":13.7,"a":0,"l":"d","gn":3,"t":20},"geometry":{"type":"Point","coordinates":[415151.0,5656691.8]}},{"type":"Feature","properties":{"h":20.0,"d":11.4,"a":0,"l":"d"},"geometry":{"type":"Point","coordinates":[415151.1,5656612.3]}},{"type":"Feature","properties":{"h":14.0,"d":8.0,"a":0,"l":"d","gn":3,"t":12},"geometry":{"type":"Point","coordinates":[415151.5,5656811.0]}},{"type":"Feature","properties":{"h":20.0,"d":11.4,"a":0,"l":"d"},"geometry":{"type":"Point","coordinates":[415151.7,5656900.7]}},{"type":"Feature","properties":{"h":23.0,"d":15.0,"a":3,"l":"e","t":26},"geometry":{"type":"Point","coordinates":[415151.9,5656734.7]}},{"type":"Feature","properties":{"h":5.0,"d":2.0,"a":1,"l":"d","t":8},"geometry":{"type":"Point","coordinates":[415152.0,5656095.9]}},{"type":"Feature","properties":{"h":20.0,"d":11.4,"a":0,"l":"d"},"geometry":{"type":"Point","coordinates":[415152.1,5656678.4]}},{"type":"Feature","properties":{"h":20.0,"d":11.4,"a":0,"l":"d"},"geometry":{"type":"Point","coordinates":[415152.1,5656668.1]}},{"type":"Feature","properties":{"h":23.0,"d":15.0,"a":3,"l":"e","t":40},"geometry":{"type":"Point","coordinates":[415152.3,5656761.4]}},{"type":"Feature","properties":{"h":20.0,"d":11.4,"a":0,"l":"d"},"geometry":{"type":"Point","coordinates":[415152.3,5656893.3]}},{"type":"Feature","properties":{"h":20.0,"d":11.4,"a":0,"l":"d"},"geometry":{"type":"Point","coordinates":[415152.8,5656644.1]}},{"type":"Feature","properties":{"h":5.0,"d":1.0,"a":2,"l":"d","gn":6,"t":6},"geometry":{"type":"Point","coordinates":[415152.9,5657975.0]}},{"type":"Feature","properties":{"h":27.0,"d":15.4,"a":0,"l":"d","gn":5,"t":60},"geometry":{"type":"Point","coordinates":[415153.2,5656826.1]}},{"type":"Feature","properties":{"h":23.0,"d":15.0,"a":3,"l":"e","t":44},"geometry":{"type":"Point","coordinates":[415153.3,5656773.8]}},{"type":"Feature","properties":{"h":15.0,"d":10.0,"a":0,"l":"d","gn":9,"t":44},"geometry":{"type":"Point","coordinates":[415153.3,5657173.8]}},{"type":"Feature","properties":{"h":21.0,"d":13.7,"a":3,"l":"e","t":15},"geometry":{"type":"Point","coordinates":[415153.3,5656729.6]}},{"type":"Feature","properties":{"h":24.0,"d":15.6,"a":3,"l":"e","t":28},"geometry":{"type":"Point","coordinates":[415153.4,5656700.4]}},{"type":"Feature","properties":{"h":20.0,"d":11.4,"a":0,"l":"d","t":33},"geometry":{"type":"Point","coordinates":[415153.4,5656862.4]}},{"type":"Feature","properties":{"h":5.0,"d":2.0,"a":1,"l":"d","t":8},"geometry":{"type":"Point","coordinates":[415153.4,5656138.9]}},{"type":"Feature","properties":{"h":20.0,"d":11.4,"a":0,"l":"d"},"geometry":{"type":"Point","coordinates":[415153.8,5656903.2]}},{"type":"Feature","properties":{"h":20.0,"d":11.4,"a":0,"l":"d"},"geometry":{"type":"Point","coordinates":[415153.8,5656677.4]}},{"type":"Feature","properties":{"h":22.0,"d":14.3,"a":3,"l":"e","t":43},"geometry":{"type":"Point","coordinates":[415154.1,5656769.9]}},{"type":"Feature","properties":{"h":20.0,"d":11.4,"a":0,"l":"d"},"geometry":{"type":"Point","coordinates":[415154.1,5656592.9]}},{"type":"Feature","properties":{"h":20.0,"d":13.0,"a":3,"l":"e","t":25},"geometry":{"type":"Point","coordinates":[415154.1,5656753.7]}},{"type":"Feature","properties":{"h":5.0,"d":2.0,"a":1,"l":"d","t":8},"geometry":{"type":"Point","coordinates":[415154.1,5656102.3]}},{"type":"Feature","properties":{"h":20.0,"d":11.4,"a":0,"l":"d"},"geometry":{"type":"Point","coordinates":[415154.2,5656856.0]}},{"type":"Feature","properties":{"h":24.0,"d":15.6,"a":3,"l":"e","t":33},"geometry":{"type":"Point","coordinates":[415154.3,5656695.2]}},{"type":"Feature","properties":{"h":20.0,"d":13.0,"a":3,"l":"e","t":24},"geometry":{"type":"Point","coordinates":[415154.8,5656748.9]}},{"type":"Feature","properties":{"h":26.0,"d":14.9,"a":0,"l":"d","gn":3,"t":35},"geometry":{"type":"Point","coordinates":[415154.9,5656687.9]}},{"type":"Feature","properties":{"h":21.0,"d":13.7,"a":3,"l":"e","t":21},"geometry":{"type":"Point","coordinates":[415155.3,5656744.4]}},{"type":"Feature","properties":{"h":22.0,"d":14.3,"a":3,"l":"e","t":20},"geometry":{"type":"Point","coordinates":[415155.5,5656698.6]}},{"type":"Feature","properties":{"h":5.0,"d":2.0,"a":1,"l":"d","t":8},"geometry":{"type":"Point","coordinates":[415155.7,5656146.3]}},{"type":"Feature","properties":{"h":21.0,"d":12.0,"a":0,"l":"d","gn":4,"t":22},"geometry":{"type":"Point","coordinates":[415155.7,5656777.2]}},{"type":"Feature","properties":{"h":20.0,"d":11.4,"a":0,"l":"d"},"geometry":{"type":"Point","coordinates":[415155.8,5656678.0]}},{"type":"Feature","properties":{"h":23.0,"d":15.0,"a":3,"l":"e","t":35},"geometry":{"type":"Point","coordinates":[415155.9,5656781.9]}},{"type":"Feature","properties":{"h":21.0,"d":12.0,"a":0,"l":"d","t":29},"geometry":{"type":"Point","coordinates":[415156.0,5656834.0]}},{"type":"Feature","properties":{"h":21.0,"d":13.7,"a":3,"l":"e","t":24},"geometry":{"type":"Point","coordinates":[415156.5,5656750.3]}},{"type":"Feature","properties":{"h":20.0,"d":11.4,"a":0,"l":"d"},"geometry":{"type":"Point","coordinates":[415156.6,5656675.1]}},{"type":"Feature","properties":{"h":18.0,"d":14.0,"a":0,"l":"d","gn":1,"t":63},"geometry":{"type":"Point","coordinates":[415156.7,5656110.3]}},{"type":"Feature","properties":{"h":22.0,"d":14.3,"a":3,"l":"e","t":24},"geometry":{"type":"Point","coordinates":[415157.0,5656758.8]}},{"type":"Feature","properties":{"h":22.0,"d":14.3,"a":3,"l":"e","t":30},"geometry":{"type":"Point","coordinates":[415157.1,5656753.8]}},{"type":"Feature","properties":{"h":20.0,"d":11.4,"a":0,"l":"d"},"geometry":{"type":"Point","coordinates":[415157.4,5656857.2]}},{"type":"Feature","properties":{"h":20.0,"d":11.4,"a":0,"l":"d"},"geometry":{"type":"Point","coordinates":[415157.5,5656864.7]}},{"type":"Feature","properties":{"h":19.0,"d":12.4,"a":3,"l":"e","t":28},"geometry":{"type":"Point","coordinates":[415157.5,5656701.9]}},{"type":"Feature","properties":{"h":21.0,"d":13.7,"a":3,"l":"e","t":24},"geometry":{"type":"Point","coordinates":[415157.7,5656757.2]}},{"type":"Feature","properties":{"h":22.0,"d":14.3,"a":3,"l":"e","t":33},"geometry":{"type":"Point","coordinates":[415157.7,5656712.7]}},{"type":"Feature","properties":{"h":23.0,"d":15.0,"a":3,"l":"e","t":28},"geometry":{"type":"Point","coordinates":[415158.0,5656745.1]}},{"type":"Feature","properties":{"h":23.0,"d":15.0,"a":3,"l":"e","t":28},"geometry":{"type":"Point","coordinates":[415158.4,5656748.4]}},{"type":"Feature","properties":{"h":22.0,"d":12.6,"a":0,"l":"d","gn":4,"t":30},"geometry":{"type":"Point","coordinates":[415158.5,5656769.2]}},{"type":"Feature","properties":{"h":18.0,"d":10.3,"a":0,"l":"d","gn":3,"t":29},"geometry":{"type":"Point","coordinates":[415159.2,5656708.2]}},{"type":"Feature","properties":{"h":20.0,"d":11.4,"a":0,"l":"d"},"geometry":{"type":"Point","coordinates":[415160.0,5656850.4]}},{"type":"Feature","properties":{"h":17.0,"d":9.7,"a":0,"l":"d","gn":10,"t":29},"geometry":{"type":"Point","coordinates":[415160.0,5656829.4]}},{"type":"Feature","properties":{"h":22.0,"d":14.3,"a":3,"l":"e","t":24},"geometry":{"type":"Point","coordinates":[415160.0,5656755.5]}},{"type":"Feature","properties":{"h":22.0,"d":14.3,"a":3,"l":"e","t":26},"geometry":{"type":"Point","coordinates":[415160.3,5656746.5]}},{"type":"Feature","properties":{"h":23.0,"d":15.0,"a":3,"l":"e","t":23},"geometry":{"type":"Point","coordinates":[415160.5,5656712.4]}},{"type":"Feature","properties":{"h":17.0,"d":9.7,"a":0,"l":"d","gn":3,"t":24},"geometry":{"type":"Point","coordinates":[415160.5,5656762.6]}},{"type":"Feature","properties":{"h":5.0,"d":1.0,"a":1,"l":"d","t":6},"geometry":{"type":"Point","coordinates":[415161.1,5656164.1]}},{"type":"Feature","properties":{"h":20.0,"d":11.4,"a":0,"l":"d"},"geometry":{"type":"Point","coordinates":[415161.1,5656679.4]}},{"type":"Feature","properties":{"h":20.0,"d":11.4,"a":0,"l":"d"},"geometry":{"type":"Point","coordinates":[415161.3,5656590.7]}},{"type":"Feature","properties":{"h":19.0,"d":12.4,"a":3,"l":"e","t":23},"geometry":{"type":"Point","coordinates":[415161.4,5656754.3]}},{"type":"Feature","properties":{"h":21.0,"d":13.7,"a":3,"l":"e","t":21},"geometry":{"type":"Point","coordinates":[415161.4,5656703.7]}},{"type":"Feature","properties":{"h":17.0,"d":9.7,"a":0,"l":"d","gn":7,"t":36},"geometry":{"type":"Point","coordinates":[415161.5,5656810.5]}},{"type":"Feature","properties":{"h":20.0,"d":11.4,"a":0,"l":"d"},"geometry":{"type":"Point","coordinates":[415161.8,5656685.0]}},{"type":"Feature","properties":{"h":22.0,"d":14.3,"a":3,"l":"e","t":25},"geometry":{"type":"Point","coordinates":[415161.8,5656748.2]}},{"type":"Feature","properties":{"h":25.0,"d":14.3,"a":0,"l":"d","t":46},"geometry":{"type":"Point","coordinates":[415161.8,5656943.5]}},{"type":"Feature","properties":{"h":20.0,"d":13.0,"a":3,"l":"e","t":20},"geometry":{"type":"Point","coordinates":[415162.0,5656707.0]}},{"type":"Feature","properties":{"h":20.0,"d":11.4,"a":0,"l":"d"},"geometry":{"type":"Point","coordinates":[415162.1,5656680.2]}},{"type":"Feature","properties":{"h":20.0,"d":11.4,"a":0,"l":"d","t":51},"geometry":{"type":"Point","coordinates":[415162.3,5656889.8]}},{"type":"Feature","properties":{"h":22.0,"d":14.3,"a":3,"l":"e","t":30},"geometry":{"type":"Point","coordinates":[415162.4,5656709.4]}},{"type":"Feature","properties":{"h":21.0,"d":13.7,"a":3,"l":"e","t":29},"geometry":{"type":"Point","coordinates":[415163.2,5656759.6]}},{"type":"Feature","properties":{"h":20.0,"d":11.4,"a":0,"l":"d"},"geometry":{"type":"Point","coordinates":[415163.5,5656640.1]}},{"type":"Feature","properties":{"h":5.0,"d":2.0,"a":1,"l":"d","t":8},"geometry":{"type":"Point","coordinates":[415163.7,5656172.0]}},{"type":"Feature","properties":{"h":20.0,"d":11.4,"a":0,"l":"d"},"geometry":{"type":"Point","coordinates":[415164.2,5656635.9]}},{"type":"Feature","properties":{"h":26.0,"d":14.9,"a":0,"l":"d","gn":4,"t":62},"geometry":{"type":"Point","coordinates":[415164.2,5656767.9]}},{"type":"Feature","properties":{"h":20.0,"d":11.4,"a":0,"l":"d"},"geometry":{"type":"Point","coordinates":[415164.2,5656888.1]}},{"type":"Feature","properties":{"h":20.0,"d":11.4,"a":0,"l":"d"},"geometry":{"type":"Point","coordinates":[415164.3,5656836.5]}},{"type":"Feature","properties":{"h":5.0,"d":2.0,"a":1,"l":"d","t":8},"geometry":{"type":"Point","coordinates":[415164.4,5656135.3]}},{"type":"Feature","properties":{"h":20.0,"d":11.4,"a":0,"l":"d"},"geometry":{"type":"Point","coordinates":[415164.7,5656683.7]}},{"type":"Feature","properties":{"h":21.0,"d":13.7,"a":3,"l":"e","t":29},"geometry":{"type":"Point","coordinates":[415164.8,5656758.4]}},{"type":"Feature","properties":{"h":20.0,"d":11.4,"a":0,"l":"d"},"geometry":{"type":"Point","coordinates":[415164.9,5656848.9]}},{"type":"Feature","properties":{"h":20.0,"d":11.4,"a":0,"l":"d"},"geometry":{"type":"Point","coordinates":[415165.6,5656615.3]}},{"type":"Feature","properties":{"h":20.0,"d":11.4,"a":0,"l":"d"},"geometry":{"type":"Point","coordinates":[415166.0,5656601.3]}},{"type":"Feature","properties":{"h":20.0,"d":13.0,"a":3,"l":"e","t":24},"geometry":{"type":"Point","coordinates":[415166.0,5656750.3]}},{"type":"Feature","properties":{"h":18.0,"d":10.0,"a":0,"l":"d","gn":3,"t":46},"geometry":{"type":"Point","coordinates":[415166.0,5656210.8]}},{"type":"Feature","properties":{"h":5.0,"d":1.0,"a":2,"l":"d","gn":6,"t":6},"geometry":{"type":"Point","coordinates":[415166.1,5657976.6]}},{"type":"Feature","properties":{"h":20.0,"d":11.4,"a":0,"l":"d"},"geometry":{"type":"Point","coordinates":[415166.2,5656841.4]}},{"type":"Feature","properties":{"h":20.0,"d":11.4,"a":0,"l":"d"},"geometry":{"type":"Point","coordinates":[415166.7,5656835.5]}},{"type":"Feature","properties":{"h":20.0,"d":11.4,"a":0,"l":"d"},"geometry":{"type":"Point","coordinates":[415166.7,5656685.9]}},{"type":"Feature","properties":{"h":5.0,"d":2.0,"a":1,"l":"d","t":8},"geometry":{"type":"Point","coordinates":[415166.9,5656144.0]}},{"type":"Feature","properties":{"h":18.0,"d":9.0,"a":0,"l":"d","gn":3,"t":42},"geometry":{"type":"Point","coordinates":[415167.1,5656216.2]}},{"type":"Feature","properties":{"h":20.0,"d":11.4,"a":0,"l":"d"},"geometry":{"type":"Point","coordinates":[415167.2,5656840.8]}},{"type":"Feature","properties":{"h":20.0,"d":11.4,"a":0,"l":"d"},"geometry":{"type":"Point","coordinates":[415167.4,5656688.4]}},{"type":"Feature","properties":{"h":22.0,"d":14.3,"a":3,"l":"e","t":22},"geometry":{"type":"Point","coordinates":[415167.5,5656753.3]}},{"type":"Feature","properties":{"h":23.0,"d":15.0,"a":3,"l":"e","t":29},"geometry":{"type":"Point","coordinates":[415167.5,5656760.2]}},{"type":"Feature","properties":{"h":21.0,"d":13.7,"a":3,"l":"e","t":32},"geometry":{"type":"Point","coordinates":[415167.8,5656756.1]}},{"type":"Feature","properties":{"h":20.0,"d":11.4,"a":0,"l":"d"},"geometry":{"type":"Point","coordinates":[415168.1,5656677.4]}},{"type":"Feature","properties":{"h":20.0,"d":11.4,"a":0,"l":"d"},"geometry":{"type":"Point","coordinates":[415168.5,5656887.9]}},{"type":"Feature","properties":{"h":21.0,"d":13.7,"a":3,"l":"e","t":26},"geometry":{"type":"Point","coordinates":[415168.6,5656711.0]}},{"type":"Feature","properties":{"h":12.0,"d":6.0,"a":0,"l":"d","gn":3,"t":33},"geometry":{"type":"Point","coordinates":[415168.7,5656222.2]}},{"type":"Feature","properties":{"h":15.0,"d":10.0,"a":0,"l":"d","gn":1,"t":28},"geometry":{"type":"Point","coordinates":[415168.7,5656263.2]}},{"type":"Feature","properties":{"h":16.0,"d":11.0,"a":0,"l":"d","gn":1,"t":46},"geometry":{"type":"Point","coordinates":[415168.8,5656238.5]}},{"type":"Feature","properties":{"h":17.0,"d":9.0,"a":0,"l":"d","gn":3,"t":42},"geometry":{"type":"Point","coordinates":[415168.8,5656229.1]}},{"type":"Feature","properties":{"h":9.0,"d":5.1,"a":0,"l":"d","gn":3,"t":9},"geometry":{"type":"Point","coordinates":[415168.8,5656701.5]}},{"type":"Feature","properties":{"h":20.0,"d":11.4,"a":0,"l":"d"},"geometry":{"type":"Point","coordinates":[415169.0,5656601.8]}},{"type":"Feature","properties":{"h":18.0,"d":10.3,"a":0,"l":"d","gn":3,"t":25},"geometry":{"type":"Point","coordinates":[415169.2,5656705.4]}},{"type":"Feature","properties":{"h":20.0,"d":11.4,"a":0,"l":"d"},"geometry":{"type":"Point","coordinates":[415169.2,5656927.9]}},{"type":"Feature","properties":{"h":20.0,"d":11.4,"a":0,"l":"d"},"geometry":{"type":"Point","coordinates":[415169.5,5656878.1]}},{"type":"Feature","properties":{"h":5.0,"d":2.0,"a":1,"l":"d","t":8},"geometry":{"type":"Point","coordinates":[415169.5,5656152.5]}},{"type":"Feature","properties":{"h":20.0,"d":11.4,"a":0,"l":"d"},"geometry":{"type":"Point","coordinates":[415169.6,5656588.3]}},{"type":"Feature","properties":{"h":5.0,"d":2.0,"a":5,"l":"d","gn":17,"t":10},"geometry":{"type":"Point","coordinates":[415170.2,5656278.3]}},{"type":"Feature","properties":{"h":20.0,"d":11.4,"a":0,"l":"d"},"geometry":{"type":"Point","coordinates":[415170.2,5656850.5]}},{"type":"Feature","properties":{"h":22.0,"d":14.3,"a":3,"l":"e","t":22},"geometry":{"type":"Point","coordinates":[415170.3,5656712.2]}},{"type":"Feature","properties":{"h":21.0,"d":13.7,"a":3,"l":"e","t":25},"geometry":{"type":"Point","coordinates":[415170.3,5656756.5]}},{"type":"Feature","properties":{"h":22.0,"d":14.3,"a":3,"l":"e","t":26},"geometry":{"type":"Point","coordinates":[415170.4,5656753.7]}},{"type":"Feature","properties":{"h":20.0,"d":11.4,"a":0,"l":"d"},"geometry":{"type":"Point","coordinates":[415170.4,5656618.6]}},{"type":"Feature","properties":{"h":13.0,"d":6.0,"a":0,"l":"d","gn":10,"t":24},"geometry":{"type":"Point","coordinates":[415170.8,5656272.4]}},{"type":"Feature","properties":{"h":20.0,"d":11.4,"a":0,"l":"d"},"geometry":{"type":"Point","coordinates":[415170.8,5656831.7]}},{"type":"Feature","properties":{"h":20.0,"d":11.4,"a":0,"l":"d"},"geometry":{"type":"Point","coordinates":[415170.8,5656841.8]}},{"type":"Feature","properties":{"h":22.0,"d":14.3,"a":3,"l":"e","t":41},"geometry":{"type":"Point","coordinates":[415171.0,5656786.8]}},{"type":"Feature","properties":{"h":22.0,"d":14.3,"a":3,"l":"e","t":21},"geometry":{"type":"Point","coordinates":[415171.5,5656749.5]}},{"type":"Feature","properties":{"h":24.0,"d":13.7,"a":0,"l":"d","gn":4,"t":63},"geometry":{"type":"Point","coordinates":[415171.7,5656767.7]}},{"type":"Feature","properties":{"h":20.0,"d":11.4,"a":0,"l":"d"},"geometry":{"type":"Point","coordinates":[415171.9,5656942.3]}},{"type":"Feature","properties":{"h":5.0,"d":2.0,"a":5,"l":"d","gn":17,"t":10},"geometry":{"type":"Point","coordinates":[415171.9,5656287.5]}},{"type":"Feature","properties":{"h":20.0,"d":11.4,"a":0,"l":"d"},"geometry":{"type":"Point","coordinates":[415171.9,5656827.8]}},{"type":"Feature","properties":{"h":20.0,"d":11.4,"a":0,"l":"d"},"geometry":{"type":"Point","coordinates":[415172.0,5656674.6]}},{"type":"Feature","properties":{"h":5.0,"d":2.0,"a":1,"l":"d","t":8},"geometry":{"type":"Point","coordinates":[415172.1,5656160.4]}},{"type":"Feature","properties":{"h":22.0,"d":14.3,"a":3,"l":"e","t":25},"geometry":{"type":"Point","coordinates":[415172.3,5656746.4]}},{"type":"Feature","properties":{"h":20.0,"d":11.4,"a":0,"l":"d"},"geometry":{"type":"Point","coordinates":[415172.5,5656855.2]}},{"type":"Feature","properties":{"h":24.0,"d":13.7,"a":0,"l":"d","gn":4},"geometry":{"type":"Point","coordinates":[415172.6,5656632.0]}},{"type":"Feature","properties":{"h":15.0,"d":10.0,"a":0,"l":"d","gn":9,"t":37},"geometry":{"type":"Point","coordinates":[415172.7,5657169.6]}},{"type":"Feature","properties":{"h":22.0,"d":14.3,"a":3,"l":"e","t":42},"geometry":{"type":"Point","coordinates":[415173.1,5656782.8]}},{"type":"Feature","properties":{"h":21.0,"d":13.7,"a":3,"l":"e","t":21},"geometry":{"type":"Point","coordinates":[415173.4,5656752.8]}},{"type":"Feature","properties":{"h":19.0,"d":12.4,"a":3,"l":"e","t":18},"geometry":{"type":"Point","coordinates":[415173.7,5656711.2]}},{"type":"Feature","properties":{"h":20.0,"d":11.4,"a":0,"l":"d"},"geometry":{"type":"Point","coordinates":[415173.8,5656682.3]}},{"type":"Feature","properties":{"h":9.0,"d":4.5,"a":1,"l":"d","gn":11,"t":18},"geometry":{"type":"Point","coordinates":[415174.0,5656771.3]}},{"type":"Feature","properties":{"h":23.0,"d":15.0,"a":3,"l":"e","t":26},"geometry":{"type":"Point","coordinates":[415174.2,5656715.2]}},{"type":"Feature","properties":{"h":21.0,"d":13.7,"a":3,"l":"e","t":27},"geometry":{"type":"Point","coordinates":[415174.6,5656757.7]}},{"type":"Feature","properties":{"h":22.0,"d":14.3,"a":3,"l":"e","t":36},"geometry":{"type":"Point","coordinates":[415175.0,5656788.3]}},{"type":"Feature","properties":{"h":22.0,"d":14.3,"a":3,"l":"e","t":27},"geometry":{"type":"Point","coordinates":[415175.0,5656708.8]}},{"type":"Feature","properties":{"h":20.0,"d":11.4,"a":0,"l":"d"},"geometry":{"type":"Point","coordinates":[415175.1,5656937.7]}},{"type":"Feature","properties":{"h":15.0,"d":8.6,"a":0,"l":"d","gn":3,"t":18},"geometry":{"type":"Point","coordinates":[415175.5,5656760.3]}},{"type":"Feature","properties":{"h":20.0,"d":11.4,"a":0,"l":"d"},"geometry":{"type":"Point","coordinates":[415175.8,5656615.2]}},{"type":"Feature","properties":{"h":22.0,"d":14.3,"a":3,"l":"e","t":24},"geometry":{"type":"Point","coordinates":[415176.0,5656751.7]}},{"type":"Feature","properties":{"h":20.0,"d":11.4,"a":0,"l":"d"},"geometry":{"type":"Point","coordinates":[415176.1,5656850.1]}},{"type":"Feature","properties":{"h":22.0,"d":14.3,"a":3,"l":"e","t":26},"geometry":{"type":"Point","coordinates":[415176.2,5656716.2]}},{"type":"Feature","properties":{"h":20.0,"d":11.4,"a":0,"l":"d"},"geometry":{"type":"Point","coordinates":[415176.2,5656635.3]}},{"type":"Feature","properties":{"h":20.0,"d":11.4,"a":0,"l":"d"},"geometry":{"type":"Point","coordinates":[415176.2,5656607.1]}},{"type":"Feature","properties":{"h":21.0,"d":13.7,"a":3,"l":"e","t":19},"geometry":{"type":"Point","coordinates":[415176.7,5656713.5]}},{"type":"Feature","properties":{"h":20.0,"d":11.4,"a":0,"l":"d"},"geometry":{"type":"Point","coordinates":[415176.8,5656858.3]}},{"type":"Feature","properties":{"h":20.0,"d":11.4,"a":0,"l":"d"},"geometry":{"type":"Point","coordinates":[415176.9,5656641.1]}},{"type":"Feature","properties":{"h":23.0,"d":15.0,"a":3,"l":"e","t":30},"geometry":{"type":"Point","coordinates":[415177.0,5656756.0]}},{"type":"Feature","properties":{"h":20.0,"d":11.4,"a":0,"l":"d"},"geometry":{"type":"Point","coordinates":[415177.0,5656603.3]}},{"type":"Feature","properties":{"h":22.0,"d":14.3,"a":3,"l":"e","t":39},"geometry":{"type":"Point","coordinates":[415177.1,5656787.9]}},{"type":"Feature","properties":{"h":24.0,"d":13.7,"a":0,"l":"d","gn":4},"geometry":{"type":"Point","coordinates":[415177.2,5656697.3]}},{"type":"Feature","properties":{"h":23.0,"d":15.0,"a":3,"l":"e","t":21},"geometry":{"type":"Point","coordinates":[415177.4,5656711.2]}},{"type":"Feature","properties":{"h":20.0,"d":11.4,"a":0,"l":"d"},"geometry":{"type":"Point","coordinates":[415177.4,5656842.6]}},{"type":"Feature","properties":{"h":20.0,"d":11.4,"a":0,"l":"d"},"geometry":{"type":"Point","coordinates":[415177.4,5656643.6]}},{"type":"Feature","properties":{"h":20.0,"d":11.4,"a":0,"l":"d"},"geometry":{"type":"Point","coordinates":[415177.5,5656880.8]}},{"type":"Feature","properties":{"h":20.0,"d":11.4,"a":0,"l":"d"},"geometry":{"type":"Point","coordinates":[415177.7,5656687.7]}},{"type":"Feature","properties":{"h":22.0,"d":14.3,"a":3,"l":"e","t":28},"geometry":{"type":"Point","coordinates":[415177.8,5656731.2]}},{"type":"Feature","properties":{"h":23.0,"d":15.0,"a":3,"l":"e","t":22},"geometry":{"type":"Point","coordinates":[415177.9,5656733.4]}},{"type":"Feature","properties":{"h":20.0,"d":11.4,"a":0,"l":"d"},"geometry":{"type":"Point","coordinates":[415178.1,5656588.9]}},{"type":"Feature","properties":{"h":20.0,"d":11.4,"a":0,"l":"d"},"geometry":{"type":"Point","coordinates":[415178.5,5656939.2]}},{"type":"Feature","properties":{"h":20.0,"d":11.4,"a":0,"l":"d"},"geometry":{"type":"Point","coordinates":[415178.6,5656593.6]}},{"type":"Feature","properties":{"h":22.0,"d":14.3,"a":3,"l":"e","t":19},"geometry":{"type":"Point","coordinates":[415179.4,5656729.2]}},{"type":"Feature","properties":{"h":20.0,"d":11.4,"a":0,"l":"d"},"geometry":{"type":"Point","coordinates":[415179.7,5656896.6]}},{"type":"Feature","properties":{"h":20.0,"d":11.4,"a":0,"l":"d"},"geometry":{"type":"Point","coordinates":[415179.8,5656837.2]}},{"type":"Feature","properties":{"h":20.0,"d":11.4,"a":0,"l":"d"},"geometry":{"type":"Point","coordinates":[415179.9,5656817.3]}},{"type":"Feature","properties":{"h":23.0,"d":15.0,"a":3,"l":"e","t":33},"geometry":{"type":"Point","coordinates":[415180.1,5656717.8]}},{"type":"Feature","properties":{"h":22.0,"d":14.3,"a":3,"l":"e","t":25},"geometry":{"type":"Point","coordinates":[415180.3,5656750.5]}},{"type":"Feature","properties":{"h":20.0,"d":11.4,"a":0,"l":"d"},"geometry":{"type":"Point","coordinates":[415180.4,5656613.3]}},{"type":"Feature","properties":{"h":20.0,"d":11.4,"a":0,"l":"d"},"geometry":{"type":"Point","coordinates":[415180.4,5656852.9]}},{"type":"Feature","properties":{"h":8.0,"d":5.2,"a":3,"l":"e","t":8},"geometry":{"type":"Point","coordinates":[415180.6,5656727.2]}},{"type":"Feature","properties":{"h":20.0,"d":11.4,"a":0,"l":"d"},"geometry":{"type":"Point","coordinates":[415180.7,5656933.9]}},{"type":"Feature","properties":{"h":22.0,"d":14.3,"a":3,"l":"e","t":20},"geometry":{"type":"Point","coordinates":[415180.9,5656759.7]}},{"type":"Feature","properties":{"h":22.0,"d":14.3,"a":3,"l":"e","t":24},"geometry":{"type":"Point","coordinates":[415181.2,5656722.1]}},{"type":"Feature","properties":{"h":20.0,"d":11.4,"a":0,"l":"d"},"geometry":{"type":"Point","coordinates":[415181.4,5656706.1]}},{"type":"Feature","properties":{"h":21.0,"d":13.7,"a":3,"l":"e","t":27},"geometry":{"type":"Point","coordinates":[415181.9,5656740.0]}},{"type":"Feature","properties":{"h":21.0,"d":13.7,"a":3,"l":"e","t":21},"geometry":{"type":"Point","coordinates":[415181.9,5656720.3]}},{"type":"Feature","properties":{"h":22.0,"d":14.3,"a":3,"l":"e","t":29},"geometry":{"type":"Point","coordinates":[415182.4,5656758.0]}},{"type":"Feature","properties":{"h":20.0,"d":11.4,"a":0,"l":"d"},"geometry":{"type":"Point","coordinates":[415183.0,5656604.5]}},{"type":"Feature","properties":{"h":20.0,"d":11.4,"a":0,"l":"d"},"geometry":{"type":"Point","coordinates":[415183.1,5656829.7]}},{"type":"Feature","properties":{"h":22.0,"d":14.3,"a":3,"l":"e","t":28},"geometry":{"type":"Point","coordinates":[415183.5,5656727.5]}},{"type":"Feature","properties":{"h":22.0,"d":14.3,"a":3,"l":"e","t":25},"geometry":{"type":"Point","coordinates":[415183.6,5656734.8]}},{"type":"Feature","properties":{"h":22.0,"d":14.3,"a":3,"l":"e","t":24},"geometry":{"type":"Point","coordinates":[415183.6,5656719.0]}},{"type":"Feature","properties":{"h":22.0,"d":14.3,"a":3,"l":"e","t":27},"geometry":{"type":"Point","coordinates":[415183.7,5656742.9]}},{"type":"Feature","properties":{"h":15.0,"d":8.6,"a":0,"l":"d","t":61},"geometry":{"type":"Point","coordinates":[415183.7,5656897.2]}},{"type":"Feature","properties":{"h":20.0,"d":11.4,"a":0,"l":"d"},"geometry":{"type":"Point","coordinates":[415183.7,5656704.0]}},{"type":"Feature","properties":{"h":22.0,"d":14.3,"a":3,"l":"e","t":25},"geometry":{"type":"Point","coordinates":[415183.9,5656752.2]}},{"type":"Feature","properties":{"h":20.0,"d":11.4,"a":0,"l":"d"},"geometry":{"type":"Point","coordinates":[415184.0,5656639.9]}},{"type":"Feature","properties":{"h":20.0,"d":11.4,"a":0,"l":"d"},"geometry":{"type":"Point","coordinates":[415184.0,5656631.5]}},{"type":"Feature","properties":{"h":20.0,"d":11.4,"a":0,"l":"d"},"geometry":{"type":"Point","coordinates":[415184.0,5656689.5]}},{"type":"Feature","properties":{"h":20.0,"d":11.4,"a":0,"l":"d"},"geometry":{"type":"Point","coordinates":[415184.2,5656878.6]}},{"type":"Feature","properties":{"h":20.0,"d":11.4,"a":0,"l":"d"},"geometry":{"type":"Point","coordinates":[415184.6,5656705.7]}},{"type":"Feature","properties":{"h":20.0,"d":11.4,"a":0,"l":"d"},"geometry":{"type":"Point","coordinates":[415184.6,5656710.2]}},{"type":"Feature","properties":{"h":22.0,"d":14.3,"a":3,"l":"e","t":17},"geometry":{"type":"Point","coordinates":[415184.8,5656724.3]}},{"type":"Feature","properties":{"h":23.0,"d":15.0,"a":3,"l":"e","t":30},"geometry":{"type":"Point","coordinates":[415184.8,5656730.5]}},{"type":"Feature","properties":{"h":23.0,"d":15.0,"a":3,"l":"e","t":26},"geometry":{"type":"Point","coordinates":[415185.1,5656722.0]}},{"type":"Feature","properties":{"h":20.0,"d":11.4,"a":0,"l":"d"},"geometry":{"type":"Point","coordinates":[415185.2,5656893.9]}},{"type":"Feature","properties":{"h":20.0,"d":11.4,"a":0,"l":"d"},"geometry":{"type":"Point","coordinates":[415185.3,5656588.2]}},{"type":"Feature","properties":{"h":20.0,"d":11.4,"a":0,"l":"d"},"geometry":{"type":"Point","coordinates":[415185.3,5656702.8]}},{"type":"Feature","properties":{"h":21.0,"d":13.7,"a":3,"l":"e","t":23},"geometry":{"type":"Point","coordinates":[415185.6,5656743.8]}},{"type":"Feature","properties":{"h":20.0,"d":11.4,"a":0,"l":"d"},"geometry":{"type":"Point","coordinates":[415185.8,5656688.2]}},{"type":"Feature","properties":{"h":23.0,"d":15.0,"a":3,"l":"e","t":28},"geometry":{"type":"Point","coordinates":[415186.0,5656741.4]}},{"type":"Feature","properties":{"h":22.0,"d":14.3,"a":3,"l":"e","t":20},"geometry":{"type":"Point","coordinates":[415186.3,5656725.7]}},{"type":"Feature","properties":{"h":23.0,"d":15.0,"a":3,"l":"e","t":30},"geometry":{"type":"Point","coordinates":[415186.3,5656754.9]}},{"type":"Feature","properties":{"h":21.0,"d":13.7,"a":3,"l":"e","t":26},"geometry":{"type":"Point","coordinates":[415186.4,5656757.4]}},{"type":"Feature","properties":{"h":20.0,"d":11.4,"a":0,"l":"d"},"geometry":{"type":"Point","coordinates":[415186.4,5656832.5]}},{"type":"Feature","properties":{"h":20.0,"d":11.4,"a":0,"l":"d"},"geometry":{"type":"Point","coordinates":[415186.6,5656708.9]}},{"type":"Feature","properties":{"h":18.0,"d":10.3,"a":0,"l":"d","gn":3,"t":18},"geometry":{"type":"Point","coordinates":[415186.7,5656760.7]}},{"type":"Feature","properties":{"h":20.0,"d":11.4,"a":0,"l":"d"},"geometry":{"type":"Point","coordinates":[415186.7,5656821.9]}},{"type":"Feature","properties":{"h":21.0,"d":13.0,"a":0,"l":"d","gn":3,"t":89},"geometry":{"type":"Point","coordinates":[415186.8,5656174.2]}},{"type":"Feature","properties":{"h":20.0,"d":11.4,"a":0,"l":"d"},"geometry":{"type":"Point","coordinates":[415187.0,5656714.7]}},{"type":"Feature","properties":{"h":20.0,"d":11.4,"a":0,"l":"d"},"geometry":{"type":"Point","coordinates":[415187.2,5656884.5]}},{"type":"Feature","properties":{"h":20.0,"d":11.4,"a":0,"l":"d"},"geometry":{"type":"Point","coordinates":[415187.4,5656698.0]}},{"type":"Feature","properties":{"h":20.0,"d":11.4,"a":0,"l":"d"},"geometry":{"type":"Point","coordinates":[415187.5,5656840.0]}},{"type":"Feature","properties":{"h":20.0,"d":11.4,"a":0,"l":"d"},"geometry":{"type":"Point","coordinates":[415187.5,5656690.2]}},{"type":"Feature","properties":{"h":22.0,"d":14.3,"a":3,"l":"e","t":19},"geometry":{"type":"Point","coordinates":[415187.5,5656745.4]}},{"type":"Feature","properties":{"h":13.0,"d":7.4,"a":0,"l":"d","gn":3,"t":14},"geometry":{"type":"Point","coordinates":[415187.6,5656735.1]}},{"type":"Feature","properties":{"h":20.0,"d":11.4,"a":0,"l":"d"},"geometry":{"type":"Point","coordinates":[415187.7,5656712.2]}},{"type":"Feature","properties":{"h":20.0,"d":11.4,"a":0,"l":"d"},"geometry":{"type":"Point","coordinates":[415187.8,5656705.9]}},{"type":"Feature","properties":{"h":20.0,"d":11.4,"a":0,"l":"d"},"geometry":{"type":"Point","coordinates":[415187.8,5656826.2]}},{"type":"Feature","properties":{"h":21.0,"d":13.7,"a":3,"l":"e","t":24},"geometry":{"type":"Point","coordinates":[415187.8,5656752.1]}},{"type":"Feature","properties":{"h":20.0,"d":11.4,"a":0,"l":"d"},"geometry":{"type":"Point","coordinates":[415187.9,5656689.2]}},{"type":"Feature","properties":{"h":20.0,"d":11.4,"a":0,"l":"d"},"geometry":{"type":"Point","coordinates":[415188.3,5656939.8]}},{"type":"Feature","properties":{"h":22.0,"d":14.3,"a":3,"l":"e","t":27},"geometry":{"type":"Point","coordinates":[415188.6,5656727.7]}},{"type":"Feature","properties":{"h":20.0,"d":11.4,"a":0,"l":"d"},"geometry":{"type":"Point","coordinates":[415188.8,5656626.0]}},{"type":"Feature","properties":{"h":20.0,"d":11.4,"a":0,"l":"d"},"geometry":{"type":"Point","coordinates":[415189.0,5656685.8]}},{"type":"Feature","properties":{"h":20.0,"d":11.4,"a":0,"l":"d"},"geometry":{"type":"Point","coordinates":[415189.1,5656717.2]}},{"type":"Feature","properties":{"h":20.0,"d":11.4,"a":0,"l":"d"},"geometry":{"type":"Point","coordinates":[415189.4,5656828.6]}},{"type":"Feature","properties":{"h":20.0,"d":11.4,"a":0,"l":"d"},"geometry":{"type":"Point","coordinates":[415189.6,5656702.8]}},{"type":"Feature","properties":{"h":20.0,"d":13.0,"a":3,"l":"e","t":19},"geometry":{"type":"Point","coordinates":[415190.1,5656746.2]}},{"type":"Feature","properties":{"h":20.0,"d":11.4,"a":0,"l":"d"},"geometry":{"type":"Point","coordinates":[415190.1,5656604.6]}},{"type":"Feature","properties":{"h":21.0,"d":13.7,"a":3,"l":"e","t":21},"geometry":{"type":"Point","coordinates":[415190.2,5656736.2]}},{"type":"Feature","properties":{"h":20.0,"d":11.4,"a":0,"l":"d"},"geometry":{"type":"Point","coordinates":[415190.2,5656721.8]}},{"type":"Feature","properties":{"h":22.0,"d":14.3,"a":3,"l":"e","t":28},"geometry":{"type":"Point","coordinates":[415190.2,5656730.5]}},{"type":"Feature","properties":{"h":23.0,"d":15.0,"a":3,"l":"e","t":32},"geometry":{"type":"Point","coordinates":[415190.3,5656740.2]}},{"type":"Feature","properties":{"h":20.0,"d":11.4,"a":0,"l":"d"},"geometry":{"type":"Point","coordinates":[415190.3,5656808.4]}},{"type":"Feature","properties":{"h":17.0,"d":9.7,"a":0,"l":"d","gn":3,"t":18},"geometry":{"type":"Point","coordinates":[415190.7,5656760.5]}},{"type":"Feature","properties":{"h":20.0,"d":11.4,"a":0,"l":"d"},"geometry":{"type":"Point","coordinates":[415190.7,5656716.1]}},{"type":"Feature","properties":{"h":20.0,"d":11.4,"a":0,"l":"d"},"geometry":{"type":"Point","coordinates":[415190.8,5656842.2]}},{"type":"Feature","properties":{"h":20.0,"d":11.4,"a":0,"l":"d"},"geometry":{"type":"Point","coordinates":[415190.9,5656696.0]}},{"type":"Feature","properties":{"h":20.0,"d":11.4,"a":0,"l":"d"},"geometry":{"type":"Point","coordinates":[415191.0,5656614.4]}},{"type":"Feature","properties":{"h":20.0,"d":11.4,"a":0,"l":"d"},"geometry":{"type":"Point","coordinates":[415191.1,5656816.8]}},{"type":"Feature","properties":{"h":20.0,"d":11.4,"a":0,"l":"d"},"geometry":{"type":"Point","coordinates":[415191.1,5656813.2]}},{"type":"Feature","properties":{"h":22.0,"d":14.3,"a":3,"l":"e","t":21},"geometry":{"type":"Point","coordinates":[415191.3,5656742.7]}},{"type":"Feature","properties":{"h":20.0,"d":11.4,"a":0,"l":"d"},"geometry":{"type":"Point","coordinates":[415191.5,5656689.3]}},{"type":"Feature","properties":{"h":22.0,"d":14.3,"a":3,"l":"e","t":28},"geometry":{"type":"Point","coordinates":[415191.5,5656755.7]}},{"type":"Feature","properties":{"h":20.0,"d":11.4,"a":0,"l":"d"},"geometry":{"type":"Point","coordinates":[415191.6,5656707.2]}},{"type":"Feature","properties":{"h":22.0,"d":14.3,"a":3,"l":"e","t":30},"geometry":{"type":"Point","coordinates":[415191.8,5656749.4]}},{"type":"Feature","properties":{"h":20.0,"d":11.4,"a":0,"l":"d"},"geometry":{"type":"Point","coordinates":[415191.8,5656839.3]}},{"type":"Feature","properties":{"h":20.0,"d":11.4,"a":0,"l":"d"},"geometry":{"type":"Point","coordinates":[415192.0,5656721.9]}},{"type":"Feature","properties":{"h":22.0,"d":14.3,"a":3,"l":"e","t":25},"geometry":{"type":"Point","coordinates":[415192.0,5656753.7]}},{"type":"Feature","properties":{"h":20.0,"d":11.4,"a":0,"l":"d"},"geometry":{"type":"Point","coordinates":[415192.2,5656633.3]}},{"type":"Feature","properties":{"h":20.0,"d":11.4,"a":0,"l":"d"},"geometry":{"type":"Point","coordinates":[415192.3,5656825.9]}},{"type":"Feature","properties":{"h":20.0,"d":11.4,"a":0,"l":"d"},"geometry":{"type":"Point","coordinates":[415192.5,5656702.8]}},{"type":"Feature","properties":{"h":20.0,"d":11.4,"a":0,"l":"d"},"geometry":{"type":"Point","coordinates":[415192.5,5656819.4]}},{"type":"Feature","properties":{"h":20.0,"d":11.4,"a":0,"l":"d"},"geometry":{"type":"Point","coordinates":[415192.6,5656796.6]}},{"type":"Feature","properties":{"h":21.0,"d":13.7,"a":3,"l":"e","t":18},"geometry":{"type":"Point","coordinates":[415192.8,5656744.7]}},{"type":"Feature","properties":{"h":20.0,"d":11.4,"a":0,"l":"d"},"geometry":{"type":"Point","coordinates":[415192.8,5656710.5]}},{"type":"Feature","properties":{"h":20.0,"d":11.4,"a":0,"l":"d"},"geometry":{"type":"Point","coordinates":[415192.9,5656718.5]}},{"type":"Feature","properties":{"h":21.0,"d":13.7,"a":3,"l":"e","t":17},"geometry":{"type":"Point","coordinates":[415193.6,5656752.3]}},{"type":"Feature","properties":{"h":22.0,"d":14.3,"a":3,"l":"e","t":30},"geometry":{"type":"Point","coordinates":[415193.9,5656740.6]}},{"type":"Feature","properties":{"h":21.0,"d":13.7,"a":3,"l":"e","t":26},"geometry":{"type":"Point","coordinates":[415194.3,5656747.3]}},{"type":"Feature","properties":{"h":20.0,"d":11.4,"a":0,"l":"d"},"geometry":{"type":"Point","coordinates":[415194.4,5656727.2]}},{"type":"Feature","properties":{"h":20.0,"d":11.4,"a":0,"l":"d"},"geometry":{"type":"Point","coordinates":[415194.9,5656834.9]}},{"type":"Feature","properties":{"h":20.0,"d":11.4,"a":0,"l":"d","t":36},"geometry":{"type":"Point","coordinates":[415195.1,5656594.1]}},{"type":"Feature","properties":{"h":23.0,"d":15.0,"a":3,"l":"e","t":28},"geometry":{"type":"Point","coordinates":[415195.5,5656759.7]}},{"type":"Feature","properties":{"h":20.0,"d":11.4,"a":0,"l":"d"},"geometry":{"type":"Point","coordinates":[415195.6,5656708.6]}},{"type":"Feature","properties":{"h":20.0,"d":11.4,"a":0,"l":"d"},"geometry":{"type":"Point","coordinates":[415195.7,5656929.1]}},{"type":"Feature","properties":{"h":19.0,"d":12.4,"a":3,"l":"e","t":18},"geometry":{"type":"Point","coordinates":[415195.9,5656749.2]}},{"type":"Feature","properties":{"h":6.0,"d":3.4,"a":0,"l":"d","gn":3,"t":17},"geometry":{"type":"Point","coordinates":[415196.0,5656757.1]}},{"type":"Feature","properties":{"h":20.0,"d":11.4,"a":0,"l":"d"},"geometry":{"type":"Point","coordinates":[415196.0,5656723.7]}},{"type":"Feature","properties":{"h":26.0,"d":14.9,"a":0,"l":"d","gn":4,"t":77},"geometry":{"type":"Point","coordinates":[415196.2,5656766.7]}},{"type":"Feature","properties":{"h":22.0,"d":14.3,"a":3,"l":"e","t":26},"geometry":{"type":"Point","coordinates":[415196.5,5656752.9]}},{"type":"Feature","properties":{"h":20.0,"d":11.4,"a":0,"l":"d"},"geometry":{"type":"Point","coordinates":[415196.6,5656733.9]}},{"type":"Feature","properties":{"h":20.0,"d":11.4,"a":0,"l":"d"},"geometry":{"type":"Point","coordinates":[415196.9,5656715.6]}},{"type":"Feature","properties":{"h":20.0,"d":11.4,"a":0,"l":"d"},"geometry":{"type":"Point","coordinates":[415196.9,5656725.6]}},{"type":"Feature","properties":{"h":20.0,"d":11.4,"a":0,"l":"d"},"geometry":{"type":"Point","coordinates":[415197.1,5656737.7]}},{"type":"Feature","properties":{"h":20.0,"d":11.4,"a":0,"l":"d"},"geometry":{"type":"Point","coordinates":[415197.3,5656730.9]}},{"type":"Feature","properties":{"h":20.0,"d":11.0,"a":0,"l":"d","gn":3,"t":65},"geometry":{"type":"Point","coordinates":[415197.4,5656179.1]}},{"type":"Feature","properties":{"h":20.0,"d":11.4,"a":0,"l":"d"},"geometry":{"type":"Point","coordinates":[415197.4,5656711.3]}},{"type":"Feature","properties":{"h":20.0,"d":11.4,"a":0,"l":"d"},"geometry":{"type":"Point","coordinates":[415197.5,5656935.2]}},{"type":"Feature","properties":{"h":20.0,"d":11.4,"a":0,"l":"d"},"geometry":{"type":"Point","coordinates":[415197.8,5656721.3]}},{"type":"Feature","properties":{"h":20.0,"d":11.4,"a":0,"l":"d"},"geometry":{"type":"Point","coordinates":[415197.9,5656587.3]}},{"type":"Feature","properties":{"h":20.0,"d":11.4,"a":0,"l":"d"},"geometry":{"type":"Point","coordinates":[415198.0,5656800.8]}},{"type":"Feature","properties":{"h":20.0,"d":11.4,"a":0,"l":"d"},"geometry":{"type":"Point","coordinates":[415198.0,5656810.1]}},{"type":"Feature","properties":{"h":20.0,"d":11.4,"a":0,"l":"d"},"geometry":{"type":"Point","coordinates":[415198.1,5656726.7]}},{"type":"Feature","properties":{"h":20.0,"d":11.4,"a":0,"l":"d"},"geometry":{"type":"Point","coordinates":[415198.1,5656599.6]}},{"type":"Feature","properties":{"h":20.0,"d":11.4,"a":0,"l":"d"},"geometry":{"type":"Point","coordinates":[415198.7,5656740.5]}},{"type":"Feature","properties":{"h":20.0,"d":11.4,"a":0,"l":"d"},"geometry":{"type":"Point","coordinates":[415198.8,5656633.2]}},{"type":"Feature","properties":{"h":9.0,"d":5.1,"a":0,"l":"d","gn":10,"t":11},"geometry":{"type":"Point","coordinates":[415198.9,5656759.6]}},{"type":"Feature","properties":{"h":20.0,"d":11.4,"a":0,"l":"d"},"geometry":{"type":"Point","coordinates":[415199.0,5656635.5]}},{"type":"Feature","properties":{"h":25.0,"d":14.3,"a":0,"l":"d","t":55},"geometry":{"type":"Point","coordinates":[415199.2,5656789.1]}},{"type":"Feature","properties":{"h":20.0,"d":11.4,"a":0,"l":"d"},"geometry":{"type":"Point","coordinates":[415199.4,5656733.9]}},{"type":"Feature","properties":{"h":20.0,"d":11.4,"a":0,"l":"d"},"geometry":{"type":"Point","coordinates":[415199.5,5656881.2]}},{"type":"Feature","properties":{"h":21.0,"d":12.0,"a":0,"l":"d","gn":31,"t":24},"geometry":{"type":"Point","coordinates":[415200.2,5656750.2]}},{"type":"Feature","properties":{"h":20.0,"d":11.4,"a":0,"l":"d"},"geometry":{"type":"Point","coordinates":[415200.2,5656916.0]}},{"type":"Feature","properties":{"h":20.0,"d":11.4,"a":0,"l":"d"},"geometry":{"type":"Point","coordinates":[415200.5,5656828.4]}},{"type":"Feature","properties":{"h":20.0,"d":11.4,"a":0,"l":"d"},"geometry":{"type":"Point","coordinates":[415200.7,5656713.6]}},{"type":"Feature","properties":{"h":20.0,"d":11.4,"a":0,"l":"d"},"geometry":{"type":"Point","coordinates":[415200.7,5656731.5]}},{"type":"Feature","properties":{"h":20.0,"d":11.4,"a":0,"l":"d"},"geometry":{"type":"Point","coordinates":[415200.9,5656798.2]}},{"type":"Feature","properties":{"h":20.0,"d":11.4,"a":0,"l":"d"},"geometry":{"type":"Point","coordinates":[415201.0,5656937.3]}},{"type":"Feature","properties":{"h":20.0,"d":11.4,"a":0,"l":"d"},"geometry":{"type":"Point","coordinates":[415201.3,5656726.5]}},{"type":"Feature","properties":{"h":20.0,"d":11.4,"a":0,"l":"d"},"geometry":{"type":"Point","coordinates":[415201.6,5656717.9]}},{"type":"Feature","properties":{"h":20.0,"d":11.4,"a":0,"l":"d"},"geometry":{"type":"Point","coordinates":[415201.6,5656734.8]}},{"type":"Feature","properties":{"h":20.0,"d":11.4,"a":0,"l":"d"},"geometry":{"type":"Point","coordinates":[415202.1,5656746.2]}},{"type":"Feature","properties":{"h":19.0,"d":10.9,"a":0,"l":"d","gn":31,"t":11},"geometry":{"type":"Point","coordinates":[415202.4,5656750.5]}},{"type":"Feature","properties":{"h":20.0,"d":11.4,"a":0,"l":"d"},"geometry":{"type":"Point","coordinates":[415203.7,5656794.8]}},{"type":"Feature","properties":{"h":20.0,"d":11.4,"a":0,"l":"d"},"geometry":{"type":"Point","coordinates":[415203.9,5656630.0]}},{"type":"Feature","properties":{"h":20.0,"d":11.4,"a":0,"l":"d"},"geometry":{"type":"Point","coordinates":[415203.9,5656732.9]}},{"type":"Feature","properties":{"h":20.0,"d":11.4,"a":0,"l":"d"},"geometry":{"type":"Point","coordinates":[415204.0,5656635.7]}},{"type":"Feature","properties":{"h":20.0,"d":11.4,"a":0,"l":"d"},"geometry":{"type":"Point","coordinates":[415204.1,5656633.1]}},{"type":"Feature","properties":{"h":17.0,"d":9.7,"a":0,"l":"d","gn":31,"t":13},"geometry":{"type":"Point","coordinates":[415204.5,5656753.7]}},{"type":"Feature","properties":{"h":20.0,"d":11.4,"a":0,"l":"d"},"geometry":{"type":"Point","coordinates":[415204.6,5656776.3]}},{"type":"Feature","properties":{"h":20.0,"d":11.4,"a":0,"l":"d"},"geometry":{"type":"Point","coordinates":[415204.6,5656805.5]}},{"type":"Feature","properties":{"h":18.0,"d":12.0,"a":0,"l":"d","gn":3,"t":67},"geometry":{"type":"Point","coordinates":[415205.0,5656170.2]}},{"type":"Feature","properties":{"h":20.0,"d":11.4,"a":0,"l":"d"},"geometry":{"type":"Point","coordinates":[415205.0,5656627.3]}},{"type":"Feature","properties":{"h":25.0,"d":14.3,"a":0,"l":"d","t":54},"geometry":{"type":"Point","coordinates":[415205.1,5656822.8]}},{"type":"Feature","properties":{"h":17.0,"d":9.7,"a":0,"l":"d","gn":31,"t":11},"geometry":{"type":"Point","coordinates":[415205.2,5656750.7]}},{"type":"Feature","properties":{"h":20.0,"d":11.4,"a":0,"l":"d"},"geometry":{"type":"Point","coordinates":[415205.2,5656924.8]}},{"type":"Feature","properties":{"h":20.0,"d":11.4,"a":0,"l":"d"},"geometry":{"type":"Point","coordinates":[415205.4,5656811.6]}},{"type":"Feature","properties":{"h":20.0,"d":11.4,"a":0,"l":"d"},"geometry":{"type":"Point","coordinates":[415205.5,5656727.8]}},{"type":"Feature","properties":{"h":20.0,"d":11.4,"a":0,"l":"d"},"geometry":{"type":"Point","coordinates":[415205.5,5656603.4]}},{"type":"Feature","properties":{"h":20.0,"d":11.4,"a":0,"l":"d"},"geometry":{"type":"Point","coordinates":[415206.9,5656731.2]}},{"type":"Feature","properties":{"h":20.0,"d":11.4,"a":0,"l":"d"},"geometry":{"type":"Point","coordinates":[415207.4,5656828.2]}},{"type":"Feature","properties":{"h":20.0,"d":11.4,"a":0,"l":"d"},"geometry":{"type":"Point","coordinates":[415208.0,5656726.2]}},{"type":"Feature","properties":{"h":20.0,"d":11.4,"a":0,"l":"d"},"geometry":{"type":"Point","coordinates":[415208.1,5656588.2]}},{"type":"Feature","properties":{"h":24.0,"d":13.7,"a":0,"l":"d","gn":3,"t":59},"geometry":{"type":"Point","coordinates":[415208.2,5656747.5]}},{"type":"Feature","properties":{"h":20.0,"d":11.4,"a":0,"l":"d"},"geometry":{"type":"Point","coordinates":[415208.2,5656620.4]}},{"type":"Feature","properties":{"h":20.0,"d":11.4,"a":0,"l":"d"},"geometry":{"type":"Point","coordinates":[415208.6,5656734.2]}},{"type":"Feature","properties":{"h":20.0,"d":11.4,"a":0,"l":"d"},"geometry":{"type":"Point","coordinates":[415208.8,5656783.7]}},{"type":"Feature","properties":{"h":20.0,"d":11.4,"a":0,"l":"d"},"geometry":{"type":"Point","coordinates":[415209.5,5656729.4]}},{"type":"Feature","properties":{"h":20.0,"d":11.4,"a":0,"l":"d"},"geometry":{"type":"Point","coordinates":[415209.6,5656722.6]}},{"type":"Feature","properties":{"h":20.0,"d":11.4,"a":0,"l":"d"},"geometry":{"type":"Point","coordinates":[415210.3,5656936.5]}},{"type":"Feature","properties":{"h":28.0,"d":16.0,"a":0,"l":"d","gn":4,"t":55},"geometry":{"type":"Point","coordinates":[415210.5,5656761.4]}},{"type":"Feature","properties":{"h":16.0,"d":11.0,"a":0,"l":"d","gn":9,"t":46},"geometry":{"type":"Point","coordinates":[415210.8,5657161.5]}},{"type":"Feature","properties":{"h":20.0,"d":11.4,"a":0,"l":"d"},"geometry":{"type":"Point","coordinates":[415211.4,5656797.5]}},{"type":"Feature","properties":{"h":20.0,"d":11.4,"a":0,"l":"d"},"geometry":{"type":"Point","coordinates":[415211.5,5656720.0]}},{"type":"Feature","properties":{"h":20.0,"d":11.4,"a":0,"l":"d"},"geometry":{"type":"Point","coordinates":[415212.2,5656889.2]}},{"type":"Feature","properties":{"h":20.0,"d":11.4,"a":0,"l":"d"},"geometry":{"type":"Point","coordinates":[415212.4,5656724.9]}},{"type":"Feature","properties":{"h":20.0,"d":11.4,"a":0,"l":"d"},"geometry":{"type":"Point","coordinates":[415213.0,5656731.1]}},{"type":"Feature","properties":{"h":20.0,"d":11.4,"a":0,"l":"d"},"geometry":{"type":"Point","coordinates":[415213.4,5656820.7]}},{"type":"Feature","properties":{"h":32.0,"d":18.3,"a":0,"l":"d","gn":31,"t":82},"geometry":{"type":"Point","coordinates":[415213.5,5656755.7]}},{"type":"Feature","properties":{"h":20.0,"d":11.4,"a":0,"l":"d"},"geometry":{"type":"Point","coordinates":[415213.7,5656603.5]}},{"type":"Feature","properties":{"h":20.0,"d":11.4,"a":0,"l":"d"},"geometry":{"type":"Point","coordinates":[415213.7,5656727.8]}},{"type":"Feature","properties":{"h":20.0,"d":11.4,"a":0,"l":"d"},"geometry":{"type":"Point","coordinates":[415214.0,5656825.7]}},{"type":"Feature","properties":{"h":23.0,"d":13.1,"a":0,"l":"d","gn":4,"t":63},"geometry":{"type":"Point","coordinates":[415214.2,5656740.3]}},{"type":"Feature","properties":{"h":25.0,"d":14.3,"a":0,"l":"d","t":63},"geometry":{"type":"Point","coordinates":[415214.2,5656780.4]}},{"type":"Feature","properties":{"h":20.0,"d":11.4,"a":0,"l":"d"},"geometry":{"type":"Point","coordinates":[415214.5,5656723.9]}},{"type":"Feature","properties":{"h":20.0,"d":11.4,"a":0,"l":"d"},"geometry":{"type":"Point","coordinates":[415215.0,5656802.5]}},{"type":"Feature","properties":{"h":20.0,"d":11.4,"a":0,"l":"d"},"geometry":{"type":"Point","coordinates":[415216.3,5656728.9]}},{"type":"Feature","properties":{"h":20.0,"d":11.4,"a":0,"l":"d"},"geometry":{"type":"Point","coordinates":[415216.4,5656624.1]}},{"type":"Feature","properties":{"h":20.0,"d":11.4,"a":0,"l":"d"},"geometry":{"type":"Point","coordinates":[415216.8,5656720.9]}},{"type":"Feature","properties":{"h":20.0,"d":11.4,"a":0,"l":"d"},"geometry":{"type":"Point","coordinates":[415218.0,5656723.9]}},{"type":"Feature","properties":{"h":20.0,"d":11.4,"a":0,"l":"d"},"geometry":{"type":"Point","coordinates":[415218.6,5656731.8]}},{"type":"Feature","properties":{"h":20.0,"d":11.4,"a":0,"l":"d"},"geometry":{"type":"Point","coordinates":[415219.2,5656715.0]}},{"type":"Feature","properties":{"h":20.0,"d":11.4,"a":0,"l":"d"},"geometry":{"type":"Point","coordinates":[415219.7,5656726.6]}},{"type":"Feature","properties":{"h":20.0,"d":11.4,"a":0,"l":"d"},"geometry":{"type":"Point","coordinates":[415219.9,5656626.2]}},{"type":"Feature","properties":{"h":20.0,"d":11.4,"a":0,"l":"d"},"geometry":{"type":"Point","coordinates":[415220.1,5656587.7]}},{"type":"Feature","properties":{"h":20.0,"d":11.4,"a":0,"l":"d"},"geometry":{"type":"Point","coordinates":[415220.2,5656589.5]}},{"type":"Feature","properties":{"h":17.0,"d":12.0,"a":0,"l":"d","gn":9,"t":53},"geometry":{"type":"Point","coordinates":[415220.7,5657159.2]}},{"type":"Feature","properties":{"h":20.0,"d":11.4,"a":0,"l":"d"},"geometry":{"type":"Point","coordinates":[415220.8,5656620.2]}},{"type":"Feature","properties":{"h":20.0,"d":11.4,"a":0,"l":"d"},"geometry":{"type":"Point","coordinates":[415220.9,5656915.5]}},{"type":"Feature","properties":{"h":20.0,"d":11.4,"a":0,"l":"d"},"geometry":{"type":"Point","coordinates":[415221.1,5656779.1]}},{"type":"Feature","properties":{"h":20.0,"d":11.4,"a":0,"l":"d"},"geometry":{"type":"Point","coordinates":[415221.3,5656595.2]}},{"type":"Feature","properties":{"h":20.0,"d":11.4,"a":0,"l":"d"},"geometry":{"type":"Point","coordinates":[415221.3,5656826.1]}},{"type":"Feature","properties":{"h":20.0,"d":11.4,"a":0,"l":"d"},"geometry":{"type":"Point","coordinates":[415221.6,5656733.1]}},{"type":"Feature","properties":{"h":20.0,"d":11.4,"a":0,"l":"d"},"geometry":{"type":"Point","coordinates":[415221.8,5656717.3]}},{"type":"Feature","properties":{"h":20.0,"d":11.4,"a":0,"l":"d"},"geometry":{"type":"Point","coordinates":[415221.8,5656727.5]}},{"type":"Feature","properties":{"h":24.0,"d":13.7,"a":0,"l":"d","gn":31},"geometry":{"type":"Point","coordinates":[415222.1,5656919.6]}},{"type":"Feature","properties":{"h":20.0,"d":11.4,"a":0,"l":"d"},"geometry":{"type":"Point","coordinates":[415222.4,5656604.4]}},{"type":"Feature","properties":{"h":20.0,"d":11.4,"a":0,"l":"d","t":72},"geometry":{"type":"Point","coordinates":[415222.7,5656930.3]}},{"type":"Feature","properties":{"h":20.0,"d":11.4,"a":0,"l":"d"},"geometry":{"type":"Point","coordinates":[415222.7,5656714.4]}},{"type":"Feature","properties":{"h":20.0,"d":13.0,"a":0,"l":"d","gn":3,"t":95},"geometry":{"type":"Point","coordinates":[415222.8,5656166.5]}},{"type":"Feature","properties":{"h":20.0,"d":11.4,"a":0,"l":"d"},"geometry":{"type":"Point","coordinates":[415223.1,5656885.0]}},{"type":"Feature","properties":{"h":20.0,"d":11.4,"a":0,"l":"d"},"geometry":{"type":"Point","coordinates":[415223.2,5656722.8]}},{"type":"Feature","properties":{"h":20.0,"d":11.4,"a":0,"l":"d"},"geometry":{"type":"Point","coordinates":[415223.9,5656712.0]}},{"type":"Feature","properties":{"h":20.0,"d":11.4,"a":0,"l":"d"},"geometry":{"type":"Point","coordinates":[415224.2,5656912.7]}},{"type":"Feature","properties":{"h":20.0,"d":11.4,"a":0,"l":"d"},"geometry":{"type":"Point","coordinates":[415224.4,5656731.9]}},{"type":"Feature","properties":{"h":20.0,"d":11.4,"a":0,"l":"d"},"geometry":{"type":"Point","coordinates":[415224.6,5656779.4]}},{"type":"Feature","properties":{"h":20.0,"d":11.4,"a":0,"l":"d"},"geometry":{"type":"Point","coordinates":[415225.3,5656619.9]}},{"type":"Feature","properties":{"h":20.0,"d":11.4,"a":0,"l":"d"},"geometry":{"type":"Point","coordinates":[415225.3,5656712.9]}},{"type":"Feature","properties":{"h":20.0,"d":11.4,"a":0,"l":"d"},"geometry":{"type":"Point","coordinates":[415226.0,5656718.6]}},{"type":"Feature","properties":{"h":20.0,"d":11.4,"a":0,"l":"d"},"geometry":{"type":"Point","coordinates":[415226.2,5656720.5]}},{"type":"Feature","properties":{"h":20.0,"d":11.4,"a":0,"l":"d"},"geometry":{"type":"Point","coordinates":[415226.5,5656627.1]}},{"type":"Feature","properties":{"h":20.0,"d":11.4,"a":0,"l":"d","t":37},"geometry":{"type":"Point","coordinates":[415226.7,5656725.8]}},{"type":"Feature","properties":{"h":20.0,"d":11.4,"a":0,"l":"d","t":56},"geometry":{"type":"Point","coordinates":[415226.8,5656929.1]}},{"type":"Feature","properties":{"h":20.0,"d":11.4,"a":0,"l":"d"},"geometry":{"type":"Point","coordinates":[415227.7,5656711.5]}},{"type":"Feature","properties":{"h":20.0,"d":11.4,"a":0,"l":"d"},"geometry":{"type":"Point","coordinates":[415228.1,5656717.4]}},{"type":"Feature","properties":{"h":20.0,"d":11.4,"a":0,"l":"d"},"geometry":{"type":"Point","coordinates":[415228.3,5656721.0]}},{"type":"Feature","properties":{"h":20.0,"d":11.4,"a":0,"l":"d"},"geometry":{"type":"Point","coordinates":[415228.5,5656713.4]}},{"type":"Feature","properties":{"h":20.0,"d":11.4,"a":0,"l":"d"},"geometry":{"type":"Point","coordinates":[415228.5,5656808.9]}},{"type":"Feature","properties":{"h":20.0,"d":11.4,"a":0,"l":"d","t":46},"geometry":{"type":"Point","coordinates":[415228.6,5656777.8]}},{"type":"Feature","properties":{"h":20.0,"d":11.4,"a":0,"l":"d"},"geometry":{"type":"Point","coordinates":[415229.0,5656601.3]}},{"type":"Feature","properties":{"h":20.0,"d":11.4,"a":0,"l":"d"},"geometry":{"type":"Point","coordinates":[415229.8,5656704.7]}},{"type":"Feature","properties":{"h":20.0,"d":11.4,"a":0,"l":"d"},"geometry":{"type":"Point","coordinates":[415230.0,5656803.6]}},{"type":"Feature","properties":{"h":22.0,"d":12.6,"a":0,"l":"d","gn":10,"t":16},"geometry":{"type":"Point","coordinates":[415230.2,5656745.5]}},{"type":"Feature","properties":{"h":16.0,"d":12.0,"a":0,"l":"d","gn":9,"t":45},"geometry":{"type":"Point","coordinates":[415230.4,5657157.1]}},{"type":"Feature","properties":{"h":20.0,"d":11.4,"a":0,"l":"d"},"geometry":{"type":"Point","coordinates":[415230.8,5656716.0]}},{"type":"Feature","properties":{"h":20.0,"d":13.0,"a":3,"l":"e","t":23},"geometry":{"type":"Point","coordinates":[415231.1,5656766.3]}},{"type":"Feature","properties":{"h":20.0,"d":11.4,"a":0,"l":"d"},"geometry":{"type":"Point","coordinates":[415231.6,5656709.1]}},{"type":"Feature","properties":{"h":20.0,"d":13.0,"a":3,"l":"e","t":24},"geometry":{"type":"Point","coordinates":[415231.6,5656771.0]}},{"type":"Feature","properties":{"h":20.0,"d":11.4,"a":0,"l":"d"},"geometry":{"type":"Point","coordinates":[415231.7,5656707.4]}},{"type":"Feature","properties":{"h":20.0,"d":11.4,"a":0,"l":"d","t":35},"geometry":{"type":"Point","coordinates":[415231.9,5656721.4]}},{"type":"Feature","properties":{"h":20.0,"d":11.4,"a":0,"l":"d"},"geometry":{"type":"Point","coordinates":[415232.1,5656703.4]}},{"type":"Feature","properties":{"h":20.0,"d":11.4,"a":0,"l":"d"},"geometry":{"type":"Point","coordinates":[415232.4,5656715.3]}},{"type":"Feature","properties":{"h":20.0,"d":11.4,"a":0,"l":"d"},"geometry":{"type":"Point","coordinates":[415232.5,5656780.5]}},{"type":"Feature","properties":{"h":24.0,"d":13.7,"a":0,"l":"d","gn":31},"geometry":{"type":"Point","coordinates":[415232.5,5656924.2]}},{"type":"Feature","properties":{"h":20.0,"d":11.4,"a":0,"l":"d"},"geometry":{"type":"Point","coordinates":[415232.6,5656592.9]}},{"type":"Feature","properties":{"h":20.0,"d":12.0,"a":0,"l":"d","gn":3,"t":70},"geometry":{"type":"Point","coordinates":[415232.8,5656171.6]}},{"type":"Feature","properties":{"h":20.0,"d":11.4,"a":0,"l":"d"},"geometry":{"type":"Point","coordinates":[415232.8,5656849.4]}},{"type":"Feature","properties":{"h":20.0,"d":11.4,"a":0,"l":"d"},"geometry":{"type":"Point","coordinates":[415232.9,5656887.9]}},{"type":"Feature","properties":{"h":20.0,"d":11.4,"a":0,"l":"d"},"geometry":{"type":"Point","coordinates":[415233.0,5656819.8]}},{"type":"Feature","properties":{"h":20.0,"d":11.4,"a":0,"l":"d"},"geometry":{"type":"Point","coordinates":[415233.4,5656710.5]}},{"type":"Feature","properties":{"h":20.0,"d":11.4,"a":0,"l":"d"},"geometry":{"type":"Point","coordinates":[415233.4,5656586.3]}},{"type":"Feature","properties":{"h":20.0,"d":13.0,"a":3,"l":"e","t":20},"geometry":{"type":"Point","coordinates":[415233.6,5656770.0]}},{"type":"Feature","properties":{"h":20.0,"d":11.4,"a":0,"l":"d"},"geometry":{"type":"Point","coordinates":[415233.8,5656620.0]}},{"type":"Feature","properties":{"h":21.0,"d":13.7,"a":3,"l":"e","t":28},"geometry":{"type":"Point","coordinates":[415234.4,5656768.3]}},{"type":"Feature","properties":{"h":20.0,"d":11.4,"a":0,"l":"d"},"geometry":{"type":"Point","coordinates":[415234.5,5656627.5]}},{"type":"Feature","properties":{"h":20.0,"d":11.4,"a":0,"l":"d"},"geometry":{"type":"Point","coordinates":[415235.5,5656708.0]}},{"type":"Feature","properties":{"h":28.0,"d":16.0,"a":0,"l":"d","gn":31,"t":138},"geometry":{"type":"Point","coordinates":[415235.7,5656749.6]}},{"type":"Feature","properties":{"h":15.0,"d":8.6,"a":0,"l":"d","gn":3,"t":12},"geometry":{"type":"Point","coordinates":[415235.9,5656733.4]}},{"type":"Feature","properties":{"h":20.0,"d":11.4,"a":0,"l":"d"},"geometry":{"type":"Point","coordinates":[415236.0,5656712.5]}},{"type":"Feature","properties":{"h":18.0,"d":10.3,"a":0,"l":"d","gn":5,"t":15},"geometry":{"type":"Point","coordinates":[415236.3,5656740.1]}},{"type":"Feature","properties":{"h":20.0,"d":11.4,"a":0,"l":"d"},"geometry":{"type":"Point","coordinates":[415237.1,5656860.2]}},{"type":"Feature","properties":{"h":20.0,"d":11.4,"a":0,"l":"d"},"geometry":{"type":"Point","coordinates":[415237.4,5656696.1]}},{"type":"Feature","properties":{"h":20.0,"d":11.4,"a":0,"l":"d"},"geometry":{"type":"Point","coordinates":[415237.5,5656700.0]}},{"type":"Feature","properties":{"h":20.0,"d":11.4,"a":0,"l":"d"},"geometry":{"type":"Point","coordinates":[415237.8,5656881.2]}},{"type":"Feature","properties":{"h":23.0,"d":15.0,"a":3,"l":"e","t":29},"geometry":{"type":"Point","coordinates":[415238.0,5656762.5]}},{"type":"Feature","properties":{"h":20.0,"d":11.4,"a":0,"l":"d"},"geometry":{"type":"Point","coordinates":[415238.3,5656597.6]}},{"type":"Feature","properties":{"h":20.0,"d":11.4,"a":0,"l":"d"},"geometry":{"type":"Point","coordinates":[415238.3,5656713.5]}},{"type":"Feature","properties":{"h":20.0,"d":11.4,"a":0,"l":"d"},"geometry":{"type":"Point","coordinates":[415239.0,5656706.0]}},{"type":"Feature","properties":{"h":21.0,"d":13.7,"a":3,"l":"e","t":20},"geometry":{"type":"Point","coordinates":[415239.1,5656765.5]}},{"type":"Feature","properties":{"h":22.0,"d":14.3,"a":3,"l":"e","t":21},"geometry":{"type":"Point","coordinates":[415239.7,5656737.3]}},{"type":"Feature","properties":{"h":20.0,"d":11.4,"a":0,"l":"d"},"geometry":{"type":"Point","coordinates":[415239.8,5656696.3]}},{"type":"Feature","properties":{"h":20.0,"d":11.4,"a":0,"l":"d"},"geometry":{"type":"Point","coordinates":[415240.0,5656900.9]}},{"type":"Feature","properties":{"h":20.0,"d":13.0,"a":3,"l":"e","t":20},"geometry":{"type":"Point","coordinates":[415240.1,5656763.4]}},{"type":"Feature","properties":{"h":21.0,"d":13.7,"a":3,"l":"e","t":23},"geometry":{"type":"Point","coordinates":[415240.1,5656770.8]}},{"type":"Feature","properties":{"h":20.0,"d":11.4,"a":0,"l":"d"},"geometry":{"type":"Point","coordinates":[415240.2,5656835.8]}},{"type":"Feature","properties":{"h":20.0,"d":11.4,"a":0,"l":"d"},"geometry":{"type":"Point","coordinates":[415240.2,5656861.9]}},{"type":"Feature","properties":{"h":20.0,"d":11.4,"a":0,"l":"d"},"geometry":{"type":"Point","coordinates":[415240.4,5656712.9]}},{"type":"Feature","properties":{"h":20.0,"d":11.4,"a":0,"l":"d"},"geometry":{"type":"Point","coordinates":[415240.6,5656852.4]}},{"type":"Feature","properties":{"h":22.0,"d":14.3,"a":3,"l":"e","t":16},"geometry":{"type":"Point","coordinates":[415240.7,5656735.9]}},{"type":"Feature","properties":{"h":20.0,"d":11.4,"a":0,"l":"d"},"geometry":{"type":"Point","coordinates":[415240.9,5656839.6]}},{"type":"Feature","properties":{"h":20.0,"d":11.4,"a":0,"l":"d"},"geometry":{"type":"Point","coordinates":[415241.0,5656708.8]}},{"type":"Feature","properties":{"h":22.0,"d":14.3,"a":3,"l":"e","t":46},"geometry":{"type":"Point","coordinates":[415241.0,5656728.9]}},{"type":"Feature","properties":{"h":20.0,"d":11.4,"a":0,"l":"d"},"geometry":{"type":"Point","coordinates":[415241.3,5656624.9]}},{"type":"Feature","properties":{"h":20.0,"d":11.4,"a":0,"l":"d"},"geometry":{"type":"Point","coordinates":[415241.3,5656794.1]}},{"type":"Feature","properties":{"h":20.0,"d":13.0,"a":3,"l":"e","t":21},"geometry":{"type":"Point","coordinates":[415241.4,5656765.8]}},{"type":"Feature","properties":{"h":20.0,"d":11.4,"a":0,"l":"d"},"geometry":{"type":"Point","coordinates":[415241.9,5656705.1]}},{"type":"Feature","properties":{"h":22.0,"d":14.3,"a":3,"l":"e","t":23},"geometry":{"type":"Point","coordinates":[415242.1,5656734.6]}},{"type":"Feature","properties":{"h":23.0,"d":15.0,"a":3,"l":"e","t":28},"geometry":{"type":"Point","coordinates":[415242.2,5656768.6]}},{"type":"Feature","properties":{"h":20.0,"d":11.4,"a":0,"l":"d"},"geometry":{"type":"Point","coordinates":[415242.4,5656875.4]}},{"type":"Feature","properties":{"h":21.0,"d":13.7,"a":3,"l":"e","t":22},"geometry":{"type":"Point","coordinates":[415242.4,5656772.9]}},{"type":"Feature","properties":{"h":20.0,"d":11.4,"a":0,"l":"d"},"geometry":{"type":"Point","coordinates":[415242.8,5656870.7]}},{"type":"Feature","properties":{"h":20.0,"d":11.4,"a":0,"l":"d"},"geometry":{"type":"Point","coordinates":[415243.0,5656855.4]}},{"type":"Feature","properties":{"h":20.0,"d":11.4,"a":0,"l":"d"},"geometry":{"type":"Point","coordinates":[415243.1,5656842.5]}},{"type":"Feature","properties":{"h":22.0,"d":14.3,"a":3,"l":"e","t":27},"geometry":{"type":"Point","coordinates":[415243.2,5656733.4]}},{"type":"Feature","properties":{"h":20.0,"d":11.4,"a":0,"l":"d"},"geometry":{"type":"Point","coordinates":[415243.4,5656927.3]}},{"type":"Feature","properties":{"h":20.0,"d":11.4,"a":0,"l":"d"},"geometry":{"type":"Point","coordinates":[415243.5,5656883.8]}},{"type":"Feature","properties":{"h":20.0,"d":11.4,"a":0,"l":"d"},"geometry":{"type":"Point","coordinates":[415243.5,5656622.9]}},{"type":"Feature","properties":{"h":20.0,"d":11.4,"a":0,"l":"d"},"geometry":{"type":"Point","coordinates":[415243.7,5656925.7]}},{"type":"Feature","properties":{"h":20.0,"d":11.4,"a":0,"l":"d"},"geometry":{"type":"Point","coordinates":[415243.7,5656920.2]}},{"type":"Feature","properties":{"h":20.0,"d":11.4,"a":0,"l":"d"},"geometry":{"type":"Point","coordinates":[415243.8,5656853.3]}},{"type":"Feature","properties":{"h":20.0,"d":13.0,"a":3,"l":"e","t":22},"geometry":{"type":"Point","coordinates":[415243.9,5656774.2]}},{"type":"Feature","properties":{"h":20.0,"d":11.4,"a":0,"l":"d"},"geometry":{"type":"Point","coordinates":[415243.9,5656908.4]}},{"type":"Feature","properties":{"h":20.0,"d":11.4,"a":0,"l":"d"},"geometry":{"type":"Point","coordinates":[415244.3,5656805.4]}},{"type":"Feature","properties":{"h":20.0,"d":11.4,"a":0,"l":"d"},"geometry":{"type":"Point","coordinates":[415244.3,5656851.0]}},{"type":"Feature","properties":{"h":20.0,"d":11.4,"a":0,"l":"d"},"geometry":{"type":"Point","coordinates":[415244.3,5656877.5]}},{"type":"Feature","properties":{"h":21.0,"d":13.7,"a":3,"l":"e","t":20},"geometry":{"type":"Point","coordinates":[415244.6,5656766.0]}},{"type":"Feature","properties":{"h":20.0,"d":11.4,"a":0,"l":"d"},"geometry":{"type":"Point","coordinates":[415244.6,5656838.5]}},{"type":"Feature","properties":{"h":20.0,"d":13.0,"a":3,"l":"e","t":21},"geometry":{"type":"Point","coordinates":[415245.3,5656768.6]}},{"type":"Feature","properties":{"h":20.0,"d":11.4,"a":0,"l":"d"},"geometry":{"type":"Point","coordinates":[415245.6,5656865.3]}},{"type":"Feature","properties":{"h":20.0,"d":11.4,"a":0,"l":"d"},"geometry":{"type":"Point","coordinates":[415245.7,5656695.1]}},{"type":"Feature","properties":{"h":20.0,"d":11.4,"a":0,"l":"d"},"geometry":{"type":"Point","coordinates":[415246.0,5656875.1]}},{"type":"Feature","properties":{"h":19.0,"d":12.4,"a":3,"l":"e","t":19},"geometry":{"type":"Point","coordinates":[415246.2,5656770.4]}},{"type":"Feature","properties":{"h":20.0,"d":11.4,"a":0,"l":"d"},"geometry":{"type":"Point","coordinates":[415246.3,5656598.3]}},{"type":"Feature","properties":{"h":22.0,"d":14.3,"a":3,"l":"e","t":28},"geometry":{"type":"Point","coordinates":[415246.8,5656729.4]}},{"type":"Feature","properties":{"h":24.0,"d":13.7,"a":0,"l":"d","gn":4,"t":37},"geometry":{"type":"Point","coordinates":[415246.9,5656722.5]}},{"type":"Feature","properties":{"h":20.0,"d":11.4,"a":0,"l":"d"},"geometry":{"type":"Point","coordinates":[415247.0,5656697.9]}},{"type":"Feature","properties":{"h":20.0,"d":11.4,"a":0,"l":"d"},"geometry":{"type":"Point","coordinates":[415247.0,5656917.0]}},{"type":"Feature","properties":{"h":20.0,"d":11.4,"a":0,"l":"d"},"geometry":{"type":"Point","coordinates":[415248.1,5656858.4]}},{"type":"Feature","properties":{"h":20.0,"d":11.4,"a":0,"l":"d"},"geometry":{"type":"Point","coordinates":[415248.4,5656926.0]}},{"type":"Feature","properties":{"h":20.0,"d":11.4,"a":0,"l":"d"},"geometry":{"type":"Point","coordinates":[415248.9,5656826.4]}},{"type":"Feature","properties":{"h":20.0,"d":11.4,"a":0,"l":"d"},"geometry":{"type":"Point","coordinates":[415248.9,5656831.0]}},{"type":"Feature","properties":{"h":20.0,"d":11.4,"a":0,"l":"d"},"geometry":{"type":"Point","coordinates":[415249.0,5656596.8]}},{"type":"Feature","properties":{"h":20.0,"d":11.4,"a":0,"l":"d"},"geometry":{"type":"Point","coordinates":[415249.1,5656883.9]}},{"type":"Feature","properties":{"h":20.0,"d":11.4,"a":0,"l":"d"},"geometry":{"type":"Point","coordinates":[415249.2,5656838.8]}},{"type":"Feature","properties":{"h":20.0,"d":11.4,"a":0,"l":"d"},"geometry":{"type":"Point","coordinates":[415249.3,5656872.4]}},{"type":"Feature","properties":{"h":20.0,"d":11.4,"a":0,"l":"d"},"geometry":{"type":"Point","coordinates":[415249.3,5656874.5]}},{"type":"Feature","properties":{"h":20.0,"d":11.4,"a":0,"l":"d"},"geometry":{"type":"Point","coordinates":[415249.4,5656864.3]}},{"type":"Feature","properties":{"h":20.0,"d":11.4,"a":0,"l":"d"},"geometry":{"type":"Point","coordinates":[415249.4,5656622.4]}},{"type":"Feature","properties":{"h":21.0,"d":13.7,"a":3,"l":"e","t":25},"geometry":{"type":"Point","coordinates":[415249.4,5656766.5]}},{"type":"Feature","properties":{"h":20.0,"d":11.4,"a":0,"l":"d"},"geometry":{"type":"Point","coordinates":[415249.7,5656789.4]}},{"type":"Feature","properties":{"h":20.0,"d":11.4,"a":0,"l":"d"},"geometry":{"type":"Point","coordinates":[415250.3,5656688.6]}},{"type":"Feature","properties":{"h":20.0,"d":11.4,"a":0,"l":"d"},"geometry":{"type":"Point","coordinates":[415250.4,5656821.5]}},{"type":"Feature","properties":{"h":20.0,"d":11.4,"a":0,"l":"d"},"geometry":{"type":"Point","coordinates":[415250.5,5656869.1]}},{"type":"Feature","properties":{"h":21.0,"d":13.7,"a":3,"l":"e","t":25},"geometry":{"type":"Point","coordinates":[415250.6,5656771.0]}},{"type":"Feature","properties":{"h":20.0,"d":11.4,"a":0,"l":"d"},"geometry":{"type":"Point","coordinates":[415250.7,5656625.1]}},{"type":"Feature","properties":{"h":20.0,"d":11.4,"a":0,"l":"d"},"geometry":{"type":"Point","coordinates":[415250.9,5656792.0]}},{"type":"Feature","properties":{"h":20.0,"d":11.4,"a":0,"l":"d"},"geometry":{"type":"Point","coordinates":[415251.3,5656692.0]}},{"type":"Feature","properties":{"h":20.0,"d":11.4,"a":0,"l":"d"},"geometry":{"type":"Point","coordinates":[415252.0,5656828.5]}},{"type":"Feature","properties":{"h":20.0,"d":11.4,"a":0,"l":"d"},"geometry":{"type":"Point","coordinates":[415252.2,5656894.1]}},{"type":"Feature","properties":{"h":20.0,"d":11.4,"a":0,"l":"d"},"geometry":{"type":"Point","coordinates":[415252.2,5656860.3]}},{"type":"Feature","properties":{"h":25.0,"d":14.3,"a":0,"l":"d","t":72},"geometry":{"type":"Point","coordinates":[415252.2,5656702.1]}},{"type":"Feature","properties":{"h":20.0,"d":11.4,"a":0,"l":"d"},"geometry":{"type":"Point","coordinates":[415252.3,5656831.6]}},{"type":"Feature","properties":{"h":21.0,"d":13.7,"a":3,"l":"e","t":22},"geometry":{"type":"Point","coordinates":[415252.3,5656768.3]}},{"type":"Feature","properties":{"h":27.0,"d":15.4,"a":0,"l":"d","gn":5,"t":81},"geometry":{"type":"Point","coordinates":[415252.5,5656780.2]}},{"type":"Feature","properties":{"h":20.0,"d":11.4,"a":0,"l":"d"},"geometry":{"type":"Point","coordinates":[415252.5,5656857.5]}},{"type":"Feature","properties":{"h":20.0,"d":11.4,"a":0,"l":"d"},"geometry":{"type":"Point","coordinates":[415252.6,5656697.8]}},{"type":"Feature","properties":{"h":8.0,"d":5.0,"a":0,"l":"d","gn":7,"t":13},"geometry":{"type":"Point","coordinates":[415253.3,5656018.5]}},{"type":"Feature","properties":{"h":20.0,"d":11.4,"a":0,"l":"d"},"geometry":{"type":"Point","coordinates":[415253.3,5656836.8]}},{"type":"Feature","properties":{"h":20.0,"d":11.4,"a":0,"l":"d"},"geometry":{"type":"Point","coordinates":[415254.3,5656823.4]}},{"type":"Feature","properties":{"h":20.0,"d":11.4,"a":0,"l":"d"},"geometry":{"type":"Point","coordinates":[415254.3,5656908.2]}},{"type":"Feature","properties":{"h":20.0,"d":11.4,"a":0,"l":"d"},"geometry":{"type":"Point","coordinates":[415254.6,5656826.6]}},{"type":"Feature","properties":{"h":20.0,"d":11.4,"a":0,"l":"d"},"geometry":{"type":"Point","coordinates":[415254.7,5656904.0]}},{"type":"Feature","properties":{"h":20.0,"d":11.4,"a":0,"l":"d"},"geometry":{"type":"Point","coordinates":[415254.8,5656816.3]}},{"type":"Feature","properties":{"h":20.0,"d":11.4,"a":0,"l":"d"},"geometry":{"type":"Point","coordinates":[415254.8,5656892.3]}},{"type":"Feature","properties":{"h":20.0,"d":11.4,"a":0,"l":"d"},"geometry":{"type":"Point","coordinates":[415255.3,5656861.2]}},{"type":"Feature","properties":{"h":20.0,"d":11.4,"a":0,"l":"d"},"geometry":{"type":"Point","coordinates":[415255.3,5656926.0]}},{"type":"Feature","properties":{"h":20.0,"d":11.4,"a":0,"l":"d"},"geometry":{"type":"Point","coordinates":[415255.7,5656625.4]}},{"type":"Feature","properties":{"h":20.0,"d":11.4,"a":0,"l":"d"},"geometry":{"type":"Point","coordinates":[415255.8,5656693.1]}},{"type":"Feature","properties":{"h":20.0,"d":11.4,"a":0,"l":"d"},"geometry":{"type":"Point","coordinates":[415255.8,5656593.8]}},{"type":"Feature","properties":{"h":22.0,"d":14.3,"a":3,"l":"e","t":26},"geometry":{"type":"Point","coordinates":[415255.8,5656772.6]}},{"type":"Feature","properties":{"h":20.0,"d":11.4,"a":0,"l":"d"},"geometry":{"type":"Point","coordinates":[415256.0,5656604.2]}},{"type":"Feature","properties":{"h":20.0,"d":11.4,"a":0,"l":"d"},"geometry":{"type":"Point","coordinates":[415256.0,5656852.2]}},{"type":"Feature","properties":{"h":20.0,"d":11.4,"a":0,"l":"d"},"geometry":{"type":"Point","coordinates":[415256.1,5656610.5]}},{"type":"Feature","properties":{"h":20.0,"d":11.4,"a":0,"l":"d"},"geometry":{"type":"Point","coordinates":[415256.2,5656848.7]}},{"type":"Feature","properties":{"h":20.0,"d":11.4,"a":0,"l":"d"},"geometry":{"type":"Point","coordinates":[415256.6,5656597.0]}},{"type":"Feature","properties":{"h":20.0,"d":11.4,"a":0,"l":"d"},"geometry":{"type":"Point","coordinates":[415256.7,5656813.2]}},{"type":"Feature","properties":{"h":20.0,"d":11.4,"a":0,"l":"d"},"geometry":{"type":"Point","coordinates":[415256.7,5656925.2]}},{"type":"Feature","properties":{"h":20.0,"d":11.4,"a":0,"l":"d"},"geometry":{"type":"Point","coordinates":[415256.7,5656589.0]}},{"type":"Feature","properties":{"h":20.0,"d":11.4,"a":0,"l":"d"},"geometry":{"type":"Point","coordinates":[415256.7,5656828.7]}},{"type":"Feature","properties":{"h":23.0,"d":9.0,"a":0,"l":"d","gn":3,"t":61},"geometry":{"type":"Point","coordinates":[415256.8,5657958.0]}},{"type":"Feature","properties":{"h":20.0,"d":11.4,"a":0,"l":"d"},"geometry":{"type":"Point","coordinates":[415256.8,5656818.8]}},{"type":"Feature","properties":{"h":20.0,"d":11.4,"a":0,"l":"d"},"geometry":{"type":"Point","coordinates":[415257.0,5656683.4]}},{"type":"Feature","properties":{"h":20.0,"d":11.4,"a":0,"l":"d"},"geometry":{"type":"Point","coordinates":[415257.4,5656686.8]}},{"type":"Feature","properties":{"h":20.0,"d":13.0,"a":3,"l":"e","t":21},"geometry":{"type":"Point","coordinates":[415257.4,5656769.9]}},{"type":"Feature","properties":{"h":20.0,"d":11.4,"a":0,"l":"d"},"geometry":{"type":"Point","coordinates":[415257.5,5656825.2]}},{"type":"Feature","properties":{"h":21.0,"d":15.0,"a":0,"l":"d","gn":3,"t":93},"geometry":{"type":"Point","coordinates":[415257.7,5656159.4]}},{"type":"Feature","properties":{"h":20.0,"d":11.4,"a":0,"l":"d"},"geometry":{"type":"Point","coordinates":[415257.8,5656878.1]}},{"type":"Feature","properties":{"h":16.0,"d":11.0,"a":0,"l":"d","gn":9,"t":51},"geometry":{"type":"Point","coordinates":[415257.8,5657150.4]}},{"type":"Feature","properties":{"h":20.0,"d":11.4,"a":0,"l":"d"},"geometry":{"type":"Point","coordinates":[415257.9,5656587.7]}},{"type":"Feature","properties":{"h":20.0,"d":11.4,"a":0,"l":"d"},"geometry":{"type":"Point","coordinates":[415258.0,5656844.7]}},{"type":"Feature","properties":{"h":20.0,"d":11.4,"a":0,"l":"d"},"geometry":{"type":"Point","coordinates":[415258.0,5656618.7]}},{"type":"Feature","properties":{"h":20.0,"d":11.4,"a":0,"l":"d"},"geometry":{"type":"Point","coordinates":[415258.2,5656688.4]}},{"type":"Feature","properties":{"h":20.0,"d":11.4,"a":0,"l":"d"},"geometry":{"type":"Point","coordinates":[415258.5,5656816.1]}},{"type":"Feature","properties":{"h":20.0,"d":11.4,"a":0,"l":"d"},"geometry":{"type":"Point","coordinates":[415258.7,5656848.9]}},{"type":"Feature","properties":{"h":17.0,"d":11.0,"a":1,"l":"d","gn":11,"t":30},"geometry":{"type":"Point","coordinates":[415258.9,5657901.7]}},{"type":"Feature","properties":{"h":20.0,"d":11.4,"a":0,"l":"d"},"geometry":{"type":"Point","coordinates":[415258.9,5656811.2]}},{"type":"Feature","properties":{"h":20.0,"d":11.4,"a":0,"l":"d"},"geometry":{"type":"Point","coordinates":[415259.2,5656629.1]}},{"type":"Feature","properties":{"h":20.0,"d":11.4,"a":0,"l":"d"},"geometry":{"type":"Point","coordinates":[415259.3,5656695.1]}},{"type":"Feature","properties":{"h":20.0,"d":11.4,"a":0,"l":"d"},"geometry":{"type":"Point","coordinates":[415259.4,5656807.8]}},{"type":"Feature","properties":{"h":20.0,"d":1.9,"a":3,"l":"e","t":17},"geometry":{"type":"Point","coordinates":[415259.5,5656772.8]}},{"type":"Feature","properties":{"h":28.0,"d":16.0,"a":0,"l":"d","gn":31,"t":46},"geometry":{"type":"Point","coordinates":[415259.6,5656721.3]}},{"type":"Feature","properties":{"h":20.0,"d":11.4,"a":0,"l":"d"},"geometry":{"type":"Point","coordinates":[415259.6,5656829.5]}},{"type":"Feature","properties":{"h":20.0,"d":11.4,"a":0,"l":"d"},"geometry":{"type":"Point","coordinates":[415259.6,5656880.2]}},{"type":"Feature","properties":{"h":20.0,"d":11.4,"a":0,"l":"d"},"geometry":{"type":"Point","coordinates":[415259.7,5656691.2]}},{"type":"Feature","properties":{"h":24.0,"d":13.7,"a":0,"l":"d","gn":4,"t":52},"geometry":{"type":"Point","coordinates":[415259.7,5656716.2]}},{"type":"Feature","properties":{"h":20.0,"d":11.4,"a":0,"l":"d"},"geometry":{"type":"Point","coordinates":[415259.7,5656843.3]}},{"type":"Feature","properties":{"h":20.0,"d":11.4,"a":0,"l":"d"},"geometry":{"type":"Point","coordinates":[415260.2,5656852.1]}},{"type":"Feature","properties":{"h":23.0,"d":7.0,"a":0,"l":"d","gn":3,"t":60},"geometry":{"type":"Point","coordinates":[415260.3,5657952.9]}},{"type":"Feature","properties":{"h":20.0,"d":11.4,"a":0,"l":"d"},"geometry":{"type":"Point","coordinates":[415260.3,5656606.3]}},{"type":"Feature","properties":{"h":22.0,"d":14.3,"a":3,"l":"e","t":24},"geometry":{"type":"Point","coordinates":[415260.3,5656775.0]}},{"type":"Feature","properties":{"h":20.0,"d":11.4,"a":0,"l":"d"},"geometry":{"type":"Point","coordinates":[415260.6,5656854.9]}},{"type":"Feature","properties":{"h":20.0,"d":11.4,"a":0,"l":"d"},"geometry":{"type":"Point","coordinates":[415260.7,5656685.1]}},{"type":"Feature","properties":{"h":20.0,"d":11.4,"a":0,"l":"d"},"geometry":{"type":"Point","coordinates":[415260.7,5656819.6]}},{"type":"Feature","properties":{"h":20.0,"d":11.4,"a":0,"l":"d"},"geometry":{"type":"Point","coordinates":[415260.9,5656620.6]}},{"type":"Feature","properties":{"h":6.0,"d":6.0,"a":0,"l":"d","gn":31,"t":110},"geometry":{"type":"Point","coordinates":[415261.0,5657928.7]}},{"type":"Feature","properties":{"h":20.0,"d":11.4,"a":0,"l":"d"},"geometry":{"type":"Point","coordinates":[415261.2,5656611.0]}},{"type":"Feature","properties":{"h":20.0,"d":11.4,"a":0,"l":"d"},"geometry":{"type":"Point","coordinates":[415261.6,5656806.0]}},{"type":"Feature","properties":{"h":21.0,"d":13.7,"a":3,"l":"e","t":17},"geometry":{"type":"Point","coordinates":[415261.7,5656779.9]}},{"type":"Feature","properties":{"h":20.0,"d":11.4,"a":0,"l":"d"},"geometry":{"type":"Point","coordinates":[415261.9,5656822.1]}},{"type":"Feature","properties":{"h":20.0,"d":11.4,"a":0,"l":"d"},"geometry":{"type":"Point","coordinates":[415262.0,5656686.1]}},{"type":"Feature","properties":{"h":20.0,"d":11.4,"a":0,"l":"d"},"geometry":{"type":"Point","coordinates":[415262.1,5656844.4]}},{"type":"Feature","properties":{"h":20.0,"d":11.4,"a":0,"l":"d"},"geometry":{"type":"Point","coordinates":[415262.2,5656816.2]}},{"type":"Feature","properties":{"h":20.0,"d":11.4,"a":0,"l":"d"},"geometry":{"type":"Point","coordinates":[415262.2,5656601.6]}},{"type":"Feature","properties":{"h":20.0,"d":11.4,"a":0,"l":"d"},"geometry":{"type":"Point","coordinates":[415262.3,5656838.7]}},{"type":"Feature","properties":{"h":20.0,"d":11.4,"a":0,"l":"d"},"geometry":{"type":"Point","coordinates":[415262.4,5656871.4]}},{"type":"Feature","properties":{"h":20.0,"d":11.4,"a":0,"l":"d"},"geometry":{"type":"Point","coordinates":[415262.4,5656812.9]}},{"type":"Feature","properties":{"h":20.0,"d":11.4,"a":0,"l":"d"},"geometry":{"type":"Point","coordinates":[415262.7,5656592.0]}},{"type":"Feature","properties":{"h":12.0,"d":6.0,"a":1,"l":"d","gn":11,"t":40},"geometry":{"type":"Point","coordinates":[415262.8,5657920.6]}},{"type":"Feature","properties":{"h":25.0,"d":14.3,"a":0,"l":"d","t":56},"geometry":{"type":"Point","coordinates":[415262.8,5656627.0]}},{"type":"Feature","properties":{"h":20.0,"d":11.4,"a":0,"l":"d"},"geometry":{"type":"Point","coordinates":[415263.0,5656617.8]}},{"type":"Feature","properties":{"h":21.0,"d":13.7,"a":3,"l":"e","t":19},"geometry":{"type":"Point","coordinates":[415263.0,5656783.8]}},{"type":"Feature","properties":{"h":20.0,"d":11.4,"a":0,"l":"d"},"geometry":{"type":"Point","coordinates":[415263.1,5656899.2]}},{"type":"Feature","properties":{"h":20.0,"d":11.4,"a":0,"l":"d"},"geometry":{"type":"Point","coordinates":[415263.1,5656895.1]}},{"type":"Feature","properties":{"h":20.0,"d":11.4,"a":0,"l":"d"},"geometry":{"type":"Point","coordinates":[415263.2,5656846.5]}},{"type":"Feature","properties":{"h":16.0,"d":13.0,"a":0,"l":"d","gn":7,"t":59},"geometry":{"type":"Point","coordinates":[415263.2,5656062.8]}},{"type":"Feature","properties":{"h":20.0,"d":11.4,"a":0,"l":"d"},"geometry":{"type":"Point","coordinates":[415263.3,5656879.3]}},{"type":"Feature","properties":{"h":20.0,"d":11.4,"a":0,"l":"d"},"geometry":{"type":"Point","coordinates":[415263.5,5656682.9]}},{"type":"Feature","properties":{"h":20.0,"d":11.4,"a":0,"l":"d"},"geometry":{"type":"Point","coordinates":[415263.8,5656679.1]}},{"type":"Feature","properties":{"h":21.0,"d":13.7,"a":3,"l":"e","t":21},"geometry":{"type":"Point","coordinates":[415263.9,5656776.6]}},{"type":"Feature","properties":{"h":20.0,"d":11.4,"a":0,"l":"d"},"geometry":{"type":"Point","coordinates":[415263.9,5656588.1]}},{"type":"Feature","properties":{"h":16.0,"d":14.0,"a":1,"l":"d","gn":11,"t":41},"geometry":{"type":"Point","coordinates":[415264.0,5657964.8]}},{"type":"Feature","properties":{"h":20.0,"d":11.4,"a":0,"l":"d"},"geometry":{"type":"Point","coordinates":[415264.3,5656849.2]}},{"type":"Feature","properties":{"h":6.0,"d":2.0,"a":0,"l":"d","gn":31,"t":6},"geometry":{"type":"Point","coordinates":[415264.4,5657912.1]}},{"type":"Feature","properties":{"h":20.0,"d":11.4,"a":0,"l":"d"},"geometry":{"type":"Point","coordinates":[415264.5,5656811.9]}},{"type":"Feature","properties":{"h":20.0,"d":11.4,"a":0,"l":"d"},"geometry":{"type":"Point","coordinates":[415264.5,5656843.0]}},{"type":"Feature","properties":{"h":20.0,"d":11.4,"a":0,"l":"d"},"geometry":{"type":"Point","coordinates":[415264.7,5656817.0]}},{"type":"Feature","properties":{"h":20.0,"d":11.4,"a":0,"l":"d"},"geometry":{"type":"Point","coordinates":[415264.8,5656808.6]}},{"type":"Feature","properties":{"h":20.0,"d":11.4,"a":0,"l":"d"},"geometry":{"type":"Point","coordinates":[415265.1,5656803.1]}},{"type":"Feature","properties":{"h":4.0,"d":1.0,"a":0,"l":"d","gn":31,"t":5},"geometry":{"type":"Point","coordinates":[415265.3,5657936.5]}},{"type":"Feature","properties":{"h":20.0,"d":11.4,"a":0,"l":"d"},"geometry":{"type":"Point","coordinates":[415265.4,5656631.5]}},{"type":"Feature","properties":{"h":20.0,"d":11.4,"a":0,"l":"d"},"geometry":{"type":"Point","coordinates":[415265.5,5656682.4]}},{"type":"Feature","properties":{"h":20.0,"d":11.4,"a":0,"l":"d"},"geometry":{"type":"Point","coordinates":[415265.6,5656623.8]}},{"type":"Feature","properties":{"h":29.0,"d":12.0,"a":0,"l":"d","gn":1,"t":67},"geometry":{"type":"Point","coordinates":[415265.8,5657864.6]}},{"type":"Feature","properties":{"h":21.0,"d":13.7,"a":3,"l":"e","t":22},"geometry":{"type":"Point","coordinates":[415265.9,5656782.0]}},{"type":"Feature","properties":{"h":20.0,"d":11.4,"a":0,"l":"d"},"geometry":{"type":"Point","coordinates":[415266.0,5656899.9]}},{"type":"Feature","properties":{"h":26.0,"d":12.0,"a":0,"l":"d","gn":1,"t":54},"geometry":{"type":"Point","coordinates":[415266.1,5657854.7]}},{"type":"Feature","properties":{"h":26.0,"d":12.0,"a":0,"l":"d","gn":1,"t":46},"geometry":{"type":"Point","coordinates":[415266.1,5657857.7]}},{"type":"Feature","properties":{"h":20.0,"d":11.4,"a":0,"l":"d"},"geometry":{"type":"Point","coordinates":[415266.2,5656879.1]}},{"type":"Feature","properties":{"h":20.0,"d":11.4,"a":0,"l":"d"},"geometry":{"type":"Point","coordinates":[415266.2,5656676.3]}},{"type":"Feature","properties":{"h":22.0,"d":14.3,"a":3,"l":"e","t":19},"geometry":{"type":"Point","coordinates":[415266.2,5656712.9]}},{"type":"Feature","properties":{"h":20.0,"d":11.4,"a":0,"l":"d"},"geometry":{"type":"Point","coordinates":[415266.4,5656810.7]}},{"type":"Feature","properties":{"h":20.0,"d":11.4,"a":0,"l":"d"},"geometry":{"type":"Point","coordinates":[415266.4,5656895.4]}},{"type":"Feature","properties":{"h":20.0,"d":11.4,"a":0,"l":"d"},"geometry":{"type":"Point","coordinates":[415266.5,5656688.7]}},{"type":"Feature","properties":{"h":20.0,"d":11.4,"a":0,"l":"d"},"geometry":{"type":"Point","coordinates":[415266.5,5656815.0]}},{"type":"Feature","properties":{"h":20.0,"d":11.4,"a":0,"l":"d"},"geometry":{"type":"Point","coordinates":[415266.8,5656797.9]}},{"type":"Feature","properties":{"h":20.0,"d":11.4,"a":0,"l":"d"},"geometry":{"type":"Point","coordinates":[415266.9,5656626.9]}},{"type":"Feature","properties":{"h":13.0,"d":11.0,"a":0,"l":"d","gn":1,"t":41},"geometry":{"type":"Point","coordinates":[415267.2,5657847.6]}},{"type":"Feature","properties":{"h":20.0,"d":11.4,"a":0,"l":"d"},"geometry":{"type":"Point","coordinates":[415267.3,5656840.6]}},{"type":"Feature","properties":{"h":20.0,"d":11.4,"a":0,"l":"d"},"geometry":{"type":"Point","coordinates":[415267.4,5656680.9]}},{"type":"Feature","properties":{"h":20.0,"d":11.4,"a":0,"l":"d"},"geometry":{"type":"Point","coordinates":[415267.4,5656803.1]}},{"type":"Feature","properties":{"h":16.0,"d":15.0,"a":0,"l":"d","gn":7,"t":85},"geometry":{"type":"Point","coordinates":[415267.7,5656032.7]}},{"type":"Feature","properties":{"h":20.0,"d":11.4,"a":0,"l":"d"},"geometry":{"type":"Point","coordinates":[415267.8,5656830.5]}},{"type":"Feature","properties":{"h":20.0,"d":11.4,"a":0,"l":"d"},"geometry":{"type":"Point","coordinates":[415267.8,5656600.6]}},{"type":"Feature","properties":{"h":20.0,"d":11.4,"a":0,"l":"d"},"geometry":{"type":"Point","coordinates":[415268.4,5656610.4]}},{"type":"Feature","properties":{"h":23.0,"d":15.0,"a":3,"l":"e","t":39},"geometry":{"type":"Point","coordinates":[415268.5,5656705.1]}},{"type":"Feature","properties":{"h":20.0,"d":11.4,"a":0,"l":"d"},"geometry":{"type":"Point","coordinates":[415268.5,5656824.9]}},{"type":"Feature","properties":{"h":21.0,"d":13.7,"a":3,"l":"e","t":19},"geometry":{"type":"Point","coordinates":[415268.5,5656783.4]}},{"type":"Feature","properties":{"h":20.0,"d":11.4,"a":0,"l":"d"},"geometry":{"type":"Point","coordinates":[415268.8,5656811.8]}},{"type":"Feature","properties":{"h":20.0,"d":11.4,"a":0,"l":"d"},"geometry":{"type":"Point","coordinates":[415268.8,5656797.7]}},{"type":"Feature","properties":{"h":20.0,"d":11.4,"a":0,"l":"d"},"geometry":{"type":"Point","coordinates":[415268.9,5656678.3]}},{"type":"Feature","properties":{"h":20.0,"d":11.4,"a":0,"l":"d"},"geometry":{"type":"Point","coordinates":[415269.1,5656837.3]}},{"type":"Feature","properties":{"h":23.0,"d":15.0,"a":3,"l":"e","t":49},"geometry":{"type":"Point","coordinates":[415269.1,5656789.5]}},{"type":"Feature","properties":{"h":27.0,"d":12.0,"a":0,"l":"d","gn":1,"t":38},"geometry":{"type":"Point","coordinates":[415269.1,5657863.8]}},{"type":"Feature","properties":{"h":20.0,"d":11.4,"a":0,"l":"d"},"geometry":{"type":"Point","coordinates":[415269.1,5656873.5]}},{"type":"Feature","properties":{"h":20.0,"d":11.4,"a":0,"l":"d"},"geometry":{"type":"Point","coordinates":[415269.2,5656619.1]}},{"type":"Feature","properties":{"h":27.0,"d":15.0,"a":0,"l":"d","gn":15,"t":87},"geometry":{"type":"Point","coordinates":[415269.3,5657757.1]}},{"type":"Feature","properties":{"h":15.0,"d":10.0,"a":0,"l":"d","gn":9,"t":45},"geometry":{"type":"Point","coordinates":[415269.4,5657147.7]}},{"type":"Feature","properties":{"h":20.0,"d":11.4,"a":0,"l":"d"},"geometry":{"type":"Point","coordinates":[415269.4,5656687.0]}},{"type":"Feature","properties":{"h":20.0,"d":11.4,"a":0,"l":"d"},"geometry":{"type":"Point","coordinates":[415269.5,5656802.1]}},{"type":"Feature","properties":{"h":26.0,"d":11.0,"a":0,"l":"d","gn":1,"t":33},"geometry":{"type":"Point","coordinates":[415269.6,5657856.8]}},{"type":"Feature","properties":{"h":20.0,"d":11.4,"a":0,"l":"d","t":36},"geometry":{"type":"Point","coordinates":[415269.8,5656895.3]}},{"type":"Feature","properties":{"h":23.0,"d":17.0,"a":0,"l":"d","gn":6,"t":83},"geometry":{"type":"Point","coordinates":[415270.0,5657742.9]}},{"type":"Feature","properties":{"h":20.0,"d":11.4,"a":0,"l":"d"},"geometry":{"type":"Point","coordinates":[415270.1,5656587.3]}},{"type":"Feature","properties":{"h":25.0,"d":13.0,"a":0,"l":"d","gn":7,"t":60},"geometry":{"type":"Point","coordinates":[415270.1,5657884.1]}},{"type":"Feature","properties":{"h":20.0,"d":11.4,"a":0,"l":"d"},"geometry":{"type":"Point","coordinates":[415270.1,5656805.0]}},{"type":"Feature","properties":{"h":6.0,"d":6.0,"a":5,"l":"d","t":15},"geometry":{"type":"Point","coordinates":[415270.4,5657827.7]}},{"type":"Feature","properties":{"h":20.0,"d":11.4,"a":0,"l":"d"},"geometry":{"type":"Point","coordinates":[415270.5,5656799.5]}},{"type":"Feature","properties":{"h":20.0,"d":11.4,"a":0,"l":"d"},"geometry":{"type":"Point","coordinates":[415270.5,5656623.6]}},{"type":"Feature","properties":{"h":15.0,"d":8.0,"a":1,"l":"d","gn":11,"t":23},"geometry":{"type":"Point","coordinates":[415270.5,5657917.8]}},{"type":"Feature","properties":{"h":20.0,"d":11.4,"a":0,"l":"d"},"geometry":{"type":"Point","coordinates":[415270.7,5656811.2]}},{"type":"Feature","properties":{"h":20.0,"d":11.4,"a":0,"l":"d"},"geometry":{"type":"Point","coordinates":[415270.8,5656675.1]}},{"type":"Feature","properties":{"h":20.0,"d":11.4,"a":0,"l":"d"},"geometry":{"type":"Point","coordinates":[415270.9,5656824.1]}},{"type":"Feature","properties":{"h":6.0,"d":6.0,"a":5,"l":"d","t":12},"geometry":{"type":"Point","coordinates":[415270.9,5657825.5]}},{"type":"Feature","properties":{"h":3.0,"d":3.0,"a":5,"l":"d","t":6},"geometry":{"type":"Point","coordinates":[415270.9,5657822.6]}},{"type":"Feature","properties":{"h":20.0,"d":11.4,"a":0,"l":"d"},"geometry":{"type":"Point","coordinates":[415271.1,5656876.4]}},{"type":"Feature","properties":{"h":20.0,"d":11.4,"a":0,"l":"d"},"geometry":{"type":"Point","coordinates":[415271.1,5656806.1]}},{"type":"Feature","properties":{"h":20.0,"d":11.4,"a":0,"l":"d"},"geometry":{"type":"Point","coordinates":[415271.2,5656677.3]}},{"type":"Feature","properties":{"h":17.0,"d":10.0,"a":1,"l":"d","gn":11,"t":30},"geometry":{"type":"Point","coordinates":[415271.2,5657918.2]}},{"type":"Feature","properties":{"h":20.0,"d":11.4,"a":0,"l":"d"},"geometry":{"type":"Point","coordinates":[415271.3,5656807.0]}},{"type":"Feature","properties":{"h":17.0,"d":7.0,"a":1,"l":"d","gn":11,"t":25},"geometry":{"type":"Point","coordinates":[415271.3,5657920.1]}},{"type":"Feature","properties":{"h":32.0,"d":16.0,"a":0,"l":"d","gn":1,"t":110},"geometry":{"type":"Point","coordinates":[415271.4,5657804.3]}},{"type":"Feature","properties":{"h":20.0,"d":11.4,"a":0,"l":"d"},"geometry":{"type":"Point","coordinates":[415271.4,5656685.5]}},{"type":"Feature","properties":{"h":12.0,"d":5.0,"a":0,"l":"d","gn":7,"t":23},"geometry":{"type":"Point","coordinates":[415271.4,5657784.6]}},{"type":"Feature","properties":{"h":10.0,"d":7.0,"a":1,"l":"d","gn":11,"t":15},"geometry":{"type":"Point","coordinates":[415271.4,5657945.3]}},{"type":"Feature","properties":{"h":5.0,"d":3.0,"a":0,"l":"d","gn":31,"t":110},"geometry":{"type":"Point","coordinates":[415271.5,5657960.1]}},{"type":"Feature","properties":{"h":26.0,"d":13.0,"a":0,"l":"d","gn":1,"t":57},"geometry":{"type":"Point","coordinates":[415271.5,5657771.0]}},{"type":"Feature","properties":{"h":20.0,"d":11.4,"a":0,"l":"d"},"geometry":{"type":"Point","coordinates":[415271.6,5656680.8]}},{"type":"Feature","properties":{"h":28.0,"d":12.0,"a":0,"l":"d","gn":1,"t":52},"geometry":{"type":"Point","coordinates":[415271.7,5657869.5]}},{"type":"Feature","properties":{"h":22.0,"d":12.6,"a":0,"l":"d","gn":4,"t":56},"geometry":{"type":"Point","coordinates":[415271.8,5656697.2]}},{"type":"Feature","properties":{"h":18.0,"d":10.0,"a":1,"l":"d","gn":11,"t":27},"geometry":{"type":"Point","coordinates":[415272.2,5657925.0]}},{"type":"Feature","properties":{"h":20.0,"d":11.4,"a":0,"l":"d"},"geometry":{"type":"Point","coordinates":[415272.3,5656803.7]}},{"type":"Feature","properties":{"h":20.0,"d":11.4,"a":0,"l":"d"},"geometry":{"type":"Point","coordinates":[415272.4,5656670.5]}},{"type":"Feature","properties":{"h":20.0,"d":11.4,"a":0,"l":"d"},"geometry":{"type":"Point","coordinates":[415272.5,5656800.6]}},{"type":"Feature","properties":{"h":20.0,"d":11.4,"a":0,"l":"d"},"geometry":{"type":"Point","coordinates":[415272.7,5656869.2]}},{"type":"Feature","properties":{"h":16.0,"d":10.0,"a":0,"l":"d","gn":7,"t":33},"geometry":{"type":"Point","coordinates":[415272.9,5657783.5]}},{"type":"Feature","properties":{"h":20.0,"d":11.4,"a":0,"l":"d"},"geometry":{"type":"Point","coordinates":[415273.1,5656893.6]}},{"type":"Feature","properties":{"h":21.0,"d":13.7,"a":3,"l":"e","t":20},"geometry":{"type":"Point","coordinates":[415273.1,5656783.3]}},{"type":"Feature","properties":{"h":20.0,"d":11.4,"a":0,"l":"d"},"geometry":{"type":"Point","coordinates":[415273.1,5656621.4]}},{"type":"Feature","properties":{"h":20.0,"d":11.4,"a":0,"l":"d"},"geometry":{"type":"Point","coordinates":[415273.2,5656623.8]}},{"type":"Feature","properties":{"h":20.0,"d":11.4,"a":0,"l":"d"},"geometry":{"type":"Point","coordinates":[415273.3,5656899.4]}},{"type":"Feature","properties":{"h":18.0,"d":11.0,"a":0,"l":"d","gn":7,"t":59},"geometry":{"type":"Point","coordinates":[415273.4,5656059.0]}},{"type":"Feature","properties":{"h":7.0,"d":7.0,"a":0,"l":"d","t":20},"geometry":{"type":"Point","coordinates":[415273.5,5657726.6]}},{"type":"Feature","properties":{"h":17.0,"d":10.0,"a":0,"l":"d","gn":31,"t":35},"geometry":{"type":"Point","coordinates":[415273.7,5657944.4]}},{"type":"Feature","properties":{"h":20.0,"d":11.4,"a":0,"l":"d"},"geometry":{"type":"Point","coordinates":[415273.7,5656872.6]}},{"type":"Feature","properties":{"h":20.0,"d":11.4,"a":0,"l":"d"},"geometry":{"type":"Point","coordinates":[415273.8,5656628.4]}},{"type":"Feature","properties":{"h":20.0,"d":11.4,"a":0,"l":"d"},"geometry":{"type":"Point","coordinates":[415274.0,5656818.7]}},{"type":"Feature","properties":{"h":24.0,"d":12.0,"a":0,"l":"d","gn":31,"t":47},"geometry":{"type":"Point","coordinates":[415274.1,5657819.6]}},{"type":"Feature","properties":{"h":20.0,"d":11.4,"a":0,"l":"d"},"geometry":{"type":"Point","coordinates":[415274.1,5656827.5]}},{"type":"Feature","properties":{"h":27.0,"d":15.0,"a":0,"l":"d","gn":1,"t":74},"geometry":{"type":"Point","coordinates":[415274.2,5657844.9]}},{"type":"Feature","properties":{"h":12.0,"d":6.0,"a":0,"l":"d","gn":1,"t":15},"geometry":{"type":"Point","coordinates":[415274.2,5657857.2]}},{"type":"Feature","properties":{"h":8.0,"d":5.0,"a":5,"l":"d","gn":12,"t":18},"geometry":{"type":"Point","coordinates":[415274.3,5657860.9]}},{"type":"Feature","properties":{"h":20.0,"d":11.4,"a":0,"l":"d"},"geometry":{"type":"Point","coordinates":[415274.4,5656683.0]}},{"type":"Feature","properties":{"h":27.0,"d":9.0,"a":3,"l":"d","gn":35,"t":67},"geometry":{"type":"Point","coordinates":[415274.5,5657864.4]}},{"type":"Feature","properties":{"h":20.0,"d":11.4,"a":0,"l":"d"},"geometry":{"type":"Point","coordinates":[415274.7,5656602.5]}},{"type":"Feature","properties":{"h":20.0,"d":11.4,"a":0,"l":"d"},"geometry":{"type":"Point","coordinates":[415274.7,5656671.5]}},{"type":"Feature","properties":{"h":27.0,"d":12.0,"a":0,"l":"d","gn":15,"t":70},"geometry":{"type":"Point","coordinates":[415274.9,5657746.1]}},{"type":"Feature","properties":{"h":28.0,"d":16.0,"a":0,"l":"d","gn":1,"t":66},"geometry":{"type":"Point","coordinates":[415274.9,5657786.0]}},{"type":"Feature","properties":{"h":20.0,"d":11.4,"a":0,"l":"d"},"geometry":{"type":"Point","coordinates":[415275.2,5656870.0]}},{"type":"Feature","properties":{"h":7.0,"d":5.0,"a":5,"l":"d","gn":12,"t":8},"geometry":{"type":"Point","coordinates":[415275.3,5657802.5]}},{"type":"Feature","properties":{"h":20.0,"d":11.4,"a":0,"l":"d"},"geometry":{"type":"Point","coordinates":[415275.4,5656678.2]}},{"type":"Feature","properties":{"h":20.0,"d":11.4,"a":0,"l":"d"},"geometry":{"type":"Point","coordinates":[415275.4,5656873.8]}},{"type":"Feature","properties":{"h":20.0,"d":11.4,"a":0,"l":"d"},"geometry":{"type":"Point","coordinates":[415275.5,5656867.4]}},{"type":"Feature","properties":{"h":15.0,"d":10.0,"a":1,"l":"d","gn":11,"t":25},"geometry":{"type":"Point","coordinates":[415275.6,5657945.7]}},{"type":"Feature","properties":{"h":7.0,"d":5.0,"a":5,"l":"d","gn":12,"t":10},"geometry":{"type":"Point","coordinates":[415275.6,5657809.5]}},{"type":"Feature","properties":{"h":27.0,"d":13.0,"a":0,"l":"d","gn":1,"t":54},"geometry":{"type":"Point","coordinates":[415275.7,5657771.1]}},{"type":"Feature","properties":{"h":20.0,"d":11.4,"a":0,"l":"d"},"geometry":{"type":"Point","coordinates":[415275.8,5656820.3]}},{"type":"Feature","properties":{"h":20.0,"d":11.4,"a":0,"l":"d"},"geometry":{"type":"Point","coordinates":[415275.8,5656865.0]}},{"type":"Feature","properties":{"h":27.0,"d":15.0,"a":0,"l":"d","gn":1,"t":63},"geometry":{"type":"Point","coordinates":[415275.9,5657799.1]}},{"type":"Feature","properties":{"h":20.0,"d":11.4,"a":0,"l":"d"},"geometry":{"type":"Point","coordinates":[415275.9,5656611.1]}},{"type":"Feature","properties":{"h":20.0,"d":11.4,"a":0,"l":"d"},"geometry":{"type":"Point","coordinates":[415276.0,5656628.9]}},{"type":"Feature","properties":{"h":15.0,"d":11.0,"a":1,"l":"d","gn":11,"t":28},"geometry":{"type":"Point","coordinates":[415276.0,5657928.6]}},{"type":"Feature","properties":{"h":20.0,"d":11.4,"a":0,"l":"d"},"geometry":{"type":"Point","coordinates":[415276.3,5656801.6]}},{"type":"Feature","properties":{"h":20.0,"d":11.4,"a":0,"l":"d"},"geometry":{"type":"Point","coordinates":[415276.4,5656863.0]}},{"type":"Feature","properties":{"h":16.0,"d":18.0,"a":5,"l":"d","gn":8,"t":38},"geometry":{"type":"Point","coordinates":[415276.5,5657717.3]}},{"type":"Feature","properties":{"h":20.0,"d":11.4,"a":0,"l":"d"},"geometry":{"type":"Point","coordinates":[415276.6,5656892.2]}},{"type":"Feature","properties":{"h":20.0,"d":11.4,"a":0,"l":"d"},"geometry":{"type":"Point","coordinates":[415276.6,5656825.7]}},{"type":"Feature","properties":{"h":20.0,"d":11.4,"a":0,"l":"d"},"geometry":{"type":"Point","coordinates":[415276.6,5656621.9]}},{"type":"Feature","properties":{"h":20.0,"d":11.4,"a":0,"l":"d"},"geometry":{"type":"Point","coordinates":[415276.7,5656816.8]}},{"type":"Feature","properties":{"h":21.0,"d":13.7,"a":3,"l":"e","t":21},"geometry":{"type":"Point","coordinates":[415276.8,5656787.4]}},{"type":"Feature","properties":{"h":20.0,"d":11.4,"a":0,"l":"d"},"geometry":{"type":"Point","coordinates":[415276.9,5656618.0]}},{"type":"Feature","properties":{"h":20.0,"d":11.4,"a":0,"l":"d"},"geometry":{"type":"Point","coordinates":[415277.1,5656599.0]}},{"type":"Feature","properties":{"h":20.0,"d":11.4,"a":0,"l":"d"},"geometry":{"type":"Point","coordinates":[415277.2,5656897.6]}},{"type":"Feature","properties":{"h":20.0,"d":11.4,"a":0,"l":"d"},"geometry":{"type":"Point","coordinates":[415277.2,5656673.8]}},{"type":"Feature","properties":{"h":20.0,"d":11.4,"a":0,"l":"d"},"geometry":{"type":"Point","coordinates":[415277.5,5656828.9]}},{"type":"Feature","properties":{"h":20.0,"d":11.4,"a":0,"l":"d"},"geometry":{"type":"Point","coordinates":[415277.5,5656859.5]}},{"type":"Feature","properties":{"h":24.0,"d":15.6,"a":3,"l":"e","t":46},"geometry":{"type":"Point","coordinates":[415277.7,5656704.5]}},{"type":"Feature","properties":{"h":20.0,"d":11.4,"a":0,"l":"d"},"geometry":{"type":"Point","coordinates":[415277.8,5656821.1]}},{"type":"Feature","properties":{"h":22.0,"d":18.0,"a":0,"l":"d","gn":7,"t":118},"geometry":{"type":"Point","coordinates":[415278.0,5656130.1]}},{"type":"Feature","properties":{"h":21.0,"d":13.7,"a":3,"l":"e","t":22},"geometry":{"type":"Point","coordinates":[415278.1,5656783.3]}},{"type":"Feature","properties":{"h":20.0,"d":11.4,"a":0,"l":"d"},"geometry":{"type":"Point","coordinates":[415278.3,5656862.2]}},{"type":"Feature","properties":{"h":20.0,"d":11.4,"a":0,"l":"d"},"geometry":{"type":"Point","coordinates":[415278.4,5656680.2]}},{"type":"Feature","properties":{"h":15.0,"d":9.0,"a":1,"l":"d","gn":11,"t":62},"geometry":{"type":"Point","coordinates":[415278.5,5657919.1]}},{"type":"Feature","properties":{"h":20.0,"d":11.4,"a":0,"l":"d"},"geometry":{"type":"Point","coordinates":[415278.7,5656664.9]}},{"type":"Feature","properties":{"h":20.0,"d":11.4,"a":0,"l":"d"},"geometry":{"type":"Point","coordinates":[415278.7,5656861.8]}},{"type":"Feature","properties":{"h":20.0,"d":11.4,"a":0,"l":"d"},"geometry":{"type":"Point","coordinates":[415278.8,5656608.1]}},{"type":"Feature","properties":{"h":20.0,"d":11.4,"a":0,"l":"d"},"geometry":{"type":"Point","coordinates":[415279.3,5656629.6]}},{"type":"Feature","properties":{"h":20.0,"d":11.4,"a":0,"l":"d"},"geometry":{"type":"Point","coordinates":[415279.3,5656670.2]}},{"type":"Feature","properties":{"h":20.0,"d":11.4,"a":0,"l":"d"},"geometry":{"type":"Point","coordinates":[415279.4,5656813.9]}},{"type":"Feature","properties":{"h":20.0,"d":11.4,"a":0,"l":"d"},"geometry":{"type":"Point","coordinates":[415279.4,5656681.2]}},{"type":"Feature","properties":{"h":20.0,"d":11.4,"a":0,"l":"d"},"geometry":{"type":"Point","coordinates":[415279.5,5656609.1]}},{"type":"Feature","properties":{"h":20.0,"d":11.4,"a":0,"l":"d"},"geometry":{"type":"Point","coordinates":[415279.6,5656674.1]}},{"type":"Feature","properties":{"h":20.0,"d":11.4,"a":0,"l":"d"},"geometry":{"type":"Point","coordinates":[415279.9,5656602.3]}},{"type":"Feature","properties":{"h":20.0,"d":20.0,"a":0,"l":"d","gn":4,"t":65},"geometry":{"type":"Point","coordinates":[415280.0,5657754.4]}},{"type":"Feature","properties":{"h":20.0,"d":11.4,"a":0,"l":"d"},"geometry":{"type":"Point","coordinates":[415280.2,5656860.4]}},{"type":"Feature","properties":{"h":20.0,"d":11.4,"a":0,"l":"d"},"geometry":{"type":"Point","coordinates":[415280.2,5656890.0]}},{"type":"Feature","properties":{"h":23.0,"d":15.0,"a":3,"l":"e","t":28},"geometry":{"type":"Point","coordinates":[415280.2,5656792.3]}},{"type":"Feature","properties":{"h":20.0,"d":11.4,"a":0,"l":"d"},"geometry":{"type":"Point","coordinates":[415280.2,5656662.5]}},{"type":"Feature","properties":{"h":27.0,"d":20.0,"a":0,"l":"d","gn":4,"t":104},"geometry":{"type":"Point","coordinates":[415280.3,5657756.3]}},{"type":"Feature","properties":{"h":10.0,"d":10.0,"a":0,"l":"d","gn":15,"t":33},"geometry":{"type":"Point","coordinates":[415280.4,5657744.7]}},{"type":"Feature","properties":{"h":5.0,"d":6.0,"a":5,"l":"d","t":12},"geometry":{"type":"Point","coordinates":[415280.5,5657959.6]}},{"type":"Feature","properties":{"h":23.0,"d":9.0,"a":0,"l":"d","gn":3,"t":32},"geometry":{"type":"Point","coordinates":[415280.8,5657942.6]}},{"type":"Feature","properties":{"h":20.0,"d":11.4,"a":0,"l":"d"},"geometry":{"type":"Point","coordinates":[415280.8,5656892.9]}},{"type":"Feature","properties":{"h":20.0,"d":11.4,"a":0,"l":"d"},"geometry":{"type":"Point","coordinates":[415280.8,5656669.6]}},{"type":"Feature","properties":{"h":20.0,"d":11.4,"a":0,"l":"d"},"geometry":{"type":"Point","coordinates":[415281.0,5656895.8]}},{"type":"Feature","properties":{"h":22.0,"d":13.0,"a":0,"l":"d","gn":7,"t":68},"geometry":{"type":"Point","coordinates":[415281.1,5656094.3]}},{"type":"Feature","properties":{"h":4.0,"d":5.0,"a":0,"l":"d","t":14},"geometry":{"type":"Point","coordinates":[415281.2,5657738.6]}},{"type":"Feature","properties":{"h":2.0,"d":1.3,"a":3,"l":"e","t":27},"geometry":{"type":"Point","coordinates":[415281.3,5656783.6]}},{"type":"Feature","properties":{"h":20.0,"d":11.4,"a":0,"l":"d"},"geometry":{"type":"Point","coordinates":[415281.3,5656589.3]}},{"type":"Feature","properties":{"h":20.0,"d":11.4,"a":0,"l":"d"},"geometry":{"type":"Point","coordinates":[415281.3,5656811.1]}},{"type":"Feature","properties":{"h":20.0,"d":11.4,"a":0,"l":"d"},"geometry":{"type":"Point","coordinates":[415281.6,5656628.4]}},{"type":"Feature","properties":{"h":22.0,"d":9.0,"a":1,"l":"d","gn":11,"t":25},"geometry":{"type":"Point","coordinates":[415281.7,5657943.3]}},{"type":"Feature","properties":{"h":5.0,"d":5.0,"a":5,"l":"d","t":20},"geometry":{"type":"Point","coordinates":[415281.8,5657728.8]}},{"type":"Feature","properties":{"h":23.0,"d":16.0,"a":0,"l":"d","gn":7,"t":110},"geometry":{"type":"Point","coordinates":[415282.1,5656149.3]}},{"type":"Feature","properties":{"h":20.0,"d":11.4,"a":0,"l":"d"},"geometry":{"type":"Point","coordinates":[415282.2,5656665.0]}},{"type":"Feature","properties":{"h":33.0,"d":22.0,"a":0,"l":"d","gn":31,"t":96},"geometry":{"type":"Point","coordinates":[415282.8,5657842.5]}},{"type":"Feature","properties":{"h":20.0,"d":11.4,"a":0,"l":"d"},"geometry":{"type":"Point","coordinates":[415282.8,5656863.0]}},{"type":"Feature","properties":{"h":20.0,"d":11.4,"a":0,"l":"d"},"geometry":{"type":"Point","coordinates":[415283.1,5656625.7]}},{"type":"Feature","properties":{"h":25.0,"d":17.0,"a":0,"l":"d","gn":4,"t":50},"geometry":{"type":"Point","coordinates":[415283.2,5657914.9]}},{"type":"Feature","properties":{"h":25.0,"d":10.0,"a":0,"l":"d","gn":3,"t":62},"geometry":{"type":"Point","coordinates":[415283.6,5657821.0]}},{"type":"Feature","properties":{"h":22.0,"d":14.3,"a":3,"l":"e","t":28},"geometry":{"type":"Point","coordinates":[415283.6,5656782.4]}},{"type":"Feature","properties":{"h":20.0,"d":11.4,"a":0,"l":"d"},"geometry":{"type":"Point","coordinates":[415283.7,5656623.0]}},{"type":"Feature","properties":{"h":20.0,"d":11.4,"a":0,"l":"d"},"geometry":{"type":"Point","coordinates":[415283.9,5656666.4]}},{"type":"Feature","properties":{"h":15.0,"d":7.0,"a":0,"l":"d","gn":3,"t":23},"geometry":{"type":"Point","coordinates":[415284.0,5657863.3]}},{"type":"Feature","properties":{"h":21.0,"d":13.7,"a":3,"l":"e","t":20},"geometry":{"type":"Point","coordinates":[415284.1,5656786.0]}},{"type":"Feature","properties":{"h":18.0,"d":8.0,"a":0,"l":"d","gn":3,"t":29},"geometry":{"type":"Point","coordinates":[415284.1,5657803.9]}},{"type":"Feature","properties":{"h":27.0,"d":13.0,"a":0,"l":"d","gn":3,"t":51},"geometry":{"type":"Point","coordinates":[415284.2,5657956.9]}},{"type":"Feature","properties":{"h":20.0,"d":11.4,"a":0,"l":"d"},"geometry":{"type":"Point","coordinates":[415284.2,5656873.0]}},{"type":"Feature","properties":{"h":17.0,"d":8.0,"a":0,"l":"d","gn":3,"t":26},"geometry":{"type":"Point","coordinates":[415284.3,5657831.1]}},{"type":"Feature","properties":{"h":20.0,"d":11.4,"a":0,"l":"d"},"geometry":{"type":"Point","coordinates":[415284.4,5656671.5]}},{"type":"Feature","properties":{"h":20.0,"d":12.0,"a":1,"l":"d","gn":11,"t":45},"geometry":{"type":"Point","coordinates":[415284.5,5657903.0]}},{"type":"Feature","properties":{"h":20.0,"d":11.4,"a":0,"l":"d"},"geometry":{"type":"Point","coordinates":[415284.5,5656864.4]}},{"type":"Feature","properties":{"h":20.0,"d":11.4,"a":0,"l":"d"},"geometry":{"type":"Point","coordinates":[415284.7,5656619.3]}},{"type":"Feature","properties":{"h":20.0,"d":13.0,"a":3,"l":"e","t":25},"geometry":{"type":"Point","coordinates":[415284.8,5656794.1]}},{"type":"Feature","properties":{"h":27.0,"d":19.0,"a":0,"l":"d","gn":31,"t":115},"geometry":{"type":"Point","coordinates":[415284.8,5657876.5]}},{"type":"Feature","properties":{"h":20.0,"d":12.0,"a":0,"l":"d","gn":7,"t":70},"geometry":{"type":"Point","coordinates":[415285.0,5656112.4]}},{"type":"Feature","properties":{"h":20.0,"d":11.4,"a":0,"l":"d"},"geometry":{"type":"Point","coordinates":[415285.1,5656861.5]}},{"type":"Feature","properties":{"h":31.0,"d":18.0,"a":0,"l":"d","gn":31,"t":120},"geometry":{"type":"Point","coordinates":[415285.1,5657881.9]}},{"type":"Feature","properties":{"h":14.0,"d":8.0,"a":0,"l":"d","gn":31,"t":17},"geometry":{"type":"Point","coordinates":[415285.2,5657753.8]}},{"type":"Feature","properties":{"h":17.0,"d":8.0,"a":0,"l":"d","gn":3,"t":28},"geometry":{"type":"Point","coordinates":[415285.3,5657857.5]}},{"type":"Feature","properties":{"h":20.0,"d":11.4,"a":0,"l":"d"},"geometry":{"type":"Point","coordinates":[415285.4,5656662.3]}},{"type":"Feature","properties":{"h":18.0,"d":11.0,"a":0,"l":"d","gn":7,"t":62},"geometry":{"type":"Point","coordinates":[415285.4,5656167.7]}},{"type":"Feature","properties":{"h":30.0,"d":9.0,"a":5,"l":"d","gn":24,"t":80},"geometry":{"type":"Point","coordinates":[415285.4,5657846.0]}},{"type":"Feature","properties":{"h":20.0,"d":11.4,"a":0,"l":"d"},"geometry":{"type":"Point","coordinates":[415285.9,5656658.5]}},{"type":"Feature","properties":{"h":20.0,"d":11.4,"a":0,"l":"d"},"geometry":{"type":"Point","coordinates":[415286.0,5656808.5]}},{"type":"Feature","properties":{"h":38.0,"d":20.0,"a":0,"l":"d","gn":4,"t":123},"geometry":{"type":"Point","coordinates":[415286.2,5657935.2]}},{"type":"Feature","properties":{"h":20.0,"d":11.4,"a":0,"l":"d"},"geometry":{"type":"Point","coordinates":[415286.2,5656676.5]}},{"type":"Feature","properties":{"h":8.0,"d":8.0,"a":3,"l":"e","t":20},"geometry":{"type":"Point","coordinates":[415286.2,5657738.8]}},{"type":"Feature","properties":{"h":29.0,"d":15.0,"a":0,"l":"d","gn":31,"t":42},"geometry":{"type":"Point","coordinates":[415286.4,5657779.3]}},{"type":"Feature","properties":{"h":20.0,"d":11.4,"a":0,"l":"d"},"geometry":{"type":"Point","coordinates":[415286.4,5656607.2]}},{"type":"Feature","properties":{"h":20.0,"d":11.4,"a":0,"l":"d"},"geometry":{"type":"Point","coordinates":[415286.5,5656623.4]}},{"type":"Feature","properties":{"h":17.0,"d":9.0,"a":0,"l":"d","gn":31,"t":25},"geometry":{"type":"Point","coordinates":[415286.8,5657752.0]}},{"type":"Feature","properties":{"h":25.0,"d":14.3,"a":0,"l":"d","gn":4,"t":31},"geometry":{"type":"Point","coordinates":[415286.8,5656693.2]}},{"type":"Feature","properties":{"h":22.0,"d":14.3,"a":3,"l":"e","t":27},"geometry":{"type":"Point","coordinates":[415287.0,5656787.2]}},{"type":"Feature","properties":{"h":20.0,"d":11.4,"a":0,"l":"d"},"geometry":{"type":"Point","coordinates":[415287.2,5656670.0]}},{"type":"Feature","properties":{"h":21.0,"d":13.7,"a":3,"l":"e","t":21},"geometry":{"type":"Point","coordinates":[415287.5,5656793.7]}},{"type":"Feature","properties":{"h":20.0,"d":11.4,"a":0,"l":"d"},"geometry":{"type":"Point","coordinates":[415287.6,5656612.6]}},{"type":"Feature","properties":{"h":20.0,"d":9.0,"a":0,"l":"d","gn":3,"t":68},"geometry":{"type":"Point","coordinates":[415287.7,5657825.7]}},{"type":"Feature","properties":{"h":17.0,"d":11.0,"a":0,"l":"d","gn":7,"t":68},"geometry":{"type":"Point","coordinates":[415287.8,5656125.6]}},{"type":"Feature","properties":{"h":17.0,"d":9.7,"a":0,"l":"d","gn":4,"t":16},"geometry":{"type":"Point","coordinates":[415287.9,5656797.8]}},{"type":"Feature","properties":{"h":27.0,"d":10.0,"a":0,"l":"d","gn":4,"t":55},"geometry":{"type":"Point","coordinates":[415288.0,5657772.9]}},{"type":"Feature","properties":{"h":20.0,"d":11.4,"a":0,"l":"d"},"geometry":{"type":"Point","coordinates":[415288.1,5656871.3]}},{"type":"Feature","properties":{"h":20.0,"d":11.4,"a":0,"l":"d"},"geometry":{"type":"Point","coordinates":[415288.2,5656627.6]}},{"type":"Feature","properties":{"h":7.0,"d":8.0,"a":0,"l":"d","gn":7,"t":95},"geometry":{"type":"Point","coordinates":[415288.3,5657856.6]}},{"type":"Feature","properties":{"h":20.0,"d":8.0,"a":0,"l":"d","gn":4,"t":30},"geometry":{"type":"Point","coordinates":[415288.3,5657915.7]}},{"type":"Feature","properties":{"h":16.0,"d":12.0,"a":0,"l":"d","gn":9,"t":45},"geometry":{"type":"Point","coordinates":[415288.4,5657142.5]}},{"type":"Feature","properties":{"h":14.0,"d":20.0,"a":0,"l":"d","gn":31,"t":46},"geometry":{"type":"Point","coordinates":[415288.4,5657784.5]}},{"type":"Feature","properties":{"h":20.0,"d":11.4,"a":0,"l":"d"},"geometry":{"type":"Point","coordinates":[415288.7,5656596.3]}},{"type":"Feature","properties":{"h":19.0,"d":11.0,"a":0,"l":"d","gn":7,"t":72},"geometry":{"type":"Point","coordinates":[415288.8,5656182.4]}},{"type":"Feature","properties":{"h":29.0,"d":15.0,"a":0,"l":"d","gn":4,"t":60},"geometry":{"type":"Point","coordinates":[415289.2,5657767.8]}},{"type":"Feature","properties":{"h":20.0,"d":11.4,"a":0,"l":"d"},"geometry":{"type":"Point","coordinates":[415289.4,5656674.2]}},{"type":"Feature","properties":{"h":17.0,"d":8.5,"a":1,"l":"d","gn":11,"t":18},"geometry":{"type":"Point","coordinates":[415289.4,5656699.9]}},{"type":"Feature","properties":{"h":20.0,"d":11.4,"a":0,"l":"d"},"geometry":{"type":"Point","coordinates":[415289.4,5656810.8]}},{"type":"Feature","properties":{"h":21.0,"d":13.7,"a":3,"l":"e","t":26},"geometry":{"type":"Point","coordinates":[415289.4,5656784.4]}},{"type":"Feature","properties":{"h":20.0,"d":11.4,"a":0,"l":"d"},"geometry":{"type":"Point","coordinates":[415289.6,5656589.5]}},{"type":"Feature","properties":{"h":20.0,"d":11.4,"a":0,"l":"d"},"geometry":{"type":"Point","coordinates":[415289.6,5656663.7]}},{"type":"Feature","properties":{"h":32.0,"d":10.0,"a":0,"l":"d","gn":31,"t":63},"geometry":{"type":"Point","coordinates":[415289.7,5657942.5]}},{"type":"Feature","properties":{"h":24.0,"d":13.7,"a":0,"l":"d","gn":3,"t":38},"geometry":{"type":"Point","coordinates":[415289.9,5656701.1]}},{"type":"Feature","properties":{"h":29.0,"d":15.0,"a":0,"l":"d","gn":31,"t":93},"geometry":{"type":"Point","coordinates":[415289.9,5657877.6]}},{"type":"Feature","properties":{"h":17.0,"d":9.7,"a":0,"l":"d","gn":3,"t":14},"geometry":{"type":"Point","coordinates":[415290.0,5656693.7]}},{"type":"Feature","properties":{"h":20.0,"d":11.4,"a":0,"l":"d"},"geometry":{"type":"Point","coordinates":[415290.8,5656668.1]}},{"type":"Feature","properties":{"h":20.0,"d":11.4,"a":0,"l":"d"},"geometry":{"type":"Point","coordinates":[415290.9,5656812.4]}},{"type":"Feature","properties":{"h":34.0,"d":23.0,"a":0,"l":"d","gn":31,"t":123},"geometry":{"type":"Point","coordinates":[415290.9,5657954.3]}},{"type":"Feature","properties":{"h":20.0,"d":11.4,"a":0,"l":"d"},"geometry":{"type":"Point","coordinates":[415291.1,5656603.2]}},{"type":"Feature","properties":{"h":20.0,"d":11.4,"a":0,"l":"d"},"geometry":{"type":"Point","coordinates":[415291.2,5656808.4]}},{"type":"Feature","properties":{"h":20.0,"d":11.4,"a":0,"l":"d"},"geometry":{"type":"Point","coordinates":[415291.3,5656627.8]}},{"type":"Feature","properties":{"h":20.0,"d":11.4,"a":0,"l":"d"},"geometry":{"type":"Point","coordinates":[415291.6,5656670.0]}},{"type":"Feature","properties":{"h":22.0,"d":14.3,"a":3,"l":"e","t":31},"geometry":{"type":"Point","coordinates":[415291.6,5656798.4]}},{"type":"Feature","properties":{"h":20.0,"d":11.4,"a":0,"l":"d"},"geometry":{"type":"Point","coordinates":[415291.7,5656660.2]}},{"type":"Feature","properties":{"h":20.0,"d":11.4,"a":0,"l":"d"},"geometry":{"type":"Point","coordinates":[415291.7,5656656.0]}},{"type":"Feature","properties":{"h":19.0,"d":16.0,"a":0,"l":"d","gn":34,"t":65},"geometry":{"type":"Point","coordinates":[415291.8,5657719.5]}},{"type":"Feature","properties":{"h":27.0,"d":13.0,"a":0,"l":"d","gn":7,"t":76},"geometry":{"type":"Point","coordinates":[415291.8,5657759.0]}},{"type":"Feature","properties":{"h":21.0,"d":13.7,"a":3,"l":"e","t":28},"geometry":{"type":"Point","coordinates":[415292.2,5656795.3]}},{"type":"Feature","properties":{"h":20.0,"d":11.4,"a":0,"l":"d"},"geometry":{"type":"Point","coordinates":[415292.5,5656631.0]}},{"type":"Feature","properties":{"h":20.0,"d":13.0,"a":3,"l":"e","t":18},"geometry":{"type":"Point","coordinates":[415292.6,5656790.7]}},{"type":"Feature","properties":{"h":20.0,"d":11.4,"a":0,"l":"d"},"geometry":{"type":"Point","coordinates":[415292.9,5656670.6]}},{"type":"Feature","properties":{"h":22.0,"d":14.3,"a":3,"l":"e","t":25},"geometry":{"type":"Point","coordinates":[415293.0,5656787.2]}},{"type":"Feature","properties":{"h":20.0,"d":11.4,"a":0,"l":"d"},"geometry":{"type":"Point","coordinates":[415293.1,5656810.2]}},{"type":"Feature","properties":{"h":30.0,"d":14.0,"a":0,"l":"d","gn":31,"t":84},"geometry":{"type":"Point","coordinates":[415293.1,5657921.8]}},{"type":"Feature","properties":{"h":20.0,"d":11.4,"a":0,"l":"d"},"geometry":{"type":"Point","coordinates":[415293.2,5656665.4]}},{"type":"Feature","properties":{"h":25.0,"d":14.3,"a":0,"l":"d","gn":3,"t":71},"geometry":{"type":"Point","coordinates":[415293.3,5656681.8]}},{"type":"Feature","properties":{"h":20.0,"d":11.4,"a":0,"l":"d"},"geometry":{"type":"Point","coordinates":[415293.6,5656608.8]}},{"type":"Feature","properties":{"h":20.0,"d":11.4,"a":0,"l":"d"},"geometry":{"type":"Point","coordinates":[415293.8,5656867.3]}},{"type":"Feature","properties":{"h":20.0,"d":11.4,"a":0,"l":"d"},"geometry":{"type":"Point","coordinates":[415294.0,5656812.3]}},{"type":"Feature","properties":{"h":20.0,"d":11.4,"a":0,"l":"d"},"geometry":{"type":"Point","coordinates":[415294.2,5656592.1]}},{"type":"Feature","properties":{"h":20.0,"d":11.4,"a":0,"l":"d"},"geometry":{"type":"Point","coordinates":[415294.4,5656815.4]}},{"type":"Feature","properties":{"h":21.0,"d":13.7,"a":3,"l":"e","t":24},"geometry":{"type":"Point","coordinates":[415294.4,5656794.2]}},{"type":"Feature","properties":{"h":33.0,"d":1.0,"a":0,"l":"d","gn":4,"t":78},"geometry":{"type":"Point","coordinates":[415294.5,5657785.1]}},{"type":"Feature","properties":{"h":12.0,"d":6.9,"a":0,"l":"d","gn":4,"t":16},"geometry":{"type":"Point","coordinates":[415294.5,5656683.2]}},{"type":"Feature","properties":{"h":20.0,"d":11.4,"a":0,"l":"d"},"geometry":{"type":"Point","coordinates":[415295.0,5656660.0]}},{"type":"Feature","properties":{"h":20.0,"d":11.4,"a":0,"l":"d"},"geometry":{"type":"Point","coordinates":[415295.2,5656807.4]}},{"type":"Feature","properties":{"h":25.0,"d":20.0,"a":1,"l":"d","gn":11,"t":61},"geometry":{"type":"Point","coordinates":[415295.2,5657805.5]}},{"type":"Feature","properties":{"h":19.0,"d":14.0,"a":0,"l":"d","gn":7,"t":74},"geometry":{"type":"Point","coordinates":[415295.3,5656275.0]}},{"type":"Feature","properties":{"h":20.0,"d":11.4,"a":0,"l":"d"},"geometry":{"type":"Point","coordinates":[415295.3,5656667.9]}},{"type":"Feature","properties":{"h":22.0,"d":12.0,"a":0,"l":"d","gn":7,"t":80},"geometry":{"type":"Point","coordinates":[415296.0,5656163.5]}},{"type":"Feature","properties":{"h":21.0,"d":13.7,"a":3,"l":"e","t":21},"geometry":{"type":"Point","coordinates":[415296.2,5656797.4]}},{"type":"Feature","properties":{"h":20.0,"d":11.4,"a":0,"l":"d"},"geometry":{"type":"Point","coordinates":[415296.2,5656878.5]}},{"type":"Feature","properties":{"h":20.0,"d":11.4,"a":0,"l":"d"},"geometry":{"type":"Point","coordinates":[415296.3,5656809.7]}},{"type":"Feature","properties":{"h":22.0,"d":14.3,"a":3,"l":"e","t":24},"geometry":{"type":"Point","coordinates":[415296.3,5656792.5]}},{"type":"Feature","properties":{"h":20.0,"d":11.4,"a":0,"l":"d"},"geometry":{"type":"Point","coordinates":[415296.3,5656603.6]}},{"type":"Feature","properties":{"h":25.0,"d":14.3,"a":0,"l":"d","gn":3,"t":24},"geometry":{"type":"Point","coordinates":[415296.3,5656694.1]}},{"type":"Feature","properties":{"h":19.0,"d":10.0,"a":0,"l":"d","gn":9,"t":67},"geometry":{"type":"Point","coordinates":[415296.4,5656322.8]}},{"type":"Feature","properties":{"h":18.0,"d":14.0,"a":0,"l":"d","gn":7,"t":71},"geometry":{"type":"Point","coordinates":[415296.5,5656217.7]}},{"type":"Feature","properties":{"h":20.0,"d":11.4,"a":0,"l":"d"},"geometry":{"type":"Point","coordinates":[415296.5,5656886.3]}},{"type":"Feature","properties":{"h":33.0,"d":26.0,"a":0,"l":"d","gn":4,"t":85},"geometry":{"type":"Point","coordinates":[415296.6,5657943.0]}},{"type":"Feature","properties":{"h":13.0,"d":5.0,"a":0,"l":"d","gn":3,"t":12},"geometry":{"type":"Point","coordinates":[415296.9,5657779.8]}},{"type":"Feature","properties":{"h":20.0,"d":11.4,"a":0,"l":"d"},"geometry":{"type":"Point","coordinates":[415297.0,5656623.1]}},{"type":"Feature","properties":{"h":20.0,"d":11.4,"a":0,"l":"d"},"geometry":{"type":"Point","coordinates":[415297.1,5656653.3]}},{"type":"Feature","properties":{"h":20.0,"d":11.4,"a":0,"l":"d"},"geometry":{"type":"Point","coordinates":[415297.3,5656819.3]}},{"type":"Feature","properties":{"h":20.0,"d":11.4,"a":0,"l":"d"},"geometry":{"type":"Point","coordinates":[415297.8,5656883.5]}},{"type":"Feature","properties":{"h":5.0,"d":6.0,"a":5,"l":"d","t":20},"geometry":{"type":"Point","coordinates":[415297.8,5657734.7]}},{"type":"Feature","properties":{"h":22.0,"d":14.3,"a":3,"l":"e","t":22},"geometry":{"type":"Point","coordinates":[415298.0,5656801.6]}},{"type":"Feature","properties":{"h":20.0,"d":11.4,"a":0,"l":"d"},"geometry":{"type":"Point","coordinates":[415298.2,5656659.4]}},{"type":"Feature","properties":{"h":20.0,"d":11.4,"a":0,"l":"d"},"geometry":{"type":"Point","coordinates":[415298.3,5656598.5]}},{"type":"Feature","properties":{"h":21.0,"d":13.7,"a":3,"l":"e","t":18},"geometry":{"type":"Point","coordinates":[415298.4,5656793.6]}},{"type":"Feature","properties":{"h":20.0,"d":11.4,"a":0,"l":"d"},"geometry":{"type":"Point","coordinates":[415298.4,5656624.6]}},{"type":"Feature","properties":{"h":20.0,"d":11.4,"a":0,"l":"d"},"geometry":{"type":"Point","coordinates":[415298.5,5656589.4]}},{"type":"Feature","properties":{"h":35.0,"d":22.0,"a":0,"l":"d","gn":4,"t":92},"geometry":{"type":"Point","coordinates":[415298.5,5657783.0]}},{"type":"Feature","properties":{"h":23.0,"d":15.0,"a":3,"l":"e","t":35},"geometry":{"type":"Point","coordinates":[415298.7,5656799.0]}},{"type":"Feature","properties":{"h":21.0,"d":13.7,"a":3,"l":"e","t":22},"geometry":{"type":"Point","coordinates":[415298.7,5656795.5]}},{"type":"Feature","properties":{"h":20.0,"d":11.4,"a":0,"l":"d"},"geometry":{"type":"Point","coordinates":[415298.7,5656664.4]}},{"type":"Feature","properties":{"h":20.0,"d":11.4,"a":0,"l":"d"},"geometry":{"type":"Point","coordinates":[415298.8,5656627.3]}},{"type":"Feature","properties":{"h":20.0,"d":11.4,"a":0,"l":"d"},"geometry":{"type":"Point","coordinates":[415298.8,5656865.3]}},{"type":"Feature","properties":{"h":4.0,"d":1.0,"a":0,"l":"d","gn":7,"t":6},"geometry":{"type":"Point","coordinates":[415299.0,5656266.7]}},{"type":"Feature","properties":{"h":20.0,"d":11.4,"a":0,"l":"d"},"geometry":{"type":"Point","coordinates":[415299.2,5656631.5]}},{"type":"Feature","properties":{"h":13.0,"d":9.0,"a":1,"l":"d","gn":11,"t":21},"geometry":{"type":"Point","coordinates":[415299.4,5657933.1]}},{"type":"Feature","properties":{"h":20.0,"d":11.4,"a":0,"l":"d"},"geometry":{"type":"Point","coordinates":[415299.4,5656876.5]}},{"type":"Feature","properties":{"h":22.0,"d":17.0,"a":0,"l":"d","gn":7,"t":85},"geometry":{"type":"Point","coordinates":[415299.5,5656180.4]}},{"type":"Feature","properties":{"h":16.0,"d":9.0,"a":0,"l":"d","gn":3,"t":38},"geometry":{"type":"Point","coordinates":[415299.5,5657758.9]}},{"type":"Feature","properties":{"h":20.0,"d":11.4,"a":0,"l":"d"},"geometry":{"type":"Point","coordinates":[415299.6,5656815.9]}},{"type":"Feature","properties":{"h":20.0,"d":11.4,"a":0,"l":"d"},"geometry":{"type":"Point","coordinates":[415300.3,5656809.5]}},{"type":"Feature","properties":{"h":5.0,"d":2.0,"a":2,"l":"d","gn":9,"t":6},"geometry":{"type":"Point","coordinates":[415300.5,5656304.7]}},{"type":"Feature","properties":{"h":20.0,"d":11.4,"a":0,"l":"d"},"geometry":{"type":"Point","coordinates":[415300.7,5656660.8]}},{"type":"Feature","properties":{"h":21.0,"d":13.7,"a":3,"l":"e","t":16},"geometry":{"type":"Point","coordinates":[415300.8,5656798.1]}},{"type":"Feature","properties":{"h":22.0,"d":12.6,"a":0,"l":"d","gn":3,"t":25},"geometry":{"type":"Point","coordinates":[415301.5,5656804.6]}},{"type":"Feature","properties":{"h":20.0,"d":11.4,"a":0,"l":"d"},"geometry":{"type":"Point","coordinates":[415301.5,5656813.5]}},{"type":"Feature","properties":{"h":20.0,"d":11.4,"a":0,"l":"d"},"geometry":{"type":"Point","coordinates":[415301.7,5656863.1]}},{"type":"Feature","properties":{"h":23.0,"d":12.0,"a":0,"l":"d","gn":3,"t":65},"geometry":{"type":"Point","coordinates":[415301.7,5657819.5]}},{"type":"Feature","properties":{"h":10.0,"d":10.0,"a":5,"l":"d","gn":8,"t":18},"geometry":{"type":"Point","coordinates":[415301.8,5657762.7]}},{"type":"Feature","properties":{"h":20.0,"d":11.4,"a":0,"l":"d"},"geometry":{"type":"Point","coordinates":[415301.9,5656883.1]}},{"type":"Feature","properties":{"h":20.0,"d":11.4,"a":0,"l":"d"},"geometry":{"type":"Point","coordinates":[415302.0,5656876.3]}},{"type":"Feature","properties":{"h":20.0,"d":11.4,"a":0,"l":"d"},"geometry":{"type":"Point","coordinates":[415302.2,5656664.9]}},{"type":"Feature","properties":{"h":20.0,"d":11.4,"a":0,"l":"d"},"geometry":{"type":"Point","coordinates":[415302.3,5656589.6]}},{"type":"Feature","properties":{"h":20.0,"d":11.4,"a":0,"l":"d"},"geometry":{"type":"Point","coordinates":[415302.5,5656820.5]}},{"type":"Feature","properties":{"h":30.0,"d":12.0,"a":0,"l":"d","gn":4,"t":62},"geometry":{"type":"Point","coordinates":[415302.5,5657778.8]}},{"type":"Feature","properties":{"h":20.0,"d":11.4,"a":0,"l":"d"},"geometry":{"type":"Point","coordinates":[415302.8,5656632.5]}},{"type":"Feature","properties":{"h":21.0,"d":9.0,"a":0,"l":"d","gn":3,"t":57},"geometry":{"type":"Point","coordinates":[415302.8,5656156.9]}},{"type":"Feature","properties":{"h":14.0,"d":9.0,"a":0,"l":"d","gn":10,"t":80},"geometry":{"type":"Point","coordinates":[415302.9,5657740.5]}},{"type":"Feature","properties":{"h":21.0,"d":13.7,"a":3,"l":"e","t":25},"geometry":{"type":"Point","coordinates":[415303.0,5656801.0]}},{"type":"Feature","properties":{"h":20.0,"d":11.4,"a":0,"l":"d"},"geometry":{"type":"Point","coordinates":[415303.1,5656649.9]}},{"type":"Feature","properties":{"h":19.0,"d":12.4,"a":3,"l":"e","t":14},"geometry":{"type":"Point","coordinates":[415304.1,5656799.1]}},{"type":"Feature","properties":{"h":20.0,"d":11.4,"a":0,"l":"d"},"geometry":{"type":"Point","coordinates":[415304.1,5656646.3]}},{"type":"Feature","properties":{"h":20.0,"d":11.4,"a":0,"l":"d"},"geometry":{"type":"Point","coordinates":[415304.2,5656873.8]}},{"type":"Feature","properties":{"h":19.0,"d":9.5,"a":1,"l":"d","gn":11,"t":107},"geometry":{"type":"Point","coordinates":[415304.6,5656689.1]}},{"type":"Feature","properties":{"h":20.0,"d":11.4,"a":0,"l":"d"},"geometry":{"type":"Point","coordinates":[415304.7,5656663.5]}},{"type":"Feature","properties":{"h":20.0,"d":11.4,"a":0,"l":"d"},"geometry":{"type":"Point","coordinates":[415304.7,5656632.9]}},{"type":"Feature","properties":{"h":23.0,"d":15.0,"a":3,"l":"e","t":28},"geometry":{"type":"Point","coordinates":[415304.8,5656802.4]}},{"type":"Feature","properties":{"h":20.0,"d":11.4,"a":0,"l":"d"},"geometry":{"type":"Point","coordinates":[415305.0,5656859.4]}},{"type":"Feature","properties":{"h":20.0,"d":11.4,"a":0,"l":"d"},"geometry":{"type":"Point","coordinates":[415305.1,5656651.4]}},{"type":"Feature","properties":{"h":24.0,"d":7.0,"a":1,"l":"d","gn":22,"t":47},"geometry":{"type":"Point","coordinates":[415305.1,5657936.1]}},{"type":"Feature","properties":{"h":30.0,"d":13.0,"a":0,"l":"d","gn":4,"t":90},"geometry":{"type":"Point","coordinates":[415305.4,5657742.9]}},{"type":"Feature","properties":{"h":21.0,"d":13.7,"a":3,"l":"e","t":19},"geometry":{"type":"Point","coordinates":[415305.9,5656739.5]}},{"type":"Feature","properties":{"h":21.0,"d":13.7,"a":3,"l":"e","t":22},"geometry":{"type":"Point","coordinates":[415306.0,5656798.1]}},{"type":"Feature","properties":{"h":21.0,"d":13.7,"a":3,"l":"e","t":19},"geometry":{"type":"Point","coordinates":[415306.1,5656721.1]}},{"type":"Feature","properties":{"h":20.0,"d":11.4,"a":0,"l":"d"},"geometry":{"type":"Point","coordinates":[415306.2,5656611.9]}},{"type":"Feature","properties":{"h":27.0,"d":10.0,"a":0,"l":"d","gn":3,"t":57},"geometry":{"type":"Point","coordinates":[415306.3,5657817.6]}},{"type":"Feature","properties":{"h":20.0,"d":11.4,"a":0,"l":"d"},"geometry":{"type":"Point","coordinates":[415306.4,5656822.0]}},{"type":"Feature","properties":{"h":20.0,"d":11.4,"a":0,"l":"d"},"geometry":{"type":"Point","coordinates":[415306.5,5656737.0]}},{"type":"Feature","properties":{"h":20.0,"d":11.4,"a":0,"l":"d"},"geometry":{"type":"Point","coordinates":[415306.6,5656813.0]}},{"type":"Feature","properties":{"h":5.0,"d":2.0,"a":0,"l":"d","gn":31,"t":8},"geometry":{"type":"Point","coordinates":[415306.6,5656297.4]}},{"type":"Feature","properties":{"h":20.0,"d":11.4,"a":0,"l":"d"},"geometry":{"type":"Point","coordinates":[415306.7,5656658.2]}},{"type":"Feature","properties":{"h":22.0,"d":14.3,"a":3,"l":"e","t":25},"geometry":{"type":"Point","coordinates":[415306.9,5656709.0]}},{"type":"Feature","properties":{"h":17.0,"d":10.0,"a":0,"l":"d","gn":7,"t":55},"geometry":{"type":"Point","coordinates":[415306.9,5656215.8]}},{"type":"Feature","properties":{"h":20.0,"d":11.4,"a":0,"l":"d"},"geometry":{"type":"Point","coordinates":[415307.1,5656856.4]}},{"type":"Feature","properties":{"h":23.0,"d":13.0,"a":0,"l":"d","gn":7,"t":62},"geometry":{"type":"Point","coordinates":[415307.3,5657953.9]}},{"type":"Feature","properties":{"h":21.0,"d":13.7,"a":3,"l":"e","t":21},"geometry":{"type":"Point","coordinates":[415307.5,5656722.6]}},{"type":"Feature","properties":{"h":20.0,"d":11.4,"a":0,"l":"d"},"geometry":{"type":"Point","coordinates":[415307.5,5656631.4]}},{"type":"Feature","properties":{"h":17.0,"d":6.0,"a":0,"l":"d","gn":4,"t":47},"geometry":{"type":"Point","coordinates":[415307.6,5656314.4]}},{"type":"Feature","properties":{"h":30.0,"d":12.0,"a":0,"l":"d","gn":4,"t":58},"geometry":{"type":"Point","coordinates":[415307.6,5657781.4]}},{"type":"Feature","properties":{"h":16.0,"d":9.1,"a":0,"l":"d","gn":31,"t":12},"geometry":{"type":"Point","coordinates":[415307.8,5656736.2]}},{"type":"Feature","properties":{"h":20.0,"d":11.4,"a":0,"l":"d"},"geometry":{"type":"Point","coordinates":[415307.9,5656877.6]}},{"type":"Feature","properties":{"h":13.0,"d":8.5,"a":3,"l":"e","t":11},"geometry":{"type":"Point","coordinates":[415308.0,5656732.7]}},{"type":"Feature","properties":{"h":20.0,"d":11.4,"a":0,"l":"d"},"geometry":{"type":"Point","coordinates":[415308.0,5656900.5]}},{"type":"Feature","properties":{"h":20.0,"d":11.4,"a":0,"l":"d"},"geometry":{"type":"Point","coordinates":[415308.0,5656875.1]}},{"type":"Feature","properties":{"h":20.0,"d":11.4,"a":0,"l":"d"},"geometry":{"type":"Point","coordinates":[415308.1,5656881.0]}},{"type":"Feature","properties":{"h":19.0,"d":12.4,"a":3,"l":"e","t":16},"geometry":{"type":"Point","coordinates":[415308.2,5656720.1]}},{"type":"Feature","properties":{"h":28.0,"d":11.0,"a":0,"l":"d","gn":3,"t":68},"geometry":{"type":"Point","coordinates":[415308.5,5657814.3]}},{"type":"Feature","properties":{"h":21.0,"d":13.7,"a":3,"l":"e","t":19},"geometry":{"type":"Point","coordinates":[415308.5,5656741.0]}},{"type":"Feature","properties":{"h":21.0,"d":13.7,"a":3,"l":"e","t":24},"geometry":{"type":"Point","coordinates":[415308.5,5656714.2]}},{"type":"Feature","properties":{"h":20.0,"d":11.4,"a":0,"l":"d"},"geometry":{"type":"Point","coordinates":[415308.6,5656815.9]}},{"type":"Feature","properties":{"h":35.0,"d":20.0,"a":0,"l":"d","gn":4,"t":100},"geometry":{"type":"Point","coordinates":[415308.6,5657782.1]}},{"type":"Feature","properties":{"h":22.0,"d":15.0,"a":0,"l":"d","c":1,"gn":31,"t":89},"geometry":{"type":"Point","coordinates":[415308.6,5656271.8]}},{"type":"Feature","properties":{"h":12.0,"d":7.8,"a":3,"l":"e","t":12},"geometry":{"type":"Point","coordinates":[415308.8,5656729.2]}},{"type":"Feature","properties":{"h":4.0,"d":1.0,"a":4,"l":"d","gn":31,"t":5},"geometry":{"type":"Point","coordinates":[415308.9,5656263.9]}},{"type":"Feature","properties":{"h":23.0,"d":15.0,"a":3,"l":"e","t":27},"geometry":{"type":"Point","coordinates":[415309.0,5656801.2]}},{"type":"Feature","properties":{"h":16.0,"d":10.0,"a":1,"l":"d","gn":11,"t":30},"geometry":{"type":"Point","coordinates":[415309.2,5657767.4]}},{"type":"Feature","properties":{"h":5.0,"d":2.0,"a":2,"l":"d","gn":9,"t":6},"geometry":{"type":"Point","coordinates":[415309.2,5656346.2]}},{"type":"Feature","properties":{"h":22.0,"d":12.5,"a":0,"l":"d","gn":4,"t":80},"geometry":{"type":"Point","coordinates":[415309.4,5656322.0]}},{"type":"Feature","properties":{"h":30.0,"d":14.0,"a":0,"l":"d","gn":4,"t":70},"geometry":{"type":"Point","coordinates":[415309.5,5657780.2]}},{"type":"Feature","properties":{"h":9.0,"d":5.1,"a":0,"l":"d","gn":4,"t":13},"geometry":{"type":"Point","coordinates":[415309.6,5656672.1]}},{"type":"Feature","properties":{"h":20.0,"d":11.4,"a":0,"l":"d"},"geometry":{"type":"Point","coordinates":[415309.7,5656658.3]}},{"type":"Feature","properties":{"h":20.0,"d":11.4,"a":0,"l":"d"},"geometry":{"type":"Point","coordinates":[415310.0,5656598.6]}},{"type":"Feature","properties":{"h":16.0,"d":10.0,"a":0,"l":"d","gn":9,"t":49},"geometry":{"type":"Point","coordinates":[415310.0,5657137.3]}},{"type":"Feature","properties":{"h":22.0,"d":14.3,"a":3,"l":"e","t":42},"geometry":{"type":"Point","coordinates":[415310.0,5656668.4]}},{"type":"Feature","properties":{"h":20.0,"d":11.4,"a":0,"l":"d"},"geometry":{"type":"Point","coordinates":[415310.2,5656631.1]}},{"type":"Feature","properties":{"h":20.0,"d":11.4,"a":0,"l":"d"},"geometry":{"type":"Point","coordinates":[415310.5,5656623.0]}},{"type":"Feature","properties":{"h":11.0,"d":6.3,"a":0,"l":"d","gn":15,"t":27},"geometry":{"type":"Point","coordinates":[415310.7,5656672.5]}},{"type":"Feature","properties":{"h":20.0,"d":11.4,"a":0,"l":"d"},"geometry":{"type":"Point","coordinates":[415311.1,5656816.1]}},{"type":"Feature","properties":{"h":20.0,"d":11.4,"a":0,"l":"d"},"geometry":{"type":"Point","coordinates":[415311.2,5656592.4]}},{"type":"Feature","properties":{"h":19.0,"d":12.4,"a":3,"l":"e","t":14},"geometry":{"type":"Point","coordinates":[415311.4,5656706.1]}},{"type":"Feature","properties":{"h":22.0,"d":13.0,"a":0,"l":"d","gn":4,"t":72},"geometry":{"type":"Point","coordinates":[415311.4,5656313.8]}},{"type":"Feature","properties":{"h":20.0,"d":14.5,"a":2,"l":"d","gn":4,"t":87},"geometry":{"type":"Point","coordinates":[415311.5,5656335.4]}},{"type":"Feature","properties":{"h":12.0,"d":6.0,"a":1,"l":"d","gn":11,"t":11},"geometry":{"type":"Point","coordinates":[415312.0,5656733.6]}},{"type":"Feature","properties":{"h":20.0,"d":11.4,"a":0,"l":"d"},"geometry":{"type":"Point","coordinates":[415312.1,5656877.4]}},{"type":"Feature","properties":{"h":28.0,"d":14.0,"a":1,"l":"d","gn":22,"t":110},"geometry":{"type":"Point","coordinates":[415312.2,5657824.8]}},{"type":"Feature","properties":{"h":12.0,"d":8.0,"a":2,"l":"d","gn":4,"t":53},"geometry":{"type":"Point","coordinates":[415312.2,5657725.0]}},{"type":"Feature","properties":{"h":20.0,"d":11.4,"a":0,"l":"d"},"geometry":{"type":"Point","coordinates":[415312.4,5656622.8]}},{"type":"Feature","properties":{"h":20.0,"d":11.4,"a":0,"l":"d"},"geometry":{"type":"Point","coordinates":[415312.7,5656626.9]}},{"type":"Feature","properties":{"h":15.0,"d":9.0,"a":0,"l":"d","gn":7,"t":62},"geometry":{"type":"Point","coordinates":[415312.7,5656243.1]}},{"type":"Feature","properties":{"h":20.0,"d":11.4,"a":0,"l":"d"},"geometry":{"type":"Point","coordinates":[415312.8,5656915.7]}},{"type":"Feature","properties":{"h":20.0,"d":11.4,"a":0,"l":"d"},"geometry":{"type":"Point","coordinates":[415313.0,5656610.4]}},{"type":"Feature","properties":{"h":20.0,"d":11.4,"a":0,"l":"d"},"geometry":{"type":"Point","coordinates":[415313.4,5656593.5]}},{"type":"Feature","properties":{"h":21.0,"d":13.7,"a":3,"l":"e","t":39},"geometry":{"type":"Point","coordinates":[415313.5,5656720.1]}},{"type":"Feature","properties":{"h":20.0,"d":11.4,"a":0,"l":"d"},"geometry":{"type":"Point","coordinates":[415313.6,5656900.3]}},{"type":"Feature","properties":{"h":20.0,"d":11.4,"a":0,"l":"d"},"geometry":{"type":"Point","coordinates":[415313.6,5656648.5]}},{"type":"Feature","properties":{"h":24.0,"d":13.7,"a":0,"l":"d","gn":31},"geometry":{"type":"Point","coordinates":[415313.7,5656296.4]}},{"type":"Feature","properties":{"h":22.0,"d":12.6,"a":0,"l":"d","gn":4,"t":27},"geometry":{"type":"Point","coordinates":[415313.8,5656735.8]}},{"type":"Feature","properties":{"h":21.0,"d":11.0,"a":0,"l":"d","gn":9,"t":59},"geometry":{"type":"Point","coordinates":[415314.4,5656357.5]}},{"type":"Feature","properties":{"h":9.0,"d":7.0,"a":0,"l":"d","gn":31,"t":15},"geometry":{"type":"Point","coordinates":[415314.4,5657745.5]}},{"type":"Feature","properties":{"h":20.0,"d":11.4,"a":0,"l":"d"},"geometry":{"type":"Point","coordinates":[415314.7,5656859.5]}},{"type":"Feature","properties":{"h":8.0,"d":4.0,"a":0,"l":"d","gn":3,"t":11},"geometry":{"type":"Point","coordinates":[415314.7,5657911.0]}},{"type":"Feature","properties":{"h":25.0,"d":9.0,"a":0,"l":"d","gn":3,"t":70},"geometry":{"type":"Point","coordinates":[415314.9,5657796.5]}},{"type":"Feature","properties":{"h":20.0,"d":11.4,"a":0,"l":"d"},"geometry":{"type":"Point","coordinates":[415314.9,5656652.8]}},{"type":"Feature","properties":{"h":11.0,"d":6.3,"a":0,"l":"d","gn":31,"t":11},"geometry":{"type":"Point","coordinates":[415315.0,5656722.1]}},{"type":"Feature","properties":{"h":32.0,"d":17.0,"a":0,"l":"d","gn":31,"t":105},"geometry":{"type":"Point","coordinates":[415315.1,5657940.6]}},{"type":"Feature","properties":{"h":9.0,"d":6.0,"a":0,"l":"d","gn":3,"t":13},"geometry":{"type":"Point","coordinates":[415315.2,5657831.7]}},{"type":"Feature","properties":{"h":4.0,"d":1.0,"a":4,"l":"d","gn":31,"t":5},"geometry":{"type":"Point","coordinates":[415315.4,5656263.2]}},{"type":"Feature","properties":{"h":24.0,"d":15.6,"a":3,"l":"e","t":35},"geometry":{"type":"Point","coordinates":[415316.1,5656736.2]}},{"type":"Feature","properties":{"h":20.0,"d":11.4,"a":0,"l":"d"},"geometry":{"type":"Point","coordinates":[415316.3,5656610.6]}},{"type":"Feature","properties":{"h":11.0,"d":5.5,"a":1,"l":"d","gn":11,"t":14},"geometry":{"type":"Point","coordinates":[415316.8,5656747.3]}},{"type":"Feature","properties":{"h":18.0,"d":11.0,"a":0,"l":"d","gn":3,"t":55},"geometry":{"type":"Point","coordinates":[415317.2,5656146.2]}},{"type":"Feature","properties":{"h":33.0,"d":24.0,"a":0,"l":"d","gn":4,"t":118},"geometry":{"type":"Point","coordinates":[415317.9,5657804.0]}},{"type":"Feature","properties":{"h":20.0,"d":11.4,"a":0,"l":"d"},"geometry":{"type":"Point","coordinates":[415317.9,5656632.4]}},{"type":"Feature","properties":{"h":14.0,"d":7.0,"a":1,"l":"d","gn":11,"t":14},"geometry":{"type":"Point","coordinates":[415318.2,5657835.4]}},{"type":"Feature","properties":{"h":20.0,"d":11.4,"a":0,"l":"d"},"geometry":{"type":"Point","coordinates":[415318.3,5656644.8]}},{"type":"Feature","properties":{"h":20.0,"d":11.4,"a":0,"l":"d"},"geometry":{"type":"Point","coordinates":[415318.4,5656597.2]}},{"type":"Feature","properties":{"h":20.0,"d":11.4,"a":0,"l":"d"},"geometry":{"type":"Point","coordinates":[415318.7,5656873.2]}},{"type":"Feature","properties":{"h":22.0,"d":12.0,"a":0,"l":"d","gn":3,"t":77},"geometry":{"type":"Point","coordinates":[415318.8,5656153.5]}},{"type":"Feature","properties":{"h":25.0,"d":17.0,"a":0,"l":"d","c":1,"gn":31,"t":101},"geometry":{"type":"Point","coordinates":[415319.0,5656270.6]}},{"type":"Feature","properties":{"h":26.2,"d":15.0,"a":0,"l":"d","gn":4,"t":70},"geometry":{"type":"Point","coordinates":[415319.1,5656354.0]}},{"type":"Feature","properties":{"h":23.0,"d":14.0,"a":0,"l":"d","gn":1,"t":43},"geometry":{"type":"Point","coordinates":[415319.5,5657749.7]}},{"type":"Feature","properties":{"h":20.0,"d":11.4,"a":0,"l":"d"},"geometry":{"type":"Point","coordinates":[415319.5,5656643.5]}},{"type":"Feature","properties":{"h":20.0,"d":11.4,"a":0,"l":"d"},"geometry":{"type":"Point","coordinates":[415320.2,5656650.0]}},{"type":"Feature","properties":{"h":20.0,"d":11.4,"a":0,"l":"d"},"geometry":{"type":"Point","coordinates":[415320.4,5656645.5]}},{"type":"Feature","properties":{"h":20.0,"d":11.4,"a":0,"l":"d"},"geometry":{"type":"Point","coordinates":[415320.6,5656917.2]}},{"type":"Feature","properties":{"h":27.0,"d":15.0,"a":0,"l":"d","gn":1,"t":63},"geometry":{"type":"Point","coordinates":[415320.7,5657770.8]}},{"type":"Feature","properties":{"h":11.0,"d":6.3,"a":0,"l":"d","gn":3,"t":18},"geometry":{"type":"Point","coordinates":[415320.7,5656664.9]}},{"type":"Feature","properties":{"h":24.0,"d":13.7,"a":0,"l":"d","gn":4,"t":44},"geometry":{"type":"Point","coordinates":[415320.8,5656702.0]}},{"type":"Feature","properties":{"h":25.0,"d":14.3,"a":0,"l":"d","t":84},"geometry":{"type":"Point","coordinates":[415320.8,5656861.9]}},{"type":"Feature","properties":{"h":9.0,"d":5.1,"a":0,"l":"d","gn":4,"t":16},"geometry":{"type":"Point","coordinates":[415320.9,5656663.2]}},{"type":"Feature","properties":{"h":20.0,"d":11.4,"a":0,"l":"d"},"geometry":{"type":"Point","coordinates":[415320.9,5656644.5]}},{"type":"Feature","properties":{"h":28.0,"d":10.0,"a":0,"l":"d","gn":4,"t":54},"geometry":{"type":"Point","coordinates":[415321.0,5657799.6]}},{"type":"Feature","properties":{"h":20.0,"d":11.4,"a":0,"l":"d"},"geometry":{"type":"Point","coordinates":[415321.3,5656623.5]}},{"type":"Feature","properties":{"h":20.0,"d":11.4,"a":0,"l":"d"},"geometry":{"type":"Point","coordinates":[415321.3,5656653.2]}},{"type":"Feature","properties":{"h":25.0,"d":14.3,"a":0,"l":"d","gn":4,"t":44},"geometry":{"type":"Point","coordinates":[415321.6,5656805.1]}},{"type":"Feature","properties":{"h":18.0,"d":12.0,"a":0,"l":"d","gn":9,"t":57},"geometry":{"type":"Point","coordinates":[415322.1,5657133.8]}},{"type":"Feature","properties":{"h":12.0,"d":6.9,"a":0,"l":"d","gn":4,"t":15},"geometry":{"type":"Point","coordinates":[415322.3,5656756.2]}},{"type":"Feature","properties":{"h":25.0,"d":14.3,"a":0,"l":"d","t":55},"geometry":{"type":"Point","coordinates":[415322.3,5656610.9]}},{"type":"Feature","properties":{"h":15.0,"d":6.9,"a":3,"l":"e","t":35},"geometry":{"type":"Point","coordinates":[415322.7,5656745.7]}},{"type":"Feature","properties":{"h":20.0,"d":11.4,"a":0,"l":"d"},"geometry":{"type":"Point","coordinates":[415322.7,5656820.0]}},{"type":"Feature","properties":{"h":12.0,"d":12.0,"a":0,"l":"d","gn":21,"t":25},"geometry":{"type":"Point","coordinates":[415322.7,5657905.1]}},{"type":"Feature","properties":{"h":20.0,"d":13.0,"a":0,"l":"d","c":1,"gn":31,"t":113},"geometry":{"type":"Point","coordinates":[415322.8,5656295.6]}},{"type":"Feature","properties":{"h":17.0,"d":12.0,"a":0,"l":"d","gn":32,"t":28},"geometry":{"type":"Point","coordinates":[415323.1,5657742.9]}},{"type":"Feature","properties":{"h":28.0,"d":11.0,"a":0,"l":"d","gn":4,"t":53},"geometry":{"type":"Point","coordinates":[415323.1,5657801.4]}},{"type":"Feature","properties":{"h":12.0,"d":6.9,"a":0,"l":"d","gn":4,"t":19},"geometry":{"type":"Point","coordinates":[415323.4,5656666.9]}},{"type":"Feature","properties":{"h":30.0,"d":25.0,"a":0,"l":"d","gn":4,"t":120},"geometry":{"type":"Point","coordinates":[415323.7,5657841.3]}},{"type":"Feature","properties":{"h":26.0,"d":14.0,"a":0,"l":"d","gn":3,"t":47},"geometry":{"type":"Point","coordinates":[415323.7,5657939.4]}},{"type":"Feature","properties":{"h":15.5,"d":5.2,"a":3,"l":"e","t":37},"geometry":{"type":"Point","coordinates":[415323.8,5656709.5]}},{"type":"Feature","properties":{"h":5.0,"d":3.0,"a":2,"l":"d","gn":9,"t":7},"geometry":{"type":"Point","coordinates":[415324.0,5656362.6]}},{"type":"Feature","properties":{"h":20.0,"d":7.0,"a":2,"l":"d","gn":4,"t":46},"geometry":{"type":"Point","coordinates":[415324.2,5657729.7]}},{"type":"Feature","properties":{"h":33.0,"d":17.0,"a":0,"l":"d","gn":4,"t":91},"geometry":{"type":"Point","coordinates":[415324.3,5657871.6]}},{"type":"Feature","properties":{"h":33.0,"d":14.0,"a":0,"l":"d","gn":31,"t":63},"geometry":{"type":"Point","coordinates":[415324.3,5657873.7]}},{"type":"Feature","properties":{"h":26.0,"d":14.9,"a":0,"l":"d","gn":4,"t":56},"geometry":{"type":"Point","coordinates":[415324.5,5656705.3]}},{"type":"Feature","properties":{"h":20.0,"d":11.4,"a":0,"l":"d"},"geometry":{"type":"Point","coordinates":[415324.5,5656917.3]}},{"type":"Feature","properties":{"h":18.0,"d":10.3,"a":0,"l":"d","gn":3,"t":24},"geometry":{"type":"Point","coordinates":[415324.6,5656749.3]}},{"type":"Feature","properties":{"h":23.0,"d":15.0,"a":3,"l":"e","t":53},"geometry":{"type":"Point","coordinates":[415324.7,5656767.4]}},{"type":"Feature","properties":{"h":20.0,"d":10.0,"a":1,"l":"d","gn":11,"t":59},"geometry":{"type":"Point","coordinates":[415324.7,5656781.6]}},{"type":"Feature","properties":{"h":32.0,"d":18.0,"a":0,"l":"d","gn":4,"t":77},"geometry":{"type":"Point","coordinates":[415324.8,5657870.3]}},{"type":"Feature","properties":{"h":9.0,"d":6.0,"a":0,"l":"d","gn":3,"t":10},"geometry":{"type":"Point","coordinates":[415325.0,5657828.1]}},{"type":"Feature","properties":{"h":31.0,"d":17.0,"a":0,"l":"d","gn":4,"t":85},"geometry":{"type":"Point","coordinates":[415325.1,5657808.9]}},{"type":"Feature","properties":{"h":26.0,"d":12.0,"a":0,"l":"d","gn":7,"t":53},"geometry":{"type":"Point","coordinates":[415325.1,5657949.2]}},{"type":"Feature","properties":{"h":20.0,"d":11.4,"a":0,"l":"d"},"geometry":{"type":"Point","coordinates":[415325.2,5656596.3]}},{"type":"Feature","properties":{"h":11.0,"d":10.0,"a":1,"l":"d","gn":11,"t":22},"geometry":{"type":"Point","coordinates":[415325.4,5657781.8]}},{"type":"Feature","properties":{"h":17.0,"d":9.7,"a":0,"l":"d","gn":1,"t":28},"geometry":{"type":"Point","coordinates":[415325.6,5656749.6]}},{"type":"Feature","properties":{"h":25.0,"d":15.0,"a":1,"l":"d","gn":22,"t":65},"geometry":{"type":"Point","coordinates":[415325.6,5657933.5]}},{"type":"Feature","properties":{"h":27.0,"d":15.4,"a":0,"l":"d","gn":4,"t":63},"geometry":{"type":"Point","coordinates":[415325.6,5656660.8]}},{"type":"Feature","properties":{"h":20.0,"d":11.4,"a":0,"l":"d"},"geometry":{"type":"Point","coordinates":[415325.6,5656835.1]}},{"type":"Feature","properties":{"h":4.0,"d":1.0,"a":0,"l":"d","gn":7,"t":6},"geometry":{"type":"Point","coordinates":[415325.8,5656262.1]}},{"type":"Feature","properties":{"h":20.0,"d":11.4,"a":0,"l":"d"},"geometry":{"type":"Point","coordinates":[415325.8,5656638.1]}},{"type":"Feature","properties":{"h":26.0,"d":14.9,"a":0,"l":"d","gn":4,"t":33},"geometry":{"type":"Point","coordinates":[415325.9,5656782.4]}},{"type":"Feature","properties":{"h":1.7,"d":1.5,"a":3,"l":"e","t":8},"geometry":{"type":"Point","coordinates":[415326.3,5656357.0]}},{"type":"Feature","properties":{"h":20.0,"d":11.4,"a":0,"l":"d"},"geometry":{"type":"Point","coordinates":[415326.4,5656816.0]}},{"type":"Feature","properties":{"h":20.0,"d":11.4,"a":0,"l":"d"},"geometry":{"type":"Point","coordinates":[415327.2,5656907.6]}},{"type":"Feature","properties":{"h":20.0,"d":11.4,"a":0,"l":"d"},"geometry":{"type":"Point","coordinates":[415327.3,5656701.9]}},{"type":"Feature","properties":{"h":20.0,"d":11.4,"a":0,"l":"d"},"geometry":{"type":"Point","coordinates":[415327.4,5656603.7]}},{"type":"Feature","properties":{"h":24.0,"d":13.7,"a":0,"l":"d","gn":3,"t":50},"geometry":{"type":"Point","coordinates":[415327.5,5656798.4]}},{"type":"Feature","properties":{"h":27.0,"d":14.0,"a":0,"l":"d","gn":3,"t":82},"geometry":{"type":"Point","coordinates":[415327.6,5657792.6]}},{"type":"Feature","properties":{"h":24.0,"d":13.7,"a":0,"l":"d","gn":4,"t":26},"geometry":{"type":"Point","coordinates":[415327.6,5656664.9]}},{"type":"Feature","properties":{"h":20.0,"d":11.4,"a":0,"l":"d"},"geometry":{"type":"Point","coordinates":[415327.9,5656584.1]}},{"type":"Feature","properties":{"h":21.0,"d":12.0,"a":0,"l":"d","gn":1,"t":24},"geometry":{"type":"Point","coordinates":[415327.9,5656752.7]}},{"type":"Feature","properties":{"h":20.0,"d":11.4,"a":0,"l":"d","t":34},"geometry":{"type":"Point","coordinates":[415327.9,5656614.5]}},{"type":"Feature","properties":{"h":26.0,"d":20.0,"a":0,"l":"d","gn":1,"t":90},"geometry":{"type":"Point","coordinates":[415328.3,5657760.4]}},{"type":"Feature","properties":{"h":20.0,"d":11.4,"a":0,"l":"d"},"geometry":{"type":"Point","coordinates":[415328.4,5656586.0]}},{"type":"Feature","properties":{"h":16.0,"d":7.0,"a":0,"l":"d","gn":3,"t":22},"geometry":{"type":"Point","coordinates":[415329.0,5657848.1]}},{"type":"Feature","properties":{"h":20.0,"d":11.4,"a":0,"l":"d"},"geometry":{"type":"Point","coordinates":[415329.0,5656892.1]}},{"type":"Feature","properties":{"h":27.0,"d":15.4,"a":0,"l":"d","gn":4,"t":35},"geometry":{"type":"Point","coordinates":[415329.0,5656672.3]}},{"type":"Feature","properties":{"h":13.0,"d":7.4,"a":0,"l":"d","gn":3,"t":17},"geometry":{"type":"Point","coordinates":[415329.2,5656783.0]}},{"type":"Feature","properties":{"h":20.0,"d":11.4,"a":0,"l":"d"},"geometry":{"type":"Point","coordinates":[415329.3,5656596.6]}},{"type":"Feature","properties":{"h":20.0,"d":11.4,"a":0,"l":"d"},"geometry":{"type":"Point","coordinates":[415329.9,5656612.1]}},{"type":"Feature","properties":{"h":33.0,"d":20.0,"a":0,"l":"d","gn":4,"t":95},"geometry":{"type":"Point","coordinates":[415329.9,5657777.9]}},{"type":"Feature","properties":{"h":20.0,"d":11.4,"a":0,"l":"d"},"geometry":{"type":"Point","coordinates":[415329.9,5656910.0]}},{"type":"Feature","properties":{"h":16.0,"d":12.0,"a":0,"l":"d","gn":9,"t":46},"geometry":{"type":"Point","coordinates":[415330.5,5657131.5]}},{"type":"Feature","properties":{"h":20.0,"d":11.4,"a":0,"l":"d"},"geometry":{"type":"Point","coordinates":[415330.7,5656857.6]}},{"type":"Feature","properties":{"h":24.0,"d":9.5,"a":0,"l":"d","gn":31,"t":79},"geometry":{"type":"Point","coordinates":[415331.1,5656293.2]}},{"type":"Feature","properties":{"h":26.0,"d":14.9,"a":0,"l":"d","gn":4,"t":47},"geometry":{"type":"Point","coordinates":[415331.8,5656767.9]}},{"type":"Feature","properties":{"h":24.0,"d":13.7,"a":0,"l":"d","gn":4,"t":33},"geometry":{"type":"Point","coordinates":[415331.9,5656807.4]}},{"type":"Feature","properties":{"h":20.0,"d":11.4,"a":0,"l":"d"},"geometry":{"type":"Point","coordinates":[415332.0,5656706.5]}},{"type":"Feature","properties":{"h":16.0,"d":10.0,"a":0,"l":"d","gn":7,"t":61},"geometry":{"type":"Point","coordinates":[415332.5,5656268.7]}},{"type":"Feature","properties":{"h":20.0,"d":11.4,"a":0,"l":"d"},"geometry":{"type":"Point","coordinates":[415332.5,5656915.7]}},{"type":"Feature","properties":{"h":19.0,"d":10.9,"a":0,"l":"d","gn":1,"t":18},"geometry":{"type":"Point","coordinates":[415332.5,5656754.1]}},{"type":"Feature","properties":{"h":12.0,"d":7.0,"a":0,"l":"d","gn":7,"t":18},"geometry":{"type":"Point","coordinates":[415332.6,5657936.2]}},{"type":"Feature","properties":{"h":19.0,"d":6.0,"a":1,"l":"d","gn":25,"t":46},"geometry":{"type":"Point","coordinates":[415332.7,5656317.5]}},{"type":"Feature","properties":{"h":26.0,"d":14.9,"a":0,"l":"d","gn":4,"t":30},"geometry":{"type":"Point","coordinates":[415332.7,5656693.8]}},{"type":"Feature","properties":{"h":20.0,"d":11.4,"a":0,"l":"d"},"geometry":{"type":"Point","coordinates":[415332.8,5656629.5]}},{"type":"Feature","properties":{"h":21.0,"d":11.0,"a":0,"l":"d","gn":3,"t":59},"geometry":{"type":"Point","coordinates":[415333.0,5656143.2]}},{"type":"Feature","properties":{"h":24.0,"d":13.7,"a":0,"l":"d","gn":1,"t":38},"geometry":{"type":"Point","coordinates":[415333.0,5656780.5]}},{"type":"Feature","properties":{"h":20.0,"d":10.0,"a":0,"l":"d","gn":1,"t":62},"geometry":{"type":"Point","coordinates":[415333.2,5656277.0]}},{"type":"Feature","properties":{"h":20.0,"d":11.4,"a":0,"l":"d"},"geometry":{"type":"Point","coordinates":[415333.3,5656588.0]}},{"type":"Feature","properties":{"h":20.0,"d":11.4,"a":0,"l":"d"},"geometry":{"type":"Point","coordinates":[415333.4,5656902.9]}},{"type":"Feature","properties":{"h":27.0,"d":13.0,"a":0,"l":"d","gn":7,"t":70},"geometry":{"type":"Point","coordinates":[415334.0,5657947.1]}},{"type":"Feature","properties":{"h":18.0,"d":13.2,"a":0,"l":"d","gn":4,"t":73},"geometry":{"type":"Point","coordinates":[415334.3,5656748.3]}},{"type":"Feature","properties":{"h":18.5,"d":9.4,"a":3,"l":"e","t":44},"geometry":{"type":"Point","coordinates":[415334.4,5656713.5]}},{"type":"Feature","properties":{"h":18.0,"d":6.5,"a":0,"l":"d","gn":4,"t":49},"geometry":{"type":"Point","coordinates":[415334.4,5656298.6]}},{"type":"Feature","properties":{"h":21.0,"d":12.0,"a":0,"l":"d","gn":1,"t":22},"geometry":{"type":"Point","coordinates":[415334.4,5656753.7]}},{"type":"Feature","properties":{"h":20.0,"d":11.4,"a":0,"l":"d"},"geometry":{"type":"Point","coordinates":[415334.4,5656776.0]}},{"type":"Feature","properties":{"h":20.0,"d":11.4,"a":0,"l":"d"},"geometry":{"type":"Point","coordinates":[415334.4,5656600.4]}},{"type":"Feature","properties":{"h":20.0,"d":11.0,"a":0,"l":"d","gn":3,"t":71},"geometry":{"type":"Point","coordinates":[415334.7,5656149.9]}},{"type":"Feature","properties":{"h":22.0,"d":11.0,"a":1,"l":"d","gn":11,"t":46},"geometry":{"type":"Point","coordinates":[415334.8,5656769.8]}},{"type":"Feature","properties":{"h":31.0,"d":17.0,"a":0,"l":"d","gn":4,"t":98},"geometry":{"type":"Point","coordinates":[415335.0,5657873.0]}},{"type":"Feature","properties":{"h":20.0,"d":11.4,"a":0,"l":"d","gn":1,"t":29},"geometry":{"type":"Point","coordinates":[415335.1,5656701.6]}},{"type":"Feature","properties":{"h":16.0,"d":8.0,"a":1,"l":"d","gn":11,"t":10},"geometry":{"type":"Point","coordinates":[415335.3,5656777.8]}},{"type":"Feature","properties":{"h":20.0,"d":11.4,"a":0,"l":"d"},"geometry":{"type":"Point","coordinates":[415335.3,5656860.2]}},{"type":"Feature","properties":{"h":23.0,"d":13.1,"a":0,"l":"d","gn":1,"t":25},"geometry":{"type":"Point","coordinates":[415335.4,5656757.3]}},{"type":"Feature","properties":{"h":27.0,"d":15.4,"a":0,"l":"d","gn":4,"t":71},"geometry":{"type":"Point","coordinates":[415335.4,5656697.2]}},{"type":"Feature","properties":{"h":26.0,"d":14.9,"a":0,"l":"d","gn":4,"t":38},"geometry":{"type":"Point","coordinates":[415335.7,5656774.2]}},{"type":"Feature","properties":{"h":21.0,"d":12.0,"a":0,"l":"d","gn":3,"t":41},"geometry":{"type":"Point","coordinates":[415335.8,5656699.5]}},{"type":"Feature","properties":{"h":26.0,"d":14.9,"a":0,"l":"d","gn":4,"t":28},"geometry":{"type":"Point","coordinates":[415335.9,5656657.5]}},{"type":"Feature","properties":{"h":20.0,"d":11.4,"a":0,"l":"d"},"geometry":{"type":"Point","coordinates":[415336.0,5656586.3]}},{"type":"Feature","properties":{"h":20.0,"d":11.4,"a":0,"l":"d"},"geometry":{"type":"Point","coordinates":[415336.1,5656814.3]}},{"type":"Feature","properties":{"h":30.0,"d":17.0,"a":0,"l":"d","gn":31,"t":117},"geometry":{"type":"Point","coordinates":[415336.1,5657860.7]}},{"type":"Feature","properties":{"h":13.0,"d":8.0,"a":0,"l":"d","gn":9,"t":31},"geometry":{"type":"Point","coordinates":[415336.2,5656404.4]}},{"type":"Feature","properties":{"h":28.0,"d":16.0,"a":0,"l":"d","gn":4,"t":75},"geometry":{"type":"Point","coordinates":[415336.3,5656690.0]}},{"type":"Feature","properties":{"h":20.0,"d":11.4,"a":0,"l":"d"},"geometry":{"type":"Point","coordinates":[415336.4,5656846.8]}},{"type":"Feature","properties":{"h":20.0,"d":11.4,"a":0,"l":"d"},"geometry":{"type":"Point","coordinates":[415336.5,5656627.8]}},{"type":"Feature","properties":{"h":25.0,"d":16.0,"a":0,"l":"d","gn":7,"t":71},"geometry":{"type":"Point","coordinates":[415336.7,5657935.1]}},{"type":"Feature","properties":{"h":20.0,"d":11.4,"a":0,"l":"d"},"geometry":{"type":"Point","coordinates":[415336.9,5656898.4]}},{"type":"Feature","properties":{"h":20.0,"d":11.4,"a":0,"l":"d"},"geometry":{"type":"Point","coordinates":[415337.0,5656634.0]}},{"type":"Feature","properties":{"h":12.0,"d":6.0,"a":1,"l":"d","gn":11,"t":13},"geometry":{"type":"Point","coordinates":[415337.3,5656783.3]}},{"type":"Feature","properties":{"h":20.0,"d":11.4,"a":0,"l":"d"},"geometry":{"type":"Point","coordinates":[415337.3,5656654.3]}},{"type":"Feature","properties":{"h":27.0,"d":17.0,"a":1,"l":"d","gn":11,"t":43},"geometry":{"type":"Point","coordinates":[415337.5,5657790.5]}},{"type":"Feature","properties":{"h":12.0,"d":8.0,"a":3,"l":"e","t":60},"geometry":{"type":"Point","coordinates":[415337.6,5656355.4]}},{"type":"Feature","properties":{"h":20.0,"d":11.4,"a":0,"l":"d"},"geometry":{"type":"Point","coordinates":[415337.8,5656882.0]}},{"type":"Feature","properties":{"h":27.0,"d":15.4,"a":0,"l":"d","gn":4,"t":34},"geometry":{"type":"Point","coordinates":[415337.8,5656659.6]}},{"type":"Feature","properties":{"h":25.0,"d":15.5,"a":0,"l":"d","gn":4,"t":100},"geometry":{"type":"Point","coordinates":[415338.1,5656335.7]}},{"type":"Feature","properties":{"h":26.0,"d":15.0,"a":0,"l":"d","gn":31,"t":60},"geometry":{"type":"Point","coordinates":[415338.4,5657835.6]}},{"type":"Feature","properties":{"h":22.0,"d":12.6,"a":0,"l":"d","gn":3,"t":23},"geometry":{"type":"Point","coordinates":[415338.5,5656759.7]}},{"type":"Feature","properties":{"h":26.0,"d":25.0,"a":0,"l":"d","gn":4,"t":70},"geometry":{"type":"Point","coordinates":[415338.6,5657852.0]}},{"type":"Feature","properties":{"h":20.0,"d":11.4,"a":0,"l":"d"},"geometry":{"type":"Point","coordinates":[415338.7,5656631.7]}},{"type":"Feature","properties":{"h":23.0,"d":16.0,"a":0,"l":"d","gn":9,"t":88},"geometry":{"type":"Point","coordinates":[415338.7,5656376.2]}},{"type":"Feature","properties":{"h":23.0,"d":13.0,"a":0,"l":"d","gn":9,"t":85},"geometry":{"type":"Point","coordinates":[415338.8,5656295.5]}},{"type":"Feature","properties":{"h":20.0,"d":12.5,"a":0,"l":"d","gn":31,"t":88},"geometry":{"type":"Point","coordinates":[415338.9,5656345.0]}},{"type":"Feature","properties":{"h":14.0,"d":6.0,"a":0,"l":"d","gn":3,"t":26},"geometry":{"type":"Point","coordinates":[415339.0,5657802.8]}},{"type":"Feature","properties":{"h":22.0,"d":14.0,"a":0,"l":"d","gn":9,"t":77},"geometry":{"type":"Point","coordinates":[415339.1,5656359.6]}},{"type":"Feature","properties":{"h":20.0,"d":11.4,"a":0,"l":"d"},"geometry":{"type":"Point","coordinates":[415339.1,5656640.3]}},{"type":"Feature","properties":{"h":20.0,"d":11.4,"a":0,"l":"d"},"geometry":{"type":"Point","coordinates":[415339.2,5656902.1]}},{"type":"Feature","properties":{"h":17.0,"d":10.0,"a":0,"l":"d","gn":9,"t":46},"geometry":{"type":"Point","coordinates":[415339.3,5657129.2]}},{"type":"Feature","properties":{"h":6.0,"d":3.0,"a":0,"l":"d","gn":31,"t":9},"geometry":{"type":"Point","coordinates":[415340.0,5657889.8]}},{"type":"Feature","properties":{"h":16.0,"d":8.0,"a":1,"l":"d","gn":11,"t":14},"geometry":{"type":"Point","coordinates":[415340.2,5656778.7]}},{"type":"Feature","properties":{"h":20.0,"d":11.4,"a":0,"l":"d"},"geometry":{"type":"Point","coordinates":[415340.2,5656586.3]}},{"type":"Feature","properties":{"h":28.0,"d":16.0,"a":0,"l":"d","gn":4,"t":42},"geometry":{"type":"Point","coordinates":[415340.3,5656796.9]}},{"type":"Feature","properties":{"h":20.0,"d":11.4,"a":0,"l":"d"},"geometry":{"type":"Point","coordinates":[415340.3,5656630.6]}},{"type":"Feature","properties":{"h":25.0,"d":12.0,"a":1,"l":"d","gn":11,"t":45},"geometry":{"type":"Point","coordinates":[415340.3,5657945.9]}},{"type":"Feature","properties":{"h":27.0,"d":15.4,"a":0,"l":"d","gn":4,"t":29},"geometry":{"type":"Point","coordinates":[415340.5,5656690.6]}},{"type":"Feature","properties":{"h":27.0,"d":14.0,"a":1,"l":"d","gn":11,"t":41},"geometry":{"type":"Point","coordinates":[415340.6,5657789.0]}},{"type":"Feature","properties":{"h":27.0,"d":15.4,"a":0,"l":"d","gn":4,"t":41},"geometry":{"type":"Point","coordinates":[415340.7,5656658.5]}},{"type":"Feature","properties":{"h":20.0,"d":11.4,"a":0,"l":"d"},"geometry":{"type":"Point","coordinates":[415340.8,5656872.3]}},{"type":"Feature","properties":{"h":16.0,"d":6.0,"a":2,"l":"d","gn":4,"t":46},"geometry":{"type":"Point","coordinates":[415340.9,5656329.7]}},{"type":"Feature","properties":{"h":32.0,"d":20.0,"a":0,"l":"d","gn":31,"t":120},"geometry":{"type":"Point","coordinates":[415340.9,5657858.1]}},{"type":"Feature","properties":{"h":17.0,"d":5.9,"a":3,"l":"e","t":46},"geometry":{"type":"Point","coordinates":[415340.9,5656712.2]}},{"type":"Feature","properties":{"h":20.0,"d":11.4,"a":0,"l":"d"},"geometry":{"type":"Point","coordinates":[415341.0,5656777.3]}},{"type":"Feature","properties":{"h":20.0,"d":11.4,"a":0,"l":"d"},"geometry":{"type":"Point","coordinates":[415341.0,5656873.5]}},{"type":"Feature","properties":{"h":22.0,"d":14.3,"a":3,"l":"e","t":35},"geometry":{"type":"Point","coordinates":[415341.1,5656783.6]}},{"type":"Feature","properties":{"h":28.0,"d":16.0,"a":0,"l":"d","gn":4,"t":83},"geometry":{"type":"Point","coordinates":[415341.3,5656662.0]}},{"type":"Feature","properties":{"h":20.0,"d":11.4,"a":0,"l":"d"},"geometry":{"type":"Point","coordinates":[415341.3,5656773.4]}},{"type":"Feature","properties":{"h":20.0,"d":11.4,"a":0,"l":"d"},"geometry":{"type":"Point","coordinates":[415341.4,5656639.4]}},{"type":"Feature","properties":{"h":20.0,"d":11.4,"a":0,"l":"d"},"geometry":{"type":"Point","coordinates":[415341.4,5656825.5]}},{"type":"Feature","properties":{"h":20.0,"d":11.4,"a":0,"l":"d"},"geometry":{"type":"Point","coordinates":[415341.5,5656829.5]}},{"type":"Feature","properties":{"h":5.0,"d":2.0,"a":2,"l":"d","gn":9,"t":6},"geometry":{"type":"Point","coordinates":[415341.8,5656312.9]}},{"type":"Feature","properties":{"h":26.0,"d":16.0,"a":0,"l":"d","gn":9,"t":103},"geometry":{"type":"Point","coordinates":[415341.9,5656427.9]}},{"type":"Feature","properties":{"h":16.0,"d":9.1,"a":0,"l":"d","gn":15,"t":17},"geometry":{"type":"Point","coordinates":[415341.9,5656755.2]}},{"type":"Feature","properties":{"h":28.0,"d":16.0,"a":0,"l":"d","gn":1,"t":42},"geometry":{"type":"Point","coordinates":[415342.0,5656801.1]}},{"type":"Feature","properties":{"h":20.0,"d":8.5,"a":0,"l":"d","gn":3,"t":46},"geometry":{"type":"Point","coordinates":[415342.0,5656335.7]}},{"type":"Feature","properties":{"h":20.0,"d":11.4,"a":0,"l":"d"},"geometry":{"type":"Point","coordinates":[415342.2,5656640.6]}},{"type":"Feature","properties":{"h":20.0,"d":11.4,"a":0,"l":"d"},"geometry":{"type":"Point","coordinates":[415342.5,5656848.9]}},{"type":"Feature","properties":{"h":20.0,"d":11.4,"a":0,"l":"d"},"geometry":{"type":"Point","coordinates":[415342.6,5656879.9]}},{"type":"Feature","properties":{"h":20.0,"d":11.4,"a":0,"l":"d"},"geometry":{"type":"Point","coordinates":[415342.6,5656824.1]}},{"type":"Feature","properties":{"h":20.0,"d":11.4,"a":0,"l":"d"},"geometry":{"type":"Point","coordinates":[415342.7,5656845.9]}},{"type":"Feature","properties":{"h":7.0,"d":3.0,"a":1,"l":"d","gn":3,"t":14},"geometry":{"type":"Point","coordinates":[415342.8,5656487.3]}},{"type":"Feature","properties":{"h":15.0,"d":8.6,"a":0,"l":"d","gn":3,"t":18},"geometry":{"type":"Point","coordinates":[415343.3,5656781.3]}},{"type":"Feature","properties":{"h":5.0,"d":2.0,"a":2,"l":"d","gn":9,"t":6},"geometry":{"type":"Point","coordinates":[415343.3,5656320.5]}},{"type":"Feature","properties":{"h":25.0,"d":20.0,"a":1,"l":"d","gn":11,"t":70},"geometry":{"type":"Point","coordinates":[415343.6,5657779.6]}},{"type":"Feature","properties":{"h":7.0,"d":4.0,"a":1,"l":"d","gn":3,"t":17},"geometry":{"type":"Point","coordinates":[415343.8,5656514.0]}},{"type":"Feature","properties":{"h":27.0,"d":15.4,"a":0,"l":"d","gn":4,"t":35},"geometry":{"type":"Point","coordinates":[415343.8,5656690.8]}},{"type":"Feature","properties":{"h":9.0,"d":1.0,"a":0,"l":"d","gn":1,"t":90},"geometry":{"type":"Point","coordinates":[415343.9,5657796.5]}},{"type":"Feature","properties":{"h":21.0,"d":12.0,"a":0,"l":"d","gn":9,"t":74},"geometry":{"type":"Point","coordinates":[415343.9,5656365.8]}},{"type":"Feature","properties":{"h":20.0,"d":11.4,"a":0,"l":"d"},"geometry":{"type":"Point","coordinates":[415344.0,5656868.0]}},{"type":"Feature","properties":{"h":23.0,"d":13.1,"a":0,"l":"d","gn":4,"t":27},"geometry":{"type":"Point","coordinates":[415344.3,5656653.4]}},{"type":"Feature","properties":{"h":27.0,"d":14.0,"a":0,"l":"d","gn":1,"t":83},"geometry":{"type":"Point","coordinates":[415344.4,5657787.3]}},{"type":"Feature","properties":{"h":20.0,"d":11.4,"a":0,"l":"d"},"geometry":{"type":"Point","coordinates":[415344.4,5656628.7]}},{"type":"Feature","properties":{"h":13.0,"d":6.5,"a":1,"l":"d","gn":11,"t":14},"geometry":{"type":"Point","coordinates":[415344.5,5656783.4]}},{"type":"Feature","properties":{"h":30.0,"d":17.1,"a":0,"l":"d","gn":4,"t":50},"geometry":{"type":"Point","coordinates":[415344.7,5656698.1]}},{"type":"Feature","properties":{"h":10.0,"d":8.0,"a":0,"l":"d","gn":9,"t":25},"geometry":{"type":"Point","coordinates":[415344.7,5656402.5]}},{"type":"Feature","properties":{"h":5.0,"d":2.0,"a":2,"l":"d","gn":9,"t":6},"geometry":{"type":"Point","coordinates":[415345.1,5656329.2]}},{"type":"Feature","properties":{"h":22.0,"d":15.0,"a":0,"l":"d","gn":9,"t":81},"geometry":{"type":"Point","coordinates":[415345.2,5656444.6]}},{"type":"Feature","properties":{"h":20.0,"d":11.4,"a":0,"l":"d"},"geometry":{"type":"Point","coordinates":[415345.8,5656607.4]}},{"type":"Feature","properties":{"h":20.0,"d":11.4,"a":0,"l":"d"},"geometry":{"type":"Point","coordinates":[415345.9,5656591.3]}},{"type":"Feature","properties":{"h":16.0,"d":8.0,"a":1,"l":"d","gn":11,"t":12},"geometry":{"type":"Point","coordinates":[415345.9,5656771.1]}},{"type":"Feature","properties":{"h":30.0,"d":12.0,"a":3,"l":"d","gn":35,"t":72},"geometry":{"type":"Point","coordinates":[415346.0,5657852.1]}},{"type":"Feature","properties":{"h":25.0,"d":15.0,"a":1,"l":"d","gn":11,"t":44},"geometry":{"type":"Point","coordinates":[415346.4,5657944.4]}},{"type":"Feature","properties":{"h":20.0,"d":11.4,"a":0,"l":"d"},"geometry":{"type":"Point","coordinates":[415346.5,5656704.2]}},{"type":"Feature","properties":{"h":7.0,"d":3.0,"a":1,"l":"d","gn":3,"t":15},"geometry":{"type":"Point","coordinates":[415346.7,5656483.4]}},{"type":"Feature","properties":{"h":20.0,"d":11.4,"a":0,"l":"d"},"geometry":{"type":"Point","coordinates":[415346.9,5656610.6]}},{"type":"Feature","properties":{"h":14.0,"d":7.0,"a":1,"l":"d","gn":11,"t":32},"geometry":{"type":"Point","coordinates":[415346.9,5656754.8]}},{"type":"Feature","properties":{"h":2.0,"d":2.0,"a":5,"l":"d","t":5},"geometry":{"type":"Point","coordinates":[415347.2,5657712.0]}},{"type":"Feature","properties":{"h":20.0,"d":11.4,"a":0,"l":"d"},"geometry":{"type":"Point","coordinates":[415347.5,5656590.1]}},{"type":"Feature","properties":{"h":20.0,"d":11.4,"a":0,"l":"d"},"geometry":{"type":"Point","coordinates":[415347.6,5656901.5]}},{"type":"Feature","properties":{"h":15.0,"d":8.6,"a":0,"l":"d","gn":4,"t":33},"geometry":{"type":"Point","coordinates":[415347.6,5656753.3]}},{"type":"Feature","properties":{"h":32.0,"d":18.3,"a":0,"l":"d","gn":4,"t":55},"geometry":{"type":"Point","coordinates":[415347.7,5656751.1]}},{"type":"Feature","properties":{"h":16.0,"d":13.0,"a":0,"l":"d","gn":10,"t":62},"geometry":{"type":"Point","coordinates":[415347.9,5657710.9]}},{"type":"Feature","properties":{"h":25.0,"d":12.0,"a":0,"l":"d","gn":3,"t":47},"geometry":{"type":"Point","coordinates":[415348.0,5657943.2]}},{"type":"Feature","properties":{"h":20.0,"d":11.4,"a":0,"l":"d"},"geometry":{"type":"Point","coordinates":[415348.4,5656894.6]}},{"type":"Feature","properties":{"h":25.0,"d":14.3,"a":0,"l":"d","gn":4,"t":43},"geometry":{"type":"Point","coordinates":[415348.6,5656652.9]}},{"type":"Feature","properties":{"h":23.0,"d":13.1,"a":0,"l":"d","gn":1,"t":23},"geometry":{"type":"Point","coordinates":[415348.7,5656708.6]}},{"type":"Feature","properties":{"h":25.0,"d":14.3,"a":0,"l":"d","gn":4,"t":50},"geometry":{"type":"Point","coordinates":[415349.1,5656655.8]}},{"type":"Feature","properties":{"h":17.0,"d":12.0,"a":0,"l":"d","gn":9,"t":52},"geometry":{"type":"Point","coordinates":[415349.1,5657126.3]}},{"type":"Feature","properties":{"h":20.0,"d":11.4,"a":0,"l":"d"},"geometry":{"type":"Point","coordinates":[415349.2,5656912.5]}},{"type":"Feature","properties":{"h":23.0,"d":14.0,"a":0,"l":"d","gn":9,"t":95},"geometry":{"type":"Point","coordinates":[415349.4,5656310.5]}},{"type":"Feature","properties":{"h":27.0,"d":14.0,"a":0,"l":"d","gn":9,"t":113},"geometry":{"type":"Point","coordinates":[415349.4,5656426.9]}},{"type":"Feature","properties":{"h":27.0,"d":15.4,"a":0,"l":"d","gn":4,"t":45},"geometry":{"type":"Point","coordinates":[415349.4,5656651.0]}},{"type":"Feature","properties":{"h":16.0,"d":8.0,"a":0,"l":"d","gn":3,"t":26},"geometry":{"type":"Point","coordinates":[415350.5,5657933.5]}},{"type":"Feature","properties":{"h":25.0,"d":14.3,"a":0,"l":"d","gn":1,"t":34},"geometry":{"type":"Point","coordinates":[415350.5,5656705.6]}},{"type":"Feature","properties":{"h":28.0,"d":16.0,"a":0,"l":"d","gn":4,"t":32},"geometry":{"type":"Point","coordinates":[415350.7,5656695.5]}},{"type":"Feature","properties":{"h":20.0,"d":11.4,"a":0,"l":"d"},"geometry":{"type":"Point","coordinates":[415350.9,5656629.2]}},{"type":"Feature","properties":{"h":13.0,"d":7.4,"a":0,"l":"d","gn":3,"t":13},"geometry":{"type":"Point","coordinates":[415351.2,5656708.0]}},{"type":"Feature","properties":{"h":5.0,"d":2.0,"a":0,"l":"d","gn":3,"t":6},"geometry":{"type":"Point","coordinates":[415351.2,5657922.2]}},{"type":"Feature","properties":{"h":13.0,"d":7.0,"a":0,"l":"d","gn":3,"t":18},"geometry":{"type":"Point","coordinates":[415351.8,5657931.2]}},{"type":"Feature","properties":{"h":20.0,"d":11.4,"a":0,"l":"d","gn":3,"t":19},"geometry":{"type":"Point","coordinates":[415351.8,5656692.9]}},{"type":"Feature","properties":{"h":8.0,"d":5.0,"a":0,"l":"d","gn":3,"t":14},"geometry":{"type":"Point","coordinates":[415351.9,5656520.0]}},{"type":"Feature","properties":{"h":5.0,"d":2.0,"a":0,"l":"d","gn":3,"t":6},"geometry":{"type":"Point","coordinates":[415352.0,5657924.5]}},{"type":"Feature","properties":{"h":20.0,"d":11.4,"a":0,"l":"d"},"geometry":{"type":"Point","coordinates":[415352.1,5656595.8]}},{"type":"Feature","properties":{"h":20.0,"d":11.4,"a":0,"l":"d"},"geometry":{"type":"Point","coordinates":[415352.1,5656613.7]}},{"type":"Feature","properties":{"h":5.0,"d":2.0,"a":0,"l":"d","gn":3,"t":4},"geometry":{"type":"Point","coordinates":[415352.7,5657921.2]}},{"type":"Feature","properties":{"h":23.0,"d":13.0,"a":0,"l":"d","gn":9,"t":84},"geometry":{"type":"Point","coordinates":[415353.0,5656327.5]}},{"type":"Feature","properties":{"h":20.0,"d":11.4,"a":0,"l":"d"},"geometry":{"type":"Point","coordinates":[415353.6,5656604.5]}},{"type":"Feature","properties":{"h":20.0,"d":11.4,"a":0,"l":"d"},"geometry":{"type":"Point","coordinates":[415353.6,5656621.8]}},{"type":"Feature","properties":{"h":27.0,"d":16.0,"a":1,"l":"d","gn":11,"t":52},"geometry":{"type":"Point","coordinates":[415353.7,5657943.1]}},{"type":"Feature","properties":{"h":25.0,"d":14.3,"a":0,"l":"d","gn":1,"t":60},"geometry":{"type":"Point","coordinates":[415354.1,5656700.4]}},{"type":"Feature","properties":{"h":13.0,"d":7.0,"a":0,"l":"d","gn":3,"t":17},"geometry":{"type":"Point","coordinates":[415354.1,5657932.3]}},{"type":"Feature","properties":{"h":20.0,"d":11.4,"a":0,"l":"d"},"geometry":{"type":"Point","coordinates":[415354.3,5656617.2]}},{"type":"Feature","properties":{"h":23.0,"d":15.0,"a":0,"l":"d","gn":9,"t":90},"geometry":{"type":"Point","coordinates":[415354.3,5656352.1]}},{"type":"Feature","properties":{"h":20.0,"d":11.4,"a":0,"l":"d"},"geometry":{"type":"Point","coordinates":[415354.5,5656629.3]}},{"type":"Feature","properties":{"h":26.0,"d":15.0,"a":0,"l":"d","gn":15,"t":115},"geometry":{"type":"Point","coordinates":[415354.8,5657705.1]}},{"type":"Feature","properties":{"h":23.0,"d":13.1,"a":0,"l":"d","gn":3,"t":54},"geometry":{"type":"Point","coordinates":[415355.0,5656692.5]}},{"type":"Feature","properties":{"h":24.0,"d":8.0,"a":0,"l":"d","gn":15,"t":34},"geometry":{"type":"Point","coordinates":[415355.1,5657708.3]}},{"type":"Feature","properties":{"h":5.0,"d":2.0,"a":0,"l":"d","gn":31,"t":6},"geometry":{"type":"Point","coordinates":[415355.5,5657895.7]}},{"type":"Feature","properties":{"h":20.0,"d":11.4,"a":0,"l":"d"},"geometry":{"type":"Point","coordinates":[415356.0,5656631.4]}},{"type":"Feature","properties":{"h":24.0,"d":13.7,"a":0,"l":"d","gn":4,"t":58},"geometry":{"type":"Point","coordinates":[415356.6,5656715.9]}},{"type":"Feature","properties":{"h":23.0,"d":13.1,"a":0,"l":"d","gn":4,"t":29},"geometry":{"type":"Point","coordinates":[415356.8,5656684.0]}},{"type":"Feature","properties":{"h":27.0,"d":15.4,"a":0,"l":"d","gn":4,"t":36},"geometry":{"type":"Point","coordinates":[415357.1,5656660.0]}},{"type":"Feature","properties":{"h":20.0,"d":11.4,"a":0,"l":"d","t":54},"geometry":{"type":"Point","coordinates":[415357.2,5656796.1]}},{"type":"Feature","properties":{"h":21.0,"d":10.5,"a":1,"l":"d","gn":11,"t":86},"geometry":{"type":"Point","coordinates":[415357.3,5656696.7]}},{"type":"Feature","properties":{"h":5.0,"d":2.0,"a":0,"l":"d","gn":31,"t":6},"geometry":{"type":"Point","coordinates":[415357.3,5657899.0]}},{"type":"Feature","properties":{"h":20.0,"d":11.4,"a":0,"l":"d"},"geometry":{"type":"Point","coordinates":[415357.3,5656595.2]}},{"type":"Feature","properties":{"h":18.0,"d":15.0,"a":0,"l":"d","gn":9,"t":110},"geometry":{"type":"Point","coordinates":[415357.7,5656467.4]}},{"type":"Feature","properties":{"h":24.0,"d":13.7,"a":0,"l":"d","gn":3,"t":54},"geometry":{"type":"Point","coordinates":[415358.2,5656705.4]}},{"type":"Feature","properties":{"h":20.0,"d":11.4,"a":0,"l":"d"},"geometry":{"type":"Point","coordinates":[415358.3,5656607.1]}},{"type":"Feature","properties":{"h":20.0,"d":11.4,"a":0,"l":"d"},"geometry":{"type":"Point","coordinates":[415358.3,5656582.5]}},{"type":"Feature","properties":{"h":29.0,"d":16.6,"a":0,"l":"d","gn":4,"t":62},"geometry":{"type":"Point","coordinates":[415358.5,5656639.7]}},{"type":"Feature","properties":{"h":20.0,"d":11.4,"a":0,"l":"d"},"geometry":{"type":"Point","coordinates":[415359.0,5656781.0]}},{"type":"Feature","properties":{"h":26.0,"d":12.0,"a":0,"l":"d","gn":31,"t":47},"geometry":{"type":"Point","coordinates":[415359.1,5657940.2]}},{"type":"Feature","properties":{"h":32.0,"d":18.3,"a":0,"l":"d","gn":4,"t":81},"geometry":{"type":"Point","coordinates":[415359.2,5656680.3]}},{"type":"Feature","properties":{"h":25.0,"d":14.3,"a":0,"l":"d","gn":3,"t":50},"geometry":{"type":"Point","coordinates":[415359.3,5656697.8]}},{"type":"Feature","properties":{"h":20.0,"d":7.0,"a":0,"l":"d","gn":1,"t":32},"geometry":{"type":"Point","coordinates":[415359.6,5657004.5]}},{"type":"Feature","properties":{"h":20.0,"d":11.4,"a":0,"l":"d"},"geometry":{"type":"Point","coordinates":[415359.6,5656603.3]}},{"type":"Feature","properties":{"h":17.0,"d":9.7,"a":0,"l":"d","gn":3,"t":14},"geometry":{"type":"Point","coordinates":[415359.7,5656883.8]}},{"type":"Feature","properties":{"h":21.0,"d":12.0,"a":0,"l":"d","gn":3,"t":20},"geometry":{"type":"Point","coordinates":[415359.8,5656660.4]}},{"type":"Feature","properties":{"h":14.0,"d":8.0,"a":0,"l":"d","gn":4,"t":15},"geometry":{"type":"Point","coordinates":[415359.9,5656663.0]}},{"type":"Feature","properties":{"h":20.0,"d":12.0,"a":0,"l":"d","gn":1,"t":92},"geometry":{"type":"Point","coordinates":[415360.1,5657003.2]}},{"type":"Feature","properties":{"h":20.0,"d":11.4,"a":0,"l":"d"},"geometry":{"type":"Point","coordinates":[415360.1,5656862.2]}},{"type":"Feature","properties":{"h":15.0,"d":8.6,"a":0,"l":"d","gn":3,"t":11},"geometry":{"type":"Point","coordinates":[415360.3,5656884.8]}},{"type":"Feature","properties":{"h":15.0,"d":8.6,"a":0,"l":"d","gn":3,"t":11},"geometry":{"type":"Point","coordinates":[415360.4,5656883.1]}},{"type":"Feature","properties":{"h":20.0,"d":11.4,"a":0,"l":"d"},"geometry":{"type":"Point","coordinates":[415360.4,5656855.0]}},{"type":"Feature","properties":{"h":17.0,"d":9.7,"a":0,"l":"d","gn":3,"t":16},"geometry":{"type":"Point","coordinates":[415360.5,5656885.9]}},{"type":"Feature","properties":{"h":22.0,"d":12.6,"a":0,"l":"d","gn":3,"t":36},"geometry":{"type":"Point","coordinates":[415360.5,5656653.7]}},{"type":"Feature","properties":{"h":20.0,"d":11.4,"a":0,"l":"d"},"geometry":{"type":"Point","coordinates":[415360.8,5656794.2]}},{"type":"Feature","properties":{"h":20.0,"d":11.4,"a":0,"l":"d"},"geometry":{"type":"Point","coordinates":[415361.0,5656822.1]}},{"type":"Feature","properties":{"h":4.0,"d":1.0,"a":0,"l":"d","gn":31,"t":5},"geometry":{"type":"Point","coordinates":[415361.0,5657897.3]}},{"type":"Feature","properties":{"h":23.0,"d":13.1,"a":0,"l":"d","gn":1,"t":37},"geometry":{"type":"Point","coordinates":[415361.3,5656895.1]}},{"type":"Feature","properties":{"h":20.0,"d":11.0,"a":0,"l":"d","gn":1,"t":50},"geometry":{"type":"Point","coordinates":[415361.9,5657716.1]}},{"type":"Feature","properties":{"h":21.0,"d":12.0,"a":0,"l":"d","gn":1,"t":35},"geometry":{"type":"Point","coordinates":[415362.0,5656664.2]}},{"type":"Feature","properties":{"h":24.0,"d":14.4,"a":5,"l":"d","gn":8,"t":38},"geometry":{"type":"Point","coordinates":[415362.1,5656702.9]}},{"type":"Feature","properties":{"h":22.0,"d":12.6,"a":0,"l":"d","gn":10,"t":33},"geometry":{"type":"Point","coordinates":[415362.2,5656899.7]}},{"type":"Feature","properties":{"h":5.0,"d":6.0,"a":5,"l":"d","gn":17,"t":14},"geometry":{"type":"Point","coordinates":[415362.3,5657730.0]}},{"type":"Feature","properties":{"h":17.0,"d":9.7,"a":0,"l":"d","gn":3,"t":20},"geometry":{"type":"Point","coordinates":[415362.5,5656688.2]}},{"type":"Feature","properties":{"h":23.0,"d":13.1,"a":0,"l":"d","gn":3,"t":55},"geometry":{"type":"Point","coordinates":[415362.5,5656652.2]}},{"type":"Feature","properties":{"h":24.0,"d":13.7,"a":0,"l":"d","gn":4,"t":36},"geometry":{"type":"Point","coordinates":[415362.7,5656698.0]}},{"type":"Feature","properties":{"h":26.0,"d":14.0,"a":0,"l":"d","gn":1,"t":162},"geometry":{"type":"Point","coordinates":[415362.7,5657011.0]}},{"type":"Feature","properties":{"h":20.0,"d":11.4,"a":0,"l":"d"},"geometry":{"type":"Point","coordinates":[415362.8,5656775.8]}},{"type":"Feature","properties":{"h":20.0,"d":11.4,"a":0,"l":"d"},"geometry":{"type":"Point","coordinates":[415362.9,5656756.7]}},{"type":"Feature","properties":{"h":40.0,"d":26.3,"a":0,"l":"d","gn":3,"t":38},"geometry":{"type":"Point","coordinates":[415363.4,5656702.7]}},{"type":"Feature","properties":{"h":17.0,"d":9.7,"a":0,"l":"d","gn":3,"t":16},"geometry":{"type":"Point","coordinates":[415363.4,5656888.9]}},{"type":"Feature","properties":{"h":20.0,"d":11.4,"a":0,"l":"d"},"geometry":{"type":"Point","coordinates":[415363.6,5656765.8]}},{"type":"Feature","properties":{"h":16.0,"d":9.1,"a":0,"l":"d","gn":3,"t":14},"geometry":{"type":"Point","coordinates":[415363.6,5656693.8]}},{"type":"Feature","properties":{"h":27.0,"d":15.4,"a":0,"l":"d","gn":4,"t":52},"geometry":{"type":"Point","coordinates":[415363.8,5656665.4]}},{"type":"Feature","properties":{"h":20.0,"d":11.4,"a":0,"l":"d"},"geometry":{"type":"Point","coordinates":[415364.0,5656782.0]}},{"type":"Feature","properties":{"h":35.0,"d":17.0,"a":0,"l":"d","gn":31,"t":120},"geometry":{"type":"Point","coordinates":[415364.2,5657890.3]}},{"type":"Feature","properties":{"h":20.0,"d":11.4,"a":0,"l":"d","t":38},"geometry":{"type":"Point","coordinates":[415364.2,5656595.7]}},{"type":"Feature","properties":{"h":35.0,"d":20.0,"a":0,"l":"d","gn":7,"t":130},"geometry":{"type":"Point","coordinates":[415364.2,5657658.2]}},{"type":"Feature","properties":{"h":20.0,"d":11.4,"a":0,"l":"d"},"geometry":{"type":"Point","coordinates":[415364.3,5656602.2]}},{"type":"Feature","properties":{"h":14.0,"d":8.0,"a":0,"l":"d","gn":4,"t":17},"geometry":{"type":"Point","coordinates":[415364.3,5656690.1]}},{"type":"Feature","properties":{"h":16.0,"d":9.1,"a":0,"l":"d","gn":3,"t":28},"geometry":{"type":"Point","coordinates":[415364.4,5656899.7]}},{"type":"Feature","properties":{"h":16.0,"d":11.0,"a":0,"l":"d","gn":9,"t":49},"geometry":{"type":"Point","coordinates":[415364.4,5657122.1]}},{"type":"Feature","properties":{"h":17.0,"d":9.7,"a":0,"l":"d","gn":3,"t":15},"geometry":{"type":"Point","coordinates":[415364.5,5656888.1]}},{"type":"Feature","properties":{"h":20.0,"d":11.4,"a":0,"l":"d"},"geometry":{"type":"Point","coordinates":[415364.5,5656619.2]}},{"type":"Feature","properties":{"h":22.0,"d":18.0,"a":1,"l":"d","gn":11,"t":83},"geometry":{"type":"Point","coordinates":[415364.5,5657768.2]}},{"type":"Feature","properties":{"h":24.0,"d":15.0,"a":0,"l":"d","gn":7,"t":78},"geometry":{"type":"Point","coordinates":[415364.6,5657653.9]}},{"type":"Feature","properties":{"h":24.0,"d":13.7,"a":0,"l":"d","gn":4,"t":38},"geometry":{"type":"Point","coordinates":[415364.6,5656673.1]}},{"type":"Feature","properties":{"h":20.0,"d":11.4,"a":0,"l":"d"},"geometry":{"type":"Point","coordinates":[415364.7,5656617.6]}},{"type":"Feature","properties":{"h":20.0,"d":11.4,"a":0,"l":"d"},"geometry":{"type":"Point","coordinates":[415364.9,5656587.8]}},{"type":"Feature","properties":{"h":20.0,"d":11.4,"a":0,"l":"d"},"geometry":{"type":"Point","coordinates":[415365.0,5656856.0]}},{"type":"Feature","properties":{"h":20.0,"d":11.4,"a":0,"l":"d","t":45},"geometry":{"type":"Point","coordinates":[415365.0,5656598.8]}},{"type":"Feature","properties":{"h":5.0,"d":2.0,"a":0,"l":"d","gn":1,"t":12},"geometry":{"type":"Point","coordinates":[415365.1,5656135.9]}},{"type":"Feature","properties":{"h":20.0,"d":11.4,"a":0,"l":"d"},"geometry":{"type":"Point","coordinates":[415365.4,5656583.9]}},{"type":"Feature","properties":{"h":20.0,"d":11.4,"a":0,"l":"d"},"geometry":{"type":"Point","coordinates":[415365.9,5656770.4]}},{"type":"Feature","properties":{"h":23.0,"d":12.0,"a":0,"l":"d","gn":1,"t":38},"geometry":{"type":"Point","coordinates":[415365.9,5657666.9]}},{"type":"Feature","properties":{"h":20.0,"d":11.4,"a":0,"l":"d"},"geometry":{"type":"Point","coordinates":[415366.1,5656800.9]}},{"type":"Feature","properties":{"h":27.0,"d":15.4,"a":0,"l":"d","gn":4,"t":52},"geometry":{"type":"Point","coordinates":[415366.2,5656909.5]}},{"type":"Feature","properties":{"h":26.0,"d":14.0,"a":0,"l":"d","gn":15,"t":65},"geometry":{"type":"Point","coordinates":[415366.3,5657698.9]}},{"type":"Feature","properties":{"h":28.0,"d":12.0,"a":0,"l":"d","gn":7,"t":60},"geometry":{"type":"Point","coordinates":[415366.4,5657930.3]}},{"type":"Feature","properties":{"h":20.0,"d":11.4,"a":0,"l":"d"},"geometry":{"type":"Point","coordinates":[415366.5,5656621.2]}},{"type":"Feature","properties":{"h":24.0,"d":8.0,"a":0,"l":"d","gn":3,"t":45},"geometry":{"type":"Point","coordinates":[415366.9,5657904.8]}},{"type":"Feature","properties":{"h":20.0,"d":11.4,"a":0,"l":"d"},"geometry":{"type":"Point","coordinates":[415367.1,5656738.9]}},{"type":"Feature","properties":{"h":20.0,"d":11.4,"a":0,"l":"d"},"geometry":{"type":"Point","coordinates":[415367.2,5656837.8]}},{"type":"Feature","properties":{"h":20.0,"d":11.4,"a":0,"l":"d"},"geometry":{"type":"Point","coordinates":[415367.5,5656606.8]}},{"type":"Feature","properties":{"h":22.0,"d":10.0,"a":0,"l":"d","gn":4,"t":40},"geometry":{"type":"Point","coordinates":[415367.5,5657043.5]}},{"type":"Feature","properties":{"h":25.0,"d":9.0,"a":0,"l":"d","gn":1,"t":31},"geometry":{"type":"Point","coordinates":[415367.6,5657667.7]}},{"type":"Feature","properties":{"h":20.0,"d":11.4,"a":0,"l":"d","t":70},"geometry":{"type":"Point","coordinates":[415367.7,5656792.5]}},{"type":"Feature","properties":{"h":22.0,"d":12.6,"a":0,"l":"d","gn":15,"t":49},"geometry":{"type":"Point","coordinates":[415367.8,5656909.3]}},{"type":"Feature","properties":{"h":7.0,"d":3.0,"a":1,"l":"d","gn":3,"t":15},"geometry":{"type":"Point","coordinates":[415367.8,5656479.7]}},{"type":"Feature","properties":{"h":4.0,"d":3.0,"a":5,"l":"d","gn":12,"t":6},"geometry":{"type":"Point","coordinates":[415367.9,5657648.2]}},{"type":"Feature","properties":{"h":26.0,"d":17.0,"a":1,"l":"d","gn":11,"t":55},"geometry":{"type":"Point","coordinates":[415368.0,5657776.8]}},{"type":"Feature","properties":{"h":20.0,"d":11.4,"a":0,"l":"d"},"geometry":{"type":"Point","coordinates":[415368.2,5656741.3]}},{"type":"Feature","properties":{"h":20.0,"d":11.4,"a":0,"l":"d"},"geometry":{"type":"Point","coordinates":[415368.4,5656804.6]}},{"type":"Feature","properties":{"h":25.0,"d":14.3,"a":0,"l":"d","gn":3,"t":48},"geometry":{"type":"Point","coordinates":[415368.5,5656649.8]}},{"type":"Feature","properties":{"h":13.0,"d":7.4,"a":0,"l":"d","gn":3,"t":49},"geometry":{"type":"Point","coordinates":[415368.6,5656668.6]}},{"type":"Feature","properties":{"h":14.0,"d":8.5,"a":0,"l":"d","gn":1,"t":23},"geometry":{"type":"Point","coordinates":[415368.8,5657050.1]}},{"type":"Feature","properties":{"h":20.0,"d":11.4,"a":0,"l":"d","t":39},"geometry":{"type":"Point","coordinates":[415368.8,5656601.8]}},{"type":"Feature","properties":{"h":33.0,"d":18.0,"a":0,"l":"d","gn":10,"t":85},"geometry":{"type":"Point","coordinates":[415369.0,5657675.2]}},{"type":"Feature","properties":{"h":20.0,"d":11.4,"a":0,"l":"d","t":33},"geometry":{"type":"Point","coordinates":[415369.2,5656621.9]}},{"type":"Feature","properties":{"h":25.0,"d":14.3,"a":0,"l":"d","gn":1,"t":36},"geometry":{"type":"Point","coordinates":[415369.3,5656650.5]}},{"type":"Feature","properties":{"h":12.0,"d":13.0,"a":0,"l":"d","gn":7,"t":42},"geometry":{"type":"Point","coordinates":[415369.6,5657650.1]}},{"type":"Feature","properties":{"h":20.0,"d":11.4,"a":0,"l":"d"},"geometry":{"type":"Point","coordinates":[415369.6,5656780.1]}},{"type":"Feature","properties":{"h":14.0,"d":13.0,"a":0,"l":"d","gn":31,"t":19},"geometry":{"type":"Point","coordinates":[415369.8,5657907.3]}},{"type":"Feature","properties":{"h":16.0,"d":8.0,"a":0,"l":"d","gn":10,"t":75},"geometry":{"type":"Point","coordinates":[415369.9,5657698.3]}},{"type":"Feature","properties":{"h":20.0,"d":4.5,"a":0,"l":"d","gn":1,"t":23},"geometry":{"type":"Point","coordinates":[415370.1,5657056.3]}},{"type":"Feature","properties":{"h":21.0,"d":13.0,"a":0,"l":"d","gn":1,"t":63},"geometry":{"type":"Point","coordinates":[415370.1,5657706.0]}},{"type":"Feature","properties":{"h":23.0,"d":13.1,"a":0,"l":"d","gn":4,"t":19},"geometry":{"type":"Point","coordinates":[415370.2,5656641.3]}},{"type":"Feature","properties":{"h":35.0,"d":20.0,"a":0,"l":"d","gn":7,"t":100},"geometry":{"type":"Point","coordinates":[415370.3,5657663.8]}},{"type":"Feature","properties":{"h":22.0,"d":10.0,"a":0,"l":"d","gn":1,"t":31},"geometry":{"type":"Point","coordinates":[415370.3,5657060.3]}},{"type":"Feature","properties":{"h":8.0,"d":5.0,"a":0,"l":"d","gn":3,"t":21},"geometry":{"type":"Point","coordinates":[415370.3,5656519.1]}},{"type":"Feature","properties":{"h":8.0,"d":10.0,"a":0,"l":"d","gn":15,"t":32},"geometry":{"type":"Point","coordinates":[415370.5,5657686.5]}},{"type":"Feature","properties":{"h":30.0,"d":12.0,"a":0,"l":"d","gn":7,"t":90},"geometry":{"type":"Point","coordinates":[415370.6,5657650.9]}},{"type":"Feature","properties":{"h":26.0,"d":17.0,"a":1,"l":"d","gn":11,"t":66},"geometry":{"type":"Point","coordinates":[415370.7,5657778.9]}},{"type":"Feature","properties":{"h":27.0,"d":15.4,"a":0,"l":"d","gn":4,"t":34},"geometry":{"type":"Point","coordinates":[415370.8,5656643.3]}},{"type":"Feature","properties":{"h":25.0,"d":16.0,"a":1,"l":"d","gn":11,"t":66},"geometry":{"type":"Point","coordinates":[415371.1,5657786.1]}},{"type":"Feature","properties":{"h":19.0,"d":10.0,"a":0,"l":"d","gn":31,"t":30},"geometry":{"type":"Point","coordinates":[415371.1,5657937.7]}},{"type":"Feature","properties":{"h":25.0,"d":10.0,"a":0,"l":"d","gn":1,"t":35},"geometry":{"type":"Point","coordinates":[415371.7,5657668.4]}},{"type":"Feature","properties":{"h":30.0,"d":8.0,"a":0,"l":"d","gn":3,"t":54},"geometry":{"type":"Point","coordinates":[415371.8,5657891.3]}},{"type":"Feature","properties":{"h":20.0,"d":11.4,"a":0,"l":"d"},"geometry":{"type":"Point","coordinates":[415372.0,5656859.8]}},{"type":"Feature","properties":{"h":20.0,"d":11.4,"a":0,"l":"d"},"geometry":{"type":"Point","coordinates":[415372.0,5656776.2]}},{"type":"Feature","properties":{"h":16.0,"d":12.0,"a":0,"l":"d","gn":9,"t":45},"geometry":{"type":"Point","coordinates":[415372.0,5657119.7]}},{"type":"Feature","properties":{"h":18.0,"d":5.5,"a":0,"l":"d","gn":3,"t":26},"geometry":{"type":"Point","coordinates":[415372.1,5657062.8]}},{"type":"Feature","properties":{"h":20.0,"d":10.0,"a":0,"l":"d","gn":1,"t":43},"geometry":{"type":"Point","coordinates":[415372.1,5657066.3]}},{"type":"Feature","properties":{"h":25.0,"d":12.0,"a":0,"l":"d","gn":1,"t":57},"geometry":{"type":"Point","coordinates":[415372.2,5657687.3]}},{"type":"Feature","properties":{"h":24.0,"d":8.0,"a":0,"l":"d","gn":1,"t":42},"geometry":{"type":"Point","coordinates":[415372.4,5657681.4]}},{"type":"Feature","properties":{"h":20.0,"d":11.4,"a":0,"l":"d","t":42},"geometry":{"type":"Point","coordinates":[415372.4,5656795.3]}},{"type":"Feature","properties":{"h":15.0,"d":10.0,"a":0,"l":"d","gn":1,"t":40},"geometry":{"type":"Point","coordinates":[415372.4,5657009.0]}},{"type":"Feature","properties":{"h":21.0,"d":12.0,"a":0,"l":"d","gn":7,"t":32},"geometry":{"type":"Point","coordinates":[415372.4,5656880.7]}},{"type":"Feature","properties":{"h":27.0,"d":17.0,"a":0,"l":"d","gn":7,"t":82},"geometry":{"type":"Point","coordinates":[415373.1,5657643.0]}},{"type":"Feature","properties":{"h":20.0,"d":11.4,"a":0,"l":"d"},"geometry":{"type":"Point","coordinates":[415373.2,5656785.8]}},{"type":"Feature","properties":{"h":20.0,"d":11.4,"a":0,"l":"d"},"geometry":{"type":"Point","coordinates":[415373.3,5656789.6]}},{"type":"Feature","properties":{"h":8.0,"d":4.0,"a":1,"l":"d","gn":11,"t":20},"geometry":{"type":"Point","coordinates":[415373.4,5656905.4]}},{"type":"Feature","properties":{"h":9.0,"d":5.0,"a":5,"l":"d","gn":12,"t":50},"geometry":{"type":"Point","coordinates":[415373.6,5657071.6]}},{"type":"Feature","properties":{"h":32.0,"d":14.0,"a":1,"l":"d","gn":22,"t":76},"geometry":{"type":"Point","coordinates":[415373.7,5657914.8]}},{"type":"Feature","properties":{"h":7.0,"d":4.0,"a":1,"l":"d","gn":3,"t":14},"geometry":{"type":"Point","coordinates":[415373.8,5656483.1]}},{"type":"Feature","properties":{"h":7.0,"d":3.0,"a":0,"l":"d","gn":31,"t":7},"geometry":{"type":"Point","coordinates":[415373.8,5657925.7]}},{"type":"Feature","properties":{"h":13.0,"d":10.0,"a":0,"l":"d","gn":1,"t":33},"geometry":{"type":"Point","coordinates":[415373.9,5657016.7]}},{"type":"Feature","properties":{"h":26.0,"d":21.0,"a":1,"l":"d","gn":11,"t":135},"geometry":{"type":"Point","coordinates":[415373.9,5657887.8]}},{"type":"Feature","properties":{"h":22.0,"d":10.0,"a":0,"l":"d","gn":1,"t":29},"geometry":{"type":"Point","coordinates":[415373.9,5657674.3]}},{"type":"Feature","properties":{"h":20.0,"d":11.4,"a":0,"l":"d"},"geometry":{"type":"Point","coordinates":[415374.3,5656799.0]}},{"type":"Feature","properties":{"h":24.0,"d":8.0,"a":0,"l":"d","gn":1,"t":36},"geometry":{"type":"Point","coordinates":[415374.4,5657675.5]}},{"type":"Feature","properties":{"h":26.0,"d":16.0,"a":1,"l":"d","gn":11,"t":61},"geometry":{"type":"Point","coordinates":[415374.4,5657773.8]}},{"type":"Feature","properties":{"h":30.0,"d":15.0,"a":0,"l":"d","gn":7,"t":68},"geometry":{"type":"Point","coordinates":[415374.7,5657654.0]}},{"type":"Feature","properties":{"h":10.0,"d":7.0,"a":0,"l":"d","gn":1,"t":12},"geometry":{"type":"Point","coordinates":[415374.7,5657659.5]}},{"type":"Feature","properties":{"h":16.0,"d":6.0,"a":0,"l":"d","gn":3,"t":47},"geometry":{"type":"Point","coordinates":[415374.8,5657697.8]}},{"type":"Feature","properties":{"h":20.0,"d":11.4,"a":0,"l":"d"},"geometry":{"type":"Point","coordinates":[415374.9,5656814.6]}},{"type":"Feature","properties":{"h":20.0,"d":11.4,"a":0,"l":"d"},"geometry":{"type":"Point","coordinates":[415375.1,5656732.3]}},{"type":"Feature","properties":{"h":20.0,"d":11.4,"a":0,"l":"d"},"geometry":{"type":"Point","coordinates":[415375.2,5656773.6]}},{"type":"Feature","properties":{"h":15.0,"d":10.0,"a":0,"l":"d","gn":1,"t":49},"geometry":{"type":"Point","coordinates":[415375.2,5657024.4]}},{"type":"Feature","properties":{"h":28.0,"d":15.0,"a":0,"l":"d","gn":15,"t":85},"geometry":{"type":"Point","coordinates":[415375.3,5657683.3]}},{"type":"Feature","properties":{"h":20.0,"d":11.4,"a":0,"l":"d"},"geometry":{"type":"Point","coordinates":[415375.3,5656826.8]}},{"type":"Feature","properties":{"h":20.0,"d":8.0,"a":0,"l":"d","gn":1,"t":29},"geometry":{"type":"Point","coordinates":[415375.3,5657678.2]}},{"type":"Feature","properties":{"h":20.0,"d":11.4,"a":0,"l":"d"},"geometry":{"type":"Point","coordinates":[415375.5,5656780.7]}},{"type":"Feature","properties":{"h":20.0,"d":11.4,"a":0,"l":"d","t":110},"geometry":{"type":"Point","coordinates":[415375.9,5656814.9]}},{"type":"Feature","properties":{"h":17.0,"d":10.0,"a":0,"l":"d","gn":1,"t":46},"geometry":{"type":"Point","coordinates":[415376.0,5657090.9]}},{"type":"Feature","properties":{"h":20.0,"d":11.4,"a":0,"l":"d"},"geometry":{"type":"Point","coordinates":[415376.4,5656793.2]}},{"type":"Feature","properties":{"h":7.0,"d":3.0,"a":0,"l":"d","gn":31,"t":7},"geometry":{"type":"Point","coordinates":[415376.5,5657924.8]}},{"type":"Feature","properties":{"h":15.0,"d":10.5,"a":0,"l":"d","gn":1,"t":40},"geometry":{"type":"Point","coordinates":[415376.8,5657032.7]}},{"type":"Feature","properties":{"h":19.0,"d":10.9,"a":0,"l":"d","gn":31,"t":46},"geometry":{"type":"Point","coordinates":[415377.1,5656890.8]}},{"type":"Feature","properties":{"h":8.0,"d":6.0,"a":0,"l":"d","gn":3,"t":19},"geometry":{"type":"Point","coordinates":[415377.4,5656513.1]}},{"type":"Feature","properties":{"h":18.0,"d":11.0,"a":0,"l":"d","gn":1,"t":63},"geometry":{"type":"Point","coordinates":[415377.6,5657097.5]}},{"type":"Feature","properties":{"h":18.0,"d":13.0,"a":0,"l":"d","gn":31,"t":36},"geometry":{"type":"Point","coordinates":[415377.7,5657933.7]}},{"type":"Feature","properties":{"h":22.0,"d":12.6,"a":0,"l":"d","gn":3,"t":33},"geometry":{"type":"Point","coordinates":[415377.7,5656880.3]}},{"type":"Feature","properties":{"h":25.0,"d":12.0,"a":0,"l":"d","gn":3,"t":57},"geometry":{"type":"Point","coordinates":[415377.8,5657866.4]}},{"type":"Feature","properties":{"h":20.0,"d":11.4,"a":0,"l":"d"},"geometry":{"type":"Point","coordinates":[415377.8,5656727.0]}},{"type":"Feature","properties":{"h":20.0,"d":11.4,"a":0,"l":"d"},"geometry":{"type":"Point","coordinates":[415378.0,5656758.8]}},{"type":"Feature","properties":{"h":10.0,"d":6.0,"a":0,"l":"d","gn":1,"t":12},"geometry":{"type":"Point","coordinates":[415378.1,5657857.1]}},{"type":"Feature","properties":{"h":11.0,"d":8.5,"a":0,"l":"d","gn":1,"t":38},"geometry":{"type":"Point","coordinates":[415378.3,5657040.6]}},{"type":"Feature","properties":{"h":20.0,"d":11.4,"a":0,"l":"d"},"geometry":{"type":"Point","coordinates":[415379.0,5656705.1]}},{"type":"Feature","properties":{"h":20.0,"d":9.5,"a":0,"l":"d","gn":1,"t":46},"geometry":{"type":"Point","coordinates":[415379.1,5657102.9]}},{"type":"Feature","properties":{"h":20.0,"d":11.4,"a":0,"l":"d"},"geometry":{"type":"Point","coordinates":[415379.1,5656740.8]}},{"type":"Feature","properties":{"h":25.0,"d":14.0,"a":0,"l":"d","gn":1,"t":41},"geometry":{"type":"Point","coordinates":[415379.2,5657699.1]}},{"type":"Feature","properties":{"h":20.0,"d":11.4,"a":0,"l":"d"},"geometry":{"type":"Point","coordinates":[415379.7,5656751.1]}},{"type":"Feature","properties":{"h":15.0,"d":12.0,"a":0,"l":"d","gn":1,"t":43},"geometry":{"type":"Point","coordinates":[415379.9,5657048.7]}},{"type":"Feature","properties":{"h":32.0,"d":16.0,"a":0,"l":"d","gn":31,"t":60},"geometry":{"type":"Point","coordinates":[415379.9,5657916.1]}},{"type":"Feature","properties":{"h":15.0,"d":6.0,"a":0,"l":"d","gn":3,"t":20},"geometry":{"type":"Point","coordinates":[415380.1,5657777.1]}},{"type":"Feature","properties":{"h":35.0,"d":22.0,"a":0,"l":"d","gn":4,"t":97},"geometry":{"type":"Point","coordinates":[415380.4,5657662.5]}},{"type":"Feature","properties":{"h":15.0,"d":6.0,"a":0,"l":"d","gn":3,"t":12},"geometry":{"type":"Point","coordinates":[415380.5,5657931.5]}},{"type":"Feature","properties":{"h":8.0,"d":7.0,"a":1,"l":"d","gn":11,"t":14},"geometry":{"type":"Point","coordinates":[415380.9,5657658.6]}},{"type":"Feature","properties":{"h":16.0,"d":9.5,"a":0,"l":"d","gn":3,"t":112},"geometry":{"type":"Point","coordinates":[415381.0,5657111.2]}},{"type":"Feature","properties":{"h":13.0,"d":8.5,"a":0,"l":"d","gn":1,"t":42},"geometry":{"type":"Point","coordinates":[415381.3,5657057.2]}},{"type":"Feature","properties":{"h":8.0,"d":11.0,"a":0,"l":"d","gn":15,"t":21},"geometry":{"type":"Point","coordinates":[415381.3,5657682.6]}},{"type":"Feature","properties":{"h":20.0,"d":11.4,"a":0,"l":"d","t":65},"geometry":{"type":"Point","coordinates":[415381.4,5656594.5]}},{"type":"Feature","properties":{"h":30.0,"d":12.0,"a":0,"l":"d","gn":7,"t":64},"geometry":{"type":"Point","coordinates":[415381.7,5657652.7]}},{"type":"Feature","properties":{"h":17.0,"d":8.5,"a":1,"l":"d","gn":11,"t":32},"geometry":{"type":"Point","coordinates":[415381.8,5656883.0]}},{"type":"Feature","properties":{"h":24.0,"d":9.0,"a":0,"l":"d","gn":1,"t":45},"geometry":{"type":"Point","coordinates":[415381.9,5657678.8]}},{"type":"Feature","properties":{"h":25.0,"d":14.0,"a":0,"l":"d","gn":3,"t":53},"geometry":{"type":"Point","coordinates":[415381.9,5657866.2]}},{"type":"Feature","properties":{"h":21.0,"d":13.0,"a":0,"l":"d","gn":3,"t":78},"geometry":{"type":"Point","coordinates":[415382.1,5656132.3]}},{"type":"Feature","properties":{"h":20.0,"d":11.4,"a":0,"l":"d","t":67},"geometry":{"type":"Point","coordinates":[415382.6,5656598.4]}},{"type":"Feature","properties":{"h":20.0,"d":11.4,"a":0,"l":"d"},"geometry":{"type":"Point","coordinates":[415382.8,5656863.6]}},{"type":"Feature","properties":{"h":20.0,"d":11.4,"a":0,"l":"d"},"geometry":{"type":"Point","coordinates":[415383.0,5656731.4]}},{"type":"Feature","properties":{"h":20.0,"d":11.4,"a":0,"l":"d"},"geometry":{"type":"Point","coordinates":[415383.0,5656855.1]}},{"type":"Feature","properties":{"h":20.0,"d":11.4,"a":0,"l":"d"},"geometry":{"type":"Point","coordinates":[415383.0,5656804.7]}},{"type":"Feature","properties":{"h":28.0,"d":16.0,"a":0,"l":"d","gn":4,"t":62},"geometry":{"type":"Point","coordinates":[415383.1,5656874.7]}},{"type":"Feature","properties":{"h":20.0,"d":11.4,"a":0,"l":"d"},"geometry":{"type":"Point","coordinates":[415383.1,5656580.5]}},{"type":"Feature","properties":{"h":29.0,"d":19.0,"a":0,"l":"d","gn":31,"t":52},"geometry":{"type":"Point","coordinates":[415383.6,5657910.0]}},{"type":"Feature","properties":{"h":21.0,"d":12.0,"a":0,"l":"d","gn":3,"t":74},"geometry":{"type":"Point","coordinates":[415383.8,5656139.9]}},{"type":"Feature","properties":{"h":11.0,"d":9.0,"a":0,"l":"d","gn":1,"t":34},"geometry":{"type":"Point","coordinates":[415383.8,5657069.4]}},{"type":"Feature","properties":{"h":20.0,"d":11.4,"a":0,"l":"d","t":61},"geometry":{"type":"Point","coordinates":[415384.0,5656590.1]}},{"type":"Feature","properties":{"h":30.0,"d":15.0,"a":0,"l":"d","gn":4,"t":58},"geometry":{"type":"Point","coordinates":[415384.0,5657670.0]}},{"type":"Feature","properties":{"h":22.0,"d":15.0,"a":1,"l":"d","gn":11,"t":35},"geometry":{"type":"Point","coordinates":[415384.1,5657933.9]}},{"type":"Feature","properties":{"h":24.0,"d":11.0,"a":0,"l":"d","gn":3,"t":34},"geometry":{"type":"Point","coordinates":[415384.2,5657926.9]}},{"type":"Feature","properties":{"h":20.0,"d":11.4,"a":0,"l":"d"},"geometry":{"type":"Point","coordinates":[415384.2,5656647.6]}},{"type":"Feature","properties":{"h":20.0,"d":11.4,"a":0,"l":"d"},"geometry":{"type":"Point","coordinates":[415384.4,5656662.0]}},{"type":"Feature","properties":{"h":20.0,"d":11.4,"a":0,"l":"d"},"geometry":{"type":"Point","coordinates":[415384.5,5656622.7]}},{"type":"Feature","properties":{"h":20.0,"d":11.4,"a":0,"l":"d"},"geometry":{"type":"Point","coordinates":[415384.7,5656678.7]}},{"type":"Feature","properties":{"h":20.0,"d":11.4,"a":0,"l":"d"},"geometry":{"type":"Point","coordinates":[415384.7,5656658.4]}},{"type":"Feature","properties":{"h":20.0,"d":11.4,"a":0,"l":"d"},"geometry":{"type":"Point","coordinates":[415384.8,5656664.3]}},{"type":"Feature","properties":{"h":20.0,"d":11.4,"a":0,"l":"d"},"geometry":{"type":"Point","coordinates":[415384.9,5656614.2]}},{"type":"Feature","properties":{"h":21.0,"d":10.0,"a":0,"l":"d","gn":3,"t":30},"geometry":{"type":"Point","coordinates":[415384.9,5657777.4]}},{"type":"Feature","properties":{"h":16.0,"d":8.0,"a":0,"l":"d","gn":3,"t":22},"geometry":{"type":"Point","coordinates":[415385.1,5657857.0]}},{"type":"Feature","properties":{"h":16.0,"d":8.0,"a":0,"l":"d","gn":3,"t":25},"geometry":{"type":"Point","coordinates":[415385.1,5657861.2]}},{"type":"Feature","properties":{"h":20.0,"d":11.4,"a":0,"l":"d"},"geometry":{"type":"Point","coordinates":[415385.3,5656627.9]}},{"type":"Feature","properties":{"h":15.0,"d":12.0,"a":0,"l":"d","gn":1,"t":43},"geometry":{"type":"Point","coordinates":[415385.3,5657078.0]}},{"type":"Feature","properties":{"h":20.0,"d":11.4,"a":0,"l":"d"},"geometry":{"type":"Point","coordinates":[415385.5,5656585.9]}},{"type":"Feature","properties":{"h":13.0,"d":8.0,"a":0,"l":"d","gn":3,"t":26},"geometry":{"type":"Point","coordinates":[415385.7,5657788.7]}},{"type":"Feature","properties":{"h":20.0,"d":11.4,"a":0,"l":"d"},"geometry":{"type":"Point","coordinates":[415386.5,5656653.5]}},{"type":"Feature","properties":{"h":20.0,"d":11.4,"a":0,"l":"d"},"geometry":{"type":"Point","coordinates":[415386.6,5656612.8]}},{"type":"Feature","properties":{"h":20.0,"d":11.4,"a":0,"l":"d"},"geometry":{"type":"Point","coordinates":[415386.7,5656625.3]}},{"type":"Feature","properties":{"h":20.0,"d":11.4,"a":0,"l":"d"},"geometry":{"type":"Point","coordinates":[415386.8,5656607.4]}},{"type":"Feature","properties":{"h":21.0,"d":9.0,"a":0,"l":"d","gn":3,"t":68},"geometry":{"type":"Point","coordinates":[415386.8,5657690.6]}},{"type":"Feature","properties":{"h":15.0,"d":10.0,"a":0,"l":"d","gn":1,"t":47},"geometry":{"type":"Point","coordinates":[415386.9,5657086.1]}},{"type":"Feature","properties":{"h":20.0,"d":11.4,"a":0,"l":"d"},"geometry":{"type":"Point","coordinates":[415387.3,5656680.8]}},{"type":"Feature","properties":{"h":6.0,"d":2.0,"a":0,"l":"d","gn":3,"t":7},"geometry":{"type":"Point","coordinates":[415387.3,5657916.3]}},{"type":"Feature","properties":{"h":20.0,"d":11.4,"a":0,"l":"d"},"geometry":{"type":"Point","coordinates":[415387.4,5656640.8]}},{"type":"Feature","properties":{"h":20.0,"d":11.4,"a":0,"l":"d"},"geometry":{"type":"Point","coordinates":[415387.4,5656579.7]}},{"type":"Feature","properties":{"h":20.0,"d":11.4,"a":0,"l":"d"},"geometry":{"type":"Point","coordinates":[415387.4,5656637.6]}},{"type":"Feature","properties":{"h":20.0,"d":11.4,"a":0,"l":"d"},"geometry":{"type":"Point","coordinates":[415387.6,5656602.5]}},{"type":"Feature","properties":{"h":30.0,"d":17.1,"a":0,"l":"d","gn":4,"t":69},"geometry":{"type":"Point","coordinates":[415388.1,5656885.0]}},{"type":"Feature","properties":{"h":16.0,"d":9.1,"a":0,"l":"d","gn":3,"t":57},"geometry":{"type":"Point","coordinates":[415388.2,5656870.4]}},{"type":"Feature","properties":{"h":15.0,"d":12.0,"a":0,"l":"d","gn":1,"t":62},"geometry":{"type":"Point","coordinates":[415388.4,5657094.2]}},{"type":"Feature","properties":{"h":27.0,"d":10.0,"a":0,"l":"d","gn":1,"t":41},"geometry":{"type":"Point","coordinates":[415388.6,5657654.2]}},{"type":"Feature","properties":{"h":20.0,"d":11.4,"a":0,"l":"d"},"geometry":{"type":"Point","coordinates":[415389.0,5656628.3]}},{"type":"Feature","properties":{"h":26.0,"d":19.0,"a":1,"l":"d","gn":11,"t":79},"geometry":{"type":"Point","coordinates":[415389.1,5657815.3]}},{"type":"Feature","properties":{"h":22.0,"d":17.0,"a":0,"l":"d","gn":1,"t":67},"geometry":{"type":"Point","coordinates":[415389.1,5657855.7]}},{"type":"Feature","properties":{"h":9.0,"d":8.0,"a":5,"l":"d","gn":8,"t":18},"geometry":{"type":"Point","coordinates":[415389.3,5657638.5]}},{"type":"Feature","properties":{"h":20.0,"d":11.4,"a":0,"l":"d"},"geometry":{"type":"Point","coordinates":[415389.3,5656665.4]}},{"type":"Feature","properties":{"h":31.0,"d":17.0,"a":0,"l":"d","gn":4,"t":120},"geometry":{"type":"Point","coordinates":[415389.4,5657822.2]}},{"type":"Feature","properties":{"h":14.0,"d":6.0,"a":0,"l":"d","gn":3,"t":46},"geometry":{"type":"Point","coordinates":[415389.5,5657689.5]}},{"type":"Feature","properties":{"h":27.0,"d":11.0,"a":0,"l":"d","gn":1,"t":41},"geometry":{"type":"Point","coordinates":[415389.6,5657653.6]}},{"type":"Feature","properties":{"h":20.0,"d":11.4,"a":0,"l":"d"},"geometry":{"type":"Point","coordinates":[415389.8,5656886.6]}},{"type":"Feature","properties":{"h":20.0,"d":11.4,"a":0,"l":"d"},"geometry":{"type":"Point","coordinates":[415390.0,5656583.9]}},{"type":"Feature","properties":{"h":26.0,"d":14.0,"a":0,"l":"d","gn":31,"t":50},"geometry":{"type":"Point","coordinates":[415390.2,5657932.9]}},{"type":"Feature","properties":{"h":15.0,"d":9.0,"a":0,"l":"d","gn":4,"t":42},"geometry":{"type":"Point","coordinates":[415390.5,5656995.0]}},{"type":"Feature","properties":{"h":20.0,"d":13.0,"a":0,"l":"d","gn":1,"t":46},"geometry":{"type":"Point","coordinates":[415390.5,5657001.5]}},{"type":"Feature","properties":{"h":16.0,"d":8.0,"a":1,"l":"d","gn":11,"t":13},"geometry":{"type":"Point","coordinates":[415390.7,5656893.6]}},{"type":"Feature","properties":{"h":17.0,"d":10.0,"a":0,"l":"d","gn":31,"t":24},"geometry":{"type":"Point","coordinates":[415390.8,5657650.5]}},{"type":"Feature","properties":{"h":16.0,"d":5.0,"a":2,"l":"d","gn":19,"t":28},"geometry":{"type":"Point","coordinates":[415390.8,5657127.8]}},{"type":"Feature","properties":{"h":18.0,"d":14.0,"a":1,"l":"d","gn":11,"t":37},"geometry":{"type":"Point","coordinates":[415391.0,5657921.3]}},{"type":"Feature","properties":{"h":16.0,"d":7.0,"a":0,"l":"d","gn":1,"t":33},"geometry":{"type":"Point","coordinates":[415391.4,5657006.1]}},{"type":"Feature","properties":{"h":20.0,"d":11.4,"a":0,"l":"d"},"geometry":{"type":"Point","coordinates":[415391.4,5656599.6]}},{"type":"Feature","properties":{"h":20.0,"d":11.4,"a":0,"l":"d"},"geometry":{"type":"Point","coordinates":[415391.5,5656647.3]}},{"type":"Feature","properties":{"h":26.0,"d":14.0,"a":0,"l":"d","gn":31,"t":34},"geometry":{"type":"Point","coordinates":[415391.5,5657930.5]}},{"type":"Feature","properties":{"h":24.0,"d":8.0,"a":0,"l":"d","gn":31,"t":22},"geometry":{"type":"Point","coordinates":[415391.8,5657929.3]}},{"type":"Feature","properties":{"h":4.0,"d":2.0,"a":0,"l":"d","gn":31,"t":6},"geometry":{"type":"Point","coordinates":[415392.5,5657899.3]}},{"type":"Feature","properties":{"h":20.0,"d":15.0,"a":0,"l":"d","gn":3,"t":56},"geometry":{"type":"Point","coordinates":[415392.9,5657774.0]}},{"type":"Feature","properties":{"h":20.0,"d":11.4,"a":0,"l":"d"},"geometry":{"type":"Point","coordinates":[415393.0,5656604.9]}},{"type":"Feature","properties":{"h":20.0,"d":11.4,"a":0,"l":"d"},"geometry":{"type":"Point","coordinates":[415393.2,5656657.1]}},{"type":"Feature","properties":{"h":16.0,"d":10.0,"a":0,"l":"d","gn":1,"t":35},"geometry":{"type":"Point","coordinates":[415393.2,5657015.8]}},{"type":"Feature","properties":{"h":20.0,"d":11.4,"a":0,"l":"d"},"geometry":{"type":"Point","coordinates":[415393.4,5656651.8]}},{"type":"Feature","properties":{"h":13.0,"d":7.0,"a":0,"l":"d","gn":15,"t":18},"geometry":{"type":"Point","coordinates":[415393.6,5657686.4]}},{"type":"Feature","properties":{"h":7.0,"d":4.0,"a":0,"l":"d","gn":4,"t":62},"geometry":{"type":"Point","coordinates":[415393.7,5657819.8]}},{"type":"Feature","properties":{"h":20.0,"d":11.4,"a":0,"l":"d"},"geometry":{"type":"Point","coordinates":[415393.9,5656653.9]}},{"type":"Feature","properties":{"h":10.0,"d":10.0,"a":1,"l":"d","gn":11,"t":35},"geometry":{"type":"Point","coordinates":[415394.1,5657644.7]}},{"type":"Feature","properties":{"h":15.0,"d":8.5,"a":0,"l":"d","gn":1,"t":34},"geometry":{"type":"Point","coordinates":[415394.3,5657002.8]}},{"type":"Feature","properties":{"h":20.0,"d":11.4,"a":0,"l":"d"},"geometry":{"type":"Point","coordinates":[415394.4,5656579.2]}},{"type":"Feature","properties":{"h":20.0,"d":11.4,"a":0,"l":"d"},"geometry":{"type":"Point","coordinates":[415394.4,5656658.5]}},{"type":"Feature","properties":{"h":20.0,"d":11.4,"a":0,"l":"d"},"geometry":{"type":"Point","coordinates":[415394.9,5656626.5]}},{"type":"Feature","properties":{"h":12.0,"d":10.0,"a":0,"l":"d","gn":3,"t":28},"geometry":{"type":"Point","coordinates":[415394.9,5657788.1]}},{"type":"Feature","properties":{"h":20.0,"d":11.4,"a":0,"l":"d"},"geometry":{"type":"Point","coordinates":[415394.9,5656581.4]}},{"type":"Feature","properties":{"h":18.0,"d":13.0,"a":0,"l":"d","gn":1,"t":41},"geometry":{"type":"Point","coordinates":[415395.0,5657025.3]}},{"type":"Feature","properties":{"h":22.0,"d":14.0,"a":1,"l":"d","gn":11,"t":26},"geometry":{"type":"Point","coordinates":[415395.1,5657929.1]}},{"type":"Feature","properties":{"h":16.0,"d":12.0,"a":1,"l":"d","gn":11,"t":32},"geometry":{"type":"Point","coordinates":[415395.3,5657932.8]}},{"type":"Feature","properties":{"h":35.0,"d":18.0,"a":0,"l":"d","gn":4,"t":85},"geometry":{"type":"Point","coordinates":[415395.4,5657650.9]}},{"type":"Feature","properties":{"h":4.0,"d":2.0,"a":0,"l":"d","gn":31,"t":6},"geometry":{"type":"Point","coordinates":[415395.4,5657902.5]}},{"type":"Feature","properties":{"h":30.0,"d":17.0,"a":0,"l":"d","gn":4,"t":80},"geometry":{"type":"Point","coordinates":[415395.7,5657817.8]}},{"type":"Feature","properties":{"h":18.0,"d":11.0,"a":0,"l":"d","gn":1,"t":31},"geometry":{"type":"Point","coordinates":[415395.8,5657029.6]}},{"type":"Feature","properties":{"h":20.0,"d":11.4,"a":0,"l":"d"},"geometry":{"type":"Point","coordinates":[415396.1,5656638.6]}},{"type":"Feature","properties":{"h":20.0,"d":11.4,"a":0,"l":"d"},"geometry":{"type":"Point","coordinates":[415396.1,5656798.8]}},{"type":"Feature","properties":{"h":19.0,"d":12.0,"a":1,"l":"d","gn":11,"t":43},"geometry":{"type":"Point","coordinates":[415396.3,5657640.7]}},{"type":"Feature","properties":{"h":20.0,"d":11.4,"a":0,"l":"d"},"geometry":{"type":"Point","coordinates":[415396.4,5656589.7]}},{"type":"Feature","properties":{"h":23.0,"d":13.1,"a":0,"l":"d","gn":4,"t":61},"geometry":{"type":"Point","coordinates":[415396.5,5656895.2]}},{"type":"Feature","properties":{"h":6.0,"d":2.0,"a":0,"l":"d","gn":3,"t":8},"geometry":{"type":"Point","coordinates":[415396.7,5657913.9]}},{"type":"Feature","properties":{"h":13.0,"d":12.0,"a":1,"l":"d","gn":11,"t":17},"geometry":{"type":"Point","coordinates":[415396.7,5657924.3]}},{"type":"Feature","properties":{"h":4.0,"d":2.0,"a":0,"l":"d","gn":31,"t":5},"geometry":{"type":"Point","coordinates":[415396.9,5657898.7]}},{"type":"Feature","properties":{"h":20.0,"d":11.4,"a":0,"l":"d"},"geometry":{"type":"Point","coordinates":[415397.1,5656610.1]}},{"type":"Feature","properties":{"h":20.0,"d":11.4,"a":0,"l":"d"},"geometry":{"type":"Point","coordinates":[415397.1,5656710.4]}},{"type":"Feature","properties":{"h":18.0,"d":10.0,"a":1,"l":"d","gn":11,"t":31},"geometry":{"type":"Point","coordinates":[415397.1,5657640.4]}},{"type":"Feature","properties":{"h":4.0,"d":2.0,"a":0,"l":"d","gn":3,"t":44},"geometry":{"type":"Point","coordinates":[415397.2,5657690.5]}},{"type":"Feature","properties":{"h":17.0,"d":9.5,"a":0,"l":"d","gn":1,"t":42},"geometry":{"type":"Point","coordinates":[415397.3,5657037.0]}},{"type":"Feature","properties":{"h":20.0,"d":11.4,"a":0,"l":"d"},"geometry":{"type":"Point","coordinates":[415397.5,5656579.8]}},{"type":"Feature","properties":{"h":20.0,"d":11.4,"a":0,"l":"d"},"geometry":{"type":"Point","coordinates":[415397.6,5656621.5]}},{"type":"Feature","properties":{"h":26.0,"d":12.0,"a":0,"l":"d","gn":3,"t":35},"geometry":{"type":"Point","coordinates":[415397.7,5657926.1]}},{"type":"Feature","properties":{"h":18.0,"d":9.0,"a":0,"l":"d","gn":1,"t":69},"geometry":{"type":"Point","coordinates":[415397.8,5656273.4]}},{"type":"Feature","properties":{"h":16.0,"d":11.5,"a":0,"l":"d","gn":1,"t":32},"geometry":{"type":"Point","coordinates":[415397.9,5657040.9]}},{"type":"Feature","properties":{"h":15.0,"d":7.5,"a":0,"l":"d","gn":1,"t":31},"geometry":{"type":"Point","coordinates":[415399.2,5657026.9]}},{"type":"Feature","properties":{"h":24.0,"d":14.0,"a":1,"l":"d","gn":11,"t":31},"geometry":{"type":"Point","coordinates":[415399.4,5657924.5]}},{"type":"Feature","properties":{"h":20.0,"d":11.4,"a":0,"l":"d"},"geometry":{"type":"Point","coordinates":[415399.4,5656600.0]}},{"type":"Feature","properties":{"h":20.0,"d":6.0,"a":3,"l":"e","t":43},"geometry":{"type":"Point","coordinates":[415399.6,5657016.7]}},{"type":"Feature","properties":{"h":20.0,"d":11.4,"a":0,"l":"d"},"geometry":{"type":"Point","coordinates":[415400.2,5657051.5]}},{"type":"Feature","properties":{"h":22.0,"d":12.6,"a":0,"l":"d","gn":4,"t":24},"geometry":{"type":"Point","coordinates":[415400.2,5656890.9]}},{"type":"Feature","properties":{"h":20.0,"d":11.4,"a":0,"l":"d"},"geometry":{"type":"Point","coordinates":[415400.3,5656647.1]}},{"type":"Feature","properties":{"h":24.0,"d":11.0,"a":0,"l":"d","gn":7,"t":107},"geometry":{"type":"Point","coordinates":[415400.3,5657634.6]}},{"type":"Feature","properties":{"h":14.0,"d":8.0,"a":0,"l":"d","gn":3,"t":30},"geometry":{"type":"Point","coordinates":[415400.3,5656879.7]}},{"type":"Feature","properties":{"h":20.0,"d":11.4,"a":0,"l":"d"},"geometry":{"type":"Point","coordinates":[415400.4,5656629.3]}},{"type":"Feature","properties":{"h":17.0,"d":9.7,"a":0,"l":"d","gn":4,"t":22},"geometry":{"type":"Point","coordinates":[415400.5,5656883.9]}},{"type":"Feature","properties":{"h":23.0,"d":11.0,"a":0,"l":"d","gn":1,"t":48},"geometry":{"type":"Point","coordinates":[415400.5,5657673.1]}},{"type":"Feature","properties":{"h":14.0,"d":5.0,"a":0,"l":"d","gn":31,"t":20},"geometry":{"type":"Point","coordinates":[415400.6,5657643.7]}},{"type":"Feature","properties":{"h":20.0,"d":11.4,"a":0,"l":"d"},"geometry":{"type":"Point","coordinates":[415400.6,5656646.7]}},{"type":"Feature","properties":{"h":11.0,"d":6.0,"a":0,"l":"d","gn":1,"t":17},"geometry":{"type":"Point","coordinates":[415400.8,5657658.6]}},{"type":"Feature","properties":{"h":20.0,"d":11.4,"a":0,"l":"d"},"geometry":{"type":"Point","coordinates":[415400.8,5656706.2]}},{"type":"Feature","properties":{"h":20.0,"d":5.0,"a":3,"l":"e","t":35},"geometry":{"type":"Point","coordinates":[415400.8,5657023.2]}},{"type":"Feature","properties":{"h":16.0,"d":11.0,"a":0,"l":"d","gn":1,"t":30},"geometry":{"type":"Point","coordinates":[415400.9,5657038.5]}},{"type":"Feature","properties":{"h":20.0,"d":11.4,"a":0,"l":"d"},"geometry":{"type":"Point","coordinates":[415401.4,5657056.7]}},{"type":"Feature","properties":{"h":21.0,"d":8.0,"a":0,"l":"d","gn":3,"t":37},"geometry":{"type":"Point","coordinates":[415401.5,5657784.2]}},{"type":"Feature","properties":{"h":13.0,"d":7.0,"a":0,"l":"d","gn":1,"t":16},"geometry":{"type":"Point","coordinates":[415401.5,5657667.7]}},{"type":"Feature","properties":{"h":20.0,"d":11.4,"a":0,"l":"d"},"geometry":{"type":"Point","coordinates":[415401.7,5656606.4]}},{"type":"Feature","properties":{"h":11.0,"d":4.0,"a":0,"l":"d","gn":33,"t":86},"geometry":{"type":"Point","coordinates":[415401.8,5657741.9]}},{"type":"Feature","properties":{"h":20.0,"d":11.4,"a":0,"l":"d","t":51},"geometry":{"type":"Point","coordinates":[415401.8,5656864.3]}},{"type":"Feature","properties":{"h":20.0,"d":11.4,"a":0,"l":"d"},"geometry":{"type":"Point","coordinates":[415401.9,5656615.5]}},{"type":"Feature","properties":{"h":9.0,"d":7.0,"a":0,"l":"d","gn":31,"t":14},"geometry":{"type":"Point","coordinates":[415402.0,5657641.8]}},{"type":"Feature","properties":{"h":20.0,"d":11.4,"a":0,"l":"d"},"geometry":{"type":"Point","coordinates":[415402.1,5656643.8]}},{"type":"Feature","properties":{"h":21.0,"d":16.0,"a":1,"l":"d","gn":11,"t":44},"geometry":{"type":"Point","coordinates":[415402.2,5657644.3]}},{"type":"Feature","properties":{"h":20.0,"d":11.4,"a":0,"l":"d"},"geometry":{"type":"Point","coordinates":[415402.5,5656578.3]}},{"type":"Feature","properties":{"h":20.0,"d":11.4,"a":0,"l":"d"},"geometry":{"type":"Point","coordinates":[415402.9,5656788.7]}},{"type":"Feature","properties":{"h":11.0,"d":6.0,"a":0,"l":"d","gn":1,"t":24},"geometry":{"type":"Point","coordinates":[415402.9,5657775.1]}},{"type":"Feature","properties":{"h":14.0,"d":16.0,"a":0,"l":"d","gn":31,"t":84},"geometry":{"type":"Point","coordinates":[415403.0,5657897.6]}},{"type":"Feature","properties":{"h":20.0,"d":11.4,"a":0,"l":"d"},"geometry":{"type":"Point","coordinates":[415403.0,5656713.6]}},{"type":"Feature","properties":{"h":8.0,"d":6.0,"a":5,"l":"d","gn":12,"t":15},"geometry":{"type":"Point","coordinates":[415403.1,5657681.9]}},{"type":"Feature","properties":{"h":22.0,"d":11.0,"a":0,"l":"d","gn":1,"t":65},"geometry":{"type":"Point","coordinates":[415403.3,5657733.8]}},{"type":"Feature","properties":{"h":8.0,"d":2.0,"a":0,"l":"d","gn":7,"t":58},"geometry":{"type":"Point","coordinates":[415403.3,5657659.7]}},{"type":"Feature","properties":{"h":20.0,"d":11.4,"a":0,"l":"d"},"geometry":{"type":"Point","coordinates":[415403.4,5656698.1]}},{"type":"Feature","properties":{"h":8.0,"d":1.0,"a":0,"l":"d","gn":10,"t":43},"geometry":{"type":"Point","coordinates":[415403.5,5657685.4]}},{"type":"Feature","properties":{"h":31.0,"d":24.0,"a":0,"l":"d","gn":4,"t":130},"geometry":{"type":"Point","coordinates":[415403.5,5657821.6]}},{"type":"Feature","properties":{"h":27.0,"d":15.4,"a":0,"l":"d","gn":4,"t":60},"geometry":{"type":"Point","coordinates":[415404.2,5656875.7]}},{"type":"Feature","properties":{"h":20.0,"d":11.4,"a":0,"l":"d"},"geometry":{"type":"Point","coordinates":[415405.0,5656596.6]}},{"type":"Feature","properties":{"h":11.0,"d":1.0,"a":0,"l":"d","gn":1,"t":70},"geometry":{"type":"Point","coordinates":[415405.1,5657925.5]}},{"type":"Feature","properties":{"h":36.0,"d":23.0,"a":0,"l":"d","gn":4,"t":130},"geometry":{"type":"Point","coordinates":[415405.2,5657650.5]}},{"type":"Feature","properties":{"h":20.0,"d":11.4,"a":0,"l":"d"},"geometry":{"type":"Point","coordinates":[415405.3,5656612.2]}},{"type":"Feature","properties":{"h":20.0,"d":11.4,"a":0,"l":"d"},"geometry":{"type":"Point","coordinates":[415405.6,5656857.4]}},{"type":"Feature","properties":{"h":30.0,"d":11.0,"a":0,"l":"d","gn":7,"t":80},"geometry":{"type":"Point","coordinates":[415405.7,5657787.3]}},{"type":"Feature","properties":{"h":20.0,"d":11.4,"a":0,"l":"d"},"geometry":{"type":"Point","coordinates":[415405.8,5656803.8]}},{"type":"Feature","properties":{"h":33.0,"d":16.0,"a":0,"l":"d","gn":4,"t":67},"geometry":{"type":"Point","coordinates":[415406.0,5657652.7]}},{"type":"Feature","properties":{"h":20.0,"d":11.4,"a":0,"l":"d"},"geometry":{"type":"Point","coordinates":[415406.4,5656654.9]}},{"type":"Feature","properties":{"h":13.0,"d":9.0,"a":1,"l":"d","gn":11,"t":25},"geometry":{"type":"Point","coordinates":[415406.5,5657663.9]}},{"type":"Feature","properties":{"h":20.0,"d":11.4,"a":0,"l":"d"},"geometry":{"type":"Point","coordinates":[415406.8,5656781.4]}},{"type":"Feature","properties":{"h":20.0,"d":11.4,"a":0,"l":"d"},"geometry":{"type":"Point","coordinates":[415406.9,5656851.9]}},{"type":"Feature","properties":{"h":15.0,"d":8.0,"a":0,"l":"d","gn":7,"t":32},"geometry":{"type":"Point","coordinates":[415407.0,5657656.9]}},{"type":"Feature","properties":{"h":25.0,"d":7.0,"a":0,"l":"d","gn":1,"t":55},"geometry":{"type":"Point","coordinates":[415407.1,5657661.6]}},{"type":"Feature","properties":{"h":20.0,"d":11.4,"a":0,"l":"d"},"geometry":{"type":"Point","coordinates":[415407.3,5656859.7]}},{"type":"Feature","properties":{"h":20.0,"d":11.4,"a":0,"l":"d"},"geometry":{"type":"Point","coordinates":[415407.3,5656801.0]}},{"type":"Feature","properties":{"h":20.0,"d":11.4,"a":0,"l":"d"},"geometry":{"type":"Point","coordinates":[415407.6,5656589.5]}},{"type":"Feature","properties":{"h":20.0,"d":11.4,"a":0,"l":"d"},"geometry":{"type":"Point","coordinates":[415407.6,5656857.2]}},{"type":"Feature","properties":{"h":20.0,"d":12.0,"a":1,"l":"d","gn":11,"t":33},"geometry":{"type":"Point","coordinates":[415407.6,5657928.1]}},{"type":"Feature","properties":{"h":23.0,"d":12.0,"a":1,"l":"d","gn":11,"t":31},"geometry":{"type":"Point","coordinates":[415408.0,5657922.1]}},{"type":"Feature","properties":{"h":20.0,"d":11.4,"a":0,"l":"d"},"geometry":{"type":"Point","coordinates":[415408.0,5656576.3]}},{"type":"Feature","properties":{"h":20.0,"d":11.4,"a":0,"l":"d"},"geometry":{"type":"Point","coordinates":[415408.0,5656855.8]}},{"type":"Feature","properties":{"h":20.0,"d":11.4,"a":0,"l":"d"},"geometry":{"type":"Point","coordinates":[415408.6,5656797.6]}},{"type":"Feature","properties":{"h":20.0,"d":11.4,"a":0,"l":"d"},"geometry":{"type":"Point","coordinates":[415408.7,5656805.3]}},{"type":"Feature","properties":{"h":20.0,"d":11.4,"a":0,"l":"d"},"geometry":{"type":"Point","coordinates":[415408.9,5656655.3]}},{"type":"Feature","properties":{"h":20.0,"d":11.4,"a":0,"l":"d"},"geometry":{"type":"Point","coordinates":[415409.5,5656857.0]}},{"type":"Feature","properties":{"h":20.0,"d":11.4,"a":0,"l":"d"},"geometry":{"type":"Point","coordinates":[415409.6,5656689.7]}},{"type":"Feature","properties":{"h":20.0,"d":11.4,"a":0,"l":"d"},"geometry":{"type":"Point","coordinates":[415409.7,5656799.8]}},{"type":"Feature","properties":{"h":16.0,"d":8.0,"a":0,"l":"d","gn":3,"t":24},"geometry":{"type":"Point","coordinates":[415409.9,5657686.0]}},{"type":"Feature","properties":{"h":30.0,"d":14.0,"a":0,"l":"d","gn":4,"t":92},"geometry":{"type":"Point","coordinates":[415410.0,5657637.6]}},{"type":"Feature","properties":{"h":20.0,"d":11.4,"a":0,"l":"d"},"geometry":{"type":"Point","coordinates":[415410.1,5656693.1]}},{"type":"Feature","properties":{"h":20.0,"d":11.4,"a":0,"l":"d"},"geometry":{"type":"Point","coordinates":[415410.2,5656650.3]}},{"type":"Feature","properties":{"h":15.0,"d":8.6,"a":0,"l":"d","gn":3,"t":21},"geometry":{"type":"Point","coordinates":[415410.4,5656892.3]}},{"type":"Feature","properties":{"h":17.0,"d":6.0,"a":2,"l":"d","gn":19,"t":28},"geometry":{"type":"Point","coordinates":[415410.5,5657122.1]}},{"type":"Feature","properties":{"h":20.0,"d":11.4,"a":0,"l":"d"},"geometry":{"type":"Point","coordinates":[415410.5,5656701.7]}},{"type":"Feature","properties":{"h":25.0,"d":11.0,"a":0,"l":"d","gn":3,"t":32},"geometry":{"type":"Point","coordinates":[415410.9,5657927.6]}},{"type":"Feature","properties":{"h":12.0,"d":6.9,"a":0,"l":"d","gn":4,"t":13},"geometry":{"type":"Point","coordinates":[415411.1,5656875.6]}},{"type":"Feature","properties":{"h":23.0,"d":10.0,"a":0,"l":"d","gn":15,"t":44},"geometry":{"type":"Point","coordinates":[415411.4,5657685.0]}},{"type":"Feature","properties":{"h":16.0,"d":8.0,"a":0,"l":"d","gn":31,"t":25},"geometry":{"type":"Point","coordinates":[415411.5,5657637.2]}},{"type":"Feature","properties":{"h":20.0,"d":11.4,"a":0,"l":"d"},"geometry":{"type":"Point","coordinates":[415412.4,5656701.2]}},{"type":"Feature","properties":{"h":26.0,"d":14.0,"a":1,"l":"d","gn":11,"t":40},"geometry":{"type":"Point","coordinates":[415412.5,5657920.0]}},{"type":"Feature","properties":{"h":20.0,"d":11.4,"a":0,"l":"d"},"geometry":{"type":"Point","coordinates":[415412.8,5656855.8]}},{"type":"Feature","properties":{"h":13.0,"d":9.0,"a":0,"l":"d","gn":3,"t":29},"geometry":{"type":"Point","coordinates":[415413.1,5657894.8]}},{"type":"Feature","properties":{"h":20.0,"d":11.4,"a":0,"l":"d"},"geometry":{"type":"Point","coordinates":[415413.4,5656784.1]}},{"type":"Feature","properties":{"h":10.0,"d":8.0,"a":0,"l":"d","gn":31,"t":15},"geometry":{"type":"Point","coordinates":[415413.4,5657641.8]}},{"type":"Feature","properties":{"h":32.0,"d":11.0,"a":0,"l":"d","gn":7,"t":77},"geometry":{"type":"Point","coordinates":[415413.5,5657902.5]}},{"type":"Feature","properties":{"h":20.0,"d":11.4,"a":0,"l":"d"},"geometry":{"type":"Point","coordinates":[415413.6,5656582.5]}},{"type":"Feature","properties":{"h":7.0,"d":6.0,"a":1,"l":"d","gn":11,"t":9},"geometry":{"type":"Point","coordinates":[415413.8,5657645.5]}},{"type":"Feature","properties":{"h":20.0,"d":11.4,"a":0,"l":"d"},"geometry":{"type":"Point","coordinates":[415413.9,5656642.4]}},{"type":"Feature","properties":{"h":25.0,"d":12.0,"a":0,"l":"d","gn":31,"t":28},"geometry":{"type":"Point","coordinates":[415414.0,5657926.7]}},{"type":"Feature","properties":{"h":20.0,"d":11.4,"a":0,"l":"d"},"geometry":{"type":"Point","coordinates":[415414.2,5656802.9]}},{"type":"Feature","properties":{"h":20.0,"d":11.4,"a":0,"l":"d"},"geometry":{"type":"Point","coordinates":[415414.4,5656595.2]}},{"type":"Feature","properties":{"h":20.0,"d":11.4,"a":0,"l":"d"},"geometry":{"type":"Point","coordinates":[415414.5,5656652.4]}},{"type":"Feature","properties":{"h":20.0,"d":11.4,"a":0,"l":"d"},"geometry":{"type":"Point","coordinates":[415414.6,5656611.8]}},{"type":"Feature","properties":{"h":17.0,"d":9.0,"a":0,"l":"d","gn":15,"t":30},"geometry":{"type":"Point","coordinates":[415414.7,5657691.5]}},{"type":"Feature","properties":{"h":25.0,"d":11.0,"a":0,"l":"d","gn":1,"t":36},"geometry":{"type":"Point","coordinates":[415415.0,5657652.2]}},{"type":"Feature","properties":{"h":20.0,"d":11.4,"a":0,"l":"d"},"geometry":{"type":"Point","coordinates":[415415.1,5656801.9]}},{"type":"Feature","properties":{"h":26.0,"d":12.0,"a":0,"l":"d","gn":1,"t":34},"geometry":{"type":"Point","coordinates":[415415.2,5657647.5]}},{"type":"Feature","properties":{"h":26.0,"d":19.0,"a":0,"l":"d","gn":7,"t":92},"geometry":{"type":"Point","coordinates":[415415.4,5657785.8]}},{"type":"Feature","properties":{"h":20.0,"d":11.4,"a":0,"l":"d"},"geometry":{"type":"Point","coordinates":[415415.5,5656595.3]}},{"type":"Feature","properties":{"h":23.0,"d":22.0,"a":0,"l":"d","gn":34,"t":65},"geometry":{"type":"Point","coordinates":[415415.6,5657686.1]}},{"type":"Feature","properties":{"h":13.0,"d":7.4,"a":0,"l":"d","gn":3},"geometry":{"type":"Point","coordinates":[415415.6,5656675.6]}},{"type":"Feature","properties":{"h":32.0,"d":16.0,"a":0,"l":"d","gn":7,"t":77},"geometry":{"type":"Point","coordinates":[415415.7,5657916.7]}},{"type":"Feature","properties":{"h":20.0,"d":11.4,"a":0,"l":"d"},"geometry":{"type":"Point","coordinates":[415415.7,5656778.3]}},{"type":"Feature","properties":{"h":20.0,"d":11.4,"a":0,"l":"d"},"geometry":{"type":"Point","coordinates":[415415.7,5656793.7]}},{"type":"Feature","properties":{"h":20.0,"d":11.4,"a":0,"l":"d"},"geometry":{"type":"Point","coordinates":[415416.0,5656653.0]}},{"type":"Feature","properties":{"h":20.0,"d":11.4,"a":0,"l":"d"},"geometry":{"type":"Point","coordinates":[415416.2,5656597.3]}},{"type":"Feature","properties":{"h":17.0,"d":8.5,"a":1,"l":"d","gn":11},"geometry":{"type":"Point","coordinates":[415416.3,5656674.1]}},{"type":"Feature","properties":{"h":27.0,"d":15.4,"a":0,"l":"d","gn":4,"t":65},"geometry":{"type":"Point","coordinates":[415416.4,5656872.2]}},{"type":"Feature","properties":{"h":20.0,"d":11.4,"a":0,"l":"d"},"geometry":{"type":"Point","coordinates":[415416.5,5656864.8]}},{"type":"Feature","properties":{"h":20.0,"d":11.4,"a":0,"l":"d"},"geometry":{"type":"Point","coordinates":[415416.5,5656664.3]}},{"type":"Feature","properties":{"h":13.0,"d":7.4,"a":0,"l":"d","gn":3},"geometry":{"type":"Point","coordinates":[415416.6,5656688.8]}},{"type":"Feature","properties":{"h":20.0,"d":11.4,"a":0,"l":"d"},"geometry":{"type":"Point","coordinates":[415416.7,5656594.9]}},{"type":"Feature","properties":{"h":20.0,"d":11.4,"a":0,"l":"d"},"geometry":{"type":"Point","coordinates":[415417.0,5656775.8]}},{"type":"Feature","properties":{"h":34.0,"d":12.0,"a":0,"l":"d","gn":6,"t":105},"geometry":{"type":"Point","coordinates":[415417.1,5657925.5]}},{"type":"Feature","properties":{"h":20.0,"d":11.4,"a":0,"l":"d"},"geometry":{"type":"Point","coordinates":[415417.1,5656863.8]}},{"type":"Feature","properties":{"h":20.0,"d":11.4,"a":0,"l":"d"},"geometry":{"type":"Point","coordinates":[415417.1,5656690.5]}},{"type":"Feature","properties":{"h":20.0,"d":11.4,"a":0,"l":"d"},"geometry":{"type":"Point","coordinates":[415417.2,5656795.1]}},{"type":"Feature","properties":{"h":20.0,"d":11.4,"a":0,"l":"d"},"geometry":{"type":"Point","coordinates":[415417.3,5656665.1]}},{"type":"Feature","properties":{"h":27.0,"d":12.0,"a":0,"l":"d","gn":1,"t":51},"geometry":{"type":"Point","coordinates":[415417.3,5657649.9]}},{"type":"Feature","properties":{"h":20.0,"d":11.4,"a":0,"l":"d"},"geometry":{"type":"Point","coordinates":[415417.4,5656629.5]}},{"type":"Feature","properties":{"h":17.0,"d":12.0,"a":0,"l":"d","gn":1,"t":38},"geometry":{"type":"Point","coordinates":[415417.6,5657778.7]}},{"type":"Feature","properties":{"h":20.0,"d":11.4,"a":0,"l":"d"},"geometry":{"type":"Point","coordinates":[415417.7,5656645.2]}},{"type":"Feature","properties":{"h":20.0,"d":11.4,"a":0,"l":"d"},"geometry":{"type":"Point","coordinates":[415417.9,5656583.7]}},{"type":"Feature","properties":{"h":5.0,"d":2.0,"a":1,"l":"d","gn":11,"t":13},"geometry":{"type":"Point","coordinates":[415418.0,5657659.2]}},{"type":"Feature","properties":{"h":19.0,"d":14.0,"a":1,"l":"d","gn":11,"t":45},"geometry":{"type":"Point","coordinates":[415418.0,5657642.3]}},{"type":"Feature","properties":{"h":20.0,"d":11.4,"a":0,"l":"d"},"geometry":{"type":"Point","coordinates":[415418.0,5656615.9]}},{"type":"Feature","properties":{"h":21.0,"d":10.0,"a":0,"l":"d","gn":1,"t":31},"geometry":{"type":"Point","coordinates":[415418.2,5657730.5]}},{"type":"Feature","properties":{"h":13.0,"d":6.5,"a":1,"l":"d","gn":11,"t":24},"geometry":{"type":"Point","coordinates":[415418.4,5656881.6]}},{"type":"Feature","properties":{"h":20.0,"d":11.4,"a":0,"l":"d"},"geometry":{"type":"Point","coordinates":[415418.4,5656576.6]}},{"type":"Feature","properties":{"h":13.0,"d":7.4,"a":0,"l":"d","gn":3},"geometry":{"type":"Point","coordinates":[415418.5,5656675.6]}},{"type":"Feature","properties":{"h":20.0,"d":11.4,"a":0,"l":"d"},"geometry":{"type":"Point","coordinates":[415418.6,5656657.7]}},{"type":"Feature","properties":{"h":20.0,"d":11.4,"a":0,"l":"d"},"geometry":{"type":"Point","coordinates":[415418.8,5656772.2]}},{"type":"Feature","properties":{"h":29.0,"d":13.0,"a":0,"l":"d","gn":15,"t":78},"geometry":{"type":"Point","coordinates":[415419.0,5657696.0]}},{"type":"Feature","properties":{"h":24.0,"d":13.7,"a":0,"l":"d","gn":4},"geometry":{"type":"Point","coordinates":[415419.0,5656686.4]}},{"type":"Feature","properties":{"h":24.0,"d":11.0,"a":0,"l":"d","gn":1,"t":53},"geometry":{"type":"Point","coordinates":[415419.1,5657663.1]}},{"type":"Feature","properties":{"h":14.0,"d":13.0,"a":0,"l":"d","gn":15,"t":27},"geometry":{"type":"Point","coordinates":[415419.1,5657732.3]}},{"type":"Feature","properties":{"h":20.0,"d":11.4,"a":0,"l":"d"},"geometry":{"type":"Point","coordinates":[415419.2,5656776.0]}},{"type":"Feature","properties":{"h":20.0,"d":11.4,"a":0,"l":"d"},"geometry":{"type":"Point","coordinates":[415419.2,5656629.4]}},{"type":"Feature","properties":{"h":8.0,"d":7.0,"a":5,"l":"d","gn":12,"t":15},"geometry":{"type":"Point","coordinates":[415419.3,5657687.4]}},{"type":"Feature","properties":{"h":20.0,"d":11.4,"a":0,"l":"d"},"geometry":{"type":"Point","coordinates":[415419.3,5656695.5]}},{"type":"Feature","properties":{"h":20.0,"d":11.4,"a":0,"l":"d"},"geometry":{"type":"Point","coordinates":[415419.4,5656594.1]}},{"type":"Feature","properties":{"h":26.0,"d":10.0,"a":0,"l":"d","gn":31,"t":40},"geometry":{"type":"Point","coordinates":[415419.9,5657651.8]}},{"type":"Feature","properties":{"h":20.0,"d":11.4,"a":0,"l":"d"},"geometry":{"type":"Point","coordinates":[415420.1,5656586.5]}},{"type":"Feature","properties":{"h":33.0,"d":20.0,"a":0,"l":"d","gn":4,"t":95},"geometry":{"type":"Point","coordinates":[415420.5,5657639.9]}},{"type":"Feature","properties":{"h":20.0,"d":11.4,"a":0,"l":"d"},"geometry":{"type":"Point","coordinates":[415420.6,5656634.9]}},{"type":"Feature","properties":{"h":23.0,"d":13.0,"a":0,"l":"d","gn":1,"t":50},"geometry":{"type":"Point","coordinates":[415421.2,5657733.4]}},{"type":"Feature","properties":{"h":20.0,"d":11.4,"a":0,"l":"d"},"geometry":{"type":"Point","coordinates":[415421.2,5656864.5]}},{"type":"Feature","properties":{"h":20.0,"d":11.4,"a":0,"l":"d"},"geometry":{"type":"Point","coordinates":[415421.4,5656780.4]}},{"type":"Feature","properties":{"h":20.0,"d":11.4,"a":0,"l":"d"},"geometry":{"type":"Point","coordinates":[415421.6,5656655.3]}},{"type":"Feature","properties":{"h":17.0,"d":8.5,"a":1,"l":"d","gn":11},"geometry":{"type":"Point","coordinates":[415421.9,5656678.6]}},{"type":"Feature","properties":{"h":27.0,"d":11.0,"a":0,"l":"d","gn":10,"t":80},"geometry":{"type":"Point","coordinates":[415422.0,5657702.9]}},{"type":"Feature","properties":{"h":24.0,"d":13.7,"a":0,"l":"d","gn":4},"geometry":{"type":"Point","coordinates":[415422.0,5656688.5]}},{"type":"Feature","properties":{"h":23.0,"d":11.0,"a":0,"l":"d","gn":7,"t":40},"geometry":{"type":"Point","coordinates":[415422.2,5657662.3]}},{"type":"Feature","properties":{"h":34.0,"d":16.0,"a":0,"l":"d","gn":7,"t":89},"geometry":{"type":"Point","coordinates":[415422.3,5657642.2]}},{"type":"Feature","properties":{"h":20.0,"d":11.4,"a":0,"l":"d"},"geometry":{"type":"Point","coordinates":[415422.3,5656611.0]}},{"type":"Feature","properties":{"h":20.0,"d":11.4,"a":0,"l":"d"},"geometry":{"type":"Point","coordinates":[415422.5,5656777.0]}},{"type":"Feature","properties":{"h":13.0,"d":7.4,"a":0,"l":"d","gn":3},"geometry":{"type":"Point","coordinates":[415422.5,5656673.4]}},{"type":"Feature","properties":{"h":20.0,"d":11.4,"a":0,"l":"d"},"geometry":{"type":"Point","coordinates":[415422.6,5656788.8]}},{"type":"Feature","properties":{"h":20.0,"d":11.4,"a":0,"l":"d"},"geometry":{"type":"Point","coordinates":[415422.6,5656664.2]}},{"type":"Feature","properties":{"h":20.0,"d":11.4,"a":0,"l":"d"},"geometry":{"type":"Point","coordinates":[415423.0,5656795.1]}},{"type":"Feature","properties":{"h":14.0,"d":6.0,"a":0,"l":"d","gn":1,"t":25},"geometry":{"type":"Point","coordinates":[415423.1,5657634.5]}},{"type":"Feature","properties":{"h":20.0,"d":11.4,"a":0,"l":"d"},"geometry":{"type":"Point","coordinates":[415423.1,5656866.0]}},{"type":"Feature","properties":{"h":20.0,"d":11.4,"a":0,"l":"d"},"geometry":{"type":"Point","coordinates":[415423.6,5656860.4]}},{"type":"Feature","properties":{"h":20.0,"d":11.4,"a":0,"l":"d"},"geometry":{"type":"Point","coordinates":[415423.7,5656698.7]}},{"type":"Feature","properties":{"h":32.0,"d":12.0,"a":0,"l":"d","gn":6,"t":78},"geometry":{"type":"Point","coordinates":[415423.7,5657926.5]}},{"type":"Feature","properties":{"h":22.0,"d":14.0,"a":0,"l":"d","gn":31,"t":45},"geometry":{"type":"Point","coordinates":[415423.8,5657727.2]}},{"type":"Feature","properties":{"h":20.0,"d":11.4,"a":0,"l":"d"},"geometry":{"type":"Point","coordinates":[415423.9,5656595.3]}},{"type":"Feature","properties":{"h":16.0,"d":10.0,"a":0,"l":"d","gn":9,"t":41},"geometry":{"type":"Point","coordinates":[415424.0,5657104.6]}},{"type":"Feature","properties":{"h":10.0,"d":4.0,"a":0,"l":"d","gn":31,"t":11},"geometry":{"type":"Point","coordinates":[415424.3,5657903.8]}},{"type":"Feature","properties":{"h":20.0,"d":11.4,"a":0,"l":"d"},"geometry":{"type":"Point","coordinates":[415424.5,5656602.0]}},{"type":"Feature","properties":{"h":25.0,"d":16.0,"a":0,"l":"d","gn":31,"t":35},"geometry":{"type":"Point","coordinates":[415424.5,5657923.1]}},{"type":"Feature","properties":{"h":20.0,"d":11.4,"a":0,"l":"d"},"geometry":{"type":"Point","coordinates":[415425.4,5656776.4]}},{"type":"Feature","properties":{"h":20.0,"d":11.4,"a":0,"l":"d"},"geometry":{"type":"Point","coordinates":[415425.6,5656858.1]}},{"type":"Feature","properties":{"h":20.0,"d":11.4,"a":0,"l":"d"},"geometry":{"type":"Point","coordinates":[415425.8,5656615.5]}},{"type":"Feature","properties":{"h":24.0,"d":13.7,"a":0,"l":"d","gn":4},"geometry":{"type":"Point","coordinates":[415426.1,5656665.7]}},{"type":"Feature","properties":{"h":30.0,"d":20.0,"a":0,"l":"d","gn":15,"t":88},"geometry":{"type":"Point","coordinates":[415426.2,5657660.5]}},{"type":"Feature","properties":{"h":20.0,"d":11.4,"a":0,"l":"d"},"geometry":{"type":"Point","coordinates":[415426.3,5656612.8]}},{"type":"Feature","properties":{"h":22.0,"d":10.0,"a":0,"l":"d","t":37},"geometry":{"type":"Point","coordinates":[415426.6,5657673.9]}},{"type":"Feature","properties":{"h":20.0,"d":11.4,"a":0,"l":"d"},"geometry":{"type":"Point","coordinates":[415426.7,5656788.3]}},{"type":"Feature","properties":{"h":17.0,"d":8.5,"a":1,"l":"d","gn":11,"t":31},"geometry":{"type":"Point","coordinates":[415427.0,5656875.9]}},{"type":"Feature","properties":{"h":20.0,"d":11.4,"a":0,"l":"d"},"geometry":{"type":"Point","coordinates":[415427.1,5656859.9]}},{"type":"Feature","properties":{"h":20.0,"d":11.4,"a":0,"l":"d"},"geometry":{"type":"Point","coordinates":[415427.3,5656785.9]}},{"type":"Feature","properties":{"h":17.0,"d":10.0,"a":1,"l":"d","gn":11,"t":24},"geometry":{"type":"Point","coordinates":[415427.3,5657916.8]}},{"type":"Feature","properties":{"h":20.0,"d":11.4,"a":0,"l":"d"},"geometry":{"type":"Point","coordinates":[415427.4,5656658.2]}},{"type":"Feature","properties":{"h":20.0,"d":11.4,"a":0,"l":"d"},"geometry":{"type":"Point","coordinates":[415427.4,5656620.5]}},{"type":"Feature","properties":{"h":24.0,"d":5.0,"a":0,"l":"d","gn":1,"t":42},"geometry":{"type":"Point","coordinates":[415427.4,5657656.4]}},{"type":"Feature","properties":{"h":26.0,"d":12.0,"a":0,"l":"d","gn":1,"t":43},"geometry":{"type":"Point","coordinates":[415427.5,5657639.1]}},{"type":"Feature","properties":{"h":33.0,"d":8.0,"a":0,"l":"d","gn":6,"t":58},"geometry":{"type":"Point","coordinates":[415427.7,5657922.9]}},{"type":"Feature","properties":{"h":20.0,"d":11.4,"a":0,"l":"d"},"geometry":{"type":"Point","coordinates":[415427.8,5656769.7]}},{"type":"Feature","properties":{"h":20.0,"d":11.4,"a":0,"l":"d"},"geometry":{"type":"Point","coordinates":[415427.8,5656778.8]}},{"type":"Feature","properties":{"h":20.0,"d":12.0,"a":0,"l":"d","gn":1,"t":54},"geometry":{"type":"Point","coordinates":[415427.9,5657720.3]}},{"type":"Feature","properties":{"h":20.0,"d":11.4,"a":0,"l":"d"},"geometry":{"type":"Point","coordinates":[415428.0,5656712.3]}},{"type":"Feature","properties":{"h":19.0,"d":13.0,"a":0,"l":"d","gn":3,"t":95},"geometry":{"type":"Point","coordinates":[415428.0,5657882.6]}},{"type":"Feature","properties":{"h":15.0,"d":14.0,"a":0,"l":"d","gn":3,"t":85},"geometry":{"type":"Point","coordinates":[415428.1,5657863.1]}},{"type":"Feature","properties":{"h":20.0,"d":11.4,"a":0,"l":"d"},"geometry":{"type":"Point","coordinates":[415428.3,5656569.3]}},{"type":"Feature","properties":{"h":16.0,"d":12.0,"a":0,"l":"d","gn":31,"t":45},"geometry":{"type":"Point","coordinates":[415428.4,5657839.1]}},{"type":"Feature","properties":{"h":20.0,"d":11.4,"a":0,"l":"d"},"geometry":{"type":"Point","coordinates":[415428.6,5656787.6]}},{"type":"Feature","properties":{"h":11.0,"d":8.0,"a":0,"l":"d","gn":15,"t":15},"geometry":{"type":"Point","coordinates":[415428.7,5657920.3]}},{"type":"Feature","properties":{"h":20.0,"d":14.0,"a":0,"l":"d","gn":3,"t":86},"geometry":{"type":"Point","coordinates":[415428.9,5656122.3]}},{"type":"Feature","properties":{"h":20.0,"d":11.4,"a":0,"l":"d"},"geometry":{"type":"Point","coordinates":[415429.2,5656861.0]}},{"type":"Feature","properties":{"h":20.0,"d":11.4,"a":0,"l":"d"},"geometry":{"type":"Point","coordinates":[415429.3,5656774.3]}},{"type":"Feature","properties":{"h":25.0,"d":13.0,"a":0,"l":"d","gn":15,"t":87},"geometry":{"type":"Point","coordinates":[415429.4,5657681.0]}},{"type":"Feature","properties":{"h":20.0,"d":11.4,"a":0,"l":"d"},"geometry":{"type":"Point","coordinates":[415429.7,5656787.8]}},{"type":"Feature","properties":{"h":20.0,"d":11.4,"a":0,"l":"d"},"geometry":{"type":"Point","coordinates":[415429.8,5656703.6]}},{"type":"Feature","properties":{"h":20.0,"d":11.4,"a":0,"l":"d"},"geometry":{"type":"Point","coordinates":[415430.2,5656616.9]}},{"type":"Feature","properties":{"h":20.0,"d":11.4,"a":0,"l":"d"},"geometry":{"type":"Point","coordinates":[415430.3,5656614.5]}},{"type":"Feature","properties":{"h":22.0,"d":11.0,"a":1,"l":"d","gn":11,"t":27},"geometry":{"type":"Point","coordinates":[415430.3,5656878.9]}},{"type":"Feature","properties":{"h":20.0,"d":11.4,"a":0,"l":"d"},"geometry":{"type":"Point","coordinates":[415430.4,5656641.6]}},{"type":"Feature","properties":{"h":15.0,"d":9.0,"a":0,"l":"d","gn":3,"t":59},"geometry":{"type":"Point","coordinates":[415430.6,5656129.7]}},{"type":"Feature","properties":{"h":26.0,"d":14.0,"a":0,"l":"d","gn":1,"t":58},"geometry":{"type":"Point","coordinates":[415430.8,5657634.6]}},{"type":"Feature","properties":{"h":20.0,"d":11.4,"a":0,"l":"d"},"geometry":{"type":"Point","coordinates":[415431.0,5656772.3]}},{"type":"Feature","properties":{"h":20.0,"d":11.4,"a":0,"l":"d"},"geometry":{"type":"Point","coordinates":[415431.1,5656634.2]}},{"type":"Feature","properties":{"h":20.0,"d":11.4,"a":0,"l":"d"},"geometry":{"type":"Point","coordinates":[415431.1,5656653.8]}},{"type":"Feature","properties":{"h":24.0,"d":13.0,"a":0,"l":"d","gn":7,"t":70},"geometry":{"type":"Point","coordinates":[415431.1,5657652.9]}},{"type":"Feature","properties":{"h":25.0,"d":8.0,"a":0,"l":"d","gn":31,"t":133},"geometry":{"type":"Point","coordinates":[415431.2,5657906.9]}},{"type":"Feature","properties":{"h":30.0,"d":13.0,"a":0,"l":"d","gn":4,"t":95},"geometry":{"type":"Point","coordinates":[415431.3,5657630.2]}},{"type":"Feature","properties":{"h":15.0,"d":9.0,"a":0,"l":"d","gn":15,"t":30},"geometry":{"type":"Point","coordinates":[415431.8,5657922.9]}},{"type":"Feature","properties":{"h":20.0,"d":11.4,"a":0,"l":"d"},"geometry":{"type":"Point","coordinates":[415431.9,5656783.6]}},{"type":"Feature","properties":{"h":20.0,"d":11.4,"a":0,"l":"d"},"geometry":{"type":"Point","coordinates":[415432.0,5656619.5]}},{"type":"Feature","properties":{"h":16.0,"d":8.0,"a":0,"l":"d","gn":1,"t":30},"geometry":{"type":"Point","coordinates":[415432.0,5657760.7]}},{"type":"Feature","properties":{"h":25.0,"d":14.0,"a":1,"l":"d","gn":11,"t":52},"geometry":{"type":"Point","coordinates":[415432.1,5657648.3]}},{"type":"Feature","properties":{"h":25.0,"d":18.0,"a":0,"l":"d","gn":1,"t":74},"geometry":{"type":"Point","coordinates":[415432.4,5657699.5]}},{"type":"Feature","properties":{"h":24.0,"d":7.0,"a":0,"l":"d","gn":1,"t":38},"geometry":{"type":"Point","coordinates":[415432.7,5657656.1]}},{"type":"Feature","properties":{"h":28.0,"d":9.0,"a":0,"l":"d","gn":1,"t":61},"geometry":{"type":"Point","coordinates":[415432.7,5657921.0]}},{"type":"Feature","properties":{"h":5.0,"d":4.0,"a":3,"l":"e","t":12},"geometry":{"type":"Point","coordinates":[415432.9,5657689.8]}},{"type":"Feature","properties":{"h":20.0,"d":11.4,"a":0,"l":"d"},"geometry":{"type":"Point","coordinates":[415432.9,5656571.2]}},{"type":"Feature","properties":{"h":20.0,"d":11.4,"a":0,"l":"d"},"geometry":{"type":"Point","coordinates":[415432.9,5656606.2]}},{"type":"Feature","properties":{"h":20.0,"d":11.4,"a":0,"l":"d"},"geometry":{"type":"Point","coordinates":[415433.0,5656609.3]}},{"type":"Feature","properties":{"h":8.0,"d":6.0,"a":5,"l":"d","gn":12,"t":22},"geometry":{"type":"Point","coordinates":[415433.0,5657733.7]}},{"type":"Feature","properties":{"h":20.0,"d":11.4,"a":0,"l":"d"},"geometry":{"type":"Point","coordinates":[415433.2,5656603.8]}},{"type":"Feature","properties":{"h":24.0,"d":13.7,"a":0,"l":"d","gn":4},"geometry":{"type":"Point","coordinates":[415433.4,5656691.8]}},{"type":"Feature","properties":{"h":20.0,"d":11.4,"a":0,"l":"d"},"geometry":{"type":"Point","coordinates":[415433.5,5656767.2]}},{"type":"Feature","properties":{"h":20.0,"d":12.0,"a":1,"l":"d","gn":11,"t":44},"geometry":{"type":"Point","coordinates":[415433.6,5657630.6]}},{"type":"Feature","properties":{"h":19.0,"d":11.0,"a":1,"l":"d","gn":11,"t":30},"geometry":{"type":"Point","coordinates":[415433.6,5657911.9]}},{"type":"Feature","properties":{"h":16.0,"d":8.0,"a":0,"l":"d","gn":1,"t":31},"geometry":{"type":"Point","coordinates":[415433.8,5657759.9]}},{"type":"Feature","properties":{"h":20.0,"d":11.4,"a":0,"l":"d"},"geometry":{"type":"Point","coordinates":[415433.9,5656779.9]}},{"type":"Feature","properties":{"h":20.0,"d":11.4,"a":0,"l":"d"},"geometry":{"type":"Point","coordinates":[415434.1,5656860.2]}},{"type":"Feature","properties":{"h":20.0,"d":11.4,"a":0,"l":"d"},"geometry":{"type":"Point","coordinates":[415434.1,5656758.1]}},{"type":"Feature","properties":{"h":20.0,"d":11.4,"a":0,"l":"d"},"geometry":{"type":"Point","coordinates":[415434.2,5656783.0]}},{"type":"Feature","properties":{"h":20.0,"d":11.4,"a":0,"l":"d"},"geometry":{"type":"Point","coordinates":[415434.3,5656629.0]}},{"type":"Feature","properties":{"h":24.0,"d":13.7,"a":0,"l":"d","gn":4,"t":33},"geometry":{"type":"Point","coordinates":[415434.4,5656873.7]}},{"type":"Feature","properties":{"h":20.0,"d":11.4,"a":0,"l":"d"},"geometry":{"type":"Point","coordinates":[415434.4,5656864.4]}},{"type":"Feature","properties":{"h":16.0,"d":9.0,"a":0,"l":"d","gn":1,"t":31},"geometry":{"type":"Point","coordinates":[415434.4,5657761.0]}},{"type":"Feature","properties":{"h":23.0,"d":8.0,"a":0,"l":"d","gn":1,"t":43},"geometry":{"type":"Point","coordinates":[415434.6,5657657.3]}},{"type":"Feature","properties":{"h":10.0,"d":16.0,"a":1,"l":"d","gn":11,"t":21},"geometry":{"type":"Point","coordinates":[415434.6,5657919.2]}},{"type":"Feature","properties":{"h":20.0,"d":11.4,"a":0,"l":"d"},"geometry":{"type":"Point","coordinates":[415434.9,5656626.8]}},{"type":"Feature","properties":{"h":24.0,"d":13.7,"a":0,"l":"d","gn":4,"t":33},"geometry":{"type":"Point","coordinates":[415435.1,5656877.2]}},{"type":"Feature","properties":{"h":20.0,"d":11.4,"a":0,"l":"d"},"geometry":{"type":"Point","coordinates":[415435.1,5656600.7]}},{"type":"Feature","properties":{"h":20.0,"d":11.4,"a":0,"l":"d"},"geometry":{"type":"Point","coordinates":[415435.2,5656788.3]}},{"type":"Feature","properties":{"h":20.0,"d":11.4,"a":0,"l":"d"},"geometry":{"type":"Point","coordinates":[415435.2,5656702.4]}},{"type":"Feature","properties":{"h":20.0,"d":11.4,"a":0,"l":"d"},"geometry":{"type":"Point","coordinates":[415435.5,5656865.2]}},{"type":"Feature","properties":{"h":16.0,"d":12.0,"a":0,"l":"d","gn":1,"t":48},"geometry":{"type":"Point","coordinates":[415435.6,5657760.2]}},{"type":"Feature","properties":{"h":6.0,"d":3.0,"a":0,"l":"d","gn":1,"t":8},"geometry":{"type":"Point","coordinates":[415435.6,5656688.7]}},{"type":"Feature","properties":{"h":3.0,"d":4.8,"a":3,"l":"e","t":15},"geometry":{"type":"Point","coordinates":[415435.6,5657692.3]}},{"type":"Feature","properties":{"h":20.0,"d":11.4,"a":0,"l":"d"},"geometry":{"type":"Point","coordinates":[415435.6,5656621.8]}},{"type":"Feature","properties":{"h":23.0,"d":13.0,"a":0,"l":"d","gn":1,"t":44},"geometry":{"type":"Point","coordinates":[415435.8,5657628.4]}},{"type":"Feature","properties":{"h":20.0,"d":11.4,"a":0,"l":"d"},"geometry":{"type":"Point","coordinates":[415436.2,5656623.5]}},{"type":"Feature","properties":{"h":20.0,"d":11.4,"a":0,"l":"d"},"geometry":{"type":"Point","coordinates":[415436.2,5656645.5]}},{"type":"Feature","properties":{"h":20.0,"d":11.4,"a":0,"l":"d"},"geometry":{"type":"Point","coordinates":[415436.5,5656787.0]}},{"type":"Feature","properties":{"h":20.0,"d":11.4,"a":0,"l":"d"},"geometry":{"type":"Point","coordinates":[415436.6,5656770.4]}},{"type":"Feature","properties":{"h":17.0,"d":10.0,"a":0,"l":"d","gn":3,"t":57},"geometry":{"type":"Point","coordinates":[415436.8,5657739.4]}},{"type":"Feature","properties":{"h":6.0,"d":3.0,"a":0,"l":"d","gn":1,"t":8},"geometry":{"type":"Point","coordinates":[415437.1,5656689.3]}},{"type":"Feature","properties":{"h":20.0,"d":11.4,"a":0,"l":"d"},"geometry":{"type":"Point","coordinates":[415437.2,5656604.6]}},{"type":"Feature","properties":{"h":15.0,"d":6.0,"a":0,"l":"d","gn":1,"t":25},"geometry":{"type":"Point","coordinates":[415437.3,5657655.4]}},{"type":"Feature","properties":{"h":23.0,"d":16.0,"a":0,"l":"d","gn":1,"t":86},"geometry":{"type":"Point","coordinates":[415437.3,5657691.0]}},{"type":"Feature","properties":{"h":20.0,"d":11.4,"a":0,"l":"d"},"geometry":{"type":"Point","coordinates":[415437.4,5656701.9]}},{"type":"Feature","properties":{"h":24.0,"d":13.7,"a":0,"l":"d","gn":4},"geometry":{"type":"Point","coordinates":[415437.6,5656694.8]}},{"type":"Feature","properties":{"h":18.0,"d":14.0,"a":1,"l":"d","gn":11,"t":36},"geometry":{"type":"Point","coordinates":[415437.6,5657921.6]}},{"type":"Feature","properties":{"h":20.0,"d":11.4,"a":0,"l":"d"},"geometry":{"type":"Point","coordinates":[415437.8,5656864.5]}},{"type":"Feature","properties":{"h":20.0,"d":11.4,"a":0,"l":"d"},"geometry":{"type":"Point","coordinates":[415437.8,5656598.3]}},{"type":"Feature","properties":{"h":20.0,"d":11.4,"a":0,"l":"d"},"geometry":{"type":"Point","coordinates":[415437.8,5656781.8]}},{"type":"Feature","properties":{"h":20.0,"d":11.4,"a":0,"l":"d"},"geometry":{"type":"Point","coordinates":[415437.9,5656760.9]}},{"type":"Feature","properties":{"h":20.0,"d":11.4,"a":0,"l":"d"},"geometry":{"type":"Point","coordinates":[415437.9,5656622.3]}},{"type":"Feature","properties":{"h":20.0,"d":11.4,"a":0,"l":"d"},"geometry":{"type":"Point","coordinates":[415437.9,5656781.6]}},{"type":"Feature","properties":{"h":20.0,"d":11.4,"a":0,"l":"d"},"geometry":{"type":"Point","coordinates":[415438.2,5656785.0]}},{"type":"Feature","properties":{"h":19.0,"d":10.9,"a":0,"l":"d","gn":7},"geometry":{"type":"Point","coordinates":[415438.3,5656676.8]}},{"type":"Feature","properties":{"h":20.0,"d":11.4,"a":0,"l":"d"},"geometry":{"type":"Point","coordinates":[415438.4,5656865.3]}},{"type":"Feature","properties":{"h":20.0,"d":11.4,"a":0,"l":"d"},"geometry":{"type":"Point","coordinates":[415438.5,5656613.3]}},{"type":"Feature","properties":{"h":6.0,"d":4.0,"a":0,"l":"d","gn":3,"t":14},"geometry":{"type":"Point","coordinates":[415438.5,5657745.4]}},{"type":"Feature","properties":{"h":20.0,"d":11.4,"a":0,"l":"d"},"geometry":{"type":"Point","coordinates":[415438.6,5656784.1]}},{"type":"Feature","properties":{"h":20.0,"d":11.4,"a":0,"l":"d"},"geometry":{"type":"Point","coordinates":[415438.7,5656780.1]}},{"type":"Feature","properties":{"h":20.0,"d":11.4,"a":0,"l":"d"},"geometry":{"type":"Point","coordinates":[415438.7,5656604.0]}},{"type":"Feature","properties":{"h":20.0,"d":11.4,"a":0,"l":"d"},"geometry":{"type":"Point","coordinates":[415438.8,5656611.2]}},{"type":"Feature","properties":{"h":20.0,"d":11.4,"a":0,"l":"d"},"geometry":{"type":"Point","coordinates":[415438.8,5656780.7]}},{"type":"Feature","properties":{"h":20.0,"d":11.4,"a":0,"l":"d"},"geometry":{"type":"Point","coordinates":[415439.1,5656648.1]}},{"type":"Feature","properties":{"h":20.0,"d":11.4,"a":0,"l":"d"},"geometry":{"type":"Point","coordinates":[415439.2,5656785.1]}},{"type":"Feature","properties":{"h":20.0,"d":11.4,"a":0,"l":"d"},"geometry":{"type":"Point","coordinates":[415439.2,5656858.0]}},{"type":"Feature","properties":{"h":20.0,"d":11.4,"a":0,"l":"d"},"geometry":{"type":"Point","coordinates":[415439.3,5656861.3]}},{"type":"Feature","properties":{"h":16.0,"d":12.0,"a":0,"l":"d","gn":3,"t":97},"geometry":{"type":"Point","coordinates":[415439.3,5657747.7]}},{"type":"Feature","properties":{"h":12.0,"d":6.0,"a":0,"l":"d","gn":15,"t":22},"geometry":{"type":"Point","coordinates":[415439.6,5657686.3]}},{"type":"Feature","properties":{"h":16.0,"d":10.0,"a":0,"l":"d","gn":9,"t":43},"geometry":{"type":"Point","coordinates":[415439.6,5657099.9]}},{"type":"Feature","properties":{"h":26.0,"d":14.9,"a":0,"l":"d","gn":4,"t":40},"geometry":{"type":"Point","coordinates":[415439.8,5656873.3]}},{"type":"Feature","properties":{"h":20.0,"d":11.4,"a":0,"l":"d"},"geometry":{"type":"Point","coordinates":[415439.9,5656697.0]}},{"type":"Feature","properties":{"h":24.0,"d":13.7,"a":0,"l":"d","gn":4},"geometry":{"type":"Point","coordinates":[415440.0,5656666.8]}},{"type":"Feature","properties":{"h":20.0,"d":11.4,"a":0,"l":"d"},"geometry":{"type":"Point","coordinates":[415440.1,5656781.1]}},{"type":"Feature","properties":{"h":29.0,"d":12.0,"a":0,"l":"d","gn":1,"t":60},"geometry":{"type":"Point","coordinates":[415440.1,5657916.9]}},{"type":"Feature","properties":{"h":23.0,"d":14.0,"a":0,"l":"d","gn":1,"t":45},"geometry":{"type":"Point","coordinates":[415440.2,5657643.5]}},{"type":"Feature","properties":{"h":20.0,"d":11.4,"a":0,"l":"d"},"geometry":{"type":"Point","coordinates":[415440.2,5656764.7]}},{"type":"Feature","properties":{"h":17.0,"d":7.0,"a":0,"l":"d","gn":1,"t":44},"geometry":{"type":"Point","coordinates":[415440.4,5657653.8]}},{"type":"Feature","properties":{"h":20.0,"d":11.4,"a":0,"l":"d"},"geometry":{"type":"Point","coordinates":[415440.6,5656580.4]}},{"type":"Feature","properties":{"h":7.0,"d":5.0,"a":0,"l":"d","gn":3,"t":17},"geometry":{"type":"Point","coordinates":[415440.7,5657752.1]}},{"type":"Feature","properties":{"h":20.0,"d":11.4,"a":0,"l":"d"},"geometry":{"type":"Point","coordinates":[415440.7,5656597.9]}},{"type":"Feature","properties":{"h":8.0,"d":6.0,"a":5,"l":"d","gn":12,"t":25},"geometry":{"type":"Point","coordinates":[415440.7,5657762.3]}},{"type":"Feature","properties":{"h":20.0,"d":11.4,"a":0,"l":"d"},"geometry":{"type":"Point","coordinates":[415440.8,5656647.3]}},{"type":"Feature","properties":{"h":20.0,"d":11.4,"a":0,"l":"d"},"geometry":{"type":"Point","coordinates":[415440.9,5656774.7]}},{"type":"Feature","properties":{"h":20.0,"d":11.4,"a":0,"l":"d"},"geometry":{"type":"Point","coordinates":[415440.9,5656782.5]}},{"type":"Feature","properties":{"h":20.0,"d":11.4,"a":0,"l":"d"},"geometry":{"type":"Point","coordinates":[415441.0,5656752.9]}},{"type":"Feature","properties":{"h":20.0,"d":11.4,"a":0,"l":"d"},"geometry":{"type":"Point","coordinates":[415441.1,5656613.4]}},{"type":"Feature","properties":{"h":6.0,"d":5.0,"a":0,"l":"d","gn":3,"t":20},"geometry":{"type":"Point","coordinates":[415441.4,5657738.1]}},{"type":"Feature","properties":{"h":20.0,"d":11.4,"a":0,"l":"d"},"geometry":{"type":"Point","coordinates":[415441.5,5656781.3]}},{"type":"Feature","properties":{"h":20.0,"d":11.4,"a":0,"l":"d"},"geometry":{"type":"Point","coordinates":[415441.5,5656566.3]}},{"type":"Feature","properties":{"h":23.0,"d":9.0,"a":0,"l":"d","gn":1,"t":26},"geometry":{"type":"Point","coordinates":[415441.6,5657919.9]}},{"type":"Feature","properties":{"h":20.0,"d":11.4,"a":0,"l":"d"},"geometry":{"type":"Point","coordinates":[415441.8,5656611.6]}},{"type":"Feature","properties":{"h":20.0,"d":11.4,"a":0,"l":"d"},"geometry":{"type":"Point","coordinates":[415441.9,5656604.0]}},{"type":"Feature","properties":{"h":20.0,"d":11.4,"a":0,"l":"d"},"geometry":{"type":"Point","coordinates":[415441.9,5656775.1]}},{"type":"Feature","properties":{"h":8.0,"d":6.0,"a":0,"l":"d","gn":3,"t":17},"geometry":{"type":"Point","coordinates":[415441.9,5657756.1]}},{"type":"Feature","properties":{"h":20.0,"d":11.4,"a":0,"l":"d"},"geometry":{"type":"Point","coordinates":[415441.9,5656650.2]}},{"type":"Feature","properties":{"h":4.0,"d":6.0,"a":5,"l":"d","gn":8,"t":21},"geometry":{"type":"Point","coordinates":[415441.9,5657677.0]}},{"type":"Feature","properties":{"h":30.0,"d":10.0,"a":0,"l":"d","gn":20,"t":43},"geometry":{"type":"Point","coordinates":[415442.0,5657694.6]}},{"type":"Feature","properties":{"h":20.0,"d":11.4,"a":0,"l":"d"},"geometry":{"type":"Point","coordinates":[415442.3,5656764.0]}},{"type":"Feature","properties":{"h":20.0,"d":11.4,"a":0,"l":"d"},"geometry":{"type":"Point","coordinates":[415442.4,5656627.7]}},{"type":"Feature","properties":{"h":23.0,"d":9.0,"a":0,"l":"d","gn":31,"t":25},"geometry":{"type":"Point","coordinates":[415442.6,5657918.4]}},{"type":"Feature","properties":{"h":20.0,"d":11.4,"a":0,"l":"d"},"geometry":{"type":"Point","coordinates":[415442.6,5656607.0]}},{"type":"Feature","properties":{"h":20.0,"d":11.4,"a":0,"l":"d"},"geometry":{"type":"Point","coordinates":[415442.7,5656599.8]}},{"type":"Feature","properties":{"h":20.0,"d":11.4,"a":0,"l":"d"},"geometry":{"type":"Point","coordinates":[415442.7,5656762.9]}},{"type":"Feature","properties":{"h":7.0,"d":5.0,"a":0,"l":"d","gn":3,"t":20},"geometry":{"type":"Point","coordinates":[415442.7,5657742.2]}},{"type":"Feature","properties":{"h":20.0,"d":11.4,"a":0,"l":"d"},"geometry":{"type":"Point","coordinates":[415442.8,5656597.6]}},{"type":"Feature","properties":{"h":30.0,"d":8.0,"a":0,"l":"d","gn":20,"t":48},"geometry":{"type":"Point","coordinates":[415443.0,5657700.6]}},{"type":"Feature","properties":{"h":20.0,"d":11.4,"a":0,"l":"d"},"geometry":{"type":"Point","coordinates":[415443.0,5656779.7]}},{"type":"Feature","properties":{"h":24.0,"d":13.7,"a":0,"l":"d","gn":4},"geometry":{"type":"Point","coordinates":[415443.2,5656682.6]}},{"type":"Feature","properties":{"h":7.0,"d":6.0,"a":0,"l":"d","gn":3,"t":19},"geometry":{"type":"Point","coordinates":[415443.4,5657760.6]}},{"type":"Feature","properties":{"h":20.0,"d":11.4,"a":0,"l":"d"},"geometry":{"type":"Point","coordinates":[415443.4,5656865.1]}},{"type":"Feature","properties":{"h":20.0,"d":11.4,"a":0,"l":"d"},"geometry":{"type":"Point","coordinates":[415443.5,5656581.6]}},{"type":"Feature","properties":{"h":27.0,"d":20.0,"a":0,"l":"d","gn":1,"t":101},"geometry":{"type":"Point","coordinates":[415443.7,5657630.6]}},{"type":"Feature","properties":{"h":25.0,"d":13.0,"a":0,"l":"d","gn":1,"t":50},"geometry":{"type":"Point","coordinates":[415443.8,5657694.3]}},{"type":"Feature","properties":{"h":20.0,"d":11.4,"a":0,"l":"d"},"geometry":{"type":"Point","coordinates":[415443.9,5656776.6]}},{"type":"Feature","properties":{"h":8.0,"d":6.0,"a":0,"l":"d","gn":3,"t":21},"geometry":{"type":"Point","coordinates":[415444.0,5657746.3]}},{"type":"Feature","properties":{"h":20.0,"d":11.4,"a":0,"l":"d"},"geometry":{"type":"Point","coordinates":[415444.1,5656572.5]}},{"type":"Feature","properties":{"h":20.0,"d":11.4,"a":0,"l":"d"},"geometry":{"type":"Point","coordinates":[415444.1,5656699.8]}},{"type":"Feature","properties":{"h":20.0,"d":11.4,"a":0,"l":"d"},"geometry":{"type":"Point","coordinates":[415444.2,5656610.4]}},{"type":"Feature","properties":{"h":20.0,"d":11.4,"a":0,"l":"d"},"geometry":{"type":"Point","coordinates":[415444.2,5656597.2]}},{"type":"Feature","properties":{"h":5.0,"d":2.0,"a":0,"l":"d","gn":1,"t":12},"geometry":{"type":"Point","coordinates":[415444.4,5656119.1]}},{"type":"Feature","properties":{"h":20.0,"d":11.4,"a":0,"l":"d"},"geometry":{"type":"Point","coordinates":[415444.4,5656780.2]}},{"type":"Feature","properties":{"h":20.0,"d":11.4,"a":0,"l":"d"},"geometry":{"type":"Point","coordinates":[415444.7,5656601.6]}},{"type":"Feature","properties":{"h":8.0,"d":6.0,"a":0,"l":"d","gn":3,"t":21},"geometry":{"type":"Point","coordinates":[415444.9,5657765.5]}},{"type":"Feature","properties":{"h":28.0,"d":10.0,"a":0,"l":"d","gn":20,"t":40},"geometry":{"type":"Point","coordinates":[415445.0,5657697.0]}},{"type":"Feature","properties":{"h":8.0,"d":6.0,"a":0,"l":"d","gn":3,"t":18},"geometry":{"type":"Point","coordinates":[415445.4,5657750.5]}},{"type":"Feature","properties":{"h":20.0,"d":11.4,"a":0,"l":"d"},"geometry":{"type":"Point","coordinates":[415445.5,5656629.3]}},{"type":"Feature","properties":{"h":20.0,"d":11.4,"a":0,"l":"d"},"geometry":{"type":"Point","coordinates":[415445.5,5656645.0]}},{"type":"Feature","properties":{"h":20.0,"d":11.4,"a":0,"l":"d"},"geometry":{"type":"Point","coordinates":[415445.8,5656863.1]}},{"type":"Feature","properties":{"h":20.0,"d":11.4,"a":0,"l":"d"},"geometry":{"type":"Point","coordinates":[415445.9,5656706.5]}},{"type":"Feature","properties":{"h":20.0,"d":11.4,"a":0,"l":"d"},"geometry":{"type":"Point","coordinates":[415445.9,5656628.7]}},{"type":"Feature","properties":{"h":20.0,"d":11.4,"a":0,"l":"d"},"geometry":{"type":"Point","coordinates":[415446.0,5656657.0]}},{"type":"Feature","properties":{"h":7.0,"d":5.0,"a":0,"l":"d","gn":3,"t":22},"geometry":{"type":"Point","coordinates":[415446.3,5657770.1]}},{"type":"Feature","properties":{"h":20.0,"d":11.4,"a":0,"l":"d"},"geometry":{"type":"Point","coordinates":[415446.6,5656617.0]}},{"type":"Feature","properties":{"h":20.0,"d":11.4,"a":0,"l":"d"},"geometry":{"type":"Point","coordinates":[415446.6,5656596.5]}},{"type":"Feature","properties":{"h":4.0,"d":5.0,"a":5,"l":"d","t":16},"geometry":{"type":"Point","coordinates":[415446.6,5657629.2]}},{"type":"Feature","properties":{"h":8.0,"d":6.0,"a":0,"l":"d","gn":3,"t":21},"geometry":{"type":"Point","coordinates":[415446.7,5657754.8]}},{"type":"Feature","properties":{"h":28.0,"d":11.0,"a":1,"l":"d","gn":22,"t":60},"geometry":{"type":"Point","coordinates":[415446.8,5657915.2]}},{"type":"Feature","properties":{"h":20.0,"d":11.4,"a":0,"l":"d"},"geometry":{"type":"Point","coordinates":[415446.8,5656702.0]}},{"type":"Feature","properties":{"h":20.0,"d":11.4,"a":0,"l":"d"},"geometry":{"type":"Point","coordinates":[415446.9,5656615.1]}},{"type":"Feature","properties":{"h":20.0,"d":11.4,"a":0,"l":"d"},"geometry":{"type":"Point","coordinates":[415447.1,5656771.2]}},{"type":"Feature","properties":{"h":20.0,"d":11.4,"a":0,"l":"d"},"geometry":{"type":"Point","coordinates":[415447.1,5656612.8]}},{"type":"Feature","properties":{"h":20.0,"d":11.4,"a":0,"l":"d"},"geometry":{"type":"Point","coordinates":[415447.2,5656643.8]}},{"type":"Feature","properties":{"h":27.0,"d":24.0,"a":0,"l":"d","gn":4,"t":126},"geometry":{"type":"Point","coordinates":[415447.2,5657661.3]}},{"type":"Feature","properties":{"h":20.0,"d":11.4,"a":0,"l":"d"},"geometry":{"type":"Point","coordinates":[415447.2,5656864.8]}},{"type":"Feature","properties":{"h":20.0,"d":11.4,"a":0,"l":"d"},"geometry":{"type":"Point","coordinates":[415447.3,5656773.4]}},{"type":"Feature","properties":{"h":15.0,"d":8.6,"a":0,"l":"d","t":32},"geometry":{"type":"Point","coordinates":[415447.4,5656592.6]}},{"type":"Feature","properties":{"h":29.0,"d":11.0,"a":0,"l":"d","gn":20,"t":53},"geometry":{"type":"Point","coordinates":[415447.4,5657698.0]}},{"type":"Feature","properties":{"h":20.0,"d":11.4,"a":0,"l":"d"},"geometry":{"type":"Point","coordinates":[415447.7,5656773.3]}},{"type":"Feature","properties":{"h":25.0,"d":15.0,"a":0,"l":"d","gn":1,"t":53},"geometry":{"type":"Point","coordinates":[415447.8,5657685.1]}},{"type":"Feature","properties":{"h":8.0,"d":6.0,"a":0,"l":"d","gn":3,"t":25},"geometry":{"type":"Point","coordinates":[415447.8,5657774.6]}},{"type":"Feature","properties":{"h":26.0,"d":12.0,"a":0,"l":"d","gn":1,"t":44},"geometry":{"type":"Point","coordinates":[415447.8,5657686.0]}},{"type":"Feature","properties":{"h":22.0,"d":14.3,"a":3,"l":"e"},"geometry":{"type":"Point","coordinates":[415447.8,5656685.5]}},{"type":"Feature","properties":{"h":6.0,"d":2.0,"a":0,"l":"d","gn":3,"t":7},"geometry":{"type":"Point","coordinates":[415447.9,5657854.9]}},{"type":"Feature","properties":{"h":5.0,"d":4.0,"a":5,"l":"d","gn":12,"t":13},"geometry":{"type":"Point","coordinates":[415448.0,5656066.4]}},{"type":"Feature","properties":{"h":17.0,"d":10.0,"a":0,"l":"d","gn":15,"t":22},"geometry":{"type":"Point","coordinates":[415448.0,5657694.1]}},{"type":"Feature","properties":{"h":20.0,"d":11.4,"a":0,"l":"d"},"geometry":{"type":"Point","coordinates":[415448.1,5656628.6]}},{"type":"Feature","properties":{"h":16.0,"d":12.0,"a":0,"l":"d","gn":9,"t":44},"geometry":{"type":"Point","coordinates":[415448.1,5657097.3]}},{"type":"Feature","properties":{"h":5.0,"d":3.0,"a":5,"l":"d","gn":12,"t":13},"geometry":{"type":"Point","coordinates":[415448.1,5656023.9]}},{"type":"Feature","properties":{"h":8.0,"d":6.0,"a":0,"l":"d","gn":3,"t":22},"geometry":{"type":"Point","coordinates":[415448.2,5657759.4]}},{"type":"Feature","properties":{"h":15.0,"d":8.6,"a":0,"l":"d","t":50},"geometry":{"type":"Point","coordinates":[415448.2,5656595.4]}},{"type":"Feature","properties":{"h":20.0,"d":11.4,"a":0,"l":"d"},"geometry":{"type":"Point","coordinates":[415448.3,5656647.9]}},{"type":"Feature","properties":{"h":32.0,"d":14.0,"a":0,"l":"d","gn":31,"t":108},"geometry":{"type":"Point","coordinates":[415448.7,5657861.1]}},{"type":"Feature","properties":{"h":29.0,"d":10.0,"a":0,"l":"d","gn":20,"t":59},"geometry":{"type":"Point","coordinates":[415449.0,5657701.0]}},{"type":"Feature","properties":{"h":24.0,"d":13.7,"a":0,"l":"d","gn":4,"t":52},"geometry":{"type":"Point","coordinates":[415449.1,5656880.8]}},{"type":"Feature","properties":{"h":22.0,"d":8.0,"a":0,"l":"d","gn":1,"t":33},"geometry":{"type":"Point","coordinates":[415449.1,5657705.4]}},{"type":"Feature","properties":{"h":20.0,"d":11.4,"a":0,"l":"d"},"geometry":{"type":"Point","coordinates":[415449.2,5656579.6]}},{"type":"Feature","properties":{"h":20.0,"d":11.4,"a":0,"l":"d"},"geometry":{"type":"Point","coordinates":[415449.2,5656612.1]}},{"type":"Feature","properties":{"h":20.0,"d":11.4,"a":0,"l":"d"},"geometry":{"type":"Point","coordinates":[415449.2,5656752.1]}},{"type":"Feature","properties":{"h":8.0,"d":6.0,"a":0,"l":"d","gn":3,"t":22},"geometry":{"type":"Point","coordinates":[415449.2,5657779.2]}},{"type":"Feature","properties":{"h":20.0,"d":11.4,"a":0,"l":"d"},"geometry":{"type":"Point","coordinates":[415449.4,5656616.7]}},{"type":"Feature","properties":{"h":17.0,"d":10.0,"a":0,"l":"d","gn":4,"t":31},"geometry":{"type":"Point","coordinates":[415449.6,5657694.2]}},{"type":"Feature","properties":{"h":20.0,"d":11.4,"a":0,"l":"d"},"geometry":{"type":"Point","coordinates":[415449.7,5656598.7]}},{"type":"Feature","properties":{"h":8.0,"d":6.0,"a":0,"l":"d","gn":3,"t":22},"geometry":{"type":"Point","coordinates":[415449.7,5657764.0]}},{"type":"Feature","properties":{"h":14.0,"d":5.0,"a":0,"l":"d","gn":1,"t":22},"geometry":{"type":"Point","coordinates":[415449.9,5657699.9]}},{"type":"Feature","properties":{"h":20.0,"d":11.4,"a":0,"l":"d"},"geometry":{"type":"Point","coordinates":[415449.9,5656646.9]}},{"type":"Feature","properties":{"h":20.0,"d":11.4,"a":0,"l":"d"},"geometry":{"type":"Point","coordinates":[415450.0,5656638.0]}},{"type":"Feature","properties":{"h":20.0,"d":11.4,"a":0,"l":"d"},"geometry":{"type":"Point","coordinates":[415450.0,5656754.1]}},{"type":"Feature","properties":{"h":20.0,"d":11.4,"a":0,"l":"d"},"geometry":{"type":"Point","coordinates":[415450.1,5656864.7]}},{"type":"Feature","properties":{"h":20.0,"d":11.4,"a":0,"l":"d"},"geometry":{"type":"Point","coordinates":[415450.3,5656765.9]}},{"type":"Feature","properties":{"h":20.0,"d":11.4,"a":0,"l":"d"},"geometry":{"type":"Point","coordinates":[415450.3,5656603.6]}},{"type":"Feature","properties":{"h":20.0,"d":11.4,"a":0,"l":"d"},"geometry":{"type":"Point","coordinates":[415450.3,5656666.6]}},{"type":"Feature","properties":{"h":20.0,"d":11.4,"a":0,"l":"d"},"geometry":{"type":"Point","coordinates":[415450.4,5656601.8]}},{"type":"Feature","properties":{"h":25.0,"d":15.0,"a":1,"l":"d","gn":11,"t":43},"geometry":{"type":"Point","coordinates":[415450.4,5657902.9]}},{"type":"Feature","properties":{"h":5.0,"d":4.0,"a":5,"l":"d","gn":12,"t":12},"geometry":{"type":"Point","coordinates":[415450.5,5656088.3]}},{"type":"Feature","properties":{"h":20.0,"d":11.4,"a":0,"l":"d"},"geometry":{"type":"Point","coordinates":[415450.5,5656715.8]}},{"type":"Feature","properties":{"h":28.0,"d":22.0,"a":0,"l":"d","gn":4,"t":88},"geometry":{"type":"Point","coordinates":[415450.6,5657894.5]}},{"type":"Feature","properties":{"h":20.0,"d":11.4,"a":0,"l":"d"},"geometry":{"type":"Point","coordinates":[415450.7,5656763.4]}},{"type":"Feature","properties":{"h":20.0,"d":11.4,"a":0,"l":"d"},"geometry":{"type":"Point","coordinates":[415450.7,5656643.2]}},{"type":"Feature","properties":{"h":20.0,"d":11.4,"a":0,"l":"d"},"geometry":{"type":"Point","coordinates":[415450.7,5656592.4]}},{"type":"Feature","properties":{"h":20.0,"d":11.4,"a":0,"l":"d"},"geometry":{"type":"Point","coordinates":[415450.8,5656864.0]}},{"type":"Feature","properties":{"h":20.0,"d":11.4,"a":0,"l":"d"},"geometry":{"type":"Point","coordinates":[415450.9,5656866.2]}},{"type":"Feature","properties":{"h":20.0,"d":11.4,"a":0,"l":"d"},"geometry":{"type":"Point","coordinates":[415451.0,5656677.1]}},{"type":"Feature","properties":{"h":8.0,"d":6.0,"a":0,"l":"d","gn":3,"t":25},"geometry":{"type":"Point","coordinates":[415451.1,5657768.5]}},{"type":"Feature","properties":{"h":18.0,"d":8.0,"a":0,"l":"d","gn":3,"t":21},"geometry":{"type":"Point","coordinates":[415451.2,5657916.8]}},{"type":"Feature","properties":{"h":20.0,"d":11.4,"a":0,"l":"d"},"geometry":{"type":"Point","coordinates":[415451.3,5656616.0]}},{"type":"Feature","properties":{"h":5.0,"d":3.0,"a":5,"l":"d","gn":12,"t":12},"geometry":{"type":"Point","coordinates":[415451.6,5656095.2]}},{"type":"Feature","properties":{"h":20.0,"d":11.4,"a":0,"l":"d"},"geometry":{"type":"Point","coordinates":[415451.7,5656662.0]}},{"type":"Feature","properties":{"h":20.0,"d":11.4,"a":0,"l":"d"},"geometry":{"type":"Point","coordinates":[415451.9,5656749.6]}},{"type":"Feature","properties":{"h":20.0,"d":11.4,"a":0,"l":"d"},"geometry":{"type":"Point","coordinates":[415452.1,5656621.2]}},{"type":"Feature","properties":{"h":20.0,"d":11.4,"a":0,"l":"d"},"geometry":{"type":"Point","coordinates":[415452.2,5656858.0]}},{"type":"Feature","properties":{"h":20.0,"d":11.4,"a":0,"l":"d"},"geometry":{"type":"Point","coordinates":[415452.4,5656619.2]}},{"type":"Feature","properties":{"h":20.0,"d":11.4,"a":0,"l":"d"},"geometry":{"type":"Point","coordinates":[415452.5,5656856.7]}},{"type":"Feature","properties":{"h":20.0,"d":11.4,"a":0,"l":"d"},"geometry":{"type":"Point","coordinates":[415452.5,5656854.4]}},{"type":"Feature","properties":{"h":8.0,"d":6.0,"a":0,"l":"d","gn":3,"t":23},"geometry":{"type":"Point","coordinates":[415452.5,5657773.1]}},{"type":"Feature","properties":{"h":20.0,"d":11.4,"a":0,"l":"d"},"geometry":{"type":"Point","coordinates":[415452.5,5656878.4]}},{"type":"Feature","properties":{"h":20.0,"d":11.4,"a":0,"l":"d"},"geometry":{"type":"Point","coordinates":[415452.8,5656864.8]}},{"type":"Feature","properties":{"h":20.0,"d":11.4,"a":0,"l":"d"},"geometry":{"type":"Point","coordinates":[415452.8,5656660.0]}},{"type":"Feature","properties":{"h":25.0,"d":12.0,"a":1,"l":"d","gn":11,"t":47},"geometry":{"type":"Point","coordinates":[415452.9,5657901.7]}},{"type":"Feature","properties":{"h":5.0,"d":5.0,"a":5,"l":"d","t":14},"geometry":{"type":"Point","coordinates":[415453.1,5657628.1]}},{"type":"Feature","properties":{"h":20.0,"d":11.4,"a":0,"l":"d"},"geometry":{"type":"Point","coordinates":[415453.2,5656674.9]}},{"type":"Feature","properties":{"h":5.0,"d":2.0,"a":5,"l":"d","gn":12,"t":10},"geometry":{"type":"Point","coordinates":[415453.3,5656102.6]}},{"type":"Feature","properties":{"h":20.0,"d":11.4,"a":0,"l":"d"},"geometry":{"type":"Point","coordinates":[415453.7,5656646.2]}},{"type":"Feature","properties":{"h":20.0,"d":11.4,"a":0,"l":"d"},"geometry":{"type":"Point","coordinates":[415453.9,5656594.7]}},{"type":"Feature","properties":{"h":8.0,"d":6.0,"a":0,"l":"d","gn":3,"t":23},"geometry":{"type":"Point","coordinates":[415453.9,5657777.6]}},{"type":"Feature","properties":{"h":4.0,"d":4.0,"a":5,"l":"d","gn":12,"t":8},"geometry":{"type":"Point","coordinates":[415454.2,5657622.2]}},{"type":"Feature","properties":{"h":20.0,"d":11.4,"a":0,"l":"d"},"geometry":{"type":"Point","coordinates":[415454.3,5656588.2]}},{"type":"Feature","properties":{"h":18.0,"d":14.0,"a":0,"l":"d","gn":31,"t":44},"geometry":{"type":"Point","coordinates":[415454.4,5657802.0]}},{"type":"Feature","properties":{"h":20.0,"d":11.4,"a":0,"l":"d"},"geometry":{"type":"Point","coordinates":[415454.6,5656763.9]}},{"type":"Feature","properties":{"h":28.0,"d":16.0,"a":0,"l":"d","gn":1,"t":65},"geometry":{"type":"Point","coordinates":[415454.6,5657918.1]}},{"type":"Feature","properties":{"h":20.0,"d":11.4,"a":0,"l":"d"},"geometry":{"type":"Point","coordinates":[415455.1,5656631.8]}},{"type":"Feature","properties":{"h":20.0,"d":11.4,"a":0,"l":"d"},"geometry":{"type":"Point","coordinates":[415455.3,5656616.7]}},{"type":"Feature","properties":{"h":30.0,"d":21.0,"a":0,"l":"d","gn":31,"t":97},"geometry":{"type":"Point","coordinates":[415455.4,5657826.1]}},{"type":"Feature","properties":{"h":20.0,"d":11.4,"a":0,"l":"d"},"geometry":{"type":"Point","coordinates":[415455.6,5656614.5]}},{"type":"Feature","properties":{"h":20.0,"d":11.4,"a":0,"l":"d"},"geometry":{"type":"Point","coordinates":[415455.6,5656728.7]}},{"type":"Feature","properties":{"h":30.0,"d":18.0,"a":0,"l":"d","gn":31,"t":106},"geometry":{"type":"Point","coordinates":[415455.8,5657860.8]}},{"type":"Feature","properties":{"h":20.0,"d":11.4,"a":0,"l":"d"},"geometry":{"type":"Point","coordinates":[415456.0,5656669.6]}},{"type":"Feature","properties":{"h":5.0,"d":5.0,"a":5,"l":"d","t":11},"geometry":{"type":"Point","coordinates":[415456.0,5657630.1]}},{"type":"Feature","properties":{"h":20.0,"d":11.4,"a":0,"l":"d"},"geometry":{"type":"Point","coordinates":[415456.1,5656633.7]}},{"type":"Feature","properties":{"h":20.0,"d":11.4,"a":0,"l":"d"},"geometry":{"type":"Point","coordinates":[415456.2,5656594.1]}},{"type":"Feature","properties":{"h":20.0,"d":11.4,"a":0,"l":"d"},"geometry":{"type":"Point","coordinates":[415456.2,5656638.7]}},{"type":"Feature","properties":{"h":20.0,"d":11.4,"a":0,"l":"d"},"geometry":{"type":"Point","coordinates":[415456.3,5656853.8]}},{"type":"Feature","properties":{"h":20.0,"d":11.4,"a":0,"l":"d"},"geometry":{"type":"Point","coordinates":[415456.3,5656766.2]}},{"type":"Feature","properties":{"h":20.0,"d":11.4,"a":0,"l":"d"},"geometry":{"type":"Point","coordinates":[415456.5,5656855.1]}},{"type":"Feature","properties":{"h":20.0,"d":11.4,"a":0,"l":"d"},"geometry":{"type":"Point","coordinates":[415456.6,5656848.3]}},{"type":"Feature","properties":{"h":19.0,"d":12.0,"a":0,"l":"d","gn":1,"t":54},"geometry":{"type":"Point","coordinates":[415456.6,5657720.5]}},{"type":"Feature","properties":{"h":20.0,"d":11.4,"a":0,"l":"d"},"geometry":{"type":"Point","coordinates":[415456.7,5656624.2]}},{"type":"Feature","properties":{"h":20.0,"d":11.4,"a":0,"l":"d"},"geometry":{"type":"Point","coordinates":[415456.7,5656620.7]}},{"type":"Feature","properties":{"h":20.0,"d":11.4,"a":0,"l":"d"},"geometry":{"type":"Point","coordinates":[415456.8,5656767.6]}},{"type":"Feature","properties":{"h":20.0,"d":11.4,"a":0,"l":"d"},"geometry":{"type":"Point","coordinates":[415456.8,5656571.3]}},{"type":"Feature","properties":{"h":20.0,"d":11.4,"a":0,"l":"d"},"geometry":{"type":"Point","coordinates":[415457.0,5656596.8]}},{"type":"Feature","properties":{"h":6.0,"d":2.0,"a":0,"l":"d","gn":31,"t":7},"geometry":{"type":"Point","coordinates":[415457.1,5657823.4]}},{"type":"Feature","properties":{"h":20.0,"d":11.4,"a":0,"l":"d"},"geometry":{"type":"Point","coordinates":[415457.4,5656763.0]}},{"type":"Feature","properties":{"h":5.0,"d":3.0,"a":5,"l":"d","gn":12,"t":12},"geometry":{"type":"Point","coordinates":[415457.6,5656043.1]}},{"type":"Feature","properties":{"h":5.0,"d":4.0,"a":5,"l":"d","gn":12,"t":13},"geometry":{"type":"Point","coordinates":[415457.6,5656054.2]}},{"type":"Feature","properties":{"h":20.0,"d":11.4,"a":0,"l":"d"},"geometry":{"type":"Point","coordinates":[415457.7,5656634.5]}},{"type":"Feature","properties":{"h":27.0,"d":12.0,"a":0,"l":"d","gn":20,"t":66},"geometry":{"type":"Point","coordinates":[415457.8,5657702.1]}},{"type":"Feature","properties":{"h":20.0,"d":11.4,"a":0,"l":"d"},"geometry":{"type":"Point","coordinates":[415457.8,5656726.9]}},{"type":"Feature","properties":{"h":5.0,"d":3.0,"a":5,"l":"d","gn":12,"t":12},"geometry":{"type":"Point","coordinates":[415457.9,5656064.1]}},{"type":"Feature","properties":{"h":5.0,"d":3.0,"a":5,"l":"d","gn":12,"t":11},"geometry":{"type":"Point","coordinates":[415458.1,5656028.6]}},{"type":"Feature","properties":{"h":10.0,"d":7.0,"a":0,"l":"d","gn":1,"t":20},"geometry":{"type":"Point","coordinates":[415458.3,5657835.7]}},{"type":"Feature","properties":{"h":8.0,"d":10.0,"a":0,"l":"d","gn":34,"t":26},"geometry":{"type":"Point","coordinates":[415458.4,5657679.9]}},{"type":"Feature","properties":{"h":20.0,"d":11.4,"a":0,"l":"d"},"geometry":{"type":"Point","coordinates":[415458.6,5656591.5]}},{"type":"Feature","properties":{"h":20.0,"d":11.4,"a":0,"l":"d"},"geometry":{"type":"Point","coordinates":[415458.8,5656728.6]}},{"type":"Feature","properties":{"h":5.0,"d":3.0,"a":5,"l":"d","gn":12,"t":13},"geometry":{"type":"Point","coordinates":[415458.8,5656021.0]}},{"type":"Feature","properties":{"h":20.0,"d":11.4,"a":0,"l":"d"},"geometry":{"type":"Point","coordinates":[415458.9,5656760.3]}},{"type":"Feature","properties":{"h":5.0,"d":3.0,"a":5,"l":"d","gn":12,"t":13},"geometry":{"type":"Point","coordinates":[415459.0,5656075.2]}},{"type":"Feature","properties":{"h":20.0,"d":11.4,"a":0,"l":"d"},"geometry":{"type":"Point","coordinates":[415459.3,5656695.8]}},{"type":"Feature","properties":{"h":20.0,"d":11.4,"a":0,"l":"d"},"geometry":{"type":"Point","coordinates":[415459.4,5656677.3]}},{"type":"Feature","properties":{"h":19.0,"d":10.0,"a":1,"l":"d","gn":11,"t":25},"geometry":{"type":"Point","coordinates":[415459.4,5657915.6]}},{"type":"Feature","properties":{"h":37.0,"d":11.0,"a":0,"l":"d","gn":6,"t":90},"geometry":{"type":"Point","coordinates":[415459.6,5657916.6]}},{"type":"Feature","properties":{"h":14.0,"d":13.0,"a":1,"l":"d","gn":11,"t":24},"geometry":{"type":"Point","coordinates":[415459.6,5657912.3]}},{"type":"Feature","properties":{"h":36.0,"d":12.0,"a":0,"l":"d","gn":6,"t":70},"geometry":{"type":"Point","coordinates":[415459.7,5657913.5]}},{"type":"Feature","properties":{"h":20.0,"d":11.4,"a":0,"l":"d"},"geometry":{"type":"Point","coordinates":[415459.8,5656668.8]}},{"type":"Feature","properties":{"h":20.0,"d":11.4,"a":0,"l":"d"},"geometry":{"type":"Point","coordinates":[415459.8,5656624.1]}},{"type":"Feature","properties":{"h":20.0,"d":11.4,"a":0,"l":"d"},"geometry":{"type":"Point","coordinates":[415459.8,5656599.1]}},{"type":"Feature","properties":{"h":20.0,"d":11.4,"a":0,"l":"d"},"geometry":{"type":"Point","coordinates":[415460.1,5656622.1]}},{"type":"Feature","properties":{"h":20.0,"d":11.4,"a":0,"l":"d"},"geometry":{"type":"Point","coordinates":[415460.2,5656597.3]}},{"type":"Feature","properties":{"h":20.0,"d":11.4,"a":0,"l":"d"},"geometry":{"type":"Point","coordinates":[415460.4,5656618.1]}},{"type":"Feature","properties":{"h":20.0,"d":11.4,"a":0,"l":"d"},"geometry":{"type":"Point","coordinates":[415460.4,5656853.6]}},{"type":"Feature","properties":{"h":20.0,"d":11.4,"a":0,"l":"d"},"geometry":{"type":"Point","coordinates":[415460.4,5656847.6]}},{"type":"Feature","properties":{"h":20.0,"d":11.4,"a":0,"l":"d"},"geometry":{"type":"Point","coordinates":[415460.4,5656750.3]}},{"type":"Feature","properties":{"h":28.0,"d":9.0,"a":0,"l":"d","gn":7,"t":69},"geometry":{"type":"Point","coordinates":[415460.5,5657848.6]}},{"type":"Feature","properties":{"h":20.0,"d":11.4,"a":0,"l":"d"},"geometry":{"type":"Point","coordinates":[415460.6,5656638.3]}},{"type":"Feature","properties":{"h":20.0,"d":11.4,"a":0,"l":"d"},"geometry":{"type":"Point","coordinates":[415460.8,5656574.7]}},{"type":"Feature","properties":{"h":20.0,"d":11.4,"a":0,"l":"d"},"geometry":{"type":"Point","coordinates":[415461.0,5656851.3]}},{"type":"Feature","properties":{"h":20.0,"d":11.4,"a":0,"l":"d"},"geometry":{"type":"Point","coordinates":[415461.3,5656757.9]}},{"type":"Feature","properties":{"h":5.0,"d":3.0,"a":5,"l":"d","gn":12,"t":12},"geometry":{"type":"Point","coordinates":[415461.4,5656004.0]}},{"type":"Feature","properties":{"h":20.0,"d":11.4,"a":0,"l":"d"},"geometry":{"type":"Point","coordinates":[415461.6,5656747.6]}},{"type":"Feature","properties":{"h":6.0,"d":4.0,"a":5,"l":"d","gn":12,"t":14},"geometry":{"type":"Point","coordinates":[415461.7,5656093.5]}},{"type":"Feature","properties":{"h":14.0,"d":11.0,"a":0,"l":"d","gn":15,"t":40},"geometry":{"type":"Point","coordinates":[415462.0,5657624.7]}},{"type":"Feature","properties":{"h":20.0,"d":11.4,"a":0,"l":"d"},"geometry":{"type":"Point","coordinates":[415462.0,5656634.8]}},{"type":"Feature","properties":{"h":20.0,"d":11.4,"a":0,"l":"d"},"geometry":{"type":"Point","coordinates":[415462.0,5656737.4]}},{"type":"Feature","properties":{"h":20.0,"d":11.4,"a":0,"l":"d"},"geometry":{"type":"Point","coordinates":[415462.1,5656749.3]}},{"type":"Feature","properties":{"h":15.0,"d":10.0,"a":0,"l":"d","gn":9,"t":31},"geometry":{"type":"Point","coordinates":[415462.1,5657092.9]}},{"type":"Feature","properties":{"h":30.0,"d":15.0,"a":1,"l":"d","gn":22,"t":89},"geometry":{"type":"Point","coordinates":[415462.2,5657900.3]}},{"type":"Feature","properties":{"h":36.0,"d":14.0,"a":0,"l":"d","gn":6,"t":73},"geometry":{"type":"Point","coordinates":[415462.2,5657913.1]}},{"type":"Feature","properties":{"h":2.0,"d":2.0,"a":5,"l":"d","t":3},"geometry":{"type":"Point","coordinates":[415462.8,5657619.8]}},{"type":"Feature","properties":{"h":20.0,"d":11.4,"a":0,"l":"d"},"geometry":{"type":"Point","coordinates":[415462.8,5656681.5]}},{"type":"Feature","properties":{"h":20.0,"d":11.4,"a":0,"l":"d"},"geometry":{"type":"Point","coordinates":[415463.1,5656642.1]}},{"type":"Feature","properties":{"h":5.0,"d":3.0,"a":5,"l":"d","gn":12,"t":12},"geometry":{"type":"Point","coordinates":[415463.2,5656100.0]}},{"type":"Feature","properties":{"h":20.0,"d":11.4,"a":0,"l":"d"},"geometry":{"type":"Point","coordinates":[415463.4,5656626.6]}},{"type":"Feature","properties":{"h":20.0,"d":11.4,"a":0,"l":"d"},"geometry":{"type":"Point","coordinates":[415463.6,5656583.8]}},{"type":"Feature","properties":{"h":7.0,"d":5.0,"a":5,"l":"d","gn":12,"t":26},"geometry":{"type":"Point","coordinates":[415463.7,5656147.5]}},{"type":"Feature","properties":{"h":20.0,"d":11.4,"a":0,"l":"d"},"geometry":{"type":"Point","coordinates":[415464.2,5656727.0]}},{"type":"Feature","properties":{"h":6.0,"d":7.0,"a":5,"l":"d","t":17},"geometry":{"type":"Point","coordinates":[415464.2,5657680.9]}},{"type":"Feature","properties":{"h":20.0,"d":11.4,"a":0,"l":"d"},"geometry":{"type":"Point","coordinates":[415464.3,5656685.9]}},{"type":"Feature","properties":{"h":28.0,"d":15.0,"a":0,"l":"d","gn":1,"t":74},"geometry":{"type":"Point","coordinates":[415464.5,5657686.8]}},{"type":"Feature","properties":{"h":20.0,"d":11.4,"a":0,"l":"d"},"geometry":{"type":"Point","coordinates":[415464.6,5656676.2]}},{"type":"Feature","properties":{"h":20.0,"d":11.4,"a":0,"l":"d"},"geometry":{"type":"Point","coordinates":[415464.7,5656707.0]}},{"type":"Feature","properties":{"h":20.0,"d":11.4,"a":0,"l":"d"},"geometry":{"type":"Point","coordinates":[415464.7,5656735.0]}},{"type":"Feature","properties":{"h":20.0,"d":11.4,"a":0,"l":"d"},"geometry":{"type":"Point","coordinates":[415464.9,5656727.0]}},{"type":"Feature","properties":{"h":7.0,"d":5.0,"a":5,"l":"d","gn":12,"t":21},"geometry":{"type":"Point","coordinates":[415464.9,5656215.5]}},{"type":"Feature","properties":{"h":20.0,"d":11.4,"a":0,"l":"d"},"geometry":{"type":"Point","coordinates":[415464.9,5656726.3]}},{"type":"Feature","properties":{"h":20.0,"d":11.4,"a":0,"l":"d"},"geometry":{"type":"Point","coordinates":[415465.0,5656682.2]}},{"type":"Feature","properties":{"h":20.0,"d":8.0,"a":0,"l":"d","gn":1,"t":28},"geometry":{"type":"Point","coordinates":[415465.1,5657870.1]}},{"type":"Feature","properties":{"h":20.0,"d":11.4,"a":0,"l":"d"},"geometry":{"type":"Point","coordinates":[415465.5,5656703.3]}},{"type":"Feature","properties":{"h":20.0,"d":11.4,"a":0,"l":"d"},"geometry":{"type":"Point","coordinates":[415465.7,5656743.4]}},{"type":"Feature","properties":{"h":20.0,"d":11.4,"a":0,"l":"d"},"geometry":{"type":"Point","coordinates":[415465.7,5656699.3]}},{"type":"Feature","properties":{"h":20.0,"d":11.4,"a":0,"l":"d"},"geometry":{"type":"Point","coordinates":[415465.8,5656685.2]}},{"type":"Feature","properties":{"h":18.0,"d":16.0,"a":0,"l":"d","gn":31,"t":58},"geometry":{"type":"Point","coordinates":[415465.9,5657802.6]}},{"type":"Feature","properties":{"h":20.0,"d":11.4,"a":0,"l":"d"},"geometry":{"type":"Point","coordinates":[415465.9,5656626.1]}},{"type":"Feature","properties":{"h":24.0,"d":18.0,"a":0,"l":"d","gn":4,"t":100},"geometry":{"type":"Point","coordinates":[415466.0,5657670.0]}},{"type":"Feature","properties":{"h":20.0,"d":11.4,"a":0,"l":"d"},"geometry":{"type":"Point","coordinates":[415466.3,5656710.6]}},{"type":"Feature","properties":{"h":20.0,"d":11.4,"a":0,"l":"d"},"geometry":{"type":"Point","coordinates":[415466.5,5656748.3]}},{"type":"Feature","properties":{"h":20.0,"d":11.4,"a":0,"l":"d"},"geometry":{"type":"Point","coordinates":[415466.6,5656572.6]}},{"type":"Feature","properties":{"h":20.0,"d":11.4,"a":0,"l":"d"},"geometry":{"type":"Point","coordinates":[415466.7,5656623.9]}},{"type":"Feature","properties":{"h":28.0,"d":15.0,"a":0,"l":"d","gn":1,"t":58},"geometry":{"type":"Point","coordinates":[415466.8,5657685.3]}},{"type":"Feature","properties":{"h":25.0,"d":14.3,"a":0,"l":"d","t":79},"geometry":{"type":"Point","coordinates":[415467.0,5656742.8]}},{"type":"Feature","properties":{"h":20.0,"d":11.4,"a":0,"l":"d"},"geometry":{"type":"Point","coordinates":[415467.0,5656692.8]}},{"type":"Feature","properties":{"h":26.0,"d":12.0,"a":0,"l":"d","gn":31,"t":40},"geometry":{"type":"Point","coordinates":[415467.1,5657913.8]}},{"type":"Feature","properties":{"h":20.0,"d":11.4,"a":0,"l":"d"},"geometry":{"type":"Point","coordinates":[415467.5,5656625.5]}},{"type":"Feature","properties":{"h":8.0,"d":11.0,"a":5,"l":"d","t":23},"geometry":{"type":"Point","coordinates":[415467.7,5657629.3]}},{"type":"Feature","properties":{"h":20.0,"d":11.4,"a":0,"l":"d"},"geometry":{"type":"Point","coordinates":[415467.7,5656717.4]}},{"type":"Feature","properties":{"h":20.0,"d":11.4,"a":0,"l":"d"},"geometry":{"type":"Point","coordinates":[415468.0,5656643.4]}},{"type":"Feature","properties":{"h":20.0,"d":16.0,"a":1,"l":"d","gn":11,"t":80},"geometry":{"type":"Point","coordinates":[415468.2,5657729.6]}},{"type":"Feature","properties":{"h":20.0,"d":11.4,"a":0,"l":"d"},"geometry":{"type":"Point","coordinates":[415468.3,5656580.9]}},{"type":"Feature","properties":{"h":20.0,"d":11.4,"a":0,"l":"d"},"geometry":{"type":"Point","coordinates":[415468.6,5656853.4]}},{"type":"Feature","properties":{"h":23.0,"d":13.0,"a":0,"l":"d","gn":1,"t":47},"geometry":{"type":"Point","coordinates":[415468.6,5657678.0]}},{"type":"Feature","properties":{"h":20.0,"d":11.4,"a":0,"l":"d"},"geometry":{"type":"Point","coordinates":[415468.8,5656627.9]}},{"type":"Feature","properties":{"h":20.0,"d":11.4,"a":0,"l":"d"},"geometry":{"type":"Point","coordinates":[415469.1,5656856.1]}},{"type":"Feature","properties":{"h":20.0,"d":11.4,"a":0,"l":"d"},"geometry":{"type":"Point","coordinates":[415469.3,5656857.7]}},{"type":"Feature","properties":{"h":20.0,"d":11.4,"a":0,"l":"d"},"geometry":{"type":"Point","coordinates":[415469.4,5656567.2]}},{"type":"Feature","properties":{"h":20.0,"d":11.4,"a":0,"l":"d"},"geometry":{"type":"Point","coordinates":[415469.6,5656777.7]}},{"type":"Feature","properties":{"h":25.0,"d":10.0,"a":0,"l":"d","gn":10,"t":48},"geometry":{"type":"Point","coordinates":[415469.7,5657736.3]}},{"type":"Feature","properties":{"h":28.0,"d":12.0,"a":0,"l":"d","gn":1,"t":51},"geometry":{"type":"Point","coordinates":[415470.3,5657744.5]}},{"type":"Feature","properties":{"h":20.0,"d":12.0,"a":0,"l":"d","gn":1,"t":67},"geometry":{"type":"Point","coordinates":[415470.3,5656281.5]}},{"type":"Feature","properties":{"h":5.0,"d":3.0,"a":5,"l":"d","gn":12,"t":14},"geometry":{"type":"Point","coordinates":[415470.3,5656129.9]}},{"type":"Feature","properties":{"h":20.0,"d":11.4,"a":0,"l":"d"},"geometry":{"type":"Point","coordinates":[415470.4,5656686.1]}},{"type":"Feature","properties":{"h":4.0,"d":5.0,"a":5,"l":"d","gn":12,"t":11},"geometry":{"type":"Point","coordinates":[415470.4,5657912.4]}},{"type":"Feature","properties":{"h":16.0,"d":11.0,"a":0,"l":"d","gn":9,"t":38},"geometry":{"type":"Point","coordinates":[415470.5,5657090.0]}},{"type":"Feature","properties":{"h":20.0,"d":11.4,"a":0,"l":"d"},"geometry":{"type":"Point","coordinates":[415470.7,5656861.4]}},{"type":"Feature","properties":{"h":20.0,"d":11.4,"a":0,"l":"d"},"geometry":{"type":"Point","coordinates":[415470.8,5656626.7]}},{"type":"Feature","properties":{"h":20.0,"d":11.4,"a":0,"l":"d"},"geometry":{"type":"Point","coordinates":[415471.0,5656854.7]}},{"type":"Feature","properties":{"h":26.0,"d":13.0,"a":0,"l":"d","gn":10,"t":62},"geometry":{"type":"Point","coordinates":[415471.1,5657881.9]}},{"type":"Feature","properties":{"h":13.0,"d":10.0,"a":1,"l":"d","gn":11,"t":17},"geometry":{"type":"Point","coordinates":[415471.4,5657733.6]}},{"type":"Feature","properties":{"h":20.0,"d":11.4,"a":0,"l":"d"},"geometry":{"type":"Point","coordinates":[415471.7,5656775.8]}},{"type":"Feature","properties":{"h":23.0,"d":15.0,"a":1,"l":"d","gn":11,"t":37},"geometry":{"type":"Point","coordinates":[415472.1,5657913.1]}},{"type":"Feature","properties":{"h":18.0,"d":10.3,"a":0,"l":"d","gn":1,"t":16},"geometry":{"type":"Point","coordinates":[415472.2,5656871.6]}},{"type":"Feature","properties":{"h":20.0,"d":11.4,"a":0,"l":"d"},"geometry":{"type":"Point","coordinates":[415472.2,5656630.3]}},{"type":"Feature","properties":{"h":25.0,"d":18.0,"a":0,"l":"d","gn":1,"t":60},"geometry":{"type":"Point","coordinates":[415472.3,5657695.4]}},{"type":"Feature","properties":{"h":5.0,"d":3.0,"a":5,"l":"d","gn":12,"t":13},"geometry":{"type":"Point","coordinates":[415472.3,5656138.0]}},{"type":"Feature","properties":{"h":20.0,"d":11.4,"a":0,"l":"d"},"geometry":{"type":"Point","coordinates":[415472.6,5656857.0]}},{"type":"Feature","properties":{"h":8.0,"d":7.0,"a":5,"l":"d","gn":12,"t":14},"geometry":{"type":"Point","coordinates":[415473.0,5657885.7]}},{"type":"Feature","properties":{"h":22.0,"d":8.0,"a":0,"l":"d","gn":15,"t":34},"geometry":{"type":"Point","coordinates":[415473.1,5657740.0]}},{"type":"Feature","properties":{"h":20.0,"d":11.4,"a":0,"l":"d"},"geometry":{"type":"Point","coordinates":[415473.1,5656640.9]}},{"type":"Feature","properties":{"h":6.0,"d":5.0,"a":5,"l":"d","gn":12,"t":13},"geometry":{"type":"Point","coordinates":[415473.3,5657627.8]}},{"type":"Feature","properties":{"h":20.0,"d":11.4,"a":0,"l":"d"},"geometry":{"type":"Point","coordinates":[415473.4,5656780.0]}},{"type":"Feature","properties":{"h":20.0,"d":11.4,"a":0,"l":"d"},"geometry":{"type":"Point","coordinates":[415473.5,5656775.8]}},{"type":"Feature","properties":{"h":20.0,"d":11.4,"a":0,"l":"d"},"geometry":{"type":"Point","coordinates":[415473.5,5656855.2]}},{"type":"Feature","properties":{"h":5.0,"d":3.0,"a":5,"l":"d","gn":12,"t":12},"geometry":{"type":"Point","coordinates":[415473.8,5656145.2]}},{"type":"Feature","properties":{"h":20.0,"d":11.4,"a":0,"l":"d"},"geometry":{"type":"Point","coordinates":[415473.8,5656751.7]}},{"type":"Feature","properties":{"h":20.0,"d":11.4,"a":0,"l":"d"},"geometry":{"type":"Point","coordinates":[415473.8,5656738.3]}},{"type":"Feature","properties":{"h":20.0,"d":11.4,"a":0,"l":"d"},"geometry":{"type":"Point","coordinates":[415474.0,5656735.8]}},{"type":"Feature","properties":{"h":20.0,"d":11.4,"a":0,"l":"d"},"geometry":{"type":"Point","coordinates":[415474.1,5656781.7]}},{"type":"Feature","properties":{"h":20.0,"d":11.4,"a":0,"l":"d"},"geometry":{"type":"Point","coordinates":[415474.2,5656632.0]}},{"type":"Feature","properties":{"h":19.0,"d":14.0,"a":0,"l":"d","gn":3,"t":85},"geometry":{"type":"Point","coordinates":[415474.2,5657908.2]}},{"type":"Feature","properties":{"h":20.0,"d":11.4,"a":0,"l":"d"},"geometry":{"type":"Point","coordinates":[415474.5,5656748.3]}},{"type":"Feature","properties":{"h":34.0,"d":13.0,"a":0,"l":"d","gn":3,"t":98},"geometry":{"type":"Point","coordinates":[415474.5,5657897.1]}},{"type":"Feature","properties":{"h":26.0,"d":15.0,"a":0,"l":"d","gn":1,"t":83},"geometry":{"type":"Point","coordinates":[415474.5,5657829.4]}},{"type":"Feature","properties":{"h":20.0,"d":11.4,"a":0,"l":"d"},"geometry":{"type":"Point","coordinates":[415474.6,5656644.6]}},{"type":"Feature","properties":{"h":34.0,"d":12.0,"a":0,"l":"d","gn":3,"t":83},"geometry":{"type":"Point","coordinates":[415474.6,5657885.9]}},{"type":"Feature","properties":{"h":14.0,"d":11.0,"a":0,"l":"d","gn":15,"t":28},"geometry":{"type":"Point","coordinates":[415475.1,5657619.8]}},{"type":"Feature","properties":{"h":10.0,"d":7.0,"a":5,"l":"d","gn":12,"t":25},"geometry":{"type":"Point","coordinates":[415475.1,5657912.6]}},{"type":"Feature","properties":{"h":20.0,"d":11.4,"a":0,"l":"d"},"geometry":{"type":"Point","coordinates":[415475.2,5656857.7]}},{"type":"Feature","properties":{"h":20.0,"d":11.4,"a":0,"l":"d"},"geometry":{"type":"Point","coordinates":[415475.3,5656576.9]}},{"type":"Feature","properties":{"h":5.0,"d":3.0,"a":5,"l":"d","gn":12,"t":13},"geometry":{"type":"Point","coordinates":[415475.3,5656152.5]}},{"type":"Feature","properties":{"h":25.0,"d":14.3,"a":0,"l":"d","t":59},"geometry":{"type":"Point","coordinates":[415475.4,5656718.5]}},{"type":"Feature","properties":{"h":20.0,"d":11.4,"a":0,"l":"d"},"geometry":{"type":"Point","coordinates":[415475.5,5656739.5]}},{"type":"Feature","properties":{"h":19.0,"d":10.0,"a":0,"l":"d","gn":1,"t":40},"geometry":{"type":"Point","coordinates":[415475.6,5657768.2]}},{"type":"Feature","properties":{"h":18.0,"d":17.0,"a":0,"l":"d","gn":6,"t":55},"geometry":{"type":"Point","coordinates":[415475.7,5657719.2]}},{"type":"Feature","properties":{"h":20.0,"d":11.4,"a":0,"l":"d"},"geometry":{"type":"Point","coordinates":[415475.8,5656705.9]}},{"type":"Feature","properties":{"h":20.0,"d":9.0,"a":0,"l":"d","gn":1,"t":27},"geometry":{"type":"Point","coordinates":[415475.8,5657764.4]}},{"type":"Feature","properties":{"h":20.0,"d":11.4,"a":0,"l":"d"},"geometry":{"type":"Point","coordinates":[415475.8,5656568.1]}},{"type":"Feature","properties":{"h":18.0,"d":14.0,"a":1,"l":"d","gn":11,"t":50},"geometry":{"type":"Point","coordinates":[415476.0,5657823.8]}},{"type":"Feature","properties":{"h":20.0,"d":11.4,"a":0,"l":"d"},"geometry":{"type":"Point","coordinates":[415476.0,5656859.7]}},{"type":"Feature","properties":{"h":20.0,"d":11.4,"a":0,"l":"d"},"geometry":{"type":"Point","coordinates":[415476.1,5656855.2]}},{"type":"Feature","properties":{"h":22.0,"d":14.0,"a":1,"l":"d","gn":11,"t":66},"geometry":{"type":"Point","coordinates":[415476.1,5657785.8]}},{"type":"Feature","properties":{"h":20.0,"d":11.4,"a":0,"l":"d"},"geometry":{"type":"Point","coordinates":[415476.3,5656738.6]}},{"type":"Feature","properties":{"h":20.0,"d":11.4,"a":0,"l":"d"},"geometry":{"type":"Point","coordinates":[415476.4,5656781.9]}},{"type":"Feature","properties":{"h":20.0,"d":13.0,"a":0,"l":"d","gn":3,"t":83},"geometry":{"type":"Point","coordinates":[415476.6,5656112.4]}},{"type":"Feature","properties":{"h":20.0,"d":11.4,"a":0,"l":"d"},"geometry":{"type":"Point","coordinates":[415476.6,5656783.4]}},{"type":"Feature","properties":{"h":20.0,"d":11.4,"a":0,"l":"d"},"geometry":{"type":"Point","coordinates":[415476.7,5656743.5]}},{"type":"Feature","properties":{"h":6.0,"d":4.0,"a":5,"l":"d","gn":12,"t":14},"geometry":{"type":"Point","coordinates":[415476.7,5656211.1]}},{"type":"Feature","properties":{"h":15.0,"d":9.0,"a":1,"l":"d","gn":11,"t":37},"geometry":{"type":"Point","coordinates":[415476.7,5657782.7]}},{"type":"Feature","properties":{"h":5.0,"d":3.0,"a":5,"l":"d","gn":12,"t":13},"geometry":{"type":"Point","coordinates":[415476.8,5656159.7]}},{"type":"Feature","properties":{"h":20.0,"d":11.4,"a":0,"l":"d"},"geometry":{"type":"Point","coordinates":[415476.9,5656725.2]}},{"type":"Feature","properties":{"h":20.0,"d":11.4,"a":0,"l":"d"},"geometry":{"type":"Point","coordinates":[415477.0,5656778.6]}},{"type":"Feature","properties":{"h":20.0,"d":11.4,"a":0,"l":"d"},"geometry":{"type":"Point","coordinates":[415477.0,5656858.0]}},{"type":"Feature","properties":{"h":20.0,"d":11.4,"a":0,"l":"d"},"geometry":{"type":"Point","coordinates":[415477.1,5656759.6]}},{"type":"Feature","properties":{"h":20.0,"d":11.4,"a":0,"l":"d"},"geometry":{"type":"Point","coordinates":[415477.1,5656631.5]}},{"type":"Feature","properties":{"h":20.0,"d":11.4,"a":0,"l":"d"},"geometry":{"type":"Point","coordinates":[415477.1,5656742.9]}},{"type":"Feature","properties":{"h":20.0,"d":11.4,"a":0,"l":"d"},"geometry":{"type":"Point","coordinates":[415477.2,5656716.0]}},{"type":"Feature","properties":{"h":20.0,"d":11.4,"a":0,"l":"d"},"geometry":{"type":"Point","coordinates":[415477.4,5656855.2]}},{"type":"Feature","properties":{"h":16.0,"d":9.0,"a":1,"l":"d","gn":11,"t":23},"geometry":{"type":"Point","coordinates":[415477.8,5657782.7]}},{"type":"Feature","properties":{"h":23.0,"d":9.0,"a":0,"l":"d","gn":1,"t":31},"geometry":{"type":"Point","coordinates":[415478.0,5657880.3]}},{"type":"Feature","properties":{"h":20.0,"d":11.4,"a":0,"l":"d"},"geometry":{"type":"Point","coordinates":[415478.0,5656723.6]}},{"type":"Feature","properties":{"h":5.0,"d":3.0,"a":5,"l":"d","gn":12,"t":13},"geometry":{"type":"Point","coordinates":[415478.2,5656204.9]}},{"type":"Feature","properties":{"h":20.0,"d":11.4,"a":0,"l":"d"},"geometry":{"type":"Point","coordinates":[415478.2,5656847.3]}},{"type":"Feature","properties":{"h":3.0,"d":2.0,"a":5,"l":"d","t":4},"geometry":{"type":"Point","coordinates":[415478.5,5657731.4]}},{"type":"Feature","properties":{"h":20.0,"d":11.4,"a":0,"l":"d"},"geometry":{"type":"Point","coordinates":[415478.6,5656712.7]}},{"type":"Feature","properties":{"h":20.0,"d":11.4,"a":0,"l":"d"},"geometry":{"type":"Point","coordinates":[415478.7,5656633.1]}},{"type":"Feature","properties":{"h":5.0,"d":4.0,"a":5,"l":"d","gn":12,"t":13},"geometry":{"type":"Point","coordinates":[415478.8,5656169.6]}},{"type":"Feature","properties":{"h":11.0,"d":6.0,"a":1,"l":"d","gn":3,"t":18},"geometry":{"type":"Point","coordinates":[415479.1,5657740.5]}},{"type":"Feature","properties":{"h":20.0,"d":10.0,"a":1,"l":"d","gn":11,"t":34},"geometry":{"type":"Point","coordinates":[415479.2,5657779.6]}},{"type":"Feature","properties":{"h":20.0,"d":11.4,"a":0,"l":"d"},"geometry":{"type":"Point","coordinates":[415479.3,5656730.0]}},{"type":"Feature","properties":{"h":18.0,"d":9.0,"a":0,"l":"d","gn":1,"t":40},"geometry":{"type":"Point","coordinates":[415479.3,5657749.0]}},{"type":"Feature","properties":{"h":21.0,"d":14.0,"a":5,"l":"d","gn":8,"t":55},"geometry":{"type":"Point","coordinates":[415479.4,5657652.1]}},{"type":"Feature","properties":{"h":28.0,"d":12.0,"a":0,"l":"d","gn":4,"t":70},"geometry":{"type":"Point","coordinates":[415479.6,5657791.8]}},{"type":"Feature","properties":{"h":20.0,"d":11.4,"a":0,"l":"d"},"geometry":{"type":"Point","coordinates":[415479.6,5656629.9]}},{"type":"Feature","properties":{"h":22.0,"d":9.0,"a":0,"l":"d","gn":1,"t":34},"geometry":{"type":"Point","coordinates":[415479.7,5657760.0]}},{"type":"Feature","properties":{"h":12.0,"d":6.0,"a":1,"l":"d","gn":11,"t":35},"geometry":{"type":"Point","coordinates":[415479.7,5656870.1]}},{"type":"Feature","properties":{"h":20.0,"d":11.4,"a":0,"l":"d"},"geometry":{"type":"Point","coordinates":[415479.7,5656562.8]}},{"type":"Feature","properties":{"h":6.0,"d":4.0,"a":5,"l":"d","gn":12,"t":14},"geometry":{"type":"Point","coordinates":[415479.9,5656197.3]}},{"type":"Feature","properties":{"h":20.0,"d":11.4,"a":0,"l":"d"},"geometry":{"type":"Point","coordinates":[415480.0,5656787.3]}},{"type":"Feature","properties":{"h":20.0,"d":11.4,"a":0,"l":"d"},"geometry":{"type":"Point","coordinates":[415480.3,5656848.7]}},{"type":"Feature","properties":{"h":18.0,"d":7.0,"a":0,"l":"d","gn":1,"t":27},"geometry":{"type":"Point","coordinates":[415480.3,5657762.1]}},{"type":"Feature","properties":{"h":5.0,"d":3.0,"a":5,"l":"d","gn":12,"t":13},"geometry":{"type":"Point","coordinates":[415480.4,5656178.5]}},{"type":"Feature","properties":{"h":15.0,"d":6.0,"a":1,"l":"d","gn":11,"t":18},"geometry":{"type":"Point","coordinates":[415480.4,5657784.0]}},{"type":"Feature","properties":{"h":20.0,"d":11.4,"a":0,"l":"d"},"geometry":{"type":"Point","coordinates":[415480.4,5656726.7]}},{"type":"Feature","properties":{"h":12.0,"d":5.0,"a":0,"l":"d","gn":6,"t":10},"geometry":{"type":"Point","coordinates":[415480.5,5657901.7]}},{"type":"Feature","properties":{"h":20.0,"d":11.4,"a":0,"l":"d"},"geometry":{"type":"Point","coordinates":[415480.6,5656786.5]}},{"type":"Feature","properties":{"h":22.0,"d":12.0,"a":0,"l":"d","gn":1,"t":39},"geometry":{"type":"Point","coordinates":[415480.7,5657754.9]}},{"type":"Feature","properties":{"h":20.0,"d":11.4,"a":0,"l":"d"},"geometry":{"type":"Point","coordinates":[415480.8,5656701.1]}},{"type":"Feature","properties":{"h":5.0,"d":3.0,"a":5,"l":"d","gn":12,"t":12},"geometry":{"type":"Point","coordinates":[415480.9,5656185.5]}},{"type":"Feature","properties":{"h":17.0,"d":7.0,"a":0,"l":"d","gn":3,"t":28},"geometry":{"type":"Point","coordinates":[415480.9,5657789.8]}},{"type":"Feature","properties":{"h":20.0,"d":11.4,"a":0,"l":"d"},"geometry":{"type":"Point","coordinates":[415480.9,5656783.6]}},{"type":"Feature","properties":{"h":23.0,"d":14.0,"a":0,"l":"d","gn":1,"t":52},"geometry":{"type":"Point","coordinates":[415480.9,5657874.2]}},{"type":"Feature","properties":{"h":20.0,"d":11.4,"a":0,"l":"d"},"geometry":{"type":"Point","coordinates":[415481.2,5656630.8]}},{"type":"Feature","properties":{"h":22.0,"d":14.0,"a":1,"l":"d","gn":11,"t":47},"geometry":{"type":"Point","coordinates":[415481.3,5657779.1]}},{"type":"Feature","properties":{"h":15.0,"d":6.0,"a":0,"l":"d","gn":1,"t":19},"geometry":{"type":"Point","coordinates":[415481.4,5657759.8]}},{"type":"Feature","properties":{"h":20.0,"d":11.4,"a":0,"l":"d"},"geometry":{"type":"Point","coordinates":[415481.4,5656719.0]}},{"type":"Feature","properties":{"h":20.0,"d":11.4,"a":0,"l":"d"},"geometry":{"type":"Point","coordinates":[415481.4,5656675.0]}},{"type":"Feature","properties":{"h":20.0,"d":11.4,"a":0,"l":"d"},"geometry":{"type":"Point","coordinates":[415481.4,5656851.4]}},{"type":"Feature","properties":{"h":20.0,"d":11.4,"a":0,"l":"d"},"geometry":{"type":"Point","coordinates":[415481.5,5656641.1]}},{"type":"Feature","properties":{"h":20.0,"d":11.4,"a":0,"l":"d"},"geometry":{"type":"Point","coordinates":[415481.6,5656793.5]}},{"type":"Feature","properties":{"h":20.0,"d":11.4,"a":0,"l":"d"},"geometry":{"type":"Point","coordinates":[415481.8,5656795.5]}},{"type":"Feature","properties":{"h":6.0,"d":5.0,"a":5,"l":"d","gn":12,"t":20},"geometry":{"type":"Point","coordinates":[415482.2,5657738.0]}},{"type":"Feature","properties":{"h":17.0,"d":6.0,"a":0,"l":"d","gn":1,"t":27},"geometry":{"type":"Point","coordinates":[415482.2,5657745.9]}},{"type":"Feature","properties":{"h":22.0,"d":9.0,"a":1,"l":"d","gn":11,"t":30},"geometry":{"type":"Point","coordinates":[415482.2,5657905.2]}},{"type":"Feature","properties":{"h":16.0,"d":7.0,"a":0,"l":"d","gn":1,"t":21},"geometry":{"type":"Point","coordinates":[415482.3,5657751.9]}},{"type":"Feature","properties":{"h":20.0,"d":11.4,"a":0,"l":"d"},"geometry":{"type":"Point","coordinates":[415482.3,5656627.9]}},{"type":"Feature","properties":{"h":24.0,"d":12.0,"a":1,"l":"d","gn":11,"t":44},"geometry":{"type":"Point","coordinates":[415482.3,5657772.8]}},{"type":"Feature","properties":{"h":20.0,"d":11.4,"a":0,"l":"d"},"geometry":{"type":"Point","coordinates":[415482.4,5656576.3]}},{"type":"Feature","properties":{"h":20.0,"d":11.4,"a":0,"l":"d"},"geometry":{"type":"Point","coordinates":[415482.5,5656854.8]}},{"type":"Feature","properties":{"h":5.0,"d":7.0,"a":0,"l":"d","gn":15,"t":15},"geometry":{"type":"Point","coordinates":[415482.6,5657755.4]}},{"type":"Feature","properties":{"h":20.0,"d":11.4,"a":0,"l":"d"},"geometry":{"type":"Point","coordinates":[415482.8,5656596.6]}},{"type":"Feature","properties":{"h":23.0,"d":12.0,"a":0,"l":"d","gn":1,"t":66},"geometry":{"type":"Point","coordinates":[415482.8,5657853.1]}},{"type":"Feature","properties":{"h":20.0,"d":11.4,"a":0,"l":"d"},"geometry":{"type":"Point","coordinates":[415482.9,5656790.9]}},{"type":"Feature","properties":{"h":20.0,"d":11.4,"a":0,"l":"d"},"geometry":{"type":"Point","coordinates":[415483.2,5656717.2]}},{"type":"Feature","properties":{"h":20.0,"d":11.4,"a":0,"l":"d"},"geometry":{"type":"Point","coordinates":[415483.2,5656646.8]}},{"type":"Feature","properties":{"h":20.0,"d":11.4,"a":0,"l":"d"},"geometry":{"type":"Point","coordinates":[415483.3,5656721.2]}},{"type":"Feature","properties":{"h":20.0,"d":11.4,"a":0,"l":"d"},"geometry":{"type":"Point","coordinates":[415483.8,5656733.2]}},{"type":"Feature","properties":{"h":25.0,"d":14.3,"a":0,"l":"d","gn":10,"t":49},"geometry":{"type":"Point","coordinates":[415484.0,5656869.1]}},{"type":"Feature","properties":{"h":20.0,"d":11.4,"a":0,"l":"d"},"geometry":{"type":"Point","coordinates":[415484.0,5656722.6]}},{"type":"Feature","properties":{"h":19.0,"d":10.0,"a":1,"l":"d","gn":11,"t":30},"geometry":{"type":"Point","coordinates":[415484.0,5657777.2]}},{"type":"Feature","properties":{"h":20.0,"d":11.4,"a":0,"l":"d"},"geometry":{"type":"Point","coordinates":[415484.0,5656851.4]}},{"type":"Feature","properties":{"h":20.0,"d":11.4,"a":0,"l":"d"},"geometry":{"type":"Point","coordinates":[415484.1,5656653.5]}},{"type":"Feature","properties":{"h":20.0,"d":11.4,"a":0,"l":"d"},"geometry":{"type":"Point","coordinates":[415484.1,5656632.0]}},{"type":"Feature","properties":{"h":20.0,"d":11.4,"a":0,"l":"d"},"geometry":{"type":"Point","coordinates":[415484.1,5656772.9]}},{"type":"Feature","properties":{"h":26.0,"d":13.0,"a":1,"l":"d","gn":11,"t":58},"geometry":{"type":"Point","coordinates":[415484.2,5657892.2]}},{"type":"Feature","properties":{"h":20.0,"d":11.4,"a":0,"l":"d"},"geometry":{"type":"Point","coordinates":[415484.3,5656777.0]}},{"type":"Feature","properties":{"h":20.0,"d":12.0,"a":0,"l":"d","gn":1,"t":50},"geometry":{"type":"Point","coordinates":[415484.4,5657751.7]}},{"type":"Feature","properties":{"h":20.0,"d":11.4,"a":0,"l":"d"},"geometry":{"type":"Point","coordinates":[415484.6,5656693.5]}},{"type":"Feature","properties":{"h":22.0,"d":13.0,"a":1,"l":"d","gn":11,"t":51},"geometry":{"type":"Point","coordinates":[415484.9,5657806.7]}},{"type":"Feature","properties":{"h":20.0,"d":11.4,"a":0,"l":"d"},"geometry":{"type":"Point","coordinates":[415485.0,5656724.0]}},{"type":"Feature","properties":{"h":20.0,"d":11.4,"a":0,"l":"d"},"geometry":{"type":"Point","coordinates":[415485.1,5656706.4]}},{"type":"Feature","properties":{"h":20.0,"d":11.4,"a":0,"l":"d"},"geometry":{"type":"Point","coordinates":[415485.1,5656719.4]}},{"type":"Feature","properties":{"h":20.0,"d":11.4,"a":0,"l":"d"},"geometry":{"type":"Point","coordinates":[415485.1,5656581.2]}},{"type":"Feature","properties":{"h":20.0,"d":11.4,"a":0,"l":"d"},"geometry":{"type":"Point","coordinates":[415485.2,5656700.1]}},{"type":"Feature","properties":{"h":20.0,"d":11.4,"a":0,"l":"d"},"geometry":{"type":"Point","coordinates":[415485.2,5656714.9]}},{"type":"Feature","properties":{"h":20.0,"d":11.4,"a":0,"l":"d"},"geometry":{"type":"Point","coordinates":[415485.2,5656628.8]}},{"type":"Feature","properties":{"h":20.0,"d":11.4,"a":0,"l":"d"},"geometry":{"type":"Point","coordinates":[415485.5,5656776.4]}},{"type":"Feature","properties":{"h":20.0,"d":11.4,"a":0,"l":"d"},"geometry":{"type":"Point","coordinates":[415485.6,5656849.5]}},{"type":"Feature","properties":{"h":20.0,"d":11.4,"a":0,"l":"d"},"geometry":{"type":"Point","coordinates":[415485.6,5656773.8]}},{"type":"Feature","properties":{"h":20.0,"d":13.0,"a":1,"l":"d","gn":11,"t":46},"geometry":{"type":"Point","coordinates":[415485.6,5657794.4]}},{"type":"Feature","properties":{"h":20.0,"d":11.4,"a":0,"l":"d"},"geometry":{"type":"Point","coordinates":[415485.6,5656792.9]}},{"type":"Feature","properties":{"h":20.0,"d":11.4,"a":0,"l":"d"},"geometry":{"type":"Point","coordinates":[415485.7,5656787.9]}},{"type":"Feature","properties":{"h":20.0,"d":11.4,"a":0,"l":"d"},"geometry":{"type":"Point","coordinates":[415485.8,5656855.7]}},{"type":"Feature","properties":{"h":26.0,"d":10.0,"a":1,"l":"d","gn":11,"t":53},"geometry":{"type":"Point","coordinates":[415485.8,5657786.6]}},{"type":"Feature","properties":{"h":20.0,"d":11.4,"a":0,"l":"d"},"geometry":{"type":"Point","coordinates":[415485.8,5656758.6]}},{"type":"Feature","properties":{"h":17.0,"d":7.0,"a":0,"l":"d","gn":3,"t":22},"geometry":{"type":"Point","coordinates":[415485.9,5657781.4]}},{"type":"Feature","properties":{"h":20.0,"d":11.4,"a":0,"l":"d"},"geometry":{"type":"Point","coordinates":[415485.9,5656587.2]}},{"type":"Feature","properties":{"h":20.0,"d":11.4,"a":0,"l":"d"},"geometry":{"type":"Point","coordinates":[415485.9,5656768.6]}},{"type":"Feature","properties":{"h":20.0,"d":11.4,"a":0,"l":"d"},"geometry":{"type":"Point","coordinates":[415485.9,5656804.2]}},{"type":"Feature","properties":{"h":20.0,"d":11.4,"a":0,"l":"d"},"geometry":{"type":"Point","coordinates":[415486.1,5656704.8]}},{"type":"Feature","properties":{"h":20.0,"d":11.4,"a":0,"l":"d"},"geometry":{"type":"Point","coordinates":[415486.1,5656631.9]}},{"type":"Feature","properties":{"h":20.0,"d":11.4,"a":0,"l":"d"},"geometry":{"type":"Point","coordinates":[415486.1,5656779.1]}},{"type":"Feature","properties":{"h":23.0,"d":9.0,"a":0,"l":"d","gn":3,"t":37},"geometry":{"type":"Point","coordinates":[415486.2,5657768.8]}},{"type":"Feature","properties":{"h":20.0,"d":11.4,"a":0,"l":"d"},"geometry":{"type":"Point","coordinates":[415486.2,5656756.8]}},{"type":"Feature","properties":{"h":20.0,"d":11.4,"a":0,"l":"d"},"geometry":{"type":"Point","coordinates":[415486.2,5656802.3]}},{"type":"Feature","properties":{"h":20.0,"d":11.0,"a":1,"l":"d","gn":11,"t":35},"geometry":{"type":"Point","coordinates":[415486.2,5657764.4]}},{"type":"Feature","properties":{"h":20.0,"d":11.4,"a":0,"l":"d"},"geometry":{"type":"Point","coordinates":[415486.3,5656589.5]}},{"type":"Feature","properties":{"h":20.0,"d":11.4,"a":0,"l":"d"},"geometry":{"type":"Point","coordinates":[415486.6,5656807.6]}},{"type":"Feature","properties":{"h":17.0,"d":9.0,"a":0,"l":"d","gn":1,"t":35},"geometry":{"type":"Point","coordinates":[415486.7,5657872.7]}},{"type":"Feature","properties":{"h":20.0,"d":11.4,"a":0,"l":"d"},"geometry":{"type":"Point","coordinates":[415486.7,5656603.9]}},{"type":"Feature","properties":{"h":20.0,"d":11.4,"a":0,"l":"d"},"geometry":{"type":"Point","coordinates":[415486.8,5656721.9]}},{"type":"Feature","properties":{"h":20.0,"d":11.4,"a":0,"l":"d"},"geometry":{"type":"Point","coordinates":[415486.9,5656802.0]}},{"type":"Feature","properties":{"h":20.0,"d":11.4,"a":0,"l":"d"},"geometry":{"type":"Point","coordinates":[415486.9,5656717.9]}},{"type":"Feature","properties":{"h":20.0,"d":11.4,"a":0,"l":"d"},"geometry":{"type":"Point","coordinates":[415487.0,5656851.7]}},{"type":"Feature","properties":{"h":20.0,"d":11.4,"a":0,"l":"d"},"geometry":{"type":"Point","coordinates":[415487.1,5656585.0]}},{"type":"Feature","properties":{"h":23.0,"d":7.0,"a":0,"l":"d","gn":1,"t":29},"geometry":{"type":"Point","coordinates":[415487.2,5657800.2]}},{"type":"Feature","properties":{"h":20.0,"d":11.4,"a":0,"l":"d"},"geometry":{"type":"Point","coordinates":[415487.3,5656730.8]}},{"type":"Feature","properties":{"h":20.0,"d":11.4,"a":0,"l":"d"},"geometry":{"type":"Point","coordinates":[415487.3,5656643.4]}},{"type":"Feature","properties":{"h":20.0,"d":11.4,"a":0,"l":"d"},"geometry":{"type":"Point","coordinates":[415487.6,5656649.6]}},{"type":"Feature","properties":{"h":20.0,"d":11.4,"a":0,"l":"d"},"geometry":{"type":"Point","coordinates":[415487.7,5656794.5]}},{"type":"Feature","properties":{"h":20.0,"d":11.4,"a":0,"l":"d"},"geometry":{"type":"Point","coordinates":[415487.7,5656684.7]}},{"type":"Feature","properties":{"h":20.0,"d":11.4,"a":0,"l":"d"},"geometry":{"type":"Point","coordinates":[415487.7,5656563.1]}},{"type":"Feature","properties":{"h":20.0,"d":11.0,"a":0,"l":"d","gn":1,"t":73},"geometry":{"type":"Point","coordinates":[415487.7,5656285.7]}},{"type":"Feature","properties":{"h":20.0,"d":11.4,"a":0,"l":"d"},"geometry":{"type":"Point","coordinates":[415487.9,5656756.9]}},{"type":"Feature","properties":{"h":20.0,"d":11.4,"a":0,"l":"d"},"geometry":{"type":"Point","coordinates":[415487.9,5656718.8]}},{"type":"Feature","properties":{"h":20.0,"d":11.4,"a":0,"l":"d"},"geometry":{"type":"Point","coordinates":[415488.1,5656696.5]}},{"type":"Feature","properties":{"h":20.0,"d":11.4,"a":0,"l":"d"},"geometry":{"type":"Point","coordinates":[415488.3,5656849.7]}},{"type":"Feature","properties":{"h":25.0,"d":13.0,"a":0,"l":"d","gn":1,"t":80},"geometry":{"type":"Point","coordinates":[415488.6,5657754.7]}},{"type":"Feature","properties":{"h":20.0,"d":11.4,"a":0,"l":"d"},"geometry":{"type":"Point","coordinates":[415488.6,5656792.3]}},{"type":"Feature","properties":{"h":20.0,"d":11.4,"a":0,"l":"d"},"geometry":{"type":"Point","coordinates":[415488.9,5656728.9]}},{"type":"Feature","properties":{"h":20.0,"d":11.4,"a":0,"l":"d"},"geometry":{"type":"Point","coordinates":[415489.0,5656808.8]}},{"type":"Feature","properties":{"h":20.0,"d":11.4,"a":0,"l":"d"},"geometry":{"type":"Point","coordinates":[415489.1,5656703.1]}},{"type":"Feature","properties":{"h":20.0,"d":11.4,"a":0,"l":"d"},"geometry":{"type":"Point","coordinates":[415489.4,5656736.1]}},{"type":"Feature","properties":{"h":20.0,"d":11.4,"a":0,"l":"d"},"geometry":{"type":"Point","coordinates":[415489.4,5656636.7]}},{"type":"Feature","properties":{"h":20.0,"d":11.4,"a":0,"l":"d"},"geometry":{"type":"Point","coordinates":[415489.6,5656574.1]}},{"type":"Feature","properties":{"h":20.0,"d":8.0,"a":0,"l":"d","gn":3,"t":68},"geometry":{"type":"Point","coordinates":[415489.7,5657907.7]}},{"type":"Feature","properties":{"h":20.0,"d":11.4,"a":0,"l":"d"},"geometry":{"type":"Point","coordinates":[415489.8,5656712.8]}},{"type":"Feature","properties":{"h":20.0,"d":11.4,"a":0,"l":"d"},"geometry":{"type":"Point","coordinates":[415489.9,5656815.2]}},{"type":"Feature","properties":{"h":26.0,"d":8.0,"a":0,"l":"d","gn":1,"t":56},"geometry":{"type":"Point","coordinates":[415489.9,5657769.7]}},{"type":"Feature","properties":{"h":20.0,"d":11.4,"a":0,"l":"d"},"geometry":{"type":"Point","coordinates":[415490.0,5656720.8]}},{"type":"Feature","properties":{"h":20.0,"d":11.4,"a":0,"l":"d"},"geometry":{"type":"Point","coordinates":[415490.0,5656634.3]}},{"type":"Feature","properties":{"h":20.0,"d":11.4,"a":0,"l":"d"},"geometry":{"type":"Point","coordinates":[415490.1,5656584.6]}},{"type":"Feature","properties":{"h":20.0,"d":11.4,"a":0,"l":"d"},"geometry":{"type":"Point","coordinates":[415490.2,5656803.4]}},{"type":"Feature","properties":{"h":28.0,"d":14.0,"a":1,"l":"d","gn":11,"t":55},"geometry":{"type":"Point","coordinates":[415490.2,5657805.2]}},{"type":"Feature","properties":{"h":20.0,"d":11.4,"a":0,"l":"d"},"geometry":{"type":"Point","coordinates":[415490.2,5656649.5]}},{"type":"Feature","properties":{"h":20.0,"d":11.4,"a":0,"l":"d"},"geometry":{"type":"Point","coordinates":[415490.4,5656742.1]}},{"type":"Feature","properties":{"h":20.0,"d":11.4,"a":0,"l":"d"},"geometry":{"type":"Point","coordinates":[415490.4,5656695.6]}},{"type":"Feature","properties":{"h":20.0,"d":11.4,"a":0,"l":"d"},"geometry":{"type":"Point","coordinates":[415490.5,5656692.9]}},{"type":"Feature","properties":{"h":20.0,"d":11.4,"a":0,"l":"d"},"geometry":{"type":"Point","coordinates":[415490.9,5656591.0]}},{"type":"Feature","properties":{"h":25.0,"d":11.0,"a":1,"l":"d","gn":11,"t":42},"geometry":{"type":"Point","coordinates":[415490.9,5657784.3]}},{"type":"Feature","properties":{"h":20.0,"d":11.4,"a":0,"l":"d"},"geometry":{"type":"Point","coordinates":[415491.0,5656849.1]}},{"type":"Feature","properties":{"h":20.0,"d":13.0,"a":1,"l":"d","gn":11,"t":41},"geometry":{"type":"Point","coordinates":[415491.1,5657800.8]}},{"type":"Feature","properties":{"h":26.0,"d":14.9,"a":0,"l":"d","gn":31,"t":80},"geometry":{"type":"Point","coordinates":[415491.1,5656867.3]}},{"type":"Feature","properties":{"h":20.0,"d":11.4,"a":0,"l":"d"},"geometry":{"type":"Point","coordinates":[415491.3,5656744.9]}},{"type":"Feature","properties":{"h":16.0,"d":12.0,"a":1,"l":"d","gn":11,"t":29},"geometry":{"type":"Point","coordinates":[415491.3,5657788.4]}},{"type":"Feature","properties":{"h":17.0,"d":15.0,"a":0,"l":"d","gn":34,"t":48},"geometry":{"type":"Point","coordinates":[415491.4,5657623.6]}},{"type":"Feature","properties":{"h":20.0,"d":11.4,"a":0,"l":"d"},"geometry":{"type":"Point","coordinates":[415491.4,5656654.7]}},{"type":"Feature","properties":{"h":20.0,"d":11.4,"a":0,"l":"d"},"geometry":{"type":"Point","coordinates":[415491.5,5656818.3]}},{"type":"Feature","properties":{"h":20.0,"d":11.4,"a":0,"l":"d"},"geometry":{"type":"Point","coordinates":[415491.5,5656811.6]}},{"type":"Feature","properties":{"h":20.0,"d":11.4,"a":0,"l":"d"},"geometry":{"type":"Point","coordinates":[415491.5,5656556.7]}},{"type":"Feature","properties":{"h":28.0,"d":10.0,"a":0,"l":"d","gn":1,"t":56},"geometry":{"type":"Point","coordinates":[415491.6,5657792.6]}},{"type":"Feature","properties":{"h":20.0,"d":11.4,"a":0,"l":"d"},"geometry":{"type":"Point","coordinates":[415491.6,5656685.5]}},{"type":"Feature","properties":{"h":20.0,"d":11.4,"a":0,"l":"d"},"geometry":{"type":"Point","coordinates":[415491.8,5656634.6]}},{"type":"Feature","properties":{"h":20.0,"d":11.4,"a":0,"l":"d"},"geometry":{"type":"Point","coordinates":[415492.1,5656695.5]}},{"type":"Feature","properties":{"h":20.0,"d":11.4,"a":0,"l":"d"},"geometry":{"type":"Point","coordinates":[415492.3,5656600.8]}},{"type":"Feature","properties":{"h":20.0,"d":11.4,"a":0,"l":"d"},"geometry":{"type":"Point","coordinates":[415492.3,5656643.1]}},{"type":"Feature","properties":{"h":27.0,"d":11.0,"a":0,"l":"d","gn":3,"t":103},"geometry":{"type":"Point","coordinates":[415492.7,5657903.7]}},{"type":"Feature","properties":{"h":20.0,"d":11.4,"a":0,"l":"d"},"geometry":{"type":"Point","coordinates":[415493.0,5656595.8]}},{"type":"Feature","properties":{"h":20.0,"d":11.4,"a":0,"l":"d","s":"osm"},"geometry":{"type":"Point","coordinates":[415493.3,5657349.0]}},{"type":"Feature","properties":{"h":8.0,"d":5.0,"a":0,"l":"d","gn":3,"t":56},"geometry":{"type":"Point","coordinates":[415493.3,5657788.3]}},{"type":"Feature","properties":{"h":20.0,"d":11.4,"a":0,"l":"d"},"geometry":{"type":"Point","coordinates":[415493.5,5656578.3]}},{"type":"Feature","properties":{"h":20.0,"d":11.4,"a":0,"l":"d"},"geometry":{"type":"Point","coordinates":[415493.8,5656848.2]}},{"type":"Feature","properties":{"h":20.0,"d":11.4,"a":0,"l":"d"},"geometry":{"type":"Point","coordinates":[415493.9,5656569.4]}},{"type":"Feature","properties":{"h":28.0,"d":10.0,"a":0,"l":"d","gn":3,"t":61},"geometry":{"type":"Point","coordinates":[415494.0,5657794.3]}},{"type":"Feature","properties":{"h":20.0,"d":11.4,"a":0,"l":"d"},"geometry":{"type":"Point","coordinates":[415494.1,5656757.9]}},{"type":"Feature","properties":{"h":16.0,"d":10.0,"a":0,"l":"d","gn":9,"t":44},"geometry":{"type":"Point","coordinates":[415494.1,5657082.8]}},{"type":"Feature","properties":{"h":20.0,"d":11.4,"a":0,"l":"d"},"geometry":{"type":"Point","coordinates":[415494.2,5656786.4]}},{"type":"Feature","properties":{"h":20.0,"d":11.4,"a":0,"l":"d"},"geometry":{"type":"Point","coordinates":[415494.4,5656787.2]}},{"type":"Feature","properties":{"h":20.0,"d":11.4,"a":0,"l":"d","t":41},"geometry":{"type":"Point","coordinates":[415494.5,5656855.6]}},{"type":"Feature","properties":{"h":29.0,"d":19.0,"a":0,"l":"d","gn":1,"t":84},"geometry":{"type":"Point","coordinates":[415494.7,5657803.6]}},{"type":"Feature","properties":{"h":20.0,"d":11.4,"a":0,"l":"d"},"geometry":{"type":"Point","coordinates":[415494.8,5656707.3]}},{"type":"Feature","properties":{"h":20.0,"d":11.4,"a":0,"l":"d"},"geometry":{"type":"Point","coordinates":[415494.8,5656635.7]}},{"type":"Feature","properties":{"h":20.0,"d":11.4,"a":0,"l":"d"},"geometry":{"type":"Point","coordinates":[415495.0,5656614.6]}},{"type":"Feature","properties":{"h":20.0,"d":11.4,"a":0,"l":"d"},"geometry":{"type":"Point","coordinates":[415495.0,5656761.2]}},{"type":"Feature","properties":{"h":20.0,"d":11.4,"a":0,"l":"d"},"geometry":{"type":"Point","coordinates":[415495.2,5656854.5]}},{"type":"Feature","properties":{"h":20.0,"d":11.4,"a":0,"l":"d"},"geometry":{"type":"Point","coordinates":[415495.2,5656577.3]}},{"type":"Feature","properties":{"h":20.0,"d":11.4,"a":0,"l":"d"},"geometry":{"type":"Point","coordinates":[415495.3,5656789.8]}},{"type":"Feature","properties":{"h":20.0,"d":11.4,"a":0,"l":"d"},"geometry":{"type":"Point","coordinates":[415495.4,5656770.3]}},{"type":"Feature","properties":{"h":20.0,"d":11.4,"a":0,"l":"d"},"geometry":{"type":"Point","coordinates":[415495.5,5656631.7]}},{"type":"Feature","properties":{"h":20.0,"d":11.4,"a":0,"l":"d","s":"osm"},"geometry":{"type":"Point","coordinates":[415495.6,5657349.1]}},{"type":"Feature","properties":{"h":20.0,"d":11.4,"a":0,"l":"d"},"geometry":{"type":"Point","coordinates":[415495.6,5656718.8]}},{"type":"Feature","properties":{"h":21.0,"d":10.0,"a":0,"l":"d","gn":1,"t":54},"geometry":{"type":"Point","coordinates":[415495.7,5657862.7]}},{"type":"Feature","properties":{"h":20.0,"d":11.4,"a":0,"l":"d"},"geometry":{"type":"Point","coordinates":[415495.7,5656755.5]}},{"type":"Feature","properties":{"h":20.0,"d":11.4,"a":0,"l":"d"},"geometry":{"type":"Point","coordinates":[415495.9,5656591.2]}},{"type":"Feature","properties":{"h":20.0,"d":11.4,"a":0,"l":"d"},"geometry":{"type":"Point","coordinates":[415496.0,5656734.8]}},{"type":"Feature","properties":{"h":20.0,"d":11.4,"a":0,"l":"d"},"geometry":{"type":"Point","coordinates":[415496.0,5656817.2]}},{"type":"Feature","properties":{"h":20.0,"d":11.4,"a":0,"l":"d"},"geometry":{"type":"Point","coordinates":[415496.2,5656774.4]}},{"type":"Feature","properties":{"h":25.0,"d":14.3,"a":0,"l":"d","t":53},"geometry":{"type":"Point","coordinates":[415496.6,5656854.1]}},{"type":"Feature","properties":{"h":20.0,"d":11.4,"a":0,"l":"d"},"geometry":{"type":"Point","coordinates":[415496.6,5656747.4]}},{"type":"Feature","properties":{"h":20.0,"d":11.4,"a":0,"l":"d"},"geometry":{"type":"Point","coordinates":[415496.6,5656656.8]}},{"type":"Feature","properties":{"h":20.0,"d":11.4,"a":0,"l":"d"},"geometry":{"type":"Point","coordinates":[415496.7,5656635.5]}},{"type":"Feature","properties":{"h":20.0,"d":11.4,"a":0,"l":"d"},"geometry":{"type":"Point","coordinates":[415496.7,5656803.3]}},{"type":"Feature","properties":{"h":20.0,"d":11.4,"a":0,"l":"d"},"geometry":{"type":"Point","coordinates":[415496.9,5656616.7]}},{"type":"Feature","properties":{"h":20.0,"d":11.4,"a":0,"l":"d"},"geometry":{"type":"Point","coordinates":[415497.0,5656792.3]}},{"type":"Feature","properties":{"h":20.0,"d":11.4,"a":0,"l":"d"},"geometry":{"type":"Point","coordinates":[415497.2,5656738.8]}},{"type":"Feature","properties":{"h":20.0,"d":11.4,"a":0,"l":"d"},"geometry":{"type":"Point","coordinates":[415497.2,5656736.1]}},{"type":"Feature","properties":{"h":20.0,"d":11.4,"a":0,"l":"d"},"geometry":{"type":"Point","coordinates":[415497.3,5656809.8]}},{"type":"Feature","properties":{"h":5.0,"d":1.0,"a":0,"l":"d","gn":3,"t":6},"geometry":{"type":"Point","coordinates":[415497.6,5657896.2]}},{"type":"Feature","properties":{"h":20.0,"d":11.4,"a":0,"l":"d"},"geometry":{"type":"Point","coordinates":[415497.7,5656601.4]}},{"type":"Feature","properties":{"h":21.0,"d":15.0,"a":0,"l":"d","gn":1,"t":68},"geometry":{"type":"Point","coordinates":[415497.7,5657860.7]}},{"type":"Feature","properties":{"h":20.0,"d":11.4,"a":0,"l":"d"},"geometry":{"type":"Point","coordinates":[415497.9,5656817.4]}},{"type":"Feature","properties":{"h":20.0,"d":11.4,"a":0,"l":"d"},"geometry":{"type":"Point","coordinates":[415498.0,5656705.6]}},{"type":"Feature","properties":{"h":20.0,"d":11.4,"a":0,"l":"d"},"geometry":{"type":"Point","coordinates":[415498.1,5656608.2]}},{"type":"Feature","properties":{"h":20.0,"d":11.4,"a":0,"l":"d"},"geometry":{"type":"Point","coordinates":[415498.2,5656557.1]}},{"type":"Feature","properties":{"h":20.0,"d":11.4,"a":0,"l":"d"},"geometry":{"type":"Point","coordinates":[415498.6,5656591.3]}},{"type":"Feature","properties":{"h":25.0,"d":14.3,"a":0,"l":"d","t":62},"geometry":{"type":"Point","coordinates":[415498.7,5656633.6]}},{"type":"Feature","properties":{"h":20.0,"d":11.4,"a":0,"l":"d"},"geometry":{"type":"Point","coordinates":[415498.7,5656734.0]}},{"type":"Feature","properties":{"h":20.0,"d":11.4,"a":0,"l":"d"},"geometry":{"type":"Point","coordinates":[415498.9,5656645.4]}},{"type":"Feature","properties":{"h":20.0,"d":11.4,"a":0,"l":"d"},"geometry":{"type":"Point","coordinates":[415499.0,5656738.9]}},{"type":"Feature","properties":{"h":20.0,"d":11.4,"a":0,"l":"d"},"geometry":{"type":"Point","coordinates":[415499.3,5656605.4]}},{"type":"Feature","properties":{"h":20.0,"d":11.4,"a":0,"l":"d"},"geometry":{"type":"Point","coordinates":[415499.4,5656685.9]}},{"type":"Feature","properties":{"h":32.0,"d":18.3,"a":0,"l":"d","gn":31,"t":124},"geometry":{"type":"Point","coordinates":[415499.5,5656864.4]}},{"type":"Feature","properties":{"h":20.0,"d":11.4,"a":0,"l":"d"},"geometry":{"type":"Point","coordinates":[415499.6,5656594.1]}},{"type":"Feature","properties":{"h":20.0,"d":11.4,"a":0,"l":"d"},"geometry":{"type":"Point","coordinates":[415499.8,5656735.6]}},{"type":"Feature","properties":{"h":20.0,"d":11.4,"a":0,"l":"d"},"geometry":{"type":"Point","coordinates":[415499.8,5656620.2]}},{"type":"Feature","properties":{"h":20.0,"d":11.4,"a":0,"l":"d"},"geometry":{"type":"Point","coordinates":[415500.2,5656813.0]}},{"type":"Feature","properties":{"h":20.0,"d":11.4,"a":0,"l":"d"},"geometry":{"type":"Point","coordinates":[415500.6,5656714.8]}},{"type":"Feature","properties":{"h":20.0,"d":11.4,"a":0,"l":"d"},"geometry":{"type":"Point","coordinates":[415500.6,5656572.6]}},{"type":"Feature","properties":{"h":20.0,"d":11.4,"a":0,"l":"d"},"geometry":{"type":"Point","coordinates":[415500.7,5656711.2]}},{"type":"Feature","properties":{"h":20.0,"d":11.4,"a":0,"l":"d"},"geometry":{"type":"Point","coordinates":[415500.8,5656819.1]}},{"type":"Feature","properties":{"h":20.0,"d":11.4,"a":0,"l":"d"},"geometry":{"type":"Point","coordinates":[415500.9,5656559.5]}},{"type":"Feature","properties":{"h":20.0,"d":11.4,"a":0,"l":"d"},"geometry":{"type":"Point","coordinates":[415501.1,5656624.0]}},{"type":"Feature","properties":{"h":20.0,"d":11.4,"a":0,"l":"d"},"geometry":{"type":"Point","coordinates":[415501.1,5656746.7]}},{"type":"Feature","properties":{"h":20.0,"d":11.4,"a":0,"l":"d"},"geometry":{"type":"Point","coordinates":[415501.4,5656788.5]}},{"type":"Feature","properties":{"h":20.0,"d":11.4,"a":0,"l":"d"},"geometry":{"type":"Point","coordinates":[415501.4,5656769.8]}},{"type":"Feature","properties":{"h":20.0,"d":11.4,"a":0,"l":"d"},"geometry":{"type":"Point","coordinates":[415501.5,5656842.0]}},{"type":"Feature","properties":{"h":20.0,"d":10.0,"a":0,"l":"d","gn":1,"t":55},"geometry":{"type":"Point","coordinates":[415501.7,5657870.7]}},{"type":"Feature","properties":{"h":18.0,"d":7.0,"a":0,"l":"d","gn":3,"t":86},"geometry":{"type":"Point","coordinates":[415501.7,5657888.7]}},{"type":"Feature","properties":{"h":20.0,"d":11.4,"a":0,"l":"d"},"geometry":{"type":"Point","coordinates":[415501.8,5656782.4]}},{"type":"Feature","properties":{"h":20.0,"d":11.4,"a":0,"l":"d"},"geometry":{"type":"Point","coordinates":[415501.8,5656634.5]}},{"type":"Feature","properties":{"h":20.0,"d":11.4,"a":0,"l":"d"},"geometry":{"type":"Point","coordinates":[415502.2,5656714.7]}},{"type":"Feature","properties":{"h":20.0,"d":11.4,"a":0,"l":"d"},"geometry":{"type":"Point","coordinates":[415502.3,5656794.0]}},{"type":"Feature","properties":{"h":20.0,"d":11.4,"a":0,"l":"d"},"geometry":{"type":"Point","coordinates":[415502.6,5656739.4]}},{"type":"Feature","properties":{"h":20.0,"d":11.4,"a":0,"l":"d"},"geometry":{"type":"Point","coordinates":[415502.9,5656625.7]}},{"type":"Feature","properties":{"h":20.0,"d":11.4,"a":0,"l":"d"},"geometry":{"type":"Point","coordinates":[415503.3,5656691.9]}},{"type":"Feature","properties":{"h":20.0,"d":11.4,"a":0,"l":"d"},"geometry":{"type":"Point","coordinates":[415503.5,5656840.9]}},{"type":"Feature","properties":{"h":20.0,"d":11.4,"a":0,"l":"d"},"geometry":{"type":"Point","coordinates":[415503.5,5656598.2]}},{"type":"Feature","properties":{"h":20.0,"d":9.0,"a":0,"l":"d","gn":3,"t":91},"geometry":{"type":"Point","coordinates":[415503.7,5657883.7]}},{"type":"Feature","properties":{"h":20.0,"d":11.4,"a":0,"l":"d"},"geometry":{"type":"Point","coordinates":[415503.8,5656645.4]}},{"type":"Feature","properties":{"h":25.0,"d":14.3,"a":0,"l":"d","t":65},"geometry":{"type":"Point","coordinates":[415503.9,5656574.2]}},{"type":"Feature","properties":{"h":20.0,"d":11.4,"a":0,"l":"d"},"geometry":{"type":"Point","coordinates":[415504.0,5656608.8]}},{"type":"Feature","properties":{"h":20.0,"d":11.4,"a":0,"l":"d"},"geometry":{"type":"Point","coordinates":[415504.2,5656632.7]}},{"type":"Feature","properties":{"h":20.0,"d":11.4,"a":0,"l":"d"},"geometry":{"type":"Point","coordinates":[415504.2,5656774.7]}},{"type":"Feature","properties":{"h":20.0,"d":11.4,"a":0,"l":"d"},"geometry":{"type":"Point","coordinates":[415504.2,5656846.3]}},{"type":"Feature","properties":{"h":20.0,"d":11.4,"a":0,"l":"d"},"geometry":{"type":"Point","coordinates":[415504.4,5656596.0]}},{"type":"Feature","properties":{"h":20.0,"d":11.4,"a":0,"l":"d"},"geometry":{"type":"Point","coordinates":[415504.5,5656671.1]}},{"type":"Feature","properties":{"h":3.0,"d":3.0,"a":3,"l":"e","t":17},"geometry":{"type":"Point","coordinates":[415504.7,5657756.8]}},{"type":"Feature","properties":{"h":20.0,"d":11.4,"a":0,"l":"d"},"geometry":{"type":"Point","coordinates":[415504.7,5656822.7]}},{"type":"Feature","properties":{"h":20.0,"d":11.4,"a":0,"l":"d"},"geometry":{"type":"Point","coordinates":[415504.8,5656594.8]}},{"type":"Feature","properties":{"h":15.0,"d":10.0,"a":0,"l":"d","gn":9,"t":43},"geometry":{"type":"Point","coordinates":[415504.9,5657079.1]}},{"type":"Feature","properties":{"h":7.0,"d":4.0,"a":0,"l":"d","gn":31,"t":22},"geometry":{"type":"Point","coordinates":[415505.0,5656862.7]}},{"type":"Feature","properties":{"h":20.0,"d":11.4,"a":0,"l":"d"},"geometry":{"type":"Point","coordinates":[415505.1,5656612.3]}},{"type":"Feature","properties":{"h":20.0,"d":11.4,"a":0,"l":"d"},"geometry":{"type":"Point","coordinates":[415505.3,5656614.9]}},{"type":"Feature","properties":{"h":20.0,"d":11.4,"a":0,"l":"d"},"geometry":{"type":"Point","coordinates":[415505.4,5656819.7]}},{"type":"Feature","properties":{"h":20.0,"d":11.4,"a":0,"l":"d"},"geometry":{"type":"Point","coordinates":[415505.5,5656679.4]}},{"type":"Feature","properties":{"h":20.0,"d":11.4,"a":0,"l":"d"},"geometry":{"type":"Point","coordinates":[415506.1,5656848.9]}},{"type":"Feature","properties":{"h":3.0,"d":4.0,"a":3,"l":"e","t":33},"geometry":{"type":"Point","coordinates":[415506.5,5657756.9]}},{"type":"Feature","properties":{"h":20.0,"d":11.4,"a":0,"l":"d"},"geometry":{"type":"Point","coordinates":[415506.6,5656775.1]}},{"type":"Feature","properties":{"h":20.0,"d":11.4,"a":0,"l":"d"},"geometry":{"type":"Point","coordinates":[415506.7,5656688.2]}},{"type":"Feature","properties":{"h":20.0,"d":11.4,"a":0,"l":"d"},"geometry":{"type":"Point","coordinates":[415506.9,5656674.1]}},{"type":"Feature","properties":{"h":24.0,"d":13.7,"a":0,"l":"d","gn":4,"s":"osm"},"geometry":{"type":"Point","coordinates":[415507.0,5656665.7]}},{"type":"Feature","properties":{"h":20.0,"d":11.4,"a":0,"l":"d"},"geometry":{"type":"Point","coordinates":[415507.0,5656681.9]}},{"type":"Feature","properties":{"h":20.0,"d":11.4,"a":0,"l":"d"},"geometry":{"type":"Point","coordinates":[415507.1,5656651.1]}},{"type":"Feature","properties":{"h":20.0,"d":11.4,"a":0,"l":"d"},"geometry":{"type":"Point","coordinates":[415507.1,5656815.0]}},{"type":"Feature","properties":{"h":20.0,"d":11.4,"a":0,"l":"d"},"geometry":{"type":"Point","coordinates":[415507.2,5656644.0]}},{"type":"Feature","properties":{"h":20.0,"d":11.4,"a":0,"l":"d"},"geometry":{"type":"Point","coordinates":[415507.2,5656786.5]}},{"type":"Feature","properties":{"h":20.0,"d":11.4,"a":0,"l":"d"},"geometry":{"type":"Point","coordinates":[415507.2,5656821.2]}},{"type":"Feature","properties":{"h":20.0,"d":11.4,"a":0,"l":"d"},"geometry":{"type":"Point","coordinates":[415507.3,5656739.1]}},{"type":"Feature","properties":{"h":20.0,"d":11.4,"a":0,"l":"d"},"geometry":{"type":"Point","coordinates":[415507.3,5656552.6]}},{"type":"Feature","properties":{"h":20.0,"d":11.4,"a":0,"l":"d"},"geometry":{"type":"Point","coordinates":[415507.6,5656653.5]}},{"type":"Feature","properties":{"h":20.0,"d":11.4,"a":0,"l":"d"},"geometry":{"type":"Point","coordinates":[415507.7,5656732.7]}},{"type":"Feature","properties":{"h":20.0,"d":11.4,"a":0,"l":"d"},"geometry":{"type":"Point","coordinates":[415507.7,5656558.3]}},{"type":"Feature","properties":{"h":20.0,"d":11.4,"a":0,"l":"d"},"geometry":{"type":"Point","coordinates":[415507.7,5656783.5]}},{"type":"Feature","properties":{"h":20.0,"d":11.4,"a":0,"l":"d"},"geometry":{"type":"Point","coordinates":[415508.0,5656822.5]}},{"type":"Feature","properties":{"h":18.0,"d":18.0,"a":0,"l":"d","gn":34,"t":62},"geometry":{"type":"Point","coordinates":[415508.1,5657619.9]}},{"type":"Feature","properties":{"h":20.0,"d":11.4,"a":0,"l":"d"},"geometry":{"type":"Point","coordinates":[415508.3,5656567.4]}},{"type":"Feature","properties":{"h":20.0,"d":11.4,"a":0,"l":"d"},"geometry":{"type":"Point","coordinates":[415508.3,5656658.5]}},{"type":"Feature","properties":{"h":20.0,"d":11.4,"a":0,"l":"d"},"geometry":{"type":"Point","coordinates":[415508.6,5656850.8]}},{"type":"Feature","properties":{"h":20.0,"d":11.4,"a":0,"l":"d"},"geometry":{"type":"Point","coordinates":[415509.0,5656633.9]}},{"type":"Feature","properties":{"h":20.0,"d":11.4,"a":0,"l":"d"},"geometry":{"type":"Point","coordinates":[415509.3,5656806.5]}},{"type":"Feature","properties":{"h":20.0,"d":11.4,"a":0,"l":"d"},"geometry":{"type":"Point","coordinates":[415509.4,5656574.4]}},{"type":"Feature","properties":{"h":20.0,"d":11.4,"a":0,"l":"d"},"geometry":{"type":"Point","coordinates":[415509.4,5656843.1]}},{"type":"Feature","properties":{"h":7.0,"d":7.0,"a":5,"l":"d","t":16},"geometry":{"type":"Point","coordinates":[415509.8,5657615.4]}},{"type":"Feature","properties":{"h":20.0,"d":11.4,"a":0,"l":"d"},"geometry":{"type":"Point","coordinates":[415509.9,5656622.5]}},{"type":"Feature","properties":{"h":20.0,"d":11.4,"a":0,"l":"d"},"geometry":{"type":"Point","coordinates":[415510.0,5656566.0]}},{"type":"Feature","properties":{"h":20.0,"d":11.4,"a":0,"l":"d"},"geometry":{"type":"Point","coordinates":[415510.0,5656840.6]}},{"type":"Feature","properties":{"h":20.0,"d":11.4,"a":0,"l":"d"},"geometry":{"type":"Point","coordinates":[415510.1,5656782.6]}},{"type":"Feature","properties":{"h":20.0,"d":11.4,"a":0,"l":"d"},"geometry":{"type":"Point","coordinates":[415510.2,5656637.9]}},{"type":"Feature","properties":{"h":20.0,"d":11.4,"a":0,"l":"d"},"geometry":{"type":"Point","coordinates":[415510.7,5656850.1]}},{"type":"Feature","properties":{"h":17.0,"d":15.0,"a":0,"l":"d","gn":1,"t":57},"geometry":{"type":"Point","coordinates":[415510.7,5657898.3]}},{"type":"Feature","properties":{"h":20.0,"d":11.4,"a":0,"l":"d"},"geometry":{"type":"Point","coordinates":[415510.7,5656811.6]}},{"type":"Feature","properties":{"h":20.0,"d":11.4,"a":0,"l":"d"},"geometry":{"type":"Point","coordinates":[415510.8,5656665.1]}},{"type":"Feature","properties":{"h":20.0,"d":11.4,"a":0,"l":"d"},"geometry":{"type":"Point","coordinates":[415511.0,5656730.2]}},{"type":"Feature","properties":{"h":20.0,"d":11.4,"a":0,"l":"d"},"geometry":{"type":"Point","coordinates":[415511.1,5656627.5]}},{"type":"Feature","properties":{"h":20.0,"d":11.4,"a":0,"l":"d"},"geometry":{"type":"Point","coordinates":[415511.8,5656759.0]}},{"type":"Feature","properties":{"h":20.0,"d":11.4,"a":0,"l":"d"},"geometry":{"type":"Point","coordinates":[415511.9,5656841.3]}},{"type":"Feature","properties":{"h":20.0,"d":11.4,"a":0,"l":"d"},"geometry":{"type":"Point","coordinates":[415511.9,5656847.4]}},{"type":"Feature","properties":{"h":20.0,"d":11.4,"a":0,"l":"d"},"geometry":{"type":"Point","coordinates":[415512.0,5656620.9]}},{"type":"Feature","properties":{"h":17.0,"d":11.0,"a":0,"l":"d","gn":15,"t":99},"geometry":{"type":"Point","coordinates":[415512.1,5656018.4]}},{"type":"Feature","properties":{"h":20.0,"d":11.4,"a":0,"l":"d"},"geometry":{"type":"Point","coordinates":[415512.2,5656842.9]}},{"type":"Feature","properties":{"h":20.0,"d":11.4,"a":0,"l":"d"},"geometry":{"type":"Point","coordinates":[415512.7,5656812.7]}},{"type":"Feature","properties":{"h":20.0,"d":11.4,"a":0,"l":"d"},"geometry":{"type":"Point","coordinates":[415512.7,5656849.2]}},{"type":"Feature","properties":{"h":7.0,"d":6.0,"a":5,"l":"d","gn":12,"t":25},"geometry":{"type":"Point","coordinates":[415512.8,5657609.7]}},{"type":"Feature","properties":{"h":20.0,"d":11.4,"a":0,"l":"d"},"geometry":{"type":"Point","coordinates":[415512.9,5656742.7]}},{"type":"Feature","properties":{"h":20.0,"d":11.4,"a":0,"l":"d"},"geometry":{"type":"Point","coordinates":[415513.0,5656646.4]}},{"type":"Feature","properties":{"h":8.0,"d":5.0,"a":0,"l":"d","gn":1,"t":21},"geometry":{"type":"Point","coordinates":[415513.1,5656002.9]}},{"type":"Feature","properties":{"h":20.0,"d":11.4,"a":0,"l":"d"},"geometry":{"type":"Point","coordinates":[415513.7,5656738.5]}},{"type":"Feature","properties":{"h":18.0,"d":10.3,"a":0,"l":"d","gn":4,"t":49},"geometry":{"type":"Point","coordinates":[415513.9,5656862.4]}},{"type":"Feature","properties":{"h":20.0,"d":11.4,"a":0,"l":"d"},"geometry":{"type":"Point","coordinates":[415513.9,5656651.6]}},{"type":"Feature","properties":{"h":20.0,"d":11.4,"a":0,"l":"d"},"geometry":{"type":"Point","coordinates":[415514.4,5656730.9]}},{"type":"Feature","properties":{"h":20.0,"d":11.4,"a":0,"l":"d"},"geometry":{"type":"Point","coordinates":[415514.8,5656632.6]}},{"type":"Feature","properties":{"h":20.0,"d":11.4,"a":0,"l":"d"},"geometry":{"type":"Point","coordinates":[415515.0,5656759.5]}},{"type":"Feature","properties":{"h":20.0,"d":11.4,"a":0,"l":"d"},"geometry":{"type":"Point","coordinates":[415515.7,5656620.7]}},{"type":"Feature","properties":{"h":20.0,"d":11.4,"a":0,"l":"d"},"geometry":{"type":"Point","coordinates":[415516.0,5656822.5]}},{"type":"Feature","properties":{"h":20.0,"d":11.4,"a":0,"l":"d"},"geometry":{"type":"Point","coordinates":[415516.5,5656566.5]}},{"type":"Feature","properties":{"h":20.0,"d":11.4,"a":0,"l":"d"},"geometry":{"type":"Point","coordinates":[415516.7,5656767.6]}},{"type":"Feature","properties":{"h":20.0,"d":11.4,"a":0,"l":"d"},"geometry":{"type":"Point","coordinates":[415516.7,5656760.2]}},{"type":"Feature","properties":{"h":20.0,"d":11.4,"a":0,"l":"d"},"geometry":{"type":"Point","coordinates":[415517.2,5656733.2]}},{"type":"Feature","properties":{"h":20.0,"d":11.4,"a":0,"l":"d"},"geometry":{"type":"Point","coordinates":[415517.4,5656617.6]}},{"type":"Feature","properties":{"h":20.0,"d":11.4,"a":0,"l":"d"},"geometry":{"type":"Point","coordinates":[415517.4,5656776.8]}},{"type":"Feature","properties":{"h":20.0,"d":11.4,"a":0,"l":"d"},"geometry":{"type":"Point","coordinates":[415517.5,5656779.5]}},{"type":"Feature","properties":{"h":20.0,"d":11.4,"a":0,"l":"d"},"geometry":{"type":"Point","coordinates":[415517.6,5656731.8]}},{"type":"Feature","properties":{"h":20.0,"d":11.4,"a":0,"l":"d"},"geometry":{"type":"Point","coordinates":[415517.9,5656623.8]}},{"type":"Feature","properties":{"h":20.0,"d":11.4,"a":0,"l":"d"},"geometry":{"type":"Point","coordinates":[415518.2,5656621.7]}},{"type":"Feature","properties":{"h":20.0,"d":11.4,"a":0,"l":"d"},"geometry":{"type":"Point","coordinates":[415518.5,5656603.4]}},{"type":"Feature","properties":{"h":20.0,"d":11.4,"a":0,"l":"d"},"geometry":{"type":"Point","coordinates":[415518.7,5656668.4]}},{"type":"Feature","properties":{"h":20.0,"d":11.4,"a":0,"l":"d"},"geometry":{"type":"Point","coordinates":[415518.8,5656785.4]}},{"type":"Feature","properties":{"h":20.0,"d":11.4,"a":0,"l":"d"},"geometry":{"type":"Point","coordinates":[415519.2,5656817.8]}},{"type":"Feature","properties":{"h":20.0,"d":11.4,"a":0,"l":"d","s":"osm"},"geometry":{"type":"Point","coordinates":[415519.3,5657646.9]}},{"type":"Feature","properties":{"h":20.0,"d":11.4,"a":0,"l":"d"},"geometry":{"type":"Point","coordinates":[415519.4,5656768.1]}},{"type":"Feature","properties":{"h":20.0,"d":11.4,"a":0,"l":"d"},"geometry":{"type":"Point","coordinates":[415519.4,5656635.8]}},{"type":"Feature","properties":{"h":20.0,"d":11.4,"a":0,"l":"d"},"geometry":{"type":"Point","coordinates":[415519.6,5656636.8]}},{"type":"Feature","properties":{"h":3.0,"d":4.0,"a":3,"l":"e","t":22},"geometry":{"type":"Point","coordinates":[415519.6,5657755.9]}},{"type":"Feature","properties":{"h":20.0,"d":11.4,"a":0,"l":"d"},"geometry":{"type":"Point","coordinates":[415519.8,5656614.9]}},{"type":"Feature","properties":{"h":20.0,"d":11.4,"a":0,"l":"d"},"geometry":{"type":"Point","coordinates":[415519.9,5656612.8]}},{"type":"Feature","properties":{"h":8.0,"d":5.0,"a":0,"l":"d","gn":1,"t":20},"geometry":{"type":"Point","coordinates":[415520.0,5656005.6]}},{"type":"Feature","properties":{"h":20.0,"d":11.4,"a":0,"l":"d"},"geometry":{"type":"Point","coordinates":[415520.7,5656629.4]}},{"type":"Feature","properties":{"h":20.0,"d":11.4,"a":0,"l":"d"},"geometry":{"type":"Point","coordinates":[415521.0,5656571.8]}},{"type":"Feature","properties":{"h":20.0,"d":11.4,"a":0,"l":"d"},"geometry":{"type":"Point","coordinates":[415521.3,5656753.4]}},{"type":"Feature","properties":{"h":27.0,"d":15.4,"a":0,"l":"d","gn":4,"t":59},"geometry":{"type":"Point","coordinates":[415521.4,5656860.9]}},{"type":"Feature","properties":{"h":20.0,"d":11.4,"a":0,"l":"d"},"geometry":{"type":"Point","coordinates":[415521.5,5656818.5]}},{"type":"Feature","properties":{"h":20.0,"d":11.4,"a":0,"l":"d"},"geometry":{"type":"Point","coordinates":[415521.6,5656744.9]}},{"type":"Feature","properties":{"h":20.0,"d":11.4,"a":0,"l":"d"},"geometry":{"type":"Point","coordinates":[415521.6,5656842.7]}},{"type":"Feature","properties":{"h":20.0,"d":11.4,"a":0,"l":"d"},"geometry":{"type":"Point","coordinates":[415521.8,5656755.9]}},{"type":"Feature","properties":{"h":20.0,"d":11.4,"a":0,"l":"d"},"geometry":{"type":"Point","coordinates":[415521.8,5656605.9]}},{"type":"Feature","properties":{"h":20.0,"d":11.4,"a":0,"l":"d"},"geometry":{"type":"Point","coordinates":[415522.0,5656839.5]}},{"type":"Feature","properties":{"h":20.0,"d":11.4,"a":0,"l":"d"},"geometry":{"type":"Point","coordinates":[415522.1,5656742.9]}},{"type":"Feature","properties":{"h":3.0,"d":3.0,"a":3,"l":"e","t":26},"geometry":{"type":"Point","coordinates":[415522.5,5657754.8]}},{"type":"Feature","properties":{"h":20.0,"d":11.4,"a":0,"l":"d"},"geometry":{"type":"Point","coordinates":[415522.6,5656827.7]}},{"type":"Feature","properties":{"h":20.0,"d":11.4,"a":0,"l":"d"},"geometry":{"type":"Point","coordinates":[415522.8,5656765.7]}},{"type":"Feature","properties":{"h":20.0,"d":11.4,"a":0,"l":"d"},"geometry":{"type":"Point","coordinates":[415522.9,5656611.0]}},{"type":"Feature","properties":{"h":19.0,"d":13.0,"a":0,"l":"d","gn":34,"t":64},"geometry":{"type":"Point","coordinates":[415523.3,5657647.4]}},{"type":"Feature","properties":{"h":20.0,"d":11.4,"a":0,"l":"d"},"geometry":{"type":"Point","coordinates":[415523.4,5656834.8]}},{"type":"Feature","properties":{"h":20.0,"d":11.4,"a":0,"l":"d"},"geometry":{"type":"Point","coordinates":[415523.7,5656615.2]}},{"type":"Feature","properties":{"h":20.0,"d":11.4,"a":0,"l":"d"},"geometry":{"type":"Point","coordinates":[415523.9,5656573.9]}},{"type":"Feature","properties":{"h":20.0,"d":11.4,"a":0,"l":"d"},"geometry":{"type":"Point","coordinates":[415524.2,5656782.4]}},{"type":"Feature","properties":{"h":8.0,"d":4.6,"a":0,"l":"d","gn":4,"t":22},"geometry":{"type":"Point","coordinates":[415524.3,5656860.6]}},{"type":"Feature","properties":{"h":20.0,"d":11.4,"a":0,"l":"d"},"geometry":{"type":"Point","coordinates":[415524.6,5656832.4]}},{"type":"Feature","properties":{"h":20.0,"d":11.4,"a":0,"l":"d"},"geometry":{"type":"Point","coordinates":[415525.1,5656637.6]}},{"type":"Feature","properties":{"h":20.0,"d":11.4,"a":0,"l":"d"},"geometry":{"type":"Point","coordinates":[415525.6,5656780.0]}},{"type":"Feature","properties":{"h":6.0,"d":5.0,"a":5,"l":"d","gn":12,"t":13},"geometry":{"type":"Point","coordinates":[415525.7,5657606.1]}},{"type":"Feature","properties":{"h":20.0,"d":11.4,"a":0,"l":"d"},"geometry":{"type":"Point","coordinates":[415525.7,5656648.2]}},{"type":"Feature","properties":{"h":20.0,"d":11.4,"a":0,"l":"d"},"geometry":{"type":"Point","coordinates":[415525.7,5656634.6]}},{"type":"Feature","properties":{"h":20.0,"d":11.4,"a":0,"l":"d"},"geometry":{"type":"Point","coordinates":[415526.1,5656652.5]}},{"type":"Feature","properties":{"h":20.0,"d":11.4,"a":0,"l":"d"},"geometry":{"type":"Point","coordinates":[415526.3,5656836.7]}},{"type":"Feature","properties":{"h":20.0,"d":11.4,"a":0,"l":"d"},"geometry":{"type":"Point","coordinates":[415526.6,5656744.9]}},{"type":"Feature","properties":{"h":6.0,"d":5.0,"a":0,"l":"d","t":12},"geometry":{"type":"Point","coordinates":[415526.6,5657621.9]}},{"type":"Feature","properties":{"h":20.0,"d":11.4,"a":0,"l":"d"},"geometry":{"type":"Point","coordinates":[415526.7,5656632.1]}},{"type":"Feature","properties":{"h":20.0,"d":11.4,"a":0,"l":"d"},"geometry":{"type":"Point","coordinates":[415526.7,5656575.1]}},{"type":"Feature","properties":{"h":20.0,"d":11.4,"a":0,"l":"d"},"geometry":{"type":"Point","coordinates":[415526.8,5656840.0]}},{"type":"Feature","properties":{"h":20.0,"d":11.4,"a":0,"l":"d"},"geometry":{"type":"Point","coordinates":[415527.2,5656619.0]}},{"type":"Feature","properties":{"h":20.0,"d":11.4,"a":0,"l":"d"},"geometry":{"type":"Point","coordinates":[415527.3,5656783.8]}},{"type":"Feature","properties":{"h":20.0,"d":11.4,"a":0,"l":"d"},"geometry":{"type":"Point","coordinates":[415527.4,5656796.6]}},{"type":"Feature","properties":{"h":20.0,"d":11.4,"a":0,"l":"d"},"geometry":{"type":"Point","coordinates":[415527.5,5656814.6]}},{"type":"Feature","properties":{"h":20.0,"d":11.4,"a":0,"l":"d"},"geometry":{"type":"Point","coordinates":[415527.7,5656744.6]}},{"type":"Feature","properties":{"h":20.0,"d":11.4,"a":0,"l":"d"},"geometry":{"type":"Point","coordinates":[415528.2,5656782.2]}},{"type":"Feature","properties":{"h":8.0,"d":5.0,"a":0,"l":"d","gn":1,"t":21},"geometry":{"type":"Point","coordinates":[415528.4,5656008.8]}},{"type":"Feature","properties":{"h":20.0,"d":11.4,"a":0,"l":"d"},"geometry":{"type":"Point","coordinates":[415528.5,5656759.1]}},{"type":"Feature","properties":{"h":20.0,"d":11.4,"a":0,"l":"d"},"geometry":{"type":"Point","coordinates":[415528.6,5656631.0]}},{"type":"Feature","properties":{"h":20.0,"d":11.4,"a":0,"l":"d"},"geometry":{"type":"Point","coordinates":[415528.6,5656822.7]}},{"type":"Feature","properties":{"h":20.0,"d":11.4,"a":0,"l":"d","t":53},"geometry":{"type":"Point","coordinates":[415529.0,5656570.1]}},{"type":"Feature","properties":{"h":20.0,"d":11.4,"a":0,"l":"d"},"geometry":{"type":"Point","coordinates":[415529.4,5656602.7]}},{"type":"Feature","properties":{"h":20.0,"d":11.4,"a":0,"l":"d"},"geometry":{"type":"Point","coordinates":[415529.4,5656644.0]}},{"type":"Feature","properties":{"h":20.0,"d":11.4,"a":0,"l":"d"},"geometry":{"type":"Point","coordinates":[415529.5,5656737.6]}},{"type":"Feature","properties":{"h":20.0,"d":11.4,"a":0,"l":"d"},"geometry":{"type":"Point","coordinates":[415529.7,5656577.3]}},{"type":"Feature","properties":{"h":20.0,"d":11.4,"a":0,"l":"d"},"geometry":{"type":"Point","coordinates":[415529.7,5656837.7]}},{"type":"Feature","properties":{"h":7.0,"d":9.0,"a":0,"l":"d","t":23},"geometry":{"type":"Point","coordinates":[415529.9,5657606.7]}},{"type":"Feature","properties":{"h":20.0,"d":11.4,"a":0,"l":"d"},"geometry":{"type":"Point","coordinates":[415529.9,5656739.6]}},{"type":"Feature","properties":{"h":20.0,"d":11.4,"a":0,"l":"d"},"geometry":{"type":"Point","coordinates":[415529.9,5656623.8]}},{"type":"Feature","properties":{"h":20.0,"d":11.4,"a":0,"l":"d"},"geometry":{"type":"Point","coordinates":[415530.1,5656608.0]}},{"type":"Feature","properties":{"h":20.0,"d":11.4,"a":0,"l":"d"},"geometry":{"type":"Point","coordinates":[415530.2,5656574.4]}},{"type":"Feature","properties":{"h":17.0,"d":14.0,"a":0,"l":"d","gn":1,"t":57},"geometry":{"type":"Point","coordinates":[415530.6,5657620.1]}},{"type":"Feature","properties":{"h":20.0,"d":11.4,"a":0,"l":"d"},"geometry":{"type":"Point","coordinates":[415530.7,5656792.2]}},{"type":"Feature","properties":{"h":8.0,"d":6.0,"a":0,"l":"d","gn":3,"t":26},"geometry":{"type":"Point","coordinates":[415530.7,5656100.4]}},{"type":"Feature","properties":{"h":34.0,"d":19.4,"a":0,"l":"d","gn":31,"t":85},"geometry":{"type":"Point","coordinates":[415530.9,5656857.1]}},{"type":"Feature","properties":{"h":5.0,"d":8.0,"a":5,"l":"d","t":17},"geometry":{"type":"Point","coordinates":[415531.0,5657610.4]}},{"type":"Feature","properties":{"h":20.0,"d":11.4,"a":0,"l":"d"},"geometry":{"type":"Point","coordinates":[415531.1,5656790.1]}},{"type":"Feature","properties":{"h":20.0,"d":11.4,"a":0,"l":"d"},"geometry":{"type":"Point","coordinates":[415531.2,5656547.7]}},{"type":"Feature","properties":{"h":20.0,"d":11.4,"a":0,"l":"d"},"geometry":{"type":"Point","coordinates":[415531.2,5656781.7]}},{"type":"Feature","properties":{"h":20.0,"d":11.4,"a":0,"l":"d"},"geometry":{"type":"Point","coordinates":[415531.3,5656612.7]}},{"type":"Feature","properties":{"h":25.0,"d":14.3,"a":0,"l":"d","t":62},"geometry":{"type":"Point","coordinates":[415531.3,5656566.6]}},{"type":"Feature","properties":{"h":20.0,"d":11.4,"a":0,"l":"d"},"geometry":{"type":"Point","coordinates":[415531.4,5656637.8]}},{"type":"Feature","properties":{"h":20.0,"d":11.4,"a":0,"l":"d"},"geometry":{"type":"Point","coordinates":[415531.5,5656754.2]}},{"type":"Feature","properties":{"h":20.0,"d":11.4,"a":0,"l":"d"},"geometry":{"type":"Point","coordinates":[415532.0,5656768.7]}},{"type":"Feature","properties":{"h":20.0,"d":11.4,"a":0,"l":"d"},"geometry":{"type":"Point","coordinates":[415532.1,5656771.8]}},{"type":"Feature","properties":{"h":18.0,"d":13.0,"a":0,"l":"d","gn":3,"t":78},"geometry":{"type":"Point","coordinates":[415532.4,5656108.0]}},{"type":"Feature","properties":{"h":20.0,"d":11.4,"a":0,"l":"d","t":33},"geometry":{"type":"Point","coordinates":[415532.9,5656646.7]}},{"type":"Feature","properties":{"h":6.0,"d":5.0,"a":5,"l":"d","t":11},"geometry":{"type":"Point","coordinates":[415532.9,5657604.4]}},{"type":"Feature","properties":{"h":26.0,"d":14.9,"a":0,"l":"d","gn":4,"t":63},"geometry":{"type":"Point","coordinates":[415533.0,5656858.4]}},{"type":"Feature","properties":{"h":20.0,"d":11.4,"a":0,"l":"d"},"geometry":{"type":"Point","coordinates":[415533.7,5656600.4]}},{"type":"Feature","properties":{"h":20.0,"d":11.4,"a":0,"l":"d"},"geometry":{"type":"Point","coordinates":[415533.9,5656643.7]}},{"type":"Feature","properties":{"h":8.0,"d":11.0,"a":3,"l":"e","t":42},"geometry":{"type":"Point","coordinates":[415533.9,5657700.5]}},{"type":"Feature","properties":{"h":20.0,"d":11.4,"a":0,"l":"d"},"geometry":{"type":"Point","coordinates":[415534.1,5656644.3]}},{"type":"Feature","properties":{"h":9.0,"d":11.0,"a":3,"l":"e","t":75},"geometry":{"type":"Point","coordinates":[415534.3,5657703.5]}},{"type":"Feature","properties":{"h":20.0,"d":11.4,"a":0,"l":"d"},"geometry":{"type":"Point","coordinates":[415534.4,5656740.7]}},{"type":"Feature","properties":{"h":20.0,"d":11.4,"a":0,"l":"d"},"geometry":{"type":"Point","coordinates":[415534.4,5656622.1]}},{"type":"Feature","properties":{"h":20.0,"d":11.4,"a":0,"l":"d"},"geometry":{"type":"Point","coordinates":[415534.5,5656566.0]}},{"type":"Feature","properties":{"h":20.0,"d":11.4,"a":0,"l":"d"},"geometry":{"type":"Point","coordinates":[415534.6,5656637.0]}},{"type":"Feature","properties":{"h":24.0,"d":24.0,"a":0,"l":"d","gn":4,"t":118},"geometry":{"type":"Point","coordinates":[415534.7,5657659.5]}},{"type":"Feature","properties":{"h":20.0,"d":11.4,"a":0,"l":"d"},"geometry":{"type":"Point","coordinates":[415534.7,5656780.7]}},{"type":"Feature","properties":{"h":20.0,"d":11.4,"a":0,"l":"d"},"geometry":{"type":"Point","coordinates":[415534.9,5656635.6]}},{"type":"Feature","properties":{"h":20.0,"d":11.4,"a":0,"l":"d"},"geometry":{"type":"Point","coordinates":[415535.0,5656619.8]}},{"type":"Feature","properties":{"h":20.0,"d":11.4,"a":0,"l":"d"},"geometry":{"type":"Point","coordinates":[415535.0,5656546.7]}},{"type":"Feature","properties":{"h":20.0,"d":11.4,"a":0,"l":"d"},"geometry":{"type":"Point","coordinates":[415535.2,5656772.2]}},{"type":"Feature","properties":{"h":10.0,"d":7.0,"a":0,"l":"d","gn":3,"t":24},"geometry":{"type":"Point","coordinates":[415535.5,5657749.3]}},{"type":"Feature","properties":{"h":20.0,"d":11.4,"a":0,"l":"d"},"geometry":{"type":"Point","coordinates":[415535.6,5656770.2]}},{"type":"Feature","properties":{"h":20.0,"d":11.4,"a":0,"l":"d"},"geometry":{"type":"Point","coordinates":[415535.8,5656554.3]}},{"type":"Feature","properties":{"h":7.0,"d":5.0,"a":0,"l":"d","gn":1,"t":18},"geometry":{"type":"Point","coordinates":[415535.9,5656011.5]}},{"type":"Feature","properties":{"h":8.0,"d":12.0,"a":0,"l":"d","gn":1,"t":17},"geometry":{"type":"Point","coordinates":[415535.9,5656381.1]}},{"type":"Feature","properties":{"h":20.0,"d":11.4,"a":0,"l":"d"},"geometry":{"type":"Point","coordinates":[415535.9,5656766.4]}},{"type":"Feature","properties":{"h":23.0,"d":13.0,"a":0,"l":"d","gn":3,"t":76},"geometry":{"type":"Point","coordinates":[415536.3,5657757.5]}},{"type":"Feature","properties":{"h":25.0,"d":14.3,"a":0,"l":"d","t":90},"geometry":{"type":"Point","coordinates":[415536.7,5656568.2]}},{"type":"Feature","properties":{"h":20.0,"d":11.4,"a":0,"l":"d"},"geometry":{"type":"Point","coordinates":[415536.8,5656829.0]}},{"type":"Feature","properties":{"h":12.0,"d":7.0,"a":0,"l":"d","gn":3,"t":23},"geometry":{"type":"Point","coordinates":[415536.8,5657765.5]}},{"type":"Feature","properties":{"h":20.0,"d":11.4,"a":0,"l":"d"},"geometry":{"type":"Point","coordinates":[415537.0,5656594.0]}},{"type":"Feature","properties":{"h":20.0,"d":11.4,"a":0,"l":"d"},"geometry":{"type":"Point","coordinates":[415537.1,5656643.4]}},{"type":"Feature","properties":{"h":20.0,"d":11.4,"a":0,"l":"d"},"geometry":{"type":"Point","coordinates":[415537.3,5656740.9]}},{"type":"Feature","properties":{"h":11.0,"d":7.0,"a":0,"l":"d","gn":3,"t":26},"geometry":{"type":"Point","coordinates":[415537.5,5657772.6]}},{"type":"Feature","properties":{"h":12.0,"d":15.0,"a":5,"l":"d","gn":27,"t":15},"geometry":{"type":"Point","coordinates":[415537.7,5657613.4]}},{"type":"Feature","properties":{"h":20.0,"d":11.4,"a":0,"l":"d"},"geometry":{"type":"Point","coordinates":[415537.9,5656630.9]}},{"type":"Feature","properties":{"h":4.0,"d":4.0,"a":0,"l":"d","t":14},"geometry":{"type":"Point","coordinates":[415538.2,5657605.2]}},{"type":"Feature","properties":{"h":22.0,"d":14.0,"a":0,"l":"d","gn":1,"t":43},"geometry":{"type":"Point","coordinates":[415538.3,5656381.1]}},{"type":"Feature","properties":{"h":11.0,"d":7.0,"a":0,"l":"d","gn":3,"t":27},"geometry":{"type":"Point","coordinates":[415538.4,5657780.2]}},{"type":"Feature","properties":{"h":5.0,"d":5.0,"a":5,"l":"d","gn":8,"t":14},"geometry":{"type":"Point","coordinates":[415538.8,5656374.5]}},{"type":"Feature","properties":{"h":20.0,"d":11.4,"a":0,"l":"d"},"geometry":{"type":"Point","coordinates":[415538.9,5656771.5]}},{"type":"Feature","properties":{"h":20.0,"d":11.4,"a":0,"l":"d"},"geometry":{"type":"Point","coordinates":[415539.0,5656743.0]}},{"type":"Feature","properties":{"h":7.0,"d":7.0,"a":5,"l":"d","t":16},"geometry":{"type":"Point","coordinates":[415539.1,5657611.8]}},{"type":"Feature","properties":{"h":12.0,"d":6.0,"a":0,"l":"d","gn":3,"t":24},"geometry":{"type":"Point","coordinates":[415539.1,5657788.2]}},{"type":"Feature","properties":{"h":20.0,"d":11.4,"a":0,"l":"d"},"geometry":{"type":"Point","coordinates":[415539.4,5656618.5]}},{"type":"Feature","properties":{"h":8.0,"d":6.0,"a":0,"l":"d","gn":3,"t":29},"geometry":{"type":"Point","coordinates":[415539.6,5656098.6]}},{"type":"Feature","properties":{"h":9.0,"d":4.0,"a":0,"l":"d","gn":3,"t":13},"geometry":{"type":"Point","coordinates":[415539.6,5657796.3]}},{"type":"Feature","properties":{"h":20.0,"d":11.4,"a":0,"l":"d"},"geometry":{"type":"Point","coordinates":[415539.7,5656623.8]}},{"type":"Feature","properties":{"h":12.0,"d":10.0,"a":0,"l":"d","gn":34,"t":37},"geometry":{"type":"Point","coordinates":[415539.7,5657687.5]}},{"type":"Feature","properties":{"h":16.0,"d":9.0,"a":0,"l":"d","gn":15,"t":64},"geometry":{"type":"Point","coordinates":[415540.3,5657679.7]}},{"type":"Feature","properties":{"h":20.0,"d":11.4,"a":0,"l":"d"},"geometry":{"type":"Point","coordinates":[415540.5,5656600.3]}},{"type":"Feature","properties":{"h":6.0,"d":6.0,"a":3,"l":"e","t":25},"geometry":{"type":"Point","coordinates":[415540.5,5657699.2]}},{"type":"Feature","properties":{"h":17.0,"d":8.0,"a":0,"l":"d","gn":1,"t":47},"geometry":{"type":"Point","coordinates":[415540.5,5656371.4]}},{"type":"Feature","properties":{"h":20.0,"d":11.4,"a":0,"l":"d"},"geometry":{"type":"Point","coordinates":[415540.6,5656566.8]}},{"type":"Feature","properties":{"h":13.0,"d":10.0,"a":3,"l":"e","t":79},"geometry":{"type":"Point","coordinates":[415540.8,5657705.1]}},{"type":"Feature","properties":{"h":20.0,"d":11.4,"a":0,"l":"d"},"geometry":{"type":"Point","coordinates":[415540.8,5656758.0]}},{"type":"Feature","properties":{"h":18.0,"d":6.0,"a":3,"l":"e","t":42},"geometry":{"type":"Point","coordinates":[415541.5,5656390.0]}},{"type":"Feature","properties":{"h":8.0,"d":12.0,"a":5,"l":"d","gn":8,"t":25},"geometry":{"type":"Point","coordinates":[415541.5,5657615.0]}},{"type":"Feature","properties":{"h":20.0,"d":11.4,"a":0,"l":"d"},"geometry":{"type":"Point","coordinates":[415541.7,5656637.2]}},{"type":"Feature","properties":{"h":17.0,"d":10.0,"a":1,"l":"d","gn":3,"t":41},"geometry":{"type":"Point","coordinates":[415541.8,5657813.8]}},{"type":"Feature","properties":{"h":20.0,"d":11.4,"a":0,"l":"d"},"geometry":{"type":"Point","coordinates":[415542.3,5656633.9]}},{"type":"Feature","properties":{"h":16.0,"d":13.0,"a":1,"l":"d","gn":3,"t":42},"geometry":{"type":"Point","coordinates":[415542.3,5657821.0]}},{"type":"Feature","properties":{"h":28.0,"d":16.0,"a":0,"l":"d","gn":4,"t":56},"geometry":{"type":"Point","coordinates":[415542.5,5656856.8]}},{"type":"Feature","properties":{"h":18.0,"d":6.0,"a":0,"l":"d","gn":1,"t":32},"geometry":{"type":"Point","coordinates":[415542.7,5656386.2]}},{"type":"Feature","properties":{"h":20.0,"d":11.4,"a":0,"l":"d"},"geometry":{"type":"Point","coordinates":[415542.7,5656741.1]}},{"type":"Feature","properties":{"h":20.0,"d":11.4,"a":0,"l":"d"},"geometry":{"type":"Point","coordinates":[415542.8,5656751.7]}},{"type":"Feature","properties":{"h":20.0,"d":11.4,"a":0,"l":"d"},"geometry":{"type":"Point","coordinates":[415542.9,5656766.0]}},{"type":"Feature","properties":{"h":20.0,"d":12.0,"a":0,"l":"d","gn":7,"t":80},"geometry":{"type":"Point","coordinates":[415543.8,5657788.2]}},{"type":"Feature","properties":{"h":20.0,"d":11.4,"a":0,"l":"d"},"geometry":{"type":"Point","coordinates":[415543.9,5656628.0]}},{"type":"Feature","properties":{"h":8.0,"d":12.0,"a":5,"l":"d","gn":8,"t":18},"geometry":{"type":"Point","coordinates":[415544.2,5657617.7]}},{"type":"Feature","properties":{"h":10.0,"d":2.0,"a":0,"l":"d","gn":1,"t":13},"geometry":{"type":"Point","coordinates":[415544.5,5656390.0]}},{"type":"Feature","properties":{"h":17.0,"d":8.0,"a":0,"l":"d","gn":1,"t":39},"geometry":{"type":"Point","coordinates":[415544.5,5656366.6]}},{"type":"Feature","properties":{"h":20.0,"d":11.4,"a":0,"l":"d"},"geometry":{"type":"Point","coordinates":[415544.6,5656753.3]}},{"type":"Feature","properties":{"h":18.0,"d":10.0,"a":0,"l":"d","gn":3,"t":37},"geometry":{"type":"Point","coordinates":[415544.6,5657769.9]}},{"type":"Feature","properties":{"h":20.0,"d":11.4,"a":0,"l":"d"},"geometry":{"type":"Point","coordinates":[415544.8,5656829.6]}},{"type":"Feature","properties":{"h":20.0,"d":10.0,"a":0,"l":"d","gn":15,"t":44},"geometry":{"type":"Point","coordinates":[415545.0,5657782.7]}},{"type":"Feature","properties":{"h":25.0,"d":15.0,"a":0,"l":"d","gn":1,"t":65},"geometry":{"type":"Point","coordinates":[415545.1,5657689.8]}},{"type":"Feature","properties":{"h":20.0,"d":11.4,"a":0,"l":"d","t":33},"geometry":{"type":"Point","coordinates":[415545.1,5656566.4]}},{"type":"Feature","properties":{"h":20.0,"d":11.4,"a":0,"l":"d"},"geometry":{"type":"Point","coordinates":[415545.2,5656757.4]}},{"type":"Feature","properties":{"h":7.0,"d":5.0,"a":0,"l":"d","gn":1,"t":21},"geometry":{"type":"Point","coordinates":[415545.3,5656015.1]}},{"type":"Feature","properties":{"h":20.0,"d":11.4,"a":0,"l":"d"},"geometry":{"type":"Point","coordinates":[415545.4,5656594.0]}},{"type":"Feature","properties":{"h":20.0,"d":11.4,"a":0,"l":"d"},"geometry":{"type":"Point","coordinates":[415545.4,5656783.4]}},{"type":"Feature","properties":{"h":12.0,"d":6.0,"a":0,"l":"d","gn":1,"t":31},"geometry":{"type":"Point","coordinates":[415545.4,5656376.5]}},{"type":"Feature","properties":{"h":20.0,"d":11.4,"a":0,"l":"d"},"geometry":{"type":"Point","coordinates":[415545.5,5656739.2]}},{"type":"Feature","properties":{"h":6.0,"d":5.0,"a":5,"l":"d","gn":8,"t":19},"geometry":{"type":"Point","coordinates":[415545.6,5656360.8]}},{"type":"Feature","properties":{"h":17.0,"d":11.0,"a":1,"l":"d","gn":11,"t":28},"geometry":{"type":"Point","coordinates":[415545.6,5657775.4]}},{"type":"Feature","properties":{"h":20.0,"d":11.4,"a":0,"l":"d"},"geometry":{"type":"Point","coordinates":[415545.7,5656759.2]}},{"type":"Feature","properties":{"h":20.0,"d":11.4,"a":0,"l":"d"},"geometry":{"type":"Point","coordinates":[415545.8,5656602.1]}},{"type":"Feature","properties":{"h":20.0,"d":11.4,"a":0,"l":"d"},"geometry":{"type":"Point","coordinates":[415545.8,5656820.0]}},{"type":"Feature","properties":{"h":20.0,"d":11.4,"a":0,"l":"d"},"geometry":{"type":"Point","coordinates":[415545.9,5656772.1]}},{"type":"Feature","properties":{"h":20.0,"d":11.4,"a":0,"l":"d"},"geometry":{"type":"Point","coordinates":[415546.0,5656766.4]}},{"type":"Feature","properties":{"h":6.0,"d":3.0,"a":3,"l":"e","t":19},"geometry":{"type":"Point","coordinates":[415546.0,5656374.7]}},{"type":"Feature","properties":{"h":20.0,"d":11.4,"a":0,"l":"d"},"geometry":{"type":"Point","coordinates":[415546.4,5656768.2]}},{"type":"Feature","properties":{"h":3.0,"d":2.0,"a":5,"l":"d","gn":12,"t":20},"geometry":{"type":"Point","coordinates":[415546.8,5657684.9]}},{"type":"Feature","properties":{"h":26.0,"d":16.0,"a":0,"l":"d","gn":31,"t":90},"geometry":{"type":"Point","coordinates":[415546.8,5657736.6]}},{"type":"Feature","properties":{"h":10.0,"d":7.0,"a":0,"l":"d","gn":4,"t":24},"geometry":{"type":"Point","coordinates":[415546.9,5657882.9]}},{"type":"Feature","properties":{"h":20.0,"d":11.4,"a":0,"l":"d"},"geometry":{"type":"Point","coordinates":[415546.9,5656770.4]}},{"type":"Feature","properties":{"h":15.0,"d":10.0,"a":0,"l":"d","gn":3,"t":32},"geometry":{"type":"Point","coordinates":[415546.9,5657799.9]}},{"type":"Feature","properties":{"h":20.0,"d":11.4,"a":0,"l":"d"},"geometry":{"type":"Point","coordinates":[415547.1,5656740.2]}},{"type":"Feature","properties":{"h":6.0,"d":3.0,"a":5,"l":"d","gn":8,"t":17},"geometry":{"type":"Point","coordinates":[415547.2,5656357.6]}},{"type":"Feature","properties":{"h":20.0,"d":11.4,"a":0,"l":"d"},"geometry":{"type":"Point","coordinates":[415547.2,5656744.5]}},{"type":"Feature","properties":{"h":25.0,"d":14.3,"a":0,"l":"d","t":68},"geometry":{"type":"Point","coordinates":[415547.4,5656574.3]}},{"type":"Feature","properties":{"h":25.0,"d":14.3,"a":0,"l":"d","t":60},"geometry":{"type":"Point","coordinates":[415547.5,5656830.2]}},{"type":"Feature","properties":{"h":7.0,"d":6.0,"a":0,"l":"d","gn":1,"t":22},"geometry":{"type":"Point","coordinates":[415547.6,5656028.4]}},{"type":"Feature","properties":{"h":20.0,"d":11.0,"a":0,"l":"d","gn":1,"t":80},"geometry":{"type":"Point","coordinates":[415547.6,5657700.6]}},{"type":"Feature","properties":{"h":27.0,"d":18.0,"a":0,"l":"d","gn":4,"t":75},"geometry":{"type":"Point","coordinates":[415547.9,5657670.2]}},{"type":"Feature","properties":{"h":16.0,"d":7.0,"a":0,"l":"d","gn":1,"t":28},"geometry":{"type":"Point","coordinates":[415548.0,5657688.0]}},{"type":"Feature","properties":{"h":5.0,"d":4.0,"a":3,"l":"e","t":15},"geometry":{"type":"Point","coordinates":[415548.2,5657778.1]}},{"type":"Feature","properties":{"h":25.0,"d":14.3,"a":0,"l":"d","t":70},"geometry":{"type":"Point","coordinates":[415548.2,5656578.0]}},{"type":"Feature","properties":{"h":15.0,"d":8.6,"a":0,"l":"d","t":32},"geometry":{"type":"Point","coordinates":[415548.4,5656547.0]}},{"type":"Feature","properties":{"h":15.0,"d":10.0,"a":0,"l":"d","gn":3,"t":31},"geometry":{"type":"Point","coordinates":[415548.4,5657799.8]}},{"type":"Feature","properties":{"h":11.0,"d":6.0,"a":0,"l":"d","gn":3,"t":11},"geometry":{"type":"Point","coordinates":[415548.4,5657781.7]}},{"type":"Feature","properties":{"h":14.0,"d":6.0,"a":0,"l":"d","gn":1,"t":38},"geometry":{"type":"Point","coordinates":[415548.4,5656354.5]}},{"type":"Feature","properties":{"h":12.0,"d":9.0,"a":1,"l":"d","gn":11,"t":29},"geometry":{"type":"Point","coordinates":[415548.7,5657751.2]}},{"type":"Feature","properties":{"h":20.0,"d":11.4,"a":0,"l":"d"},"geometry":{"type":"Point","coordinates":[415548.7,5656783.7]}},{"type":"Feature","properties":{"h":14.0,"d":10.0,"a":0,"l":"d","gn":33,"t":44},"geometry":{"type":"Point","coordinates":[415548.7,5656364.3]}},{"type":"Feature","properties":{"h":20.0,"d":11.4,"a":0,"l":"d"},"geometry":{"type":"Point","coordinates":[415549.1,5656830.2]}},{"type":"Feature","properties":{"h":11.0,"d":6.0,"a":0,"l":"d","gn":1,"t":14},"geometry":{"type":"Point","coordinates":[415549.2,5657666.8]}},{"type":"Feature","properties":{"h":20.0,"d":11.4,"a":0,"l":"d"},"geometry":{"type":"Point","coordinates":[415549.3,5656772.9]}},{"type":"Feature","properties":{"h":18.0,"d":6.0,"a":0,"l":"d","gn":6,"t":21},"geometry":{"type":"Point","coordinates":[415549.4,5657760.2]}},{"type":"Feature","properties":{"h":22.0,"d":13.0,"a":3,"l":"e","t":56},"geometry":{"type":"Point","coordinates":[415549.5,5656384.9]}},{"type":"Feature","properties":{"h":5.0,"d":1.0,"a":0,"l":"d","gn":4,"t":6},"geometry":{"type":"Point","coordinates":[415549.7,5657873.7]}},{"type":"Feature","properties":{"h":20.0,"d":11.4,"a":0,"l":"d"},"geometry":{"type":"Point","coordinates":[415549.9,5656596.5]}},{"type":"Feature","properties":{"h":20.0,"d":11.4,"a":0,"l":"d"},"geometry":{"type":"Point","coordinates":[415550.0,5656827.9]}},{"type":"Feature","properties":{"h":13.0,"d":7.4,"a":0,"l":"d","gn":4,"t":27},"geometry":{"type":"Point","coordinates":[415550.2,5656844.8]}},{"type":"Feature","properties":{"h":23.0,"d":12.0,"a":0,"l":"d","gn":4,"t":41},"geometry":{"type":"Point","coordinates":[415550.4,5656607.9]}},{"type":"Feature","properties":{"h":24.0,"d":16.0,"a":0,"l":"d","gn":4,"t":76},"geometry":{"type":"Point","coordinates":[415550.4,5656614.9]}},{"type":"Feature","properties":{"h":24.0,"d":16.0,"a":0,"l":"d","gn":1,"t":47},"geometry":{"type":"Point","coordinates":[415550.6,5657677.7]}},{"type":"Feature","properties":{"h":21.0,"d":5.0,"a":0,"l":"d","gn":1,"t":40},"geometry":{"type":"Point","coordinates":[415550.7,5657693.4]}},{"type":"Feature","properties":{"h":7.0,"d":9.0,"a":3,"l":"e","t":30},"geometry":{"type":"Point","coordinates":[415550.8,5657779.6]}},{"type":"Feature","properties":{"h":20.0,"d":11.4,"a":0,"l":"d"},"geometry":{"type":"Point","coordinates":[415551.0,5656546.0]}},{"type":"Feature","properties":{"h":20.0,"d":11.0,"a":0,"l":"d","gn":1,"t":40},"geometry":{"type":"Point","coordinates":[415551.1,5657754.2]}},{"type":"Feature","properties":{"h":32.0,"d":18.3,"a":0,"l":"d","gn":4,"t":79},"geometry":{"type":"Point","coordinates":[415551.2,5656856.1]}},{"type":"Feature","properties":{"h":9.0,"d":7.0,"a":0,"l":"d","gn":4,"t":23},"geometry":{"type":"Point","coordinates":[415551.7,5657883.1]}},{"type":"Feature","properties":{"h":20.0,"d":11.4,"a":0,"l":"d"},"geometry":{"type":"Point","coordinates":[415551.8,5656755.5]}},{"type":"Feature","properties":{"h":6.0,"d":5.0,"a":5,"l":"d","gn":12,"t":19},"geometry":{"type":"Point","coordinates":[415551.9,5657609.0]}},{"type":"Feature","properties":{"h":20.0,"d":17.0,"a":1,"l":"d","gn":11,"t":52},"geometry":{"type":"Point","coordinates":[415551.9,5656393.1]}},{"type":"Feature","properties":{"h":20.0,"d":11.4,"a":0,"l":"d"},"geometry":{"type":"Point","coordinates":[415551.9,5656785.2]}},{"type":"Feature","properties":{"h":20.0,"d":11.4,"a":0,"l":"d"},"geometry":{"type":"Point","coordinates":[415552.0,5656740.7]}},{"type":"Feature","properties":{"h":16.0,"d":6.0,"a":0,"l":"d","gn":15,"t":23},"geometry":{"type":"Point","coordinates":[415552.1,5657658.4]}},{"type":"Feature","properties":{"h":20.0,"d":11.4,"a":0,"l":"d"},"geometry":{"type":"Point","coordinates":[415552.2,5656785.1]}},{"type":"Feature","properties":{"h":20.0,"d":11.4,"a":0,"l":"d"},"geometry":{"type":"Point","coordinates":[415552.3,5656745.8]}},{"type":"Feature","properties":{"h":20.0,"d":11.4,"a":0,"l":"d"},"geometry":{"type":"Point","coordinates":[415552.5,5656830.1]}},{"type":"Feature","properties":{"h":20.0,"d":11.4,"a":0,"l":"d"},"geometry":{"type":"Point","coordinates":[415552.8,5656828.0]}},{"type":"Feature","properties":{"h":20.0,"d":11.4,"a":0,"l":"d"},"geometry":{"type":"Point","coordinates":[415552.9,5656753.5]}},{"type":"Feature","properties":{"h":28.0,"d":18.0,"a":0,"l":"d","gn":31,"t":115},"geometry":{"type":"Point","coordinates":[415553.0,5657734.6]}},{"type":"Feature","properties":{"h":20.0,"d":11.4,"a":0,"l":"d"},"geometry":{"type":"Point","coordinates":[415553.0,5656770.3]}},{"type":"Feature","properties":{"h":20.0,"d":11.4,"a":0,"l":"d","t":36},"geometry":{"type":"Point","coordinates":[415553.2,5656823.8]}},{"type":"Feature","properties":{"h":19.0,"d":14.0,"a":3,"l":"e","t":74},"geometry":{"type":"Point","coordinates":[415553.2,5656346.3]}},{"type":"Feature","properties":{"h":20.0,"d":11.4,"a":0,"l":"d"},"geometry":{"type":"Point","coordinates":[415553.5,5656773.7]}},{"type":"Feature","properties":{"h":20.0,"d":11.4,"a":0,"l":"d"},"geometry":{"type":"Point","coordinates":[415553.6,5656783.1]}},{"type":"Feature","properties":{"h":13.0,"d":7.0,"a":0,"l":"d","gn":3,"t":29},"geometry":{"type":"Point","coordinates":[415553.7,5657865.7]}},{"type":"Feature","properties":{"h":8.0,"d":4.0,"a":3,"l":"e","t":14},"geometry":{"type":"Point","coordinates":[415553.7,5656390.2]}},{"type":"Feature","properties":{"h":20.0,"d":11.4,"a":0,"l":"d"},"geometry":{"type":"Point","coordinates":[415553.8,5656570.3]}},{"type":"Feature","properties":{"h":20.0,"d":11.4,"a":0,"l":"d"},"geometry":{"type":"Point","coordinates":[415554.0,5656789.4]}},{"type":"Feature","properties":{"h":18.0,"d":10.0,"a":0,"l":"d","gn":15,"t":42},"geometry":{"type":"Point","coordinates":[415554.0,5657754.6]}},{"type":"Feature","properties":{"h":10.0,"d":11.0,"a":5,"l":"d","gn":27,"t":10},"geometry":{"type":"Point","coordinates":[415554.3,5656343.4]}},{"type":"Feature","properties":{"h":17.0,"d":14.0,"a":1,"l":"d","gn":11,"t":30},"geometry":{"type":"Point","coordinates":[415554.7,5657659.3]}},{"type":"Feature","properties":{"h":14.0,"d":4.0,"a":0,"l":"d","gn":15,"t":15},"geometry":{"type":"Point","coordinates":[415554.7,5657759.1]}},{"type":"Feature","properties":{"h":17.0,"d":18.0,"a":0,"l":"d","gn":7,"t":100},"geometry":{"type":"Point","coordinates":[415555.2,5657597.3]}},{"type":"Feature","properties":{"h":20.0,"d":11.4,"a":0,"l":"d"},"geometry":{"type":"Point","coordinates":[415555.2,5656757.3]}},{"type":"Feature","properties":{"h":21.0,"d":9.0,"a":0,"l":"d","gn":3,"t":34},"geometry":{"type":"Point","coordinates":[415555.3,5656605.6]}},{"type":"Feature","properties":{"h":17.0,"d":11.0,"a":0,"l":"d","gn":3,"t":32},"geometry":{"type":"Point","coordinates":[415555.4,5657770.5]}},{"type":"Feature","properties":{"h":8.0,"d":5.0,"a":0,"l":"d","gn":1,"t":20},"geometry":{"type":"Point","coordinates":[415555.4,5656031.4]}},{"type":"Feature","properties":{"h":20.0,"d":10.0,"a":0,"l":"d","gn":1,"t":73},"geometry":{"type":"Point","coordinates":[415555.4,5656308.7]}},{"type":"Feature","properties":{"h":20.0,"d":11.4,"a":0,"l":"d"},"geometry":{"type":"Point","coordinates":[415555.6,5656827.0]}},{"type":"Feature","properties":{"h":20.0,"d":11.4,"a":0,"l":"d"},"geometry":{"type":"Point","coordinates":[415556.0,5656595.4]}},{"type":"Feature","properties":{"h":20.0,"d":11.4,"a":0,"l":"d"},"geometry":{"type":"Point","coordinates":[415556.1,5656847.9]}},{"type":"Feature","properties":{"h":14.0,"d":8.0,"a":0,"l":"d","gn":15,"t":22},"geometry":{"type":"Point","coordinates":[415556.1,5657649.3]}},{"type":"Feature","properties":{"h":20.0,"d":12.0,"a":0,"l":"d","gn":3,"t":48},"geometry":{"type":"Point","coordinates":[415556.6,5657772.0]}},{"type":"Feature","properties":{"h":10.0,"d":6.0,"a":0,"l":"d","gn":4,"t":45},"geometry":{"type":"Point","coordinates":[415557.6,5657694.8]}},{"type":"Feature","properties":{"h":15.0,"d":11.0,"a":0,"l":"d","gn":6,"t":30},"geometry":{"type":"Point","coordinates":[415557.8,5657645.2]}},{"type":"Feature","properties":{"h":24.0,"d":14.0,"a":0,"l":"d","gn":4,"t":42},"geometry":{"type":"Point","coordinates":[415558.2,5656603.1]}},{"type":"Feature","properties":{"h":20.0,"d":11.4,"a":0,"l":"d"},"geometry":{"type":"Point","coordinates":[415558.3,5656837.8]}},{"type":"Feature","properties":{"h":22.0,"d":11.0,"a":0,"l":"d","gn":1,"t":54},"geometry":{"type":"Point","coordinates":[415558.3,5657617.6]}},{"type":"Feature","properties":{"h":22.0,"d":12.0,"a":0,"l":"d","gn":3,"t":62},"geometry":{"type":"Point","coordinates":[415558.3,5657708.5]}},{"type":"Feature","properties":{"h":16.0,"d":6.0,"a":0,"l":"d","gn":10,"t":33},"geometry":{"type":"Point","coordinates":[415558.5,5656333.9]}},{"type":"Feature","properties":{"h":20.0,"d":11.4,"a":0,"l":"d"},"geometry":{"type":"Point","coordinates":[415558.5,5656592.2]}},{"type":"Feature","properties":{"h":15.0,"d":10.0,"a":1,"l":"d","gn":11,"t":22},"geometry":{"type":"Point","coordinates":[415558.5,5657651.7]}},{"type":"Feature","properties":{"h":15.0,"d":8.0,"a":0,"l":"d","gn":1,"t":33},"geometry":{"type":"Point","coordinates":[415558.8,5657789.6]}},{"type":"Feature","properties":{"h":17.0,"d":9.0,"a":0,"l":"d","gn":3,"t":53},"geometry":{"type":"Point","coordinates":[415559.2,5657628.9]}},{"type":"Feature","properties":{"h":19.0,"d":10.0,"a":1,"l":"d","gn":11,"t":42},"geometry":{"type":"Point","coordinates":[415559.2,5657779.8]}},{"type":"Feature","properties":{"h":16.0,"d":10.0,"a":0,"l":"d","gn":10,"t":38},"geometry":{"type":"Point","coordinates":[415559.3,5656331.7]}},{"type":"Feature","properties":{"h":20.0,"d":11.4,"a":0,"l":"d"},"geometry":{"type":"Point","coordinates":[415559.5,5656552.8]}},{"type":"Feature","properties":{"h":31.0,"d":16.0,"a":0,"l":"d","gn":31,"t":88},"geometry":{"type":"Point","coordinates":[415559.5,5657732.8]}},{"type":"Feature","properties":{"h":7.0,"d":3.0,"a":5,"l":"d","gn":8,"t":10},"geometry":{"type":"Point","coordinates":[415559.6,5656333.1]}},{"type":"Feature","properties":{"h":14.0,"d":7.0,"a":0,"l":"d","gn":3,"t":30},"geometry":{"type":"Point","coordinates":[415559.7,5657865.3]}},{"type":"Feature","properties":{"h":20.0,"d":11.4,"a":0,"l":"d"},"geometry":{"type":"Point","coordinates":[415559.8,5656761.8]}},{"type":"Feature","properties":{"h":5.5,"d":2.8,"a":0,"l":"d","t":10},"geometry":{"type":"Point","coordinates":[415559.8,5656606.9]}},{"type":"Feature","properties":{"h":6.0,"d":3.4,"a":0,"l":"d","gn":31,"t":41},"geometry":{"type":"Point","coordinates":[415560.0,5656854.0]}},{"type":"Feature","properties":{"h":7.0,"d":4.0,"a":5,"l":"d","gn":8,"t":11},"geometry":{"type":"Point","coordinates":[415560.1,5656331.0]}},{"type":"Feature","properties":{"h":16.0,"d":10.0,"a":0,"l":"d","gn":31,"t":24},"geometry":{"type":"Point","coordinates":[415560.2,5657754.2]}},{"type":"Feature","properties":{"h":8.0,"d":6.0,"a":0,"l":"d","gn":1,"t":20},"geometry":{"type":"Point","coordinates":[415560.3,5656020.7]}},{"type":"Feature","properties":{"h":4.0,"d":1.0,"a":1,"l":"d","gn":30,"t":6},"geometry":{"type":"Point","coordinates":[415560.4,5656385.2]}},{"type":"Feature","properties":{"h":20.0,"d":11.4,"a":0,"l":"d"},"geometry":{"type":"Point","coordinates":[415560.5,5656786.0]}},{"type":"Feature","properties":{"h":31.0,"d":16.0,"a":0,"l":"d","gn":31,"t":100},"geometry":{"type":"Point","coordinates":[415560.6,5657736.6]}},{"type":"Feature","properties":{"h":20.0,"d":11.4,"a":0,"l":"d"},"geometry":{"type":"Point","coordinates":[415561.0,5656739.9]}},{"type":"Feature","properties":{"h":5.0,"d":5.0,"a":0,"l":"d","gn":1,"t":42},"geometry":{"type":"Point","coordinates":[415561.3,5657683.4]}},{"type":"Feature","properties":{"h":15.0,"d":12.0,"a":0,"l":"d","gn":34,"t":26},"geometry":{"type":"Point","coordinates":[415561.3,5657654.5]}},{"type":"Feature","properties":{"h":20.0,"d":11.4,"a":0,"l":"d"},"geometry":{"type":"Point","coordinates":[415561.4,5656791.2]}},{"type":"Feature","properties":{"h":18.0,"d":10.8,"a":5,"l":"d","gn":8,"t":40},"geometry":{"type":"Point","coordinates":[415561.8,5656839.2]}},{"type":"Feature","properties":{"h":13.0,"d":5.0,"a":0,"l":"d","gn":15,"t":25},"geometry":{"type":"Point","coordinates":[415562.1,5656331.0]}},{"type":"Feature","properties":{"h":21.2,"d":11.1,"a":0,"l":"d","gn":4,"t":62},"geometry":{"type":"Point","coordinates":[415562.3,5656603.7]}},{"type":"Feature","properties":{"h":16.0,"d":16.0,"a":0,"l":"d","gn":31,"t":44},"geometry":{"type":"Point","coordinates":[415562.4,5657743.5]}},{"type":"Feature","properties":{"h":20.0,"d":11.4,"a":0,"l":"d"},"geometry":{"type":"Point","coordinates":[415562.5,5656737.0]}},{"type":"Feature","properties":{"h":20.0,"d":11.0,"a":0,"l":"d","gn":15,"t":70},"geometry":{"type":"Point","coordinates":[415562.6,5657695.4]}},{"type":"Feature","properties":{"h":20.0,"d":11.4,"a":0,"l":"d"},"geometry":{"type":"Point","coordinates":[415562.6,5656752.0]}},{"type":"Feature","properties":{"h":20.0,"d":11.4,"a":0,"l":"d"},"geometry":{"type":"Point","coordinates":[415562.8,5656739.6]}},{"type":"Feature","properties":{"h":31.0,"d":18.0,"a":0,"l":"d","gn":4,"t":90},"geometry":{"type":"Point","coordinates":[415563.0,5657755.1]}},{"type":"Feature","properties":{"h":14.0,"d":10.0,"a":0,"l":"d","gn":31,"t":33},"geometry":{"type":"Point","coordinates":[415563.0,5657877.0]}},{"type":"Feature","properties":{"h":32.0,"d":20.0,"a":0,"l":"d","gn":4,"t":110},"geometry":{"type":"Point","coordinates":[415563.1,5657748.8]}},{"type":"Feature","properties":{"h":20.0,"d":11.4,"a":0,"l":"d"},"geometry":{"type":"Point","coordinates":[415563.3,5656596.0]}},{"type":"Feature","properties":{"h":33.0,"d":23.0,"a":0,"l":"d","gn":31,"t":85},"geometry":{"type":"Point","coordinates":[415563.4,5657734.3]}},{"type":"Feature","properties":{"h":23.0,"d":12.0,"a":0,"l":"d","gn":1,"t":46},"geometry":{"type":"Point","coordinates":[415563.7,5657605.8]}},{"type":"Feature","properties":{"h":20.0,"d":6.0,"a":0,"l":"d","gn":1,"t":30},"geometry":{"type":"Point","coordinates":[415564.0,5657769.4]}},{"type":"Feature","properties":{"h":18.0,"d":11.0,"a":0,"l":"d","gn":1,"t":49},"geometry":{"type":"Point","coordinates":[415564.1,5656622.9]}},{"type":"Feature","properties":{"h":20.0,"d":11.4,"a":0,"l":"d"},"geometry":{"type":"Point","coordinates":[415564.1,5656743.6]}},{"type":"Feature","properties":{"h":20.0,"d":11.4,"a":0,"l":"d"},"geometry":{"type":"Point","coordinates":[415564.2,5656765.7]}},{"type":"Feature","properties":{"h":6.0,"d":4.0,"a":0,"l":"d","gn":1,"t":9},"geometry":{"type":"Point","coordinates":[415564.2,5656373.0]}},{"type":"Feature","properties":{"h":26.0,"d":14.0,"a":0,"l":"d","gn":1,"t":50},"geometry":{"type":"Point","coordinates":[415564.3,5657684.9]}},{"type":"Feature","properties":{"h":20.0,"d":11.4,"a":0,"l":"d"},"geometry":{"type":"Point","coordinates":[415564.5,5656590.1]}},{"type":"Feature","properties":{"h":25.0,"d":14.3,"a":0,"l":"d","t":96},"geometry":{"type":"Point","coordinates":[415564.5,5656565.7]}},{"type":"Feature","properties":{"h":20.0,"d":11.4,"a":0,"l":"d"},"geometry":{"type":"Point","coordinates":[415564.7,5656774.6]}},{"type":"Feature","properties":{"h":20.0,"d":11.4,"a":0,"l":"d"},"geometry":{"type":"Point","coordinates":[415564.7,5656742.0]}},{"type":"Feature","properties":{"h":18.0,"d":10.0,"a":0,"l":"d","gn":7,"t":45},"geometry":{"type":"Point","coordinates":[415565.0,5657695.1]}},{"type":"Feature","properties":{"h":14.0,"d":7.0,"a":0,"l":"d","gn":3,"t":30},"geometry":{"type":"Point","coordinates":[415565.0,5657864.9]}},{"type":"Feature","properties":{"h":13.0,"d":13.0,"a":0,"l":"d","gn":10,"t":49},"geometry":{"type":"Point","coordinates":[415565.2,5657595.2]}},{"type":"Feature","properties":{"h":24.0,"d":20.0,"a":0,"l":"d","gn":3,"t":87},"geometry":{"type":"Point","coordinates":[415565.4,5656393.0]}},{"type":"Feature","properties":{"h":25.0,"d":10.0,"a":0,"l":"d","gn":1,"t":49},"geometry":{"type":"Point","coordinates":[415565.4,5657644.9]}},{"type":"Feature","properties":{"h":26.0,"d":14.0,"a":0,"l":"d","gn":1,"t":62},"geometry":{"type":"Point","coordinates":[415565.5,5657617.5]}},{"type":"Feature","properties":{"h":20.0,"d":11.4,"a":0,"l":"d"},"geometry":{"type":"Point","coordinates":[415565.5,5656573.5]}},{"type":"Feature","properties":{"h":17.0,"d":12.0,"a":0,"l":"d","gn":9,"t":49},"geometry":{"type":"Point","coordinates":[415565.5,5657058.9]}},{"type":"Feature","properties":{"h":25.0,"d":11.0,"a":0,"l":"d","gn":1,"t":59},"geometry":{"type":"Point","coordinates":[415565.6,5657770.1]}},{"type":"Feature","properties":{"h":13.0,"d":6.0,"a":0,"l":"d","gn":3,"t":35},"geometry":{"type":"Point","coordinates":[415565.8,5657760.8]}},{"type":"Feature","properties":{"h":20.0,"d":11.4,"a":0,"l":"d"},"geometry":{"type":"Point","coordinates":[415566.1,5656563.9]}},{"type":"Feature","properties":{"h":8.0,"d":6.0,"a":0,"l":"d","gn":1,"t":23},"geometry":{"type":"Point","coordinates":[415566.1,5656035.5]}},{"type":"Feature","properties":{"h":20.0,"d":11.4,"a":0,"l":"d"},"geometry":{"type":"Point","coordinates":[415566.2,5656543.1]}},{"type":"Feature","properties":{"h":9.0,"d":6.0,"a":0,"l":"d","gn":1,"t":22},"geometry":{"type":"Point","coordinates":[415566.4,5656022.9]}},{"type":"Feature","properties":{"h":20.0,"d":11.4,"a":0,"l":"d"},"geometry":{"type":"Point","coordinates":[415566.4,5656597.0]}},{"type":"Feature","properties":{"h":20.0,"d":11.4,"a":0,"l":"d"},"geometry":{"type":"Point","coordinates":[415566.4,5656569.3]}},{"type":"Feature","properties":{"h":20.0,"d":11.4,"a":0,"l":"d"},"geometry":{"type":"Point","coordinates":[415566.5,5656592.0]}},{"type":"Feature","properties":{"h":29.0,"d":18.0,"a":0,"l":"d","gn":1,"t":87},"geometry":{"type":"Point","coordinates":[415566.6,5657669.3]}},{"type":"Feature","properties":{"h":14.0,"d":12.0,"a":1,"l":"d","gn":11,"t":25},"geometry":{"type":"Point","coordinates":[415566.7,5657652.6]}},{"type":"Feature","properties":{"h":33.0,"d":12.0,"a":0,"l":"d","gn":4,"t":86},"geometry":{"type":"Point","coordinates":[415567.0,5657744.1]}},{"type":"Feature","properties":{"h":25.0,"d":15.0,"a":0,"l":"d","gn":1,"t":56},"geometry":{"type":"Point","coordinates":[415567.1,5657697.4]}},{"type":"Feature","properties":{"h":9.0,"d":8.0,"a":0,"l":"d","gn":3,"t":34},"geometry":{"type":"Point","coordinates":[415567.2,5656092.8]}},{"type":"Feature","properties":{"h":20.0,"d":11.4,"a":0,"l":"d"},"geometry":{"type":"Point","coordinates":[415567.4,5656571.7]}},{"type":"Feature","properties":{"h":20.0,"d":11.4,"a":0,"l":"d"},"geometry":{"type":"Point","coordinates":[415567.5,5656547.1]}},{"type":"Feature","properties":{"h":20.0,"d":11.4,"a":0,"l":"d"},"geometry":{"type":"Point","coordinates":[415567.5,5656786.1]}},{"type":"Feature","properties":{"h":20.0,"d":11.4,"a":0,"l":"d","t":61},"geometry":{"type":"Point","coordinates":[415567.7,5656562.3]}},{"type":"Feature","properties":{"h":20.0,"d":11.4,"a":0,"l":"d"},"geometry":{"type":"Point","coordinates":[415567.8,5656786.5]}},{"type":"Feature","properties":{"h":20.0,"d":11.4,"a":0,"l":"d"},"geometry":{"type":"Point","coordinates":[415567.8,5656741.6]}},{"type":"Feature","properties":{"h":20.0,"d":11.4,"a":0,"l":"d"},"geometry":{"type":"Point","coordinates":[415567.8,5656830.7]}},{"type":"Feature","properties":{"h":24.0,"d":13.0,"a":0,"l":"d","gn":5,"t":100},"geometry":{"type":"Point","coordinates":[415567.9,5657600.1]}},{"type":"Feature","properties":{"h":20.0,"d":11.4,"a":0,"l":"d"},"geometry":{"type":"Point","coordinates":[415567.9,5656821.9]}},{"type":"Feature","properties":{"h":25.0,"d":14.3,"a":0,"l":"d","t":86},"geometry":{"type":"Point","coordinates":[415567.9,5656552.7]}},{"type":"Feature","properties":{"h":18.0,"d":10.0,"a":0,"l":"d","gn":31,"t":68},"geometry":{"type":"Point","coordinates":[415567.9,5657740.0]}},{"type":"Feature","properties":{"h":20.0,"d":11.4,"a":0,"l":"d"},"geometry":{"type":"Point","coordinates":[415568.0,5656744.3]}},{"type":"Feature","properties":{"h":20.0,"d":11.4,"a":0,"l":"d"},"geometry":{"type":"Point","coordinates":[415568.4,5656819.5]}},{"type":"Feature","properties":{"h":20.0,"d":11.4,"a":0,"l":"d"},"geometry":{"type":"Point","coordinates":[415568.6,5656831.9]}},{"type":"Feature","properties":{"h":20.0,"d":11.4,"a":0,"l":"d"},"geometry":{"type":"Point","coordinates":[415568.7,5656777.4]}},{"type":"Feature","properties":{"h":28.0,"d":13.0,"a":0,"l":"d","gn":1,"t":68},"geometry":{"type":"Point","coordinates":[415568.9,5657618.3]}},{"type":"Feature","properties":{"h":17.0,"d":10.0,"a":0,"l":"d","gn":5,"t":48},"geometry":{"type":"Point","coordinates":[415569.1,5657598.9]}},{"type":"Feature","properties":{"h":20.0,"d":11.4,"a":0,"l":"d"},"geometry":{"type":"Point","coordinates":[415569.3,5656734.7]}},{"type":"Feature","properties":{"h":29.0,"d":13.0,"a":0,"l":"d","gn":3,"t":54},"geometry":{"type":"Point","coordinates":[415569.5,5657683.4]}},{"type":"Feature","properties":{"h":25.0,"d":20.0,"a":0,"l":"d","gn":5,"t":96},"geometry":{"type":"Point","coordinates":[415569.6,5657607.8]}},{"type":"Feature","properties":{"h":21.0,"d":16.0,"a":0,"l":"d","gn":31,"t":82},"geometry":{"type":"Point","coordinates":[415569.9,5656327.6]}},{"type":"Feature","properties":{"h":27.0,"d":16.0,"a":0,"l":"d","gn":3,"t":56},"geometry":{"type":"Point","coordinates":[415569.9,5657676.9]}},{"type":"Feature","properties":{"h":32.0,"d":11.0,"a":0,"l":"d","gn":31,"t":97},"geometry":{"type":"Point","coordinates":[415570.0,5657749.1]}},{"type":"Feature","properties":{"h":14.0,"d":8.4,"a":5,"l":"d","gn":8,"t":14},"geometry":{"type":"Point","coordinates":[415570.2,5656837.4]}},{"type":"Feature","properties":{"h":20.0,"d":16.0,"a":1,"l":"d","gn":11,"t":110},"geometry":{"type":"Point","coordinates":[415570.4,5657797.0]}},{"type":"Feature","properties":{"h":20.0,"d":11.4,"a":0,"l":"d"},"geometry":{"type":"Point","coordinates":[415570.6,5656815.5]}},{"type":"Feature","properties":{"h":8.5,"d":4.7,"a":0,"l":"d","gn":1,"t":12},"geometry":{"type":"Point","coordinates":[415570.6,5656598.5]}},{"type":"Feature","properties":{"h":20.0,"d":11.4,"a":0,"l":"d","s":"osm","f":1},"geometry":{"type":"Point","coordinates":[415570.7,5657347.3]}},{"type":"Feature","properties":{"h":20.0,"d":11.4,"a":0,"l":"d"},"geometry":{"type":"Point","coordinates":[415570.8,5656735.2]}},{"type":"Feature","properties":{"h":20.0,"d":11.4,"a":0,"l":"d"},"geometry":{"type":"Point","coordinates":[415570.9,5656587.5]}},{"type":"Feature","properties":{"h":25.0,"d":12.0,"a":0,"l":"d","gn":3,"t":37},"geometry":{"type":"Point","coordinates":[415571.3,5657644.5]}},{"type":"Feature","properties":{"h":20.0,"d":11.4,"a":0,"l":"d"},"geometry":{"type":"Point","coordinates":[415571.3,5656813.8]}},{"type":"Feature","properties":{"h":20.0,"d":11.4,"a":0,"l":"d"},"geometry":{"type":"Point","coordinates":[415571.4,5656571.1]}},{"type":"Feature","properties":{"h":7.0,"d":3.0,"a":0,"l":"d","gn":3,"t":10},"geometry":{"type":"Point","coordinates":[415571.4,5657864.2]}},{"type":"Feature","properties":{"h":20.0,"d":11.4,"a":0,"l":"d"},"geometry":{"type":"Point","coordinates":[415571.7,5656768.2]}},{"type":"Feature","properties":{"h":23.0,"d":14.0,"a":0,"l":"d","gn":1,"t":88},"geometry":{"type":"Point","coordinates":[415571.8,5657811.8]}},{"type":"Feature","properties":{"h":20.0,"d":11.4,"a":0,"l":"d"},"geometry":{"type":"Point","coordinates":[415571.8,5656555.1]}},{"type":"Feature","properties":{"h":17.0,"d":8.0,"a":0,"l":"d","gn":3,"t":32},"geometry":{"type":"Point","coordinates":[415571.8,5657633.1]}},{"type":"Feature","properties":{"h":15.0,"d":9.0,"a":0,"l":"d","gn":3,"t":28},"geometry":{"type":"Point","coordinates":[415572.0,5657777.7]}},{"type":"Feature","properties":{"h":20.0,"d":11.4,"a":0,"l":"d"},"geometry":{"type":"Point","coordinates":[415572.1,5656809.9]}},{"type":"Feature","properties":{"h":14.0,"d":6.0,"a":0,"l":"d","gn":3,"t":14},"geometry":{"type":"Point","coordinates":[415572.2,5657651.7]}},{"type":"Feature","properties":{"h":7.0,"d":6.0,"a":5,"l":"d","gn":24,"t":12},"geometry":{"type":"Point","coordinates":[415572.3,5657705.5]}},{"type":"Feature","properties":{"h":20.0,"d":11.4,"a":0,"l":"d"},"geometry":{"type":"Point","coordinates":[415572.4,5656573.7]}},{"type":"Feature","properties":{"h":20.0,"d":11.4,"a":0,"l":"d"},"geometry":{"type":"Point","coordinates":[415572.8,5656773.9]}},{"type":"Feature","properties":{"h":20.0,"d":11.4,"a":0,"l":"d"},"geometry":{"type":"Point","coordinates":[415572.9,5656745.7]}},{"type":"Feature","properties":{"h":10.0,"d":7.0,"a":0,"l":"d","gn":1,"t":25},"geometry":{"type":"Point","coordinates":[415572.9,5656025.5]}},{"type":"Feature","properties":{"h":7.0,"d":3.0,"a":1,"l":"d","gn":25,"t":11},"geometry":{"type":"Point","coordinates":[415573.2,5656368.3]}},{"type":"Feature","properties":{"h":26.0,"d":13.0,"a":3,"l":"e","t":68},"geometry":{"type":"Point","coordinates":[415573.4,5657833.8]}},{"type":"Feature","properties":{"h":4.0,"d":2.0,"a":5,"l":"d","g":1,"gn":1,"t":10},"geometry":{"type":"Point","coordinates":[415573.7,5656038.3]}},{"type":"Feature","properties":{"h":17.0,"d":9.7,"a":0,"l":"d","gn":31,"t":13},"geometry":{"type":"Point","coordinates":[415573.8,5656841.0]}},{"type":"Feature","properties":{"h":20.0,"d":11.4,"a":0,"l":"d"},"geometry":{"type":"Point","coordinates":[415573.9,5656754.8]}},{"type":"Feature","properties":{"h":20.0,"d":11.4,"a":0,"l":"d"},"geometry":{"type":"Point","coordinates":[415574.0,5656831.0]}},{"type":"Feature","properties":{"h":32.0,"d":12.0,"a":0,"l":"d","gn":31,"t":90},"geometry":{"type":"Point","coordinates":[415574.2,5657746.5]}},{"type":"Feature","properties":{"h":18.0,"d":14.0,"a":0,"l":"d","gn":1,"t":65},"geometry":{"type":"Point","coordinates":[415574.2,5656359.5]}},{"type":"Feature","properties":{"h":20.0,"d":11.4,"a":0,"l":"d"},"geometry":{"type":"Point","coordinates":[415574.7,5656733.9]}},{"type":"Feature","properties":{"h":20.0,"d":11.4,"a":0,"l":"d"},"geometry":{"type":"Point","coordinates":[415574.8,5656828.3]}},{"type":"Feature","properties":{"h":30.0,"d":12.0,"a":0,"l":"d","gn":1,"t":72},"geometry":{"type":"Point","coordinates":[415574.9,5657648.0]}},{"type":"Feature","properties":{"h":20.0,"d":11.4,"a":0,"l":"d"},"geometry":{"type":"Point","coordinates":[415575.2,5656582.8]}},{"type":"Feature","properties":{"h":20.0,"d":11.4,"a":0,"l":"d"},"geometry":{"type":"Point","coordinates":[415575.4,5656786.2]}},{"type":"Feature","properties":{"h":32.0,"d":7.0,"a":0,"l":"d","gn":4,"t":70},"geometry":{"type":"Point","coordinates":[415575.5,5657753.1]}},{"type":"Feature","properties":{"h":15.0,"d":7.0,"a":0,"l":"d","gn":3,"t":17},"geometry":{"type":"Point","coordinates":[415575.8,5656599.5]}},{"type":"Feature","properties":{"h":9.0,"d":9.0,"a":0,"l":"d","gn":1,"t":20},"geometry":{"type":"Point","coordinates":[415575.9,5656341.7]}},{"type":"Feature","properties":{"h":20.0,"d":11.4,"a":0,"l":"d"},"geometry":{"type":"Point","coordinates":[415576.0,5656555.3]}},{"type":"Feature","properties":{"h":29.0,"d":18.0,"a":0,"l":"d","gn":4,"t":85},"geometry":{"type":"Point","coordinates":[415576.0,5657624.2]}},{"type":"Feature","properties":{"h":19.0,"d":9.0,"a":0,"l":"d","gn":3,"t":46},"geometry":{"type":"Point","coordinates":[415576.3,5657690.5]}},{"type":"Feature","properties":{"h":30.0,"d":14.0,"a":0,"l":"d","gn":31,"t":85},"geometry":{"type":"Point","coordinates":[415576.3,5657766.2]}},{"type":"Feature","properties":{"h":23.0,"d":13.1,"a":0,"l":"d","gn":4,"t":24},"geometry":{"type":"Point","coordinates":[415577.0,5656848.9]}},{"type":"Feature","properties":{"h":27.0,"d":15.0,"a":0,"l":"d","gn":1,"t":77},"geometry":{"type":"Point","coordinates":[415577.2,5657620.1]}},{"type":"Feature","properties":{"h":20.0,"d":11.4,"a":0,"l":"d"},"geometry":{"type":"Point","coordinates":[415577.2,5656536.7]}},{"type":"Feature","properties":{"h":20.0,"d":11.4,"a":0,"l":"d"},"geometry":{"type":"Point","coordinates":[415577.3,5656545.3]}},{"type":"Feature","properties":{"h":12.0,"d":7.0,"a":0,"l":"d","gn":3,"t":25},"geometry":{"type":"Point","coordinates":[415577.5,5657863.9]}},{"type":"Feature","properties":{"h":20.0,"d":11.4,"a":0,"l":"d"},"geometry":{"type":"Point","coordinates":[415577.8,5656813.9]}},{"type":"Feature","properties":{"h":20.0,"d":11.4,"a":0,"l":"d"},"geometry":{"type":"Point","coordinates":[415577.9,5656831.7]}},{"type":"Feature","properties":{"h":20.0,"d":11.4,"a":0,"l":"d"},"geometry":{"type":"Point","coordinates":[415578.0,5656770.7]}},{"type":"Feature","properties":{"h":20.0,"d":11.4,"a":0,"l":"d"},"geometry":{"type":"Point","coordinates":[415578.0,5656830.6]}},{"type":"Feature","properties":{"h":25.0,"d":15.0,"a":0,"l":"d","gn":4,"t":80},"geometry":{"type":"Point","coordinates":[415578.1,5657594.5]}},{"type":"Feature","properties":{"h":20.0,"d":11.4,"a":0,"l":"d"},"geometry":{"type":"Point","coordinates":[415578.1,5656735.9]}},{"type":"Feature","properties":{"h":27.0,"d":10.0,"a":0,"l":"d","gn":4,"t":70},"geometry":{"type":"Point","coordinates":[415578.2,5657759.8]}},{"type":"Feature","properties":{"h":14.0,"d":5.0,"a":0,"l":"d","c":2,"gn":15,"t":23},"geometry":{"type":"Point","coordinates":[415578.4,5657798.7]}},{"type":"Feature","properties":{"h":20.0,"d":11.4,"a":0,"l":"d"},"geometry":{"type":"Point","coordinates":[415578.5,5656825.2]}},{"type":"Feature","properties":{"h":28.0,"d":13.0,"a":0,"l":"d","gn":1,"t":70},"geometry":{"type":"Point","coordinates":[415578.5,5657634.3]}},{"type":"Feature","properties":{"h":20.0,"d":11.4,"a":0,"l":"d"},"geometry":{"type":"Point","coordinates":[415578.6,5656810.9]}},{"type":"Feature","properties":{"h":23.0,"d":13.1,"a":0,"l":"d","gn":4,"t":16},"geometry":{"type":"Point","coordinates":[415578.6,5656838.1]}},{"type":"Feature","properties":{"h":12.0,"d":6.0,"a":0,"l":"d","gn":7,"t":38},"geometry":{"type":"Point","coordinates":[415578.7,5657824.4]}},{"type":"Feature","properties":{"h":28.0,"d":14.0,"a":0,"l":"d","gn":15,"t":88},"geometry":{"type":"Point","coordinates":[415578.9,5656616.3]}},{"type":"Feature","properties":{"h":20.0,"d":11.4,"a":0,"l":"d"},"geometry":{"type":"Point","coordinates":[415579.0,5656787.4]}},{"type":"Feature","properties":{"h":20.0,"d":11.4,"a":0,"l":"d"},"geometry":{"type":"Point","coordinates":[415579.1,5656550.7]}},{"type":"Feature","properties":{"h":20.0,"d":11.4,"a":0,"l":"d"},"geometry":{"type":"Point","coordinates":[415579.4,5656555.4]}},{"type":"Feature","properties":{"h":4.0,"d":3.0,"a":5,"l":"d","gn":24,"t":7},"geometry":{"type":"Point","coordinates":[415579.4,5657814.8]}},{"type":"Feature","properties":{"h":22.0,"d":13.0,"a":0,"l":"d","gn":3,"t":45},"geometry":{"type":"Point","coordinates":[415579.5,5657792.1]}},{"type":"Feature","properties":{"h":20.0,"d":11.4,"a":0,"l":"d"},"geometry":{"type":"Point","coordinates":[415579.5,5656771.1]}},{"type":"Feature","properties":{"h":25.0,"d":12.0,"a":0,"l":"d","gn":3,"t":53},"geometry":{"type":"Point","coordinates":[415579.6,5657604.7]}},{"type":"Feature","properties":{"h":20.1,"d":6.8,"a":0,"l":"d","gn":4,"t":61},"geometry":{"type":"Point","coordinates":[415579.8,5656600.4]}},{"type":"Feature","properties":{"h":20.0,"d":11.4,"a":0,"l":"d"},"geometry":{"type":"Point","coordinates":[415580.0,5656786.9]}},{"type":"Feature","properties":{"h":20.0,"d":11.4,"a":0,"l":"d"},"geometry":{"type":"Point","coordinates":[415580.4,5656820.5]}},{"type":"Feature","properties":{"h":10.4,"d":4.3,"a":3,"l":"e","t":20},"geometry":{"type":"Point","coordinates":[415580.5,5656598.3]}},{"type":"Feature","properties":{"h":18.8,"d":7.7,"a":0,"l":"d","gn":4,"t":48},"geometry":{"type":"Point","coordinates":[415580.7,5656609.5]}},{"type":"Feature","properties":{"h":20.0,"d":11.4,"a":0,"l":"d"},"geometry":{"type":"Point","coordinates":[415580.8,5656734.2]}},{"type":"Feature","properties":{"h":20.0,"d":11.4,"a":0,"l":"d"},"geometry":{"type":"Point","coordinates":[415581.0,5656831.0]}},{"type":"Feature","properties":{"h":23.0,"d":13.1,"a":0,"l":"d","gn":4,"t":18},"geometry":{"type":"Point","coordinates":[415581.0,5656842.5]}},{"type":"Feature","properties":{"h":27.0,"d":16.8,"a":0,"l":"d","gn":4,"t":67},"geometry":{"type":"Point","coordinates":[415581.1,5656594.7]}},{"type":"Feature","properties":{"h":20.0,"d":11.4,"a":0,"l":"d"},"geometry":{"type":"Point","coordinates":[415581.2,5656813.1]}},{"type":"Feature","properties":{"h":20.0,"d":11.4,"a":0,"l":"d"},"geometry":{"type":"Point","coordinates":[415581.6,5656555.5]}},{"type":"Feature","properties":{"h":21.0,"d":12.0,"a":0,"l":"d","gn":3,"t":20},"geometry":{"type":"Point","coordinates":[415581.8,5656836.3]}},{"type":"Feature","properties":{"h":24.0,"d":8.0,"a":0,"l":"d","gn":1,"t":38},"geometry":{"type":"Point","coordinates":[415581.9,5657695.4]}},{"type":"Feature","properties":{"h":20.0,"d":11.4,"a":0,"l":"d"},"geometry":{"type":"Point","coordinates":[415582.2,5656586.3]}},{"type":"Feature","properties":{"h":14.0,"d":10.0,"a":0,"l":"d","gn":7,"t":44},"geometry":{"type":"Point","coordinates":[415582.5,5657767.1]}},{"type":"Feature","properties":{"h":14.0,"d":7.0,"a":0,"l":"d","gn":3,"t":32},"geometry":{"type":"Point","coordinates":[415582.7,5657688.9]}},{"type":"Feature","properties":{"h":20.0,"d":11.4,"a":0,"l":"d"},"geometry":{"type":"Point","coordinates":[415583.0,5656590.4]}},{"type":"Feature","properties":{"h":4.0,"d":1.0,"a":5,"l":"d","g":1,"gn":1,"t":9},"geometry":{"type":"Point","coordinates":[415583.1,5656041.8]}},{"type":"Feature","properties":{"h":20.0,"d":11.4,"a":0,"l":"d"},"geometry":{"type":"Point","coordinates":[415583.2,5656830.9]}},{"type":"Feature","properties":{"h":20.0,"d":11.4,"a":0,"l":"d"},"geometry":{"type":"Point","coordinates":[415583.2,5656784.9]}},{"type":"Feature","properties":{"h":12.0,"d":7.0,"a":0,"l":"d","gn":3,"t":22},"geometry":{"type":"Point","coordinates":[415583.4,5657863.5]}},{"type":"Feature","properties":{"h":20.0,"d":11.4,"a":0,"l":"d"},"geometry":{"type":"Point","coordinates":[415583.9,5656824.7]}},{"type":"Feature","properties":{"h":26.0,"d":11.0,"a":0,"l":"d","gn":1,"t":38},"geometry":{"type":"Point","coordinates":[415583.9,5657591.1]}},{"type":"Feature","properties":{"h":26.0,"d":12.0,"a":0,"l":"d","gn":1,"t":43},"geometry":{"type":"Point","coordinates":[415584.0,5657600.3]}},{"type":"Feature","properties":{"h":20.0,"d":11.4,"a":0,"l":"d"},"geometry":{"type":"Point","coordinates":[415584.1,5656789.2]}},{"type":"Feature","properties":{"h":31.0,"d":14.0,"a":0,"l":"d","gn":4,"t":115},"geometry":{"type":"Point","coordinates":[415584.2,5657760.5]}},{"type":"Feature","properties":{"h":23.0,"d":9.0,"a":0,"l":"d","gn":3,"t":55},"geometry":{"type":"Point","coordinates":[415584.5,5657688.5]}},{"type":"Feature","properties":{"h":30.0,"d":17.1,"a":0,"l":"d","gn":31,"t":80},"geometry":{"type":"Point","coordinates":[415585.0,5656847.0]}},{"type":"Feature","properties":{"h":20.0,"d":11.4,"a":0,"l":"d","t":67},"geometry":{"type":"Point","coordinates":[415585.1,5656579.9]}},{"type":"Feature","properties":{"h":20.0,"d":11.4,"a":0,"l":"d"},"geometry":{"type":"Point","coordinates":[415586.2,5656788.4]}},{"type":"Feature","properties":{"h":11.0,"d":8.0,"a":0,"l":"d","gn":3,"t":39},"geometry":{"type":"Point","coordinates":[415586.5,5656088.9]}},{"type":"Feature","properties":{"h":24.0,"d":20.0,"a":0,"l":"d","gn":5,"t":106},"geometry":{"type":"Point","coordinates":[415586.7,5657832.3]}},{"type":"Feature","properties":{"h":28.0,"d":20.0,"a":0,"l":"d","gn":4,"t":115},"geometry":{"type":"Point","coordinates":[415586.8,5657693.4]}},{"type":"Feature","properties":{"h":20.0,"d":11.4,"a":0,"l":"d"},"geometry":{"type":"Point","coordinates":[415586.9,5656770.2]}},{"type":"Feature","properties":{"h":23.0,"d":14.0,"a":0,"l":"d","gn":1,"t":94},"geometry":{"type":"Point","coordinates":[415587.0,5656325.7]}},{"type":"Feature","properties":{"h":26.0,"d":14.0,"a":0,"l":"d","gn":1,"t":54},"geometry":{"type":"Point","coordinates":[415587.0,5657611.0]}},{"type":"Feature","properties":{"h":30.0,"d":15.0,"a":0,"l":"d","gn":31,"t":115},"geometry":{"type":"Point","coordinates":[415587.4,5657753.2]}},{"type":"Feature","properties":{"h":20.0,"d":11.4,"a":0,"l":"d"},"geometry":{"type":"Point","coordinates":[415587.7,5656740.5]}},{"type":"Feature","properties":{"h":18.0,"d":10.0,"a":0,"l":"d","gn":31,"t":47},"geometry":{"type":"Point","coordinates":[415587.8,5657761.1]}},{"type":"Feature","properties":{"h":21.0,"d":12.0,"a":0,"l":"d","gn":31,"t":31},"geometry":{"type":"Point","coordinates":[415588.1,5656845.7]}},{"type":"Feature","properties":{"h":30.0,"d":17.0,"a":0,"l":"d","gn":31,"t":110},"geometry":{"type":"Point","coordinates":[415588.2,5657735.5]}},{"type":"Feature","properties":{"h":20.0,"d":11.4,"a":0,"l":"d"},"geometry":{"type":"Point","coordinates":[415588.2,5656776.5]}},{"type":"Feature","properties":{"h":11.0,"d":6.0,"a":0,"l":"d","gn":9,"t":26},"geometry":{"type":"Point","coordinates":[415588.3,5657050.5]}},{"type":"Feature","properties":{"h":20.0,"d":11.4,"a":0,"l":"d"},"geometry":{"type":"Point","coordinates":[415588.6,5656759.2]}},{"type":"Feature","properties":{"h":20.0,"d":13.0,"a":0,"l":"d","gn":1,"t":44},"geometry":{"type":"Point","coordinates":[415589.0,5657842.7]}},{"type":"Feature","properties":{"h":20.0,"d":11.4,"a":0,"l":"d"},"geometry":{"type":"Point","coordinates":[415589.2,5656538.1]}},{"type":"Feature","properties":{"h":17.0,"d":11.0,"a":0,"l":"d","gn":3,"t":33},"geometry":{"type":"Point","coordinates":[415589.2,5657795.4]}},{"type":"Feature","properties":{"h":20.0,"d":11.4,"a":0,"l":"d"},"geometry":{"type":"Point","coordinates":[415589.7,5656752.0]}},{"type":"Feature","properties":{"h":9.0,"d":5.0,"a":0,"l":"d","gn":1,"t":24},"geometry":{"type":"Point","coordinates":[415589.7,5656044.3]}},{"type":"Feature","properties":{"h":20.0,"d":11.4,"a":0,"l":"d"},"geometry":{"type":"Point","coordinates":[415590.1,5656769.8]}},{"type":"Feature","properties":{"h":20.0,"d":16.0,"a":0,"l":"d","gn":3,"t":71},"geometry":{"type":"Point","coordinates":[415590.3,5657862.6]}},{"type":"Feature","properties":{"h":4.0,"d":1.0,"a":0,"l":"d","gn":7,"t":7},"geometry":{"type":"Point","coordinates":[415590.3,5656397.0]}},{"type":"Feature","properties":{"h":10.0,"d":5.7,"a":0,"l":"d","gn":4,"t":28},"geometry":{"type":"Point","coordinates":[415590.5,5656847.5]}},{"type":"Feature","properties":{"h":20.0,"d":11.4,"a":0,"l":"d"},"geometry":{"type":"Point","coordinates":[415590.6,5656792.7]}},{"type":"Feature","properties":{"h":9.0,"d":6.0,"a":0,"l":"d","gn":1,"t":18},"geometry":{"type":"Point","coordinates":[415590.6,5657848.7]}},{"type":"Feature","properties":{"h":21.0,"d":12.0,"a":0,"l":"d","gn":31,"t":37},"geometry":{"type":"Point","coordinates":[415590.7,5656846.0]}},{"type":"Feature","properties":{"h":30.0,"d":10.0,"a":0,"l":"d","gn":1,"t":40},"geometry":{"type":"Point","coordinates":[415590.7,5657641.2]}},{"type":"Feature","properties":{"h":17.0,"d":12.0,"a":0,"l":"d","gn":3,"t":30},"geometry":{"type":"Point","coordinates":[415590.8,5657791.2]}},{"type":"Feature","properties":{"h":20.0,"d":11.4,"a":0,"l":"d"},"geometry":{"type":"Point","coordinates":[415591.0,5656829.6]}},{"type":"Feature","properties":{"h":17.0,"d":11.0,"a":0,"l":"d","gn":3,"t":29},"geometry":{"type":"Point","coordinates":[415591.3,5657789.6]}},{"type":"Feature","properties":{"h":20.0,"d":11.4,"a":0,"l":"d"},"geometry":{"type":"Point","coordinates":[415591.5,5656573.1]}},{"type":"Feature","properties":{"h":20.0,"d":12.0,"a":0,"l":"d","gn":7,"t":62},"geometry":{"type":"Point","coordinates":[415591.7,5657588.1]}},{"type":"Feature","properties":{"h":20.0,"d":11.4,"a":0,"l":"d"},"geometry":{"type":"Point","coordinates":[415592.0,5656822.3]}},{"type":"Feature","properties":{"h":35.0,"d":25.0,"a":0,"l":"d","gn":31,"t":115},"geometry":{"type":"Point","coordinates":[415592.6,5657633.1]}},{"type":"Feature","properties":{"h":25.0,"d":13.0,"a":0,"l":"d","gn":4,"t":80},"geometry":{"type":"Point","coordinates":[415592.7,5657820.1]}},{"type":"Feature","properties":{"h":20.0,"d":11.4,"a":0,"l":"d"},"geometry":{"type":"Point","coordinates":[415593.0,5656729.6]}},{"type":"Feature","properties":{"h":20.0,"d":11.4,"a":0,"l":"d"},"geometry":{"type":"Point","coordinates":[415593.1,5656553.0]}},{"type":"Feature","properties":{"h":12.0,"d":10.0,"a":0,"l":"d","gn":31,"t":23},"geometry":{"type":"Point","coordinates":[415593.1,5657630.2]}},{"type":"Feature","properties":{"h":20.0,"d":11.4,"a":0,"l":"d"},"geometry":{"type":"Point","coordinates":[415593.2,5656547.4]}},{"type":"Feature","properties":{"h":25.0,"d":9.0,"a":0,"l":"d","gn":4,"t":56},"geometry":{"type":"Point","coordinates":[415593.3,5657823.0]}},{"type":"Feature","properties":{"h":20.0,"d":11.4,"a":0,"l":"d"},"geometry":{"type":"Point","coordinates":[415593.4,5656801.8]}},{"type":"Feature","properties":{"h":30.0,"d":17.0,"a":0,"l":"d","gn":31,"t":100},"geometry":{"type":"Point","coordinates":[415593.6,5657743.3]}},{"type":"Feature","properties":{"h":28.0,"d":17.0,"a":0,"l":"d","gn":4,"t":73},"geometry":{"type":"Point","coordinates":[415593.6,5657595.5]}},{"type":"Feature","properties":{"h":20.0,"d":11.4,"a":0,"l":"d"},"geometry":{"type":"Point","coordinates":[415593.8,5656801.5]}},{"type":"Feature","properties":{"h":26.0,"d":9.0,"a":0,"l":"d","gn":1,"t":36},"geometry":{"type":"Point","coordinates":[415593.8,5657646.4]}},{"type":"Feature","properties":{"h":24.0,"d":12.0,"a":0,"l":"d","gn":3,"t":75},"geometry":{"type":"Point","coordinates":[415593.9,5657770.0]}},{"type":"Feature","properties":{"h":9.0,"d":10.0,"a":1,"l":"d","gn":11,"t":27},"geometry":{"type":"Point","coordinates":[415594.0,5657686.7]}},{"type":"Feature","properties":{"h":12.0,"d":6.0,"a":1,"l":"d","gn":11,"t":28},"geometry":{"type":"Point","coordinates":[415594.2,5656835.1]}},{"type":"Feature","properties":{"h":20.0,"d":11.4,"a":0,"l":"d"},"geometry":{"type":"Point","coordinates":[415594.5,5656726.0]}},{"type":"Feature","properties":{"h":20.0,"d":11.4,"a":0,"l":"d"},"geometry":{"type":"Point","coordinates":[415594.6,5656553.8]}},{"type":"Feature","properties":{"h":25.0,"d":14.3,"a":0,"l":"d","t":42},"geometry":{"type":"Point","coordinates":[415594.6,5656546.8]}},{"type":"Feature","properties":{"h":25.0,"d":14.3,"a":0,"l":"d","t":64},"geometry":{"type":"Point","coordinates":[415594.8,5656565.4]}},{"type":"Feature","properties":{"h":20.0,"d":11.4,"a":0,"l":"d"},"geometry":{"type":"Point","coordinates":[415594.9,5656813.7]}},{"type":"Feature","properties":{"h":20.0,"d":11.4,"a":0,"l":"d"},"geometry":{"type":"Point","coordinates":[415595.1,5656562.7]}},{"type":"Feature","properties":{"h":20.0,"d":11.4,"a":0,"l":"d"},"geometry":{"type":"Point","coordinates":[415595.2,5656740.5]}},{"type":"Feature","properties":{"h":20.0,"d":11.4,"a":0,"l":"d"},"geometry":{"type":"Point","coordinates":[415595.4,5656737.9]}},{"type":"Feature","properties":{"h":28.0,"d":10.0,"a":0,"l":"d","gn":4,"t":60},"geometry":{"type":"Point","coordinates":[415595.5,5657735.7]}},{"type":"Feature","properties":{"h":20.0,"d":11.4,"a":0,"l":"d"},"geometry":{"type":"Point","coordinates":[415595.5,5656618.7]}},{"type":"Feature","properties":{"h":18.0,"d":8.0,"a":0,"l":"d","gn":1,"t":38},"geometry":{"type":"Point","coordinates":[415595.6,5657846.7]}},{"type":"Feature","properties":{"h":23.0,"d":12.0,"a":0,"l":"d","gn":1,"t":77},"geometry":{"type":"Point","coordinates":[415595.7,5656343.1]}},{"type":"Feature","properties":{"h":20.0,"d":11.4,"a":0,"l":"d"},"geometry":{"type":"Point","coordinates":[415595.8,5656821.8]}},{"type":"Feature","properties":{"h":20.0,"d":11.4,"a":0,"l":"d"},"geometry":{"type":"Point","coordinates":[415595.9,5656783.9]}},{"type":"Feature","properties":{"h":8.0,"d":8.0,"a":1,"l":"d","gn":11,"t":20},"geometry":{"type":"Point","coordinates":[415596.1,5657640.0]}},{"type":"Feature","properties":{"h":26.0,"d":18.0,"a":0,"l":"d","gn":3,"t":170},"geometry":{"type":"Point","coordinates":[415596.2,5657777.9]}},{"type":"Feature","properties":{"h":22.0,"d":20.0,"a":0,"l":"d","gn":5,"t":66},"geometry":{"type":"Point","coordinates":[415596.5,5657836.0]}},{"type":"Feature","properties":{"h":22.0,"d":15.0,"a":0,"l":"d","gn":3,"t":90},"geometry":{"type":"Point","coordinates":[415596.6,5657863.3]}},{"type":"Feature","properties":{"h":15.0,"d":10.0,"a":0,"l":"d","gn":3,"t":35},"geometry":{"type":"Point","coordinates":[415596.7,5657690.4]}},{"type":"Feature","properties":{"h":25.0,"d":14.3,"a":0,"l":"d","t":59},"geometry":{"type":"Point","coordinates":[415596.7,5656564.1]}},{"type":"Feature","properties":{"h":15.0,"d":11.0,"a":0,"l":"d","gn":3,"t":33},"geometry":{"type":"Point","coordinates":[415597.1,5657704.3]}},{"type":"Feature","properties":{"h":13.0,"d":2.0,"a":3,"l":"e","t":29},"geometry":{"type":"Point","coordinates":[415597.8,5656351.7]}},{"type":"Feature","properties":{"h":20.0,"d":11.4,"a":0,"l":"d"},"geometry":{"type":"Point","coordinates":[415597.8,5656622.0]}},{"type":"Feature","properties":{"h":16.0,"d":7.0,"a":0,"l":"d","gn":3,"t":36},"geometry":{"type":"Point","coordinates":[415597.9,5657688.9]}},{"type":"Feature","properties":{"h":20.0,"d":11.4,"a":0,"l":"d"},"geometry":{"type":"Point","coordinates":[415598.0,5656812.4]}},{"type":"Feature","properties":{"h":20.0,"d":11.4,"a":0,"l":"d"},"geometry":{"type":"Point","coordinates":[415598.0,5656783.4]}},{"type":"Feature","properties":{"h":20.0,"d":11.4,"a":0,"l":"d"},"geometry":{"type":"Point","coordinates":[415598.2,5656794.3]}},{"type":"Feature","properties":{"h":29.0,"d":10.0,"a":0,"l":"d","gn":4,"t":78},"geometry":{"type":"Point","coordinates":[415598.2,5657757.0]}},{"type":"Feature","properties":{"h":6.0,"d":1.0,"a":1,"l":"d","gn":30,"t":6},"geometry":{"type":"Point","coordinates":[415598.2,5656395.1]}},{"type":"Feature","properties":{"h":32.0,"d":16.0,"a":0,"l":"d","gn":4,"t":92},"geometry":{"type":"Point","coordinates":[415598.8,5657625.6]}},{"type":"Feature","properties":{"h":20.0,"d":11.4,"a":0,"l":"d"},"geometry":{"type":"Point","coordinates":[415598.8,5656756.6]}},{"type":"Feature","properties":{"h":31.0,"d":12.0,"a":0,"l":"d","gn":1,"t":50},"geometry":{"type":"Point","coordinates":[415599.1,5657646.5]}},{"type":"Feature","properties":{"h":23.0,"d":14.0,"a":0,"l":"d","gn":4,"t":53},"geometry":{"type":"Point","coordinates":[415599.3,5657693.9]}},{"type":"Feature","properties":{"h":20.0,"d":11.4,"a":0,"l":"d"},"geometry":{"type":"Point","coordinates":[415599.4,5656788.8]}},{"type":"Feature","properties":{"h":5.0,"d":2.0,"a":5,"l":"d","g":1,"gn":1,"t":10},"geometry":{"type":"Point","coordinates":[415599.5,5656047.8]}},{"type":"Feature","properties":{"h":20.0,"d":11.4,"a":0,"l":"d"},"geometry":{"type":"Point","coordinates":[415599.7,5656569.7]}},{"type":"Feature","properties":{"h":20.0,"d":11.4,"a":0,"l":"d"},"geometry":{"type":"Point","coordinates":[415599.7,5656755.0]}},{"type":"Feature","properties":{"h":20.0,"d":11.4,"a":0,"l":"d"},"geometry":{"type":"Point","coordinates":[415599.8,5656748.8]}},{"type":"Feature","properties":{"h":20.0,"d":10.0,"a":1,"l":"d","gn":11,"t":29},"geometry":{"type":"Point","coordinates":[415599.9,5657622.4]}},{"type":"Feature","properties":{"h":20.0,"d":11.4,"a":0,"l":"d"},"geometry":{"type":"Point","coordinates":[415599.9,5656717.7]}},{"type":"Feature","properties":{"h":5.0,"d":1.0,"a":5,"l":"d","gn":17,"t":6},"geometry":{"type":"Point","coordinates":[415600.0,5656362.6]}},{"type":"Feature","properties":{"h":25.0,"d":14.3,"a":0,"l":"d","t":92},"geometry":{"type":"Point","coordinates":[415600.1,5656562.3]}},{"type":"Feature","properties":{"h":20.0,"d":11.4,"a":0,"l":"d"},"geometry":{"type":"Point","coordinates":[415600.3,5656608.6]}},{"type":"Feature","properties":{"h":15.0,"d":8.0,"a":0,"l":"d","gn":3,"t":28},"geometry":{"type":"Point","coordinates":[415600.4,5657813.2]}},{"type":"Feature","properties":{"h":20.0,"d":11.4,"a":0,"l":"d"},"geometry":{"type":"Point","coordinates":[415600.4,5656767.6]}},{"type":"Feature","properties":{"h":10.0,"d":7.0,"a":0,"l":"d","gn":1,"t":25},"geometry":{"type":"Point","coordinates":[415600.4,5656035.7]}},{"type":"Feature","properties":{"h":16.0,"d":5.0,"a":1,"l":"d","gn":16,"t":34},"geometry":{"type":"Point","coordinates":[415600.7,5656353.2]}},{"type":"Feature","properties":{"h":19.0,"d":10.0,"a":0,"l":"d","gn":7,"t":60},"geometry":{"type":"Point","coordinates":[415600.7,5657584.9]}},{"type":"Feature","properties":{"h":5.0,"d":5.0,"a":0,"l":"d","gn":3,"t":12},"geometry":{"type":"Point","coordinates":[415600.7,5656396.3]}},{"type":"Feature","properties":{"h":22.0,"d":6.0,"a":0,"l":"d","gn":3,"t":50},"geometry":{"type":"Point","coordinates":[415600.7,5657769.3]}},{"type":"Feature","properties":{"h":22.0,"d":12.0,"a":0,"l":"d","gn":1,"t":76},"geometry":{"type":"Point","coordinates":[415600.8,5656337.6]}},{"type":"Feature","properties":{"h":20.0,"d":11.4,"a":0,"l":"d"},"geometry":{"type":"Point","coordinates":[415600.9,5656765.0]}},{"type":"Feature","properties":{"h":15.0,"d":8.0,"a":0,"l":"d","gn":3,"t":24},"geometry":{"type":"Point","coordinates":[415601.2,5657815.9]}},{"type":"Feature","properties":{"h":23.0,"d":14.0,"a":1,"l":"d","gn":11,"t":85},"geometry":{"type":"Point","coordinates":[415601.3,5657685.1]}},{"type":"Feature","properties":{"h":20.0,"d":11.4,"a":0,"l":"d"},"geometry":{"type":"Point","coordinates":[415601.5,5656715.3]}},{"type":"Feature","properties":{"h":24.0,"d":7.0,"a":0,"l":"d","gn":4,"t":53},"geometry":{"type":"Point","coordinates":[415601.5,5657590.5]}},{"type":"Feature","properties":{"h":20.0,"d":11.4,"a":0,"l":"d"},"geometry":{"type":"Point","coordinates":[415601.6,5656722.5]}},{"type":"Feature","properties":{"h":20.0,"d":11.4,"a":0,"l":"d"},"geometry":{"type":"Point","coordinates":[415601.8,5656724.9]}},{"type":"Feature","properties":{"h":20.0,"d":11.4,"a":0,"l":"d"},"geometry":{"type":"Point","coordinates":[415601.9,5656714.6]}},{"type":"Feature","properties":{"h":9.0,"d":4.0,"a":0,"l":"d","gn":7,"t":16},"geometry":{"type":"Point","coordinates":[415601.9,5657613.0]}},{"type":"Feature","properties":{"h":15.0,"d":10.0,"a":1,"l":"d","gn":11,"t":21},"geometry":{"type":"Point","coordinates":[415602.1,5657688.6]}},{"type":"Feature","properties":{"h":20.0,"d":11.4,"a":0,"l":"d"},"geometry":{"type":"Point","coordinates":[415602.5,5656812.8]}},{"type":"Feature","properties":{"h":20.0,"d":11.4,"a":0,"l":"d"},"geometry":{"type":"Point","coordinates":[415602.5,5656787.0]}},{"type":"Feature","properties":{"h":20.0,"d":11.4,"a":0,"l":"d"},"geometry":{"type":"Point","coordinates":[415602.5,5656538.3]}},{"type":"Feature","properties":{"h":20.0,"d":11.4,"a":0,"l":"d"},"geometry":{"type":"Point","coordinates":[415602.8,5656752.7]}},{"type":"Feature","properties":{"h":20.0,"d":11.4,"a":0,"l":"d"},"geometry":{"type":"Point","coordinates":[415603.0,5656575.1]}},{"type":"Feature","properties":{"h":15.0,"d":10.0,"a":0,"l":"d","gn":3,"t":25},"geometry":{"type":"Point","coordinates":[415603.3,5657815.2]}},{"type":"Feature","properties":{"h":20.0,"d":11.4,"a":0,"l":"d"},"geometry":{"type":"Point","coordinates":[415603.3,5656563.7]}},{"type":"Feature","properties":{"h":20.0,"d":11.4,"a":0,"l":"d"},"geometry":{"type":"Point","coordinates":[415603.4,5656732.7]}},{"type":"Feature","properties":{"h":17.0,"d":3.0,"a":1,"l":"d","gn":16,"t":27},"geometry":{"type":"Point","coordinates":[415603.5,5656398.3]}},{"type":"Feature","properties":{"h":20.0,"d":11.4,"a":0,"l":"d"},"geometry":{"type":"Point","coordinates":[415603.6,5656719.1]}},{"type":"Feature","properties":{"h":20.0,"d":11.4,"a":0,"l":"d"},"geometry":{"type":"Point","coordinates":[415603.9,5656589.6]}},{"type":"Feature","properties":{"h":20.0,"d":11.4,"a":0,"l":"d"},"geometry":{"type":"Point","coordinates":[415603.9,5656772.1]}},{"type":"Feature","properties":{"h":20.0,"d":11.4,"a":0,"l":"d"},"geometry":{"type":"Point","coordinates":[415604.3,5656554.0]}},{"type":"Feature","properties":{"h":20.0,"d":11.4,"a":0,"l":"d"},"geometry":{"type":"Point","coordinates":[415604.3,5656716.7]}},{"type":"Feature","properties":{"h":14.0,"d":10.0,"a":1,"l":"d","gn":16,"t":47},"geometry":{"type":"Point","coordinates":[415604.7,5656363.8]}},{"type":"Feature","properties":{"h":20.0,"d":11.4,"a":0,"l":"d"},"geometry":{"type":"Point","coordinates":[415604.8,5656751.4]}},{"type":"Feature","properties":{"h":28.0,"d":16.0,"a":0,"l":"d","gn":31,"t":70},"geometry":{"type":"Point","coordinates":[415604.9,5656844.2]}},{"type":"Feature","properties":{"h":16.0,"d":8.0,"a":0,"l":"d","gn":7,"t":51},"geometry":{"type":"Point","coordinates":[415605.1,5657583.2]}},{"type":"Feature","properties":{"h":24.0,"d":12.0,"a":0,"l":"d","gn":4,"t":60},"geometry":{"type":"Point","coordinates":[415605.2,5657589.1]}},{"type":"Feature","properties":{"h":20.0,"d":11.4,"a":0,"l":"d"},"geometry":{"type":"Point","coordinates":[415605.5,5656808.0]}},{"type":"Feature","properties":{"h":20.0,"d":11.4,"a":0,"l":"d"},"geometry":{"type":"Point","coordinates":[415605.5,5656603.2]}},{"type":"Feature","properties":{"h":30.0,"d":13.0,"a":0,"l":"d","gn":4,"t":63},"geometry":{"type":"Point","coordinates":[415605.7,5657662.5]}},{"type":"Feature","properties":{"h":20.0,"d":11.4,"a":0,"l":"d"},"geometry":{"type":"Point","coordinates":[415605.8,5656825.0]}},{"type":"Feature","properties":{"h":29.0,"d":17.0,"a":0,"l":"d","gn":1,"t":64},"geometry":{"type":"Point","coordinates":[415606.0,5657656.8]}},{"type":"Feature","properties":{"h":20.0,"d":11.4,"a":0,"l":"d"},"geometry":{"type":"Point","coordinates":[415606.0,5656722.0]}},{"type":"Feature","properties":{"h":8.0,"d":7.0,"a":5,"l":"d","gn":8,"t":20},"geometry":{"type":"Point","coordinates":[415606.0,5656410.0]}},{"type":"Feature","properties":{"h":17.0,"d":7.0,"a":0,"l":"d","gn":7,"t":38},"geometry":{"type":"Point","coordinates":[415606.2,5657600.4]}},{"type":"Feature","properties":{"h":20.0,"d":11.4,"a":0,"l":"d"},"geometry":{"type":"Point","coordinates":[415606.5,5656781.5]}},{"type":"Feature","properties":{"h":20.0,"d":11.4,"a":0,"l":"d"},"geometry":{"type":"Point","coordinates":[415606.6,5656532.1]}},{"type":"Feature","properties":{"h":18.0,"d":14.0,"a":1,"l":"d","gn":11,"t":28},"geometry":{"type":"Point","coordinates":[415606.8,5657688.9]}},{"type":"Feature","properties":{"h":20.0,"d":11.4,"a":0,"l":"d"},"geometry":{"type":"Point","coordinates":[415606.8,5656609.8]}},{"type":"Feature","properties":{"h":20.0,"d":11.4,"a":0,"l":"d"},"geometry":{"type":"Point","coordinates":[415606.8,5656593.5]}},{"type":"Feature","properties":{"h":20.0,"d":11.4,"a":0,"l":"d"},"geometry":{"type":"Point","coordinates":[415607.1,5656736.3]}},{"type":"Feature","properties":{"h":20.0,"d":11.4,"a":0,"l":"d"},"geometry":{"type":"Point","coordinates":[415607.5,5656799.8]}},{"type":"Feature","properties":{"h":20.0,"d":11.4,"a":0,"l":"d"},"geometry":{"type":"Point","coordinates":[415607.9,5656720.1]}},{"type":"Feature","properties":{"h":22.0,"d":8.0,"a":0,"l":"d","gn":3,"t":48},"geometry":{"type":"Point","coordinates":[415607.9,5657770.0]}},{"type":"Feature","properties":{"h":20.0,"d":11.4,"a":0,"l":"d"},"geometry":{"type":"Point","coordinates":[415608.0,5656797.2]}},{"type":"Feature","properties":{"h":20.0,"d":11.4,"a":0,"l":"d"},"geometry":{"type":"Point","coordinates":[415608.4,5656824.2]}},{"type":"Feature","properties":{"h":20.0,"d":11.4,"a":0,"l":"d"},"geometry":{"type":"Point","coordinates":[415608.6,5656783.3]}},{"type":"Feature","properties":{"h":31.0,"d":17.0,"a":0,"l":"d","gn":5,"t":84},"geometry":{"type":"Point","coordinates":[415608.6,5657662.6]}},{"type":"Feature","properties":{"h":20.0,"d":11.4,"a":0,"l":"d"},"geometry":{"type":"Point","coordinates":[415608.8,5656565.6]}},{"type":"Feature","properties":{"h":20.0,"d":11.4,"a":0,"l":"d"},"geometry":{"type":"Point","coordinates":[415608.9,5656778.0]}},{"type":"Feature","properties":{"h":20.0,"d":6.0,"a":0,"l":"d","gn":9,"t":38},"geometry":{"type":"Point","coordinates":[415609.0,5656422.8]}},{"type":"Feature","properties":{"h":20.0,"d":11.4,"a":0,"l":"d"},"geometry":{"type":"Point","coordinates":[415609.0,5656808.7]}},{"type":"Feature","properties":{"h":20.0,"d":11.4,"a":0,"l":"d"},"geometry":{"type":"Point","coordinates":[415609.2,5656717.1]}},{"type":"Feature","properties":{"h":31.0,"d":7.0,"a":0,"l":"d","gn":4,"t":60},"geometry":{"type":"Point","coordinates":[415609.3,5657755.9]}},{"type":"Feature","properties":{"h":20.0,"d":11.4,"a":0,"l":"d"},"geometry":{"type":"Point","coordinates":[415609.3,5656825.0]}},{"type":"Feature","properties":{"h":25.0,"d":11.0,"a":0,"l":"d","gn":7,"t":76},"geometry":{"type":"Point","coordinates":[415609.4,5657581.8]}},{"type":"Feature","properties":{"h":18.0,"d":11.0,"a":0,"l":"d","gn":31,"t":41},"geometry":{"type":"Point","coordinates":[415609.6,5657750.6]}},{"type":"Feature","properties":{"h":20.0,"d":11.4,"a":0,"l":"d"},"geometry":{"type":"Point","coordinates":[415609.6,5656710.9]}},{"type":"Feature","properties":{"h":20.0,"d":11.4,"a":0,"l":"d"},"geometry":{"type":"Point","coordinates":[415609.6,5656534.5]}},{"type":"Feature","properties":{"h":20.0,"d":11.4,"a":0,"l":"d"},"geometry":{"type":"Point","coordinates":[415610.2,5656709.7]}},{"type":"Feature","properties":{"h":13.0,"d":8.0,"a":0,"l":"d","gn":3,"t":31},"geometry":{"type":"Point","coordinates":[415610.2,5656083.8]}},{"type":"Feature","properties":{"h":5.0,"d":1.0,"a":1,"l":"d","gn":18,"t":6},"geometry":{"type":"Point","coordinates":[415610.3,5656399.1]}},{"type":"Feature","properties":{"h":12.0,"d":7.0,"a":0,"l":"d","gn":1,"t":32},"geometry":{"type":"Point","coordinates":[415610.3,5656051.9]}},{"type":"Feature","properties":{"h":20.0,"d":11.4,"a":0,"l":"d"},"geometry":{"type":"Point","coordinates":[415610.4,5656785.6]}},{"type":"Feature","properties":{"h":20.0,"d":11.4,"a":0,"l":"d"},"geometry":{"type":"Point","coordinates":[415610.5,5656750.2]}},{"type":"Feature","properties":{"h":28.0,"d":16.0,"a":0,"l":"d","gn":31,"t":39},"geometry":{"type":"Point","coordinates":[415610.7,5656841.5]}},{"type":"Feature","properties":{"h":26.0,"d":12.0,"a":0,"l":"d","gn":5,"t":52},"geometry":{"type":"Point","coordinates":[415610.7,5657595.2]}},{"type":"Feature","properties":{"h":20.0,"d":11.4,"a":0,"l":"d"},"geometry":{"type":"Point","coordinates":[415610.9,5656794.4]}},{"type":"Feature","properties":{"h":27.0,"d":15.4,"a":0,"l":"d","gn":31,"t":67},"geometry":{"type":"Point","coordinates":[415611.3,5656842.9]}},{"type":"Feature","properties":{"h":20.0,"d":11.4,"a":0,"l":"d"},"geometry":{"type":"Point","coordinates":[415611.3,5656585.8]}},{"type":"Feature","properties":{"h":25.0,"d":13.0,"a":1,"l":"d","gn":11,"t":53},"geometry":{"type":"Point","coordinates":[415611.5,5657628.3]}},{"type":"Feature","properties":{"h":17.0,"d":6.0,"a":3,"l":"e","t":40},"geometry":{"type":"Point","coordinates":[415611.5,5656390.5]}},{"type":"Feature","properties":{"h":24.0,"d":12.0,"a":0,"l":"d","gn":1,"t":67},"geometry":{"type":"Point","coordinates":[415611.5,5657690.1]}},{"type":"Feature","properties":{"h":20.0,"d":11.4,"a":0,"l":"d"},"geometry":{"type":"Point","coordinates":[415611.6,5656720.0]}},{"type":"Feature","properties":{"h":3.0,"d":1.0,"a":0,"l":"d","gn":3,"t":6},"geometry":{"type":"Point","coordinates":[415611.7,5656385.5]}},{"type":"Feature","properties":{"h":27.0,"d":24.0,"a":0,"l":"d","gn":9,"t":100},"geometry":{"type":"Point","coordinates":[415611.8,5657824.6]}},{"type":"Feature","properties":{"h":20.0,"d":11.4,"a":0,"l":"d"},"geometry":{"type":"Point","coordinates":[415612.1,5656754.0]}},{"type":"Feature","properties":{"h":24.0,"d":15.0,"a":0,"l":"d","gn":1,"t":84},"geometry":{"type":"Point","coordinates":[415612.2,5657835.9]}},{"type":"Feature","properties":{"h":25.0,"d":15.0,"a":0,"l":"d","gn":4,"t":78},"geometry":{"type":"Point","coordinates":[415612.3,5657779.9]}},{"type":"Feature","properties":{"h":31.0,"d":12.0,"a":0,"l":"d","gn":31,"t":100},"geometry":{"type":"Point","coordinates":[415612.3,5657742.2]}},{"type":"Feature","properties":{"h":4.0,"d":1.0,"a":0,"l":"d","gn":32,"t":6},"geometry":{"type":"Point","coordinates":[415612.5,5656375.1]}},{"type":"Feature","properties":{"h":9.0,"d":6.0,"a":0,"l":"d","gn":9,"t":23},"geometry":{"type":"Point","coordinates":[415612.5,5657040.7]}},{"type":"Feature","properties":{"h":20.0,"d":11.4,"a":0,"l":"d"},"geometry":{"type":"Point","coordinates":[415612.6,5656541.1]}},{"type":"Feature","properties":{"h":16.0,"d":10.0,"a":0,"l":"d","gn":1,"t":51},"geometry":{"type":"Point","coordinates":[415612.7,5656438.3]}},{"type":"Feature","properties":{"h":20.0,"d":11.4,"a":0,"l":"d"},"geometry":{"type":"Point","coordinates":[415612.8,5656569.8]}},{"type":"Feature","properties":{"h":20.0,"d":11.4,"a":0,"l":"d"},"geometry":{"type":"Point","coordinates":[415612.8,5656573.4]}},{"type":"Feature","properties":{"h":20.0,"d":11.4,"a":0,"l":"d"},"geometry":{"type":"Point","coordinates":[415612.9,5656781.3]}},{"type":"Feature","properties":{"h":18.0,"d":8.0,"a":0,"l":"d","gn":1,"t":26},"geometry":{"type":"Point","coordinates":[415612.9,5657689.1]}},{"type":"Feature","properties":{"h":22.0,"d":13.0,"a":0,"l":"d","gn":1,"t":77},"geometry":{"type":"Point","coordinates":[415612.9,5656351.1]}},{"type":"Feature","properties":{"h":23.0,"d":13.0,"a":0,"l":"d","gn":3,"t":67},"geometry":{"type":"Point","coordinates":[415612.9,5657682.3]}},{"type":"Feature","properties":{"h":28.0,"d":13.0,"a":0,"l":"d","gn":31,"t":52},"geometry":{"type":"Point","coordinates":[415613.0,5657762.0]}},{"type":"Feature","properties":{"h":20.0,"d":11.4,"a":0,"l":"d"},"geometry":{"type":"Point","coordinates":[415613.4,5656729.5]}},{"type":"Feature","properties":{"h":33.0,"d":14.0,"a":0,"l":"d","gn":31,"t":100},"geometry":{"type":"Point","coordinates":[415613.4,5657749.9]}},{"type":"Feature","properties":{"h":7.0,"d":5.0,"a":0,"l":"d","gn":1,"t":16},"geometry":{"type":"Point","coordinates":[415613.6,5656040.6]}},{"type":"Feature","properties":{"h":23.0,"d":12.0,"a":0,"l":"d","gn":4,"t":52},"geometry":{"type":"Point","coordinates":[415613.7,5657591.0]}},{"type":"Feature","properties":{"h":11.0,"d":7.0,"a":0,"l":"d","gn":7,"t":56},"geometry":{"type":"Point","coordinates":[415613.8,5657580.2]}},{"type":"Feature","properties":{"h":12.0,"d":7.0,"a":0,"l":"d","gn":7,"t":31},"geometry":{"type":"Point","coordinates":[415613.8,5657831.5]}},{"type":"Feature","properties":{"h":20.0,"d":11.4,"a":0,"l":"d"},"geometry":{"type":"Point","coordinates":[415613.8,5656546.8]}},{"type":"Feature","properties":{"h":3.0,"d":2.0,"a":0,"l":"d","gn":3,"t":8},"geometry":{"type":"Point","coordinates":[415613.8,5656386.7]}},{"type":"Feature","properties":{"h":27.0,"d":19.0,"a":0,"l":"d","gn":5,"t":90},"geometry":{"type":"Point","coordinates":[415613.8,5657597.9]}},{"type":"Feature","properties":{"h":20.0,"d":11.4,"a":0,"l":"d"},"geometry":{"type":"Point","coordinates":[415614.1,5656769.0]}},{"type":"Feature","properties":{"h":20.0,"d":11.4,"a":0,"l":"d"},"geometry":{"type":"Point","coordinates":[415614.1,5656600.8]}},{"type":"Feature","properties":{"h":20.0,"d":11.4,"a":0,"l":"d"},"geometry":{"type":"Point","coordinates":[415614.5,5656709.0]}},{"type":"Feature","properties":{"h":30.0,"d":17.0,"a":0,"l":"d","gn":4,"t":89},"geometry":{"type":"Point","coordinates":[415614.6,5657626.6]}},{"type":"Feature","properties":{"h":20.0,"d":11.4,"a":0,"l":"d"},"geometry":{"type":"Point","coordinates":[415614.6,5656590.4]}},{"type":"Feature","properties":{"h":20.0,"d":11.4,"a":0,"l":"d"},"geometry":{"type":"Point","coordinates":[415614.7,5656799.7]}},{"type":"Feature","properties":{"h":20.0,"d":11.4,"a":0,"l":"d"},"geometry":{"type":"Point","coordinates":[415614.7,5656778.6]}},{"type":"Feature","properties":{"h":28.0,"d":20.0,"a":0,"l":"d","gn":9,"t":85},"geometry":{"type":"Point","coordinates":[415614.7,5657668.8]}},{"type":"Feature","properties":{"h":33.0,"d":18.0,"a":0,"l":"d","gn":4,"t":90},"geometry":{"type":"Point","coordinates":[415614.9,5657617.1]}},{"type":"Feature","properties":{"h":22.0,"d":10.0,"a":0,"l":"d","gn":9,"t":60},"geometry":{"type":"Point","coordinates":[415615.0,5656422.4]}},{"type":"Feature","properties":{"h":20.0,"d":11.4,"a":0,"l":"d","t":30},"geometry":{"type":"Point","coordinates":[415615.3,5656766.6]}},{"type":"Feature","properties":{"h":26.0,"d":15.0,"a":0,"l":"d","gn":3,"t":61},"geometry":{"type":"Point","coordinates":[415615.3,5657680.7]}},{"type":"Feature","properties":{"h":20.0,"d":11.4,"a":0,"l":"d"},"geometry":{"type":"Point","coordinates":[415615.3,5656789.2]}},{"type":"Feature","properties":{"h":27.0,"d":17.0,"a":0,"l":"d","gn":3,"t":94},"geometry":{"type":"Point","coordinates":[415615.3,5657699.1]}},{"type":"Feature","properties":{"h":21.0,"d":11.0,"a":0,"l":"d","gn":1,"t":43},"geometry":{"type":"Point","coordinates":[415615.4,5657845.6]}},{"type":"Feature","properties":{"h":20.0,"d":11.4,"a":0,"l":"d"},"geometry":{"type":"Point","coordinates":[415615.4,5656566.3]}},{"type":"Feature","properties":{"h":28.0,"d":15.0,"a":0,"l":"d","gn":31,"t":80},"geometry":{"type":"Point","coordinates":[415615.5,5657753.4]}},{"type":"Feature","properties":{"h":6.0,"d":6.0,"a":5,"l":"d","gn":8,"t":13},"geometry":{"type":"Point","coordinates":[415615.5,5656372.9]}},{"type":"Feature","properties":{"h":27.0,"d":9.0,"a":0,"l":"d","gn":1,"t":39},"geometry":{"type":"Point","coordinates":[415616.0,5657689.9]}},{"type":"Feature","properties":{"h":20.0,"d":11.4,"a":0,"l":"d"},"geometry":{"type":"Point","coordinates":[415616.1,5656779.8]}},{"type":"Feature","properties":{"h":25.0,"d":14.3,"a":0,"l":"d","t":64},"geometry":{"type":"Point","coordinates":[415616.2,5656553.8]}},{"type":"Feature","properties":{"h":20.0,"d":11.4,"a":0,"l":"d"},"geometry":{"type":"Point","coordinates":[415617.0,5656761.7]}},{"type":"Feature","properties":{"h":18.0,"d":12.0,"a":0,"l":"d","gn":3,"t":59},"geometry":{"type":"Point","coordinates":[415617.2,5656082.4]}},{"type":"Feature","properties":{"h":13.0,"d":9.0,"a":0,"l":"d","gn":4,"t":36},"geometry":{"type":"Point","coordinates":[415617.3,5657624.4]}},{"type":"Feature","properties":{"h":20.0,"d":11.0,"a":1,"l":"d","gn":16,"t":41},"geometry":{"type":"Point","coordinates":[415617.6,5656399.4]}},{"type":"Feature","properties":{"h":20.0,"d":11.4,"a":0,"l":"d"},"geometry":{"type":"Point","coordinates":[415617.6,5656528.4]}},{"type":"Feature","properties":{"h":20.0,"d":11.4,"a":0,"l":"d"},"geometry":{"type":"Point","coordinates":[415617.6,5656708.2]}},{"type":"Feature","properties":{"h":11.0,"d":5.0,"a":0,"l":"d","gn":10,"t":45},"geometry":{"type":"Point","coordinates":[415617.7,5657686.9]}},{"type":"Feature","properties":{"h":20.0,"d":11.4,"a":0,"l":"d"},"geometry":{"type":"Point","coordinates":[415617.7,5656710.2]}},{"type":"Feature","properties":{"h":20.0,"d":11.4,"a":0,"l":"d"},"geometry":{"type":"Point","coordinates":[415617.9,5656777.8]}},{"type":"Feature","properties":{"h":20.0,"d":11.4,"a":0,"l":"d"},"geometry":{"type":"Point","coordinates":[415617.9,5656774.8]}},{"type":"Feature","properties":{"h":15.0,"d":7.0,"a":0,"l":"d","gn":7,"t":77},"geometry":{"type":"Point","coordinates":[415618.3,5657578.4]}},{"type":"Feature","properties":{"h":20.0,"d":11.4,"a":0,"l":"d"},"geometry":{"type":"Point","coordinates":[415618.4,5656729.0]}},{"type":"Feature","properties":{"h":9.0,"d":4.0,"a":1,"l":"d","gn":11,"t":14},"geometry":{"type":"Point","coordinates":[415618.6,5656384.5]}},{"type":"Feature","properties":{"h":20.0,"d":11.4,"a":0,"l":"d"},"geometry":{"type":"Point","coordinates":[415618.6,5656744.7]}},{"type":"Feature","properties":{"h":20.0,"d":11.4,"a":0,"l":"d"},"geometry":{"type":"Point","coordinates":[415618.7,5656740.0]}},{"type":"Feature","properties":{"h":20.0,"d":11.4,"a":0,"l":"d","s":"osm"},"geometry":{"type":"Point","coordinates":[415619.0,5657343.3]}},{"type":"Feature","properties":{"h":20.0,"d":11.4,"a":0,"l":"d"},"geometry":{"type":"Point","coordinates":[415619.1,5656730.6]}},{"type":"Feature","properties":{"h":28.0,"d":20.0,"a":0,"l":"d","gn":9,"t":75},"geometry":{"type":"Point","coordinates":[415619.1,5657667.3]}},{"type":"Feature","properties":{"h":20.0,"d":11.4,"a":0,"l":"d"},"geometry":{"type":"Point","coordinates":[415619.3,5656793.6]}},{"type":"Feature","properties":{"h":20.0,"d":13.0,"a":0,"l":"d","gn":1,"t":60},"geometry":{"type":"Point","coordinates":[415619.3,5656381.2]}},{"type":"Feature","properties":{"h":30.0,"d":19.0,"a":0,"l":"d","gn":5,"t":88},"geometry":{"type":"Point","coordinates":[415619.5,5657662.3]}},{"type":"Feature","properties":{"h":20.0,"d":11.4,"a":0,"l":"d"},"geometry":{"type":"Point","coordinates":[415619.6,5656762.0]}},{"type":"Feature","properties":{"h":15.0,"d":8.0,"a":0,"l":"d","gn":4,"t":43},"geometry":{"type":"Point","coordinates":[415619.9,5657582.7]}},{"type":"Feature","properties":{"h":20.0,"d":11.4,"a":0,"l":"d"},"geometry":{"type":"Point","coordinates":[415620.0,5656707.5]}},{"type":"Feature","properties":{"h":32.0,"d":18.3,"a":0,"l":"d","gn":31,"t":57},"geometry":{"type":"Point","coordinates":[415620.3,5656840.4]}},{"type":"Feature","properties":{"h":20.0,"d":11.4,"a":0,"l":"d"},"geometry":{"type":"Point","coordinates":[415620.6,5656574.4]}},{"type":"Feature","properties":{"h":20.0,"d":11.4,"a":0,"l":"d"},"geometry":{"type":"Point","coordinates":[415620.6,5656766.9]}},{"type":"Feature","properties":{"h":32.0,"d":20.0,"a":0,"l":"d","gn":9,"t":100},"geometry":{"type":"Point","coordinates":[415620.9,5657733.7]}},{"type":"Feature","properties":{"h":8.0,"d":5.0,"a":0,"l":"d","gn":1,"t":21},"geometry":{"type":"Point","coordinates":[415621.2,5656043.5]}},{"type":"Feature","properties":{"h":20.0,"d":11.4,"a":0,"l":"d"},"geometry":{"type":"Point","coordinates":[415621.2,5656782.8]}},{"type":"Feature","properties":{"h":20.0,"d":11.4,"a":0,"l":"d"},"geometry":{"type":"Point","coordinates":[415621.3,5656548.9]}},{"type":"Feature","properties":{"h":11.0,"d":6.0,"a":0,"l":"d","gn":15,"t":21},"geometry":{"type":"Point","coordinates":[415621.5,5657665.1]}},{"type":"Feature","properties":{"h":20.0,"d":18.0,"a":0,"l":"d","gn":9,"t":87},"geometry":{"type":"Point","coordinates":[415621.5,5656390.7]}},{"type":"Feature","properties":{"h":20.0,"d":11.4,"a":0,"l":"d"},"geometry":{"type":"Point","coordinates":[415621.7,5656528.4]}},{"type":"Feature","properties":{"h":20.0,"d":11.4,"a":0,"l":"d"},"geometry":{"type":"Point","coordinates":[415622.0,5656729.8]}},{"type":"Feature","properties":{"h":20.0,"d":11.4,"a":0,"l":"d"},"geometry":{"type":"Point","coordinates":[415622.2,5656773.0]}},{"type":"Feature","properties":{"h":5.0,"d":2.0,"a":1,"l":"d","gn":11,"t":6},"geometry":{"type":"Point","coordinates":[415622.3,5656419.7]}},{"type":"Feature","properties":{"h":7.0,"d":7.0,"a":5,"l":"d","t":22},"geometry":{"type":"Point","coordinates":[415622.4,5656405.2]}},{"type":"Feature","properties":{"h":27.0,"d":10.0,"a":0,"l":"d","gn":31,"t":44},"geometry":{"type":"Point","coordinates":[415622.4,5657591.2]}},{"type":"Feature","properties":{"h":25.0,"d":16.0,"a":1,"l":"d","gn":11,"t":60},"geometry":{"type":"Point","coordinates":[415622.5,5657638.1]}},{"type":"Feature","properties":{"h":20.0,"d":11.4,"a":0,"l":"d"},"geometry":{"type":"Point","coordinates":[415622.6,5656542.7]}},{"type":"Feature","properties":{"h":23.0,"d":11.0,"a":0,"l":"d","gn":4,"t":46},"geometry":{"type":"Point","coordinates":[415622.7,5657583.3]}},{"type":"Feature","properties":{"h":22.0,"d":10.0,"a":0,"l":"d","gn":7,"t":67},"geometry":{"type":"Point","coordinates":[415622.8,5657576.9]}},{"type":"Feature","properties":{"h":20.0,"d":11.4,"a":0,"l":"d"},"geometry":{"type":"Point","coordinates":[415623.3,5656711.1]}},{"type":"Feature","properties":{"h":4.0,"d":1.0,"a":0,"l":"d","gn":15,"t":4},"geometry":{"type":"Point","coordinates":[415623.8,5656413.8]}},{"type":"Feature","properties":{"h":20.0,"d":11.4,"a":0,"l":"d"},"geometry":{"type":"Point","coordinates":[415623.9,5656788.1]}},{"type":"Feature","properties":{"h":20.0,"d":11.4,"a":0,"l":"d"},"geometry":{"type":"Point","coordinates":[415624.0,5656712.6]}},{"type":"Feature","properties":{"h":20.0,"d":11.4,"a":0,"l":"d"},"geometry":{"type":"Point","coordinates":[415624.3,5656781.1]}},{"type":"Feature","properties":{"h":33.0,"d":20.0,"a":0,"l":"d","gn":4,"t":88},"geometry":{"type":"Point","coordinates":[415624.3,5657760.8]}},{"type":"Feature","properties":{"h":20.0,"d":11.4,"a":0,"l":"d"},"geometry":{"type":"Point","coordinates":[415624.5,5656755.5]}},{"type":"Feature","properties":{"h":19.0,"d":13.0,"a":1,"l":"d","gn":11,"t":31},"geometry":{"type":"Point","coordinates":[415624.8,5657682.9]}},{"type":"Feature","properties":{"h":15.0,"d":8.0,"a":0,"l":"d","gn":31,"t":21},"geometry":{"type":"Point","coordinates":[415624.9,5657765.4]}},{"type":"Feature","properties":{"h":20.0,"d":11.4,"a":0,"l":"d"},"geometry":{"type":"Point","coordinates":[415625.0,5656740.6]}},{"type":"Feature","properties":{"h":10.0,"d":5.7,"a":0,"l":"d","t":25},"geometry":{"type":"Point","coordinates":[415625.2,5656761.4]}},{"type":"Feature","properties":{"h":20.0,"d":11.4,"a":0,"l":"d"},"geometry":{"type":"Point","coordinates":[415625.5,5656808.6]}},{"type":"Feature","properties":{"h":20.0,"d":11.4,"a":0,"l":"d"},"geometry":{"type":"Point","coordinates":[415625.9,5656782.5]}},{"type":"Feature","properties":{"h":30.0,"d":17.0,"a":0,"l":"d","gn":9,"t":86},"geometry":{"type":"Point","coordinates":[415625.9,5657734.4]}},{"type":"Feature","properties":{"h":20.0,"d":11.4,"a":0,"l":"d"},"geometry":{"type":"Point","coordinates":[415626.2,5656525.2]}},{"type":"Feature","properties":{"h":20.0,"d":11.4,"a":0,"l":"d"},"geometry":{"type":"Point","coordinates":[415626.3,5656587.6]}},{"type":"Feature","properties":{"h":20.0,"d":11.4,"a":0,"l":"d"},"geometry":{"type":"Point","coordinates":[415626.6,5656591.1]}},{"type":"Feature","properties":{"h":30.0,"d":14.0,"a":0,"l":"d","gn":31,"t":74},"geometry":{"type":"Point","coordinates":[415626.6,5657740.5]}},{"type":"Feature","properties":{"h":20.0,"d":11.4,"a":0,"l":"d"},"geometry":{"type":"Point","coordinates":[415626.7,5656550.8]}},{"type":"Feature","properties":{"h":20.0,"d":11.4,"a":0,"l":"d"},"geometry":{"type":"Point","coordinates":[415626.8,5656747.2]}},{"type":"Feature","properties":{"h":20.0,"d":11.4,"a":0,"l":"d"},"geometry":{"type":"Point","coordinates":[415626.8,5656819.0]}},{"type":"Feature","properties":{"h":20.0,"d":11.4,"a":0,"l":"d"},"geometry":{"type":"Point","coordinates":[415626.9,5656713.1]}},{"type":"Feature","properties":{"h":20.0,"d":11.4,"a":0,"l":"d"},"geometry":{"type":"Point","coordinates":[415626.9,5656614.8]}},{"type":"Feature","properties":{"h":20.0,"d":11.4,"a":0,"l":"d"},"geometry":{"type":"Point","coordinates":[415627.0,5656564.0]}},{"type":"Feature","properties":{"h":22.0,"d":15.0,"a":0,"l":"d","gn":7,"t":66},"geometry":{"type":"Point","coordinates":[415627.1,5657575.6]}},{"type":"Feature","properties":{"h":20.0,"d":11.4,"a":0,"l":"d"},"geometry":{"type":"Point","coordinates":[415627.3,5656746.1]}},{"type":"Feature","properties":{"h":20.0,"d":11.4,"a":0,"l":"d"},"geometry":{"type":"Point","coordinates":[415627.4,5656579.2]}},{"type":"Feature","properties":{"h":20.0,"d":11.4,"a":0,"l":"d"},"geometry":{"type":"Point","coordinates":[415627.4,5656757.1]}},{"type":"Feature","properties":{"h":20.0,"d":12.0,"a":0,"l":"d","gn":4,"t":50},"geometry":{"type":"Point","coordinates":[415627.7,5657585.9]}},{"type":"Feature","properties":{"h":20.0,"d":12.0,"a":0,"l":"d","gn":5,"t":48},"geometry":{"type":"Point","coordinates":[415627.8,5657610.2]}},{"type":"Feature","properties":{"h":17.0,"d":9.0,"a":0,"l":"d","gn":1,"t":37},"geometry":{"type":"Point","coordinates":[415627.8,5657845.4]}},{"type":"Feature","properties":{"h":20.0,"d":11.4,"a":0,"l":"d"},"geometry":{"type":"Point","coordinates":[415627.9,5656778.3]}},{"type":"Feature","properties":{"h":33.0,"d":15.0,"a":0,"l":"d","gn":4,"t":92},"geometry":{"type":"Point","coordinates":[415628.0,5657743.5]}},{"type":"Feature","properties":{"h":15.0,"d":5.0,"a":1,"l":"d","gn":16,"t":50},"geometry":{"type":"Point","coordinates":[415628.0,5656410.5]}},{"type":"Feature","properties":{"h":12.0,"d":8.0,"a":0,"l":"d","gn":31,"t":21},"geometry":{"type":"Point","coordinates":[415628.1,5657591.1]}},{"type":"Feature","properties":{"h":20.0,"d":11.4,"a":0,"l":"d"},"geometry":{"type":"Point","coordinates":[415628.2,5656775.7]}},{"type":"Feature","properties":{"h":20.0,"d":11.4,"a":0,"l":"d"},"geometry":{"type":"Point","coordinates":[415628.6,5656542.5]}},{"type":"Feature","properties":{"h":24.0,"d":12.0,"a":0,"l":"d","gn":1,"t":52},"geometry":{"type":"Point","coordinates":[415628.6,5657665.2]}},{"type":"Feature","properties":{"h":20.0,"d":11.4,"a":0,"l":"d"},"geometry":{"type":"Point","coordinates":[415628.6,5656756.1]}},{"type":"Feature","properties":{"h":20.0,"d":11.4,"a":0,"l":"d"},"geometry":{"type":"Point","coordinates":[415628.7,5656808.5]}},{"type":"Feature","properties":{"h":27.0,"d":15.0,"a":0,"l":"d","gn":1,"t":70},"geometry":{"type":"Point","coordinates":[415629.0,5657657.5]}},{"type":"Feature","properties":{"h":20.0,"d":11.4,"a":0,"l":"d"},"geometry":{"type":"Point","coordinates":[415629.0,5656535.2]}},{"type":"Feature","properties":{"h":20.0,"d":11.4,"a":0,"l":"d"},"geometry":{"type":"Point","coordinates":[415629.1,5656571.1]}},{"type":"Feature","properties":{"h":20.0,"d":11.4,"a":0,"l":"d"},"geometry":{"type":"Point","coordinates":[415629.1,5656738.2]}},{"type":"Feature","properties":{"h":20.0,"d":11.4,"a":0,"l":"d"},"geometry":{"type":"Point","coordinates":[415629.5,5656753.7]}},{"type":"Feature","properties":{"h":20.0,"d":11.4,"a":0,"l":"d"},"geometry":{"type":"Point","coordinates":[415629.6,5656741.3]}},{"type":"Feature","properties":{"h":24.0,"d":9.0,"a":0,"l":"d","gn":4,"t":33},"geometry":{"type":"Point","coordinates":[415629.7,5657594.0]}},{"type":"Feature","properties":{"h":8.0,"d":8.0,"a":0,"l":"d","gn":1,"t":30},"geometry":{"type":"Point","coordinates":[415629.8,5657580.0]}},{"type":"Feature","properties":{"h":30.0,"d":18.0,"a":0,"l":"d","gn":31,"t":87},"geometry":{"type":"Point","coordinates":[415629.9,5657685.1]}},{"type":"Feature","properties":{"h":27.0,"d":15.0,"a":0,"l":"d","gn":7,"t":80},"geometry":{"type":"Point","coordinates":[415629.9,5657842.1]}},{"type":"Feature","properties":{"h":20.0,"d":11.4,"a":0,"l":"d"},"geometry":{"type":"Point","coordinates":[415630.0,5656741.6]}},{"type":"Feature","properties":{"h":22.0,"d":12.0,"a":0,"l":"d","gn":4,"t":55},"geometry":{"type":"Point","coordinates":[415630.4,5657590.4]}},{"type":"Feature","properties":{"h":12.0,"d":12.0,"a":0,"l":"d","gn":4,"t":41},"geometry":{"type":"Point","coordinates":[415630.5,5657588.5]}},{"type":"Feature","properties":{"h":32.0,"d":10.0,"a":0,"l":"d","gn":31,"t":68},"geometry":{"type":"Point","coordinates":[415630.6,5657741.2]}},{"type":"Feature","properties":{"h":20.0,"d":11.4,"a":0,"l":"d"},"geometry":{"type":"Point","coordinates":[415630.6,5656583.7]}},{"type":"Feature","properties":{"h":24.0,"d":10.0,"a":0,"l":"d","gn":4,"t":39},"geometry":{"type":"Point","coordinates":[415630.7,5657594.7]}},{"type":"Feature","properties":{"h":20.0,"d":11.4,"a":0,"l":"d"},"geometry":{"type":"Point","coordinates":[415630.8,5656752.5]}},{"type":"Feature","properties":{"h":24.0,"d":12.0,"a":0,"l":"d","gn":3,"t":70},"geometry":{"type":"Point","coordinates":[415630.9,5657835.0]}},{"type":"Feature","properties":{"h":11.0,"d":8.0,"a":0,"l":"d","gn":3,"t":21},"geometry":{"type":"Point","coordinates":[415631.1,5657639.7]}},{"type":"Feature","properties":{"h":20.0,"d":11.4,"a":0,"l":"d"},"geometry":{"type":"Point","coordinates":[415631.1,5656618.7]}},{"type":"Feature","properties":{"h":23.0,"d":14.0,"a":0,"l":"d","gn":4,"t":77},"geometry":{"type":"Point","coordinates":[415631.1,5657593.0]}},{"type":"Feature","properties":{"h":16.0,"d":8.0,"a":0,"l":"d","gn":5,"t":79},"geometry":{"type":"Point","coordinates":[415631.2,5657608.6]}},{"type":"Feature","properties":{"h":20.0,"d":11.4,"a":0,"l":"d"},"geometry":{"type":"Point","coordinates":[415631.2,5656557.3]}},{"type":"Feature","properties":{"h":17.0,"d":13.0,"a":0,"l":"d","gn":3,"t":93},"geometry":{"type":"Point","coordinates":[415631.6,5656079.5]}},{"type":"Feature","properties":{"h":14.0,"d":8.4,"a":5,"l":"d","gn":8,"t":20},"geometry":{"type":"Point","coordinates":[415632.0,5656828.8]}},{"type":"Feature","properties":{"h":16.0,"d":9.0,"a":0,"l":"d","gn":31,"t":33},"geometry":{"type":"Point","coordinates":[415632.1,5657757.6]}},{"type":"Feature","properties":{"h":20.0,"d":11.4,"a":0,"l":"d"},"geometry":{"type":"Point","coordinates":[415632.6,5656745.3]}},{"type":"Feature","properties":{"h":23.0,"d":16.0,"a":0,"l":"d","gn":31,"t":62},"geometry":{"type":"Point","coordinates":[415632.7,5657769.4]}},{"type":"Feature","properties":{"h":20.0,"d":11.4,"a":0,"l":"d"},"geometry":{"type":"Point","coordinates":[415633.2,5656810.2]}},{"type":"Feature","properties":{"h":20.0,"d":11.4,"a":0,"l":"d"},"geometry":{"type":"Point","coordinates":[415633.2,5656760.0]}},{"type":"Feature","properties":{"h":20.0,"d":11.4,"a":0,"l":"d"},"geometry":{"type":"Point","coordinates":[415633.5,5656751.7]}},{"type":"Feature","properties":{"h":20.0,"d":11.4,"a":0,"l":"d"},"geometry":{"type":"Point","coordinates":[415634.3,5656532.6]}},{"type":"Feature","properties":{"h":20.0,"d":11.4,"a":0,"l":"d"},"geometry":{"type":"Point","coordinates":[415634.3,5656812.0]}},{"type":"Feature","properties":{"h":25.0,"d":15.0,"a":0,"l":"d","gn":9,"t":120},"geometry":{"type":"Point","coordinates":[415634.4,5657725.7]}},{"type":"Feature","properties":{"h":21.0,"d":7.0,"a":0,"l":"d","gn":10,"t":45},"geometry":{"type":"Point","coordinates":[415634.6,5657573.0]}},{"type":"Feature","properties":{"h":20.0,"d":11.4,"a":0,"l":"d"},"geometry":{"type":"Point","coordinates":[415634.6,5656527.5]}},{"type":"Feature","properties":{"h":20.0,"d":11.4,"a":0,"l":"d"},"geometry":{"type":"Point","coordinates":[415634.7,5656746.4]}},{"type":"Feature","properties":{"h":13.0,"d":9.0,"a":0,"l":"d","gn":31,"t":21},"geometry":{"type":"Point","coordinates":[415634.9,5657592.7]}},{"type":"Feature","properties":{"h":20.0,"d":11.4,"a":0,"l":"d"},"geometry":{"type":"Point","coordinates":[415635.0,5656769.3]}},{"type":"Feature","properties":{"h":20.0,"d":11.4,"a":0,"l":"d"},"geometry":{"type":"Point","coordinates":[415635.5,5656590.5]}},{"type":"Feature","properties":{"h":20.0,"d":11.4,"a":0,"l":"d"},"geometry":{"type":"Point","coordinates":[415636.6,5656752.0]}},{"type":"Feature","properties":{"h":20.0,"d":17.0,"a":0,"l":"d","gn":3,"t":152},"geometry":{"type":"Point","coordinates":[415636.6,5657700.7]}},{"type":"Feature","properties":{"h":20.0,"d":11.4,"a":0,"l":"d"},"geometry":{"type":"Point","coordinates":[415636.7,5656610.0]}},{"type":"Feature","properties":{"h":33.0,"d":10.0,"a":0,"l":"d","gn":4,"t":78},"geometry":{"type":"Point","coordinates":[415636.7,5657745.6]}},{"type":"Feature","properties":{"h":20.0,"d":12.0,"a":0,"l":"d","gn":1,"t":63},"geometry":{"type":"Point","coordinates":[415637.1,5657835.1]}},{"type":"Feature","properties":{"h":27.0,"d":12.0,"a":1,"l":"d","gn":11,"t":60},"geometry":{"type":"Point","coordinates":[415637.4,5657634.6]}},{"type":"Feature","properties":{"h":21.0,"d":10.0,"a":0,"l":"d","gn":1,"t":46},"geometry":{"type":"Point","coordinates":[415637.4,5657845.0]}},{"type":"Feature","properties":{"h":23.0,"d":12.0,"a":0,"l":"d","gn":4,"t":63},"geometry":{"type":"Point","coordinates":[415637.9,5657582.0]}},{"type":"Feature","properties":{"h":20.0,"d":11.4,"a":0,"l":"d"},"geometry":{"type":"Point","coordinates":[415637.9,5656809.1]}},{"type":"Feature","properties":{"h":10.0,"d":7.0,"a":0,"l":"d","gn":1,"t":27},"geometry":{"type":"Point","coordinates":[415638.0,5656049.7]}},{"type":"Feature","properties":{"h":17.0,"d":14.0,"a":0,"l":"d","gn":4,"t":54},"geometry":{"type":"Point","coordinates":[415638.4,5657579.9]}},{"type":"Feature","properties":{"h":25.0,"d":9.0,"a":0,"l":"d","gn":15,"t":62},"geometry":{"type":"Point","coordinates":[415638.4,5657697.7]}},{"type":"Feature","properties":{"h":24.0,"d":8.0,"a":0,"l":"d","gn":1,"t":34},"geometry":{"type":"Point","coordinates":[415638.6,5657661.2]}},{"type":"Feature","properties":{"h":6.0,"d":3.0,"a":0,"l":"d","gn":1,"t":8},"geometry":{"type":"Point","coordinates":[415638.6,5657780.1]}},{"type":"Feature","properties":{"h":20.0,"d":11.4,"a":0,"l":"d"},"geometry":{"type":"Point","coordinates":[415638.7,5656601.4]}},{"type":"Feature","properties":{"h":20.0,"d":11.4,"a":0,"l":"d"},"geometry":{"type":"Point","coordinates":[415639.2,5656768.8]}},{"type":"Feature","properties":{"h":20.0,"d":11.4,"a":0,"l":"d"},"geometry":{"type":"Point","coordinates":[415639.3,5656714.6]}},{"type":"Feature","properties":{"h":20.0,"d":11.4,"a":0,"l":"d"},"geometry":{"type":"Point","coordinates":[415639.4,5656735.0]}},{"type":"Feature","properties":{"h":20.0,"d":11.4,"a":0,"l":"d"},"geometry":{"type":"Point","coordinates":[415639.7,5656719.1]}},{"type":"Feature","properties":{"h":27.0,"d":14.0,"a":1,"l":"d","gn":11,"t":48},"geometry":{"type":"Point","coordinates":[415639.8,5657638.3]}},{"type":"Feature","properties":{"h":20.0,"d":11.4,"a":0,"l":"d"},"geometry":{"type":"Point","coordinates":[415639.8,5656811.9]}},{"type":"Feature","properties":{"h":20.0,"d":11.4,"a":0,"l":"d"},"geometry":{"type":"Point","coordinates":[415639.9,5656717.0]}},{"type":"Feature","properties":{"h":20.0,"d":11.4,"a":0,"l":"d"},"geometry":{"type":"Point","coordinates":[415640.0,5656744.8]}},{"type":"Feature","properties":{"h":16.0,"d":14.0,"a":0,"l":"d","gn":5,"t":55},"geometry":{"type":"Point","coordinates":[415640.1,5657729.4]}},{"type":"Feature","properties":{"h":30.0,"d":10.0,"a":0,"l":"d","gn":31,"t":69},"geometry":{"type":"Point","coordinates":[415640.3,5657749.6]}},{"type":"Feature","properties":{"h":1.5,"d":1.0,"a":5,"l":"d","gn":12,"t":2},"geometry":{"type":"Point","coordinates":[415641.2,5657677.6]}},{"type":"Feature","properties":{"h":12.0,"d":9.0,"a":0,"l":"d","gn":4,"t":59},"geometry":{"type":"Point","coordinates":[415641.3,5657579.7]}},{"type":"Feature","properties":{"h":25.0,"d":15.0,"a":0,"l":"d","gn":4,"t":51},"geometry":{"type":"Point","coordinates":[415641.5,5657595.5]}},{"type":"Feature","properties":{"h":19.0,"d":14.0,"a":0,"l":"d","gn":5,"t":160},"geometry":{"type":"Point","coordinates":[415641.8,5657680.4]}},{"type":"Feature","properties":{"h":34.0,"d":17.0,"a":0,"l":"d","gn":31,"t":125},"geometry":{"type":"Point","coordinates":[415642.0,5657734.2]}},{"type":"Feature","properties":{"h":20.0,"d":11.4,"a":0,"l":"d"},"geometry":{"type":"Point","coordinates":[415642.0,5656616.4]}},{"type":"Feature","properties":{"h":13.0,"d":6.0,"a":0,"l":"d","gn":7,"t":26},"geometry":{"type":"Point","coordinates":[415642.1,5657591.4]}},{"type":"Feature","properties":{"h":22.0,"d":8.0,"a":0,"l":"d","gn":3,"t":40},"geometry":{"type":"Point","coordinates":[415642.1,5657587.4]}},{"type":"Feature","properties":{"h":31.0,"d":14.0,"a":0,"l":"d","gn":4,"t":75},"geometry":{"type":"Point","coordinates":[415642.2,5657756.0]}},{"type":"Feature","properties":{"h":19.0,"d":15.0,"a":0,"l":"d","gn":3,"t":110},"geometry":{"type":"Point","coordinates":[415642.2,5657790.4]}},{"type":"Feature","properties":{"h":5.0,"d":2.0,"a":5,"l":"d","t":12},"geometry":{"type":"Point","coordinates":[415642.2,5656007.6]}},{"type":"Feature","properties":{"h":25.0,"d":13.0,"a":0,"l":"d","gn":10,"t":63},"geometry":{"type":"Point","coordinates":[415642.3,5657832.0]}},{"type":"Feature","properties":{"h":20.0,"d":11.4,"a":0,"l":"d"},"geometry":{"type":"Point","coordinates":[415642.5,5656533.6]}},{"type":"Feature","properties":{"h":20.0,"d":11.4,"a":0,"l":"d"},"geometry":{"type":"Point","coordinates":[415643.1,5656725.9]}},{"type":"Feature","properties":{"h":20.0,"d":11.4,"a":0,"l":"d"},"geometry":{"type":"Point","coordinates":[415643.1,5656761.9]}},{"type":"Feature","properties":{"h":24.0,"d":12.0,"a":0,"l":"d","gn":1,"t":26},"geometry":{"type":"Point","coordinates":[415643.4,5657660.7]}},{"type":"Feature","properties":{"h":20.0,"d":11.4,"a":0,"l":"d"},"geometry":{"type":"Point","coordinates":[415643.7,5656611.9]}},{"type":"Feature","properties":{"h":20.0,"d":11.4,"a":0,"l":"d"},"geometry":{"type":"Point","coordinates":[415643.7,5656720.3]}},{"type":"Feature","properties":{"h":8.0,"d":8.0,"a":5,"l":"d","t":34},"geometry":{"type":"Point","coordinates":[415643.8,5657689.6]}},{"type":"Feature","properties":{"h":7.0,"d":6.0,"a":0,"l":"d","gn":4,"t":12},"geometry":{"type":"Point","coordinates":[415643.8,5657773.9]}},{"type":"Feature","properties":{"h":27.0,"d":11.0,"a":0,"l":"d","gn":4,"t":85},"geometry":{"type":"Point","coordinates":[415644.0,5657742.6]}},{"type":"Feature","properties":{"h":20.0,"d":11.4,"a":0,"l":"d"},"geometry":{"type":"Point","coordinates":[415644.0,5656717.8]}},{"type":"Feature","properties":{"h":25.0,"d":18.0,"a":0,"l":"d","gn":1,"t":56},"geometry":{"type":"Point","coordinates":[415644.8,5657593.3]}},{"type":"Feature","properties":{"h":20.0,"d":11.4,"a":0,"l":"d"},"geometry":{"type":"Point","coordinates":[415644.9,5656753.3]}},{"type":"Feature","properties":{"h":22.0,"d":10.0,"a":0,"l":"d","gn":1,"t":41},"geometry":{"type":"Point","coordinates":[415645.0,5657653.6]}},{"type":"Feature","properties":{"h":7.0,"d":5.0,"a":0,"l":"d","gn":4,"t":10},"geometry":{"type":"Point","coordinates":[415645.2,5657771.0]}},{"type":"Feature","properties":{"h":24.0,"d":16.0,"a":0,"l":"d","gn":4,"t":70},"geometry":{"type":"Point","coordinates":[415645.3,5657580.5]}},{"type":"Feature","properties":{"h":8.0,"d":6.0,"a":5,"l":"d","gn":12,"t":23},"geometry":{"type":"Point","coordinates":[415645.4,5657841.9]}},{"type":"Feature","properties":{"h":20.0,"d":11.4,"a":0,"l":"d"},"geometry":{"type":"Point","coordinates":[415645.4,5656529.2]}},{"type":"Feature","properties":{"h":13.0,"d":8.0,"a":0,"l":"d","gn":15,"t":22},"geometry":{"type":"Point","coordinates":[415645.5,5657588.4]}},{"type":"Feature","properties":{"h":16.0,"d":14.0,"a":0,"l":"d","gn":31,"t":27},"geometry":{"type":"Point","coordinates":[415645.6,5657759.4]}},{"type":"Feature","properties":{"h":5.0,"d":4.0,"a":5,"l":"d","t":12},"geometry":{"type":"Point","coordinates":[415645.8,5656012.8]}},{"type":"Feature","properties":{"h":20.0,"d":11.4,"a":0,"l":"d"},"geometry":{"type":"Point","coordinates":[415645.8,5656602.1]}},{"type":"Feature","properties":{"h":15.0,"d":5.0,"a":0,"l":"d","gn":1,"t":23},"geometry":{"type":"Point","coordinates":[415646.3,5657653.4]}},{"type":"Feature","properties":{"h":20.0,"d":11.4,"a":0,"l":"d"},"geometry":{"type":"Point","coordinates":[415646.3,5656524.2]}},{"type":"Feature","properties":{"h":20.0,"d":11.4,"a":0,"l":"d"},"geometry":{"type":"Point","coordinates":[415646.4,5656698.8]}},{"type":"Feature","properties":{"h":26.0,"d":13.0,"a":0,"l":"d","gn":4,"t":66},"geometry":{"type":"Point","coordinates":[415646.9,5657791.6]}},{"type":"Feature","properties":{"h":20.0,"d":11.4,"a":0,"l":"d"},"geometry":{"type":"Point","coordinates":[415647.0,5656759.6]}},{"type":"Feature","properties":{"h":27.0,"d":7.0,"a":0,"l":"d","gn":3,"t":43},"geometry":{"type":"Point","coordinates":[415647.2,5657733.9]}},{"type":"Feature","properties":{"h":20.0,"d":11.4,"a":0,"l":"d"},"geometry":{"type":"Point","coordinates":[415647.3,5656752.1]}},{"type":"Feature","properties":{"h":20.0,"d":11.4,"a":0,"l":"d"},"geometry":{"type":"Point","coordinates":[415647.6,5656748.7]}},{"type":"Feature","properties":{"h":20.0,"d":11.4,"a":0,"l":"d"},"geometry":{"type":"Point","coordinates":[415647.8,5656606.2]}},{"type":"Feature","properties":{"h":27.0,"d":14.0,"a":0,"l":"d","gn":4,"t":43},"geometry":{"type":"Point","coordinates":[415647.8,5657659.8]}},{"type":"Feature","properties":{"h":20.0,"d":11.4,"a":0,"l":"d"},"geometry":{"type":"Point","coordinates":[415648.0,5656733.0]}},{"type":"Feature","properties":{"h":20.0,"d":11.4,"a":0,"l":"d"},"geometry":{"type":"Point","coordinates":[415648.1,5656812.4]}},{"type":"Feature","properties":{"h":13.0,"d":9.0,"a":0,"l":"d","gn":1,"t":22},"geometry":{"type":"Point","coordinates":[415648.5,5657589.1]}},{"type":"Feature","properties":{"h":20.0,"d":11.4,"a":0,"l":"d"},"geometry":{"type":"Point","coordinates":[415648.5,5656720.3]}},{"type":"Feature","properties":{"h":20.0,"d":11.4,"a":0,"l":"d"},"geometry":{"type":"Point","coordinates":[415648.6,5656723.4]}},{"type":"Feature","properties":{"h":20.0,"d":11.4,"a":0,"l":"d"},"geometry":{"type":"Point","coordinates":[415648.6,5656712.9]}},{"type":"Feature","properties":{"h":30.0,"d":16.0,"a":0,"l":"d","gn":4,"t":68},"geometry":{"type":"Point","coordinates":[415648.9,5657606.3]}},{"type":"Feature","properties":{"h":20.0,"d":11.4,"a":0,"l":"d"},"geometry":{"type":"Point","coordinates":[415649.0,5656718.0]}},{"type":"Feature","properties":{"h":20.0,"d":11.4,"a":0,"l":"d"},"geometry":{"type":"Point","coordinates":[415649.0,5656532.2]}},{"type":"Feature","properties":{"h":27.0,"d":15.0,"a":0,"l":"d","gn":1,"t":97},"geometry":{"type":"Point","coordinates":[415649.6,5657728.4]}},{"type":"Feature","properties":{"h":28.0,"d":10.0,"a":0,"l":"d","gn":4,"t":71},"geometry":{"type":"Point","coordinates":[415649.7,5657742.9]}},{"type":"Feature","properties":{"h":27.0,"d":20.0,"a":0,"l":"d","gn":31,"t":75},"geometry":{"type":"Point","coordinates":[415650.2,5657674.7]}},{"type":"Feature","properties":{"h":27.0,"d":16.0,"a":0,"l":"d","gn":10,"t":115},"geometry":{"type":"Point","coordinates":[415650.3,5657831.9]}},{"type":"Feature","properties":{"h":17.0,"d":14.0,"a":0,"l":"d","gn":1,"t":63},"geometry":{"type":"Point","coordinates":[415650.6,5657692.3]}},{"type":"Feature","properties":{"h":20.0,"d":11.4,"a":0,"l":"d"},"geometry":{"type":"Point","coordinates":[415650.8,5656696.1]}},{"type":"Feature","properties":{"h":17.0,"d":12.0,"a":1,"l":"d","gn":11,"t":40},"geometry":{"type":"Point","coordinates":[415650.9,5657757.9]}},{"type":"Feature","properties":{"h":20.0,"d":11.4,"a":0,"l":"d"},"geometry":{"type":"Point","coordinates":[415650.9,5656624.6]}},{"type":"Feature","properties":{"h":27.0,"d":15.0,"a":1,"l":"d","gn":11,"t":55},"geometry":{"type":"Point","coordinates":[415651.0,5657618.6]}},{"type":"Feature","properties":{"h":29.0,"d":10.0,"a":0,"l":"d","gn":4,"t":87},"geometry":{"type":"Point","coordinates":[415651.8,5657754.3]}},{"type":"Feature","properties":{"h":20.0,"d":11.4,"a":0,"l":"d"},"geometry":{"type":"Point","coordinates":[415652.0,5656633.7]}},{"type":"Feature","properties":{"h":13.0,"d":10.0,"a":0,"l":"d","gn":3,"t":25},"geometry":{"type":"Point","coordinates":[415652.1,5657775.3]}},{"type":"Feature","properties":{"h":20.0,"d":11.4,"a":0,"l":"d"},"geometry":{"type":"Point","coordinates":[415652.2,5656625.7]}},{"type":"Feature","properties":{"h":28.0,"d":15.0,"a":0,"l":"d","gn":4,"t":115},"geometry":{"type":"Point","coordinates":[415652.3,5657745.0]}},{"type":"Feature","properties":{"h":20.0,"d":11.4,"a":0,"l":"d"},"geometry":{"type":"Point","coordinates":[415652.4,5656521.4]}},{"type":"Feature","properties":{"h":20.0,"d":11.4,"a":0,"l":"d"},"geometry":{"type":"Point","coordinates":[415652.4,5656805.6]}},{"type":"Feature","properties":{"h":20.0,"d":11.4,"a":0,"l":"d"},"geometry":{"type":"Point","coordinates":[415652.4,5656624.3]}},{"type":"Feature","properties":{"h":20.0,"d":11.4,"a":0,"l":"d"},"geometry":{"type":"Point","coordinates":[415652.5,5656695.9]}},{"type":"Feature","properties":{"h":20.0,"d":11.4,"a":0,"l":"d"},"geometry":{"type":"Point","coordinates":[415652.6,5656757.7]}},{"type":"Feature","properties":{"h":20.0,"d":11.4,"a":0,"l":"d"},"geometry":{"type":"Point","coordinates":[415652.7,5656732.4]}},{"type":"Feature","properties":{"h":20.0,"d":11.4,"a":0,"l":"d"},"geometry":{"type":"Point","coordinates":[415652.8,5656717.4]}},{"type":"Feature","properties":{"h":5.0,"d":3.0,"a":5,"l":"d","t":10},"geometry":{"type":"Point","coordinates":[415652.8,5656023.1]}},{"type":"Feature","properties":{"h":20.0,"d":11.4,"a":0,"l":"d"},"geometry":{"type":"Point","coordinates":[415652.8,5656800.2]}},{"type":"Feature","properties":{"h":20.0,"d":11.4,"a":0,"l":"d"},"geometry":{"type":"Point","coordinates":[415653.1,5656708.4]}},{"type":"Feature","properties":{"h":20.0,"d":11.4,"a":0,"l":"d"},"geometry":{"type":"Point","coordinates":[415653.4,5656609.6]}},{"type":"Feature","properties":{"h":20.0,"d":11.4,"a":0,"l":"d"},"geometry":{"type":"Point","coordinates":[415653.5,5656715.9]}},{"type":"Feature","properties":{"h":20.0,"d":11.4,"a":0,"l":"d"},"geometry":{"type":"Point","coordinates":[415653.5,5656758.8]}},{"type":"Feature","properties":{"h":20.0,"d":11.4,"a":0,"l":"d"},"geometry":{"type":"Point","coordinates":[415653.6,5656645.2]}},{"type":"Feature","properties":{"h":19.0,"d":13.0,"a":0,"l":"d","gn":1,"t":52},"geometry":{"type":"Point","coordinates":[415653.8,5657672.4]}},{"type":"Feature","properties":{"h":20.0,"d":11.4,"a":0,"l":"d"},"geometry":{"type":"Point","coordinates":[415653.8,5656694.0]}},{"type":"Feature","properties":{"h":28.0,"d":16.0,"a":0,"l":"d","gn":4,"t":54},"geometry":{"type":"Point","coordinates":[415654.0,5656822.4]}},{"type":"Feature","properties":{"h":20.0,"d":11.4,"a":0,"l":"d"},"geometry":{"type":"Point","coordinates":[415654.5,5656639.1]}},{"type":"Feature","properties":{"h":26.0,"d":8.0,"a":0,"l":"d","gn":1,"t":47},"geometry":{"type":"Point","coordinates":[415654.5,5657736.7]}},{"type":"Feature","properties":{"h":20.0,"d":8.0,"a":0,"l":"d","gn":3,"t":29},"geometry":{"type":"Point","coordinates":[415654.8,5657765.5]}},{"type":"Feature","properties":{"h":20.0,"d":11.4,"a":0,"l":"d"},"geometry":{"type":"Point","coordinates":[415655.3,5656803.2]}},{"type":"Feature","properties":{"h":20.0,"d":11.4,"a":0,"l":"d"},"geometry":{"type":"Point","coordinates":[415655.8,5656705.7]}},{"type":"Feature","properties":{"h":20.0,"d":11.4,"a":0,"l":"d"},"geometry":{"type":"Point","coordinates":[415656.1,5656799.8]}},{"type":"Feature","properties":{"h":21.0,"d":16.0,"a":1,"l":"d","gn":11,"t":55},"geometry":{"type":"Point","coordinates":[415656.6,5657828.2]}},{"type":"Feature","properties":{"h":33.0,"d":15.0,"a":0,"l":"d","gn":1,"t":73},"geometry":{"type":"Point","coordinates":[415656.8,5657641.1]}},{"type":"Feature","properties":{"h":20.0,"d":11.4,"a":0,"l":"d"},"geometry":{"type":"Point","coordinates":[415656.8,5656711.9]}},{"type":"Feature","properties":{"h":28.0,"d":15.0,"a":0,"l":"d","gn":1,"t":67},"geometry":{"type":"Point","coordinates":[415657.0,5657837.9]}},{"type":"Feature","properties":{"h":20.0,"d":11.4,"a":0,"l":"d"},"geometry":{"type":"Point","coordinates":[415657.2,5656738.8]}},{"type":"Feature","properties":{"h":20.0,"d":11.4,"a":0,"l":"d"},"geometry":{"type":"Point","coordinates":[415657.3,5656601.4]}},{"type":"Feature","properties":{"h":20.0,"d":11.4,"a":0,"l":"d"},"geometry":{"type":"Point","coordinates":[415657.6,5656692.5]}},{"type":"Feature","properties":{"h":5.0,"d":2.0,"a":5,"l":"d","t":11},"geometry":{"type":"Point","coordinates":[415658.0,5656030.5]}},{"type":"Feature","properties":{"h":20.0,"d":11.4,"a":0,"l":"d"},"geometry":{"type":"Point","coordinates":[415658.1,5656697.2]}},{"type":"Feature","properties":{"h":20.0,"d":11.4,"a":0,"l":"d","t":46},"geometry":{"type":"Point","coordinates":[415658.6,5656737.6]}},{"type":"Feature","properties":{"h":16.0,"d":8.0,"a":0,"l":"d","gn":15,"t":19},"geometry":{"type":"Point","coordinates":[415658.7,5657607.5]}},{"type":"Feature","properties":{"h":31.0,"d":12.0,"a":0,"l":"d","gn":4,"t":80},"geometry":{"type":"Point","coordinates":[415658.7,5657792.3]}},{"type":"Feature","properties":{"h":20.0,"d":11.4,"a":0,"l":"d"},"geometry":{"type":"Point","coordinates":[415659.0,5656710.8]}},{"type":"Feature","properties":{"h":24.0,"d":12.0,"a":0,"l":"d","gn":31,"t":80},"geometry":{"type":"Point","coordinates":[415659.1,5657743.5]}},{"type":"Feature","properties":{"h":20.0,"d":11.4,"a":0,"l":"d"},"geometry":{"type":"Point","coordinates":[415659.2,5656803.7]}},{"type":"Feature","properties":{"h":20.0,"d":11.4,"a":0,"l":"d"},"geometry":{"type":"Point","coordinates":[415659.2,5656547.8]}},{"type":"Feature","properties":{"h":15.0,"d":6.0,"a":0,"l":"d","gn":7,"t":25},"geometry":{"type":"Point","coordinates":[415659.3,5657611.5]}},{"type":"Feature","properties":{"h":20.0,"d":11.4,"a":0,"l":"d"},"geometry":{"type":"Point","coordinates":[415659.6,5656645.0]}},{"type":"Feature","properties":{"h":7.0,"d":5.0,"a":5,"l":"d","t":16},"geometry":{"type":"Point","coordinates":[415659.6,5657697.4]}},{"type":"Feature","properties":{"h":31.0,"d":15.0,"a":0,"l":"d","gn":31,"t":60},"geometry":{"type":"Point","coordinates":[415659.6,5657769.2]}},{"type":"Feature","properties":{"h":20.0,"d":11.4,"a":0,"l":"d"},"geometry":{"type":"Point","coordinates":[415659.9,5656550.8]}},{"type":"Feature","properties":{"h":20.0,"d":11.4,"a":0,"l":"d"},"geometry":{"type":"Point","coordinates":[415659.9,5656752.3]}},{"type":"Feature","properties":{"h":20.0,"d":11.4,"a":0,"l":"d"},"geometry":{"type":"Point","coordinates":[415659.9,5656706.3]}},{"type":"Feature","properties":{"h":26.0,"d":14.0,"a":0,"l":"d","gn":10,"t":56},"geometry":{"type":"Point","coordinates":[415659.9,5657657.3]}},{"type":"Feature","properties":{"h":20.0,"d":11.4,"a":0,"l":"d","t":52},"geometry":{"type":"Point","coordinates":[415660.1,5656737.6]}},{"type":"Feature","properties":{"h":18.0,"d":9.0,"a":0,"l":"d","gn":1,"t":32},"geometry":{"type":"Point","coordinates":[415660.3,5657651.2]}},{"type":"Feature","properties":{"h":20.0,"d":11.4,"a":0,"l":"d"},"geometry":{"type":"Point","coordinates":[415660.6,5656688.4]}},{"type":"Feature","properties":{"h":22.0,"d":10.0,"a":1,"l":"d","gn":11,"t":39},"geometry":{"type":"Point","coordinates":[415660.7,5657774.2]}},{"type":"Feature","properties":{"h":12.0,"d":11.0,"a":1,"l":"d","gn":11,"t":36},"geometry":{"type":"Point","coordinates":[415660.7,5657601.5]}},{"type":"Feature","properties":{"h":23.0,"d":11.0,"a":0,"l":"d","gn":31,"t":35},"geometry":{"type":"Point","coordinates":[415661.0,5657762.6]}},{"type":"Feature","properties":{"h":12.0,"d":6.9,"a":0,"l":"d","gn":31,"t":16},"geometry":{"type":"Point","coordinates":[415661.1,5656816.3]}},{"type":"Feature","properties":{"h":20.0,"d":11.4,"a":0,"l":"d"},"geometry":{"type":"Point","coordinates":[415661.2,5656646.2]}},{"type":"Feature","properties":{"h":20.0,"d":11.4,"a":0,"l":"d"},"geometry":{"type":"Point","coordinates":[415661.3,5656668.4]}},{"type":"Feature","properties":{"h":14.0,"d":9.0,"a":0,"l":"d","gn":15,"t":24},"geometry":{"type":"Point","coordinates":[415661.3,5657608.2]}},{"type":"Feature","properties":{"h":20.0,"d":11.4,"a":0,"l":"d"},"geometry":{"type":"Point","coordinates":[415661.3,5656631.6]}},{"type":"Feature","properties":{"h":20.0,"d":11.4,"a":0,"l":"d"},"geometry":{"type":"Point","coordinates":[415661.6,5656756.8]}},{"type":"Feature","properties":{"h":6.0,"d":6.0,"a":0,"l":"d","gn":3,"t":90},"geometry":{"type":"Point","coordinates":[415661.6,5657691.8]}},{"type":"Feature","properties":{"h":21.0,"d":8.0,"a":0,"l":"d","gn":1,"t":37},"geometry":{"type":"Point","coordinates":[415661.7,5657835.6]}},{"type":"Feature","properties":{"h":20.0,"d":11.4,"a":0,"l":"d"},"geometry":{"type":"Point","coordinates":[415661.8,5656699.5]}},{"type":"Feature","properties":{"h":8.0,"d":8.0,"a":5,"l":"d","t":42},"geometry":{"type":"Point","coordinates":[415661.8,5657699.1]}},{"type":"Feature","properties":{"h":30.0,"d":12.0,"a":0,"l":"d","gn":4,"t":72},"geometry":{"type":"Point","coordinates":[415662.2,5657613.0]}},{"type":"Feature","properties":{"h":20.0,"d":11.4,"a":0,"l":"d"},"geometry":{"type":"Point","coordinates":[415662.3,5656695.9]}},{"type":"Feature","properties":{"h":20.0,"d":11.4,"a":0,"l":"d"},"geometry":{"type":"Point","coordinates":[415662.4,5656597.4]}},{"type":"Feature","properties":{"h":20.0,"d":11.4,"a":0,"l":"d"},"geometry":{"type":"Point","coordinates":[415662.8,5656795.5]}},{"type":"Feature","properties":{"h":20.0,"d":11.4,"a":0,"l":"d"},"geometry":{"type":"Point","coordinates":[415662.8,5656702.6]}},{"type":"Feature","properties":{"h":16.0,"d":10.0,"a":0,"l":"d","gn":1,"t":48},"geometry":{"type":"Point","coordinates":[415662.9,5656014.3]}},{"type":"Feature","properties":{"h":20.0,"d":11.4,"a":0,"l":"d"},"geometry":{"type":"Point","coordinates":[415663.0,5656686.1]}},{"type":"Feature","properties":{"h":20.0,"d":11.4,"a":0,"l":"d"},"geometry":{"type":"Point","coordinates":[415663.1,5656652.0]}},{"type":"Feature","properties":{"h":20.0,"d":11.4,"a":0,"l":"d"},"geometry":{"type":"Point","coordinates":[415663.2,5656692.3]}},{"type":"Feature","properties":{"h":5.0,"d":4.0,"a":5,"l":"d","t":12},"geometry":{"type":"Point","coordinates":[415663.3,5656038.4]}},{"type":"Feature","properties":{"h":15.0,"d":2.0,"a":0,"l":"d","gn":1,"t":75},"geometry":{"type":"Point","coordinates":[415663.5,5657679.3]}},{"type":"Feature","properties":{"h":20.0,"d":8.0,"a":0,"l":"d","gn":7,"t":43},"geometry":{"type":"Point","coordinates":[415663.7,5657656.8]}},{"type":"Feature","properties":{"h":20.0,"d":11.4,"a":0,"l":"d"},"geometry":{"type":"Point","coordinates":[415663.7,5656644.2]}},{"type":"Feature","properties":{"h":20.0,"d":11.4,"a":0,"l":"d"},"geometry":{"type":"Point","coordinates":[415663.8,5656614.8]}},{"type":"Feature","properties":{"h":20.0,"d":11.4,"a":0,"l":"d"},"geometry":{"type":"Point","coordinates":[415663.8,5656646.2]}},{"type":"Feature","properties":{"h":10.0,"d":5.7,"a":0,"l":"d","gn":31,"t":40},"geometry":{"type":"Point","coordinates":[415663.9,5656813.4]}},{"type":"Feature","properties":{"h":20.0,"d":11.4,"a":0,"l":"d"},"geometry":{"type":"Point","coordinates":[415664.0,5656686.2]}},{"type":"Feature","properties":{"h":20.0,"d":11.4,"a":0,"l":"d"},"geometry":{"type":"Point","coordinates":[415664.2,5656704.5]}},{"type":"Feature","properties":{"h":20.0,"d":11.4,"a":0,"l":"d"},"geometry":{"type":"Point","coordinates":[415664.4,5656750.0]}},{"type":"Feature","properties":{"h":20.0,"d":11.4,"a":0,"l":"d"},"geometry":{"type":"Point","coordinates":[415664.4,5656701.8]}},{"type":"Feature","properties":{"h":20.0,"d":11.4,"a":0,"l":"d"},"geometry":{"type":"Point","coordinates":[415664.5,5656565.7]}},{"type":"Feature","properties":{"h":24.0,"d":16.0,"a":0,"l":"d","gn":1,"t":43},"geometry":{"type":"Point","coordinates":[415664.5,5657839.1]}},{"type":"Feature","properties":{"h":23.0,"d":6.0,"a":0,"l":"d","gn":31,"t":28},"geometry":{"type":"Point","coordinates":[415665.0,5657764.4]}},{"type":"Feature","properties":{"h":17.0,"d":12.0,"a":0,"l":"d","gn":1,"t":37},"geometry":{"type":"Point","coordinates":[415665.2,5656002.8]}},{"type":"Feature","properties":{"h":20.0,"d":11.4,"a":0,"l":"d"},"geometry":{"type":"Point","coordinates":[415665.2,5656602.4]}},{"type":"Feature","properties":{"h":20.0,"d":11.4,"a":0,"l":"d"},"geometry":{"type":"Point","coordinates":[415665.2,5656641.8]}},{"type":"Feature","properties":{"h":9.0,"d":8.0,"a":0,"l":"d","gn":3,"t":20},"geometry":{"type":"Point","coordinates":[415665.3,5657611.2]}},{"type":"Feature","properties":{"h":20.0,"d":11.4,"a":0,"l":"d"},"geometry":{"type":"Point","coordinates":[415665.4,5656657.2]}},{"type":"Feature","properties":{"h":20.0,"d":11.4,"a":0,"l":"d"},"geometry":{"type":"Point","coordinates":[415665.6,5656640.6]}},{"type":"Feature","properties":{"h":11.0,"d":8.0,"a":0,"l":"d","gn":4,"t":22},"geometry":{"type":"Point","coordinates":[415665.7,5657816.8]}},{"type":"Feature","properties":{"h":20.0,"d":11.4,"a":0,"l":"d"},"geometry":{"type":"Point","coordinates":[415665.8,5656651.2]}},{"type":"Feature","properties":{"h":23.0,"d":6.0,"a":0,"l":"d","gn":1,"t":24},"geometry":{"type":"Point","coordinates":[415665.9,5657767.0]}},{"type":"Feature","properties":{"h":20.0,"d":11.4,"a":0,"l":"d"},"geometry":{"type":"Point","coordinates":[415666.0,5656792.0]}},{"type":"Feature","properties":{"h":20.0,"d":11.4,"a":0,"l":"d"},"geometry":{"type":"Point","coordinates":[415666.1,5656598.0]}},{"type":"Feature","properties":{"h":20.0,"d":11.4,"a":0,"l":"d"},"geometry":{"type":"Point","coordinates":[415666.1,5656798.7]}},{"type":"Feature","properties":{"h":20.0,"d":11.4,"a":0,"l":"d"},"geometry":{"type":"Point","coordinates":[415666.3,5656655.4]}},{"type":"Feature","properties":{"h":23.0,"d":12.0,"a":0,"l":"d","gn":31,"t":70},"geometry":{"type":"Point","coordinates":[415666.6,5657744.4]}},{"type":"Feature","properties":{"h":25.0,"d":8.0,"a":0,"l":"d","gn":31,"t":50},"geometry":{"type":"Point","coordinates":[415666.6,5657750.8]}},{"type":"Feature","properties":{"h":26.0,"d":6.0,"a":0,"l":"d","gn":4,"t":64},"geometry":{"type":"Point","coordinates":[415666.6,5657791.7]}},{"type":"Feature","properties":{"h":12.0,"d":10.0,"a":1,"l":"d","gn":11,"t":25},"geometry":{"type":"Point","coordinates":[415667.1,5656007.6]}},{"type":"Feature","properties":{"h":20.0,"d":11.4,"a":0,"l":"d"},"geometry":{"type":"Point","coordinates":[415667.6,5656515.3]}},{"type":"Feature","properties":{"h":20.0,"d":11.4,"a":0,"l":"d"},"geometry":{"type":"Point","coordinates":[415667.7,5656747.4]}},{"type":"Feature","properties":{"h":20.0,"d":11.4,"a":0,"l":"d"},"geometry":{"type":"Point","coordinates":[415667.7,5656663.2]}},{"type":"Feature","properties":{"h":20.0,"d":11.4,"a":0,"l":"d"},"geometry":{"type":"Point","coordinates":[415668.4,5656560.9]}},{"type":"Feature","properties":{"h":15.0,"d":10.0,"a":0,"l":"d","gn":1,"t":49},"geometry":{"type":"Point","coordinates":[415668.5,5656022.4]}},{"type":"Feature","properties":{"h":20.0,"d":11.4,"a":0,"l":"d"},"geometry":{"type":"Point","coordinates":[415668.8,5656616.1]}},{"type":"Feature","properties":{"h":20.0,"d":11.4,"a":0,"l":"d"},"geometry":{"type":"Point","coordinates":[415669.0,5656561.4]}},{"type":"Feature","properties":{"h":20.0,"d":11.4,"a":0,"l":"d"},"geometry":{"type":"Point","coordinates":[415669.0,5656652.3]}},{"type":"Feature","properties":{"h":20.0,"d":11.4,"a":0,"l":"d"},"geometry":{"type":"Point","coordinates":[415669.0,5656594.3]}},{"type":"Feature","properties":{"h":16.0,"d":7.0,"a":1,"l":"d","gn":11,"t":30},"geometry":{"type":"Point","coordinates":[415669.0,5656008.6]}},{"type":"Feature","properties":{"h":28.0,"d":13.0,"a":0,"l":"d","gn":31,"t":45},"geometry":{"type":"Point","coordinates":[415669.6,5657767.7]}},{"type":"Feature","properties":{"h":28.0,"d":19.0,"a":0,"l":"d","gn":31,"t":108},"geometry":{"type":"Point","coordinates":[415669.6,5657793.5]}},{"type":"Feature","properties":{"h":29.0,"d":18.0,"a":0,"l":"d","gn":4,"t":87},"geometry":{"type":"Point","coordinates":[415669.7,5657681.1]}},{"type":"Feature","properties":{"h":13.0,"d":10.0,"a":0,"l":"d","gn":9,"t":90},"geometry":{"type":"Point","coordinates":[415669.7,5657560.0]}},{"type":"Feature","properties":{"h":20.0,"d":11.4,"a":0,"l":"d"},"geometry":{"type":"Point","coordinates":[415669.8,5656792.4]}},{"type":"Feature","properties":{"h":27.0,"d":15.0,"a":0,"l":"d","gn":3,"t":42},"geometry":{"type":"Point","coordinates":[415669.9,5657839.6]}},{"type":"Feature","properties":{"h":20.0,"d":11.4,"a":0,"l":"d"},"geometry":{"type":"Point","coordinates":[415670.0,5656770.6]}},{"type":"Feature","properties":{"h":30.0,"d":16.0,"a":0,"l":"d","gn":1,"t":62},"geometry":{"type":"Point","coordinates":[415670.1,5657652.1]}},{"type":"Feature","properties":{"h":20.0,"d":11.4,"a":0,"l":"d"},"geometry":{"type":"Point","coordinates":[415670.9,5656787.6]}},{"type":"Feature","properties":{"h":13.0,"d":7.4,"a":0,"l":"d","gn":31,"t":24},"geometry":{"type":"Point","coordinates":[415671.0,5656810.3]}},{"type":"Feature","properties":{"h":20.0,"d":11.4,"a":0,"l":"d"},"geometry":{"type":"Point","coordinates":[415671.0,5656659.5]}},{"type":"Feature","properties":{"h":11.0,"d":8.0,"a":0,"l":"d","gn":9,"t":100},"geometry":{"type":"Point","coordinates":[415671.2,5657563.8]}},{"type":"Feature","properties":{"h":20.0,"d":11.4,"a":0,"l":"d"},"geometry":{"type":"Point","coordinates":[415671.3,5656611.1]}},{"type":"Feature","properties":{"h":20.0,"d":11.4,"a":0,"l":"d"},"geometry":{"type":"Point","coordinates":[415671.4,5656704.4]}},{"type":"Feature","properties":{"h":20.0,"d":11.4,"a":0,"l":"d"},"geometry":{"type":"Point","coordinates":[415671.9,5656651.5]}},{"type":"Feature","properties":{"h":20.0,"d":11.4,"a":0,"l":"d"},"geometry":{"type":"Point","coordinates":[415672.2,5656598.7]}},{"type":"Feature","properties":{"h":28.0,"d":20.0,"a":0,"l":"d","gn":31,"t":90},"geometry":{"type":"Point","coordinates":[415672.3,5657681.5]}},{"type":"Feature","properties":{"h":20.0,"d":11.4,"a":0,"l":"d"},"geometry":{"type":"Point","coordinates":[415672.4,5656653.7]}},{"type":"Feature","properties":{"h":20.0,"d":11.4,"a":0,"l":"d"},"geometry":{"type":"Point","coordinates":[415672.5,5656655.7]}},{"type":"Feature","properties":{"h":20.0,"d":11.4,"a":0,"l":"d"},"geometry":{"type":"Point","coordinates":[415672.6,5656760.5]}},{"type":"Feature","properties":{"h":20.0,"d":11.4,"a":0,"l":"d"},"geometry":{"type":"Point","coordinates":[415672.7,5656658.8]}},{"type":"Feature","properties":{"h":20.0,"d":11.4,"a":0,"l":"d"},"geometry":{"type":"Point","coordinates":[415672.7,5656747.2]}},{"type":"Feature","properties":{"h":27.0,"d":17.0,"a":0,"l":"d","gn":4,"t":103},"geometry":{"type":"Point","coordinates":[415672.7,5657793.7]}},{"type":"Feature","properties":{"h":20.0,"d":11.4,"a":0,"l":"d"},"geometry":{"type":"Point","coordinates":[415672.7,5656717.8]}},{"type":"Feature","properties":{"h":29.0,"d":10.0,"a":0,"l":"d","gn":1,"t":52},"geometry":{"type":"Point","coordinates":[415673.1,5657622.9]}},{"type":"Feature","properties":{"h":10.0,"d":6.0,"a":0,"l":"d","gn":1,"t":23},"geometry":{"type":"Point","coordinates":[415673.2,5657651.5]}},{"type":"Feature","properties":{"h":20.0,"d":11.4,"a":0,"l":"d"},"geometry":{"type":"Point","coordinates":[415673.4,5656565.5]}},{"type":"Feature","properties":{"h":20.0,"d":11.4,"a":0,"l":"d"},"geometry":{"type":"Point","coordinates":[415673.5,5656578.0]}},{"type":"Feature","properties":{"h":20.0,"d":11.4,"a":0,"l":"d"},"geometry":{"type":"Point","coordinates":[415673.6,5656593.5]}},{"type":"Feature","properties":{"h":20.0,"d":11.4,"a":0,"l":"d"},"geometry":{"type":"Point","coordinates":[415673.6,5656627.2]}},{"type":"Feature","properties":{"h":20.0,"d":11.4,"a":0,"l":"d"},"geometry":{"type":"Point","coordinates":[415673.7,5656703.9]}},{"type":"Feature","properties":{"h":13.0,"d":10.0,"a":0,"l":"d","gn":9,"t":80},"geometry":{"type":"Point","coordinates":[415673.7,5657558.5]}},{"type":"Feature","properties":{"h":20.0,"d":11.4,"a":0,"l":"d"},"geometry":{"type":"Point","coordinates":[415674.1,5656741.4]}},{"type":"Feature","properties":{"h":29.0,"d":11.0,"a":0,"l":"d","gn":1,"t":43},"geometry":{"type":"Point","coordinates":[415674.2,5657624.9]}},{"type":"Feature","properties":{"h":20.0,"d":11.4,"a":0,"l":"d"},"geometry":{"type":"Point","coordinates":[415674.7,5656769.8]}},{"type":"Feature","properties":{"h":11.0,"d":5.0,"a":0,"l":"d","gn":7,"t":48},"geometry":{"type":"Point","coordinates":[415674.7,5657838.0]}},{"type":"Feature","properties":{"h":20.0,"d":11.4,"a":0,"l":"d"},"geometry":{"type":"Point","coordinates":[415675.1,5656614.1]}},{"type":"Feature","properties":{"h":20.0,"d":11.4,"a":0,"l":"d"},"geometry":{"type":"Point","coordinates":[415675.1,5656661.6]}},{"type":"Feature","properties":{"h":20.0,"d":11.4,"a":0,"l":"d"},"geometry":{"type":"Point","coordinates":[415675.3,5656764.2]}},{"type":"Feature","properties":{"h":20.0,"d":11.4,"a":0,"l":"d"},"geometry":{"type":"Point","coordinates":[415675.4,5656767.5]}},{"type":"Feature","properties":{"h":20.0,"d":11.4,"a":0,"l":"d"},"geometry":{"type":"Point","coordinates":[415675.4,5656782.8]}},{"type":"Feature","properties":{"h":20.0,"d":11.4,"a":0,"l":"d"},"geometry":{"type":"Point","coordinates":[415675.5,5656572.3]}},{"type":"Feature","properties":{"h":20.0,"d":11.4,"a":0,"l":"d"},"geometry":{"type":"Point","coordinates":[415675.5,5656624.7]}},{"type":"Feature","properties":{"h":20.0,"d":11.4,"a":0,"l":"d"},"geometry":{"type":"Point","coordinates":[415675.8,5656760.2]}},{"type":"Feature","properties":{"h":20.0,"d":11.4,"a":0,"l":"d"},"geometry":{"type":"Point","coordinates":[415675.9,5656619.3]}},{"type":"Feature","properties":{"h":20.0,"d":11.4,"a":0,"l":"d"},"geometry":{"type":"Point","coordinates":[415675.9,5656567.7]}},{"type":"Feature","properties":{"h":20.0,"d":11.4,"a":0,"l":"d"},"geometry":{"type":"Point","coordinates":[415676.0,5656596.2]}},{"type":"Feature","properties":{"h":20.0,"d":11.4,"a":0,"l":"d"},"geometry":{"type":"Point","coordinates":[415676.3,5656723.0]}},{"type":"Feature","properties":{"h":29.0,"d":16.0,"a":0,"l":"d","gn":1,"t":51},"geometry":{"type":"Point","coordinates":[415676.5,5657646.9]}},{"type":"Feature","properties":{"h":20.0,"d":11.4,"a":0,"l":"d"},"geometry":{"type":"Point","coordinates":[415676.5,5656626.1]}},{"type":"Feature","properties":{"h":20.0,"d":11.4,"a":0,"l":"d"},"geometry":{"type":"Point","coordinates":[415676.7,5656583.3]}},{"type":"Feature","properties":{"h":26.0,"d":11.0,"a":0,"l":"d","gn":31,"t":47},"geometry":{"type":"Point","coordinates":[415676.9,5657772.8]}},{"type":"Feature","properties":{"h":5.0,"d":3.0,"a":0,"l":"d","gn":31,"t":9},"geometry":{"type":"Point","coordinates":[415676.9,5657765.3]}},{"type":"Feature","properties":{"h":20.0,"d":11.4,"a":0,"l":"d"},"geometry":{"type":"Point","coordinates":[415677.1,5656624.7]}},{"type":"Feature","properties":{"h":20.0,"d":11.4,"a":0,"l":"d"},"geometry":{"type":"Point","coordinates":[415677.2,5656701.1]}},{"type":"Feature","properties":{"h":12.0,"d":9.0,"a":0,"l":"d","gn":9,"t":62},"geometry":{"type":"Point","coordinates":[415677.4,5657557.0]}},{"type":"Feature","properties":{"h":13.0,"d":7.4,"a":0,"l":"d","gn":31,"t":22},"geometry":{"type":"Point","coordinates":[415677.7,5656805.7]}},{"type":"Feature","properties":{"h":8.0,"d":6.0,"a":0,"l":"d","gn":3,"t":14},"geometry":{"type":"Point","coordinates":[415677.7,5656006.9]}},{"type":"Feature","properties":{"h":20.0,"d":11.4,"a":0,"l":"d"},"geometry":{"type":"Point","coordinates":[415677.9,5656753.7]}},{"type":"Feature","properties":{"h":35.0,"d":19.0,"a":0,"l":"d","gn":31,"t":105},"geometry":{"type":"Point","coordinates":[415678.2,5657742.7]}},{"type":"Feature","properties":{"h":20.0,"d":11.4,"a":0,"l":"d"},"geometry":{"type":"Point","coordinates":[415678.5,5656758.6]}},{"type":"Feature","properties":{"h":20.0,"d":11.4,"a":0,"l":"d"},"geometry":{"type":"Point","coordinates":[415678.5,5656788.8]}},{"type":"Feature","properties":{"h":20.0,"d":11.4,"a":0,"l":"d"},"geometry":{"type":"Point","coordinates":[415678.6,5656754.7]}},{"type":"Feature","properties":{"h":20.0,"d":11.4,"a":0,"l":"d"},"geometry":{"type":"Point","coordinates":[415678.7,5656587.5]}},{"type":"Feature","properties":{"h":9.0,"d":6.0,"a":0,"l":"d","gn":9,"t":55},"geometry":{"type":"Point","coordinates":[415678.8,5657561.1]}},{"type":"Feature","properties":{"h":30.0,"d":18.0,"a":0,"l":"d","gn":1,"t":56},"geometry":{"type":"Point","coordinates":[415679.1,5657641.4]}},{"type":"Feature","properties":{"h":28.0,"d":20.0,"a":0,"l":"d","gn":4,"t":130},"geometry":{"type":"Point","coordinates":[415679.2,5657814.1]}},{"type":"Feature","properties":{"h":23.0,"d":11.0,"a":0,"l":"d","gn":1,"t":36},"geometry":{"type":"Point","coordinates":[415679.3,5657665.2]}},{"type":"Feature","properties":{"h":24.0,"d":16.0,"a":0,"l":"d","gn":1,"t":50},"geometry":{"type":"Point","coordinates":[415679.4,5657651.6]}},{"type":"Feature","properties":{"h":20.0,"d":11.4,"a":0,"l":"d"},"geometry":{"type":"Point","coordinates":[415679.5,5656613.7]}},{"type":"Feature","properties":{"h":20.0,"d":11.4,"a":0,"l":"d"},"geometry":{"type":"Point","coordinates":[415679.7,5656694.6]}},{"type":"Feature","properties":{"h":20.0,"d":11.4,"a":0,"l":"d"},"geometry":{"type":"Point","coordinates":[415679.7,5656760.6]}},{"type":"Feature","properties":{"h":20.0,"d":11.4,"a":0,"l":"d"},"geometry":{"type":"Point","coordinates":[415679.8,5656544.5]}},{"type":"Feature","properties":{"h":19.0,"d":16.0,"a":1,"l":"d","gn":11,"t":85},"geometry":{"type":"Point","coordinates":[415680.0,5657834.0]}},{"type":"Feature","properties":{"h":20.0,"d":11.4,"a":0,"l":"d"},"geometry":{"type":"Point","coordinates":[415680.1,5656628.7]}},{"type":"Feature","properties":{"h":20.0,"d":11.4,"a":0,"l":"d"},"geometry":{"type":"Point","coordinates":[415680.2,5656697.2]}},{"type":"Feature","properties":{"h":20.0,"d":11.4,"a":0,"l":"d"},"geometry":{"type":"Point","coordinates":[415680.3,5656787.3]}},{"type":"Feature","properties":{"h":20.0,"d":11.4,"a":0,"l":"d","t":56},"geometry":{"type":"Point","coordinates":[415680.5,5656577.7]}},{"type":"Feature","properties":{"h":20.0,"d":11.4,"a":0,"l":"d"},"geometry":{"type":"Point","coordinates":[415680.9,5656747.6]}},{"type":"Feature","properties":{"h":12.0,"d":9.0,"a":0,"l":"d","gn":9,"t":50},"geometry":{"type":"Point","coordinates":[415681.2,5657555.7]}},{"type":"Feature","properties":{"h":26.0,"d":12.0,"a":0,"l":"d","gn":1,"t":37},"geometry":{"type":"Point","coordinates":[415681.4,5657646.1]}},{"type":"Feature","properties":{"h":20.0,"d":11.4,"a":0,"l":"d"},"geometry":{"type":"Point","coordinates":[415681.4,5656770.7]}},{"type":"Feature","properties":{"h":20.0,"d":11.4,"a":0,"l":"d"},"geometry":{"type":"Point","coordinates":[415681.5,5656781.7]}},{"type":"Feature","properties":{"h":33.0,"d":14.0,"a":0,"l":"d","gn":4,"t":88},"geometry":{"type":"Point","coordinates":[415681.5,5657775.9]}},{"type":"Feature","properties":{"h":20.0,"d":11.4,"a":0,"l":"d"},"geometry":{"type":"Point","coordinates":[415681.6,5656753.1]}},{"type":"Feature","properties":{"h":24.0,"d":13.7,"a":0,"l":"d","gn":4},"geometry":{"type":"Point","coordinates":[415681.8,5656515.4]}},{"type":"Feature","properties":{"h":12.0,"d":6.0,"a":0,"l":"d","gn":31,"t":74},"geometry":{"type":"Point","coordinates":[415682.0,5657745.6]}},{"type":"Feature","properties":{"h":20.0,"d":11.4,"a":0,"l":"d"},"geometry":{"type":"Point","coordinates":[415682.1,5656702.5]}},{"type":"Feature","properties":{"h":20.0,"d":11.4,"a":0,"l":"d"},"geometry":{"type":"Point","coordinates":[415682.3,5656625.8]}},{"type":"Feature","properties":{"h":20.0,"d":11.4,"a":0,"l":"d"},"geometry":{"type":"Point","coordinates":[415682.4,5656626.2]}},{"type":"Feature","properties":{"h":28.0,"d":15.0,"a":0,"l":"d","gn":4,"t":95},"geometry":{"type":"Point","coordinates":[415682.5,5657812.5]}},{"type":"Feature","properties":{"h":28.0,"d":14.0,"a":0,"l":"d","gn":4,"t":70},"geometry":{"type":"Point","coordinates":[415682.8,5657817.1]}},{"type":"Feature","properties":{"h":20.0,"d":11.4,"a":0,"l":"d"},"geometry":{"type":"Point","coordinates":[415683.0,5656550.7]}},{"type":"Feature","properties":{"h":20.0,"d":11.4,"a":0,"l":"d"},"geometry":{"type":"Point","coordinates":[415683.0,5656755.8]}},{"type":"Feature","properties":{"h":12.0,"d":6.9,"a":0,"l":"d","gn":31,"t":19},"geometry":{"type":"Point","coordinates":[415683.3,5656803.1]}},{"type":"Feature","properties":{"h":18.0,"d":8.0,"a":0,"l":"d","gn":31,"t":20},"geometry":{"type":"Point","coordinates":[415683.4,5657752.1]}},{"type":"Feature","properties":{"h":20.0,"d":11.4,"a":0,"l":"d"},"geometry":{"type":"Point","coordinates":[415683.5,5656552.0]}},{"type":"Feature","properties":{"h":20.0,"d":11.4,"a":0,"l":"d","t":62},"geometry":{"type":"Point","coordinates":[415683.5,5656584.3]}},{"type":"Feature","properties":{"h":12.0,"d":9.0,"a":0,"l":"d","gn":9,"t":58},"geometry":{"type":"Point","coordinates":[415683.6,5657555.4]}},{"type":"Feature","properties":{"h":29.0,"d":12.0,"a":0,"l":"d","gn":4,"t":76},"geometry":{"type":"Point","coordinates":[415683.7,5657753.4]}},{"type":"Feature","properties":{"h":20.0,"d":11.4,"a":0,"l":"d"},"geometry":{"type":"Point","coordinates":[415683.8,5656753.2]}},{"type":"Feature","properties":{"h":20.0,"d":11.4,"a":0,"l":"d"},"geometry":{"type":"Point","coordinates":[415684.1,5656789.8]}},{"type":"Feature","properties":{"h":20.0,"d":11.4,"a":0,"l":"d"},"geometry":{"type":"Point","coordinates":[415684.3,5656711.7]}},{"type":"Feature","properties":{"h":20.0,"d":11.4,"a":0,"l":"d"},"geometry":{"type":"Point","coordinates":[415684.7,5656717.1]}},{"type":"Feature","properties":{"h":12.0,"d":5.0,"a":0,"l":"d","gn":9,"t":63},"geometry":{"type":"Point","coordinates":[415684.8,5657559.3]}},{"type":"Feature","properties":{"h":20.0,"d":11.4,"a":0,"l":"d"},"geometry":{"type":"Point","coordinates":[415684.8,5656714.3]}},{"type":"Feature","properties":{"h":24.0,"d":14.0,"a":0,"l":"d","gn":7,"t":89},"geometry":{"type":"Point","coordinates":[415684.8,5657838.4]}},{"type":"Feature","properties":{"h":20.0,"d":11.4,"a":0,"l":"d"},"geometry":{"type":"Point","coordinates":[415684.9,5656610.7]}},{"type":"Feature","properties":{"h":20.0,"d":11.4,"a":0,"l":"d"},"geometry":{"type":"Point","coordinates":[415685.1,5656743.1]}},{"type":"Feature","properties":{"h":20.0,"d":11.4,"a":0,"l":"d"},"geometry":{"type":"Point","coordinates":[415685.1,5656584.0]}},{"type":"Feature","properties":{"h":20.0,"d":11.4,"a":0,"l":"d"},"geometry":{"type":"Point","coordinates":[415685.2,5656549.7]}},{"type":"Feature","properties":{"h":7.0,"d":4.0,"a":0,"l":"d","gn":1,"t":60},"geometry":{"type":"Point","coordinates":[415685.2,5657643.9]}},{"type":"Feature","properties":{"h":10.0,"d":8.0,"a":0,"l":"d","gn":15,"t":20},"geometry":{"type":"Point","coordinates":[415685.7,5657648.4]}},{"type":"Feature","properties":{"h":20.0,"d":11.4,"a":0,"l":"d"},"geometry":{"type":"Point","coordinates":[415686.0,5656780.4]}},{"type":"Feature","properties":{"h":20.0,"d":11.4,"a":0,"l":"d"},"geometry":{"type":"Point","coordinates":[415686.0,5656718.0]}},{"type":"Feature","properties":{"h":20.0,"d":11.4,"a":0,"l":"d"},"geometry":{"type":"Point","coordinates":[415686.2,5656791.5]}},{"type":"Feature","properties":{"h":20.0,"d":11.4,"a":0,"l":"d"},"geometry":{"type":"Point","coordinates":[415686.2,5656714.3]}},{"type":"Feature","properties":{"h":20.0,"d":11.4,"a":0,"l":"d"},"geometry":{"type":"Point","coordinates":[415686.4,5656786.7]}},{"type":"Feature","properties":{"h":20.0,"d":11.4,"a":0,"l":"d"},"geometry":{"type":"Point","coordinates":[415686.4,5656624.6]}},{"type":"Feature","properties":{"h":20.0,"d":11.4,"a":0,"l":"d"},"geometry":{"type":"Point","coordinates":[415686.5,5656518.5]}},{"type":"Feature","properties":{"h":30.0,"d":19.0,"a":0,"l":"d","gn":4,"t":94},"geometry":{"type":"Point","coordinates":[415686.6,5657812.6]}},{"type":"Feature","properties":{"h":31.0,"d":26.0,"a":0,"l":"d","gn":4,"t":150},"geometry":{"type":"Point","coordinates":[415686.6,5657702.6]}},{"type":"Feature","properties":{"h":20.0,"d":11.4,"a":0,"l":"d"},"geometry":{"type":"Point","coordinates":[415686.7,5656718.5]}},{"type":"Feature","properties":{"h":9.0,"d":7.0,"a":0,"l":"d","gn":4,"t":14},"geometry":{"type":"Point","coordinates":[415686.8,5657813.6]}},{"type":"Feature","properties":{"h":20.0,"d":11.0,"a":0,"l":"d","gn":5,"t":92},"geometry":{"type":"Point","coordinates":[415686.8,5657816.9]}},{"type":"Feature","properties":{"h":20.0,"d":11.4,"a":0,"l":"d"},"geometry":{"type":"Point","coordinates":[415686.8,5656772.4]}},{"type":"Feature","properties":{"h":25.0,"d":14.3,"a":0,"l":"d","t":85},"geometry":{"type":"Point","coordinates":[415687.0,5656590.2]}},{"type":"Feature","properties":{"h":20.0,"d":11.4,"a":0,"l":"d"},"geometry":{"type":"Point","coordinates":[415687.1,5656530.4]}},{"type":"Feature","properties":{"h":12.0,"d":9.0,"a":0,"l":"d","gn":9,"t":56},"geometry":{"type":"Point","coordinates":[415687.2,5657553.8]}},{"type":"Feature","properties":{"h":20.0,"d":11.4,"a":0,"l":"d","t":35},"geometry":{"type":"Point","coordinates":[415687.3,5656552.3]}},{"type":"Feature","properties":{"h":12.0,"d":10.0,"a":1,"l":"d","gn":11,"t":38},"geometry":{"type":"Point","coordinates":[415687.3,5656045.2]}},{"type":"Feature","properties":{"h":24.0,"d":10.0,"a":0,"l":"d","gn":10,"t":42},"geometry":{"type":"Point","coordinates":[415687.3,5657667.3]}},{"type":"Feature","properties":{"h":25.0,"d":10.0,"a":0,"l":"d","gn":31,"t":42},"geometry":{"type":"Point","coordinates":[415687.7,5657754.1]}},{"type":"Feature","properties":{"h":20.0,"d":11.4,"a":0,"l":"d"},"geometry":{"type":"Point","coordinates":[415687.8,5656767.1]}},{"type":"Feature","properties":{"h":17.0,"d":13.0,"a":0,"l":"d","gn":31,"t":85},"geometry":{"type":"Point","coordinates":[415687.9,5657740.4]}},{"type":"Feature","properties":{"h":20.0,"d":11.4,"a":0,"l":"d"},"geometry":{"type":"Point","coordinates":[415688.3,5656592.8]}},{"type":"Feature","properties":{"h":20.0,"d":11.4,"a":0,"l":"d"},"geometry":{"type":"Point","coordinates":[415688.3,5656717.4]}},{"type":"Feature","properties":{"h":12.0,"d":10.0,"a":0,"l":"d","gn":9,"t":61},"geometry":{"type":"Point","coordinates":[415688.4,5657557.9]}},{"type":"Feature","properties":{"h":34.0,"d":20.0,"a":0,"l":"d","gn":4,"t":135},"geometry":{"type":"Point","coordinates":[415688.4,5657678.4]}},{"type":"Feature","properties":{"h":20.0,"d":11.4,"a":0,"l":"d"},"geometry":{"type":"Point","coordinates":[415688.5,5656792.5]}},{"type":"Feature","properties":{"h":20.0,"d":11.4,"a":0,"l":"d"},"geometry":{"type":"Point","coordinates":[415688.6,5656543.4]}},{"type":"Feature","properties":{"h":20.0,"d":11.4,"a":0,"l":"d"},"geometry":{"type":"Point","coordinates":[415688.7,5656717.8]}},{"type":"Feature","properties":{"h":20.0,"d":11.4,"a":0,"l":"d"},"geometry":{"type":"Point","coordinates":[415689.1,5656733.5]}},{"type":"Feature","properties":{"h":25.0,"d":16.0,"a":0,"l":"d","gn":31,"t":55},"geometry":{"type":"Point","coordinates":[415689.1,5657761.1]}},{"type":"Feature","properties":{"h":20.0,"d":11.4,"a":0,"l":"d"},"geometry":{"type":"Point","coordinates":[415689.1,5656759.2]}},{"type":"Feature","properties":{"h":20.0,"d":11.4,"a":0,"l":"d"},"geometry":{"type":"Point","coordinates":[415689.3,5656699.6]}},{"type":"Feature","properties":{"h":20.0,"d":11.4,"a":0,"l":"d"},"geometry":{"type":"Point","coordinates":[415689.4,5656753.9]}},{"type":"Feature","properties":{"h":27.0,"d":18.0,"a":0,"l":"d","gn":5,"t":73},"geometry":{"type":"Point","coordinates":[415689.4,5657814.6]}},{"type":"Feature","properties":{"h":17.0,"d":10.0,"a":0,"l":"d","gn":3,"t":59},"geometry":{"type":"Point","coordinates":[415690.4,5656041.8]}},{"type":"Feature","properties":{"h":14.0,"d":8.0,"a":0,"l":"d","gn":31,"t":21},"geometry":{"type":"Point","coordinates":[415690.5,5656798.3]}},{"type":"Feature","properties":{"h":20.0,"d":11.4,"a":0,"l":"d"},"geometry":{"type":"Point","coordinates":[415690.5,5656590.3]}},{"type":"Feature","properties":{"h":20.0,"d":11.4,"a":0,"l":"d"},"geometry":{"type":"Point","coordinates":[415690.8,5656745.6]}},{"type":"Feature","properties":{"h":26.0,"d":13.0,"a":0,"l":"d","gn":10,"t":47},"geometry":{"type":"Point","coordinates":[415690.8,5657667.2]}},{"type":"Feature","properties":{"h":20.0,"d":11.4,"a":0,"l":"d"},"geometry":{"type":"Point","coordinates":[415690.9,5656710.7]}},{"type":"Feature","properties":{"h":15.0,"d":12.0,"a":0,"l":"d","gn":4,"t":34},"geometry":{"type":"Point","coordinates":[415690.9,5657816.1]}},{"type":"Feature","properties":{"h":5.0,"d":1.0,"a":0,"l":"d","gn":3,"t":56},"geometry":{"type":"Point","coordinates":[415691.1,5657682.8]}},{"type":"Feature","properties":{"h":12.0,"d":9.0,"a":0,"l":"d","gn":9,"t":53},"geometry":{"type":"Point","coordinates":[415691.1,5657552.5]}},{"type":"Feature","properties":{"h":20.0,"d":11.4,"a":0,"l":"d"},"geometry":{"type":"Point","coordinates":[415691.2,5656741.5]}},{"type":"Feature","properties":{"h":20.0,"d":11.4,"a":0,"l":"d"},"geometry":{"type":"Point","coordinates":[415691.2,5656777.6]}},{"type":"Feature","properties":{"h":20.0,"d":11.4,"a":0,"l":"d"},"geometry":{"type":"Point","coordinates":[415691.3,5656697.1]}},{"type":"Feature","properties":{"h":20.0,"d":11.4,"a":0,"l":"d"},"geometry":{"type":"Point","coordinates":[415692.1,5656725.3]}},{"type":"Feature","properties":{"h":20.0,"d":11.4,"a":0,"l":"d"},"geometry":{"type":"Point","coordinates":[415692.3,5656562.1]}},{"type":"Feature","properties":{"h":20.0,"d":11.4,"a":0,"l":"d"},"geometry":{"type":"Point","coordinates":[415692.3,5656552.6]}},{"type":"Feature","properties":{"h":12.0,"d":8.0,"a":0,"l":"d","gn":9,"t":65},"geometry":{"type":"Point","coordinates":[415692.6,5657556.5]}},{"type":"Feature","properties":{"h":20.0,"d":11.4,"a":0,"l":"d"},"geometry":{"type":"Point","coordinates":[415692.7,5656720.9]}},{"type":"Feature","properties":{"h":20.0,"d":11.4,"a":0,"l":"d"},"geometry":{"type":"Point","coordinates":[415692.7,5656704.7]}},{"type":"Feature","properties":{"h":20.0,"d":11.4,"a":0,"l":"d"},"geometry":{"type":"Point","coordinates":[415692.9,5656525.4]}},{"type":"Feature","properties":{"h":20.0,"d":11.4,"a":0,"l":"d"},"geometry":{"type":"Point","coordinates":[415693.3,5656710.9]}},{"type":"Feature","properties":{"h":19.0,"d":12.0,"a":0,"l":"d","gn":7,"t":51},"geometry":{"type":"Point","coordinates":[415693.5,5657837.3]}},{"type":"Feature","properties":{"h":20.0,"d":11.4,"a":0,"l":"d"},"geometry":{"type":"Point","coordinates":[415693.8,5656695.8]}},{"type":"Feature","properties":{"h":20.0,"d":11.4,"a":0,"l":"d"},"geometry":{"type":"Point","coordinates":[415694.0,5656755.2]}},{"type":"Feature","properties":{"h":14.0,"d":8.0,"a":0,"l":"d","gn":31,"t":33},"geometry":{"type":"Point","coordinates":[415694.2,5656794.8]}},{"type":"Feature","properties":{"h":20.0,"d":11.4,"a":0,"l":"d"},"geometry":{"type":"Point","coordinates":[415694.4,5656535.0]}},{"type":"Feature","properties":{"h":20.0,"d":11.4,"a":0,"l":"d"},"geometry":{"type":"Point","coordinates":[415694.5,5656734.0]}},{"type":"Feature","properties":{"h":20.0,"d":11.4,"a":0,"l":"d"},"geometry":{"type":"Point","coordinates":[415694.7,5656598.9]}},{"type":"Feature","properties":{"h":25.0,"d":14.3,"a":0,"l":"d","t":94},"geometry":{"type":"Point","coordinates":[415695.0,5656727.5]}},{"type":"Feature","properties":{"h":12.0,"d":9.0,"a":0,"l":"d","gn":9,"t":70},"geometry":{"type":"Point","coordinates":[415695.2,5657551.1]}},{"type":"Feature","properties":{"h":20.0,"d":11.4,"a":0,"l":"d"},"geometry":{"type":"Point","coordinates":[415695.3,5656778.3]}},{"type":"Feature","properties":{"h":20.0,"d":11.4,"a":0,"l":"d"},"geometry":{"type":"Point","coordinates":[415695.3,5656708.8]}},{"type":"Feature","properties":{"h":2.0,"d":1.0,"a":0,"l":"d","gn":31,"t":90},"geometry":{"type":"Point","coordinates":[415695.5,5657740.7]}},{"type":"Feature","properties":{"h":20.0,"d":11.4,"a":0,"l":"d"},"geometry":{"type":"Point","coordinates":[415695.5,5656730.8]}},{"type":"Feature","properties":{"h":20.0,"d":11.4,"a":0,"l":"d"},"geometry":{"type":"Point","coordinates":[415695.5,5656595.7]}},{"type":"Feature","properties":{"h":12.0,"d":1.0,"a":0,"l":"d","gn":1,"t":41},"geometry":{"type":"Point","coordinates":[415695.5,5657683.7]}},{"type":"Feature","properties":{"h":20.0,"d":11.4,"a":0,"l":"d"},"geometry":{"type":"Point","coordinates":[415695.9,5656744.6]}},{"type":"Feature","properties":{"h":20.0,"d":11.4,"a":0,"l":"d"},"geometry":{"type":"Point","coordinates":[415696.0,5656599.7]}},{"type":"Feature","properties":{"h":20.0,"d":11.4,"a":0,"l":"d"},"geometry":{"type":"Point","coordinates":[415696.0,5656705.7]}},{"type":"Feature","properties":{"h":20.0,"d":11.4,"a":0,"l":"d"},"geometry":{"type":"Point","coordinates":[415696.2,5656538.9]}},{"type":"Feature","properties":{"h":20.0,"d":11.4,"a":0,"l":"d"},"geometry":{"type":"Point","coordinates":[415696.3,5656688.2]}},{"type":"Feature","properties":{"h":20.0,"d":11.4,"a":0,"l":"d"},"geometry":{"type":"Point","coordinates":[415696.4,5656783.9]}},{"type":"Feature","properties":{"h":12.0,"d":9.0,"a":0,"l":"d","gn":9,"t":55},"geometry":{"type":"Point","coordinates":[415696.5,5657555.0]}},{"type":"Feature","properties":{"h":20.0,"d":11.4,"a":0,"l":"d"},"geometry":{"type":"Point","coordinates":[415696.8,5656600.4]}},{"type":"Feature","properties":{"h":20.0,"d":6.0,"a":0,"l":"d","gn":4,"t":33},"geometry":{"type":"Point","coordinates":[415697.1,5657667.2]}},{"type":"Feature","properties":{"h":20.0,"d":11.4,"a":0,"l":"d"},"geometry":{"type":"Point","coordinates":[415697.2,5656598.8]}},{"type":"Feature","properties":{"h":6.0,"d":3.0,"a":0,"l":"d","gn":31,"t":9},"geometry":{"type":"Point","coordinates":[415697.4,5657767.2]}},{"type":"Feature","properties":{"h":20.0,"d":15.0,"a":1,"l":"d","gn":11,"t":43},"geometry":{"type":"Point","coordinates":[415697.8,5657671.1]}},{"type":"Feature","properties":{"h":20.0,"d":11.4,"a":0,"l":"d"},"geometry":{"type":"Point","coordinates":[415698.1,5656722.4]}},{"type":"Feature","properties":{"h":20.0,"d":11.4,"a":0,"l":"d"},"geometry":{"type":"Point","coordinates":[415698.1,5656518.3]}},{"type":"Feature","properties":{"h":20.0,"d":11.4,"a":0,"l":"d"},"geometry":{"type":"Point","coordinates":[415698.2,5656726.4]}},{"type":"Feature","properties":{"h":25.0,"d":16.3,"a":3,"l":"e","s":"osm"},"geometry":{"type":"Point","coordinates":[415698.3,5656994.7]}},{"type":"Feature","properties":{"h":7.0,"d":3.0,"a":0,"l":"d","gn":31,"t":11},"geometry":{"type":"Point","coordinates":[415698.5,5657774.0]}},{"type":"Feature","properties":{"h":25.0,"d":14.3,"a":0,"l":"d","t":71},"geometry":{"type":"Point","coordinates":[415698.7,5656516.1]}},{"type":"Feature","properties":{"h":12.0,"d":7.0,"a":0,"l":"d","gn":9,"t":42},"geometry":{"type":"Point","coordinates":[415698.9,5657549.6]}},{"type":"Feature","properties":{"h":20.0,"d":11.4,"a":0,"l":"d"},"geometry":{"type":"Point","coordinates":[415699.0,5656598.1]}},{"type":"Feature","properties":{"h":20.0,"d":11.4,"a":0,"l":"d"},"geometry":{"type":"Point","coordinates":[415699.2,5656691.3]}},{"type":"Feature","properties":{"h":20.0,"d":11.4,"a":0,"l":"d"},"geometry":{"type":"Point","coordinates":[415699.4,5656730.2]}},{"type":"Feature","properties":{"h":20.0,"d":11.4,"a":0,"l":"d"},"geometry":{"type":"Point","coordinates":[415699.7,5656717.9]}},{"type":"Feature","properties":{"h":5.0,"d":5.0,"a":0,"l":"d","t":8},"geometry":{"type":"Point","coordinates":[415699.9,5657681.7]}},{"type":"Feature","properties":{"h":20.0,"d":11.4,"a":0,"l":"d"},"geometry":{"type":"Point","coordinates":[415700.0,5656775.5]}},{"type":"Feature","properties":{"h":20.0,"d":11.4,"a":0,"l":"d"},"geometry":{"type":"Point","coordinates":[415700.1,5656595.9]}},{"type":"Feature","properties":{"h":12.0,"d":9.0,"a":0,"l":"d","gn":9,"t":52},"geometry":{"type":"Point","coordinates":[415700.4,5657553.9]}},{"type":"Feature","properties":{"h":20.0,"d":11.4,"a":0,"l":"d"},"geometry":{"type":"Point","coordinates":[415700.8,5656600.1]}},{"type":"Feature","properties":{"h":20.0,"d":11.4,"a":0,"l":"d"},"geometry":{"type":"Point","coordinates":[415701.0,5656603.0]}},{"type":"Feature","properties":{"h":20.0,"d":11.4,"a":0,"l":"d"},"geometry":{"type":"Point","coordinates":[415701.1,5656552.0]}},{"type":"Feature","properties":{"h":20.0,"d":11.4,"a":0,"l":"d"},"geometry":{"type":"Point","coordinates":[415701.3,5656768.6]}},{"type":"Feature","properties":{"h":25.0,"d":14.3,"a":0,"l":"d","t":60},"geometry":{"type":"Point","coordinates":[415701.3,5656598.8]}},{"type":"Feature","properties":{"h":20.0,"d":11.4,"a":0,"l":"d"},"geometry":{"type":"Point","coordinates":[415701.4,5656750.9]}},{"type":"Feature","properties":{"h":17.0,"d":6.0,"a":0,"l":"d","gn":4,"t":30},"geometry":{"type":"Point","coordinates":[415701.6,5657662.0]}},{"type":"Feature","properties":{"h":20.0,"d":11.4,"a":0,"l":"d"},"geometry":{"type":"Point","coordinates":[415701.7,5656614.2]}},{"type":"Feature","properties":{"h":20.0,"d":11.4,"a":0,"l":"d"},"geometry":{"type":"Point","coordinates":[415701.7,5656713.5]}},{"type":"Feature","properties":{"h":20.0,"d":11.4,"a":0,"l":"d"},"geometry":{"type":"Point","coordinates":[415701.9,5656543.8]}},{"type":"Feature","properties":{"h":20.0,"d":11.4,"a":0,"l":"d"},"geometry":{"type":"Point","coordinates":[415701.9,5656563.4]}},{"type":"Feature","properties":{"h":31.0,"d":17.0,"a":0,"l":"d","gn":1,"t":100},"geometry":{"type":"Point","coordinates":[415701.9,5657689.6]}},{"type":"Feature","properties":{"h":5.0,"d":2.9,"a":0,"l":"d","gn":31,"t":400},"geometry":{"type":"Point","coordinates":[415702.7,5656791.3]}},{"type":"Feature","properties":{"h":20.0,"d":11.4,"a":0,"l":"d"},"geometry":{"type":"Point","coordinates":[415702.9,5656512.9]}},{"type":"Feature","properties":{"h":23.0,"d":12.0,"a":1,"l":"d","gn":11,"t":48},"geometry":{"type":"Point","coordinates":[415702.9,5657663.5]}},{"type":"Feature","properties":{"h":20.0,"d":11.4,"a":0,"l":"d"},"geometry":{"type":"Point","coordinates":[415703.1,5656600.3]}},{"type":"Feature","properties":{"h":20.0,"d":11.4,"a":0,"l":"d"},"geometry":{"type":"Point","coordinates":[415703.1,5656770.1]}},{"type":"Feature","properties":{"h":17.0,"d":9.0,"a":0,"l":"d","gn":1,"t":28},"geometry":{"type":"Point","coordinates":[415703.2,5657755.7]}},{"type":"Feature","properties":{"h":12.0,"d":10.0,"a":0,"l":"d","gn":9,"t":70},"geometry":{"type":"Point","coordinates":[415703.2,5657548.1]}},{"type":"Feature","properties":{"h":20.0,"d":11.4,"a":0,"l":"d"},"geometry":{"type":"Point","coordinates":[415703.3,5656618.7]}},{"type":"Feature","properties":{"h":20.0,"d":11.4,"a":0,"l":"d"},"geometry":{"type":"Point","coordinates":[415703.3,5656683.5]}},{"type":"Feature","properties":{"h":20.0,"d":11.4,"a":0,"l":"d"},"geometry":{"type":"Point","coordinates":[415703.4,5656691.3]}},{"type":"Feature","properties":{"h":20.0,"d":11.4,"a":0,"l":"d"},"geometry":{"type":"Point","coordinates":[415703.5,5656776.1]}},{"type":"Feature","properties":{"h":20.0,"d":11.4,"a":0,"l":"d"},"geometry":{"type":"Point","coordinates":[415703.6,5656683.9]}},{"type":"Feature","properties":{"h":20.0,"d":11.4,"a":0,"l":"d"},"geometry":{"type":"Point","coordinates":[415703.6,5656567.8]}},{"type":"Feature","properties":{"h":32.0,"d":16.0,"a":0,"l":"d","gn":1,"t":55},"geometry":{"type":"Point","coordinates":[415703.7,5657689.9]}},{"type":"Feature","properties":{"h":20.0,"d":11.4,"a":0,"l":"d"},"geometry":{"type":"Point","coordinates":[415703.8,5656734.8]}},{"type":"Feature","properties":{"h":19.0,"d":9.0,"a":0,"l":"d","gn":4,"t":51},"geometry":{"type":"Point","coordinates":[415703.9,5656036.1]}},{"type":"Feature","properties":{"h":20.0,"d":11.4,"a":0,"l":"d"},"geometry":{"type":"Point","coordinates":[415704.1,5656719.6]}},{"type":"Feature","properties":{"h":8.0,"d":1.0,"a":0,"l":"d","gn":1,"t":63},"geometry":{"type":"Point","coordinates":[415704.3,5657672.4]}},{"type":"Feature","properties":{"h":20.0,"d":11.4,"a":0,"l":"d"},"geometry":{"type":"Point","coordinates":[415704.7,5656517.5]}},{"type":"Feature","properties":{"h":20.0,"d":11.4,"a":0,"l":"d"},"geometry":{"type":"Point","coordinates":[415704.8,5656720.3]}},{"type":"Feature","properties":{"h":7.0,"d":3.0,"a":0,"l":"d","gn":31,"t":9},"geometry":{"type":"Point","coordinates":[415705.3,5657784.2]}},{"type":"Feature","properties":{"h":25.0,"d":14.0,"a":0,"l":"d","gn":4,"t":60},"geometry":{"type":"Point","coordinates":[415705.3,5657830.1]}},{"type":"Feature","properties":{"h":20.0,"d":11.4,"a":0,"l":"d"},"geometry":{"type":"Point","coordinates":[415705.8,5656551.0]}},{"type":"Feature","properties":{"h":20.0,"d":11.4,"a":0,"l":"d"},"geometry":{"type":"Point","coordinates":[415705.9,5656730.8]}},{"type":"Feature","properties":{"h":12.0,"d":9.0,"a":0,"l":"d","gn":3,"t":21},"geometry":{"type":"Point","coordinates":[415706.0,5657722.2]}},{"type":"Feature","properties":{"h":32.0,"d":18.3,"a":0,"l":"d","gn":31,"t":85},"geometry":{"type":"Point","coordinates":[415706.2,5656788.6]}},{"type":"Feature","properties":{"h":20.0,"d":11.4,"a":0,"l":"d"},"geometry":{"type":"Point","coordinates":[415706.2,5656766.9]}},{"type":"Feature","properties":{"h":31.0,"d":15.0,"a":0,"l":"d","gn":4,"t":78},"geometry":{"type":"Point","coordinates":[415706.6,5657830.4]}},{"type":"Feature","properties":{"h":8.0,"d":6.0,"a":1,"l":"d","gn":3,"t":12},"geometry":{"type":"Point","coordinates":[415706.6,5657699.0]}},{"type":"Feature","properties":{"h":20.0,"d":11.4,"a":0,"l":"d"},"geometry":{"type":"Point","coordinates":[415706.7,5656722.2]}},{"type":"Feature","properties":{"h":20.0,"d":11.4,"a":0,"l":"d"},"geometry":{"type":"Point","coordinates":[415706.7,5656552.4]}},{"type":"Feature","properties":{"h":12.0,"d":8.0,"a":0,"l":"d","gn":9,"t":74},"geometry":{"type":"Point","coordinates":[415706.9,5657547.0]}},{"type":"Feature","properties":{"h":33.0,"d":15.0,"a":0,"l":"d","gn":4,"t":120},"geometry":{"type":"Point","coordinates":[415706.9,5657682.1]}},{"type":"Feature","properties":{"h":7.0,"d":4.0,"a":1,"l":"d","gn":11,"t":12},"geometry":{"type":"Point","coordinates":[415706.9,5656024.2]}},{"type":"Feature","properties":{"h":20.0,"d":11.4,"a":0,"l":"d"},"geometry":{"type":"Point","coordinates":[415707.1,5656616.8]}},{"type":"Feature","properties":{"h":7.0,"d":4.0,"a":0,"l":"d","gn":31,"t":10},"geometry":{"type":"Point","coordinates":[415707.2,5657765.0]}},{"type":"Feature","properties":{"h":6.0,"d":2.0,"a":0,"l":"d","gn":3,"t":9},"geometry":{"type":"Point","coordinates":[415707.2,5657783.6]}},{"type":"Feature","properties":{"h":12.0,"d":8.0,"a":0,"l":"d","gn":3,"t":24},"geometry":{"type":"Point","coordinates":[415707.8,5657719.0]}},{"type":"Feature","properties":{"h":5.0,"d":4.0,"a":5,"l":"d","gn":1,"t":9},"geometry":{"type":"Point","coordinates":[415707.8,5656022.4]}},{"type":"Feature","properties":{"h":6.0,"d":3.0,"a":0,"l":"d","gn":3,"t":7},"geometry":{"type":"Point","coordinates":[415708.0,5657702.6]}},{"type":"Feature","properties":{"h":20.0,"d":11.4,"a":0,"l":"d"},"geometry":{"type":"Point","coordinates":[415708.1,5656623.3]}},{"type":"Feature","properties":{"h":20.0,"d":11.4,"a":0,"l":"d"},"geometry":{"type":"Point","coordinates":[415708.2,5656547.9]}},{"type":"Feature","properties":{"h":12.0,"d":10.0,"a":0,"l":"d","gn":9,"t":60},"geometry":{"type":"Point","coordinates":[415708.2,5657550.3]}},{"type":"Feature","properties":{"h":20.0,"d":11.4,"a":0,"l":"d"},"geometry":{"type":"Point","coordinates":[415708.4,5656539.8]}},{"type":"Feature","properties":{"h":20.0,"d":11.4,"a":0,"l":"d"},"geometry":{"type":"Point","coordinates":[415708.5,5656765.4]}},{"type":"Feature","properties":{"h":20.0,"d":11.4,"a":0,"l":"d"},"geometry":{"type":"Point","coordinates":[415708.6,5656547.6]}},{"type":"Feature","properties":{"h":7.0,"d":7.0,"a":1,"l":"d","gn":11,"t":8},"geometry":{"type":"Point","coordinates":[415708.7,5656025.1]}},{"type":"Feature","properties":{"h":5.0,"d":8.0,"a":5,"l":"d","gn":1,"t":8},"geometry":{"type":"Point","coordinates":[415708.7,5656026.6]}},{"type":"Feature","properties":{"h":20.0,"d":11.4,"a":0,"l":"d"},"geometry":{"type":"Point","coordinates":[415708.8,5656692.8]}},{"type":"Feature","properties":{"h":19.0,"d":11.0,"a":1,"l":"d","gn":11,"t":35},"geometry":{"type":"Point","coordinates":[415708.8,5657669.4]}},{"type":"Feature","properties":{"h":20.0,"d":11.4,"a":0,"l":"d"},"geometry":{"type":"Point","coordinates":[415709.2,5656581.3]}},{"type":"Feature","properties":{"h":20.0,"d":11.4,"a":0,"l":"d"},"geometry":{"type":"Point","coordinates":[415709.2,5656769.0]}},{"type":"Feature","properties":{"h":20.0,"d":11.4,"a":0,"l":"d"},"geometry":{"type":"Point","coordinates":[415709.6,5656680.0]}},{"type":"Feature","properties":{"h":20.0,"d":11.4,"a":0,"l":"d"},"geometry":{"type":"Point","coordinates":[415709.6,5656606.9]}},{"type":"Feature","properties":{"h":20.0,"d":11.4,"a":0,"l":"d"},"geometry":{"type":"Point","coordinates":[415709.7,5656683.3]}},{"type":"Feature","properties":{"h":30.0,"d":20.0,"a":0,"l":"d","gn":4,"t":92},"geometry":{"type":"Point","coordinates":[415709.8,5657822.1]}},{"type":"Feature","properties":{"h":20.0,"d":11.4,"a":0,"l":"d","t":59},"geometry":{"type":"Point","coordinates":[415710.1,5656631.7]}},{"type":"Feature","properties":{"h":20.0,"d":11.4,"a":0,"l":"d"},"geometry":{"type":"Point","coordinates":[415710.3,5656679.6]}},{"type":"Feature","properties":{"h":20.0,"d":11.4,"a":0,"l":"d"},"geometry":{"type":"Point","coordinates":[415710.3,5656545.8]}},{"type":"Feature","properties":{"h":6.0,"d":5.0,"a":0,"l":"d","gn":4,"t":9},"geometry":{"type":"Point","coordinates":[415710.4,5657695.4]}},{"type":"Feature","properties":{"h":23.0,"d":15.0,"a":1,"l":"d","gn":11,"t":47},"geometry":{"type":"Point","coordinates":[415710.7,5657685.6]}},{"type":"Feature","properties":{"h":20.0,"d":11.4,"a":0,"l":"d"},"geometry":{"type":"Point","coordinates":[415710.8,5656691.3]}},{"type":"Feature","properties":{"h":10.0,"d":8.0,"a":1,"l":"d","gn":11,"t":32},"geometry":{"type":"Point","coordinates":[415710.9,5656023.8]}},{"type":"Feature","properties":{"h":19.0,"d":13.0,"a":1,"l":"d","gn":11,"t":42},"geometry":{"type":"Point","coordinates":[415710.9,5657834.7]}},{"type":"Feature","properties":{"h":20.0,"d":11.4,"a":0,"l":"d"},"geometry":{"type":"Point","coordinates":[415711.0,5656702.9]}},{"type":"Feature","properties":{"h":12.0,"d":9.0,"a":0,"l":"d","gn":9,"t":65},"geometry":{"type":"Point","coordinates":[415711.1,5657545.2]}},{"type":"Feature","properties":{"h":20.0,"d":11.4,"a":0,"l":"d"},"geometry":{"type":"Point","coordinates":[415711.1,5656621.3]}},{"type":"Feature","properties":{"h":20.0,"d":11.4,"a":0,"l":"d"},"geometry":{"type":"Point","coordinates":[415711.1,5656544.8]}},{"type":"Feature","properties":{"h":10.0,"d":9.0,"a":1,"l":"d","gn":11,"t":26},"geometry":{"type":"Point","coordinates":[415711.2,5656020.1]}},{"type":"Feature","properties":{"h":19.0,"d":8.0,"a":0,"l":"d","gn":31,"t":103},"geometry":{"type":"Point","coordinates":[415711.2,5657733.7]}},{"type":"Feature","properties":{"h":29.0,"d":16.0,"a":0,"l":"d","gn":31,"t":74},"geometry":{"type":"Point","coordinates":[415711.4,5657749.2]}},{"type":"Feature","properties":{"h":19.0,"d":12.0,"a":0,"l":"d","gn":31,"t":41},"geometry":{"type":"Point","coordinates":[415711.5,5657773.5]}},{"type":"Feature","properties":{"h":27.0,"d":14.0,"a":0,"l":"d","gn":31,"t":53},"geometry":{"type":"Point","coordinates":[415711.5,5657729.9]}},{"type":"Feature","properties":{"h":27.0,"d":10.0,"a":0,"l":"d","gn":4,"t":75},"geometry":{"type":"Point","coordinates":[415711.6,5657674.7]}},{"type":"Feature","properties":{"h":20.0,"d":11.4,"a":0,"l":"d"},"geometry":{"type":"Point","coordinates":[415711.7,5656508.6]}},{"type":"Feature","properties":{"h":30.0,"d":17.0,"a":0,"l":"d","gn":4,"t":66},"geometry":{"type":"Point","coordinates":[415712.1,5657676.8]}},{"type":"Feature","properties":{"h":20.0,"d":11.4,"a":0,"l":"d"},"geometry":{"type":"Point","coordinates":[415712.2,5656663.3]}},{"type":"Feature","properties":{"h":11.0,"d":7.0,"a":0,"l":"d","gn":9,"t":40},"geometry":{"type":"Point","coordinates":[415712.4,5657549.2]}},{"type":"Feature","properties":{"h":17.0,"d":12.0,"a":0,"l":"d","gn":9,"t":46},"geometry":{"type":"Point","coordinates":[415712.6,5656996.9]}},{"type":"Feature","properties":{"h":20.0,"d":11.4,"a":0,"l":"d"},"geometry":{"type":"Point","coordinates":[415713.1,5656628.1]}},{"type":"Feature","properties":{"h":15.0,"d":8.6,"a":0,"l":"d","t":26},"geometry":{"type":"Point","coordinates":[415713.2,5656586.4]}},{"type":"Feature","properties":{"h":20.0,"d":11.4,"a":0,"l":"d"},"geometry":{"type":"Point","coordinates":[415713.3,5656676.7]}},{"type":"Feature","properties":{"h":28.0,"d":17.0,"a":0,"l":"d","gn":4,"t":76},"geometry":{"type":"Point","coordinates":[415713.4,5657826.9]}},{"type":"Feature","properties":{"h":30.0,"d":14.0,"a":0,"l":"d","gn":4,"t":70},"geometry":{"type":"Point","coordinates":[415713.6,5657675.1]}},{"type":"Feature","properties":{"h":34.0,"d":19.4,"a":0,"l":"d","gn":31,"t":91},"geometry":{"type":"Point","coordinates":[415713.7,5656783.9]}},{"type":"Feature","properties":{"h":20.0,"d":11.4,"a":0,"l":"d"},"geometry":{"type":"Point","coordinates":[415714.0,5656614.1]}},{"type":"Feature","properties":{"h":4.0,"d":4.0,"a":0,"l":"d","gn":1,"t":20},"geometry":{"type":"Point","coordinates":[415714.0,5657635.3]}},{"type":"Feature","properties":{"h":20.0,"d":11.4,"a":0,"l":"d"},"geometry":{"type":"Point","coordinates":[415714.2,5656665.3]}},{"type":"Feature","properties":{"h":22.0,"d":14.0,"a":0,"l":"d","gn":4,"t":44},"geometry":{"type":"Point","coordinates":[415714.3,5657828.3]}},{"type":"Feature","properties":{"h":20.0,"d":11.4,"a":0,"l":"d"},"geometry":{"type":"Point","coordinates":[415714.4,5656768.0]}},{"type":"Feature","properties":{"h":20.0,"d":11.4,"a":0,"l":"d"},"geometry":{"type":"Point","coordinates":[415714.8,5656663.8]}},{"type":"Feature","properties":{"h":12.0,"d":9.0,"a":0,"l":"d","gn":9,"t":45},"geometry":{"type":"Point","coordinates":[415714.9,5657543.5]}},{"type":"Feature","properties":{"h":20.0,"d":11.4,"a":0,"l":"d"},"geometry":{"type":"Point","coordinates":[415715.5,5656540.3]}},{"type":"Feature","properties":{"h":20.0,"d":11.4,"a":0,"l":"d"},"geometry":{"type":"Point","coordinates":[415715.7,5656772.7]}},{"type":"Feature","properties":{"h":29.0,"d":12.0,"a":0,"l":"d","gn":31,"t":80},"geometry":{"type":"Point","coordinates":[415715.9,5657739.6]}},{"type":"Feature","properties":{"h":20.0,"d":11.4,"a":0,"l":"d"},"geometry":{"type":"Point","coordinates":[415715.9,5656638.6]}},{"type":"Feature","properties":{"h":20.0,"d":11.4,"a":0,"l":"d"},"geometry":{"type":"Point","coordinates":[415716.1,5656542.4]}},{"type":"Feature","properties":{"h":17.0,"d":12.0,"a":0,"l":"d","gn":31,"t":28},"geometry":{"type":"Point","coordinates":[415716.3,5657693.7]}},{"type":"Feature","properties":{"h":20.0,"d":11.4,"a":0,"l":"d"},"geometry":{"type":"Point","coordinates":[415716.5,5656619.1]}},{"type":"Feature","properties":{"h":12.0,"d":10.0,"a":0,"l":"d","gn":9,"t":50},"geometry":{"type":"Point","coordinates":[415716.6,5657547.2]}},{"type":"Feature","properties":{"h":29.0,"d":15.0,"a":0,"l":"d","gn":31,"t":87},"geometry":{"type":"Point","coordinates":[415717.0,5657773.2]}},{"type":"Feature","properties":{"h":20.0,"d":11.4,"a":0,"l":"d"},"geometry":{"type":"Point","coordinates":[415717.4,5656665.2]}},{"type":"Feature","properties":{"h":20.0,"d":11.4,"a":0,"l":"d"},"geometry":{"type":"Point","coordinates":[415717.6,5656637.5]}},{"type":"Feature","properties":{"h":20.0,"d":11.4,"a":0,"l":"d"},"geometry":{"type":"Point","coordinates":[415717.8,5656506.7]}},{"type":"Feature","properties":{"h":20.0,"d":11.4,"a":0,"l":"d"},"geometry":{"type":"Point","coordinates":[415718.0,5656541.0]}},{"type":"Feature","properties":{"h":20.0,"d":11.4,"a":0,"l":"d"},"geometry":{"type":"Point","coordinates":[415718.0,5656666.8]}},{"type":"Feature","properties":{"h":29.0,"d":17.0,"a":0,"l":"d","gn":31,"t":70},"geometry":{"type":"Point","coordinates":[415718.3,5657778.6]}},{"type":"Feature","properties":{"h":20.0,"d":11.4,"a":0,"l":"d"},"geometry":{"type":"Point","coordinates":[415718.3,5656706.1]}},{"type":"Feature","properties":{"h":12.0,"d":9.0,"a":0,"l":"d","gn":9,"t":45},"geometry":{"type":"Point","coordinates":[415718.7,5657542.2]}},{"type":"Feature","properties":{"h":20.0,"d":11.4,"a":0,"l":"d"},"geometry":{"type":"Point","coordinates":[415718.8,5656641.7]}},{"type":"Feature","properties":{"h":20.0,"d":11.4,"a":0,"l":"d"},"geometry":{"type":"Point","coordinates":[415718.9,5656668.6]}},{"type":"Feature","properties":{"h":20.0,"d":11.4,"a":0,"l":"d"},"geometry":{"type":"Point","coordinates":[415719.0,5656506.5]}},{"type":"Feature","properties":{"h":20.0,"d":11.4,"a":0,"l":"d"},"geometry":{"type":"Point","coordinates":[415719.2,5656511.9]}},{"type":"Feature","properties":{"h":20.0,"d":11.4,"a":0,"l":"d"},"geometry":{"type":"Point","coordinates":[415719.7,5656654.7]}},{"type":"Feature","properties":{"h":20.0,"d":11.4,"a":0,"l":"d"},"geometry":{"type":"Point","coordinates":[415719.8,5656516.0]}},{"type":"Feature","properties":{"h":28.0,"d":10.0,"a":5,"l":"d","gn":24,"t":43},"geometry":{"type":"Point","coordinates":[415719.8,5657683.5]}},{"type":"Feature","properties":{"h":12.0,"d":8.0,"a":0,"l":"d","gn":9,"t":42},"geometry":{"type":"Point","coordinates":[415720.2,5657545.9]}},{"type":"Feature","properties":{"h":20.0,"d":11.4,"a":0,"l":"d"},"geometry":{"type":"Point","coordinates":[415720.3,5656685.3]}},{"type":"Feature","properties":{"h":20.0,"d":11.4,"a":0,"l":"d"},"geometry":{"type":"Point","coordinates":[415720.4,5656617.7]}},{"type":"Feature","properties":{"h":20.0,"d":11.4,"a":0,"l":"d"},"geometry":{"type":"Point","coordinates":[415720.7,5656596.6]}},{"type":"Feature","properties":{"h":20.0,"d":11.4,"a":0,"l":"d"},"geometry":{"type":"Point","coordinates":[415720.8,5656677.1]}},{"type":"Feature","properties":{"h":20.0,"d":11.4,"a":0,"l":"d"},"geometry":{"type":"Point","coordinates":[415720.9,5656664.4]}},{"type":"Feature","properties":{"h":18.0,"d":10.0,"a":0,"l":"d","gn":7,"t":55},"geometry":{"type":"Point","coordinates":[415721.2,5657835.2]}},{"type":"Feature","properties":{"h":16.0,"d":12.0,"a":1,"l":"d","gn":11,"t":20},"geometry":{"type":"Point","coordinates":[415721.6,5657691.7]}},{"type":"Feature","properties":{"h":20.0,"d":11.4,"a":0,"l":"d"},"geometry":{"type":"Point","coordinates":[415721.7,5656649.7]}},{"type":"Feature","properties":{"h":20.0,"d":11.4,"a":0,"l":"d"},"geometry":{"type":"Point","coordinates":[415721.7,5656540.8]}},{"type":"Feature","properties":{"h":16.0,"d":15.0,"a":0,"l":"d","gn":3,"t":16},"geometry":{"type":"Point","coordinates":[415721.9,5657700.1]}},{"type":"Feature","properties":{"h":25.0,"d":8.0,"a":0,"l":"d","gn":7,"t":52},"geometry":{"type":"Point","coordinates":[415722.1,5657688.5]}},{"type":"Feature","properties":{"h":16.0,"d":10.0,"a":0,"l":"d","gn":31,"t":27},"geometry":{"type":"Point","coordinates":[415722.1,5657728.0]}},{"type":"Feature","properties":{"h":26.0,"d":16.0,"a":0,"l":"d","gn":1,"t":77},"geometry":{"type":"Point","coordinates":[415722.4,5657693.2]}},{"type":"Feature","properties":{"h":20.0,"d":11.4,"a":0,"l":"d"},"geometry":{"type":"Point","coordinates":[415722.6,5656674.1]}},{"type":"Feature","properties":{"h":20.0,"d":11.4,"a":0,"l":"d"},"geometry":{"type":"Point","coordinates":[415722.7,5656653.7]}},{"type":"Feature","properties":{"h":16.0,"d":10.0,"a":0,"l":"d","gn":3,"t":73},"geometry":{"type":"Point","coordinates":[415722.7,5657701.6]}},{"type":"Feature","properties":{"h":20.0,"d":11.4,"a":0,"l":"d"},"geometry":{"type":"Point","coordinates":[415722.7,5656672.5]}},{"type":"Feature","properties":{"h":20.0,"d":11.4,"a":0,"l":"d"},"geometry":{"type":"Point","coordinates":[415722.8,5656708.6]}},{"type":"Feature","properties":{"h":16.0,"d":11.0,"a":0,"l":"d","gn":3,"t":57},"geometry":{"type":"Point","coordinates":[415722.8,5656023.7]}},{"type":"Feature","properties":{"h":9.0,"d":7.0,"a":0,"l":"d","gn":31,"t":12},"geometry":{"type":"Point","coordinates":[415722.9,5657757.9]}},{"type":"Feature","properties":{"h":12.0,"d":10.0,"a":0,"l":"d","gn":9,"t":63},"geometry":{"type":"Point","coordinates":[415722.9,5657540.8]}},{"type":"Feature","properties":{"h":34.0,"d":19.4,"a":0,"l":"d","gn":31,"t":69},"geometry":{"type":"Point","coordinates":[415723.0,5656777.1]}},{"type":"Feature","properties":{"h":20.0,"d":11.4,"a":0,"l":"d"},"geometry":{"type":"Point","coordinates":[415723.1,5656650.7]}},{"type":"Feature","properties":{"h":30.0,"d":18.0,"a":0,"l":"d","gn":31,"t":100},"geometry":{"type":"Point","coordinates":[415723.1,5657747.6]}},{"type":"Feature","properties":{"h":31.0,"d":14.0,"a":0,"l":"d","gn":3,"t":95},"geometry":{"type":"Point","coordinates":[415723.1,5657703.1]}},{"type":"Feature","properties":{"h":20.0,"d":11.4,"a":0,"l":"d"},"geometry":{"type":"Point","coordinates":[415723.6,5656505.9]}},{"type":"Feature","properties":{"h":12.0,"d":8.0,"a":0,"l":"d","gn":9,"t":45},"geometry":{"type":"Point","coordinates":[415723.9,5657544.8]}},{"type":"Feature","properties":{"h":20.0,"d":11.4,"a":0,"l":"d"},"geometry":{"type":"Point","coordinates":[415724.0,5656639.7]}},{"type":"Feature","properties":{"h":15.0,"d":15.0,"a":0,"l":"d","gn":1,"t":54},"geometry":{"type":"Point","coordinates":[415724.2,5657630.2]}},{"type":"Feature","properties":{"h":20.0,"d":11.4,"a":0,"l":"d"},"geometry":{"type":"Point","coordinates":[415724.6,5656539.6]}},{"type":"Feature","properties":{"h":32.0,"d":15.0,"a":0,"l":"d","gn":31,"t":80},"geometry":{"type":"Point","coordinates":[415724.7,5657680.4]}},{"type":"Feature","properties":{"h":5.0,"d":2.0,"a":5,"l":"d","gn":12,"t":15},"geometry":{"type":"Point","coordinates":[415724.8,5657818.2]}},{"type":"Feature","properties":{"h":20.0,"d":11.4,"a":0,"l":"d","t":42},"geometry":{"type":"Point","coordinates":[415724.9,5656653.4]}},{"type":"Feature","properties":{"h":20.0,"d":11.4,"a":0,"l":"d"},"geometry":{"type":"Point","coordinates":[415725.3,5656641.4]}},{"type":"Feature","properties":{"h":20.0,"d":11.4,"a":0,"l":"d"},"geometry":{"type":"Point","coordinates":[415725.3,5656669.9]}},{"type":"Feature","properties":{"h":20.0,"d":11.4,"a":0,"l":"d"},"geometry":{"type":"Point","coordinates":[415725.4,5656598.1]}},{"type":"Feature","properties":{"h":20.0,"d":11.4,"a":0,"l":"d"},"geometry":{"type":"Point","coordinates":[415725.4,5656661.1]}},{"type":"Feature","properties":{"h":20.0,"d":11.4,"a":0,"l":"d"},"geometry":{"type":"Point","coordinates":[415725.6,5656540.6]}},{"type":"Feature","properties":{"h":20.0,"d":11.4,"a":0,"l":"d"},"geometry":{"type":"Point","coordinates":[415725.8,5656642.1]}},{"type":"Feature","properties":{"h":20.0,"d":11.4,"a":0,"l":"d"},"geometry":{"type":"Point","coordinates":[415726.0,5656699.0]}},{"type":"Feature","properties":{"h":20.0,"d":11.4,"a":0,"l":"d"},"geometry":{"type":"Point","coordinates":[415726.0,5656657.1]}},{"type":"Feature","properties":{"h":20.0,"d":11.4,"a":0,"l":"d"},"geometry":{"type":"Point","coordinates":[415726.1,5656593.5]}},{"type":"Feature","properties":{"h":20.0,"d":11.4,"a":0,"l":"d"},"geometry":{"type":"Point","coordinates":[415726.1,5656753.8]}},{"type":"Feature","properties":{"h":20.0,"d":11.4,"a":0,"l":"d"},"geometry":{"type":"Point","coordinates":[415726.5,5656649.0]}},{"type":"Feature","properties":{"h":12.0,"d":10.0,"a":0,"l":"d","gn":9,"t":55},"geometry":{"type":"Point","coordinates":[415726.5,5657539.3]}},{"type":"Feature","properties":{"h":27.0,"d":8.0,"a":0,"l":"d","gn":7,"t":67},"geometry":{"type":"Point","coordinates":[415726.5,5657684.4]}},{"type":"Feature","properties":{"h":20.0,"d":11.4,"a":0,"l":"d"},"geometry":{"type":"Point","coordinates":[415726.6,5656708.6]}},{"type":"Feature","properties":{"h":20.0,"d":10.0,"a":0,"l":"d","gn":3,"t":55},"geometry":{"type":"Point","coordinates":[415726.6,5657834.7]}},{"type":"Feature","properties":{"h":20.0,"d":11.4,"a":0,"l":"d"},"geometry":{"type":"Point","coordinates":[415727.3,5656683.4]}},{"type":"Feature","properties":{"h":20.0,"d":11.4,"a":0,"l":"d"},"geometry":{"type":"Point","coordinates":[415727.6,5656677.3]}},{"type":"Feature","properties":{"h":12.0,"d":9.0,"a":0,"l":"d","gn":9,"t":45},"geometry":{"type":"Point","coordinates":[415727.9,5657543.3]}},{"type":"Feature","properties":{"h":20.0,"d":11.0,"a":1,"l":"d","gn":11,"t":32},"geometry":{"type":"Point","coordinates":[415728.0,5657831.0]}},{"type":"Feature","properties":{"h":20.0,"d":11.4,"a":0,"l":"d"},"geometry":{"type":"Point","coordinates":[415728.3,5656685.5]}},{"type":"Feature","properties":{"h":20.0,"d":11.4,"a":0,"l":"d"},"geometry":{"type":"Point","coordinates":[415728.5,5656747.2]}},{"type":"Feature","properties":{"h":20.0,"d":11.4,"a":0,"l":"d"},"geometry":{"type":"Point","coordinates":[415728.5,5656653.0]}},{"type":"Feature","properties":{"h":20.0,"d":11.4,"a":0,"l":"d"},"geometry":{"type":"Point","coordinates":[415728.9,5656530.1]}},{"type":"Feature","properties":{"h":20.0,"d":11.4,"a":0,"l":"d"},"geometry":{"type":"Point","coordinates":[415729.1,5656541.1]}},{"type":"Feature","properties":{"h":20.0,"d":11.4,"a":0,"l":"d"},"geometry":{"type":"Point","coordinates":[415729.3,5656644.4]}},{"type":"Feature","properties":{"h":20.0,"d":11.4,"a":0,"l":"d"},"geometry":{"type":"Point","coordinates":[415729.4,5656745.2]}},{"type":"Feature","properties":{"h":20.0,"d":11.4,"a":0,"l":"d"},"geometry":{"type":"Point","coordinates":[415729.5,5656506.2]}},{"type":"Feature","properties":{"h":20.0,"d":11.4,"a":0,"l":"d"},"geometry":{"type":"Point","coordinates":[415729.7,5656657.9]}},{"type":"Feature","properties":{"h":20.0,"d":11.4,"a":0,"l":"d"},"geometry":{"type":"Point","coordinates":[415729.7,5656759.7]}},{"type":"Feature","properties":{"h":20.0,"d":11.4,"a":0,"l":"d"},"geometry":{"type":"Point","coordinates":[415729.7,5656517.0]}},{"type":"Feature","properties":{"h":25.0,"d":14.0,"a":1,"l":"d","gn":11,"t":48},"geometry":{"type":"Point","coordinates":[415729.9,5657832.4]}},{"type":"Feature","properties":{"h":19.0,"d":13.0,"a":1,"l":"d","gn":11,"t":40},"geometry":{"type":"Point","coordinates":[415730.0,5657751.3]}},{"type":"Feature","properties":{"h":18.0,"d":9.0,"a":0,"l":"d","gn":31,"t":20},"geometry":{"type":"Point","coordinates":[415730.0,5657742.0]}},{"type":"Feature","properties":{"h":12.0,"d":10.0,"a":0,"l":"d","gn":9,"t":62},"geometry":{"type":"Point","coordinates":[415730.3,5657538.0]}},{"type":"Feature","properties":{"h":9.0,"d":8.0,"a":0,"l":"d","gn":3,"t":27},"geometry":{"type":"Point","coordinates":[415730.5,5657818.2]}},{"type":"Feature","properties":{"h":25.0,"d":14.3,"a":0,"l":"d","t":87},"geometry":{"type":"Point","coordinates":[415730.6,5656604.4]}},{"type":"Feature","properties":{"h":8.0,"d":2.0,"a":0,"l":"d","gn":3,"t":53},"geometry":{"type":"Point","coordinates":[415730.7,5657817.4]}},{"type":"Feature","properties":{"h":20.0,"d":11.4,"a":0,"l":"d"},"geometry":{"type":"Point","coordinates":[415730.7,5656596.7]}},{"type":"Feature","properties":{"h":20.0,"d":11.4,"a":0,"l":"d"},"geometry":{"type":"Point","coordinates":[415731.4,5656672.6]}},{"type":"Feature","properties":{"h":20.0,"d":11.4,"a":0,"l":"d"},"geometry":{"type":"Point","coordinates":[415731.5,5656697.2]}},{"type":"Feature","properties":{"h":20.0,"d":11.4,"a":0,"l":"d"},"geometry":{"type":"Point","coordinates":[415731.9,5656629.1]}},{"type":"Feature","properties":{"h":20.0,"d":11.4,"a":0,"l":"d"},"geometry":{"type":"Point","coordinates":[415731.9,5656710.1]}},{"type":"Feature","properties":{"h":11.0,"d":7.0,"a":0,"l":"d","gn":9,"t":43},"geometry":{"type":"Point","coordinates":[415732.2,5657541.8]}},{"type":"Feature","properties":{"h":5.0,"d":6.0,"a":1,"l":"d","gn":11,"t":11},"geometry":{"type":"Point","coordinates":[415732.3,5657832.9]}},{"type":"Feature","properties":{"h":14.0,"d":10.0,"a":0,"l":"d","t":28},"geometry":{"type":"Point","coordinates":[415732.4,5657795.2]}},{"type":"Feature","properties":{"h":26.0,"d":10.0,"a":1,"l":"d","gn":11,"t":38},"geometry":{"type":"Point","coordinates":[415732.6,5657757.5]}},{"type":"Feature","properties":{"h":20.0,"d":11.4,"a":0,"l":"d"},"geometry":{"type":"Point","coordinates":[415733.3,5656754.4]}},{"type":"Feature","properties":{"h":7.0,"d":4.0,"a":1,"l":"d","gn":11,"t":9},"geometry":{"type":"Point","coordinates":[415733.4,5657764.4]}},{"type":"Feature","properties":{"h":13.0,"d":11.0,"a":0,"l":"d","gn":3,"t":65},"geometry":{"type":"Point","coordinates":[415733.7,5657659.2]}},{"type":"Feature","properties":{"h":20.0,"d":11.4,"a":0,"l":"d"},"geometry":{"type":"Point","coordinates":[415733.8,5656509.7]}},{"type":"Feature","properties":{"h":24.0,"d":10.0,"a":1,"l":"d","gn":11,"t":34},"geometry":{"type":"Point","coordinates":[415734.2,5657756.4]}},{"type":"Feature","properties":{"h":12.0,"d":10.0,"a":0,"l":"d","gn":9,"t":65},"geometry":{"type":"Point","coordinates":[415734.5,5657536.5]}},{"type":"Feature","properties":{"h":28.0,"d":13.0,"a":0,"l":"d","gn":4,"t":54},"geometry":{"type":"Point","coordinates":[415734.6,5657753.6]}},{"type":"Feature","properties":{"h":20.0,"d":11.4,"a":0,"l":"d"},"geometry":{"type":"Point","coordinates":[415735.0,5656754.0]}},{"type":"Feature","properties":{"h":20.0,"d":11.4,"a":0,"l":"d"},"geometry":{"type":"Point","coordinates":[415735.1,5656599.6]}},{"type":"Feature","properties":{"h":21.0,"d":12.0,"a":0,"l":"d","gn":31,"t":32},"geometry":{"type":"Point","coordinates":[415736.1,5657742.1]}},{"type":"Feature","properties":{"h":26.0,"d":14.9,"a":0,"l":"d","gn":31,"t":46},"geometry":{"type":"Point","coordinates":[415736.3,5656768.1]}},{"type":"Feature","properties":{"h":12.0,"d":10.0,"a":0,"l":"d","gn":9,"t":64},"geometry":{"type":"Point","coordinates":[415736.4,5657540.3]}},{"type":"Feature","properties":{"h":20.0,"d":11.4,"a":0,"l":"d"},"geometry":{"type":"Point","coordinates":[415736.4,5656673.3]}},{"type":"Feature","properties":{"h":20.0,"d":11.4,"a":0,"l":"d"},"geometry":{"type":"Point","coordinates":[415736.5,5656706.3]}},{"type":"Feature","properties":{"h":20.0,"d":11.4,"a":0,"l":"d"},"geometry":{"type":"Point","coordinates":[415736.5,5656755.1]}},{"type":"Feature","properties":{"h":17.0,"d":15.0,"a":0,"l":"d","gn":1,"t":70},"geometry":{"type":"Point","coordinates":[415736.7,5657695.2]}},{"type":"Feature","properties":{"h":14.0,"d":15.0,"a":1,"l":"d","gn":11,"t":42},"geometry":{"type":"Point","coordinates":[415736.8,5657831.7]}},{"type":"Feature","properties":{"h":18.0,"d":10.0,"a":0,"l":"d","gn":31,"t":24},"geometry":{"type":"Point","coordinates":[415737.3,5657738.6]}},{"type":"Feature","properties":{"h":20.0,"d":11.4,"a":0,"l":"d"},"geometry":{"type":"Point","coordinates":[415737.4,5656661.3]}},{"type":"Feature","properties":{"h":29.0,"d":23.0,"a":0,"l":"d","gn":5,"t":140},"geometry":{"type":"Point","coordinates":[415737.8,5657790.1]}},{"type":"Feature","properties":{"h":8.0,"d":4.0,"a":5,"l":"d","gn":12,"t":13},"geometry":{"type":"Point","coordinates":[415737.9,5657703.3]}},{"type":"Feature","properties":{"h":20.0,"d":11.4,"a":0,"l":"d"},"geometry":{"type":"Point","coordinates":[415738.2,5656527.6]}},{"type":"Feature","properties":{"h":20.0,"d":11.4,"a":0,"l":"d"},"geometry":{"type":"Point","coordinates":[415738.2,5656682.1]}},{"type":"Feature","properties":{"h":20.0,"d":11.4,"a":0,"l":"d"},"geometry":{"type":"Point","coordinates":[415738.6,5656535.5]}},{"type":"Feature","properties":{"h":20.0,"d":11.4,"a":0,"l":"d"},"geometry":{"type":"Point","coordinates":[415738.6,5656686.5]}},{"type":"Feature","properties":{"h":20.0,"d":11.4,"a":0,"l":"d"},"geometry":{"type":"Point","coordinates":[415739.0,5656751.9]}},{"type":"Feature","properties":{"h":16.0,"d":10.0,"a":0,"l":"d","gn":9,"t":40},"geometry":{"type":"Point","coordinates":[415739.1,5656985.1]}},{"type":"Feature","properties":{"h":20.0,"d":11.4,"a":0,"l":"d"},"geometry":{"type":"Point","coordinates":[415739.2,5656510.9]}},{"type":"Feature","properties":{"h":20.0,"d":11.4,"a":0,"l":"d"},"geometry":{"type":"Point","coordinates":[415739.3,5656546.0]}},{"type":"Feature","properties":{"h":20.0,"d":11.4,"a":0,"l":"d"},"geometry":{"type":"Point","coordinates":[415739.8,5656637.7]}},{"type":"Feature","properties":{"h":24.0,"d":13.0,"a":0,"l":"d","gn":1,"t":48},"geometry":{"type":"Point","coordinates":[415739.8,5657833.3]}},{"type":"Feature","properties":{"h":20.0,"d":11.4,"a":0,"l":"d"},"geometry":{"type":"Point","coordinates":[415740.0,5656509.1]}},{"type":"Feature","properties":{"h":30.0,"d":22.0,"a":0,"l":"d","gn":4,"t":86},"geometry":{"type":"Point","coordinates":[415740.3,5657678.5]}},{"type":"Feature","properties":{"h":20.0,"d":11.4,"a":0,"l":"d"},"geometry":{"type":"Point","coordinates":[415740.6,5656517.5]}},{"type":"Feature","properties":{"h":20.0,"d":11.4,"a":0,"l":"d"},"geometry":{"type":"Point","coordinates":[415740.7,5656539.8]}},{"type":"Feature","properties":{"h":20.0,"d":11.4,"a":0,"l":"d"},"geometry":{"type":"Point","coordinates":[415740.7,5656658.6]}},{"type":"Feature","properties":{"h":20.0,"d":11.4,"a":0,"l":"d"},"geometry":{"type":"Point","coordinates":[415741.1,5656547.7]}},{"type":"Feature","properties":{"h":30.0,"d":16.0,"a":0,"l":"d","gn":4,"t":95},"geometry":{"type":"Point","coordinates":[415741.1,5657715.8]}},{"type":"Feature","properties":{"h":20.0,"d":11.4,"a":0,"l":"d"},"geometry":{"type":"Point","coordinates":[415741.4,5656748.7]}},{"type":"Feature","properties":{"h":16.0,"d":8.0,"a":1,"l":"d","gn":11,"t":22},"geometry":{"type":"Point","coordinates":[415741.4,5657736.7]}},{"type":"Feature","properties":{"h":20.0,"d":11.4,"a":0,"l":"d"},"geometry":{"type":"Point","coordinates":[415741.7,5656640.0]}},{"type":"Feature","properties":{"h":20.0,"d":11.4,"a":0,"l":"d"},"geometry":{"type":"Point","coordinates":[415741.9,5656517.8]}},{"type":"Feature","properties":{"h":20.0,"d":11.4,"a":0,"l":"d"},"geometry":{"type":"Point","coordinates":[415742.2,5656512.0]}},{"type":"Feature","properties":{"h":24.0,"d":13.0,"a":0,"l":"d","gn":3,"t":100},"geometry":{"type":"Point","coordinates":[415742.2,5657680.6]}},{"type":"Feature","properties":{"h":15.0,"d":10.0,"a":1,"l":"d","gn":11,"t":25},"geometry":{"type":"Point","coordinates":[415742.7,5657734.5]}},{"type":"Feature","properties":{"h":28.0,"d":16.0,"a":0,"l":"d","gn":31,"t":84},"geometry":{"type":"Point","coordinates":[415742.9,5656763.2]}},{"type":"Feature","properties":{"h":20.0,"d":11.4,"a":0,"l":"d"},"geometry":{"type":"Point","coordinates":[415743.0,5656697.1]}},{"type":"Feature","properties":{"h":12.0,"d":13.0,"a":1,"l":"d","gn":11,"t":32},"geometry":{"type":"Point","coordinates":[415743.1,5657833.5]}},{"type":"Feature","properties":{"h":20.0,"d":11.4,"a":0,"l":"d"},"geometry":{"type":"Point","coordinates":[415743.7,5656694.0]}},{"type":"Feature","properties":{"h":17.0,"d":10.0,"a":0,"l":"d","gn":3,"t":60},"geometry":{"type":"Point","coordinates":[415743.8,5657819.0]}},{"type":"Feature","properties":{"h":20.0,"d":11.4,"a":0,"l":"d"},"geometry":{"type":"Point","coordinates":[415743.8,5656747.3]}},{"type":"Feature","properties":{"h":20.0,"d":11.4,"a":0,"l":"d"},"geometry":{"type":"Point","coordinates":[415744.1,5656516.1]}},{"type":"Feature","properties":{"h":17.0,"d":12.0,"a":0,"l":"d","gn":31,"t":33},"geometry":{"type":"Point","coordinates":[415744.4,5657747.7]}},{"type":"Feature","properties":{"h":20.0,"d":11.4,"a":0,"l":"d"},"geometry":{"type":"Point","coordinates":[415744.4,5656521.8]}},{"type":"Feature","properties":{"h":11.0,"d":9.0,"a":0,"l":"d","gn":31,"t":21},"geometry":{"type":"Point","coordinates":[415744.4,5657775.7]}},{"type":"Feature","properties":{"h":20.0,"d":11.4,"a":0,"l":"d"},"geometry":{"type":"Point","coordinates":[415744.5,5656549.8]}},{"type":"Feature","properties":{"h":20.0,"d":11.4,"a":0,"l":"d"},"geometry":{"type":"Point","coordinates":[415744.5,5656505.0]}},{"type":"Feature","properties":{"h":20.0,"d":11.4,"a":0,"l":"d"},"geometry":{"type":"Point","coordinates":[415744.7,5656745.2]}},{"type":"Feature","properties":{"h":20.0,"d":11.4,"a":0,"l":"d"},"geometry":{"type":"Point","coordinates":[415744.9,5656610.6]}},{"type":"Feature","properties":{"h":20.0,"d":11.4,"a":0,"l":"d","t":46},"geometry":{"type":"Point","coordinates":[415745.0,5656604.9]}},{"type":"Feature","properties":{"h":2.0,"d":3.2,"a":5,"l":"d","gn":1,"t":22},"geometry":{"type":"Point","coordinates":[415745.1,5656009.7]}},{"type":"Feature","properties":{"h":20.0,"d":11.4,"a":0,"l":"d"},"geometry":{"type":"Point","coordinates":[415745.5,5656510.8]}},{"type":"Feature","properties":{"h":22.0,"d":16.0,"a":1,"l":"d","gn":11,"t":47},"geometry":{"type":"Point","coordinates":[415746.1,5657673.3]}},{"type":"Feature","properties":{"h":28.0,"d":23.0,"a":0,"l":"d","gn":5,"t":135},"geometry":{"type":"Point","coordinates":[415746.5,5657792.9]}},{"type":"Feature","properties":{"h":20.0,"d":11.4,"a":0,"l":"d"},"geometry":{"type":"Point","coordinates":[415746.9,5656550.8]}},{"type":"Feature","properties":{"h":18.0,"d":15.0,"a":1,"l":"d","gn":11,"t":50},"geometry":{"type":"Point","coordinates":[415747.0,5657832.6]}},{"type":"Feature","properties":{"h":20.0,"d":11.4,"a":0,"l":"d"},"geometry":{"type":"Point","coordinates":[415747.1,5656694.7]}},{"type":"Feature","properties":{"h":20.0,"d":11.4,"a":0,"l":"d"},"geometry":{"type":"Point","coordinates":[415747.6,5656551.9]}},{"type":"Feature","properties":{"h":10.0,"d":9.0,"a":0,"l":"d","gn":31,"t":23},"geometry":{"type":"Point","coordinates":[415747.8,5657771.8]}},{"type":"Feature","properties":{"h":20.0,"d":11.4,"a":0,"l":"d"},"geometry":{"type":"Point","coordinates":[415748.1,5656661.0]}},{"type":"Feature","properties":{"h":20.0,"d":11.4,"a":0,"l":"d"},"geometry":{"type":"Point","coordinates":[415748.3,5656523.3]}},{"type":"Feature","properties":{"h":15.0,"d":10.0,"a":0,"l":"d","gn":9,"t":37},"geometry":{"type":"Point","coordinates":[415748.5,5656981.0]}},{"type":"Feature","properties":{"h":20.0,"d":11.4,"a":0,"l":"d"},"geometry":{"type":"Point","coordinates":[415748.6,5656496.9]}},{"type":"Feature","properties":{"h":6.0,"d":4.0,"a":5,"l":"d","gn":27,"t":10},"geometry":{"type":"Point","coordinates":[415748.8,5657735.3]}},{"type":"Feature","properties":{"h":24.0,"d":12.0,"a":1,"l":"d","gn":11,"t":38},"geometry":{"type":"Point","coordinates":[415748.8,5657727.0]}},{"type":"Feature","properties":{"h":13.0,"d":9.0,"a":0,"l":"d","gn":3,"t":73},"geometry":{"type":"Point","coordinates":[415749.0,5657816.5]}},{"type":"Feature","properties":{"h":19.0,"d":10.0,"a":0,"l":"d","gn":4,"t":33},"geometry":{"type":"Point","coordinates":[415749.1,5657716.3]}},{"type":"Feature","properties":{"h":20.0,"d":11.4,"a":0,"l":"d"},"geometry":{"type":"Point","coordinates":[415749.2,5656684.2]}},{"type":"Feature","properties":{"h":20.0,"d":11.4,"a":0,"l":"d"},"geometry":{"type":"Point","coordinates":[415749.3,5656533.6]}},{"type":"Feature","properties":{"h":20.0,"d":11.4,"a":0,"l":"d"},"geometry":{"type":"Point","coordinates":[415749.4,5656507.6]}},{"type":"Feature","properties":{"h":20.0,"d":11.4,"a":0,"l":"d"},"geometry":{"type":"Point","coordinates":[415750.0,5656650.6]}},{"type":"Feature","properties":{"h":20.0,"d":11.4,"a":0,"l":"d"},"geometry":{"type":"Point","coordinates":[415750.1,5656743.1]}},{"type":"Feature","properties":{"h":26.0,"d":10.0,"a":0,"l":"d","gn":1,"t":43},"geometry":{"type":"Point","coordinates":[415750.2,5657708.4]}},{"type":"Feature","properties":{"h":20.0,"d":11.4,"a":0,"l":"d"},"geometry":{"type":"Point","coordinates":[415750.7,5656510.8]}},{"type":"Feature","properties":{"h":30.0,"d":17.1,"a":0,"l":"d","gn":4,"t":77},"geometry":{"type":"Point","coordinates":[415751.5,5656756.7]}},{"type":"Feature","properties":{"h":20.0,"d":11.4,"a":0,"l":"d"},"geometry":{"type":"Point","coordinates":[415751.6,5656518.0]}},{"type":"Feature","properties":{"h":20.0,"d":11.4,"a":0,"l":"d"},"geometry":{"type":"Point","coordinates":[415751.8,5656736.1]}},{"type":"Feature","properties":{"h":20.0,"d":11.4,"a":0,"l":"d"},"geometry":{"type":"Point","coordinates":[415751.9,5656617.2]}},{"type":"Feature","properties":{"h":20.0,"d":11.4,"a":0,"l":"d"},"geometry":{"type":"Point","coordinates":[415752.8,5656499.0]}},{"type":"Feature","properties":{"h":32.0,"d":18.0,"a":0,"l":"d","gn":4,"t":130},"geometry":{"type":"Point","coordinates":[415753.2,5657729.8]}},{"type":"Feature","properties":{"h":14.0,"d":6.0,"a":0,"l":"d","gn":3,"t":18},"geometry":{"type":"Point","coordinates":[415753.5,5657733.8]}},{"type":"Feature","properties":{"h":20.0,"d":11.4,"a":0,"l":"d"},"geometry":{"type":"Point","coordinates":[415753.5,5656695.0]}},{"type":"Feature","properties":{"h":32.0,"d":18.0,"a":1,"l":"d","gn":25,"t":94},"geometry":{"type":"Point","coordinates":[415753.8,5657687.6]}},{"type":"Feature","properties":{"h":25.0,"d":15.0,"a":1,"l":"d","gn":11,"t":75},"geometry":{"type":"Point","coordinates":[415753.9,5657711.6]}},{"type":"Feature","properties":{"h":8.0,"d":6.0,"a":0,"l":"d","gn":3,"t":10},"geometry":{"type":"Point","coordinates":[415754.0,5657819.0]}},{"type":"Feature","properties":{"h":17.0,"d":7.0,"a":0,"l":"d","gn":1,"t":37},"geometry":{"type":"Point","coordinates":[415754.2,5657790.3]}},{"type":"Feature","properties":{"h":20.0,"d":11.4,"a":0,"l":"d"},"geometry":{"type":"Point","coordinates":[415754.3,5656514.3]}},{"type":"Feature","properties":{"h":16.0,"d":10.0,"a":1,"l":"d","gn":11,"t":32},"geometry":{"type":"Point","coordinates":[415754.4,5657702.5]}},{"type":"Feature","properties":{"h":20.0,"d":11.4,"a":0,"l":"d"},"geometry":{"type":"Point","coordinates":[415755.0,5656556.9]}},{"type":"Feature","properties":{"h":20.0,"d":11.4,"a":0,"l":"d"},"geometry":{"type":"Point","coordinates":[415755.0,5656622.5]}},{"type":"Feature","properties":{"h":20.0,"d":11.4,"a":0,"l":"d"},"geometry":{"type":"Point","coordinates":[415755.4,5656677.8]}},{"type":"Feature","properties":{"h":20.0,"d":11.4,"a":0,"l":"d"},"geometry":{"type":"Point","coordinates":[415755.9,5656503.6]}},{"type":"Feature","properties":{"h":20.0,"d":11.4,"a":0,"l":"d"},"geometry":{"type":"Point","coordinates":[415755.9,5656737.8]}},{"type":"Feature","properties":{"h":20.0,"d":11.4,"a":0,"l":"d"},"geometry":{"type":"Point","coordinates":[415757.1,5656641.8]}},{"type":"Feature","properties":{"h":14.0,"d":8.0,"a":0,"l":"d","gn":9,"t":28},"geometry":{"type":"Point","coordinates":[415757.1,5656976.6]}},{"type":"Feature","properties":{"h":15.0,"d":9.0,"a":0,"l":"d","gn":3,"t":78},"geometry":{"type":"Point","coordinates":[415757.1,5657737.3]}},{"type":"Feature","properties":{"h":20.0,"d":11.4,"a":0,"l":"d"},"geometry":{"type":"Point","coordinates":[415757.1,5656731.9]}},{"type":"Feature","properties":{"h":20.0,"d":11.4,"a":0,"l":"d"},"geometry":{"type":"Point","coordinates":[415757.2,5656734.1]}},{"type":"Feature","properties":{"h":20.0,"d":11.4,"a":0,"l":"d"},"geometry":{"type":"Point","coordinates":[415757.2,5656528.3]}},{"type":"Feature","properties":{"h":22.0,"d":13.0,"a":1,"l":"d","gn":11,"t":53},"geometry":{"type":"Point","coordinates":[415757.3,5657832.5]}},{"type":"Feature","properties":{"h":20.0,"d":11.4,"a":0,"l":"d"},"geometry":{"type":"Point","coordinates":[415757.4,5656511.6]}},{"type":"Feature","properties":{"h":22.0,"d":12.0,"a":0,"l":"d","gn":3,"t":53},"geometry":{"type":"Point","coordinates":[415757.5,5657729.2]}},{"type":"Feature","properties":{"h":20.0,"d":11.4,"a":0,"l":"d"},"geometry":{"type":"Point","coordinates":[415758.2,5656697.3]}},{"type":"Feature","properties":{"h":20.0,"d":11.4,"a":0,"l":"d"},"geometry":{"type":"Point","coordinates":[415758.4,5656736.4]}},{"type":"Feature","properties":{"h":20.0,"d":11.4,"a":0,"l":"d"},"geometry":{"type":"Point","coordinates":[415759.3,5656547.4]}},{"type":"Feature","properties":{"h":26.0,"d":10.0,"a":5,"l":"d","gn":24,"t":70},"geometry":{"type":"Point","coordinates":[415759.3,5657817.0]}},{"type":"Feature","properties":{"h":20.0,"d":11.4,"a":0,"l":"d"},"geometry":{"type":"Point","coordinates":[415759.8,5656729.5]}},{"type":"Feature","properties":{"h":20.0,"d":11.4,"a":0,"l":"d"},"geometry":{"type":"Point","coordinates":[415759.8,5656676.1]}},{"type":"Feature","properties":{"h":20.0,"d":11.4,"a":0,"l":"d"},"geometry":{"type":"Point","coordinates":[415760.0,5656617.7]}},{"type":"Feature","properties":{"h":20.0,"d":11.4,"a":0,"l":"d"},"geometry":{"type":"Point","coordinates":[415760.2,5656654.0]}},{"type":"Feature","properties":{"h":20.0,"d":11.4,"a":0,"l":"d"},"geometry":{"type":"Point","coordinates":[415760.3,5656733.8]}},{"type":"Feature","properties":{"h":20.0,"d":11.4,"a":0,"l":"d"},"geometry":{"type":"Point","coordinates":[415760.4,5656646.0]}},{"type":"Feature","properties":{"h":20.0,"d":11.4,"a":0,"l":"d"},"geometry":{"type":"Point","coordinates":[415760.7,5656612.9]}},{"type":"Feature","properties":{"h":20.0,"d":11.0,"a":1,"l":"d","gn":11,"t":28},"geometry":{"type":"Point","coordinates":[415761.5,5657719.3]}},{"type":"Feature","properties":{"h":20.0,"d":11.4,"a":0,"l":"d"},"geometry":{"type":"Point","coordinates":[415761.6,5656531.4]}},{"type":"Feature","properties":{"h":28.0,"d":30.0,"a":0,"l":"d","gn":4,"t":96},"geometry":{"type":"Point","coordinates":[415761.7,5656750.8]}},{"type":"Feature","properties":{"h":20.0,"d":10.0,"a":1,"l":"d","gn":11,"t":26},"geometry":{"type":"Point","coordinates":[415762.0,5657724.1]}},{"type":"Feature","properties":{"h":25.0,"d":14.3,"a":0,"l":"d","t":95},"geometry":{"type":"Point","coordinates":[415762.0,5656611.5]}},{"type":"Feature","properties":{"h":11.0,"d":8.0,"a":0,"l":"d","gn":3,"t":27},"geometry":{"type":"Point","coordinates":[415762.0,5657778.4]}},{"type":"Feature","properties":{"h":20.0,"d":11.4,"a":0,"l":"d"},"geometry":{"type":"Point","coordinates":[415762.1,5656715.0]}},{"type":"Feature","properties":{"h":20.0,"d":11.4,"a":0,"l":"d"},"geometry":{"type":"Point","coordinates":[415762.4,5656724.1]}},{"type":"Feature","properties":{"h":4.0,"d":2.0,"a":0,"l":"d","gn":1,"t":11},"geometry":{"type":"Point","coordinates":[415762.7,5657611.1]}},{"type":"Feature","properties":{"h":31.0,"d":15.0,"a":0,"l":"d","gn":4,"t":104},"geometry":{"type":"Point","coordinates":[415762.8,5657832.3]}},{"type":"Feature","properties":{"h":30.0,"d":16.0,"a":0,"l":"d","gn":4,"t":125},"geometry":{"type":"Point","coordinates":[415763.3,5657739.5]}},{"type":"Feature","properties":{"h":20.0,"d":11.4,"a":0,"l":"d"},"geometry":{"type":"Point","coordinates":[415763.3,5656696.8]}},{"type":"Feature","properties":{"h":26.0,"d":10.0,"a":0,"l":"d","gn":1,"t":64},"geometry":{"type":"Point","coordinates":[415763.3,5657744.0]}},{"type":"Feature","properties":{"h":17.0,"d":12.0,"a":0,"l":"d","gn":3,"t":31},"geometry":{"type":"Point","coordinates":[415763.8,5657798.0]}},{"type":"Feature","properties":{"h":20.0,"d":11.4,"a":0,"l":"d"},"geometry":{"type":"Point","coordinates":[415763.8,5656506.1]}},{"type":"Feature","properties":{"h":20.0,"d":11.4,"a":0,"l":"d"},"geometry":{"type":"Point","coordinates":[415764.0,5656716.5]}},{"type":"Feature","properties":{"h":27.0,"d":22.0,"a":0,"l":"d","gn":4,"t":78},"geometry":{"type":"Point","coordinates":[415764.1,5657824.3]}},{"type":"Feature","properties":{"h":15.0,"d":11.0,"a":0,"l":"d","gn":3,"t":25},"geometry":{"type":"Point","coordinates":[415764.1,5657806.8]}},{"type":"Feature","properties":{"h":20.0,"d":11.4,"a":0,"l":"d"},"geometry":{"type":"Point","coordinates":[415765.3,5656525.6]}},{"type":"Feature","properties":{"h":20.0,"d":11.4,"a":0,"l":"d"},"geometry":{"type":"Point","coordinates":[415765.6,5656560.2]}},{"type":"Feature","properties":{"h":20.0,"d":11.4,"a":0,"l":"d"},"geometry":{"type":"Point","coordinates":[415765.7,5656683.2]}},{"type":"Feature","properties":{"h":17.0,"d":12.0,"a":0,"l":"d","gn":3,"t":25},"geometry":{"type":"Point","coordinates":[415765.8,5657794.1]}},{"type":"Feature","properties":{"h":9.0,"d":3.0,"a":0,"l":"d","gn":3,"t":60},"geometry":{"type":"Point","coordinates":[415765.9,5657828.7]}},{"type":"Feature","properties":{"h":14.0,"d":9.0,"a":0,"l":"d","gn":9,"t":32},"geometry":{"type":"Point","coordinates":[415766.3,5656972.2]}},{"type":"Feature","properties":{"h":17.0,"d":11.0,"a":0,"l":"d","gn":3,"t":26},"geometry":{"type":"Point","coordinates":[415766.5,5657810.6]}},{"type":"Feature","properties":{"h":27.0,"d":23.0,"a":0,"l":"d","gn":4,"t":130},"geometry":{"type":"Point","coordinates":[415767.6,5657701.2]}},{"type":"Feature","properties":{"h":20.0,"d":11.4,"a":0,"l":"d"},"geometry":{"type":"Point","coordinates":[415767.6,5656691.4]}},{"type":"Feature","properties":{"h":26.0,"d":13.0,"a":0,"l":"d","gn":3,"t":120},"geometry":{"type":"Point","coordinates":[415767.7,5657722.4]}},{"type":"Feature","properties":{"h":11.0,"d":7.0,"a":0,"l":"d","gn":3,"t":22},"geometry":{"type":"Point","coordinates":[415767.7,5657783.7]}},{"type":"Feature","properties":{"h":20.0,"d":11.4,"a":0,"l":"d"},"geometry":{"type":"Point","coordinates":[415768.6,5656663.3]}},{"type":"Feature","properties":{"h":20.0,"d":11.4,"a":0,"l":"d"},"geometry":{"type":"Point","coordinates":[415768.6,5656533.9]}},{"type":"Feature","properties":{"h":6.0,"d":7.0,"a":3,"l":"e","t":22},"geometry":{"type":"Point","coordinates":[415768.8,5657712.9]}},{"type":"Feature","properties":{"h":20.0,"d":11.4,"a":0,"l":"d"},"geometry":{"type":"Point","coordinates":[415769.0,5656723.7]}},{"type":"Feature","properties":{"h":17.0,"d":12.0,"a":0,"l":"d","gn":3,"t":25},"geometry":{"type":"Point","coordinates":[415769.1,5657791.1]}},{"type":"Feature","properties":{"h":22.0,"d":13.0,"a":1,"l":"d","gn":11,"t":43},"geometry":{"type":"Point","coordinates":[415769.2,5657743.7]}},{"type":"Feature","properties":{"h":10.0,"d":9.0,"a":0,"l":"d","gn":3,"t":58},"geometry":{"type":"Point","coordinates":[415769.2,5657720.1]}},{"type":"Feature","properties":{"h":24.0,"d":15.0,"a":1,"l":"d","gn":11,"t":72},"geometry":{"type":"Point","coordinates":[415769.3,5657757.3]}},{"type":"Feature","properties":{"h":26.0,"d":14.9,"a":0,"l":"d","gn":1,"t":68},"geometry":{"type":"Point","coordinates":[415769.3,5656744.8]}},{"type":"Feature","properties":{"h":15.0,"d":10.0,"a":0,"l":"d","gn":3,"t":24},"geometry":{"type":"Point","coordinates":[415770.0,5657813.3]}},{"type":"Feature","properties":{"h":4.0,"d":1.0,"a":0,"l":"d","gn":1,"t":8},"geometry":{"type":"Point","coordinates":[415770.0,5657608.1]}},{"type":"Feature","properties":{"h":27.0,"d":13.0,"a":0,"l":"d","gn":31,"t":40},"geometry":{"type":"Point","coordinates":[415770.1,5657748.9]}},{"type":"Feature","properties":{"h":30.0,"d":17.1,"a":0,"l":"d","t":105},"geometry":{"type":"Point","coordinates":[415770.7,5656543.2]}},{"type":"Feature","properties":{"h":20.0,"d":11.4,"a":0,"l":"d","t":51},"geometry":{"type":"Point","coordinates":[415771.2,5656634.0]}},{"type":"Feature","properties":{"h":20.0,"d":11.4,"a":0,"l":"d"},"geometry":{"type":"Point","coordinates":[415771.4,5656696.7]}},{"type":"Feature","properties":{"h":20.0,"d":11.4,"a":0,"l":"d"},"geometry":{"type":"Point","coordinates":[415771.9,5656689.7]}},{"type":"Feature","properties":{"h":20.0,"d":11.4,"a":0,"l":"d"},"geometry":{"type":"Point","coordinates":[415772.4,5656659.8]}},{"type":"Feature","properties":{"h":17.0,"d":8.0,"a":1,"l":"d","gn":11,"t":28},"geometry":{"type":"Point","coordinates":[415772.9,5657829.6]}},{"type":"Feature","properties":{"h":20.0,"d":11.4,"a":0,"l":"d"},"geometry":{"type":"Point","coordinates":[415773.0,5656693.6]}},{"type":"Feature","properties":{"h":18.0,"d":12.0,"a":0,"l":"d","gn":3,"t":28},"geometry":{"type":"Point","coordinates":[415773.0,5657789.3]}},{"type":"Feature","properties":{"h":30.0,"d":20.0,"a":0,"l":"d","gn":4,"t":100},"geometry":{"type":"Point","coordinates":[415773.3,5656609.0]}},{"type":"Feature","properties":{"h":16.0,"d":10.0,"a":0,"l":"d","gn":9,"t":40},"geometry":{"type":"Point","coordinates":[415773.3,5656968.7]}},{"type":"Feature","properties":{"h":17.0,"d":9.7,"a":0,"l":"d","gn":31,"t":32},"geometry":{"type":"Point","coordinates":[415773.5,5656734.8]}},{"type":"Feature","properties":{"h":10.0,"d":6.0,"a":0,"l":"d","gn":3,"t":12},"geometry":{"type":"Point","coordinates":[415773.7,5657729.0]}},{"type":"Feature","properties":{"h":16.0,"d":8.0,"a":0,"l":"d","gn":3,"t":87},"geometry":{"type":"Point","coordinates":[415774.0,5657826.4]}},{"type":"Feature","properties":{"h":17.0,"d":11.0,"a":0,"l":"d","gn":3,"t":26},"geometry":{"type":"Point","coordinates":[415774.2,5657814.7]}},{"type":"Feature","properties":{"h":20.0,"d":11.4,"a":0,"l":"d"},"geometry":{"type":"Point","coordinates":[415774.4,5656660.3]}},{"type":"Feature","properties":{"h":20.0,"d":8.0,"a":1,"l":"d","gn":11,"t":43},"geometry":{"type":"Point","coordinates":[415774.8,5657767.0]}},{"type":"Feature","properties":{"h":7.0,"d":4.0,"a":3,"l":"e","t":17},"geometry":{"type":"Point","coordinates":[415775.0,5656602.0]}},{"type":"Feature","properties":{"h":30.0,"d":24.0,"a":0,"l":"d","gn":4,"t":195},"geometry":{"type":"Point","coordinates":[415775.2,5657751.1]}},{"type":"Feature","properties":{"h":4.0,"d":2.0,"a":0,"l":"d","gn":3,"t":16},"geometry":{"type":"Point","coordinates":[415776.1,5657640.3]}},{"type":"Feature","properties":{"h":20.0,"d":8.0,"a":5,"l":"d","gn":24,"t":38},"geometry":{"type":"Point","coordinates":[415776.1,5657736.1]}},{"type":"Feature","properties":{"h":30.0,"d":20.0,"a":0,"l":"d","gn":4,"t":96},"geometry":{"type":"Point","coordinates":[415776.4,5656594.7]}},{"type":"Feature","properties":{"h":20.0,"d":11.4,"a":0,"l":"d"},"geometry":{"type":"Point","coordinates":[415776.4,5656675.5]}},{"type":"Feature","properties":{"h":20.0,"d":11.4,"a":0,"l":"d","t":39},"geometry":{"type":"Point","coordinates":[415776.5,5656676.3]}},{"type":"Feature","properties":{"h":20.0,"d":11.4,"a":0,"l":"d"},"geometry":{"type":"Point","coordinates":[415776.8,5656666.2]}},{"type":"Feature","properties":{"h":20.0,"d":11.4,"a":0,"l":"d"},"geometry":{"type":"Point","coordinates":[415776.8,5656667.9]}},{"type":"Feature","properties":{"h":26.0,"d":12.0,"a":1,"l":"d","gn":11,"t":70},"geometry":{"type":"Point","coordinates":[415777.7,5657766.9]}},{"type":"Feature","properties":{"h":18.0,"d":14.0,"a":0,"l":"d","gn":3,"t":30},"geometry":{"type":"Point","coordinates":[415777.7,5657789.1]}},{"type":"Feature","properties":{"h":20.0,"d":11.4,"a":0,"l":"d"},"geometry":{"type":"Point","coordinates":[415777.8,5656551.4]}},{"type":"Feature","properties":{"h":20.0,"d":11.4,"a":0,"l":"d"},"geometry":{"type":"Point","coordinates":[415777.8,5656540.4]}},{"type":"Feature","properties":{"h":11.0,"d":6.0,"a":0,"l":"d","gn":3,"t":16},"geometry":{"type":"Point","coordinates":[415778.4,5657731.1]}},{"type":"Feature","properties":{"h":20.0,"d":11.4,"a":0,"l":"d"},"geometry":{"type":"Point","coordinates":[415778.6,5656552.7]}},{"type":"Feature","properties":{"h":18.0,"d":12.0,"a":0,"l":"d","gn":3,"t":28},"geometry":{"type":"Point","coordinates":[415778.6,5657814.5]}},{"type":"Feature","properties":{"h":15.0,"d":5.0,"a":3,"l":"e","t":23},"geometry":{"type":"Point","coordinates":[415779.0,5656620.7]}},{"type":"Feature","properties":{"h":20.0,"d":11.4,"a":0,"l":"d"},"geometry":{"type":"Point","coordinates":[415779.8,5656539.3]}},{"type":"Feature","properties":{"h":20.0,"d":11.4,"a":0,"l":"d"},"geometry":{"type":"Point","coordinates":[415779.9,5656693.4]}},{"type":"Feature","properties":{"h":4.0,"d":2.0,"a":0,"l":"d","gn":3,"t":16},"geometry":{"type":"Point","coordinates":[415779.9,5657638.3]}},{"type":"Feature","properties":{"h":16.0,"d":9.1,"a":0,"l":"d","gn":31,"t":30},"geometry":{"type":"Point","coordinates":[415780.1,5656732.6]}},{"type":"Feature","properties":{"h":30.0,"d":16.0,"a":0,"l":"d","gn":4,"t":75},"geometry":{"type":"Point","coordinates":[415780.5,5657757.2]}},{"type":"Feature","properties":{"h":27.0,"d":15.0,"a":0,"l":"d","gn":1,"t":81},"geometry":{"type":"Point","coordinates":[415780.6,5657830.2]}},{"type":"Feature","properties":{"h":20.0,"d":11.4,"a":0,"l":"d"},"geometry":{"type":"Point","coordinates":[415781.4,5656673.2]}},{"type":"Feature","properties":{"h":20.0,"d":11.4,"a":0,"l":"d"},"geometry":{"type":"Point","coordinates":[415782.1,5656691.5]}},{"type":"Feature","properties":{"h":11.0,"d":5.0,"a":0,"l":"d","gn":3,"t":12},"geometry":{"type":"Point","coordinates":[415782.5,5657739.9]}},{"type":"Feature","properties":{"h":20.0,"d":11.4,"a":0,"l":"d"},"geometry":{"type":"Point","coordinates":[415782.5,5656531.9]}},{"type":"Feature","properties":{"h":20.0,"d":11.4,"a":0,"l":"d"},"geometry":{"type":"Point","coordinates":[415782.6,5656546.8]}},{"type":"Feature","properties":{"h":8.0,"d":6.0,"a":0,"l":"d","gn":31,"t":18},"geometry":{"type":"Point","coordinates":[415782.6,5656622.5]}},{"type":"Feature","properties":{"h":15.0,"d":10.0,"a":0,"l":"d","gn":9,"t":39},"geometry":{"type":"Point","coordinates":[415782.7,5656963.9]}},{"type":"Feature","properties":{"h":27.0,"d":22.0,"a":0,"l":"d","gn":4,"t":130},"geometry":{"type":"Point","coordinates":[415783.0,5657653.8]}},{"type":"Feature","properties":{"h":20.0,"d":11.4,"a":0,"l":"d"},"geometry":{"type":"Point","coordinates":[415783.1,5656558.9]}},{"type":"Feature","properties":{"h":4.0,"d":2.0,"a":0,"l":"d","gn":3,"t":16},"geometry":{"type":"Point","coordinates":[415783.2,5657636.7]}},{"type":"Feature","properties":{"h":30.0,"d":16.0,"a":0,"l":"d","gn":1,"t":70},"geometry":{"type":"Point","coordinates":[415783.9,5656572.5]}},{"type":"Feature","properties":{"h":20.0,"d":11.4,"a":0,"l":"d"},"geometry":{"type":"Point","coordinates":[415784.0,5656556.9]}},{"type":"Feature","properties":{"h":4.0,"d":2.0,"a":0,"l":"d","gn":1,"t":11},"geometry":{"type":"Point","coordinates":[415784.2,5657600.5]}},{"type":"Feature","properties":{"h":18.0,"d":12.0,"a":0,"l":"d","gn":3,"t":31},"geometry":{"type":"Point","coordinates":[415785.4,5657793.3]}},{"type":"Feature","properties":{"h":30.0,"d":17.0,"a":0,"l":"d","gn":4,"t":153},"geometry":{"type":"Point","coordinates":[415785.9,5657765.5]}},{"type":"Feature","properties":{"h":20.0,"d":11.4,"a":0,"l":"d"},"geometry":{"type":"Point","coordinates":[415786.1,5656696.7]}},{"type":"Feature","properties":{"h":18.0,"d":13.0,"a":0,"l":"d","gn":3,"t":28},"geometry":{"type":"Point","coordinates":[415786.1,5657809.9]}},{"type":"Feature","properties":{"h":15.0,"d":8.6,"a":0,"l":"d","gn":3,"t":26},"geometry":{"type":"Point","coordinates":[415786.4,5656719.5]}},{"type":"Feature","properties":{"h":20.0,"d":11.4,"a":0,"l":"d"},"geometry":{"type":"Point","coordinates":[415786.4,5656695.1]}},{"type":"Feature","properties":{"h":25.0,"d":10.0,"a":0,"l":"d","gn":3,"t":25},"geometry":{"type":"Point","coordinates":[415786.4,5656587.6]}},{"type":"Feature","properties":{"h":17.0,"d":9.7,"a":0,"l":"d","gn":31,"t":36},"geometry":{"type":"Point","coordinates":[415786.5,5656726.1]}},{"type":"Feature","properties":{"h":25.0,"d":10.0,"a":0,"l":"d","gn":3,"t":25},"geometry":{"type":"Point","coordinates":[415786.9,5656586.4]}},{"type":"Feature","properties":{"h":8.0,"d":6.0,"a":5,"l":"d","gn":8,"t":17},"geometry":{"type":"Point","coordinates":[415787.0,5656592.1]}},{"type":"Feature","properties":{"h":20.0,"d":12.0,"a":3,"l":"d","gn":35,"t":40},"geometry":{"type":"Point","coordinates":[415787.0,5656620.8]}},{"type":"Feature","properties":{"h":20.0,"d":11.4,"a":0,"l":"d"},"geometry":{"type":"Point","coordinates":[415787.1,5656697.3]}},{"type":"Feature","properties":{"h":4.0,"d":2.0,"a":0,"l":"d","gn":3,"t":16},"geometry":{"type":"Point","coordinates":[415787.2,5657634.7]}},{"type":"Feature","properties":{"h":20.0,"d":11.4,"a":0,"l":"d"},"geometry":{"type":"Point","coordinates":[415787.2,5656693.4]}},{"type":"Feature","properties":{"h":17.0,"d":10.0,"a":0,"l":"d","gn":3,"t":25},"geometry":{"type":"Point","coordinates":[415787.8,5657797.1]}},{"type":"Feature","properties":{"h":12.0,"d":14.0,"a":1,"l":"d","gn":11,"t":31},"geometry":{"type":"Point","coordinates":[415788.2,5657778.0]}},{"type":"Feature","properties":{"h":20.0,"d":11.4,"a":0,"l":"d"},"geometry":{"type":"Point","coordinates":[415788.2,5656537.2]}},{"type":"Feature","properties":{"h":18.0,"d":12.0,"a":0,"l":"d","gn":3,"t":26},"geometry":{"type":"Point","coordinates":[415788.2,5657805.8]}},{"type":"Feature","properties":{"h":20.0,"d":11.4,"a":0,"l":"d"},"geometry":{"type":"Point","coordinates":[415788.4,5656543.0]}},{"type":"Feature","properties":{"h":20.0,"d":11.4,"a":0,"l":"d"},"geometry":{"type":"Point","coordinates":[415788.5,5656697.4]}},{"type":"Feature","properties":{"h":20.0,"d":11.4,"a":0,"l":"d"},"geometry":{"type":"Point","coordinates":[415788.5,5656694.8]}},{"type":"Feature","properties":{"h":21.0,"d":8.0,"a":1,"l":"d","gn":11,"t":23},"geometry":{"type":"Point","coordinates":[415788.5,5657735.7]}},{"type":"Feature","properties":{"h":20.0,"d":10.0,"a":0,"l":"d","gn":4,"t":52},"geometry":{"type":"Point","coordinates":[415788.6,5656618.3]}},{"type":"Feature","properties":{"h":17.0,"d":12.0,"a":0,"l":"d","gn":3,"t":28},"geometry":{"type":"Point","coordinates":[415788.8,5657801.5]}},{"type":"Feature","properties":{"h":23.0,"d":12.0,"a":0,"l":"d","gn":4,"t":40},"geometry":{"type":"Point","coordinates":[415789.0,5657732.3]}},{"type":"Feature","properties":{"h":24.0,"d":8.0,"a":0,"l":"d","gn":1,"t":38},"geometry":{"type":"Point","coordinates":[415789.2,5656576.2]}},{"type":"Feature","properties":{"h":10.0,"d":6.0,"a":1,"l":"d","gn":11,"t":14},"geometry":{"type":"Point","coordinates":[415789.6,5656585.6]}},{"type":"Feature","properties":{"h":27.0,"d":14.0,"a":0,"l":"d","gn":4,"t":55},"geometry":{"type":"Point","coordinates":[415789.9,5657731.7]}},{"type":"Feature","properties":{"h":20.0,"d":11.4,"a":0,"l":"d"},"geometry":{"type":"Point","coordinates":[415790.1,5656560.4]}},{"type":"Feature","properties":{"h":20.0,"d":11.4,"a":0,"l":"d"},"geometry":{"type":"Point","coordinates":[415790.2,5656548.3]}},{"type":"Feature","properties":{"h":20.0,"d":10.0,"a":0,"l":"d","gn":4,"t":33},"geometry":{"type":"Point","coordinates":[415790.6,5656620.0]}},{"type":"Feature","properties":{"h":28.0,"d":15.0,"a":0,"l":"d","gn":4,"t":46},"geometry":{"type":"Point","coordinates":[415790.6,5657738.2]}},{"type":"Feature","properties":{"h":17.0,"d":9.7,"a":0,"l":"d","gn":3,"t":28},"geometry":{"type":"Point","coordinates":[415790.6,5656720.7]}},{"type":"Feature","properties":{"h":24.0,"d":15.0,"a":1,"l":"d","gn":11,"t":53},"geometry":{"type":"Point","coordinates":[415791.0,5657745.9]}},{"type":"Feature","properties":{"h":11.0,"d":7.0,"a":1,"l":"d","gn":11,"t":15},"geometry":{"type":"Point","coordinates":[415791.1,5657751.3]}},{"type":"Feature","properties":{"h":20.0,"d":11.4,"a":0,"l":"d"},"geometry":{"type":"Point","coordinates":[415791.3,5656554.0]}},{"type":"Feature","properties":{"h":23.0,"d":12.0,"a":0,"l":"d","gn":3,"t":60},"geometry":{"type":"Point","coordinates":[415791.4,5657813.2]}},{"type":"Feature","properties":{"h":26.0,"d":14.0,"a":0,"l":"d","gn":1,"t":68},"geometry":{"type":"Point","coordinates":[415791.6,5657831.7]}},{"type":"Feature","properties":{"h":20.0,"d":10.0,"a":1,"l":"d","gn":11,"t":46},"geometry":{"type":"Point","coordinates":[415792.1,5657815.7]}},{"type":"Feature","properties":{"h":25.0,"d":20.0,"a":0,"l":"d","gn":4,"t":94},"geometry":{"type":"Point","coordinates":[415792.6,5657822.4]}},{"type":"Feature","properties":{"h":27.0,"d":20.0,"a":0,"l":"d","gn":5,"t":115},"geometry":{"type":"Point","coordinates":[415792.8,5657733.7]}},{"type":"Feature","properties":{"h":27.0,"d":11.0,"a":0,"l":"d","gn":1,"t":53},"geometry":{"type":"Point","coordinates":[415792.9,5657830.6]}},{"type":"Feature","properties":{"h":20.0,"d":11.4,"a":0,"l":"d"},"geometry":{"type":"Point","coordinates":[415793.0,5656551.4]}},{"type":"Feature","properties":{"h":18.0,"d":12.0,"a":1,"l":"d","gn":11,"t":83},"geometry":{"type":"Point","coordinates":[415793.0,5657731.7]}},{"type":"Feature","properties":{"h":14.0,"d":9.0,"a":0,"l":"d","gn":9,"t":33},"geometry":{"type":"Point","coordinates":[415793.0,5656958.6]}},{"type":"Feature","properties":{"h":25.0,"d":8.0,"a":0,"l":"d","gn":3,"t":37},"geometry":{"type":"Point","coordinates":[415793.1,5657758.3]}},{"type":"Feature","properties":{"h":28.0,"d":12.0,"a":0,"l":"d","gn":4,"t":34},"geometry":{"type":"Point","coordinates":[415793.2,5657751.8]}},{"type":"Feature","properties":{"h":24.0,"d":10.0,"a":0,"l":"d","gn":1,"t":54},"geometry":{"type":"Point","coordinates":[415793.5,5657770.6]}},{"type":"Feature","properties":{"h":28.0,"d":16.0,"a":0,"l":"d","gn":31,"t":57},"geometry":{"type":"Point","coordinates":[415793.6,5657741.3]}},{"type":"Feature","properties":{"h":20.0,"d":11.4,"a":0,"l":"d"},"geometry":{"type":"Point","coordinates":[415793.9,5656562.4]}},{"type":"Feature","properties":{"h":15.0,"d":9.0,"a":0,"l":"d","gn":1,"t":32},"geometry":{"type":"Point","coordinates":[415794.0,5657792.2]}},{"type":"Feature","properties":{"h":31.0,"d":16.0,"a":0,"l":"d","gn":4,"t":108},"geometry":{"type":"Point","coordinates":[415794.4,5657776.1]}},{"type":"Feature","properties":{"h":18.0,"d":8.0,"a":0,"l":"d","gn":3,"t":20},"geometry":{"type":"Point","coordinates":[415794.5,5657756.3]}},{"type":"Feature","properties":{"h":25.0,"d":16.0,"a":1,"l":"d","gn":11,"t":82},"geometry":{"type":"Point","coordinates":[415794.8,5657808.1]}},{"type":"Feature","properties":{"h":4.0,"d":2.0,"a":0,"l":"d","gn":3,"t":16},"geometry":{"type":"Point","coordinates":[415795.3,5657629.3]}},{"type":"Feature","properties":{"h":23.0,"d":15.0,"a":1,"l":"d","gn":11,"t":31},"geometry":{"type":"Point","coordinates":[415796.0,5657814.8]}},{"type":"Feature","properties":{"h":13.0,"d":12.0,"a":1,"l":"d","gn":11,"t":65},"geometry":{"type":"Point","coordinates":[415796.0,5657736.9]}},{"type":"Feature","properties":{"h":24.0,"d":11.0,"a":1,"l":"d","gn":11,"t":23},"geometry":{"type":"Point","coordinates":[415796.0,5657752.6]}},{"type":"Feature","properties":{"h":12.0,"d":2.0,"a":0,"l":"d","gn":3,"t":15},"geometry":{"type":"Point","coordinates":[415796.1,5657804.4]}},{"type":"Feature","properties":{"h":5.0,"d":3.0,"a":0,"l":"d","gn":3,"t":8},"geometry":{"type":"Point","coordinates":[415796.3,5656630.8]}},{"type":"Feature","properties":{"h":23.0,"d":10.0,"a":1,"l":"d","gn":11,"t":33},"geometry":{"type":"Point","coordinates":[415796.6,5657798.2]}},{"type":"Feature","properties":{"h":25.0,"d":10.0,"a":0,"l":"d","gn":7,"t":60},"geometry":{"type":"Point","coordinates":[415797.6,5657830.0]}},{"type":"Feature","properties":{"h":23.0,"d":13.0,"a":1,"l":"d","gn":11,"t":25},"geometry":{"type":"Point","coordinates":[415798.2,5657809.8]}},{"type":"Feature","properties":{"h":25.0,"d":9.0,"a":0,"l":"d","gn":1,"t":62},"geometry":{"type":"Point","coordinates":[415798.3,5657761.7]}},{"type":"Feature","properties":{"h":25.0,"d":10.0,"a":0,"l":"d","gn":7,"t":52},"geometry":{"type":"Point","coordinates":[415798.3,5657786.9]}},{"type":"Feature","properties":{"h":14.0,"d":9.0,"a":1,"l":"d","gn":11,"t":17},"geometry":{"type":"Point","coordinates":[415798.4,5657809.2]}},{"type":"Feature","properties":{"h":25.0,"d":14.0,"a":1,"l":"d","gn":11,"t":28},"geometry":{"type":"Point","coordinates":[415798.4,5657808.5]}},{"type":"Feature","properties":{"h":20.0,"d":11.4,"a":0,"l":"d","gn":31,"t":33},"geometry":{"type":"Point","coordinates":[415798.5,5656721.9]}},{"type":"Feature","properties":{"h":20.0,"d":11.4,"a":0,"l":"d"},"geometry":{"type":"Point","coordinates":[415798.5,5656564.2]}},{"type":"Feature","properties":{"h":26.0,"d":10.0,"a":0,"l":"d","gn":4,"t":44},"geometry":{"type":"Point","coordinates":[415798.6,5657804.5]}},{"type":"Feature","properties":{"h":25.0,"d":13.0,"a":1,"l":"d","gn":11,"t":28},"geometry":{"type":"Point","coordinates":[415799.0,5657807.9]}},{"type":"Feature","properties":{"h":20.0,"d":11.4,"a":0,"l":"d"},"geometry":{"type":"Point","coordinates":[415799.1,5656559.5]}},{"type":"Feature","properties":{"h":25.0,"d":14.0,"a":0,"l":"d","gn":7,"t":66},"geometry":{"type":"Point","coordinates":[415799.1,5657789.4]}},{"type":"Feature","properties":{"h":25.0,"d":10.0,"a":1,"l":"d","gn":11,"t":27},"geometry":{"type":"Point","coordinates":[415799.2,5657808.4]}},{"type":"Feature","properties":{"h":15.0,"d":6.0,"a":3,"l":"e","t":27},"geometry":{"type":"Point","coordinates":[415799.9,5656650.8]}},{"type":"Feature","properties":{"h":25.0,"d":10.0,"a":0,"l":"d","gn":1,"t":43},"geometry":{"type":"Point","coordinates":[415800.0,5657829.7]}},{"type":"Feature","properties":{"h":15.0,"d":6.0,"a":3,"l":"e","t":25},"geometry":{"type":"Point","coordinates":[415800.1,5656654.6]}},{"type":"Feature","properties":{"h":20.0,"d":11.4,"a":0,"l":"d"},"geometry":{"type":"Point","coordinates":[415800.2,5656664.3]}},{"type":"Feature","properties":{"h":25.0,"d":13.0,"a":0,"l":"d","gn":1,"t":55},"geometry":{"type":"Point","coordinates":[415800.3,5657828.4]}},{"type":"Feature","properties":{"h":7.0,"d":3.5,"a":1,"l":"d","gn":16,"t":7},"geometry":{"type":"Point","coordinates":[415800.5,5656703.1]}},{"type":"Feature","properties":{"h":17.0,"d":11.0,"a":0,"l":"d","gn":9,"t":45},"geometry":{"type":"Point","coordinates":[415800.5,5656954.7]}},{"type":"Feature","properties":{"h":20.0,"d":11.4,"a":0,"l":"d"},"geometry":{"type":"Point","coordinates":[415800.7,5656550.7]}},{"type":"Feature","properties":{"h":25.0,"d":17.0,"a":0,"l":"d","gn":31,"t":75},"geometry":{"type":"Point","coordinates":[415800.8,5657637.3]}},{"type":"Feature","properties":{"h":28.0,"d":12.0,"a":0,"l":"d","gn":3,"t":52},"geometry":{"type":"Point","coordinates":[415801.3,5657800.4]}},{"type":"Feature","properties":{"h":20.0,"d":11.4,"a":0,"l":"d"},"geometry":{"type":"Point","coordinates":[415801.9,5656552.1]}},{"type":"Feature","properties":{"h":6.0,"d":3.0,"a":1,"l":"d","gn":16,"t":6},"geometry":{"type":"Point","coordinates":[415802.2,5656702.8]}},{"type":"Feature","properties":{"h":25.0,"d":8.0,"a":0,"l":"d","gn":1,"t":44},"geometry":{"type":"Point","coordinates":[415802.2,5657762.1]}},{"type":"Feature","properties":{"h":25.0,"d":12.0,"a":0,"l":"d","gn":1,"t":42},"geometry":{"type":"Point","coordinates":[415802.3,5657824.6]}},{"type":"Feature","properties":{"h":15.0,"d":8.6,"a":0,"l":"d","gn":31,"t":29},"geometry":{"type":"Point","coordinates":[415802.4,5656718.0]}},{"type":"Feature","properties":{"h":25.0,"d":10.0,"a":0,"l":"d","gn":1,"t":38},"geometry":{"type":"Point","coordinates":[415802.4,5657753.3]}},{"type":"Feature","properties":{"h":20.0,"d":11.4,"a":0,"l":"d"},"geometry":{"type":"Point","coordinates":[415804.0,5656668.7]}},{"type":"Feature","properties":{"h":20.0,"d":11.4,"a":0,"l":"d"},"geometry":{"type":"Point","coordinates":[415804.4,5656561.7]}},{"type":"Feature","properties":{"h":30.0,"d":16.0,"a":0,"l":"d","gn":31,"t":100},"geometry":{"type":"Point","coordinates":[415804.7,5657626.5]}},{"type":"Feature","properties":{"h":5.0,"d":2.5,"a":1,"l":"d","gn":16,"t":6},"geometry":{"type":"Point","coordinates":[415804.7,5656708.6]}},{"type":"Feature","properties":{"h":19.0,"d":15.0,"a":0,"l":"d","gn":31,"t":44},"geometry":{"type":"Point","coordinates":[415805.0,5657629.3]}},{"type":"Feature","properties":{"h":20.0,"d":11.4,"a":0,"l":"d"},"geometry":{"type":"Point","coordinates":[415806.3,5656556.5]}},{"type":"Feature","properties":{"h":20.0,"d":11.4,"a":0,"l":"d"},"geometry":{"type":"Point","coordinates":[415806.8,5656665.6]}},{"type":"Feature","properties":{"h":20.0,"d":11.4,"a":0,"l":"d"},"geometry":{"type":"Point","coordinates":[415807.3,5656671.3]}},{"type":"Feature","properties":{"h":20.0,"d":11.4,"a":0,"l":"d"},"geometry":{"type":"Point","coordinates":[415807.5,5656673.7]}},{"type":"Feature","properties":{"h":27.0,"d":15.0,"a":0,"l":"d","gn":31,"t":80},"geometry":{"type":"Point","coordinates":[415807.7,5657633.4]}},{"type":"Feature","properties":{"h":12.0,"d":8.0,"a":1,"l":"d","gn":11,"t":26},"geometry":{"type":"Point","coordinates":[415808.0,5657640.0]}},{"type":"Feature","properties":{"h":20.0,"d":11.4,"a":0,"l":"d"},"geometry":{"type":"Point","coordinates":[415808.2,5656667.3]}},{"type":"Feature","properties":{"h":16.0,"d":9.1,"a":0,"l":"d","gn":1},"geometry":{"type":"Point","coordinates":[415808.8,5657620.5]}},{"type":"Feature","properties":{"h":20.0,"d":11.4,"a":0,"l":"d"},"geometry":{"type":"Point","coordinates":[415809.1,5656669.6]}},{"type":"Feature","properties":{"h":9.0,"d":11.0,"a":1,"l":"d","gn":11,"t":17},"geometry":{"type":"Point","coordinates":[415809.3,5657639.1]}},{"type":"Feature","properties":{"h":24.0,"d":10.0,"a":0,"l":"d","gn":7,"t":42},"geometry":{"type":"Point","coordinates":[415809.9,5656575.5]}},{"type":"Feature","properties":{"h":27.0,"d":15.4,"a":0,"l":"d","gn":10,"t":49},"geometry":{"type":"Point","coordinates":[415810.3,5656711.0]}},{"type":"Feature","properties":{"h":2.0,"d":3.2,"a":1,"l":"d","gn":11,"t":9},"geometry":{"type":"Point","coordinates":[415810.3,5657638.4]}},{"type":"Feature","properties":{"h":25.0,"d":12.0,"a":0,"l":"d","gn":15,"t":44},"geometry":{"type":"Point","coordinates":[415810.5,5657760.6]}},{"type":"Feature","properties":{"h":27.0,"d":20.0,"a":0,"l":"d","gn":1,"t":85},"geometry":{"type":"Point","coordinates":[415810.6,5657754.6]}},{"type":"Feature","properties":{"h":28.0,"d":9.0,"a":0,"l":"d","gn":1,"t":43},"geometry":{"type":"Point","coordinates":[415811.2,5657780.6]}},{"type":"Feature","properties":{"h":19.0,"d":16.0,"a":1,"l":"d","gn":11,"t":40},"geometry":{"type":"Point","coordinates":[415811.3,5657645.9]}},{"type":"Feature","properties":{"h":26.0,"d":10.0,"a":0,"l":"d","gn":1,"t":32},"geometry":{"type":"Point","coordinates":[415811.5,5657820.9]}},{"type":"Feature","properties":{"h":30.0,"d":17.1,"a":0,"l":"d","t":130},"geometry":{"type":"Point","coordinates":[415811.7,5656568.6]}},{"type":"Feature","properties":{"h":20.0,"d":11.4,"a":0,"l":"d"},"geometry":{"type":"Point","coordinates":[415811.8,5656668.5]}},{"type":"Feature","properties":{"h":25.0,"d":10.0,"a":0,"l":"d","gn":1,"t":27},"geometry":{"type":"Point","coordinates":[415811.8,5657821.6]}},{"type":"Feature","properties":{"h":28.0,"d":15.0,"a":0,"l":"d","gn":1,"t":76},"geometry":{"type":"Point","coordinates":[415812.0,5657805.5]}},{"type":"Feature","properties":{"h":28.0,"d":9.0,"a":0,"l":"d","gn":3,"t":50},"geometry":{"type":"Point","coordinates":[415812.3,5657792.9]}},{"type":"Feature","properties":{"h":26.0,"d":12.0,"a":0,"l":"d","gn":1,"t":37},"geometry":{"type":"Point","coordinates":[415812.5,5657820.9]}},{"type":"Feature","properties":{"h":27.0,"d":14.0,"a":0,"l":"d","gn":3,"t":60},"geometry":{"type":"Point","coordinates":[415812.5,5657797.4]}},{"type":"Feature","properties":{"h":26.0,"d":14.0,"a":0,"l":"d","gn":1,"t":70},"geometry":{"type":"Point","coordinates":[415813.0,5657821.8]}},{"type":"Feature","properties":{"h":20.0,"d":11.4,"a":0,"l":"d"},"geometry":{"type":"Point","coordinates":[415813.1,5656678.1]}},{"type":"Feature","properties":{"h":23.0,"d":13.1,"a":0,"l":"d","gn":4,"t":69},"geometry":{"type":"Point","coordinates":[415813.1,5656703.8]}},{"type":"Feature","properties":{"h":18.0,"d":12.0,"a":1,"l":"d","gn":11,"t":45},"geometry":{"type":"Point","coordinates":[415813.4,5657653.9]}},{"type":"Feature","properties":{"h":25.0,"d":8.0,"a":1,"l":"d","gn":11,"t":27},"geometry":{"type":"Point","coordinates":[415814.0,5657793.4]}},{"type":"Feature","properties":{"h":26.0,"d":14.0,"a":0,"l":"d","gn":31,"t":70},"geometry":{"type":"Point","coordinates":[415814.1,5657640.0]}},{"type":"Feature","properties":{"h":16.0,"d":9.1,"a":0,"l":"d","gn":4,"t":46},"geometry":{"type":"Point","coordinates":[415814.8,5656703.9]}},{"type":"Feature","properties":{"h":17.0,"d":8.0,"a":1,"l":"d","gn":11,"t":18},"geometry":{"type":"Point","coordinates":[415814.9,5657803.5]}},{"type":"Feature","properties":{"h":27.0,"d":11.0,"a":0,"l":"d","gn":1,"t":35},"geometry":{"type":"Point","coordinates":[415815.0,5657790.2]}},{"type":"Feature","properties":{"h":30.0,"d":20.0,"a":0,"l":"d","gn":1,"t":80},"geometry":{"type":"Point","coordinates":[415815.0,5656576.4]}},{"type":"Feature","properties":{"h":16.0,"d":8.0,"a":1,"l":"d","gn":11,"t":12},"geometry":{"type":"Point","coordinates":[415815.4,5657794.5]}},{"type":"Feature","properties":{"h":25.0,"d":10.0,"a":0,"l":"d","gn":1,"t":35},"geometry":{"type":"Point","coordinates":[415815.4,5657811.4]}},{"type":"Feature","properties":{"h":20.0,"d":11.4,"a":0,"l":"d"},"geometry":{"type":"Point","coordinates":[415815.6,5656668.5]}},{"type":"Feature","properties":{"h":20.0,"d":11.4,"a":0,"l":"d"},"geometry":{"type":"Point","coordinates":[415816.1,5656672.4]}},{"type":"Feature","properties":{"h":15.0,"d":8.6,"a":0,"l":"d","t":25},"geometry":{"type":"Point","coordinates":[415816.7,5656684.3]}},{"type":"Feature","properties":{"h":28.0,"d":16.0,"a":0,"l":"d","gn":1,"t":100},"geometry":{"type":"Point","coordinates":[415816.7,5657808.0]}},{"type":"Feature","properties":{"h":28.0,"d":15.0,"a":0,"l":"d","gn":1,"t":47},"geometry":{"type":"Point","coordinates":[415816.9,5657776.9]}},{"type":"Feature","properties":{"h":17.0,"d":12.0,"a":1,"l":"d","gn":11,"t":45},"geometry":{"type":"Point","coordinates":[415817.1,5657657.9]}},{"type":"Feature","properties":{"h":25.0,"d":14.3,"a":0,"l":"d","t":65},"geometry":{"type":"Point","coordinates":[415817.6,5656678.3]}},{"type":"Feature","properties":{"h":30.0,"d":14.0,"a":1,"l":"d","gn":11,"t":50},"geometry":{"type":"Point","coordinates":[415817.7,5656580.7]}},{"type":"Feature","properties":{"h":11.0,"d":6.0,"a":0,"l":"d","gn":3,"t":12},"geometry":{"type":"Point","coordinates":[415818.2,5657769.8]}},{"type":"Feature","properties":{"h":26.0,"d":11.0,"a":0,"l":"d","gn":1,"t":41},"geometry":{"type":"Point","coordinates":[415818.3,5657829.6]}},{"type":"Feature","properties":{"h":25.0,"d":15.0,"a":1,"l":"d","gn":11,"t":48},"geometry":{"type":"Point","coordinates":[415818.5,5657784.2]}},{"type":"Feature","properties":{"h":20.0,"d":11.4,"a":0,"l":"d"},"geometry":{"type":"Point","coordinates":[415819.1,5656673.3]}},{"type":"Feature","properties":{"h":25.0,"d":16.0,"a":0,"l":"d","gn":1,"t":80},"geometry":{"type":"Point","coordinates":[415819.5,5657811.3]}},{"type":"Feature","properties":{"h":20.0,"d":11.4,"a":0,"l":"d"},"geometry":{"type":"Point","coordinates":[415819.5,5656683.1]}},{"type":"Feature","properties":{"h":25.0,"d":10.0,"a":0,"l":"d","gn":4,"t":40},"geometry":{"type":"Point","coordinates":[415819.6,5657794.5]}},{"type":"Feature","properties":{"h":20.0,"d":11.4,"a":0,"l":"d"},"geometry":{"type":"Point","coordinates":[415819.9,5656678.5]}},{"type":"Feature","properties":{"h":25.0,"d":20.0,"a":1,"l":"d","gn":11,"t":53},"geometry":{"type":"Point","coordinates":[415820.1,5657756.3]}},{"type":"Feature","properties":{"h":30.0,"d":20.0,"a":0,"l":"d","gn":1,"t":70},"geometry":{"type":"Point","coordinates":[415820.2,5656614.2]}},{"type":"Feature","properties":{"h":30.0,"d":14.0,"a":3,"l":"d","gn":35,"t":40},"geometry":{"type":"Point","coordinates":[415820.8,5656586.7]}},{"type":"Feature","properties":{"h":20.0,"d":11.4,"a":0,"l":"d"},"geometry":{"type":"Point","coordinates":[415822.1,5656671.0]}},{"type":"Feature","properties":{"h":26.0,"d":17.0,"a":0,"l":"d","gn":7,"t":50},"geometry":{"type":"Point","coordinates":[415822.4,5657758.5]}},{"type":"Feature","properties":{"h":15.0,"d":12.0,"a":1,"l":"d","gn":11,"t":40},"geometry":{"type":"Point","coordinates":[415823.0,5657647.7]}},{"type":"Feature","properties":{"h":19.0,"d":13.0,"a":1,"l":"d","gn":11,"t":18},"geometry":{"type":"Point","coordinates":[415823.1,5657783.2]}},{"type":"Feature","properties":{"h":14.0,"d":12.0,"a":1,"l":"d","gn":11,"t":26},"geometry":{"type":"Point","coordinates":[415823.2,5657657.0]}},{"type":"Feature","properties":{"h":17.0,"d":12.0,"a":0,"l":"d","gn":7,"t":63},"geometry":{"type":"Point","coordinates":[415823.5,5656690.4]}},{"type":"Feature","properties":{"h":18.0,"d":12.0,"a":0,"l":"d","gn":9,"t":48},"geometry":{"type":"Point","coordinates":[415823.6,5656941.4]}},{"type":"Feature","properties":{"h":30.0,"d":14.0,"a":3,"l":"d","gn":35,"t":37},"geometry":{"type":"Point","coordinates":[415824.3,5656592.4]}},{"type":"Feature","properties":{"h":27.0,"d":14.0,"a":0,"l":"d","gn":3,"t":70},"geometry":{"type":"Point","coordinates":[415824.9,5657785.9]}},{"type":"Feature","properties":{"h":16.0,"d":7.0,"a":0,"l":"d","gn":1,"t":14},"geometry":{"type":"Point","coordinates":[415825.0,5656595.5]}},{"type":"Feature","properties":{"h":28.0,"d":12.0,"a":0,"l":"d","gn":10,"t":38},"geometry":{"type":"Point","coordinates":[415825.0,5656621.5]}},{"type":"Feature","properties":{"h":28.0,"d":15.0,"a":0,"l":"d","gn":1,"t":48},"geometry":{"type":"Point","coordinates":[415825.6,5657800.9]}},{"type":"Feature","properties":{"h":20.0,"d":11.4,"a":0,"l":"d"},"geometry":{"type":"Point","coordinates":[415825.6,5656675.1]}},{"type":"Feature","properties":{"h":25.0,"d":10.0,"a":0,"l":"d","gn":1,"t":26},"geometry":{"type":"Point","coordinates":[415825.9,5656597.5]}},{"type":"Feature","properties":{"h":27.0,"d":18.0,"a":0,"l":"d","gn":1,"t":120},"geometry":{"type":"Point","coordinates":[415826.0,5657789.2]}},{"type":"Feature","properties":{"h":20.0,"d":8.0,"a":0,"l":"d","gn":10,"t":18},"geometry":{"type":"Point","coordinates":[415827.0,5656593.4]}},{"type":"Feature","properties":{"h":20.0,"d":11.4,"a":0,"l":"d"},"geometry":{"type":"Point","coordinates":[415827.0,5656673.0]}},{"type":"Feature","properties":{"h":13.0,"d":7.4,"a":0,"l":"d","gn":3},"geometry":{"type":"Point","coordinates":[415827.1,5657630.9]}},{"type":"Feature","properties":{"h":26.0,"d":19.0,"a":0,"l":"d","gn":31,"t":43},"geometry":{"type":"Point","coordinates":[415827.5,5657770.3]}},{"type":"Feature","properties":{"h":10.0,"d":5.0,"a":1,"l":"d","gn":11,"t":15},"geometry":{"type":"Point","coordinates":[415827.5,5656600.6]}},{"type":"Feature","properties":{"h":17.0,"d":6.0,"a":1,"l":"d","gn":16,"t":22},"geometry":{"type":"Point","coordinates":[415827.7,5657786.5]}},{"type":"Feature","properties":{"h":16.0,"d":11.0,"a":1,"l":"d","gn":11,"t":20},"geometry":{"type":"Point","coordinates":[415828.2,5657790.6]}},{"type":"Feature","properties":{"h":20.0,"d":11.4,"a":0,"l":"d"},"geometry":{"type":"Point","coordinates":[415828.3,5656681.6]}},{"type":"Feature","properties":{"h":15.0,"d":5.0,"a":0,"l":"d","gn":1,"t":13},"geometry":{"type":"Point","coordinates":[415828.6,5656597.0]}},{"type":"Feature","properties":{"h":28.0,"d":20.0,"a":0,"l":"d","c":1,"gn":31,"t":90},"geometry":{"type":"Point","coordinates":[415829.0,5657766.0]}},{"type":"Feature","properties":{"h":27.0,"d":12.0,"a":0,"l":"d","gn":4,"t":44},"geometry":{"type":"Point","coordinates":[415830.0,5657792.8]}},{"type":"Feature","properties":{"h":30.0,"d":14.0,"a":0,"l":"d","gn":1,"t":56},"geometry":{"type":"Point","coordinates":[415830.8,5656605.4]}},{"type":"Feature","properties":{"h":17.0,"d":9.0,"a":2,"l":"d","c":2,"gn":4,"t":33},"geometry":{"type":"Point","coordinates":[415831.5,5657780.2]}},{"type":"Feature","properties":{"h":20.0,"d":7.0,"a":0,"l":"d","gn":4,"t":34},"geometry":{"type":"Point","coordinates":[415831.5,5657689.5]}},{"type":"Feature","properties":{"h":19.0,"d":10.0,"a":0,"l":"d","gn":1,"t":88},"geometry":{"type":"Point","coordinates":[415831.8,5657703.5]}},{"type":"Feature","properties":{"h":18.0,"d":6.0,"a":0,"l":"d","gn":3,"t":21},"geometry":{"type":"Point","coordinates":[415831.9,5657786.1]}},{"type":"Feature","properties":{"h":21.0,"d":13.0,"a":0,"l":"d","gn":4,"t":20},"geometry":{"type":"Point","coordinates":[415832.0,5657794.3]}},{"type":"Feature","properties":{"h":20.0,"d":8.0,"a":0,"l":"d","gn":3,"t":24},"geometry":{"type":"Point","coordinates":[415834.1,5657787.0]}},{"type":"Feature","properties":{"h":20.0,"d":11.4,"a":0,"l":"d"},"geometry":{"type":"Point","coordinates":[415834.1,5656593.7]}},{"type":"Feature","properties":{"h":35.0,"d":22.0,"a":0,"l":"d","gn":31,"t":105},"geometry":{"type":"Point","coordinates":[415834.4,5656615.0]}},{"type":"Feature","properties":{"h":27.0,"d":14.0,"a":0,"l":"d","gn":1,"t":34},"geometry":{"type":"Point","coordinates":[415834.7,5657799.1]}},{"type":"Feature","properties":{"h":5.0,"d":6.0,"a":5,"l":"d","gn":12,"t":15},"geometry":{"type":"Point","coordinates":[415835.7,5657680.1]}},{"type":"Feature","properties":{"h":17.0,"d":7.0,"a":0,"l":"d","gn":4,"t":21},"geometry":{"type":"Point","coordinates":[415835.7,5657789.6]}},{"type":"Feature","properties":{"h":17.0,"d":12.0,"a":0,"l":"d","gn":9,"t":48},"geometry":{"type":"Point","coordinates":[415835.8,5656934.5]}},{"type":"Feature","properties":{"h":12.0,"d":7.0,"a":0,"l":"d","gn":3,"t":17},"geometry":{"type":"Point","coordinates":[415836.7,5657672.0]}},{"type":"Feature","properties":{"h":20.0,"d":13.0,"a":0,"l":"d","gn":7,"t":82},"geometry":{"type":"Point","coordinates":[415836.8,5656681.2]}},{"type":"Feature","properties":{"h":26.0,"d":14.0,"a":0,"l":"d","gn":1,"t":42},"geometry":{"type":"Point","coordinates":[415837.2,5657803.3]}},{"type":"Feature","properties":{"h":10.0,"d":8.0,"a":1,"l":"d","gn":11,"t":22},"geometry":{"type":"Point","coordinates":[415837.5,5657774.5]}},{"type":"Feature","properties":{"h":25.0,"d":12.0,"a":0,"l":"d","gn":3,"t":42},"geometry":{"type":"Point","coordinates":[415838.0,5657795.1]}},{"type":"Feature","properties":{"h":20.0,"d":11.4,"a":0,"l":"d"},"geometry":{"type":"Point","coordinates":[415838.6,5656671.1]}},{"type":"Feature","properties":{"h":20.0,"d":11.4,"a":0,"l":"d"},"geometry":{"type":"Point","coordinates":[415839.7,5656597.5]}},{"type":"Feature","properties":{"h":8.0,"d":7.0,"a":5,"l":"d","t":27},"geometry":{"type":"Point","coordinates":[415839.8,5657831.1]}},{"type":"Feature","properties":{"h":5.0,"d":1.0,"a":0,"l":"d","gn":31,"t":100},"geometry":{"type":"Point","coordinates":[415840.0,5657652.9]}},{"type":"Feature","properties":{"h":20.0,"d":11.4,"a":0,"l":"d"},"geometry":{"type":"Point","coordinates":[415840.8,5656598.1]}},{"type":"Feature","properties":{"h":25.0,"d":10.0,"a":0,"l":"d","gn":4,"t":42},"geometry":{"type":"Point","coordinates":[415840.8,5657805.7]}},{"type":"Feature","properties":{"h":29.0,"d":17.0,"a":0,"l":"d","gn":3,"t":120},"geometry":{"type":"Point","coordinates":[415840.9,5657691.4]}},{"type":"Feature","properties":{"h":26.0,"d":13.0,"a":0,"l":"d","gn":3,"t":42},"geometry":{"type":"Point","coordinates":[415841.1,5657798.0]}},{"type":"Feature","properties":{"h":16.0,"d":7.0,"a":0,"l":"d","gn":3,"t":16},"geometry":{"type":"Point","coordinates":[415841.5,5657803.0]}},{"type":"Feature","properties":{"h":19.0,"d":12.0,"a":1,"l":"d","gn":11,"t":40},"geometry":{"type":"Point","coordinates":[415841.7,5657671.3]}},{"type":"Feature","properties":{"h":25.0,"d":15.0,"a":0,"l":"d","gn":31,"t":115},"geometry":{"type":"Point","coordinates":[415842.5,5657656.5]}},{"type":"Feature","properties":{"h":20.0,"d":11.4,"a":0,"l":"d"},"geometry":{"type":"Point","coordinates":[415843.3,5656602.0]}},{"type":"Feature","properties":{"h":20.0,"d":11.4,"a":0,"l":"d"},"geometry":{"type":"Point","coordinates":[415843.5,5656669.8]}},{"type":"Feature","properties":{"h":30.0,"d":5.0,"a":0,"l":"d","gn":10,"t":18},"geometry":{"type":"Point","coordinates":[415843.8,5656615.6]}},{"type":"Feature","properties":{"h":17.0,"d":10.0,"a":0,"l":"d","gn":9,"t":47},"geometry":{"type":"Point","coordinates":[415843.9,5656929.5]}},{"type":"Feature","properties":{"h":20.0,"d":11.4,"a":0,"l":"d"},"geometry":{"type":"Point","coordinates":[415844.0,5656608.2]}},{"type":"Feature","properties":{"h":30.0,"d":12.0,"a":0,"l":"d","gn":1,"t":35},"geometry":{"type":"Point","coordinates":[415844.5,5656621.7]}},{"type":"Feature","properties":{"h":25.0,"d":11.0,"a":0,"l":"d","gn":1,"t":45},"geometry":{"type":"Point","coordinates":[415844.5,5657810.0]}},{"type":"Feature","properties":{"h":30.0,"d":8.0,"a":0,"l":"d","gn":10,"t":26},"geometry":{"type":"Point","coordinates":[415844.9,5656616.8]}},{"type":"Feature","properties":{"h":30.0,"d":8.0,"a":0,"l":"d","gn":10,"t":25},"geometry":{"type":"Point","coordinates":[415845.9,5656619.5]}},{"type":"Feature","properties":{"h":20.0,"d":11.4,"a":0,"l":"d"},"geometry":{"type":"Point","coordinates":[415847.4,5656608.6]}},{"type":"Feature","properties":{"h":20.0,"d":11.4,"a":0,"l":"d"},"geometry":{"type":"Point","coordinates":[415847.5,5656668.6]}},{"type":"Feature","properties":{"h":10.0,"d":6.0,"a":1,"l":"d","gn":11,"t":14},"geometry":{"type":"Point","coordinates":[415848.4,5657808.5]}},{"type":"Feature","properties":{"h":28.0,"d":14.0,"a":0,"l":"d","gn":4,"t":70},"geometry":{"type":"Point","coordinates":[415849.6,5657796.5]}},{"type":"Feature","properties":{"h":20.0,"d":11.4,"a":0,"l":"d"},"geometry":{"type":"Point","coordinates":[415850.3,5656609.9]}},{"type":"Feature","properties":{"h":30.0,"d":9.0,"a":0,"l":"d","gn":3,"t":72},"geometry":{"type":"Point","coordinates":[415850.3,5657678.1]}},{"type":"Feature","properties":{"h":20.0,"d":11.4,"a":0,"l":"d"},"geometry":{"type":"Point","coordinates":[415850.5,5656611.2]}},{"type":"Feature","properties":{"h":25.0,"d":14.3,"a":0,"l":"d","t":74},"geometry":{"type":"Point","coordinates":[415850.5,5656624.6]}},{"type":"Feature","properties":{"h":18.0,"d":16.0,"a":0,"l":"d","gn":31,"t":102},"geometry":{"type":"Point","coordinates":[415850.9,5657802.1]}},{"type":"Feature","properties":{"h":20.0,"d":11.4,"a":0,"l":"d"},"geometry":{"type":"Point","coordinates":[415851.4,5656665.6]}},{"type":"Feature","properties":{"h":25.0,"d":11.0,"a":0,"l":"d","gn":1,"t":59},"geometry":{"type":"Point","coordinates":[415851.8,5657813.1]}},{"type":"Feature","properties":{"h":20.0,"d":11.4,"a":0,"l":"d"},"geometry":{"type":"Point","coordinates":[415852.1,5656665.7]}},{"type":"Feature","properties":{"h":20.0,"d":11.4,"a":0,"l":"d"},"geometry":{"type":"Point","coordinates":[415852.4,5656664.3]}},{"type":"Feature","properties":{"h":20.0,"d":11.4,"a":0,"l":"d","t":41},"geometry":{"type":"Point","coordinates":[415853.8,5656663.8]}},{"type":"Feature","properties":{"h":26.0,"d":9.0,"a":0,"l":"d","gn":1,"t":41},"geometry":{"type":"Point","coordinates":[415854.5,5657813.8]}},{"type":"Feature","properties":{"h":6.0,"d":3.0,"a":0,"l":"d","gn":6,"t":8},"geometry":{"type":"Point","coordinates":[415854.6,5656583.5]}},{"type":"Feature","properties":{"h":20.0,"d":11.4,"a":0,"l":"d","t":27},"geometry":{"type":"Point","coordinates":[415854.7,5656662.9]}},{"type":"Feature","properties":{"h":20.0,"d":11.4,"a":0,"l":"d"},"geometry":{"type":"Point","coordinates":[415854.7,5656619.6]}},{"type":"Feature","properties":{"h":20.0,"d":11.4,"a":0,"l":"d","t":18},"geometry":{"type":"Point","coordinates":[415854.8,5656623.0]}},{"type":"Feature","properties":{"h":20.0,"d":11.4,"a":0,"l":"d"},"geometry":{"type":"Point","coordinates":[415855.0,5656661.5]}},{"type":"Feature","properties":{"h":26.0,"d":9.0,"a":0,"l":"d","gn":1,"t":40},"geometry":{"type":"Point","coordinates":[415855.4,5657814.7]}},{"type":"Feature","properties":{"h":20.0,"d":11.4,"a":0,"l":"d"},"geometry":{"type":"Point","coordinates":[415856.1,5656662.3]}},{"type":"Feature","properties":{"h":11.0,"d":8.0,"a":1,"l":"d","gn":11,"t":21},"geometry":{"type":"Point","coordinates":[415856.4,5657669.6]}},{"type":"Feature","properties":{"h":20.0,"d":11.4,"a":0,"l":"d"},"geometry":{"type":"Point","coordinates":[415857.8,5656641.2]}},{"type":"Feature","properties":{"h":20.0,"d":11.4,"a":0,"l":"d"},"geometry":{"type":"Point","coordinates":[415857.9,5656652.5]}},{"type":"Feature","properties":{"h":20.0,"d":11.4,"a":0,"l":"d"},"geometry":{"type":"Point","coordinates":[415858.3,5656643.7]}},{"type":"Feature","properties":{"h":20.0,"d":11.4,"a":0,"l":"d"},"geometry":{"type":"Point","coordinates":[415859.0,5656655.8]}},{"type":"Feature","properties":{"h":2.0,"d":1.1,"a":0,"l":"d","gn":3,"t":30},"geometry":{"type":"Point","coordinates":[415859.6,5657737.9]}},{"type":"Feature","properties":{"h":20.0,"d":12.0,"a":5,"l":"d","gn":24},"geometry":{"type":"Point","coordinates":[415860.3,5657823.9]}},{"type":"Feature","properties":{"h":35.0,"d":15.0,"a":0,"l":"d","gn":31,"t":100},"geometry":{"type":"Point","coordinates":[415860.3,5657639.2]}},{"type":"Feature","properties":{"h":20.0,"d":11.4,"a":0,"l":"d"},"geometry":{"type":"Point","coordinates":[415860.6,5656631.8]}},{"type":"Feature","properties":{"h":5.0,"d":6.0,"a":3,"l":"e","t":23},"geometry":{"type":"Point","coordinates":[415861.0,5657636.0]}},{"type":"Feature","properties":{"h":13.0,"d":10.0,"a":0,"l":"d","gn":15,"t":35},"geometry":{"type":"Point","coordinates":[415861.1,5657671.1]}},{"type":"Feature","properties":{"h":20.0,"d":11.4,"a":0,"l":"d"},"geometry":{"type":"Point","coordinates":[415861.2,5656628.8]}},{"type":"Feature","properties":{"h":20.0,"d":11.4,"a":0,"l":"d"},"geometry":{"type":"Point","coordinates":[415861.4,5656635.5]}},{"type":"Feature","properties":{"h":19.0,"d":8.0,"a":1,"l":"d","gn":11,"t":34},"geometry":{"type":"Point","coordinates":[415862.8,5657821.3]}},{"type":"Feature","properties":{"h":15.0,"d":8.6,"a":0,"l":"d","t":18},"geometry":{"type":"Point","coordinates":[415863.4,5656655.3]}},{"type":"Feature","properties":{"h":19.0,"d":9.0,"a":0,"l":"d","gn":7,"t":61},"geometry":{"type":"Point","coordinates":[415863.5,5656662.8]}},{"type":"Feature","properties":{"h":6.0,"d":5.0,"a":5,"l":"d","gn":8,"t":12},"geometry":{"type":"Point","coordinates":[415863.7,5656576.4]}},{"type":"Feature","properties":{"h":20.0,"d":11.4,"a":0,"l":"d"},"geometry":{"type":"Point","coordinates":[415863.8,5656658.3]}},{"type":"Feature","properties":{"h":28.0,"d":10.0,"a":0,"l":"d","gn":1,"t":75},"geometry":{"type":"Point","coordinates":[415863.8,5657822.3]}},{"type":"Feature","properties":{"h":18.0,"d":20.0,"a":0,"l":"d","gn":4,"t":130},"geometry":{"type":"Point","coordinates":[415863.9,5657703.8]}},{"type":"Feature","properties":{"h":25.0,"d":16.0,"a":3,"l":"e","t":67},"geometry":{"type":"Point","coordinates":[415864.1,5657649.9]}},{"type":"Feature","properties":{"h":6.0,"d":4.0,"a":5,"l":"d","gn":8,"t":12},"geometry":{"type":"Point","coordinates":[415864.1,5656580.7]}},{"type":"Feature","properties":{"h":8.0,"d":11.0,"a":3,"l":"e","t":24},"geometry":{"type":"Point","coordinates":[415864.3,5657706.0]}},{"type":"Feature","properties":{"h":20.0,"d":12.0,"a":5,"l":"d","gn":24},"geometry":{"type":"Point","coordinates":[415864.6,5657821.9]}},{"type":"Feature","properties":{"h":20.0,"d":11.4,"a":0,"l":"d"},"geometry":{"type":"Point","coordinates":[415864.6,5656637.4]}},{"type":"Feature","properties":{"h":20.0,"d":11.4,"a":0,"l":"d"},"geometry":{"type":"Point","coordinates":[415864.7,5656653.5]}},{"type":"Feature","properties":{"h":22.0,"d":9.0,"a":0,"l":"d","gn":3,"t":63},"geometry":{"type":"Point","coordinates":[415864.8,5657811.7]}},{"type":"Feature","properties":{"h":20.0,"d":11.4,"a":0,"l":"d"},"geometry":{"type":"Point","coordinates":[415864.9,5656629.9]}},{"type":"Feature","properties":{"h":20.0,"d":11.4,"a":0,"l":"d","t":25},"geometry":{"type":"Point","coordinates":[415865.3,5656639.4]}},{"type":"Feature","properties":{"h":4.0,"d":5.0,"a":3,"l":"e","t":20},"geometry":{"type":"Point","coordinates":[415865.3,5657649.0]}},{"type":"Feature","properties":{"h":25.0,"d":8.0,"a":0,"l":"d","gn":1,"t":35},"geometry":{"type":"Point","coordinates":[415865.4,5657824.8]}},{"type":"Feature","properties":{"h":35.0,"d":20.0,"a":0,"l":"d","gn":31,"t":105},"geometry":{"type":"Point","coordinates":[415865.6,5657640.1]}},{"type":"Feature","properties":{"h":13.0,"d":10.0,"a":0,"l":"d","gn":3,"t":110},"geometry":{"type":"Point","coordinates":[415867.9,5657733.4]}},{"type":"Feature","properties":{"h":17.0,"d":10.0,"a":0,"l":"d","gn":15,"t":45},"geometry":{"type":"Point","coordinates":[415868.1,5657664.6]}},{"type":"Feature","properties":{"h":20.0,"d":11.4,"a":0,"l":"d","t":40},"geometry":{"type":"Point","coordinates":[415868.1,5656642.3]}},{"type":"Feature","properties":{"h":8.0,"d":6.0,"a":5,"l":"d","gn":8,"t":13},"geometry":{"type":"Point","coordinates":[415868.6,5656578.4]}},{"type":"Feature","properties":{"h":30.0,"d":16.0,"a":0,"l":"d","gn":4,"t":80},"geometry":{"type":"Point","coordinates":[415868.7,5657712.3]}},{"type":"Feature","properties":{"h":20.0,"d":11.4,"a":0,"l":"d","t":33},"geometry":{"type":"Point","coordinates":[415868.9,5656637.4]}},{"type":"Feature","properties":{"h":23.0,"d":11.0,"a":1,"l":"d","gn":11,"t":37},"geometry":{"type":"Point","coordinates":[415869.2,5657824.8]}},{"type":"Feature","properties":{"h":20.0,"d":11.4,"a":0,"l":"d"},"geometry":{"type":"Point","coordinates":[415869.4,5656652.8]}},{"type":"Feature","properties":{"h":29.0,"d":9.0,"a":0,"l":"d","gn":1,"t":42},"geometry":{"type":"Point","coordinates":[415869.4,5657828.0]}},{"type":"Feature","properties":{"h":16.0,"d":8.0,"a":0,"l":"d","gn":15,"t":24},"geometry":{"type":"Point","coordinates":[415870.5,5657660.8]}},{"type":"Feature","properties":{"h":30.0,"d":20.0,"a":0,"l":"d","gn":4,"t":90},"geometry":{"type":"Point","coordinates":[415870.5,5657709.5]}},{"type":"Feature","properties":{"h":30.0,"d":20.0,"a":0,"l":"d","gn":4,"t":95},"geometry":{"type":"Point","coordinates":[415870.5,5657714.7]}},{"type":"Feature","properties":{"h":28.0,"d":8.0,"a":0,"l":"d","gn":3,"t":53},"geometry":{"type":"Point","coordinates":[415871.3,5657827.0]}},{"type":"Feature","properties":{"h":30.0,"d":18.0,"a":0,"l":"d","gn":4,"t":88},"geometry":{"type":"Point","coordinates":[415871.9,5657711.4]}},{"type":"Feature","properties":{"h":20.0,"d":11.4,"a":0,"l":"d"},"geometry":{"type":"Point","coordinates":[415872.2,5656642.1]}},{"type":"Feature","properties":{"h":16.0,"d":7.0,"a":0,"l":"d","gn":15,"t":29},"geometry":{"type":"Point","coordinates":[415872.6,5657664.9]}},{"type":"Feature","properties":{"h":20.0,"d":11.4,"a":0,"l":"d"},"geometry":{"type":"Point","coordinates":[415875.5,5656648.5]}},{"type":"Feature","properties":{"h":23.0,"d":13.0,"a":0,"l":"d","gn":7,"t":54},"geometry":{"type":"Point","coordinates":[415875.7,5657826.8]}},{"type":"Feature","properties":{"h":31.0,"d":17.0,"a":0,"l":"d","gn":31,"t":120},"geometry":{"type":"Point","coordinates":[415876.1,5657813.0]}},{"type":"Feature","properties":{"h":20.0,"d":14.0,"a":3,"l":"e","t":70},"geometry":{"type":"Point","coordinates":[415876.2,5656587.2]}},{"type":"Feature","properties":{"h":20.0,"d":11.4,"a":0,"l":"d"},"geometry":{"type":"Point","coordinates":[415876.3,5656648.1]}},{"type":"Feature","properties":{"h":20.0,"d":11.4,"a":0,"l":"d"},"geometry":{"type":"Point","coordinates":[415876.4,5656649.3]}},{"type":"Feature","properties":{"h":9.0,"d":8.0,"a":5,"l":"d","gn":8,"t":25},"geometry":{"type":"Point","coordinates":[415876.6,5657661.3]}},{"type":"Feature","properties":{"h":30.0,"d":18.0,"a":0,"l":"d","gn":4,"t":90},"geometry":{"type":"Point","coordinates":[415876.8,5657664.7]}},{"type":"Feature","properties":{"h":27.0,"d":15.0,"a":0,"l":"d","gn":4,"t":80},"geometry":{"type":"Point","coordinates":[415877.5,5657645.7]}},{"type":"Feature","properties":{"h":5.0,"d":7.0,"a":3,"l":"e","t":18},"geometry":{"type":"Point","coordinates":[415877.7,5657634.4]}},{"type":"Feature","properties":{"h":28.0,"d":10.0,"a":0,"l":"d","gn":4,"t":60},"geometry":{"type":"Point","coordinates":[415877.7,5657817.9]}},{"type":"Feature","properties":{"h":2.0,"d":1.1,"a":0,"l":"d","gn":31,"t":40},"geometry":{"type":"Point","coordinates":[415878.2,5657811.3]}},{"type":"Feature","properties":{"h":16.0,"d":7.0,"a":3,"l":"e","t":42},"geometry":{"type":"Point","coordinates":[415878.8,5656590.9]}},{"type":"Feature","properties":{"h":30.0,"d":18.0,"a":0,"l":"d","gn":4,"t":80},"geometry":{"type":"Point","coordinates":[415879.5,5657663.4]}},{"type":"Feature","properties":{"h":11.0,"d":8.0,"a":1,"l":"d","gn":11,"t":15},"geometry":{"type":"Point","coordinates":[415879.7,5657821.7]}},{"type":"Feature","properties":{"h":22.0,"d":13.0,"a":3,"l":"e","t":66},"geometry":{"type":"Point","coordinates":[415880.0,5657740.6]}},{"type":"Feature","properties":{"h":8.0,"d":10.0,"a":5,"l":"d","gn":8,"t":50},"geometry":{"type":"Point","coordinates":[415880.6,5657658.4]}},{"type":"Feature","properties":{"h":19.0,"d":13.0,"a":0,"l":"d","gn":3,"t":130},"geometry":{"type":"Point","coordinates":[415882.0,5657759.0]}},{"type":"Feature","properties":{"h":25.0,"d":12.0,"a":3,"l":"e","t":60},"geometry":{"type":"Point","coordinates":[415882.2,5657739.4]}},{"type":"Feature","properties":{"h":7.0,"d":7.0,"a":3,"l":"e","t":19},"geometry":{"type":"Point","coordinates":[415883.1,5657646.0]}},{"type":"Feature","properties":{"h":8.0,"d":4.0,"a":0,"l":"d","gn":3,"t":76},"geometry":{"type":"Point","coordinates":[415883.4,5657714.0]}},{"type":"Feature","properties":{"h":7.0,"d":10.0,"a":3,"l":"e","t":22},"geometry":{"type":"Point","coordinates":[415883.7,5657632.0]}},{"type":"Feature","properties":{"h":29.0,"d":10.0,"a":0,"l":"d","gn":5,"t":83},"geometry":{"type":"Point","coordinates":[415884.9,5657820.6]}},{"type":"Feature","properties":{"h":2.0,"d":1.0,"a":3,"l":"e","t":5},"geometry":{"type":"Point","coordinates":[415885.1,5656583.8]}},{"type":"Feature","properties":{"h":6.0,"d":4.0,"a":3,"l":"e","t":20},"geometry":{"type":"Point","coordinates":[415885.7,5657646.2]}},{"type":"Feature","properties":{"h":20.0,"d":9.0,"a":3,"l":"e","t":55},"geometry":{"type":"Point","coordinates":[415887.4,5656566.5]}},{"type":"Feature","properties":{"h":13.0,"d":6.0,"a":0,"l":"d","gn":3,"t":29},"geometry":{"type":"Point","coordinates":[415887.5,5657718.8]}},{"type":"Feature","properties":{"h":25.0,"d":12.0,"a":0,"l":"d","gn":4,"t":42},"geometry":{"type":"Point","coordinates":[415888.0,5657749.4]}},{"type":"Feature","properties":{"h":18.0,"d":8.0,"a":0,"l":"d","gn":3,"t":22},"geometry":{"type":"Point","coordinates":[415888.3,5657744.1]}},{"type":"Feature","properties":{"h":9.0,"d":6.0,"a":0,"l":"d","gn":4,"t":18},"geometry":{"type":"Point","coordinates":[415888.4,5657656.9]}},{"type":"Feature","properties":{"h":19.0,"d":12.0,"a":0,"l":"d","gn":1,"t":47},"geometry":{"type":"Point","coordinates":[415888.6,5657710.3]}},{"type":"Feature","properties":{"h":35.0,"d":22.0,"a":0,"l":"d","gn":4,"t":153},"geometry":{"type":"Point","coordinates":[415889.7,5657819.1]}},{"type":"Feature","properties":{"h":11.0,"d":8.0,"a":5,"l":"d","gn":8,"t":23},"geometry":{"type":"Point","coordinates":[415890.0,5657776.2]}},{"type":"Feature","properties":{"h":7.0,"d":4.0,"a":5,"l":"d","gn":12,"t":16},"geometry":{"type":"Point","coordinates":[415890.4,5657712.0]}},{"type":"Feature","properties":{"h":21.0,"d":8.0,"a":0,"l":"d","gn":3,"t":47},"geometry":{"type":"Point","coordinates":[415891.0,5657717.1]}},{"type":"Feature","properties":{"h":18.0,"d":16.0,"a":5,"l":"d","gn":8,"t":90},"geometry":{"type":"Point","coordinates":[415891.6,5657644.3]}},{"type":"Feature","properties":{"h":4.0,"d":3.0,"a":3,"l":"e","t":5},"geometry":{"type":"Point","coordinates":[415891.8,5656569.2]}},{"type":"Feature","properties":{"h":22.0,"d":8.0,"a":3,"l":"e","t":42},"geometry":{"type":"Point","coordinates":[415891.8,5656583.1]}},{"type":"Feature","properties":{"h":28.0,"d":9.0,"a":0,"l":"d","gn":3,"t":58},"geometry":{"type":"Point","coordinates":[415891.9,5657635.6]}},{"type":"Feature","properties":{"h":5.0,"d":4.0,"a":5,"l":"d","gn":12,"t":20},"geometry":{"type":"Point","coordinates":[415892.0,5657714.3]}},{"type":"Feature","properties":{"h":19.0,"d":16.0,"a":0,"l":"d","gn":32,"t":38},"geometry":{"type":"Point","coordinates":[415892.6,5657754.5]}},{"type":"Feature","properties":{"h":19.0,"d":13.0,"a":0,"l":"d","gn":32,"t":50},"geometry":{"type":"Point","coordinates":[415892.9,5657756.6]}},{"type":"Feature","properties":{"h":9.0,"d":6.0,"a":0,"l":"d","gn":3,"t":11},"geometry":{"type":"Point","coordinates":[415893.3,5657746.9]}},{"type":"Feature","properties":{"h":6.0,"d":3.0,"a":0,"l":"d","gn":3,"t":8},"geometry":{"type":"Point","coordinates":[415894.2,5657742.4]}},{"type":"Feature","properties":{"h":22.0,"d":10.0,"a":0,"l":"d","gn":7,"t":47},"geometry":{"type":"Point","coordinates":[415894.2,5657825.7]}},{"type":"Feature","properties":{"h":16.0,"d":10.0,"a":0,"l":"d","gn":32,"t":24},"geometry":{"type":"Point","coordinates":[415894.6,5657757.8]}},{"type":"Feature","properties":{"h":15.0,"d":12.0,"a":0,"l":"d","gn":1,"t":35},"geometry":{"type":"Point","coordinates":[415894.7,5657765.8]}},{"type":"Feature","properties":{"h":4.0,"d":3.0,"a":3,"l":"e","t":3},"geometry":{"type":"Point","coordinates":[415895.6,5656580.1]}},{"type":"Feature","properties":{"h":11.0,"d":6.0,"a":0,"l":"d","gn":1,"t":14},"geometry":{"type":"Point","coordinates":[415896.0,5657719.4]}},{"type":"Feature","properties":{"h":27.0,"d":15.0,"a":0,"l":"d","gn":4,"t":62},"geometry":{"type":"Point","coordinates":[415896.2,5657722.0]}},{"type":"Feature","properties":{"h":12.0,"d":7.0,"a":0,"l":"d","gn":3,"t":100},"geometry":{"type":"Point","coordinates":[415897.5,5657779.7]}},{"type":"Feature","properties":{"h":30.0,"d":20.0,"a":0,"l":"d","gn":31,"t":70},"geometry":{"type":"Point","coordinates":[415897.7,5657716.8]}},{"type":"Feature","properties":{"h":22.0,"d":10.0,"a":3,"l":"e","t":47},"geometry":{"type":"Point","coordinates":[415897.9,5656576.8]}},{"type":"Feature","properties":{"h":11.0,"d":9.0,"a":5,"l":"d","gn":8,"t":40},"geometry":{"type":"Point","coordinates":[415898.3,5657649.8]}},{"type":"Feature","properties":{"h":17.0,"d":9.0,"a":0,"l":"d","gn":4,"t":33},"geometry":{"type":"Point","coordinates":[415898.4,5657788.3]}},{"type":"Feature","properties":{"h":32.0,"d":20.0,"a":0,"l":"d","gn":4,"t":84},"geometry":{"type":"Point","coordinates":[415898.7,5657812.1]}},{"type":"Feature","properties":{"h":8.0,"d":5.0,"a":0,"l":"d","gn":3,"t":10},"geometry":{"type":"Point","coordinates":[415899.0,5657753.0]}},{"type":"Feature","properties":{"h":30.0,"d":20.0,"a":0,"l":"d","gn":4,"t":80},"geometry":{"type":"Point","coordinates":[415899.7,5657806.3]}},{"type":"Feature","properties":{"h":14.0,"d":8.0,"a":0,"l":"d","gn":31,"t":16},"geometry":{"type":"Point","coordinates":[415900.6,5657728.5]}},{"type":"Feature","properties":{"h":10.0,"d":4.0,"a":1,"l":"d","gn":11,"t":19},"geometry":{"type":"Point","coordinates":[415900.7,5656576.5]}},{"type":"Feature","properties":{"h":14.0,"d":8.0,"a":0,"l":"d","gn":31,"t":16},"geometry":{"type":"Point","coordinates":[415900.8,5657729.4]}},{"type":"Feature","properties":{"h":9.0,"d":5.0,"a":0,"l":"d","gn":4,"t":17},"geometry":{"type":"Point","coordinates":[415901.5,5657678.4]}},{"type":"Feature","properties":{"h":4.0,"d":6.4,"a":5,"l":"d","gn":8,"t":24},"geometry":{"type":"Point","coordinates":[415901.7,5657644.0]}},{"type":"Feature","properties":{"h":10.0,"d":2.0,"a":1,"l":"d","gn":11,"t":9},"geometry":{"type":"Point","coordinates":[415901.8,5656575.7]}},{"type":"Feature","properties":{"h":12.0,"d":5.0,"a":0,"l":"d","gn":31,"t":10},"geometry":{"type":"Point","coordinates":[415902.8,5657729.9]}},{"type":"Feature","properties":{"h":12.0,"d":8.0,"a":0,"l":"d","gn":31,"t":30},"geometry":{"type":"Point","coordinates":[415902.9,5657808.7]}},{"type":"Feature","properties":{"h":11.0,"d":5.0,"a":0,"l":"d","gn":4,"t":14},"geometry":{"type":"Point","coordinates":[415902.9,5657648.5]}},{"type":"Feature","properties":{"h":6.0,"d":3.0,"a":1,"l":"d","gn":11,"t":10},"geometry":{"type":"Point","coordinates":[415903.0,5656574.8]}},{"type":"Feature","properties":{"h":30.0,"d":20.0,"a":0,"l":"d","gn":4,"t":93},"geometry":{"type":"Point","coordinates":[415903.4,5657708.7]}},{"type":"Feature","properties":{"h":10.0,"d":12.0,"a":0,"l":"d","gn":31,"t":80},"geometry":{"type":"Point","coordinates":[415903.5,5657811.4]}},{"type":"Feature","properties":{"h":35.0,"d":22.0,"a":0,"l":"d","gn":31,"t":100},"geometry":{"type":"Point","coordinates":[415904.1,5657722.5]}},{"type":"Feature","properties":{"h":10.0,"d":2.0,"a":1,"l":"d","gn":11,"t":13},"geometry":{"type":"Point","coordinates":[415904.3,5656573.9]}},{"type":"Feature","properties":{"h":18.0,"d":14.0,"a":0,"l":"d","gn":31,"t":44},"geometry":{"type":"Point","coordinates":[415905.8,5657762.9]}},{"type":"Feature","properties":{"h":32.0,"d":12.0,"a":0,"l":"d","gn":31,"t":95},"geometry":{"type":"Point","coordinates":[415905.8,5657755.6]}},{"type":"Feature","properties":{"h":13.0,"d":8.0,"a":0,"l":"d","gn":3,"t":30},"geometry":{"type":"Point","coordinates":[415906.5,5657785.9]}},{"type":"Feature","properties":{"h":9.0,"d":5.0,"a":0,"l":"d","gn":4,"t":24},"geometry":{"type":"Point","coordinates":[415906.6,5657688.5]}},{"type":"Feature","properties":{"h":10.0,"d":5.0,"a":5,"l":"d","gn":8,"t":15},"geometry":{"type":"Point","coordinates":[415906.8,5657790.1]}},{"type":"Feature","properties":{"h":35.0,"d":20.0,"a":0,"l":"d","gn":31,"t":90},"geometry":{"type":"Point","coordinates":[415907.0,5657733.3]}},{"type":"Feature","properties":{"h":27.0,"d":8.0,"a":0,"l":"d","gn":1,"t":31},"geometry":{"type":"Point","coordinates":[415907.2,5657747.2]}},{"type":"Feature","properties":{"h":15.0,"d":9.0,"a":0,"l":"d","gn":31,"t":19},"geometry":{"type":"Point","coordinates":[415907.7,5657739.1]}},{"type":"Feature","properties":{"h":28.0,"d":16.0,"a":0,"l":"d","gn":3,"t":62},"geometry":{"type":"Point","coordinates":[415907.9,5657825.4]}},{"type":"Feature","properties":{"h":25.0,"d":9.0,"a":0,"l":"d","gn":1,"t":35},"geometry":{"type":"Point","coordinates":[415908.7,5657725.9]}},{"type":"Feature","properties":{"h":9.0,"d":4.0,"a":5,"l":"d","gn":8,"t":15},"geometry":{"type":"Point","coordinates":[415909.4,5657793.8]}},{"type":"Feature","properties":{"h":7.0,"d":3.0,"a":0,"l":"d","gn":4,"t":11},"geometry":{"type":"Point","coordinates":[415910.4,5657674.7]}},{"type":"Feature","properties":{"h":16.0,"d":5.0,"a":0,"l":"d","gn":31,"t":45},"geometry":{"type":"Point","coordinates":[415910.9,5657713.1]}},{"type":"Feature","properties":{"h":32.0,"d":16.0,"a":0,"l":"d","gn":31,"t":60},"geometry":{"type":"Point","coordinates":[415911.2,5657761.1]}},{"type":"Feature","properties":{"h":10.0,"d":6.0,"a":0,"l":"d","gn":1,"t":20},"geometry":{"type":"Point","coordinates":[415911.6,5657695.6]}},{"type":"Feature","properties":{"h":10.0,"d":7.0,"a":1,"l":"d","gn":11,"t":15},"geometry":{"type":"Point","coordinates":[415911.7,5657820.3]}},{"type":"Feature","properties":{"h":30.0,"d":17.0,"a":0,"l":"d","gn":4,"t":77},"geometry":{"type":"Point","coordinates":[415912.0,5657739.2]}},{"type":"Feature","properties":{"h":17.0,"d":13.0,"a":0,"l":"d","gn":31,"t":30},"geometry":{"type":"Point","coordinates":[415912.5,5657764.2]}},{"type":"Feature","properties":{"h":35.0,"d":21.0,"a":0,"l":"d","gn":31,"t":78},"geometry":{"type":"Point","coordinates":[415912.7,5657748.0]}},{"type":"Feature","properties":{"h":13.0,"d":8.0,"a":0,"l":"d","gn":3,"t":34},"geometry":{"type":"Point","coordinates":[415912.9,5657783.3]}},{"type":"Feature","properties":{"h":9.0,"d":4.0,"a":5,"l":"d","gn":8,"t":12},"geometry":{"type":"Point","coordinates":[415912.9,5657789.7]}},{"type":"Feature","properties":{"h":12.0,"d":7.0,"a":0,"l":"d","gn":3,"t":22},"geometry":{"type":"Point","coordinates":[415913.4,5657784.8]}},{"type":"Feature","properties":{"h":12.0,"d":12.0,"a":0,"l":"d","gn":31,"t":36},"geometry":{"type":"Point","coordinates":[415913.5,5657743.0]}},{"type":"Feature","properties":{"h":32.0,"d":9.0,"a":0,"l":"d","gn":31,"t":50},"geometry":{"type":"Point","coordinates":[415913.9,5657728.8]}},{"type":"Feature","properties":{"h":25.0,"d":17.0,"a":0,"l":"d","gn":31,"t":64},"geometry":{"type":"Point","coordinates":[415914.2,5657702.4]}},{"type":"Feature","properties":{"h":18.0,"d":11.0,"a":0,"l":"d","gn":31,"t":27},"geometry":{"type":"Point","coordinates":[415914.3,5657708.0]}},{"type":"Feature","properties":{"h":9.0,"d":7.0,"a":0,"l":"d","gn":1,"t":21},"geometry":{"type":"Point","coordinates":[415914.9,5657694.9]}},{"type":"Feature","properties":{"h":26.0,"d":8.0,"a":0,"l":"d","gn":31,"t":50},"geometry":{"type":"Point","coordinates":[415915.4,5657768.6]}},{"type":"Feature","properties":{"h":35.0,"d":10.0,"a":0,"l":"d","gn":31,"t":65},"geometry":{"type":"Point","coordinates":[415915.4,5657755.8]}},{"type":"Feature","properties":{"h":35.0,"d":25.0,"a":0,"l":"d","gn":31,"t":100},"geometry":{"type":"Point","coordinates":[415915.7,5657701.4]}},{"type":"Feature","properties":{"h":10.0,"d":6.0,"a":0,"l":"d","gn":1,"t":20},"geometry":{"type":"Point","coordinates":[415915.8,5657687.6]}},{"type":"Feature","properties":{"h":8.0,"d":5.0,"a":0,"l":"d","gn":4,"t":15},"geometry":{"type":"Point","coordinates":[415916.0,5657654.8]}},{"type":"Feature","properties":{"h":10.0,"d":6.0,"a":1,"l":"d","gn":11,"t":14},"geometry":{"type":"Point","coordinates":[415916.4,5657823.1]}},{"type":"Feature","properties":{"h":32.0,"d":23.0,"a":0,"l":"d","gn":4,"t":100},"geometry":{"type":"Point","coordinates":[415916.4,5657792.7]}},{"type":"Feature","properties":{"h":33.0,"d":7.0,"a":0,"l":"d","gn":31,"t":35},"geometry":{"type":"Point","coordinates":[415916.5,5657712.6]}},{"type":"Feature","properties":{"h":5.0,"d":2.0,"a":1,"l":"d","gn":30,"t":7},"geometry":{"type":"Point","coordinates":[415916.6,5656619.0]}},{"type":"Feature","properties":{"h":21.0,"d":13.0,"a":0,"l":"d","gn":3,"t":48},"geometry":{"type":"Point","coordinates":[415916.9,5657675.7]}},{"type":"Feature","properties":{"h":25.0,"d":16.0,"a":0,"l":"d","gn":31,"t":85},"geometry":{"type":"Point","coordinates":[415916.9,5656611.9]}},{"type":"Feature","properties":{"h":35.0,"d":20.0,"a":0,"l":"d","gn":31,"t":86},"geometry":{"type":"Point","coordinates":[415917.8,5657742.7]}},{"type":"Feature","properties":{"h":20.0,"d":8.0,"a":0,"l":"d","gn":31,"t":50},"geometry":{"type":"Point","coordinates":[415918.3,5657710.2]}},{"type":"Feature","properties":{"h":12.0,"d":7.0,"a":0,"l":"d","gn":1,"t":21},"geometry":{"type":"Point","coordinates":[415918.5,5657672.1]}},{"type":"Feature","properties":{"h":20.0,"d":13.0,"a":3,"l":"e","s":"osm","f":1},"geometry":{"type":"Point","coordinates":[415918.7,5657543.9]}},{"type":"Feature","properties":{"h":19.0,"d":13.0,"a":1,"l":"d","gn":11,"t":32},"geometry":{"type":"Point","coordinates":[415919.1,5657654.0]}},{"type":"Feature","properties":{"h":10.0,"d":7.0,"a":0,"l":"d","gn":3,"t":22},"geometry":{"type":"Point","coordinates":[415919.2,5657816.0]}},{"type":"Feature","properties":{"h":30.0,"d":8.0,"a":0,"l":"d","gn":31,"t":52},"geometry":{"type":"Point","coordinates":[415919.4,5657715.9]}},{"type":"Feature","properties":{"h":20.0,"d":12.0,"a":1,"l":"d","gn":11,"t":48},"geometry":{"type":"Point","coordinates":[415919.5,5657781.0]}},{"type":"Feature","properties":{"h":5.0,"d":2.0,"a":0,"l":"d","gn":3,"t":10},"geometry":{"type":"Point","coordinates":[415919.8,5656136.8]}},{"type":"Feature","properties":{"h":12.0,"d":13.0,"a":1,"l":"d","gn":11,"t":22},"geometry":{"type":"Point","coordinates":[415919.8,5657825.3]}},{"type":"Feature","properties":{"h":13.0,"d":7.0,"a":0,"l":"d","gn":1,"t":23},"geometry":{"type":"Point","coordinates":[415920.0,5657670.5]}},{"type":"Feature","properties":{"h":5.0,"d":5.0,"a":5,"l":"d","gn":21,"t":10},"geometry":{"type":"Point","coordinates":[415920.0,5656617.9]}},{"type":"Feature","properties":{"h":30.0,"d":10.0,"a":0,"l":"d","gn":31,"t":50},"geometry":{"type":"Point","coordinates":[415920.3,5657708.7]}},{"type":"Feature","properties":{"h":18.0,"d":12.0,"a":1,"l":"d","gn":11,"t":27},"geometry":{"type":"Point","coordinates":[415921.3,5657655.7]}},{"type":"Feature","properties":{"h":25.0,"d":8.0,"a":0,"l":"d","gn":31,"t":35},"geometry":{"type":"Point","coordinates":[415921.8,5657723.0]}},{"type":"Feature","properties":{"h":19.0,"d":11.0,"a":0,"l":"d","gn":31,"t":37},"geometry":{"type":"Point","coordinates":[415921.9,5657783.4]}},{"type":"Feature","properties":{"h":34.0,"d":20.0,"a":0,"l":"d","gn":4,"t":100},"geometry":{"type":"Point","coordinates":[415921.9,5657661.3]}},{"type":"Feature","properties":{"h":16.0,"d":14.0,"a":1,"l":"d","gn":11,"t":38},"geometry":{"type":"Point","coordinates":[415922.2,5657658.3]}},{"type":"Feature","properties":{"h":14.0,"d":6.0,"a":0,"l":"d","gn":1,"t":21},"geometry":{"type":"Point","coordinates":[415922.4,5657672.4]}},{"type":"Feature","properties":{"h":30.0,"d":16.0,"a":0,"l":"d","gn":4,"t":80},"geometry":{"type":"Point","coordinates":[415922.4,5657795.7]}},{"type":"Feature","properties":{"h":13.0,"d":4.0,"a":0,"l":"d","gn":31,"t":80},"geometry":{"type":"Point","coordinates":[415923.2,5657739.5]}},{"type":"Feature","properties":{"h":5.0,"d":6.0,"a":3,"l":"e","t":12},"geometry":{"type":"Point","coordinates":[415923.4,5656615.7]}},{"type":"Feature","properties":{"h":16.0,"d":5.0,"a":0,"l":"d","gn":31,"t":50},"geometry":{"type":"Point","coordinates":[415924.2,5657722.8]}},{"type":"Feature","properties":{"h":21.0,"d":13.0,"a":0,"l":"d","gn":31,"t":40},"geometry":{"type":"Point","coordinates":[415924.6,5657763.8]}},{"type":"Feature","properties":{"h":5.0,"d":4.0,"a":3,"l":"e","t":10},"geometry":{"type":"Point","coordinates":[415924.7,5656606.0]}},{"type":"Feature","properties":{"h":35.0,"d":20.0,"a":0,"l":"d","gn":4,"t":110},"geometry":{"type":"Point","coordinates":[415924.8,5657762.5]}},{"type":"Feature","properties":{"h":23.0,"d":6.0,"a":0,"l":"d","gn":31,"t":40},"geometry":{"type":"Point","coordinates":[415924.9,5657715.9]}},{"type":"Feature","properties":{"h":17.0,"d":8.0,"a":0,"l":"d","gn":1,"t":21},"geometry":{"type":"Point","coordinates":[415925.3,5657667.8]}},{"type":"Feature","properties":{"h":18.0,"d":10.0,"a":0,"l":"d","gn":31,"t":135},"geometry":{"type":"Point","coordinates":[415925.5,5657808.2]}},{"type":"Feature","properties":{"h":35.0,"d":16.0,"a":0,"l":"d","gn":31,"t":63},"geometry":{"type":"Point","coordinates":[415926.1,5657746.0]}},{"type":"Feature","properties":{"h":24.0,"d":13.7,"a":0,"l":"d","gn":31},"geometry":{"type":"Point","coordinates":[415926.5,5657710.6]}},{"type":"Feature","properties":{"h":5.0,"d":5.0,"a":3,"l":"e","t":10},"geometry":{"type":"Point","coordinates":[415927.8,5656612.5]}},{"type":"Feature","properties":{"h":6.0,"d":1.0,"a":0,"l":"d","gn":31,"t":37},"geometry":{"type":"Point","coordinates":[415928.2,5657716.8]}},{"type":"Feature","properties":{"h":28.0,"d":12.0,"a":0,"l":"d","gn":31,"t":53},"geometry":{"type":"Point","coordinates":[415928.4,5657806.7]}},{"type":"Feature","properties":{"h":9.0,"d":8.0,"a":1,"l":"d","gn":11,"t":17},"geometry":{"type":"Point","coordinates":[415928.6,5657767.6]}},{"type":"Feature","properties":{"h":21.0,"d":10.0,"a":0,"l":"d","gn":31,"t":74},"geometry":{"type":"Point","coordinates":[415928.7,5657723.1]}},{"type":"Feature","properties":{"h":22.0,"d":6.0,"a":0,"l":"d","gn":31,"t":30},"geometry":{"type":"Point","coordinates":[415928.8,5657714.3]}},{"type":"Feature","properties":{"h":22.0,"d":8.0,"a":0,"l":"d","gn":31,"t":37},"geometry":{"type":"Point","coordinates":[415928.9,5657736.3]}},{"type":"Feature","properties":{"h":18.0,"d":11.0,"a":0,"l":"d","gn":3,"t":60},"geometry":{"type":"Point","coordinates":[415929.5,5656143.7]}},{"type":"Feature","properties":{"h":10.0,"d":2.0,"a":0,"l":"d","gn":31,"t":130},"geometry":{"type":"Point","coordinates":[415929.9,5657700.5]}},{"type":"Feature","properties":{"h":15.0,"d":7.0,"a":1,"l":"d","gn":11,"t":18},"geometry":{"type":"Point","coordinates":[415930.4,5657763.2]}},{"type":"Feature","properties":{"h":11.0,"d":7.0,"a":1,"l":"d","gn":11,"t":21},"geometry":{"type":"Point","coordinates":[415930.5,5657774.0]}},{"type":"Feature","properties":{"h":32.0,"d":16.0,"a":0,"l":"d","gn":31,"t":90},"geometry":{"type":"Point","coordinates":[415930.8,5657791.5]}},{"type":"Feature","properties":{"h":22.0,"d":17.0,"a":1,"l":"d","gn":11,"t":50},"geometry":{"type":"Point","coordinates":[415930.8,5657825.1]}},{"type":"Feature","properties":{"h":14.0,"d":9.0,"a":1,"l":"d","gn":11,"t":24},"geometry":{"type":"Point","coordinates":[415931.1,5657678.2]}},{"type":"Feature","properties":{"h":35.0,"d":15.0,"a":0,"l":"d","gn":31,"t":65},"geometry":{"type":"Point","coordinates":[415931.3,5657751.0]}},{"type":"Feature","properties":{"h":35.0,"d":16.0,"a":0,"l":"d","gn":4,"t":65},"geometry":{"type":"Point","coordinates":[415932.5,5657783.5]}},{"type":"Feature","properties":{"h":24.0,"d":15.0,"a":0,"l":"d","gn":31,"t":53},"geometry":{"type":"Point","coordinates":[415932.8,5657689.9]}},{"type":"Feature","properties":{"h":12.0,"d":8.0,"a":0,"l":"d","gn":31,"t":22},"geometry":{"type":"Point","coordinates":[415933.7,5657730.2]}},{"type":"Feature","properties":{"h":23.0,"d":18.0,"a":0,"l":"d","gn":31,"t":140},"geometry":{"type":"Point","coordinates":[415933.9,5657670.0]}},{"type":"Feature","properties":{"h":20.0,"d":8.0,"a":0,"l":"d","gn":31,"t":27},"geometry":{"type":"Point","coordinates":[415934.0,5657709.1]}},{"type":"Feature","properties":{"h":30.0,"d":22.0,"a":0,"l":"d","gn":31,"t":90},"geometry":{"type":"Point","coordinates":[415934.5,5657691.7]}},{"type":"Feature","properties":{"h":35.0,"d":9.0,"a":0,"l":"d","gn":4,"t":46},"geometry":{"type":"Point","coordinates":[415936.1,5657706.0]}},{"type":"Feature","properties":{"h":16.0,"d":15.0,"a":0,"l":"d","gn":31,"t":82},"geometry":{"type":"Point","coordinates":[415936.4,5657786.3]}},{"type":"Feature","properties":{"h":28.0,"d":16.0,"a":0,"l":"d","gn":31,"t":86},"geometry":{"type":"Point","coordinates":[415937.8,5657748.9]}},{"type":"Feature","properties":{"h":25.0,"d":11.0,"a":0,"l":"d","gn":31,"t":37},"geometry":{"type":"Point","coordinates":[415938.1,5657704.1]}},{"type":"Feature","properties":{"h":30.0,"d":14.0,"a":0,"l":"d","gn":31,"t":98},"geometry":{"type":"Point","coordinates":[415938.6,5657809.4]}},{"type":"Feature","properties":{"h":32.0,"d":20.0,"a":0,"l":"d","gn":31,"t":74},"geometry":{"type":"Point","coordinates":[415939.8,5657771.4]}},{"type":"Feature","properties":{"h":15.0,"d":10.0,"a":1,"l":"d","gn":11,"t":28},"geometry":{"type":"Point","coordinates":[415940.5,5657807.6]}},{"type":"Feature","properties":{"h":35.0,"d":18.0,"a":0,"l":"d","gn":31,"t":82},"geometry":{"type":"Point","coordinates":[415941.1,5657792.7]}},{"type":"Feature","properties":{"h":35.0,"d":15.0,"a":0,"l":"d","gn":31,"t":65},"geometry":{"type":"Point","coordinates":[415941.2,5657738.3]}},{"type":"Feature","properties":{"h":22.0,"d":11.0,"a":0,"l":"d","gn":31,"t":42},"geometry":{"type":"Point","coordinates":[415941.6,5657750.4]}},{"type":"Feature","properties":{"h":14.0,"d":7.0,"a":0,"l":"d","gn":32,"t":28},"geometry":{"type":"Point","coordinates":[415942.6,5657673.3]}},{"type":"Feature","properties":{"h":10.0,"d":7.0,"a":0,"l":"d","gn":3,"t":17},"geometry":{"type":"Point","coordinates":[415942.7,5657784.4]}},{"type":"Feature","properties":{"h":16.0,"d":11.0,"a":0,"l":"d","gn":31,"t":70},"geometry":{"type":"Point","coordinates":[415942.9,5657705.4]}},{"type":"Feature","properties":{"h":8.0,"d":5.0,"a":0,"l":"d","gn":3,"t":12},"geometry":{"type":"Point","coordinates":[415945.1,5657824.2]}},{"type":"Feature","properties":{"h":24.0,"d":13.7,"a":0,"l":"d","gn":31},"geometry":{"type":"Point","coordinates":[415945.5,5657680.8]}},{"type":"Feature","properties":{"h":22.0,"d":14.0,"a":0,"l":"d","gn":31,"t":55},"geometry":{"type":"Point","coordinates":[415945.7,5657701.2]}},{"type":"Feature","properties":{"h":35.0,"d":15.0,"a":0,"l":"d","gn":31,"t":82},"geometry":{"type":"Point","coordinates":[415945.7,5657735.4]}},{"type":"Feature","properties":{"h":14.0,"d":8.0,"a":0,"l":"d","gn":3,"t":23},"geometry":{"type":"Point","coordinates":[415946.3,5657789.9]}},{"type":"Feature","properties":{"h":15.0,"d":8.0,"a":0,"l":"d","gn":3,"t":25},"geometry":{"type":"Point","coordinates":[415947.3,5657780.4]}},{"type":"Feature","properties":{"h":30.0,"d":10.0,"a":0,"l":"d","gn":4,"t":80},"geometry":{"type":"Point","coordinates":[415947.7,5657711.0]}},{"type":"Feature","properties":{"h":20.0,"d":11.4,"a":0,"l":"d","s":"osm"},"geometry":{"type":"Point","coordinates":[415949.4,5656149.7]}},{"type":"Feature","properties":{"h":35.0,"d":8.0,"a":0,"l":"d","gn":4,"t":57},"geometry":{"type":"Point","coordinates":[415949.8,5657726.6]}},{"type":"Feature","properties":{"h":15.0,"d":8.0,"a":0,"l":"d","gn":31,"t":30},"geometry":{"type":"Point","coordinates":[415949.8,5657714.0]}},{"type":"Feature","properties":{"h":16.0,"d":9.0,"a":0,"l":"d","gn":7,"t":57},"geometry":{"type":"Point","coordinates":[415951.2,5656601.9]}},{"type":"Feature","properties":{"h":16.0,"d":10.0,"a":0,"l":"d","gn":9,"t":45},"geometry":{"type":"Point","coordinates":[415951.5,5656854.7]}},{"type":"Feature","properties":{"h":25.0,"d":18.0,"a":0,"l":"d","gn":15,"t":64},"geometry":{"type":"Point","coordinates":[415951.6,5657667.5]}},{"type":"Feature","properties":{"h":30.0,"d":12.0,"a":0,"l":"d","gn":4,"t":80},"geometry":{"type":"Point","coordinates":[415951.9,5657682.9]}},{"type":"Feature","properties":{"h":27.0,"d":10.0,"a":0,"l":"d","gn":31,"t":72},"geometry":{"type":"Point","coordinates":[415951.9,5657771.5]}},{"type":"Feature","properties":{"h":30.0,"d":14.0,"a":0,"l":"d","gn":31,"t":48},"geometry":{"type":"Point","coordinates":[415952.2,5657758.7]}},{"type":"Feature","properties":{"h":32.0,"d":14.0,"a":0,"l":"d","gn":31,"t":75},"geometry":{"type":"Point","coordinates":[415952.7,5657690.4]}},{"type":"Feature","properties":{"h":16.0,"d":12.0,"a":0,"l":"d","gn":31,"t":55},"geometry":{"type":"Point","coordinates":[415953.4,5657742.0]}},{"type":"Feature","properties":{"h":14.0,"d":8.0,"a":0,"l":"d","gn":31,"t":25},"geometry":{"type":"Point","coordinates":[415953.5,5657771.6]}},{"type":"Feature","properties":{"h":9.0,"d":10.0,"a":3,"l":"e","t":29},"geometry":{"type":"Point","coordinates":[415955.2,5657803.4]}},{"type":"Feature","properties":{"h":27.0,"d":11.0,"a":0,"l":"d","gn":31,"t":44},"geometry":{"type":"Point","coordinates":[415955.4,5657774.7]}},{"type":"Feature","properties":{"h":15.0,"d":5.0,"a":0,"l":"d","gn":31,"t":63},"geometry":{"type":"Point","coordinates":[415955.5,5657746.4]}},{"type":"Feature","properties":{"h":24.0,"d":13.7,"a":0,"l":"d","gn":31},"geometry":{"type":"Point","coordinates":[415956.2,5657694.4]}},{"type":"Feature","properties":{"h":35.0,"d":20.0,"a":0,"l":"d","gn":31,"t":90},"geometry":{"type":"Point","coordinates":[415956.5,5657764.6]}},{"type":"Feature","properties":{"h":24.0,"d":13.7,"a":0,"l":"d","gn":31},"geometry":{"type":"Point","coordinates":[415956.6,5657758.7]}},{"type":"Feature","properties":{"h":35.0,"d":20.0,"a":0,"l":"d","gn":31,"t":100},"geometry":{"type":"Point","coordinates":[415957.3,5657726.9]}},{"type":"Feature","properties":{"h":2.0,"d":1.0,"a":0,"l":"d","gn":31,"t":80},"geometry":{"type":"Point","coordinates":[415957.7,5657686.8]}},{"type":"Feature","properties":{"h":24.0,"d":13.7,"a":0,"l":"d","gn":31},"geometry":{"type":"Point","coordinates":[415957.9,5657704.1]}},{"type":"Feature","properties":{"h":7.3,"d":3.3,"a":5,"l":"d","gn":8,"t":28},"geometry":{"type":"Point","coordinates":[415959.0,5656804.0]}},{"type":"Feature","properties":{"h":6.0,"d":3.9,"a":3,"l":"e"},"geometry":{"type":"Point","coordinates":[415959.0,5656799.1]}},{"type":"Feature","properties":{"h":24.0,"d":13.7,"a":0,"l":"d","gn":31},"geometry":{"type":"Point","coordinates":[415960.4,5657739.0]}},{"type":"Feature","properties":{"h":30.0,"d":16.0,"a":0,"l":"d","gn":31,"t":78},"geometry":{"type":"Point","coordinates":[415960.8,5657806.5]}},{"type":"Feature","properties":{"h":31.0,"d":15.0,"a":0,"l":"d","gn":31,"t":55},"geometry":{"type":"Point","coordinates":[415961.2,5657747.8]}},{"type":"Feature","properties":{"h":8.9,"d":8.1,"a":5,"l":"d","gn":8,"t":32},"geometry":{"type":"Point","coordinates":[415961.6,5656805.7]}},{"type":"Feature","properties":{"h":10.0,"d":4.0,"a":5,"l":"d","t":20},"geometry":{"type":"Point","coordinates":[415962.3,5657672.0]}},{"type":"Feature","properties":{"h":31.0,"d":17.0,"a":0,"l":"d","gn":31,"t":63},"geometry":{"type":"Point","coordinates":[415962.4,5657756.0]}},{"type":"Feature","properties":{"h":22.0,"d":8.0,"a":0,"l":"d","gn":31,"t":42},"geometry":{"type":"Point","coordinates":[415964.7,5657770.3]}},{"type":"Feature","properties":{"h":30.0,"d":10.0,"a":0,"l":"d","gn":31,"t":45},"geometry":{"type":"Point","coordinates":[415964.8,5657755.1]}},{"type":"Feature","properties":{"h":25.0,"d":10.0,"a":0,"l":"d","gn":31,"t":40},"geometry":{"type":"Point","coordinates":[415965.6,5657758.0]}},{"type":"Feature","properties":{"h":23.0,"d":10.0,"a":0,"l":"d","gn":3,"t":33},"geometry":{"type":"Point","coordinates":[415965.6,5657677.6]}},{"type":"Feature","properties":{"h":35.0,"d":22.0,"a":0,"l":"d","gn":31,"t":75},"geometry":{"type":"Point","coordinates":[415965.7,5657729.1]}},{"type":"Feature","properties":{"h":20.0,"d":6.0,"a":3,"l":"d","gn":35,"t":23},"geometry":{"type":"Point","coordinates":[415965.7,5657673.3]}},{"type":"Feature","properties":{"h":35.0,"d":20.0,"a":0,"l":"d","gn":31,"t":90},"geometry":{"type":"Point","coordinates":[415966.5,5657696.6]}},{"type":"Feature","properties":{"h":16.0,"d":10.0,"a":0,"l":"d","gn":9,"t":41},"geometry":{"type":"Point","coordinates":[415967.1,5656841.8]}},{"type":"Feature","properties":{"h":7.8,"d":6.4,"a":5,"l":"d","gn":8,"t":55},"geometry":{"type":"Point","coordinates":[415967.3,5656814.2]}},{"type":"Feature","properties":{"h":27.0,"d":15.0,"a":0,"l":"d","gn":31,"t":55},"geometry":{"type":"Point","coordinates":[415967.6,5657754.6]}},{"type":"Feature","properties":{"h":8.5,"d":6.0,"a":0,"l":"d","gn":26,"t":16},"geometry":{"type":"Point","coordinates":[415967.6,5656809.8]}},{"type":"Feature","properties":{"h":32.0,"d":16.0,"a":0,"l":"d","gn":31,"t":80},"geometry":{"type":"Point","coordinates":[415968.9,5657773.4]}},{"type":"Feature","properties":{"h":31.0,"d":10.0,"a":0,"l":"d","gn":4,"t":75},"geometry":{"type":"Point","coordinates":[415969.6,5657808.7]}},{"type":"Feature","properties":{"h":32.0,"d":16.0,"a":0,"l":"d","gn":31,"t":78},"geometry":{"type":"Point","coordinates":[415969.7,5657731.7]}},{"type":"Feature","properties":{"h":23.0,"d":7.0,"a":0,"l":"d","gn":3,"t":40},"geometry":{"type":"Point","coordinates":[415970.0,5657693.4]}},{"type":"Feature","properties":{"h":19.0,"d":10.0,"a":0,"l":"d","gn":31,"t":30},"geometry":{"type":"Point","coordinates":[415970.4,5657769.0]}},{"type":"Feature","properties":{"h":18.8,"d":10.0,"a":2,"l":"d","gn":4,"t":51},"geometry":{"type":"Point","coordinates":[415971.2,5656738.0]}},{"type":"Feature","properties":{"h":30.0,"d":17.0,"a":0,"l":"d","gn":31,"t":108},"geometry":{"type":"Point","coordinates":[415971.3,5657798.9]}},{"type":"Feature","properties":{"h":20.0,"d":11.4,"a":0,"l":"d","s":"osm"},"geometry":{"type":"Point","coordinates":[415971.6,5656129.2]}},{"type":"Feature","properties":{"h":20.1,"d":16.0,"a":0,"l":"d","gn":13,"t":81},"geometry":{"type":"Point","coordinates":[415972.7,5656819.2]}},{"type":"Feature","properties":{"h":20.0,"d":9.2,"a":0,"l":"d","gn":1,"t":72},"geometry":{"type":"Point","coordinates":[415973.4,5656788.8]}},{"type":"Feature","properties":{"h":11.0,"d":7.0,"a":0,"l":"d","gn":4,"t":17},"geometry":{"type":"Point","coordinates":[415973.7,5657812.5]}},{"type":"Feature","properties":{"h":11.9,"d":7.7,"a":3,"l":"e","t":64},"geometry":{"type":"Point","coordinates":[415973.7,5656745.2]}},{"type":"Feature","properties":{"h":20.0,"d":11.4,"a":0,"l":"d","s":"osm"},"geometry":{"type":"Point","coordinates":[415974.2,5656179.0]}},{"type":"Feature","properties":{"h":18.0,"d":8.0,"a":0,"l":"d","gn":3,"t":37},"geometry":{"type":"Point","coordinates":[415974.5,5657826.8]}},{"type":"Feature","properties":{"h":35.0,"d":25.0,"a":0,"l":"d","gn":31,"t":90},"geometry":{"type":"Point","coordinates":[415974.7,5657681.6]}},{"type":"Feature","properties":{"h":32.0,"d":15.0,"a":0,"l":"d","gn":31,"t":83},"geometry":{"type":"Point","coordinates":[415975.4,5657765.1]}},{"type":"Feature","properties":{"h":6.8,"d":5.0,"a":3,"l":"e","t":38},"geometry":{"type":"Point","coordinates":[415976.7,5656744.9]}},{"type":"Feature","properties":{"h":18.4,"d":9.0,"a":2,"l":"d","gn":4,"t":55},"geometry":{"type":"Point","coordinates":[415978.1,5656732.3]}},{"type":"Feature","properties":{"h":14.8,"d":13.0,"a":5,"l":"d","gn":8,"t":72},"geometry":{"type":"Point","coordinates":[415979.3,5656781.8]}},{"type":"Feature","properties":{"h":20.0,"d":11.4,"a":0,"l":"d","s":"osm"},"geometry":{"type":"Point","coordinates":[415979.5,5656119.9]}},{"type":"Feature","properties":{"h":32.0,"d":22.0,"a":0,"l":"d","gn":31,"t":130},"geometry":{"type":"Point","coordinates":[415979.6,5657762.3]}},{"type":"Feature","properties":{"h":21.0,"d":14.0,"a":0,"l":"d","gn":31,"t":85},"geometry":{"type":"Point","coordinates":[415979.9,5657771.2]}},{"type":"Feature","properties":{"h":20.6,"d":18.8,"a":0,"l":"d","gn":9,"t":95},"geometry":{"type":"Point","coordinates":[415981.5,5656808.2]}},{"type":"Feature","properties":{"h":8.7,"d":7.7,"a":3,"l":"e","t":18},"geometry":{"type":"Point","coordinates":[415981.6,5656820.8]}},{"type":"Feature","properties":{"h":16.0,"d":10.0,"a":0,"l":"d","gn":9,"t":47},"geometry":{"type":"Point","coordinates":[415982.3,5656827.9]}},{"type":"Feature","properties":{"h":8.4,"d":10.3,"a":3,"l":"e","t":106},"geometry":{"type":"Point","coordinates":[415983.1,5656749.9]}},{"type":"Feature","properties":{"h":9.0,"d":7.0,"a":0,"l":"d","gn":3,"t":16},"geometry":{"type":"Point","coordinates":[415983.6,5657823.7]}},{"type":"Feature","properties":{"h":15.0,"d":7.0,"a":0,"l":"d","gn":3,"t":21},"geometry":{"type":"Point","coordinates":[415984.3,5657773.6]}},{"type":"Feature","properties":{"h":22.0,"d":12.0,"a":0,"l":"d","gn":10,"t":62},"geometry":{"type":"Point","coordinates":[415984.9,5657782.1]}},{"type":"Feature","properties":{"h":22.0,"d":13.0,"a":0,"l":"d","gn":10,"t":58},"geometry":{"type":"Point","coordinates":[415985.0,5657780.6]}},{"type":"Feature","properties":{"h":8.0,"d":5.0,"a":0,"l":"d","gn":31,"t":13},"geometry":{"type":"Point","coordinates":[415985.8,5657791.6]}},{"type":"Feature","properties":{"h":30.0,"d":15.0,"a":0,"l":"d","gn":31,"t":73},"geometry":{"type":"Point","coordinates":[415986.5,5657804.3]}},{"type":"Feature","properties":{"h":35.0,"d":21.0,"a":0,"l":"d","gn":31,"t":130},"geometry":{"type":"Point","coordinates":[415987.2,5657810.3]}},{"type":"Feature","properties":{"h":25.0,"d":16.0,"a":0,"l":"d","gn":31,"t":60},"geometry":{"type":"Point","coordinates":[415988.5,5657817.3]}},{"type":"Feature","properties":{"h":15.0,"d":10.0,"a":0,"l":"d","gn":9,"t":38},"geometry":{"type":"Point","coordinates":[415989.3,5656820.5]}},{"type":"Feature","properties":{"h":16.1,"d":10.7,"a":0,"l":"d","gn":10,"t":31},"geometry":{"type":"Point","coordinates":[415991.4,5656769.3]}},{"type":"Feature","properties":{"h":11.6,"d":7.0,"a":5,"l":"d","gn":12,"t":48},"geometry":{"type":"Point","coordinates":[415993.0,5656810.4]}},{"type":"Feature","properties":{"h":25.7,"d":23.8,"a":0,"l":"d","c":1,"gn":31,"t":118},"geometry":{"type":"Point","coordinates":[415993.6,5656756.9]}},{"type":"Feature","properties":{"h":14.3,"d":6.6,"a":0,"l":"d","gn":13,"t":35},"geometry":{"type":"Point","coordinates":[415996.2,5656791.7]}},{"type":"Feature","properties":{"h":11.3,"d":7.8,"a":0,"l":"d","gn":10,"t":28},"geometry":{"type":"Point","coordinates":[415998.2,5656801.8]}},{"type":"Feature","properties":{"h":5.7,"d":3.7,"a":3,"l":"e","t":20},"geometry":{"type":"Point","coordinates":[415999.6,5656799.8]}}]}