{"type":"FeatureCollection","attribution":"Stadtbaumkataster \u00a9 Landeshauptstadt Dresden (dl-de/by-2-0); \u00a9 OpenStreetMap contributors (ODbL)","archetypes":["round","oval","columnar","conifer","weeping","small"],"genera":["","Acer","Acer rubrum","Tilia","Quercus","Quercus rubra","Fraxinus","Aesculus","Prunus","Platanus","Robinia","Carpinus","Crataegus","Gleditsia","Sophora","Ulmus","Betula","Malus","Liquidambar","Populus","Ailanthus","Salix","Alnus","Koelreuteria","Sorbus","Liriodendron","Catalpa","Corylus","Pyrus","Ginkgo","Ostrya","Fagus","Castanea","Juglans","Celtis","Larix","Metasequoia","Taxodium"],"crs":{"type":"name","properties":{"name":"urn:ogc:def:crs:EPSG::25833"}},"features":[{"type":"Feature","properties":{"h":11.0,"d":7.0,"a":5,"l":"d","gn":8,"t":33},"geometry":{"type":"Point","coordinates":[408000.5,5655454.8]}},{"type":"Feature","properties":{"h":6.0,"d":3.0,"a":5,"l":"d","gn":8,"t":14},"geometry":{"type":"Point","coordinates":[408003.1,5655797.0]}},{"type":"Feature","properties":{"h":9.0,"d":2.0,"a":5,"l":"d","gn":8,"t":14},"geometry":{"type":"Point","coordinates":[408003.8,5655432.0]}},{"type":"Feature","properties":{"h":8.0,"d":5.0,"a":0,"l":"d","gn":1,"t":31},"geometry":{"type":"Point","coordinates":[408004.8,5655671.1]}},{"type":"Feature","properties":{"h":9.0,"d":3.0,"a":5,"l":"d","gn":8,"t":17},"geometry":{"type":"Point","coordinates":[408005.6,5655420.0]}},{"type":"Feature","properties":{"h":14.0,"d":9.0,"a":1,"l":"d","gn":11,"t":34},"geometry":{"type":"Point","coordinates":[408006.8,5655494.9]}},{"type":"Feature","properties":{"h":6.0,"d":4.5,"a":1,"l":"d","gn":11,"t":14},"geometry":{"type":"Point","coordinates":[408007.3,5655570.4]}},{"type":"Feature","properties":{"h":12.0,"d":6.0,"a":1,"l":"d","gn":27,"t":22},"geometry":{"type":"Point","coordinates":[408007.9,5655487.1]}},{"type":"Feature","properties":{"h":7.0,"d":8.0,"a":0,"l":"d","gn":5,"t":21},"geometry":{"type":"Point","coordinates":[408008.0,5655502.7]}},{"type":"Feature","properties":{"h":8.0,"d":6.0,"a":0,"l":"d","gn":1,"t":23},"geometry":{"type":"Point","coordinates":[408008.3,5655386.7]}},{"type":"Feature","properties":{"h":9.0,"d":2.0,"a":5,"l":"d","gn":8,"t":16},"geometry":{"type":"Point","coordinates":[408008.6,5655397.3]}},{"type":"Feature","properties":{"h":11.0,"d":6.4,"a":0,"l":"d","s":"osm"},"geometry":{"type":"Point","coordinates":[408010.1,5655840.3]}},{"type":"Feature","properties":{"h":18.0,"d":12.0,"a":5,"l":"d","gn":8,"t":60},"geometry":{"type":"Point","coordinates":[408011.3,5655464.8]}},{"type":"Feature","properties":{"h":8.0,"d":4.0,"a":5,"l":"d","gn":12,"t":11},"geometry":{"type":"Point","coordinates":[408011.4,5654763.6]}},{"type":"Feature","properties":{"h":15.0,"d":9.0,"a":0,"l":"d","gn":1,"t":63},"geometry":{"type":"Point","coordinates":[408011.5,5655673.4]}},{"type":"Feature","properties":{"h":15.0,"d":5.0,"a":5,"l":"d","gn":8,"t":40},"geometry":{"type":"Point","coordinates":[408012.4,5654775.8]}},{"type":"Feature","properties":{"h":5.0,"d":1.0,"a":5,"l":"d","gn":1,"t":5},"geometry":{"type":"Point","coordinates":[408012.8,5654786.0]}},{"type":"Feature","properties":{"h":12.0,"d":9.0,"a":0,"l":"d","gn":1,"t":85},"geometry":{"type":"Point","coordinates":[408013.1,5655453.5]}},{"type":"Feature","properties":{"h":7.0,"d":4.0,"a":5,"l":"d","gn":12,"t":10},"geometry":{"type":"Point","coordinates":[408013.3,5654753.2]}},{"type":"Feature","properties":{"h":16.0,"d":8.0,"a":1,"l":"d","gn":16,"t":40},"geometry":{"type":"Point","coordinates":[408014.7,5654776.8]}},{"type":"Feature","properties":{"h":12.0,"d":10.0,"a":0,"l":"d","gn":1,"t":30},"geometry":{"type":"Point","coordinates":[408015.3,5655505.9]}},{"type":"Feature","properties":{"h":24.0,"d":8.0,"a":0,"l":"d","gn":13,"t":49},"geometry":{"type":"Point","coordinates":[408015.6,5655500.1]}},{"type":"Feature","properties":{"h":19.0,"d":17.0,"a":0,"l":"d","gn":3,"t":64},"geometry":{"type":"Point","coordinates":[408016.2,5655430.7]}},{"type":"Feature","properties":{"h":6.0,"d":1.0,"a":5,"l":"d","gn":8,"t":7},"geometry":{"type":"Point","coordinates":[408016.4,5655799.9]}},{"type":"Feature","properties":{"h":15.0,"d":4.0,"a":1,"l":"d","gn":16,"t":15},"geometry":{"type":"Point","coordinates":[408016.8,5654776.8]}},{"type":"Feature","properties":{"h":9.0,"d":2.0,"a":2,"l":"d","gn":18,"t":16},"geometry":{"type":"Point","coordinates":[408017.0,5655398.5]}},{"type":"Feature","properties":{"h":15.0,"d":4.0,"a":1,"l":"d","gn":16,"t":30},"geometry":{"type":"Point","coordinates":[408017.9,5654777.4]}},{"type":"Feature","properties":{"h":8.0,"d":3.0,"a":2,"l":"d","gn":18,"t":14},"geometry":{"type":"Point","coordinates":[408018.4,5655389.3]}},{"type":"Feature","properties":{"h":11.0,"d":7.0,"a":0,"l":"d","gn":1,"t":43},"geometry":{"type":"Point","coordinates":[408019.2,5655675.9]}},{"type":"Feature","properties":{"h":16.0,"d":8.0,"a":0,"l":"d","gn":3,"t":60},"geometry":{"type":"Point","coordinates":[408020.2,5655982.9]}},{"type":"Feature","properties":{"h":15.0,"d":6.0,"a":0,"l":"d","gn":21,"t":30},"geometry":{"type":"Point","coordinates":[408020.2,5654776.4]}},{"type":"Feature","properties":{"h":15.0,"d":4.0,"a":1,"l":"d","gn":16,"t":25},"geometry":{"type":"Point","coordinates":[408020.2,5654777.8]}},{"type":"Feature","properties":{"h":7.0,"d":4.0,"a":5,"l":"d","gn":12,"t":10},"geometry":{"type":"Point","coordinates":[408021.4,5654709.5]}},{"type":"Feature","properties":{"h":6.0,"d":6.0,"a":5,"l":"d","gn":8,"t":32},"geometry":{"type":"Point","coordinates":[408021.6,5655801.9]}},{"type":"Feature","properties":{"h":15.0,"d":8.0,"a":0,"l":"d","t":53},"geometry":{"type":"Point","coordinates":[408022.5,5654449.4]}},{"type":"Feature","properties":{"h":6.0,"d":3.0,"a":5,"l":"d","gn":12,"t":8},"geometry":{"type":"Point","coordinates":[408023.8,5654696.9]}},{"type":"Feature","properties":{"h":8.0,"d":4.0,"a":0,"l":"d","gn":21,"t":50},"geometry":{"type":"Point","coordinates":[408024.9,5654777.7]}},{"type":"Feature","properties":{"h":10.0,"d":8.0,"a":0,"l":"d","gn":26,"t":20},"geometry":{"type":"Point","coordinates":[408025.0,5655502.5]}},{"type":"Feature","properties":{"h":12.0,"d":8.0,"a":0,"l":"d","gn":1,"t":59},"geometry":{"type":"Point","coordinates":[408025.5,5655678.1]}},{"type":"Feature","properties":{"h":5.0,"d":1.0,"a":5,"l":"d","gn":1,"t":5},"geometry":{"type":"Point","coordinates":[408026.6,5654788.6]}},{"type":"Feature","properties":{"h":10.0,"d":4.0,"a":0,"l":"d","gn":21,"t":20},"geometry":{"type":"Point","coordinates":[408027.1,5654778.5]}},{"type":"Feature","properties":{"h":15.0,"d":10.0,"a":0,"l":"d","t":66},"geometry":{"type":"Point","coordinates":[408027.6,5654446.0]}},{"type":"Feature","properties":{"h":7.0,"d":8.0,"a":5,"l":"d","gn":8,"t":51},"geometry":{"type":"Point","coordinates":[408027.8,5655803.2]}},{"type":"Feature","properties":{"h":16.0,"d":10.0,"a":0,"l":"d","gn":21,"t":100},"geometry":{"type":"Point","coordinates":[408029.3,5654778.2]}},{"type":"Feature","properties":{"h":12.0,"d":8.0,"a":1,"l":"d","gn":1,"t":36},"geometry":{"type":"Point","coordinates":[408030.7,5655379.9]}},{"type":"Feature","properties":{"h":6.0,"d":4.0,"a":5,"l":"d","c":1,"gn":8},"geometry":{"type":"Point","coordinates":[408031.2,5655509.6]}},{"type":"Feature","properties":{"h":16.0,"d":8.0,"a":0,"l":"d","gn":6,"t":35},"geometry":{"type":"Point","coordinates":[408031.5,5654779.5]}},{"type":"Feature","properties":{"h":16.0,"d":16.0,"a":4,"l":"d","gn":31,"t":65},"geometry":{"type":"Point","coordinates":[408032.4,5655477.0]}},{"type":"Feature","properties":{"h":21.0,"d":17.0,"a":0,"l":"d","gn":3,"t":82},"geometry":{"type":"Point","coordinates":[408032.9,5655432.2]}},{"type":"Feature","properties":{"h":6.0,"d":4.0,"a":5,"l":"d","c":1,"gn":8},"geometry":{"type":"Point","coordinates":[408033.4,5655510.1]}},{"type":"Feature","properties":{"h":6.0,"d":4.0,"a":5,"l":"d","gn":8,"t":10},"geometry":{"type":"Point","coordinates":[408034.5,5655804.0]}},{"type":"Feature","properties":{"h":5.0,"d":1.0,"a":5,"l":"d","gn":1,"t":5},"geometry":{"type":"Point","coordinates":[408034.5,5654790.1]}},{"type":"Feature","properties":{"h":16.0,"d":8.0,"a":0,"l":"d","gn":21,"t":105},"geometry":{"type":"Point","coordinates":[408035.0,5654779.6]}},{"type":"Feature","properties":{"h":6.0,"d":4.0,"a":5,"l":"d","c":1,"gn":8},"geometry":{"type":"Point","coordinates":[408035.7,5655510.6]}},{"type":"Feature","properties":{"h":18.0,"d":11.0,"a":0,"l":"d","gn":3,"t":65},"geometry":{"type":"Point","coordinates":[408037.8,5655976.5]}},{"type":"Feature","properties":{"h":15.0,"d":12.0,"a":5,"l":"d","gn":8,"t":40},"geometry":{"type":"Point","coordinates":[408038.1,5654780.2]}},{"type":"Feature","properties":{"h":12.0,"d":6.0,"a":1,"l":"d","gn":1,"t":29},"geometry":{"type":"Point","coordinates":[408038.8,5655380.0]}},{"type":"Feature","properties":{"h":7.0,"d":9.0,"a":5,"l":"d","gn":8,"t":52},"geometry":{"type":"Point","coordinates":[408040.4,5655806.2]}},{"type":"Feature","properties":{"h":11.0,"d":8.0,"a":0,"l":"d","gn":1,"t":46},"geometry":{"type":"Point","coordinates":[408041.6,5655683.3]}},{"type":"Feature","properties":{"h":5.0,"d":1.0,"a":5,"l":"d","gn":1,"t":5},"geometry":{"type":"Point","coordinates":[408042.1,5654791.6]}},{"type":"Feature","properties":{"h":15.0,"d":4.0,"a":0,"l":"d","gn":6,"t":15},"geometry":{"type":"Point","coordinates":[408042.1,5654780.8]}},{"type":"Feature","properties":{"h":13.0,"d":7.0,"a":4,"l":"d","gn":16,"t":29},"geometry":{"type":"Point","coordinates":[408042.9,5655681.2]}},{"type":"Feature","properties":{"h":21.0,"d":8.0,"a":3,"l":"e","t":32},"geometry":{"type":"Point","coordinates":[408043.7,5655488.1]}},{"type":"Feature","properties":{"h":10.0,"d":5.0,"a":0,"l":"d","gn":21,"t":25},"geometry":{"type":"Point","coordinates":[408044.1,5655471.1]}},{"type":"Feature","properties":{"h":11.0,"d":6.4,"a":0,"l":"d","s":"osm"},"geometry":{"type":"Point","coordinates":[408044.4,5655841.5]}},{"type":"Feature","properties":{"h":13.0,"d":8.0,"a":1,"l":"d","gn":11,"t":48},"geometry":{"type":"Point","coordinates":[408044.9,5655581.4]}},{"type":"Feature","properties":{"h":16.0,"d":11.0,"a":1,"l":"d","gn":16,"t":42},"geometry":{"type":"Point","coordinates":[408045.1,5655481.9]}},{"type":"Feature","properties":{"h":16.0,"d":12.0,"a":0,"l":"d","gn":1,"t":30},"geometry":{"type":"Point","coordinates":[408045.5,5654782.0]}},{"type":"Feature","properties":{"h":18.0,"d":11.0,"a":0,"l":"d","gn":3,"t":81},"geometry":{"type":"Point","coordinates":[408045.8,5655973.3]}},{"type":"Feature","properties":{"h":7.0,"d":9.0,"a":5,"l":"d","gn":8,"t":55},"geometry":{"type":"Point","coordinates":[408046.0,5655807.1]}},{"type":"Feature","properties":{"h":2.0,"d":2.0,"a":5,"l":"d","gn":17,"t":9},"geometry":{"type":"Point","coordinates":[408046.2,5655466.8]}},{"type":"Feature","properties":{"h":5.0,"d":2.0,"a":5,"l":"d","t":6},"geometry":{"type":"Point","coordinates":[408046.3,5655449.8]}},{"type":"Feature","properties":{"h":13.0,"d":6.0,"a":4,"l":"d","gn":16,"t":34},"geometry":{"type":"Point","coordinates":[408046.5,5655682.6]}},{"type":"Feature","properties":{"h":10.0,"d":6.0,"a":1,"l":"d","gn":11,"t":29},"geometry":{"type":"Point","coordinates":[408046.9,5655582.3]}},{"type":"Feature","properties":{"h":2.5,"d":1.7,"a":5,"l":"d","gn":21},"geometry":{"type":"Point","coordinates":[408048.1,5655469.6]}},{"type":"Feature","properties":{"h":5.0,"d":7.0,"a":5,"l":"d","gn":8,"t":41},"geometry":{"type":"Point","coordinates":[408048.2,5655456.2]}},{"type":"Feature","properties":{"h":18.0,"d":8.0,"a":3,"l":"d","gn":35,"t":35},"geometry":{"type":"Point","coordinates":[408048.6,5655488.9]}},{"type":"Feature","properties":{"h":22.0,"d":8.0,"a":1,"l":"d","gn":16,"t":51},"geometry":{"type":"Point","coordinates":[408048.6,5655477.4]}},{"type":"Feature","properties":{"h":16.0,"d":11.0,"a":0,"l":"d","gn":1,"t":44},"geometry":{"type":"Point","coordinates":[408048.8,5655514.0]}},{"type":"Feature","properties":{"h":4.5,"d":2.0,"a":5,"l":"d","t":6},"geometry":{"type":"Point","coordinates":[408051.1,5655450.8]}},{"type":"Feature","properties":{"h":10.0,"d":7.0,"a":0,"l":"d","gn":1,"t":41},"geometry":{"type":"Point","coordinates":[408052.4,5655687.2]}},{"type":"Feature","properties":{"h":11.0,"d":7.0,"a":0,"l":"d","gn":14,"t":44},"geometry":{"type":"Point","coordinates":[408052.6,5655149.8]}},{"type":"Feature","properties":{"h":12.0,"d":8.0,"a":1,"l":"d","gn":11,"t":39},"geometry":{"type":"Point","coordinates":[408053.1,5655584.5]}},{"type":"Feature","properties":{"h":5.0,"d":6.0,"a":5,"l":"d","gn":8,"t":35},"geometry":{"type":"Point","coordinates":[408053.2,5655808.9]}},{"type":"Feature","properties":{"h":23.0,"d":16.0,"a":0,"l":"d","gn":1,"t":55},"geometry":{"type":"Point","coordinates":[408053.5,5655514.8]}},{"type":"Feature","properties":{"h":10.0,"d":7.0,"a":0,"l":"d","gn":14,"t":35},"geometry":{"type":"Point","coordinates":[408054.1,5655139.0]}},{"type":"Feature","properties":{"h":8.0,"d":5.0,"a":1,"l":"d","gn":11,"t":35},"geometry":{"type":"Point","coordinates":[408054.6,5655585.1]}},{"type":"Feature","properties":{"h":2.0,"d":1.0,"a":5,"l":"d","gn":28,"t":2},"geometry":{"type":"Point","coordinates":[408054.7,5655462.1]}},{"type":"Feature","properties":{"h":15.0,"d":4.0,"a":1,"l":"d","gn":22,"t":15},"geometry":{"type":"Point","coordinates":[408055.7,5654783.3]}},{"type":"Feature","properties":{"h":13.0,"d":8.0,"a":0,"l":"d","gn":14,"t":44},"geometry":{"type":"Point","coordinates":[408055.8,5655128.2]}},{"type":"Feature","properties":{"h":12.0,"d":7.0,"a":0,"l":"d","gn":14,"t":39},"geometry":{"type":"Point","coordinates":[408056.9,5655120.8]}},{"type":"Feature","properties":{"h":5.0,"d":1.0,"a":5,"l":"d","gn":1,"t":5},"geometry":{"type":"Point","coordinates":[408057.1,5654794.4]}},{"type":"Feature","properties":{"h":15.0,"d":16.0,"a":0,"l":"d","gn":1,"t":45},"geometry":{"type":"Point","coordinates":[408057.6,5655515.7]}},{"type":"Feature","properties":{"h":12.0,"d":7.0,"a":0,"l":"d","gn":14,"t":35},"geometry":{"type":"Point","coordinates":[408058.2,5655110.8]}},{"type":"Feature","properties":{"h":11.0,"d":6.0,"a":0,"l":"d","gn":14,"t":27},"geometry":{"type":"Point","coordinates":[408059.0,5655105.5]}},{"type":"Feature","properties":{"h":7.0,"d":7.0,"a":5,"l":"d","gn":8,"t":52},"geometry":{"type":"Point","coordinates":[408059.6,5655810.3]}},{"type":"Feature","properties":{"h":14.0,"d":10.0,"a":0,"l":"d","gn":1,"t":40},"geometry":{"type":"Point","coordinates":[408059.9,5655496.7]}},{"type":"Feature","properties":{"h":12.0,"d":8.0,"a":0,"l":"d","gn":14,"t":37},"geometry":{"type":"Point","coordinates":[408060.3,5655097.1]}},{"type":"Feature","properties":{"h":15.0,"d":6.0,"a":0,"l":"d","gn":6,"t":20},"geometry":{"type":"Point","coordinates":[408060.6,5654784.5]}},{"type":"Feature","properties":{"h":17.0,"d":11.0,"a":0,"l":"d","gn":1,"t":32},"geometry":{"type":"Point","coordinates":[408061.0,5655516.7]}},{"type":"Feature","properties":{"h":12.0,"d":6.0,"a":0,"l":"d","gn":14,"t":32},"geometry":{"type":"Point","coordinates":[408061.1,5655090.9]}},{"type":"Feature","properties":{"h":15.0,"d":12.0,"a":0,"l":"d","gn":3,"t":70},"geometry":{"type":"Point","coordinates":[408061.2,5655439.0]}},{"type":"Feature","properties":{"h":11.0,"d":4.0,"a":1,"l":"d","gn":1,"t":23},"geometry":{"type":"Point","coordinates":[408061.8,5655364.9]}},{"type":"Feature","properties":{"h":12.0,"d":7.0,"a":0,"l":"d","gn":14,"t":37},"geometry":{"type":"Point","coordinates":[408062.3,5655083.0]}},{"type":"Feature","properties":{"h":15.0,"d":5.0,"a":0,"l":"d","gn":6,"t":20},"geometry":{"type":"Point","coordinates":[408062.4,5654784.4]}},{"type":"Feature","properties":{"h":19.0,"d":12.0,"a":0,"l":"d","gn":3,"t":90},"geometry":{"type":"Point","coordinates":[408062.8,5655967.1]}},{"type":"Feature","properties":{"h":11.0,"d":7.0,"a":0,"l":"d","gn":14,"t":32},"geometry":{"type":"Point","coordinates":[408063.2,5655076.4]}},{"type":"Feature","properties":{"h":18.0,"d":14.0,"a":0,"l":"d","gn":1,"t":62},"geometry":{"type":"Point","coordinates":[408064.1,5655517.3]}},{"type":"Feature","properties":{"h":5.0,"d":1.0,"a":5,"l":"d","gn":1,"t":5},"geometry":{"type":"Point","coordinates":[408064.5,5654795.7]}},{"type":"Feature","properties":{"h":15.0,"d":6.0,"a":1,"l":"d","gn":22,"t":20},"geometry":{"type":"Point","coordinates":[408064.5,5654784.3]}},{"type":"Feature","properties":{"h":10.0,"d":6.0,"a":0,"l":"d","gn":14,"t":25},"geometry":{"type":"Point","coordinates":[408064.5,5655067.4]}},{"type":"Feature","properties":{"h":4.0,"d":6.0,"a":4,"l":"d","gn":31,"t":12},"geometry":{"type":"Point","coordinates":[408065.0,5655501.0]}},{"type":"Feature","properties":{"h":7.0,"d":2.0,"a":5,"l":"d","gn":8,"t":11},"geometry":{"type":"Point","coordinates":[408065.5,5655811.7]}},{"type":"Feature","properties":{"h":14.0,"d":8.0,"a":0,"l":"d","gn":4,"t":54},"geometry":{"type":"Point","coordinates":[408066.2,5655589.1]}},{"type":"Feature","properties":{"h":10.0,"d":6.0,"a":0,"l":"d","gn":14,"t":29},"geometry":{"type":"Point","coordinates":[408066.6,5655052.2]}},{"type":"Feature","properties":{"h":16.0,"d":12.0,"a":0,"l":"d","gn":1,"t":51},"geometry":{"type":"Point","coordinates":[408067.4,5655518.1]}},{"type":"Feature","properties":{"h":15.0,"d":6.0,"a":0,"l":"d","gn":6,"t":20},"geometry":{"type":"Point","coordinates":[408067.5,5654786.7]}},{"type":"Feature","properties":{"h":12.0,"d":7.0,"a":0,"l":"d","gn":14,"t":31},"geometry":{"type":"Point","coordinates":[408067.7,5655044.5]}},{"type":"Feature","properties":{"h":11.0,"d":5.0,"a":1,"l":"d","gn":1,"t":32},"geometry":{"type":"Point","coordinates":[408068.4,5655365.0]}},{"type":"Feature","properties":{"h":15.0,"d":5.0,"a":1,"l":"d","gn":22,"t":20},"geometry":{"type":"Point","coordinates":[408068.6,5654785.0]}},{"type":"Feature","properties":{"h":12.0,"d":7.0,"a":0,"l":"d","gn":14,"t":31},"geometry":{"type":"Point","coordinates":[408068.8,5655037.0]}},{"type":"Feature","properties":{"h":15.0,"d":4.0,"a":0,"l":"d","gn":6,"t":15},"geometry":{"type":"Point","coordinates":[408069.7,5654786.6]}},{"type":"Feature","properties":{"h":12.0,"d":7.0,"a":0,"l":"d","gn":14,"t":33},"geometry":{"type":"Point","coordinates":[408070.0,5655028.7]}},{"type":"Feature","properties":{"h":15.0,"d":5.0,"a":1,"l":"d","gn":22,"t":20},"geometry":{"type":"Point","coordinates":[408071.0,5654784.8]}},{"type":"Feature","properties":{"h":12.0,"d":7.0,"a":0,"l":"d","gn":14,"t":33},"geometry":{"type":"Point","coordinates":[408071.1,5655021.3]}},{"type":"Feature","properties":{"h":5.0,"d":1.0,"a":5,"l":"d","gn":1,"t":5},"geometry":{"type":"Point","coordinates":[408071.5,5654797.0]}},{"type":"Feature","properties":{"h":14.0,"d":7.0,"a":0,"l":"d","gn":3,"t":68},"geometry":{"type":"Point","coordinates":[408071.9,5655181.7]}},{"type":"Feature","properties":{"h":15.0,"d":5.0,"a":0,"l":"d","gn":6,"t":15},"geometry":{"type":"Point","coordinates":[408072.2,5654787.1]}},{"type":"Feature","properties":{"h":12.0,"d":7.0,"a":0,"l":"d","gn":14,"t":29},"geometry":{"type":"Point","coordinates":[408072.3,5655013.5]}},{"type":"Feature","properties":{"h":8.0,"d":9.0,"a":5,"l":"d","gn":8,"t":66},"geometry":{"type":"Point","coordinates":[408072.7,5655813.3]}},{"type":"Feature","properties":{"h":15.0,"d":6.0,"a":5,"l":"d","gn":8,"t":20},"geometry":{"type":"Point","coordinates":[408072.9,5654785.5]}},{"type":"Feature","properties":{"h":11.0,"d":5.0,"a":1,"l":"d","gn":1,"t":26},"geometry":{"type":"Point","coordinates":[408073.3,5655380.5]}},{"type":"Feature","properties":{"h":12.0,"d":7.0,"a":0,"l":"d","gn":14,"t":31},"geometry":{"type":"Point","coordinates":[408073.4,5655006.6]}},{"type":"Feature","properties":{"h":15.0,"d":3.0,"a":1,"l":"d","gn":22,"t":15},"geometry":{"type":"Point","coordinates":[408074.7,5654785.2]}},{"type":"Feature","properties":{"h":13.0,"d":9.0,"a":0,"l":"d","gn":14,"t":44},"geometry":{"type":"Point","coordinates":[408074.7,5654997.4]}},{"type":"Feature","properties":{"h":13.0,"d":8.0,"a":0,"l":"d","gn":14,"t":39},"geometry":{"type":"Point","coordinates":[408075.7,5654989.6]}},{"type":"Feature","properties":{"h":15.0,"d":8.0,"a":5,"l":"d","gn":8,"t":35},"geometry":{"type":"Point","coordinates":[408075.8,5654787.4]}},{"type":"Feature","properties":{"h":13.0,"d":11.0,"a":0,"l":"d","gn":3,"t":55},"geometry":{"type":"Point","coordinates":[408076.5,5655442.3]}},{"type":"Feature","properties":{"h":17.0,"d":9.0,"a":0,"l":"d","gn":3,"t":76},"geometry":{"type":"Point","coordinates":[408076.9,5655952.8]}},{"type":"Feature","properties":{"h":12.0,"d":8.0,"a":0,"l":"d","gn":14,"t":37},"geometry":{"type":"Point","coordinates":[408077.0,5654981.2]}},{"type":"Feature","properties":{"h":7.0,"d":5.0,"a":5,"l":"d","gn":8,"t":26},"geometry":{"type":"Point","coordinates":[408078.8,5655814.9]}},{"type":"Feature","properties":{"h":9.0,"d":4.0,"a":1,"l":"d","gn":1,"t":19},"geometry":{"type":"Point","coordinates":[408078.9,5655380.5]}},{"type":"Feature","properties":{"h":15.0,"d":4.0,"a":1,"l":"d","gn":22,"t":15},"geometry":{"type":"Point","coordinates":[408079.3,5654787.7]}},{"type":"Feature","properties":{"h":13.0,"d":6.0,"a":5,"l":"d","gn":28,"t":53},"geometry":{"type":"Point","coordinates":[408079.3,5655521.5]}},{"type":"Feature","properties":{"h":12.0,"d":7.0,"a":0,"l":"d","gn":14,"t":40},"geometry":{"type":"Point","coordinates":[408079.9,5654960.4]}},{"type":"Feature","properties":{"h":10.0,"d":13.0,"a":0,"l":"d","t":30},"geometry":{"type":"Point","coordinates":[408080.7,5655443.6]}},{"type":"Feature","properties":{"h":21.0,"d":12.0,"a":0,"l":"d","gn":3,"t":85},"geometry":{"type":"Point","coordinates":[408080.8,5655960.4]}},{"type":"Feature","properties":{"h":6.0,"d":4.0,"a":0,"l":"d","gn":3,"t":18},"geometry":{"type":"Point","coordinates":[408080.8,5655594.6]}},{"type":"Feature","properties":{"h":13.0,"d":9.0,"a":0,"l":"d","gn":14,"t":48},"geometry":{"type":"Point","coordinates":[408081.2,5654951.8]}},{"type":"Feature","properties":{"h":15.0,"d":3.0,"a":1,"l":"d","gn":22,"t":15},"geometry":{"type":"Point","coordinates":[408081.3,5654788.2]}},{"type":"Feature","properties":{"h":12.0,"d":8.0,"a":0,"l":"d","gn":14,"t":39},"geometry":{"type":"Point","coordinates":[408082.5,5654944.0]}},{"type":"Feature","properties":{"h":15.0,"d":6.0,"a":5,"l":"d","gn":8,"t":20},"geometry":{"type":"Point","coordinates":[408083.1,5654788.8]}},{"type":"Feature","properties":{"h":12.0,"d":8.0,"a":0,"l":"d","gn":14,"t":40},"geometry":{"type":"Point","coordinates":[408083.5,5654935.8]}},{"type":"Feature","properties":{"h":6.5,"d":5.0,"a":5,"l":"d","gn":12,"t":13},"geometry":{"type":"Point","coordinates":[408083.8,5655519.7]}},{"type":"Feature","properties":{"h":18.0,"d":8.0,"a":0,"l":"d","gn":1,"t":66},"geometry":{"type":"Point","coordinates":[408084.2,5655699.4]}},{"type":"Feature","properties":{"h":12.0,"d":8.0,"a":0,"l":"d","gn":14,"t":39},"geometry":{"type":"Point","coordinates":[408084.7,5654928.0]}},{"type":"Feature","properties":{"h":15.0,"d":6.0,"a":0,"l":"d","gn":4,"t":20},"geometry":{"type":"Point","coordinates":[408084.8,5654789.2]}},{"type":"Feature","properties":{"h":13.0,"d":8.0,"a":1,"l":"d","gn":1,"t":32},"geometry":{"type":"Point","coordinates":[408085.7,5655365.2]}},{"type":"Feature","properties":{"h":10.0,"d":8.0,"a":0,"l":"d","gn":14,"t":40},"geometry":{"type":"Point","coordinates":[408085.8,5654920.2]}},{"type":"Feature","properties":{"h":5.0,"d":1.0,"a":5,"l":"d","gn":1,"t":5},"geometry":{"type":"Point","coordinates":[408086.0,5654799.7]}},{"type":"Feature","properties":{"h":12.0,"d":12.0,"a":0,"l":"d","gn":6,"t":89},"geometry":{"type":"Point","coordinates":[408086.7,5655488.8]}},{"type":"Feature","properties":{"h":12.0,"d":8.0,"a":0,"l":"d","gn":14,"t":40},"geometry":{"type":"Point","coordinates":[408087.1,5654910.9]}},{"type":"Feature","properties":{"h":6.0,"d":3.5,"a":0,"l":"d","gn":32},"geometry":{"type":"Point","coordinates":[408087.5,5655497.3]}},{"type":"Feature","properties":{"h":10.0,"d":6.0,"a":1,"l":"d","gn":1,"t":28},"geometry":{"type":"Point","coordinates":[408087.5,5655945.3]}},{"type":"Feature","properties":{"h":8.0,"d":4.0,"a":1,"l":"d","gn":3,"t":16},"geometry":{"type":"Point","coordinates":[408087.8,5655902.8]}},{"type":"Feature","properties":{"h":11.0,"d":8.0,"a":0,"l":"d","gn":14,"t":39},"geometry":{"type":"Point","coordinates":[408088.2,5654904.1]}},{"type":"Feature","properties":{"h":16.0,"d":10.0,"a":0,"l":"d","gn":3,"t":33},"geometry":{"type":"Point","coordinates":[408088.7,5655517.1]}},{"type":"Feature","properties":{"h":11.0,"d":7.0,"a":0,"l":"d","gn":14,"t":32},"geometry":{"type":"Point","coordinates":[408089.4,5654896.1]}},{"type":"Feature","properties":{"h":4.0,"d":3.0,"a":5,"l":"d","g":1,"gn":10,"t":11},"geometry":{"type":"Point","coordinates":[408089.5,5655479.9]}},{"type":"Feature","properties":{"h":10.0,"d":5.0,"a":1,"l":"d","gn":1,"t":27},"geometry":{"type":"Point","coordinates":[408089.8,5655942.4]}},{"type":"Feature","properties":{"h":25.0,"d":13.0,"a":0,"l":"d","gn":3,"t":80},"geometry":{"type":"Point","coordinates":[408090.0,5655445.9]}},{"type":"Feature","properties":{"h":21.0,"d":11.0,"a":0,"l":"d","gn":3,"t":83},"geometry":{"type":"Point","coordinates":[408090.0,5655956.9]}},{"type":"Feature","properties":{"h":16.0,"d":12.0,"a":0,"l":"d","gn":21,"t":40},"geometry":{"type":"Point","coordinates":[408090.1,5654790.4]}},{"type":"Feature","properties":{"h":13.0,"d":6.0,"a":3,"l":"e","t":28},"geometry":{"type":"Point","coordinates":[408090.3,5655502.8]}},{"type":"Feature","properties":{"h":4.0,"d":3.0,"a":5,"l":"d","g":1,"gn":10,"t":10},"geometry":{"type":"Point","coordinates":[408090.4,5655476.7]}},{"type":"Feature","properties":{"h":12.0,"d":8.0,"a":0,"l":"d","gn":14,"t":40},"geometry":{"type":"Point","coordinates":[408090.5,5654888.0]}},{"type":"Feature","properties":{"h":4.0,"d":3.0,"a":5,"l":"d","g":1,"gn":10,"t":10},"geometry":{"type":"Point","coordinates":[408091.1,5655473.6]}},{"type":"Feature","properties":{"h":11.0,"d":6.0,"a":1,"l":"d","gn":1,"t":36},"geometry":{"type":"Point","coordinates":[408091.4,5655380.4]}},{"type":"Feature","properties":{"h":13.0,"d":9.0,"a":0,"l":"d","gn":14,"t":46},"geometry":{"type":"Point","coordinates":[408091.5,5654881.3]}},{"type":"Feature","properties":{"h":4.0,"d":3.0,"a":5,"l":"d","g":1,"gn":10,"t":10},"geometry":{"type":"Point","coordinates":[408091.8,5655470.4]}},{"type":"Feature","properties":{"h":4.0,"d":3.0,"a":5,"l":"d","g":1,"gn":10,"t":10},"geometry":{"type":"Point","coordinates":[408092.5,5655467.6]}},{"type":"Feature","properties":{"h":14.0,"d":12.0,"a":0,"l":"d","gn":33,"t":62},"geometry":{"type":"Point","coordinates":[408092.6,5655195.0]}},{"type":"Feature","properties":{"h":13.0,"d":8.0,"a":0,"l":"d","gn":14,"t":44},"geometry":{"type":"Point","coordinates":[408092.8,5654872.4]}},{"type":"Feature","properties":{"h":4.0,"d":3.0,"a":5,"l":"d","g":1,"gn":10,"t":10},"geometry":{"type":"Point","coordinates":[408092.8,5655480.6]}},{"type":"Feature","properties":{"h":19.0,"d":9.0,"a":0,"l":"d","gn":3,"t":66},"geometry":{"type":"Point","coordinates":[408093.0,5655946.8]}},{"type":"Feature","properties":{"h":4.0,"d":3.0,"a":5,"l":"d","g":1,"gn":10,"t":11},"geometry":{"type":"Point","coordinates":[408093.4,5655464.5]}},{"type":"Feature","properties":{"h":4.0,"d":3.0,"a":5,"l":"d","g":1,"gn":10,"t":9},"geometry":{"type":"Point","coordinates":[408093.4,5655477.4]}},{"type":"Feature","properties":{"h":17.0,"d":7.0,"a":3,"l":"e","t":45},"geometry":{"type":"Point","coordinates":[408093.7,5655502.7]}},{"type":"Feature","properties":{"h":13.0,"d":9.0,"a":0,"l":"d","gn":14,"t":43},"geometry":{"type":"Point","coordinates":[408094.0,5654863.0]}},{"type":"Feature","properties":{"h":4.0,"d":3.0,"a":5,"l":"d","g":1,"gn":10,"t":9},"geometry":{"type":"Point","coordinates":[408094.2,5655474.4]}},{"type":"Feature","properties":{"h":14.0,"d":6.0,"a":5,"l":"d","gn":8,"t":20},"geometry":{"type":"Point","coordinates":[408094.6,5654789.4]}},{"type":"Feature","properties":{"h":8.0,"d":4.0,"a":1,"l":"d","gn":3,"t":16},"geometry":{"type":"Point","coordinates":[408094.7,5655903.9]}},{"type":"Feature","properties":{"h":9.0,"d":5.0,"a":1,"l":"d","gn":1,"t":21},"geometry":{"type":"Point","coordinates":[408095.0,5655942.2]}},{"type":"Feature","properties":{"h":5.0,"d":3.0,"a":5,"l":"d","g":1,"gn":10,"t":10},"geometry":{"type":"Point","coordinates":[408095.0,5655471.3]}},{"type":"Feature","properties":{"h":12.0,"d":7.0,"a":0,"l":"d","gn":14,"t":33},"geometry":{"type":"Point","coordinates":[408095.2,5654854.9]}},{"type":"Feature","properties":{"h":4.0,"d":3.0,"a":5,"l":"d","gn":12,"t":8},"geometry":{"type":"Point","coordinates":[408095.5,5655524.6]}},{"type":"Feature","properties":{"h":4.0,"d":3.0,"a":5,"l":"d","g":1,"gn":10,"t":10},"geometry":{"type":"Point","coordinates":[408095.9,5655468.3]}},{"type":"Feature","properties":{"h":4.0,"d":3.0,"a":5,"l":"d","g":1,"gn":10,"t":10},"geometry":{"type":"Point","coordinates":[408096.0,5655481.2]}},{"type":"Feature","properties":{"h":10.0,"d":6.0,"a":0,"l":"d","gn":14,"t":30},"geometry":{"type":"Point","coordinates":[408096.3,5654847.2]}},{"type":"Feature","properties":{"h":4.0,"d":3.0,"a":5,"l":"d","g":1,"gn":10,"t":9},"geometry":{"type":"Point","coordinates":[408096.5,5655465.2]}},{"type":"Feature","properties":{"h":4.0,"d":3.0,"a":5,"l":"d","g":1,"gn":10,"t":12},"geometry":{"type":"Point","coordinates":[408096.7,5655478.2]}},{"type":"Feature","properties":{"h":9.0,"d":10.0,"a":0,"l":"d","gn":33,"t":8},"geometry":{"type":"Point","coordinates":[408096.8,5655490.5]}},{"type":"Feature","properties":{"h":4.0,"d":2.0,"a":5,"l":"d","g":1,"gn":10,"t":5},"geometry":{"type":"Point","coordinates":[408097.7,5655475.0]}},{"type":"Feature","properties":{"h":11.0,"d":7.0,"a":0,"l":"d","gn":14,"t":31},"geometry":{"type":"Point","coordinates":[408097.9,5654835.5]}},{"type":"Feature","properties":{"h":5.0,"d":3.0,"a":5,"l":"d","g":1,"gn":10,"t":11},"geometry":{"type":"Point","coordinates":[408098.1,5655472.1]}},{"type":"Feature","properties":{"h":5.0,"d":3.0,"a":5,"l":"d","g":1,"gn":10,"t":10},"geometry":{"type":"Point","coordinates":[408098.8,5655468.9]}},{"type":"Feature","properties":{"h":4.0,"d":2.0,"a":5,"l":"d","gn":28,"t":7},"geometry":{"type":"Point","coordinates":[408099.0,5655450.3]}},{"type":"Feature","properties":{"h":11.0,"d":6.0,"a":0,"l":"d","gn":14,"t":29},"geometry":{"type":"Point","coordinates":[408099.2,5654826.9]}},{"type":"Feature","properties":{"h":4.0,"d":3.0,"a":5,"l":"d","g":1,"gn":10,"t":10},"geometry":{"type":"Point","coordinates":[408099.9,5655465.9]}},{"type":"Feature","properties":{"h":17.0,"d":10.0,"a":1,"l":"d","gn":16,"t":37},"geometry":{"type":"Point","coordinates":[408100.0,5655462.7]}},{"type":"Feature","properties":{"h":8.0,"d":9.0,"a":5,"l":"d","gn":8,"t":35},"geometry":{"type":"Point","coordinates":[408100.0,5655211.1]}},{"type":"Feature","properties":{"h":12.0,"d":7.0,"a":0,"l":"d","gn":14,"t":34},"geometry":{"type":"Point","coordinates":[408100.3,5654819.8]}},{"type":"Feature","properties":{"h":6.0,"d":2.0,"a":5,"l":"d","gn":12,"t":7},"geometry":{"type":"Point","coordinates":[408101.0,5655526.0]}},{"type":"Feature","properties":{"h":12.0,"d":8.0,"a":0,"l":"d","gn":14,"t":37},"geometry":{"type":"Point","coordinates":[408101.4,5654812.0]}},{"type":"Feature","properties":{"h":8.0,"d":5.0,"a":0,"l":"d","gn":1,"t":13},"geometry":{"type":"Point","coordinates":[408101.6,5654691.6]}},{"type":"Feature","properties":{"h":12.0,"d":6.0,"a":1,"l":"d","gn":1,"t":29},"geometry":{"type":"Point","coordinates":[408102.1,5655380.9]}},{"type":"Feature","properties":{"h":16.0,"d":7.0,"a":0,"l":"d","gn":1,"t":48},"geometry":{"type":"Point","coordinates":[408102.2,5655602.1]}},{"type":"Feature","properties":{"h":8.0,"d":4.0,"a":1,"l":"d","gn":3,"t":16},"geometry":{"type":"Point","coordinates":[408103.2,5655904.9]}},{"type":"Feature","properties":{"h":22.0,"d":11.0,"a":0,"l":"d","gn":3,"t":70},"geometry":{"type":"Point","coordinates":[408103.4,5655998.4]}},{"type":"Feature","properties":{"h":9.0,"d":4.0,"a":0,"l":"d","gn":10,"t":14},"geometry":{"type":"Point","coordinates":[408103.7,5654791.5]}},{"type":"Feature","properties":{"h":3.0,"d":2.0,"a":5,"l":"d","gn":8,"t":4},"geometry":{"type":"Point","coordinates":[408103.9,5655451.9]}},{"type":"Feature","properties":{"h":19.0,"d":12.0,"a":0,"l":"d","gn":9,"t":45},"geometry":{"type":"Point","coordinates":[408104.2,5655499.8]}},{"type":"Feature","properties":{"h":17.0,"d":11.0,"a":0,"l":"d","gn":3,"t":79},"geometry":{"type":"Point","coordinates":[408104.9,5655990.0]}},{"type":"Feature","properties":{"h":10.0,"d":10.0,"a":5,"l":"d","gn":8,"t":36},"geometry":{"type":"Point","coordinates":[408105.1,5655460.9]}},{"type":"Feature","properties":{"h":8.0,"d":5.0,"a":0,"l":"d","gn":14,"t":30},"geometry":{"type":"Point","coordinates":[408105.4,5654780.3]}},{"type":"Feature","properties":{"h":20.0,"d":8.0,"a":2,"l":"d","gn":19,"t":107},"geometry":{"type":"Point","coordinates":[408105.5,5655705.5]}},{"type":"Feature","properties":{"h":11.0,"d":6.0,"a":1,"l":"d","gn":1,"t":27},"geometry":{"type":"Point","coordinates":[408105.6,5655365.4]}},{"type":"Feature","properties":{"h":15.0,"d":8.0,"a":0,"l":"d","gn":1,"t":46},"geometry":{"type":"Point","coordinates":[408106.5,5655778.8]}},{"type":"Feature","properties":{"h":17.0,"d":9.0,"a":0,"l":"d","gn":3,"t":78},"geometry":{"type":"Point","coordinates":[408106.8,5655982.2]}},{"type":"Feature","properties":{"h":16.0,"d":9.0,"a":0,"l":"d","gn":1,"t":42},"geometry":{"type":"Point","coordinates":[408107.5,5655603.9]}},{"type":"Feature","properties":{"h":16.0,"d":9.0,"a":0,"l":"d","gn":1,"t":47},"geometry":{"type":"Point","coordinates":[408107.6,5655604.4]}},{"type":"Feature","properties":{"h":6.0,"d":3.0,"a":5,"l":"d","gn":12,"t":7},"geometry":{"type":"Point","coordinates":[408107.8,5655527.0]}},{"type":"Feature","properties":{"h":11.0,"d":9.0,"a":0,"l":"d","gn":14,"t":40},"geometry":{"type":"Point","coordinates":[408109.1,5654752.7]}},{"type":"Feature","properties":{"h":13.0,"d":6.0,"a":0,"l":"d","gn":7,"t":39},"geometry":{"type":"Point","coordinates":[408110.1,5655790.7]}},{"type":"Feature","properties":{"h":11.0,"d":6.0,"a":1,"l":"d","gn":1,"t":29},"geometry":{"type":"Point","coordinates":[408110.6,5655365.5]}},{"type":"Feature","properties":{"h":10.0,"d":7.0,"a":0,"l":"d","gn":14,"t":30},"geometry":{"type":"Point","coordinates":[408110.9,5654740.8]}},{"type":"Feature","properties":{"h":14.0,"d":7.0,"a":0,"l":"d","gn":7,"t":31},"geometry":{"type":"Point","coordinates":[408111.1,5655819.9]}},{"type":"Feature","properties":{"h":7.0,"d":3.0,"a":5,"l":"d","gn":8,"t":35},"geometry":{"type":"Point","coordinates":[408112.1,5655454.3]}},{"type":"Feature","properties":{"h":14.0,"d":8.0,"a":0,"l":"d","gn":7,"t":36},"geometry":{"type":"Point","coordinates":[408112.2,5655824.0]}},{"type":"Feature","properties":{"h":5.0,"d":1.0,"a":5,"l":"d","gn":1,"t":5},"geometry":{"type":"Point","coordinates":[408113.7,5654804.8]}},{"type":"Feature","properties":{"h":5.0,"d":3.0,"a":5,"l":"d","gn":12,"t":8},"geometry":{"type":"Point","coordinates":[408114.1,5655528.8]}},{"type":"Feature","properties":{"h":15.0,"d":9.0,"a":0,"l":"d","gn":3,"t":53},"geometry":{"type":"Point","coordinates":[408115.2,5655980.4]}},{"type":"Feature","properties":{"h":9.0,"d":7.0,"a":0,"l":"d","gn":14,"t":32},"geometry":{"type":"Point","coordinates":[408115.4,5654709.2]}},{"type":"Feature","properties":{"h":14.0,"d":5.0,"a":0,"l":"d","gn":7,"t":31},"geometry":{"type":"Point","coordinates":[408115.8,5655820.4]}},{"type":"Feature","properties":{"h":19.0,"d":14.0,"a":0,"l":"d","gn":9,"t":45},"geometry":{"type":"Point","coordinates":[408117.0,5655503.7]}},{"type":"Feature","properties":{"h":9.0,"d":4.0,"a":1,"l":"d","gn":1,"t":22},"geometry":{"type":"Point","coordinates":[408117.3,5655381.2]}},{"type":"Feature","properties":{"h":21.0,"d":12.0,"a":0,"l":"d","gn":3,"t":71},"geometry":{"type":"Point","coordinates":[408117.7,5655970.9]}},{"type":"Feature","properties":{"h":21.0,"d":9.0,"a":0,"l":"d","gn":1,"t":73},"geometry":{"type":"Point","coordinates":[408118.4,5655704.9]}},{"type":"Feature","properties":{"h":10.0,"d":4.0,"a":3,"l":"e","t":26},"geometry":{"type":"Point","coordinates":[408118.5,5655606.7]}},{"type":"Feature","properties":{"h":10.0,"d":6.0,"a":0,"l":"d","gn":1,"t":30},"geometry":{"type":"Point","coordinates":[408119.0,5655808.8]}},{"type":"Feature","properties":{"h":10.0,"d":6.0,"a":0,"l":"d","gn":7,"t":35},"geometry":{"type":"Point","coordinates":[408119.2,5655792.6]}},{"type":"Feature","properties":{"h":6.0,"d":3.0,"a":5,"l":"d","gn":12,"t":8},"geometry":{"type":"Point","coordinates":[408119.6,5655529.9]}},{"type":"Feature","properties":{"h":16.0,"d":9.0,"a":0,"l":"d","gn":3,"t":66},"geometry":{"type":"Point","coordinates":[408120.8,5655955.2]}},{"type":"Feature","properties":{"h":4.0,"d":2.7,"a":5,"l":"d","gn":8},"geometry":{"type":"Point","coordinates":[408121.4,5655456.2]}},{"type":"Feature","properties":{"h":5.0,"d":1.0,"a":5,"l":"d","gn":1,"t":5},"geometry":{"type":"Point","coordinates":[408121.8,5654806.4]}},{"type":"Feature","properties":{"h":12.0,"d":6.0,"a":0,"l":"d","gn":1,"t":28},"geometry":{"type":"Point","coordinates":[408122.3,5655608.5]}},{"type":"Feature","properties":{"h":10.0,"d":4.0,"a":1,"l":"d","gn":1,"t":20},"geometry":{"type":"Point","coordinates":[408122.3,5655381.2]}},{"type":"Feature","properties":{"h":13.0,"d":3.0,"a":3,"l":"e","t":21},"geometry":{"type":"Point","coordinates":[408122.4,5655466.6]}},{"type":"Feature","properties":{"h":10.0,"d":4.0,"a":0,"l":"d","gn":1,"t":17},"geometry":{"type":"Point","coordinates":[408123.3,5655807.3]}},{"type":"Feature","properties":{"h":12.0,"d":6.0,"a":0,"l":"d","gn":1,"t":25},"geometry":{"type":"Point","coordinates":[408124.2,5655808.5]}},{"type":"Feature","properties":{"h":10.0,"d":10.0,"a":0,"l":"d","gn":1,"t":31},"geometry":{"type":"Point","coordinates":[408124.9,5655806.4]}},{"type":"Feature","properties":{"h":11.0,"d":5.0,"a":1,"l":"d","gn":1,"t":28},"geometry":{"type":"Point","coordinates":[408124.9,5655365.8]}},{"type":"Feature","properties":{"h":18.0,"d":12.0,"a":0,"l":"d","gn":3,"t":71},"geometry":{"type":"Point","coordinates":[408125.1,5655194.8]}},{"type":"Feature","properties":{"h":13.0,"d":9.0,"a":0,"l":"d","gn":1,"t":46},"geometry":{"type":"Point","coordinates":[408125.5,5655610.5]}},{"type":"Feature","properties":{"h":6.0,"d":3.0,"a":5,"l":"d","gn":12,"t":7},"geometry":{"type":"Point","coordinates":[408125.5,5655531.6]}},{"type":"Feature","properties":{"h":19.0,"d":8.0,"a":0,"l":"d","gn":1,"t":56},"geometry":{"type":"Point","coordinates":[408126.4,5655713.1]}},{"type":"Feature","properties":{"h":12.0,"d":6.0,"a":1,"l":"d","gn":1,"t":30},"geometry":{"type":"Point","coordinates":[408127.2,5655381.2]}},{"type":"Feature","properties":{"h":12.0,"d":7.0,"a":0,"l":"d","gn":1,"t":34},"geometry":{"type":"Point","coordinates":[408127.5,5655758.4]}},{"type":"Feature","properties":{"h":11.0,"d":6.0,"a":0,"l":"d","gn":1,"t":33},"geometry":{"type":"Point","coordinates":[408128.6,5655763.2]}},{"type":"Feature","properties":{"h":6.0,"d":4.0,"a":5,"l":"d","gn":8},"geometry":{"type":"Point","coordinates":[408128.6,5655457.6]}},{"type":"Feature","properties":{"h":19.0,"d":8.0,"a":0,"l":"d","gn":1,"t":52},"geometry":{"type":"Point","coordinates":[408128.9,5655713.7]}},{"type":"Feature","properties":{"h":19.0,"d":16.0,"a":0,"l":"d","gn":9,"t":50},"geometry":{"type":"Point","coordinates":[408130.1,5655507.2]}},{"type":"Feature","properties":{"h":21.0,"d":10.0,"a":0,"l":"d","gn":1,"t":62},"geometry":{"type":"Point","coordinates":[408130.3,5655711.9]}},{"type":"Feature","properties":{"h":5.0,"d":3.0,"a":0,"l":"d","gn":1,"t":13},"geometry":{"type":"Point","coordinates":[408130.4,5655696.6]}},{"type":"Feature","properties":{"h":10.0,"d":5.0,"a":1,"l":"d","gn":1,"t":25},"geometry":{"type":"Point","coordinates":[408130.7,5655365.7]}},{"type":"Feature","properties":{"h":5.0,"d":2.0,"a":5,"l":"d","gn":12,"t":7},"geometry":{"type":"Point","coordinates":[408131.3,5655533.0]}},{"type":"Feature","properties":{"h":12.0,"d":5.0,"a":5,"l":"d","gn":8,"t":25},"geometry":{"type":"Point","coordinates":[408131.7,5655822.4]}},{"type":"Feature","properties":{"h":11.0,"d":6.0,"a":0,"l":"d","gn":1,"t":35},"geometry":{"type":"Point","coordinates":[408131.8,5655760.0]}},{"type":"Feature","properties":{"h":12.0,"d":6.0,"a":5,"l":"d","gn":8,"t":25},"geometry":{"type":"Point","coordinates":[408131.8,5655824.8]}},{"type":"Feature","properties":{"h":17.0,"d":8.0,"a":1,"l":"d","gn":21,"t":78},"geometry":{"type":"Point","coordinates":[408131.9,5655466.6]}},{"type":"Feature","properties":{"h":9.0,"d":4.0,"a":0,"l":"d","gn":6,"t":16},"geometry":{"type":"Point","coordinates":[408132.1,5655696.5]}},{"type":"Feature","properties":{"h":10.0,"d":4.0,"a":1,"l":"d","gn":1,"t":20},"geometry":{"type":"Point","coordinates":[408132.2,5655381.3]}},{"type":"Feature","properties":{"h":19.0,"d":7.0,"a":0,"l":"d","gn":1,"t":47},"geometry":{"type":"Point","coordinates":[408132.3,5655707.1]}},{"type":"Feature","properties":{"h":4.0,"d":6.4,"a":5,"l":"d"},"geometry":{"type":"Point","coordinates":[408133.8,5655819.7]}},{"type":"Feature","properties":{"h":22.0,"d":10.0,"a":0,"l":"d","gn":1,"t":85},"geometry":{"type":"Point","coordinates":[408133.9,5655701.7]}},{"type":"Feature","properties":{"h":7.0,"d":5.0,"a":5,"l":"d","gn":8},"geometry":{"type":"Point","coordinates":[408134.5,5655725.1]}},{"type":"Feature","properties":{"h":10.0,"d":7.0,"a":5,"l":"d","gn":8,"t":26},"geometry":{"type":"Point","coordinates":[408134.9,5655824.1]}},{"type":"Feature","properties":{"h":5.0,"d":3.0,"a":5,"l":"d","gn":12,"t":8},"geometry":{"type":"Point","coordinates":[408136.3,5655534.1]}},{"type":"Feature","properties":{"h":11.0,"d":8.0,"a":0,"l":"d","gn":1,"t":31},"geometry":{"type":"Point","coordinates":[408136.4,5655686.0]}},{"type":"Feature","properties":{"h":3.0,"d":4.8,"a":5,"l":"d"},"geometry":{"type":"Point","coordinates":[408136.7,5655816.1]}},{"type":"Feature","properties":{"h":21.0,"d":10.0,"a":0,"l":"d","gn":7,"t":87},"geometry":{"type":"Point","coordinates":[408136.8,5655695.3]}},{"type":"Feature","properties":{"h":11.0,"d":6.0,"a":1,"l":"d","gn":1,"t":30},"geometry":{"type":"Point","coordinates":[408136.8,5655365.9]}},{"type":"Feature","properties":{"h":7.0,"d":3.0,"a":1,"l":"d","gn":11,"t":13},"geometry":{"type":"Point","coordinates":[408136.8,5655627.1]}},{"type":"Feature","properties":{"h":14.0,"d":8.0,"a":0,"l":"d","gn":6,"t":37},"geometry":{"type":"Point","coordinates":[408136.9,5655715.2]}},{"type":"Feature","properties":{"h":12.0,"d":2.0,"a":5,"l":"d","gn":8,"t":10},"geometry":{"type":"Point","coordinates":[408137.2,5655828.7]}},{"type":"Feature","properties":{"h":10.0,"d":4.0,"a":1,"l":"d","gn":1,"t":25},"geometry":{"type":"Point","coordinates":[408137.2,5655381.3]}},{"type":"Feature","properties":{"h":12.0,"d":6.0,"a":0,"l":"d","gn":1,"t":21},"geometry":{"type":"Point","coordinates":[408137.3,5655706.4]}},{"type":"Feature","properties":{"h":2.0,"d":1.0,"a":5,"l":"d","t":22},"geometry":{"type":"Point","coordinates":[408137.3,5655810.9]}},{"type":"Feature","properties":{"h":13.0,"d":5.0,"a":1,"l":"d","gn":27,"t":24},"geometry":{"type":"Point","coordinates":[408137.6,5655721.4]}},{"type":"Feature","properties":{"h":11.0,"d":7.0,"a":1,"l":"d","gn":3,"t":36},"geometry":{"type":"Point","coordinates":[408142.1,5655950.9]}},{"type":"Feature","properties":{"h":10.0,"d":4.0,"a":1,"l":"d","gn":1,"t":24},"geometry":{"type":"Point","coordinates":[408142.2,5655381.4]}},{"type":"Feature","properties":{"h":8.0,"d":4.0,"a":0,"l":"d","gn":6,"t":17},"geometry":{"type":"Point","coordinates":[408142.6,5655676.9]}},{"type":"Feature","properties":{"h":12.0,"d":8.0,"a":1,"l":"d","gn":1,"t":33},"geometry":{"type":"Point","coordinates":[408142.8,5655365.8]}},{"type":"Feature","properties":{"h":11.0,"d":4.0,"a":0,"l":"d","gn":6,"t":20},"geometry":{"type":"Point","coordinates":[408142.9,5655675.3]}},{"type":"Feature","properties":{"h":10.0,"d":9.0,"a":0,"l":"d","gn":1,"t":40},"geometry":{"type":"Point","coordinates":[408143.4,5655752.2]}},{"type":"Feature","properties":{"h":14.0,"d":4.0,"a":0,"l":"d","gn":6,"t":21},"geometry":{"type":"Point","coordinates":[408143.6,5655675.3]}},{"type":"Feature","properties":{"h":7.0,"d":4.0,"a":0,"l":"d","gn":1,"t":25},"geometry":{"type":"Point","coordinates":[408143.8,5655673.4]}},{"type":"Feature","properties":{"h":11.0,"d":4.0,"a":5,"l":"d","gn":8,"t":16},"geometry":{"type":"Point","coordinates":[408143.8,5655830.4]}},{"type":"Feature","properties":{"h":3.0,"d":4.8,"a":5,"l":"d","t":21},"geometry":{"type":"Point","coordinates":[408144.0,5655809.0]}},{"type":"Feature","properties":{"h":14.0,"d":8.0,"a":0,"l":"d","gn":1,"t":37},"geometry":{"type":"Point","coordinates":[408144.0,5655680.7]}},{"type":"Feature","properties":{"h":15.0,"d":8.0,"a":0,"l":"d","gn":1,"t":45},"geometry":{"type":"Point","coordinates":[408145.5,5655677.5]}},{"type":"Feature","properties":{"h":11.0,"d":6.0,"a":0,"l":"d","gn":7,"t":31},"geometry":{"type":"Point","coordinates":[408146.6,5655817.7]}},{"type":"Feature","properties":{"h":17.0,"d":8.0,"a":0,"l":"d","gn":1,"t":40},"geometry":{"type":"Point","coordinates":[408146.7,5655673.6]}},{"type":"Feature","properties":{"h":9.0,"d":4.0,"a":1,"l":"d","gn":1,"t":22},"geometry":{"type":"Point","coordinates":[408147.2,5655381.5]}},{"type":"Feature","properties":{"h":5.0,"d":1.0,"a":5,"l":"d","gn":1,"t":5},"geometry":{"type":"Point","coordinates":[408147.8,5654811.2]}},{"type":"Feature","properties":{"h":18.0,"d":11.0,"a":0,"l":"d","gn":33,"t":78},"geometry":{"type":"Point","coordinates":[408148.3,5655657.2]}},{"type":"Feature","properties":{"h":20.0,"d":11.0,"a":0,"l":"d","gn":1,"t":43},"geometry":{"type":"Point","coordinates":[408148.7,5655663.1]}},{"type":"Feature","properties":{"h":13.0,"d":7.0,"a":0,"l":"d","gn":7,"t":30},"geometry":{"type":"Point","coordinates":[408149.5,5655822.4]}},{"type":"Feature","properties":{"h":4.0,"d":2.0,"a":0,"l":"d","gn":6,"t":8},"geometry":{"type":"Point","coordinates":[408149.5,5655829.2]}},{"type":"Feature","properties":{"h":13.0,"d":7.0,"a":0,"l":"d","gn":7,"t":31},"geometry":{"type":"Point","coordinates":[408151.3,5655815.6]}},{"type":"Feature","properties":{"h":21.0,"d":9.0,"a":0,"l":"d","gn":1,"t":70},"geometry":{"type":"Point","coordinates":[408151.8,5655645.0]}},{"type":"Feature","properties":{"h":3.0,"d":4.0,"a":5,"l":"d"},"geometry":{"type":"Point","coordinates":[408151.9,5655810.7]}},{"type":"Feature","properties":{"h":5.0,"d":1.5,"a":1,"l":"d","gn":18,"t":9},"geometry":{"type":"Point","coordinates":[408152.2,5655737.4]}},{"type":"Feature","properties":{"h":6.0,"d":2.0,"a":1,"l":"d","gn":2,"t":11},"geometry":{"type":"Point","coordinates":[408152.2,5655757.5]}},{"type":"Feature","properties":{"h":5.0,"d":1.0,"a":5,"l":"d","gn":1,"t":5},"geometry":{"type":"Point","coordinates":[408154.9,5654812.6]}},{"type":"Feature","properties":{"h":2.0,"d":0.8,"a":0,"l":"d","gn":7,"t":3},"geometry":{"type":"Point","coordinates":[408155.6,5655770.8]}},{"type":"Feature","properties":{"h":17.0,"d":12.0,"a":0,"l":"d","gn":1,"t":78},"geometry":{"type":"Point","coordinates":[408156.2,5655537.9]}},{"type":"Feature","properties":{"h":12.0,"d":7.0,"a":1,"l":"d","gn":1,"t":30},"geometry":{"type":"Point","coordinates":[408156.9,5655366.1]}},{"type":"Feature","properties":{"h":10.0,"d":3.0,"a":1,"l":"d","gn":1,"t":21},"geometry":{"type":"Point","coordinates":[408158.1,5655381.7]}},{"type":"Feature","properties":{"h":5.0,"d":5.0,"a":5,"l":"d","gn":8,"t":22},"geometry":{"type":"Point","coordinates":[408158.3,5655827.1]}},{"type":"Feature","properties":{"h":1.5,"d":1.0,"a":5,"l":"d","gn":17,"t":3},"geometry":{"type":"Point","coordinates":[408158.4,5655465.0]}},{"type":"Feature","properties":{"h":5.0,"d":2.0,"a":0,"l":"d","gn":7,"t":11},"geometry":{"type":"Point","coordinates":[408158.9,5655766.8]}},{"type":"Feature","properties":{"h":7.0,"d":4.0,"a":0,"l":"d","gn":6,"t":17},"geometry":{"type":"Point","coordinates":[408161.5,5655818.5]}},{"type":"Feature","properties":{"h":7.0,"d":5.0,"a":0,"l":"d","gn":6,"t":18},"geometry":{"type":"Point","coordinates":[408161.7,5655815.1]}},{"type":"Feature","properties":{"h":8.0,"d":6.0,"a":5,"l":"d","gn":12,"t":20},"geometry":{"type":"Point","coordinates":[408161.9,5654052.2]}},{"type":"Feature","properties":{"h":16.0,"d":7.0,"a":0,"l":"d","gn":3,"t":36},"geometry":{"type":"Point","coordinates":[408162.4,5655721.2]}},{"type":"Feature","properties":{"h":22.0,"d":16.0,"a":0,"l":"d","gn":3,"t":54},"geometry":{"type":"Point","coordinates":[408163.4,5655530.6]}},{"type":"Feature","properties":{"h":14.0,"d":6.0,"a":0,"l":"d","gn":3,"t":35},"geometry":{"type":"Point","coordinates":[408163.4,5655716.6]}},{"type":"Feature","properties":{"h":1.5,"d":1.0,"a":5,"l":"d","gn":17,"t":3},"geometry":{"type":"Point","coordinates":[408163.7,5655466.4]}},{"type":"Feature","properties":{"h":14.0,"d":3.0,"a":2,"l":"d","gn":4,"t":41},"geometry":{"type":"Point","coordinates":[408164.9,5654057.8]}},{"type":"Feature","properties":{"h":6.0,"d":5.0,"a":0,"l":"d","gn":6,"t":23},"geometry":{"type":"Point","coordinates":[408165.0,5655814.1]}},{"type":"Feature","properties":{"h":25.0,"d":14.0,"a":0,"l":"d","gn":3,"t":45},"geometry":{"type":"Point","coordinates":[408165.2,5655522.9]}},{"type":"Feature","properties":{"h":4.0,"d":6.0,"a":5,"l":"d","gn":8,"t":15},"geometry":{"type":"Point","coordinates":[408166.9,5654071.7]}},{"type":"Feature","properties":{"h":25.0,"d":14.0,"a":0,"l":"d","gn":3,"t":45},"geometry":{"type":"Point","coordinates":[408167.0,5655514.8]}},{"type":"Feature","properties":{"h":11.0,"d":6.0,"a":1,"l":"d","gn":3,"t":32},"geometry":{"type":"Point","coordinates":[408167.3,5655956.9]}},{"type":"Feature","properties":{"h":9.0,"d":4.0,"a":1,"l":"d","gn":1,"t":19},"geometry":{"type":"Point","coordinates":[408168.0,5655382.3]}},{"type":"Feature","properties":{"h":5.0,"d":1.0,"a":5,"l":"d","gn":1,"t":5},"geometry":{"type":"Point","coordinates":[408168.4,5654815.1]}},{"type":"Feature","properties":{"h":12.0,"d":8.0,"a":1,"l":"d","gn":1,"t":37},"geometry":{"type":"Point","coordinates":[408168.9,5655366.4]}},{"type":"Feature","properties":{"h":23.0,"d":8.0,"a":0,"l":"d","gn":3,"t":44},"geometry":{"type":"Point","coordinates":[408169.0,5655507.2]}},{"type":"Feature","properties":{"h":4.0,"d":3.0,"a":5,"l":"d","t":10},"geometry":{"type":"Point","coordinates":[408169.3,5654072.7]}},{"type":"Feature","properties":{"h":5.0,"d":1.0,"a":1,"l":"d","gn":18,"t":9},"geometry":{"type":"Point","coordinates":[408170.2,5655761.2]}},{"type":"Feature","properties":{"h":25.0,"d":12.0,"a":0,"l":"d","gn":3,"t":42},"geometry":{"type":"Point","coordinates":[408170.5,5655499.6]}},{"type":"Feature","properties":{"h":22.0,"d":12.0,"a":0,"l":"d","gn":1,"t":100},"geometry":{"type":"Point","coordinates":[408170.6,5654061.3]}},{"type":"Feature","properties":{"h":5.0,"d":3.0,"a":0,"l":"d","gn":5,"t":8},"geometry":{"type":"Point","coordinates":[408171.4,5655770.8]}},{"type":"Feature","properties":{"h":4.0,"d":4.0,"a":5,"l":"d","gn":8,"t":19},"geometry":{"type":"Point","coordinates":[408171.4,5655832.5]}},{"type":"Feature","properties":{"h":5.0,"d":1.0,"a":1,"l":"d","gn":18,"t":8},"geometry":{"type":"Point","coordinates":[408171.9,5655806.8]}},{"type":"Feature","properties":{"h":20.0,"d":9.0,"a":0,"l":"d","gn":1,"t":50},"geometry":{"type":"Point","coordinates":[408171.9,5654074.1]}},{"type":"Feature","properties":{"h":20.0,"d":9.0,"a":0,"l":"d","gn":3,"t":25},"geometry":{"type":"Point","coordinates":[408172.1,5655528.8]}},{"type":"Feature","properties":{"h":10.0,"d":9.0,"a":5,"l":"d","t":36},"geometry":{"type":"Point","coordinates":[408172.1,5655467.7]}},{"type":"Feature","properties":{"h":9.0,"d":6.0,"a":0,"l":"d","gn":1,"t":28},"geometry":{"type":"Point","coordinates":[408172.3,5655901.7]}},{"type":"Feature","properties":{"h":10.0,"d":4.0,"a":1,"l":"d","gn":1,"t":23},"geometry":{"type":"Point","coordinates":[408172.9,5655382.8]}},{"type":"Feature","properties":{"h":13.0,"d":6.0,"a":0,"l":"d","gn":1,"t":58},"geometry":{"type":"Point","coordinates":[408173.0,5654077.0]}},{"type":"Feature","properties":{"h":10.0,"d":5.0,"a":0,"l":"d","gn":7,"t":23},"geometry":{"type":"Point","coordinates":[408173.6,5655819.5]}},{"type":"Feature","properties":{"h":18.0,"d":12.0,"a":0,"l":"d","gn":3,"t":56},"geometry":{"type":"Point","coordinates":[408173.8,5655206.9]}},{"type":"Feature","properties":{"h":24.0,"d":8.0,"a":0,"l":"d","gn":3,"t":53},"geometry":{"type":"Point","coordinates":[408174.3,5654061.2]}},{"type":"Feature","properties":{"h":25.0,"d":15.0,"a":0,"l":"d","gn":3,"t":61},"geometry":{"type":"Point","coordinates":[408174.4,5655520.3]}},{"type":"Feature","properties":{"h":5.0,"d":0.8,"a":0,"l":"d","gn":31,"t":6},"geometry":{"type":"Point","coordinates":[408176.1,5655807.8]}},{"type":"Feature","properties":{"h":5.0,"d":4.0,"a":5,"l":"d","gn":8,"t":9},"geometry":{"type":"Point","coordinates":[408177.0,5655792.7]}},{"type":"Feature","properties":{"h":10.0,"d":6.0,"a":0,"l":"d","gn":7,"t":22},"geometry":{"type":"Point","coordinates":[408177.8,5655826.6]}},{"type":"Feature","properties":{"h":9.0,"d":4.0,"a":1,"l":"d","gn":1,"t":23},"geometry":{"type":"Point","coordinates":[408177.9,5655383.3]}},{"type":"Feature","properties":{"h":11.0,"d":6.0,"a":1,"l":"d","gn":3,"t":33},"geometry":{"type":"Point","coordinates":[408178.2,5655959.5]}},{"type":"Feature","properties":{"h":5.0,"d":1.0,"a":5,"l":"d","gn":1,"t":5},"geometry":{"type":"Point","coordinates":[408178.4,5654816.9]}},{"type":"Feature","properties":{"h":6.0,"d":3.0,"a":0,"l":"d","gn":15,"t":9},"geometry":{"type":"Point","coordinates":[408178.5,5655761.3]}},{"type":"Feature","properties":{"h":11.0,"d":6.4,"a":0,"l":"d","s":"osm"},"geometry":{"type":"Point","coordinates":[408179.0,5655823.0]}},{"type":"Feature","properties":{"h":18.0,"d":8.0,"a":0,"l":"d","gn":3,"t":43},"geometry":{"type":"Point","coordinates":[408179.4,5654067.5]}},{"type":"Feature","properties":{"h":4.0,"d":3.0,"a":5,"l":"d","gn":8,"t":10},"geometry":{"type":"Point","coordinates":[408179.5,5655787.2]}},{"type":"Feature","properties":{"h":13.0,"d":7.0,"a":2,"l":"d","gn":4,"t":48},"geometry":{"type":"Point","coordinates":[408179.8,5654082.0]}},{"type":"Feature","properties":{"h":22.0,"d":12.0,"a":0,"l":"d","gn":4,"t":50},"geometry":{"type":"Point","coordinates":[408180.2,5654071.9]}},{"type":"Feature","properties":{"h":9.0,"d":2.0,"a":2,"l":"d","gn":4,"t":10,"f":1},"geometry":{"type":"Point","coordinates":[408180.9,5655889.6]}},{"type":"Feature","properties":{"h":14.0,"d":6.0,"a":0,"l":"d","gn":3,"t":21},"geometry":{"type":"Point","coordinates":[408180.9,5655496.5]}},{"type":"Feature","properties":{"h":5.0,"d":1.0,"a":1,"l":"d","gn":18,"t":8},"geometry":{"type":"Point","coordinates":[408181.1,5655808.7]}},{"type":"Feature","properties":{"h":19.0,"d":9.0,"a":0,"l":"d","gn":3,"t":60},"geometry":{"type":"Point","coordinates":[408181.6,5654058.9]}},{"type":"Feature","properties":{"h":14.0,"d":8.0,"a":0,"l":"d","gn":3,"t":60},"geometry":{"type":"Point","coordinates":[408181.8,5655190.9]}},{"type":"Feature","properties":{"h":5.0,"d":2.0,"a":0,"l":"d","gn":7,"t":12},"geometry":{"type":"Point","coordinates":[408181.9,5655755.9]}},{"type":"Feature","properties":{"h":12.0,"d":5.0,"a":0,"l":"d","gn":7,"t":21},"geometry":{"type":"Point","coordinates":[408182.2,5655824.1]}},{"type":"Feature","properties":{"h":14.0,"d":8.0,"a":0,"l":"d","gn":7,"t":34},"geometry":{"type":"Point","coordinates":[408182.6,5655818.1]}},{"type":"Feature","properties":{"h":10.0,"d":4.0,"a":0,"l":"d","gn":1,"t":16},"geometry":{"type":"Point","coordinates":[408183.4,5655748.2]}},{"type":"Feature","properties":{"h":3.0,"d":2.0,"a":5,"l":"d","gn":8,"t":9},"geometry":{"type":"Point","coordinates":[408183.9,5655790.9]}},{"type":"Feature","properties":{"h":4.0,"d":3.0,"a":5,"l":"d","gn":8,"t":8},"geometry":{"type":"Point","coordinates":[408184.0,5655785.1]}},{"type":"Feature","properties":{"h":6.0,"d":3.0,"a":0,"l":"d","gn":6,"t":8},"geometry":{"type":"Point","coordinates":[408184.5,5655835.1]}},{"type":"Feature","properties":{"h":10.0,"d":8.0,"a":0,"l":"d","gn":1,"t":29},"geometry":{"type":"Point","coordinates":[408184.7,5654090.2]}},{"type":"Feature","properties":{"h":10.0,"d":6.0,"a":0,"l":"d","gn":1,"t":29},"geometry":{"type":"Point","coordinates":[408185.2,5655712.7]}},{"type":"Feature","properties":{"h":10.0,"d":6.0,"a":0,"l":"d","gn":1,"t":26},"geometry":{"type":"Point","coordinates":[408185.4,5655749.2]}},{"type":"Feature","properties":{"h":9.0,"d":5.0,"a":1,"l":"d","gn":11,"t":20,"f":1},"geometry":{"type":"Point","coordinates":[408185.6,5655878.9]}},{"type":"Feature","properties":{"h":9.0,"d":2.0,"a":2,"l":"d","gn":4,"t":18,"f":1},"geometry":{"type":"Point","coordinates":[408185.7,5655927.2]}},{"type":"Feature","properties":{"h":7.0,"d":4.0,"a":0,"l":"d","gn":3,"t":12},"geometry":{"type":"Point","coordinates":[408185.8,5654075.1]}},{"type":"Feature","properties":{"h":5.0,"d":1.0,"a":0,"l":"d","gn":31,"t":6},"geometry":{"type":"Point","coordinates":[408185.9,5655809.9]}},{"type":"Feature","properties":{"h":7.0,"d":4.0,"a":1,"l":"d","gn":1,"t":20,"f":1},"geometry":{"type":"Point","coordinates":[408186.0,5655935.4]}},{"type":"Feature","properties":{"h":5.0,"d":1.0,"a":5,"l":"d","gn":1,"t":5},"geometry":{"type":"Point","coordinates":[408186.2,5654818.4]}},{"type":"Feature","properties":{"h":6.0,"d":1.0,"a":0,"l":"d","gn":1,"t":5},"geometry":{"type":"Point","coordinates":[408186.3,5655772.9]}},{"type":"Feature","properties":{"h":4.0,"d":3.0,"a":5,"l":"d","gn":8,"t":12},"geometry":{"type":"Point","coordinates":[408187.4,5655780.6]}},{"type":"Feature","properties":{"h":11.0,"d":6.0,"a":0,"l":"d","gn":7,"t":22},"geometry":{"type":"Point","coordinates":[408187.4,5655828.6]}},{"type":"Feature","properties":{"h":6.0,"d":5.0,"a":5,"l":"d","gn":8,"t":17},"geometry":{"type":"Point","coordinates":[408187.7,5654096.2]}},{"type":"Feature","properties":{"h":17.0,"d":7.0,"a":0,"l":"d","gn":3,"t":57},"geometry":{"type":"Point","coordinates":[408187.9,5654066.6]}},{"type":"Feature","properties":{"h":5.0,"d":1.0,"a":0,"l":"d","gn":4,"t":5},"geometry":{"type":"Point","coordinates":[408188.1,5655803.9]}},{"type":"Feature","properties":{"h":4.0,"d":3.0,"a":5,"l":"d","gn":21,"t":7},"geometry":{"type":"Point","coordinates":[408188.7,5655810.0]}},{"type":"Feature","properties":{"h":11.0,"d":6.0,"a":1,"l":"d","gn":1,"t":25},"geometry":{"type":"Point","coordinates":[408188.9,5655368.3]}},{"type":"Feature","properties":{"h":8.0,"d":4.0,"a":0,"l":"d","gn":7,"t":18},"geometry":{"type":"Point","coordinates":[408190.3,5655822.2]}},{"type":"Feature","properties":{"h":8.0,"d":5.0,"a":1,"l":"d","gn":1,"t":25,"f":1},"geometry":{"type":"Point","coordinates":[408190.4,5655939.2]}},{"type":"Feature","properties":{"h":4.0,"d":1.0,"a":0,"l":"d","gn":1,"t":5},"geometry":{"type":"Point","coordinates":[408190.6,5655763.6]}},{"type":"Feature","properties":{"h":8.0,"d":4.0,"a":1,"l":"d","gn":1,"t":24,"f":1},"geometry":{"type":"Point","coordinates":[408191.1,5655932.3]}},{"type":"Feature","properties":{"h":4.0,"d":2.0,"a":1,"l":"d","gn":11,"t":7},"geometry":{"type":"Point","coordinates":[408191.2,5655809.6]}},{"type":"Feature","properties":{"h":11.0,"d":12.0,"a":0,"l":"d","gn":1,"t":39},"geometry":{"type":"Point","coordinates":[408191.3,5655750.7]}},{"type":"Feature","properties":{"h":6.0,"d":8.0,"a":0,"l":"d","gn":1,"t":50},"geometry":{"type":"Point","coordinates":[408191.6,5654087.0]}},{"type":"Feature","properties":{"h":8.0,"d":4.0,"a":1,"l":"d","gn":11,"t":12,"f":1},"geometry":{"type":"Point","coordinates":[408192.5,5655877.4]}},{"type":"Feature","properties":{"h":25.0,"d":19.0,"a":0,"l":"d","gn":4,"t":100},"geometry":{"type":"Point","coordinates":[408192.6,5654098.7]}},{"type":"Feature","properties":{"h":10.0,"d":4.0,"a":1,"l":"d","gn":1,"t":18},"geometry":{"type":"Point","coordinates":[408193.8,5655369.0]}},{"type":"Feature","properties":{"h":8.0,"d":4.0,"a":0,"l":"d","gn":4,"t":20,"f":1},"geometry":{"type":"Point","coordinates":[408193.8,5655901.3]}},{"type":"Feature","properties":{"h":2.5,"d":1.0,"a":5,"l":"d","gn":17,"t":6},"geometry":{"type":"Point","coordinates":[408194.0,5655783.5]}},{"type":"Feature","properties":{"h":5.0,"d":1.0,"a":0,"l":"d","gn":31,"t":8},"geometry":{"type":"Point","coordinates":[408194.4,5655806.2]}},{"type":"Feature","properties":{"h":7.0,"d":2.0,"a":5,"l":"d","gn":8,"t":10},"geometry":{"type":"Point","coordinates":[408194.7,5655837.2]}},{"type":"Feature","properties":{"h":4.0,"d":1.0,"a":0,"l":"d","gn":4,"t":7},"geometry":{"type":"Point","coordinates":[408195.3,5655802.0]}},{"type":"Feature","properties":{"h":20.0,"d":10.0,"a":0,"l":"d","gn":3,"t":48},"geometry":{"type":"Point","coordinates":[408195.8,5654086.5]}},{"type":"Feature","properties":{"h":5.0,"d":1.0,"a":0,"l":"d","gn":31,"t":7},"geometry":{"type":"Point","coordinates":[408196.5,5655796.9]}},{"type":"Feature","properties":{"h":13.0,"d":6.0,"a":0,"l":"d","gn":7,"t":24},"geometry":{"type":"Point","coordinates":[408197.4,5655822.4]}},{"type":"Feature","properties":{"h":6.0,"d":3.0,"a":5,"l":"d","gn":12,"t":17,"f":1},"geometry":{"type":"Point","coordinates":[408198.3,5655941.5]}},{"type":"Feature","properties":{"h":15.0,"d":7.0,"a":0,"l":"d","gn":3,"t":13},"geometry":{"type":"Point","coordinates":[408198.6,5654106.5]}},{"type":"Feature","properties":{"h":6.0,"d":1.5,"a":0,"l":"d","gn":31,"t":9},"geometry":{"type":"Point","coordinates":[408198.6,5655786.8]}},{"type":"Feature","properties":{"h":11.0,"d":6.0,"a":1,"l":"d","gn":1,"t":32},"geometry":{"type":"Point","coordinates":[408198.7,5655369.9]}},{"type":"Feature","properties":{"h":9.0,"d":4.0,"a":1,"l":"d","gn":1,"t":22},"geometry":{"type":"Point","coordinates":[408198.9,5655386.4]}},{"type":"Feature","properties":{"h":11.0,"d":6.0,"a":1,"l":"d","gn":3,"t":32},"geometry":{"type":"Point","coordinates":[408199.6,5655963.9]}},{"type":"Feature","properties":{"h":8.0,"d":10.0,"a":0,"l":"d","gn":1,"t":37},"geometry":{"type":"Point","coordinates":[408199.6,5655774.0]}},{"type":"Feature","properties":{"h":8.0,"d":4.0,"a":1,"l":"d","gn":11,"t":13,"f":1},"geometry":{"type":"Point","coordinates":[408199.8,5655878.5]}},{"type":"Feature","properties":{"h":19.0,"d":9.0,"a":0,"l":"d","gn":3,"t":56},"geometry":{"type":"Point","coordinates":[408201.0,5654081.5]}},{"type":"Feature","properties":{"h":19.0,"d":9.0,"a":0,"l":"d","gn":3,"t":47},"geometry":{"type":"Point","coordinates":[408201.7,5654092.9]}},{"type":"Feature","properties":{"h":7.0,"d":4.0,"a":5,"l":"d","gn":12,"t":18,"f":1},"geometry":{"type":"Point","coordinates":[408202.5,5655943.7]}},{"type":"Feature","properties":{"h":7.0,"d":3.0,"a":0,"l":"d","gn":6,"t":10},"geometry":{"type":"Point","coordinates":[408202.9,5655806.0]}},{"type":"Feature","properties":{"h":7.0,"d":4.0,"a":0,"l":"d","gn":6,"t":13},"geometry":{"type":"Point","coordinates":[408204.2,5655839.2]}},{"type":"Feature","properties":{"h":9.0,"d":3.0,"a":1,"l":"d","gn":1,"t":23},"geometry":{"type":"Point","coordinates":[408204.5,5655387.4]}},{"type":"Feature","properties":{"h":10.0,"d":8.0,"a":0,"l":"d","gn":4,"t":36,"f":1},"geometry":{"type":"Point","coordinates":[408204.8,5655883.7]}},{"type":"Feature","properties":{"h":6.0,"d":2.0,"a":1,"l":"d","gn":27,"t":8},"geometry":{"type":"Point","coordinates":[408206.8,5655763.4]}},{"type":"Feature","properties":{"h":7.0,"d":3.0,"a":1,"l":"d","gn":27,"t":9},"geometry":{"type":"Point","coordinates":[408207.8,5655756.7]}},{"type":"Feature","properties":{"h":21.0,"d":11.0,"a":0,"l":"d","gn":3,"t":57},"geometry":{"type":"Point","coordinates":[408207.8,5654088.6]}},{"type":"Feature","properties":{"h":9.0,"d":4.0,"a":1,"l":"d","gn":1,"t":20},"geometry":{"type":"Point","coordinates":[408208.5,5655369.5]}},{"type":"Feature","properties":{"h":17.0,"d":10.0,"a":0,"l":"d","gn":3,"t":39},"geometry":{"type":"Point","coordinates":[408209.6,5654099.4]}},{"type":"Feature","properties":{"h":17.0,"d":8.0,"a":0,"l":"d","gn":1,"t":70},"geometry":{"type":"Point","coordinates":[408210.3,5654102.7]}},{"type":"Feature","properties":{"h":10.0,"d":5.0,"a":1,"l":"d","gn":27,"t":26},"geometry":{"type":"Point","coordinates":[408210.6,5655775.3]}},{"type":"Feature","properties":{"h":14.0,"d":7.0,"a":1,"l":"d","gn":27,"t":34},"geometry":{"type":"Point","coordinates":[408211.4,5655769.1]}},{"type":"Feature","properties":{"h":14.0,"d":8.0,"a":0,"l":"d","gn":1,"t":45},"geometry":{"type":"Point","coordinates":[408211.7,5654117.5]}},{"type":"Feature","properties":{"h":10.0,"d":5.0,"a":1,"l":"d","gn":1,"t":26},"geometry":{"type":"Point","coordinates":[408211.7,5655363.9]}},{"type":"Feature","properties":{"h":8.0,"d":8.0,"a":5,"l":"d","gn":8,"t":23,"f":1},"geometry":{"type":"Point","coordinates":[408212.0,5655947.6]}},{"type":"Feature","properties":{"h":9.0,"d":10.0,"a":5,"l":"d","gn":8,"t":47},"geometry":{"type":"Point","coordinates":[408212.1,5655808.7]}},{"type":"Feature","properties":{"h":10.0,"d":7.0,"a":0,"l":"d","gn":4,"t":26,"f":1},"geometry":{"type":"Point","coordinates":[408212.3,5655937.4]}},{"type":"Feature","properties":{"h":10.0,"d":6.0,"a":1,"l":"d","gn":1,"t":22},"geometry":{"type":"Point","coordinates":[408212.6,5655368.0]}},{"type":"Feature","properties":{"h":13.0,"d":8.0,"a":1,"l":"d","gn":27,"t":37},"geometry":{"type":"Point","coordinates":[408213.4,5655763.2]}},{"type":"Feature","properties":{"h":22.0,"d":10.0,"a":0,"l":"d","gn":1,"t":65},"geometry":{"type":"Point","coordinates":[408213.6,5654116.6]}},{"type":"Feature","properties":{"h":4.0,"d":2.0,"a":5,"l":"d","gn":17,"t":11,"f":1},"geometry":{"type":"Point","coordinates":[408213.9,5655909.8]}},{"type":"Feature","properties":{"h":21.0,"d":9.0,"a":0,"l":"d","gn":3,"t":49},"geometry":{"type":"Point","coordinates":[408213.9,5654094.1]}},{"type":"Feature","properties":{"h":12.0,"d":6.0,"a":1,"l":"d","gn":27,"t":25},"geometry":{"type":"Point","coordinates":[408214.0,5655757.1]}},{"type":"Feature","properties":{"h":11.0,"d":6.0,"a":1,"l":"d","gn":27,"t":27},"geometry":{"type":"Point","coordinates":[408216.0,5655776.4]}},{"type":"Feature","properties":{"h":19.0,"d":10.0,"a":0,"l":"d","gn":3,"t":51},"geometry":{"type":"Point","coordinates":[408217.3,5654105.8]}},{"type":"Feature","properties":{"h":11.0,"d":7.0,"a":1,"l":"d","gn":27,"t":29},"geometry":{"type":"Point","coordinates":[408217.5,5655770.5]}},{"type":"Feature","properties":{"h":8.0,"d":3.0,"a":5,"l":"d","gn":8,"t":12},"geometry":{"type":"Point","coordinates":[408218.5,5655783.1]}},{"type":"Feature","properties":{"h":11.0,"d":7.0,"a":1,"l":"d","gn":27,"t":21},"geometry":{"type":"Point","coordinates":[408219.1,5655764.1]}},{"type":"Feature","properties":{"h":11.0,"d":6.0,"a":1,"l":"d","gn":27,"t":28},"geometry":{"type":"Point","coordinates":[408220.6,5655758.4]}},{"type":"Feature","properties":{"h":18.0,"d":14.0,"a":0,"l":"d","gn":1,"t":56},"geometry":{"type":"Point","coordinates":[408220.7,5655992.1]}},{"type":"Feature","properties":{"h":10.0,"d":5.0,"a":1,"l":"d","gn":27,"t":22},"geometry":{"type":"Point","coordinates":[408221.0,5655777.2]}},{"type":"Feature","properties":{"h":5.0,"d":6.0,"a":5,"l":"d","gn":17,"t":20},"geometry":{"type":"Point","coordinates":[408221.3,5655914.0]}},{"type":"Feature","properties":{"h":6.0,"d":6.0,"a":5,"l":"d","gn":8,"t":24},"geometry":{"type":"Point","coordinates":[408221.8,5654122.7]}},{"type":"Feature","properties":{"h":16.0,"d":9.0,"a":0,"l":"d","gn":3,"t":80},"geometry":{"type":"Point","coordinates":[408225.0,5654111.8]}},{"type":"Feature","properties":{"h":11.0,"d":5.0,"a":1,"l":"d","gn":27,"t":22},"geometry":{"type":"Point","coordinates":[408225.1,5655759.5]}},{"type":"Feature","properties":{"h":11.0,"d":6.0,"a":1,"l":"d","gn":27,"t":30},"geometry":{"type":"Point","coordinates":[408227.9,5655779.0]}},{"type":"Feature","properties":{"h":6.0,"d":5.0,"a":0,"l":"d","gn":21,"t":19},"geometry":{"type":"Point","coordinates":[408228.0,5655940.6]}},{"type":"Feature","properties":{"h":7.0,"d":3.0,"a":1,"l":"d","gn":16,"t":15},"geometry":{"type":"Point","coordinates":[408228.5,5655923.5]}},{"type":"Feature","properties":{"h":9.0,"d":5.0,"a":1,"l":"d","gn":27,"t":18},"geometry":{"type":"Point","coordinates":[408229.3,5655772.9]}},{"type":"Feature","properties":{"h":4.0,"d":3.0,"a":5,"l":"d","gn":8,"t":30},"geometry":{"type":"Point","coordinates":[408229.7,5655960.2]}},{"type":"Feature","properties":{"h":7.0,"d":5.0,"a":1,"l":"d","gn":16,"t":16},"geometry":{"type":"Point","coordinates":[408229.7,5655918.5]}},{"type":"Feature","properties":{"h":12.0,"d":6.0,"a":1,"l":"d","gn":1,"t":30},"geometry":{"type":"Point","coordinates":[408230.6,5655363.0]}},{"type":"Feature","properties":{"h":9.0,"d":4.0,"a":1,"l":"d","gn":27,"t":20},"geometry":{"type":"Point","coordinates":[408230.7,5655766.8]}},{"type":"Feature","properties":{"h":22.0,"d":11.0,"a":0,"l":"d","gn":3,"t":48},"geometry":{"type":"Point","coordinates":[408231.0,5654107.6]}},{"type":"Feature","properties":{"h":10.0,"d":5.0,"a":1,"l":"d","gn":27,"t":25},"geometry":{"type":"Point","coordinates":[408231.9,5655760.9]}},{"type":"Feature","properties":{"h":5.0,"d":3.0,"a":0,"l":"d","gn":7,"t":14},"geometry":{"type":"Point","coordinates":[408232.3,5655933.5]}},{"type":"Feature","properties":{"h":17.0,"d":7.0,"a":0,"l":"d","gn":3,"t":58},"geometry":{"type":"Point","coordinates":[408232.7,5654117.1]}},{"type":"Feature","properties":{"h":7.0,"d":3.0,"a":5,"l":"d","gn":12,"t":6,"f":1},"geometry":{"type":"Point","coordinates":[408233.7,5655879.4]}},{"type":"Feature","properties":{"h":5.0,"d":4.0,"a":5,"l":"d","gn":8,"t":40},"geometry":{"type":"Point","coordinates":[408233.7,5655961.2]}},{"type":"Feature","properties":{"h":10.0,"d":5.0,"a":1,"l":"d","gn":1,"t":23},"geometry":{"type":"Point","coordinates":[408234.2,5655366.3]}},{"type":"Feature","properties":{"h":5.0,"d":3.0,"a":5,"l":"d","gn":12,"t":9},"geometry":{"type":"Point","coordinates":[408237.1,5654132.7]}},{"type":"Feature","properties":{"h":9.0,"d":4.0,"a":1,"l":"d","gn":1,"t":17},"geometry":{"type":"Point","coordinates":[408237.9,5655371.5]}},{"type":"Feature","properties":{"h":6.0,"d":6.0,"a":5,"l":"d","gn":12,"t":17},"geometry":{"type":"Point","coordinates":[408238.2,5654135.0]}},{"type":"Feature","properties":{"h":10.0,"d":6.0,"a":1,"l":"d","gn":1,"t":25},"geometry":{"type":"Point","coordinates":[408238.8,5655409.3]}},{"type":"Feature","properties":{"h":5.0,"d":2.0,"a":5,"l":"d","gn":12,"t":5,"f":1},"geometry":{"type":"Point","coordinates":[408238.9,5655881.0]}},{"type":"Feature","properties":{"h":5.0,"d":4.0,"a":5,"l":"d","gn":8,"t":35},"geometry":{"type":"Point","coordinates":[408239.1,5655962.7]}},{"type":"Feature","properties":{"h":9.0,"d":7.0,"a":0,"l":"d","gn":1,"t":45},"geometry":{"type":"Point","coordinates":[408240.0,5654133.2]}},{"type":"Feature","properties":{"h":10.0,"d":7.0,"a":1,"l":"d","gn":1,"t":30},"geometry":{"type":"Point","coordinates":[408240.2,5655403.1]}},{"type":"Feature","properties":{"h":14.0,"d":6.0,"a":0,"l":"d","gn":3,"t":46},"geometry":{"type":"Point","coordinates":[408242.7,5654122.5]}},{"type":"Feature","properties":{"h":11.0,"d":8.0,"a":1,"l":"d","gn":1,"t":35},"geometry":{"type":"Point","coordinates":[408243.0,5655373.0]}},{"type":"Feature","properties":{"h":5.0,"d":4.0,"a":5,"l":"d","gn":8,"t":49},"geometry":{"type":"Point","coordinates":[408243.3,5655963.8]}},{"type":"Feature","properties":{"h":7.0,"d":4.0,"a":0,"l":"d","gn":6,"t":12},"geometry":{"type":"Point","coordinates":[408243.5,5654126.4]}},{"type":"Feature","properties":{"h":8.0,"d":4.0,"a":1,"l":"d","gn":1,"t":16},"geometry":{"type":"Point","coordinates":[408243.7,5655365.1]}},{"type":"Feature","properties":{"h":11.0,"d":7.0,"a":1,"l":"d","gn":1,"t":40},"geometry":{"type":"Point","coordinates":[408243.9,5655358.9]}},{"type":"Feature","properties":{"h":5.0,"d":2.0,"a":0,"l":"d","gn":10,"t":5,"f":1},"geometry":{"type":"Point","coordinates":[408244.4,5655881.6]}},{"type":"Feature","properties":{"h":5.0,"d":3.0,"a":0,"l":"d","gn":7,"t":11},"geometry":{"type":"Point","coordinates":[408244.6,5655907.5]}},{"type":"Feature","properties":{"h":13.0,"d":6.0,"a":0,"l":"d","gn":1,"t":27},"geometry":{"type":"Point","coordinates":[408246.2,5655761.5]}},{"type":"Feature","properties":{"h":7.0,"d":6.0,"a":0,"l":"d","gn":21,"t":22},"geometry":{"type":"Point","coordinates":[408246.3,5655900.8]}},{"type":"Feature","properties":{"h":22.0,"d":9.0,"a":0,"l":"d","gn":3,"t":50},"geometry":{"type":"Point","coordinates":[408247.2,5654117.3]}},{"type":"Feature","properties":{"h":6.0,"d":5.0,"a":5,"l":"d","t":48},"geometry":{"type":"Point","coordinates":[408248.5,5654136.5]}},{"type":"Feature","properties":{"h":8.0,"d":4.0,"a":1,"l":"d","gn":11,"t":24},"geometry":{"type":"Point","coordinates":[408248.6,5655964.5]}},{"type":"Feature","properties":{"h":8.0,"d":7.0,"a":1,"l":"d","gn":11,"t":26},"geometry":{"type":"Point","coordinates":[408249.9,5655958.8]}},{"type":"Feature","properties":{"h":5.0,"d":2.0,"a":5,"l":"d","gn":8,"t":3,"f":1},"geometry":{"type":"Point","coordinates":[408250.2,5655881.8]}},{"type":"Feature","properties":{"h":15.0,"d":10.0,"a":0,"l":"d","gn":3,"t":51},"geometry":{"type":"Point","coordinates":[408250.2,5654125.7]}},{"type":"Feature","properties":{"h":12.0,"d":8.0,"a":0,"l":"d","gn":1,"t":46},"geometry":{"type":"Point","coordinates":[408251.2,5654137.8]}},{"type":"Feature","properties":{"h":8.0,"d":6.0,"a":0,"l":"d","gn":1,"t":24},"geometry":{"type":"Point","coordinates":[408251.5,5655944.6]}},{"type":"Feature","properties":{"h":6.0,"d":4.0,"a":0,"l":"d","gn":21,"t":18},"geometry":{"type":"Point","coordinates":[408251.7,5655897.0]}},{"type":"Feature","properties":{"h":15.0,"d":8.0,"a":0,"l":"d","gn":1,"t":42},"geometry":{"type":"Point","coordinates":[408252.8,5655763.0]}},{"type":"Feature","properties":{"h":5.0,"d":3.0,"a":0,"l":"d","gn":7,"t":13},"geometry":{"type":"Point","coordinates":[408254.1,5655909.8]}},{"type":"Feature","properties":{"h":8.0,"d":6.0,"a":0,"l":"d","gn":21,"t":24},"geometry":{"type":"Point","coordinates":[408254.9,5655903.4]}},{"type":"Feature","properties":{"h":7.0,"d":4.0,"a":0,"l":"d","gn":21,"t":17},"geometry":{"type":"Point","coordinates":[408256.2,5655898.0]}},{"type":"Feature","properties":{"h":12.0,"d":7.0,"a":1,"l":"d","gn":19,"t":18},"geometry":{"type":"Point","coordinates":[408258.1,5655935.8]}},{"type":"Feature","properties":{"h":15.0,"d":8.0,"a":0,"l":"d","gn":1,"t":39},"geometry":{"type":"Point","coordinates":[408258.2,5655764.2]}},{"type":"Feature","properties":{"h":12.0,"d":7.0,"a":1,"l":"d","gn":19,"t":21},"geometry":{"type":"Point","coordinates":[408258.4,5655935.9]}},{"type":"Feature","properties":{"h":18.0,"d":12.0,"a":0,"l":"d","gn":3,"t":70},"geometry":{"type":"Point","coordinates":[408259.7,5654128.6]}},{"type":"Feature","properties":{"h":19.0,"d":12.0,"a":0,"l":"d","gn":1,"t":95},"geometry":{"type":"Point","coordinates":[408262.1,5654141.0]}},{"type":"Feature","properties":{"h":6.0,"d":5.0,"a":5,"l":"d","gn":17,"t":14},"geometry":{"type":"Point","coordinates":[408262.5,5655917.2]}},{"type":"Feature","properties":{"h":6.0,"d":3.0,"a":1,"l":"d","gn":11,"t":6,"f":1},"geometry":{"type":"Point","coordinates":[408262.6,5655883.0]}},{"type":"Feature","properties":{"h":14.0,"d":8.0,"a":0,"l":"d","gn":3,"t":47},"geometry":{"type":"Point","coordinates":[408263.2,5654122.7]}},{"type":"Feature","properties":{"h":15.0,"d":8.0,"a":0,"l":"d","gn":1,"t":44},"geometry":{"type":"Point","coordinates":[408263.8,5655765.6]}},{"type":"Feature","properties":{"h":10.0,"d":5.0,"a":1,"l":"d","gn":3,"t":29},"geometry":{"type":"Point","coordinates":[408265.2,5655980.5]}},{"type":"Feature","properties":{"h":9.0,"d":8.0,"a":5,"l":"d","gn":8,"t":44},"geometry":{"type":"Point","coordinates":[408265.3,5655907.5]}},{"type":"Feature","properties":{"h":9.0,"d":5.0,"a":1,"l":"d","gn":11,"t":8,"f":1},"geometry":{"type":"Point","coordinates":[408268.5,5655886.0]}},{"type":"Feature","properties":{"h":17.0,"d":7.0,"a":0,"l":"d","gn":3,"t":40},"geometry":{"type":"Point","coordinates":[408269.2,5654130.7]}},{"type":"Feature","properties":{"h":16.0,"d":12.0,"a":0,"l":"d","gn":1,"t":47},"geometry":{"type":"Point","coordinates":[408269.4,5654133.5]}},{"type":"Feature","properties":{"h":18.0,"d":12.0,"a":0,"l":"d","gn":1,"t":80},"geometry":{"type":"Point","coordinates":[408269.9,5654141.6]}},{"type":"Feature","properties":{"h":8.0,"d":4.0,"a":1,"l":"d","gn":11,"t":8,"f":1},"geometry":{"type":"Point","coordinates":[408270.4,5655890.3]}},{"type":"Feature","properties":{"h":13.0,"d":9.0,"a":0,"l":"d","gn":3,"t":51},"geometry":{"type":"Point","coordinates":[408271.3,5655207.6]}},{"type":"Feature","properties":{"h":17.0,"d":9.0,"a":0,"l":"d","gn":3,"t":73},"geometry":{"type":"Point","coordinates":[408271.8,5654124.3]}},{"type":"Feature","properties":{"h":11.0,"d":6.4,"a":0,"l":"d","s":"osm"},"geometry":{"type":"Point","coordinates":[408274.6,5655291.9]}},{"type":"Feature","properties":{"h":10.0,"d":4.0,"a":1,"l":"d","gn":27,"t":13},"geometry":{"type":"Point","coordinates":[408277.7,5654143.6]}},{"type":"Feature","properties":{"h":11.0,"d":6.1,"a":3,"l":"e","s":"osm"},"geometry":{"type":"Point","coordinates":[408277.8,5654924.2]}},{"type":"Feature","properties":{"h":12.0,"d":7.0,"a":5,"l":"d","gn":8,"t":25},"geometry":{"type":"Point","coordinates":[408279.4,5654135.7]}},{"type":"Feature","properties":{"h":13.0,"d":6.0,"a":0,"l":"d","gn":10,"t":46,"f":1},"geometry":{"type":"Point","coordinates":[408279.5,5654401.2]}},{"type":"Feature","properties":{"h":15.0,"d":7.0,"a":0,"l":"d","gn":3,"t":51},"geometry":{"type":"Point","coordinates":[408280.7,5654125.3]}},{"type":"Feature","properties":{"h":10.0,"d":5.0,"a":1,"l":"d","gn":3,"t":25},"geometry":{"type":"Point","coordinates":[408281.0,5655984.4]}},{"type":"Feature","properties":{"h":12.0,"d":6.0,"a":1,"l":"d","gn":27,"t":21},"geometry":{"type":"Point","coordinates":[408281.3,5654143.8]}},{"type":"Feature","properties":{"h":9.0,"d":6.0,"a":0,"l":"d","gn":10,"t":22,"f":1},"geometry":{"type":"Point","coordinates":[408281.9,5654401.8]}},{"type":"Feature","properties":{"h":9.0,"d":6.0,"a":5,"l":"d","c":1,"gn":8,"t":18},"geometry":{"type":"Point","coordinates":[408284.4,5654134.4]}},{"type":"Feature","properties":{"h":15.0,"d":9.0,"a":0,"l":"d","gn":3,"t":51},"geometry":{"type":"Point","coordinates":[408284.9,5655208.7]}},{"type":"Feature","properties":{"h":6.0,"d":5.0,"a":5,"l":"d","gn":1,"t":13},"geometry":{"type":"Point","coordinates":[408284.9,5654144.1]}},{"type":"Feature","properties":{"h":15.0,"d":10.0,"a":0,"l":"d","gn":10,"t":45,"f":1},"geometry":{"type":"Point","coordinates":[408287.8,5654402.7]}},{"type":"Feature","properties":{"h":11.0,"d":6.0,"a":1,"l":"d","gn":1,"t":30},"geometry":{"type":"Point","coordinates":[408288.1,5655403.2]}},{"type":"Feature","properties":{"h":17.0,"d":8.0,"a":0,"l":"d","gn":3,"t":58},"geometry":{"type":"Point","coordinates":[408289.1,5654125.1]}},{"type":"Feature","properties":{"h":22.0,"d":16.0,"a":0,"l":"d","c":1,"gn":1,"t":85},"geometry":{"type":"Point","coordinates":[408289.4,5655751.9]}},{"type":"Feature","properties":{"h":11.0,"d":7.0,"a":0,"l":"d","gn":4,"t":21},"geometry":{"type":"Point","coordinates":[408289.4,5654136.1]}},{"type":"Feature","properties":{"h":12.0,"d":8.0,"a":0,"l":"d","gn":4,"t":24},"geometry":{"type":"Point","coordinates":[408290.0,5654142.4]}},{"type":"Feature","properties":{"h":23.0,"d":16.0,"a":0,"l":"d","gn":1,"t":60},"geometry":{"type":"Point","coordinates":[408291.3,5655745.4]}},{"type":"Feature","properties":{"h":11.0,"d":6.0,"a":1,"l":"d","gn":3,"t":23},"geometry":{"type":"Point","coordinates":[408291.4,5655986.6]}},{"type":"Feature","properties":{"h":24.0,"d":18.0,"a":0,"l":"d","c":1,"gn":1,"t":70},"geometry":{"type":"Point","coordinates":[408292.8,5655736.3]}},{"type":"Feature","properties":{"h":11.0,"d":6.0,"a":1,"l":"d","gn":1,"t":25},"geometry":{"type":"Point","coordinates":[408293.5,5655404.2]}},{"type":"Feature","properties":{"h":13.0,"d":10.0,"a":0,"l":"d","gn":10,"t":44,"f":1},"geometry":{"type":"Point","coordinates":[408295.6,5654404.5]}},{"type":"Feature","properties":{"h":17.0,"d":12.0,"a":0,"l":"d","gn":1,"t":30},"geometry":{"type":"Point","coordinates":[408295.9,5655724.5]}},{"type":"Feature","properties":{"h":19.0,"d":18.0,"a":0,"l":"d","c":1,"gn":1,"t":80},"geometry":{"type":"Point","coordinates":[408298.3,5655711.9]}},{"type":"Feature","properties":{"h":14.0,"d":6.5,"a":0,"l":"d","gn":4,"t":25},"geometry":{"type":"Point","coordinates":[408298.9,5654141.8]}},{"type":"Feature","properties":{"h":11.0,"d":6.4,"a":0,"l":"d","s":"osm"},"geometry":{"type":"Point","coordinates":[408298.9,5655158.6]}},{"type":"Feature","properties":{"h":11.0,"d":6.4,"a":0,"l":"d","s":"osm"},"geometry":{"type":"Point","coordinates":[408301.4,5655715.4]}},{"type":"Feature","properties":{"h":11.0,"d":6.4,"a":0,"l":"d","s":"osm"},"geometry":{"type":"Point","coordinates":[408301.7,5655708.9]}},{"type":"Feature","properties":{"h":5.0,"d":1.0,"a":0,"l":"d","c":1,"gn":1,"t":6},"geometry":{"type":"Point","coordinates":[408301.8,5655772.0]}},{"type":"Feature","properties":{"h":21.0,"d":20.0,"a":0,"l":"d","c":1,"gn":1,"t":85},"geometry":{"type":"Point","coordinates":[408302.2,5655696.3]}},{"type":"Feature","properties":{"h":12.0,"d":7.0,"a":0,"l":"d","gn":4,"t":24},"geometry":{"type":"Point","coordinates":[408302.4,5654141.4]}},{"type":"Feature","properties":{"h":8.0,"d":7.0,"a":0,"l":"d","gn":10,"t":27,"f":1},"geometry":{"type":"Point","coordinates":[408302.5,5654400.1]}},{"type":"Feature","properties":{"h":11.0,"d":6.4,"a":0,"l":"d","s":"osm"},"geometry":{"type":"Point","coordinates":[408302.5,5655143.6]}},{"type":"Feature","properties":{"h":20.0,"d":12.0,"a":1,"l":"d","gn":16,"t":45},"geometry":{"type":"Point","coordinates":[408302.6,5655743.0]}},{"type":"Feature","properties":{"h":14.0,"d":9.0,"a":0,"l":"d","gn":10,"t":54,"f":1},"geometry":{"type":"Point","coordinates":[408302.8,5654408.6]}},{"type":"Feature","properties":{"h":11.0,"d":6.4,"a":0,"l":"d","s":"osm"},"geometry":{"type":"Point","coordinates":[408303.2,5655135.4]}},{"type":"Feature","properties":{"h":10.0,"d":5.0,"a":1,"l":"d","gn":3,"t":25},"geometry":{"type":"Point","coordinates":[408303.7,5655989.6]}},{"type":"Feature","properties":{"h":20.0,"d":9.0,"a":0,"l":"d","gn":3,"t":65},"geometry":{"type":"Point","coordinates":[408304.3,5654123.4]}},{"type":"Feature","properties":{"h":13.0,"d":6.0,"a":0,"l":"d","gn":10,"t":23,"f":1},"geometry":{"type":"Point","coordinates":[408304.6,5654406.9]}},{"type":"Feature","properties":{"h":11.0,"d":6.4,"a":0,"l":"d","s":"osm"},"geometry":{"type":"Point","coordinates":[408304.7,5655770.9]}},{"type":"Feature","properties":{"h":20.0,"d":7.0,"a":0,"l":"d","gn":3,"t":48},"geometry":{"type":"Point","coordinates":[408305.4,5654130.7]}},{"type":"Feature","properties":{"h":12.0,"d":5.0,"a":0,"l":"d","gn":4,"t":15},"geometry":{"type":"Point","coordinates":[408305.7,5654133.8]}},{"type":"Feature","properties":{"h":5.0,"d":3.0,"a":5,"l":"d","gn":8,"t":20},"geometry":{"type":"Point","coordinates":[408305.8,5655689.1]}},{"type":"Feature","properties":{"h":12.0,"d":6.0,"a":0,"l":"d","gn":4,"t":20},"geometry":{"type":"Point","coordinates":[408305.9,5654141.1]}},{"type":"Feature","properties":{"h":10.0,"d":6.0,"a":0,"l":"d","gn":6,"t":22,"f":1},"geometry":{"type":"Point","coordinates":[408306.1,5654409.7]}},{"type":"Feature","properties":{"h":8.0,"d":5.0,"a":0,"l":"d","gn":10,"t":18,"f":1},"geometry":{"type":"Point","coordinates":[408306.7,5654399.6]}},{"type":"Feature","properties":{"h":15.0,"d":11.0,"a":0,"l":"d","gn":1,"t":50},"geometry":{"type":"Point","coordinates":[408307.8,5655686.2]}},{"type":"Feature","properties":{"h":8.0,"d":5.0,"a":0,"l":"d","gn":1,"t":44},"geometry":{"type":"Point","coordinates":[408308.0,5655685.6]}},{"type":"Feature","properties":{"h":11.0,"d":6.4,"a":0,"l":"d","s":"osm"},"geometry":{"type":"Point","coordinates":[408310.1,5655161.5]}},{"type":"Feature","properties":{"h":19.0,"d":11.0,"a":0,"l":"d","gn":1,"t":80},"geometry":{"type":"Point","coordinates":[408310.2,5655752.1]}},{"type":"Feature","properties":{"h":16.0,"d":10.0,"a":0,"l":"d","c":1,"gn":1,"t":35},"geometry":{"type":"Point","coordinates":[408310.4,5655684.1]}},{"type":"Feature","properties":{"h":5.0,"d":7.0,"a":5,"l":"d","gn":17,"t":35},"geometry":{"type":"Point","coordinates":[408310.6,5655707.0]}},{"type":"Feature","properties":{"h":19.0,"d":17.0,"a":0,"l":"d","gn":1,"t":110},"geometry":{"type":"Point","coordinates":[408312.0,5655720.8]}},{"type":"Feature","properties":{"h":12.0,"d":6.0,"a":0,"l":"d","gn":4,"t":78,"f":1},"geometry":{"type":"Point","coordinates":[408312.3,5654415.8]}},{"type":"Feature","properties":{"h":12.0,"d":9.0,"a":0,"l":"d","t":33},"geometry":{"type":"Point","coordinates":[408312.6,5654139.1]}},{"type":"Feature","properties":{"h":20.0,"d":11.0,"a":0,"l":"d","gn":3,"t":61},"geometry":{"type":"Point","coordinates":[408313.1,5654122.0]}},{"type":"Feature","properties":{"h":11.0,"d":6.0,"a":1,"l":"d","gn":1,"t":32},"geometry":{"type":"Point","coordinates":[408313.1,5655408.0]}},{"type":"Feature","properties":{"h":16.0,"d":8.0,"a":0,"l":"d","gn":3,"t":50},"geometry":{"type":"Point","coordinates":[408313.6,5654129.0]}},{"type":"Feature","properties":{"h":11.0,"d":6.4,"a":0,"l":"d","s":"osm"},"geometry":{"type":"Point","coordinates":[408314.0,5655762.8]}},{"type":"Feature","properties":{"h":5.0,"d":6.0,"a":5,"l":"d","gn":17,"t":25,"f":1},"geometry":{"type":"Point","coordinates":[408314.0,5654403.7]}},{"type":"Feature","properties":{"h":9.0,"d":5.0,"a":5,"l":"d","gn":12,"t":25},"geometry":{"type":"Point","coordinates":[408314.1,5655735.7]}},{"type":"Feature","properties":{"h":9.0,"d":6.0,"a":0,"l":"d","gn":1,"t":26,"f":1},"geometry":{"type":"Point","coordinates":[408314.3,5654412.5]}},{"type":"Feature","properties":{"h":10.0,"d":5.0,"a":1,"l":"d","gn":3,"t":25},"geometry":{"type":"Point","coordinates":[408314.7,5655992.1]}},{"type":"Feature","properties":{"h":21.0,"d":17.0,"a":0,"l":"d","c":1,"gn":1,"t":75},"geometry":{"type":"Point","coordinates":[408316.3,5655775.2]}},{"type":"Feature","properties":{"h":7.0,"d":8.0,"a":5,"l":"d","gn":27,"f":1},"geometry":{"type":"Point","coordinates":[408316.7,5654408.5]}},{"type":"Feature","properties":{"h":24.0,"d":10.0,"a":0,"l":"d","c":1,"gn":1,"t":50},"geometry":{"type":"Point","coordinates":[408317.4,5655760.5]}},{"type":"Feature","properties":{"h":22.0,"d":17.0,"a":1,"l":"d","gn":11,"t":70},"geometry":{"type":"Point","coordinates":[408318.8,5655724.3]}},{"type":"Feature","properties":{"h":11.0,"d":6.4,"a":0,"l":"d","s":"osm"},"geometry":{"type":"Point","coordinates":[408318.8,5654931.6]}},{"type":"Feature","properties":{"h":12.0,"d":5.0,"a":0,"l":"d","gn":4,"t":19,"f":1},"geometry":{"type":"Point","coordinates":[408318.9,5654411.0]}},{"type":"Feature","properties":{"h":8.0,"d":3.0,"a":1,"l":"d","gn":1,"t":18},"geometry":{"type":"Point","coordinates":[408319.1,5655409.1]}},{"type":"Feature","properties":{"h":11.0,"d":6.1,"a":3,"l":"e","s":"osm"},"geometry":{"type":"Point","coordinates":[408319.5,5655064.0]}},{"type":"Feature","properties":{"h":10.0,"d":4.0,"a":5,"l":"d","gn":21,"t":14},"geometry":{"type":"Point","coordinates":[408320.1,5654140.0]}},{"type":"Feature","properties":{"h":11.0,"d":6.4,"a":0,"l":"d","s":"osm"},"geometry":{"type":"Point","coordinates":[408320.2,5655758.7]}},{"type":"Feature","properties":{"h":8.0,"d":5.0,"a":0,"l":"d","gn":4,"t":18,"f":1},"geometry":{"type":"Point","coordinates":[408320.6,5654410.3]}},{"type":"Feature","properties":{"h":8.0,"d":4.0,"a":0,"l":"d","c":1,"gn":1,"t":12},"geometry":{"type":"Point","coordinates":[408321.9,5655686.9]}},{"type":"Feature","properties":{"h":19.0,"d":9.0,"a":0,"l":"d","gn":3,"t":46},"geometry":{"type":"Point","coordinates":[408322.1,5654120.2]}},{"type":"Feature","properties":{"h":17.0,"d":10.0,"a":0,"l":"d","gn":1,"t":48},"geometry":{"type":"Point","coordinates":[408322.4,5654139.6]}},{"type":"Feature","properties":{"h":18.0,"d":10.0,"a":0,"l":"d","gn":3,"t":56},"geometry":{"type":"Point","coordinates":[408323.1,5654127.2]}},{"type":"Feature","properties":{"h":26.0,"d":19.0,"a":0,"l":"d","gn":1,"t":110},"geometry":{"type":"Point","coordinates":[408323.2,5655757.2]}},{"type":"Feature","properties":{"h":22.0,"d":18.0,"a":0,"l":"d","c":1,"gn":1,"t":90},"geometry":{"type":"Point","coordinates":[408323.5,5655776.8]}},{"type":"Feature","properties":{"h":10.0,"d":5.0,"a":1,"l":"d","gn":1,"t":25},"geometry":{"type":"Point","coordinates":[408325.0,5655410.3]}},{"type":"Feature","properties":{"h":11.0,"d":6.4,"a":0,"l":"d","s":"osm"},"geometry":{"type":"Point","coordinates":[408326.0,5654929.6]}},{"type":"Feature","properties":{"h":7.0,"d":4.0,"a":0,"l":"d","t":29},"geometry":{"type":"Point","coordinates":[408326.6,5654140.3]}},{"type":"Feature","properties":{"h":11.0,"d":6.4,"a":0,"l":"d","s":"osm"},"geometry":{"type":"Point","coordinates":[408326.8,5655754.4]}},{"type":"Feature","properties":{"h":6.0,"d":7.0,"a":5,"l":"d","gn":12,"t":26,"f":1},"geometry":{"type":"Point","coordinates":[408327.3,5654405.1]}},{"type":"Feature","properties":{"h":11.0,"d":6.4,"a":0,"l":"d","s":"osm"},"geometry":{"type":"Point","coordinates":[408327.9,5655776.3]}},{"type":"Feature","properties":{"h":15.0,"d":9.0,"a":0,"l":"d","gn":3,"t":53},"geometry":{"type":"Point","coordinates":[408328.3,5655212.4]}},{"type":"Feature","properties":{"h":9.0,"d":4.0,"a":1,"l":"d","gn":1,"t":22},"geometry":{"type":"Point","coordinates":[408331.8,5655411.5]}},{"type":"Feature","properties":{"h":21.0,"d":8.0,"a":0,"l":"d","gn":3,"t":58},"geometry":{"type":"Point","coordinates":[408332.5,5654125.3]}},{"type":"Feature","properties":{"h":9.0,"d":3.0,"a":1,"l":"d","gn":3,"t":12},"geometry":{"type":"Point","coordinates":[408332.6,5655965.0]}},{"type":"Feature","properties":{"h":11.0,"d":6.1,"a":3,"l":"e","s":"osm"},"geometry":{"type":"Point","coordinates":[408333.1,5654977.8]}},{"type":"Feature","properties":{"h":11.0,"d":6.0,"a":0,"l":"d","gn":33,"t":32,"f":1},"geometry":{"type":"Point","coordinates":[408333.5,5654405.7]}},{"type":"Feature","properties":{"h":14.0,"d":16.0,"a":0,"l":"d","c":1,"gn":1,"t":50},"geometry":{"type":"Point","coordinates":[408333.6,5655689.6]}},{"type":"Feature","properties":{"h":18.0,"d":9.0,"a":0,"l":"d","gn":1,"t":43},"geometry":{"type":"Point","coordinates":[408334.3,5655763.1]}},{"type":"Feature","properties":{"h":9.0,"d":3.0,"a":1,"l":"d","gn":3,"t":11},"geometry":{"type":"Point","coordinates":[408334.4,5655957.3]}},{"type":"Feature","properties":{"h":10.0,"d":12.0,"a":0,"l":"d","gn":5,"t":64,"f":1},"geometry":{"type":"Point","coordinates":[408335.4,5654398.2]}},{"type":"Feature","properties":{"h":26.0,"d":14.0,"a":0,"l":"d","gn":1,"t":70},"geometry":{"type":"Point","coordinates":[408335.6,5655762.0]}},{"type":"Feature","properties":{"h":6.0,"d":3.0,"a":0,"l":"d","t":32},"geometry":{"type":"Point","coordinates":[408336.0,5654137.4]}},{"type":"Feature","properties":{"h":10.0,"d":5.0,"a":0,"l":"d","gn":33,"t":18,"f":1},"geometry":{"type":"Point","coordinates":[408336.7,5654405.0]}},{"type":"Feature","properties":{"h":5.0,"d":1.0,"a":0,"l":"d","gn":34,"t":6},"geometry":{"type":"Point","coordinates":[408337.4,5655368.3]}},{"type":"Feature","properties":{"h":11.0,"d":5.0,"a":1,"l":"d","gn":1,"t":27},"geometry":{"type":"Point","coordinates":[408337.7,5655412.6]}},{"type":"Feature","properties":{"h":12.0,"d":5.0,"a":0,"l":"d","gn":3,"t":48},"geometry":{"type":"Point","coordinates":[408337.9,5655213.5]}},{"type":"Feature","properties":{"h":21.0,"d":16.0,"a":0,"l":"d","c":1,"gn":1,"t":75},"geometry":{"type":"Point","coordinates":[408338.1,5655780.3]}},{"type":"Feature","properties":{"h":19.0,"d":7.0,"a":0,"l":"d","gn":1,"t":35},"geometry":{"type":"Point","coordinates":[408338.3,5655756.3]}},{"type":"Feature","properties":{"h":9.0,"d":3.0,"a":1,"l":"d","gn":3,"t":12},"geometry":{"type":"Point","coordinates":[408338.6,5655940.1]}},{"type":"Feature","properties":{"h":5.0,"d":2.9,"a":0,"l":"d","gn":34,"s":"osm"},"geometry":{"type":"Point","coordinates":[408339.6,5655319.1]}},{"type":"Feature","properties":{"h":5.0,"d":1.0,"a":0,"l":"d","gn":34,"t":6},"geometry":{"type":"Point","coordinates":[408339.6,5655345.0]}},{"type":"Feature","properties":{"h":9.0,"d":7.0,"a":0,"l":"d","gn":7,"t":41,"f":1},"geometry":{"type":"Point","coordinates":[408339.8,5654404.2]}},{"type":"Feature","properties":{"h":9.0,"d":3.0,"a":1,"l":"d","gn":3,"t":13},"geometry":{"type":"Point","coordinates":[408340.3,5655932.1]}},{"type":"Feature","properties":{"h":11.0,"d":6.4,"a":0,"l":"d","s":"osm"},"geometry":{"type":"Point","coordinates":[408340.8,5654915.2]}},{"type":"Feature","properties":{"h":5.0,"d":1.0,"a":0,"l":"d","gn":34,"t":6},"geometry":{"type":"Point","coordinates":[408341.6,5655321.5]}},{"type":"Feature","properties":{"h":8.0,"d":3.0,"a":1,"l":"d","gn":3,"t":11},"geometry":{"type":"Point","coordinates":[408342.1,5655924.5]}},{"type":"Feature","properties":{"h":10.0,"d":6.0,"a":0,"l":"d","t":35},"geometry":{"type":"Point","coordinates":[408342.6,5654134.0]}},{"type":"Feature","properties":{"h":20.0,"d":12.0,"a":0,"l":"d","gn":1,"t":60},"geometry":{"type":"Point","coordinates":[408343.1,5655765.4]}},{"type":"Feature","properties":{"h":16.0,"d":8.0,"a":0,"l":"d","gn":3,"t":63},"geometry":{"type":"Point","coordinates":[408343.4,5654122.5]}},{"type":"Feature","properties":{"h":5.0,"d":1.0,"a":0,"l":"d","gn":34,"t":6},"geometry":{"type":"Point","coordinates":[408343.6,5655298.6]}},{"type":"Feature","properties":{"h":7.0,"d":8.0,"a":0,"l":"d","gn":5,"t":27,"f":1},"geometry":{"type":"Point","coordinates":[408343.8,5654397.9]}},{"type":"Feature","properties":{"h":6.0,"d":5.0,"a":5,"l":"d","gn":17,"t":14,"f":1},"geometry":{"type":"Point","coordinates":[408344.0,5654403.6]}},{"type":"Feature","properties":{"h":5.0,"d":2.9,"a":0,"l":"d","gn":34,"s":"osm"},"geometry":{"type":"Point","coordinates":[408344.0,5655272.0]}},{"type":"Feature","properties":{"h":5.0,"d":3.5,"a":5,"l":"d","gn":17,"t":11,"f":1},"geometry":{"type":"Point","coordinates":[408344.2,5654406.2]}},{"type":"Feature","properties":{"h":9.0,"d":4.0,"a":0,"l":"d","t":51},"geometry":{"type":"Point","coordinates":[408345.2,5654133.0]}},{"type":"Feature","properties":{"h":14.0,"d":12.0,"a":0,"l":"d","gn":1,"t":40},"geometry":{"type":"Point","coordinates":[408345.2,5655692.0]}},{"type":"Feature","properties":{"h":5.0,"d":1.0,"a":0,"l":"d","gn":34,"t":6},"geometry":{"type":"Point","coordinates":[408345.6,5655276.3]}},{"type":"Feature","properties":{"h":12.0,"d":8.0,"a":0,"l":"d","t":57},"geometry":{"type":"Point","coordinates":[408346.8,5654132.6]}},{"type":"Feature","properties":{"h":15.0,"d":12.0,"a":0,"l":"d","gn":1,"t":65},"geometry":{"type":"Point","coordinates":[408347.8,5655712.9]}},{"type":"Feature","properties":{"h":12.0,"d":6.0,"a":1,"l":"d","gn":1,"t":32},"geometry":{"type":"Point","coordinates":[408347.9,5655414.6]}},{"type":"Feature","properties":{"h":5.0,"d":1.0,"a":0,"l":"d","gn":34,"t":6},"geometry":{"type":"Point","coordinates":[408348.0,5655248.4]}},{"type":"Feature","properties":{"h":11.0,"d":6.4,"a":0,"l":"d","s":"osm"},"geometry":{"type":"Point","coordinates":[408348.5,5655781.1]}},{"type":"Feature","properties":{"h":14.0,"d":5.0,"a":0,"l":"d","gn":3,"t":50},"geometry":{"type":"Point","coordinates":[408348.8,5654114.3]}},{"type":"Feature","properties":{"h":5.0,"d":2.9,"a":0,"l":"d","gn":34,"s":"osm"},"geometry":{"type":"Point","coordinates":[408349.1,5655219.0]}},{"type":"Feature","properties":{"h":9.0,"d":3.0,"a":1,"l":"d","gn":3,"t":12},"geometry":{"type":"Point","coordinates":[408349.2,5655942.8]}},{"type":"Feature","properties":{"h":6.0,"d":7.0,"a":5,"l":"d","gn":27,"f":1},"geometry":{"type":"Point","coordinates":[408350.1,5654404.4]}},{"type":"Feature","properties":{"h":7.0,"d":9.0,"a":5,"l":"d","t":35},"geometry":{"type":"Point","coordinates":[408350.1,5655756.2]}},{"type":"Feature","properties":{"h":11.0,"d":6.4,"a":0,"l":"d","s":"osm"},"geometry":{"type":"Point","coordinates":[408350.3,5655775.3]}},{"type":"Feature","properties":{"h":5.0,"d":1.0,"a":0,"l":"d","gn":34,"t":6},"geometry":{"type":"Point","coordinates":[408350.4,5655223.1]}},{"type":"Feature","properties":{"h":8.0,"d":9.0,"a":0,"l":"d","gn":4,"t":29,"f":1},"geometry":{"type":"Point","coordinates":[408352.2,5654395.1]}},{"type":"Feature","properties":{"h":21.0,"d":17.0,"a":0,"l":"d","c":1,"gn":1,"t":90},"geometry":{"type":"Point","coordinates":[408352.4,5655784.0]}},{"type":"Feature","properties":{"h":5.0,"d":1.0,"a":0,"l":"d","gn":34,"t":6},"geometry":{"type":"Point","coordinates":[408352.8,5655192.2]}},{"type":"Feature","properties":{"h":5.0,"d":2.9,"a":0,"l":"d","gn":34,"s":"osm"},"geometry":{"type":"Point","coordinates":[408353.1,5655164.0]}},{"type":"Feature","properties":{"h":12.0,"d":6.0,"a":1,"l":"d","gn":1,"t":29},"geometry":{"type":"Point","coordinates":[408354.0,5655415.7]}},{"type":"Feature","properties":{"h":9.0,"d":3.0,"a":1,"l":"d","gn":3,"t":14},"geometry":{"type":"Point","coordinates":[408354.2,5655873.0]}},{"type":"Feature","properties":{"h":8.0,"d":5.0,"a":0,"l":"d","gn":3,"t":14,"f":1},"geometry":{"type":"Point","coordinates":[408354.9,5654404.2]}},{"type":"Feature","properties":{"h":11.0,"d":6.4,"a":0,"l":"d","s":"osm"},"geometry":{"type":"Point","coordinates":[408355.1,5655782.1]}},{"type":"Feature","properties":{"h":5.0,"d":1.0,"a":0,"l":"d","gn":34,"t":6},"geometry":{"type":"Point","coordinates":[408355.1,5655166.6]}},{"type":"Feature","properties":{"h":5.0,"d":2.9,"a":0,"l":"d","gn":34,"s":"osm"},"geometry":{"type":"Point","coordinates":[408355.5,5655137.7]}},{"type":"Feature","properties":{"h":9.0,"d":3.0,"a":1,"l":"d","gn":3,"t":14},"geometry":{"type":"Point","coordinates":[408356.0,5655913.7]}},{"type":"Feature","properties":{"h":9.0,"d":3.0,"a":1,"l":"d","gn":3,"t":14},"geometry":{"type":"Point","coordinates":[408356.2,5655865.2]}},{"type":"Feature","properties":{"h":14.0,"d":14.0,"a":0,"l":"d","gn":1,"t":48},"geometry":{"type":"Point","coordinates":[408356.3,5655707.2]}},{"type":"Feature","properties":{"h":5.0,"d":2.0,"a":0,"l":"d","c":1,"gn":1,"t":6},"geometry":{"type":"Point","coordinates":[408356.4,5655694.5]}},{"type":"Feature","properties":{"h":5.0,"d":1.0,"a":0,"l":"d","gn":34,"t":6},"geometry":{"type":"Point","coordinates":[408357.0,5655144.2]}},{"type":"Feature","properties":{"h":5.0,"d":2.9,"a":0,"l":"d","gn":34,"s":"osm"},"geometry":{"type":"Point","coordinates":[408357.5,5655112.6]}},{"type":"Feature","properties":{"h":12.0,"d":5.0,"a":0,"l":"d","gn":4,"t":19,"f":1},"geometry":{"type":"Point","coordinates":[408358.2,5654409.7]}},{"type":"Feature","properties":{"h":5.0,"d":1.0,"a":0,"l":"d","gn":34,"t":6},"geometry":{"type":"Point","coordinates":[408359.5,5655116.3]}},{"type":"Feature","properties":{"h":10.0,"d":9.0,"a":5,"l":"d","gn":21,"t":96,"f":1},"geometry":{"type":"Point","coordinates":[408360.1,5654408.1]}},{"type":"Feature","properties":{"h":10.0,"d":8.0,"a":3,"l":"e","t":80},"geometry":{"type":"Point","coordinates":[408360.3,5655774.7]}},{"type":"Feature","properties":{"h":5.0,"d":2.9,"a":0,"l":"d","gn":34,"s":"osm"},"geometry":{"type":"Point","coordinates":[408360.9,5655082.6]}},{"type":"Feature","properties":{"h":11.0,"d":7.0,"a":5,"l":"d","gn":21,"t":45,"f":1},"geometry":{"type":"Point","coordinates":[408361.3,5654408.1]}},{"type":"Feature","properties":{"h":5.0,"d":1.0,"a":0,"l":"d","gn":34,"t":6},"geometry":{"type":"Point","coordinates":[408362.1,5655085.6]}},{"type":"Feature","properties":{"h":11.0,"d":8.0,"a":5,"l":"d","gn":8,"t":22},"geometry":{"type":"Point","coordinates":[408362.8,5654121.3]}},{"type":"Feature","properties":{"h":9.0,"d":3.0,"a":1,"l":"d","gn":3,"t":14},"geometry":{"type":"Point","coordinates":[408363.1,5655835.1]}},{"type":"Feature","properties":{"h":8.0,"d":5.0,"a":1,"l":"d","gn":6,"t":18},"geometry":{"type":"Point","coordinates":[408364.4,5655759.6]}},{"type":"Feature","properties":{"h":9.0,"d":3.0,"a":1,"l":"d","gn":3,"t":14},"geometry":{"type":"Point","coordinates":[408364.4,5655877.2]}},{"type":"Feature","properties":{"h":10.0,"d":5.0,"a":1,"l":"d","gn":1,"t":24},"geometry":{"type":"Point","coordinates":[408364.6,5655417.7]}},{"type":"Feature","properties":{"h":5.0,"d":1.0,"a":0,"l":"d","gn":34,"t":6},"geometry":{"type":"Point","coordinates":[408364.7,5655055.8]}},{"type":"Feature","properties":{"h":5.0,"d":2.9,"a":0,"l":"d","gn":34,"s":"osm"},"geometry":{"type":"Point","coordinates":[408364.7,5655031.1]}},{"type":"Feature","properties":{"h":11.0,"d":6.4,"a":0,"l":"d","s":"osm"},"geometry":{"type":"Point","coordinates":[408364.9,5655737.9]}},{"type":"Feature","properties":{"h":9.0,"d":3.0,"a":1,"l":"d","gn":3,"t":15},"geometry":{"type":"Point","coordinates":[408365.0,5655827.4]}},{"type":"Feature","properties":{"h":11.0,"d":7.0,"a":5,"l":"d","gn":21,"t":66,"f":1},"geometry":{"type":"Point","coordinates":[408365.4,5654406.5]}},{"type":"Feature","properties":{"h":11.0,"d":6.4,"a":0,"l":"d","s":"osm"},"geometry":{"type":"Point","coordinates":[408365.5,5655702.9]}},{"type":"Feature","properties":{"h":22.0,"d":11.0,"a":0,"l":"d","gn":3,"t":75},"geometry":{"type":"Point","coordinates":[408365.8,5654109.6]}},{"type":"Feature","properties":{"h":10.0,"d":10.0,"a":3,"l":"e","t":80},"geometry":{"type":"Point","coordinates":[408366.1,5655783.5]}},{"type":"Feature","properties":{"h":5.0,"d":1.0,"a":0,"l":"d","gn":34,"t":6},"geometry":{"type":"Point","coordinates":[408366.6,5655034.0]}},{"type":"Feature","properties":{"h":10.0,"d":4.0,"a":5,"l":"d","gn":21,"t":24,"f":1},"geometry":{"type":"Point","coordinates":[408366.7,5654406.4]}},{"type":"Feature","properties":{"h":5.0,"d":1.5,"a":1,"l":"d","gn":29,"t":8},"geometry":{"type":"Point","coordinates":[408367.0,5655747.2]}},{"type":"Feature","properties":{"h":12.0,"d":5.0,"a":0,"l":"d","t":30},"geometry":{"type":"Point","coordinates":[408367.0,5654127.7]}},{"type":"Feature","properties":{"h":14.0,"d":12.0,"a":0,"l":"d","gn":1,"t":40},"geometry":{"type":"Point","coordinates":[408367.3,5655697.2]}},{"type":"Feature","properties":{"h":20.0,"d":9.0,"a":0,"l":"d","gn":3,"t":72},"geometry":{"type":"Point","coordinates":[408367.3,5654116.6]}},{"type":"Feature","properties":{"h":8.0,"d":9.0,"a":5,"l":"d","gn":27,"t":13},"geometry":{"type":"Point","coordinates":[408367.7,5654128.8]}},{"type":"Feature","properties":{"h":7.0,"d":4.0,"a":0,"l":"d","c":1,"gn":31,"t":11},"geometry":{"type":"Point","coordinates":[408368.1,5655735.7]}},{"type":"Feature","properties":{"h":5.0,"d":1.0,"a":0,"l":"d","gn":34,"t":6},"geometry":{"type":"Point","coordinates":[408368.7,5655009.2]}},{"type":"Feature","properties":{"h":9.0,"d":3.0,"a":1,"l":"d","gn":3,"t":16},"geometry":{"type":"Point","coordinates":[408368.9,5655810.9]}},{"type":"Feature","properties":{"h":7.0,"d":8.0,"a":5,"l":"d","gn":27,"f":1},"geometry":{"type":"Point","coordinates":[408368.9,5654410.1]}},{"type":"Feature","properties":{"h":11.0,"d":6.4,"a":0,"l":"d","s":"osm"},"geometry":{"type":"Point","coordinates":[408369.1,5655730.2]}},{"type":"Feature","properties":{"h":8.0,"d":3.0,"a":1,"l":"d","gn":3,"t":12},"geometry":{"type":"Point","coordinates":[408369.7,5655855.8]}},{"type":"Feature","properties":{"h":10.0,"d":7.0,"a":5,"l":"d","gn":21,"t":100,"f":1},"geometry":{"type":"Point","coordinates":[408370.0,5654406.6]}},{"type":"Feature","properties":{"h":6.0,"d":8.0,"a":5,"l":"d","gn":27,"t":87},"geometry":{"type":"Point","coordinates":[408370.8,5654126.5]}},{"type":"Feature","properties":{"h":5.0,"d":1.0,"a":0,"l":"d","gn":34,"t":6},"geometry":{"type":"Point","coordinates":[408371.1,5654982.7]}},{"type":"Feature","properties":{"h":5.0,"d":1.0,"a":0,"l":"d","c":1,"gn":1,"t":6},"geometry":{"type":"Point","coordinates":[408371.3,5655772.5]}},{"type":"Feature","properties":{"h":5.0,"d":2.9,"a":0,"l":"d","gn":34,"s":"osm"},"geometry":{"type":"Point","coordinates":[408371.6,5654953.0]}},{"type":"Feature","properties":{"h":12.0,"d":12.0,"a":0,"l":"d","gn":5,"t":62,"f":1},"geometry":{"type":"Point","coordinates":[408372.8,5654390.0]}},{"type":"Feature","properties":{"h":8.0,"d":8.0,"a":5,"l":"d","gn":21,"t":88,"f":1},"geometry":{"type":"Point","coordinates":[408372.9,5654407.1]}},{"type":"Feature","properties":{"h":9.0,"d":4.0,"a":1,"l":"d","gn":1,"t":18},"geometry":{"type":"Point","coordinates":[408372.9,5655419.1]}},{"type":"Feature","properties":{"h":9.0,"d":3.0,"a":1,"l":"d","gn":3,"t":13},"geometry":{"type":"Point","coordinates":[408373.2,5655840.5]}},{"type":"Feature","properties":{"h":5.0,"d":1.0,"a":0,"l":"d","gn":34,"t":6},"geometry":{"type":"Point","coordinates":[408373.3,5654956.3]}},{"type":"Feature","properties":{"h":11.0,"d":6.4,"a":0,"l":"d","s":"osm"},"geometry":{"type":"Point","coordinates":[408373.4,5655737.1]}},{"type":"Feature","properties":{"h":8.0,"d":5.0,"a":0,"l":"d","t":22},"geometry":{"type":"Point","coordinates":[408373.5,5654129.3]}},{"type":"Feature","properties":{"h":5.0,"d":1.0,"a":0,"l":"d","gn":34,"t":6},"geometry":{"type":"Point","coordinates":[408375.9,5654927.1]}},{"type":"Feature","properties":{"h":12.0,"d":7.0,"a":0,"l":"d","gn":3,"t":60},"geometry":{"type":"Point","coordinates":[408376.1,5654113.8]}},{"type":"Feature","properties":{"h":5.0,"d":1.0,"a":0,"l":"d","gn":34,"t":6},"geometry":{"type":"Point","coordinates":[408378.4,5654898.2]}},{"type":"Feature","properties":{"h":10.0,"d":4.0,"a":1,"l":"d","gn":1,"t":24},"geometry":{"type":"Point","coordinates":[408378.7,5655420.4]}},{"type":"Feature","properties":{"h":6.0,"d":6.0,"a":0,"l":"d","t":86},"geometry":{"type":"Point","coordinates":[408379.4,5654123.7]}},{"type":"Feature","properties":{"h":9.0,"d":3.0,"a":0,"l":"d","gn":3,"t":18},"geometry":{"type":"Point","coordinates":[408379.5,5655765.6]}},{"type":"Feature","properties":{"h":9.0,"d":3.0,"a":1,"l":"d","gn":3,"t":15},"geometry":{"type":"Point","coordinates":[408379.7,5655813.0]}},{"type":"Feature","properties":{"h":5.0,"d":1.0,"a":0,"l":"d","gn":34,"t":6},"geometry":{"type":"Point","coordinates":[408380.3,5654876.5]}},{"type":"Feature","properties":{"h":5.0,"d":5.0,"a":0,"l":"d","t":30},"geometry":{"type":"Point","coordinates":[408380.6,5654126.6]}},{"type":"Feature","properties":{"h":11.0,"d":6.4,"a":0,"l":"d","s":"osm"},"geometry":{"type":"Point","coordinates":[408381.1,5655727.0]}},{"type":"Feature","properties":{"h":24.0,"d":15.0,"a":0,"l":"d","c":1,"gn":1,"t":65},"geometry":{"type":"Point","coordinates":[408381.6,5655730.2]}},{"type":"Feature","properties":{"h":8.0,"d":2.0,"a":0,"l":"d","gn":3,"t":13},"geometry":{"type":"Point","coordinates":[408382.0,5655754.9]}},{"type":"Feature","properties":{"h":5.0,"d":1.0,"a":0,"l":"d","gn":34,"t":6},"geometry":{"type":"Point","coordinates":[408382.2,5654854.9]}},{"type":"Feature","properties":{"h":8.0,"d":8.0,"a":3,"l":"e","t":18},"geometry":{"type":"Point","coordinates":[408382.8,5655720.6]}},{"type":"Feature","properties":{"h":5.0,"d":3.0,"a":5,"l":"d","gn":12,"t":6},"geometry":{"type":"Point","coordinates":[408384.2,5654124.4]}},{"type":"Feature","properties":{"h":11.0,"d":4.0,"a":0,"l":"d","gn":3,"t":45},"geometry":{"type":"Point","coordinates":[408384.4,5654111.4]}},{"type":"Feature","properties":{"h":21.0,"d":14.0,"a":0,"l":"d","c":1,"gn":1,"t":60},"geometry":{"type":"Point","coordinates":[408384.7,5655716.7]}},{"type":"Feature","properties":{"h":9.0,"d":4.0,"a":1,"l":"d","gn":1,"t":19},"geometry":{"type":"Point","coordinates":[408384.7,5655421.5]}},{"type":"Feature","properties":{"h":8.0,"d":2.0,"a":0,"l":"d","gn":3,"t":15},"geometry":{"type":"Point","coordinates":[408385.0,5655742.3]}},{"type":"Feature","properties":{"h":5.0,"d":7.0,"a":5,"l":"d","gn":27,"t":53},"geometry":{"type":"Point","coordinates":[408386.7,5654123.7]}},{"type":"Feature","properties":{"h":11.0,"d":7.0,"a":0,"l":"d","gn":1,"t":66},"geometry":{"type":"Point","coordinates":[408387.1,5654113.4]}},{"type":"Feature","properties":{"h":9.0,"d":6.0,"a":0,"l":"d","t":46},"geometry":{"type":"Point","coordinates":[408387.3,5654122.1]}},{"type":"Feature","properties":{"h":12.0,"d":8.0,"a":5,"l":"d","t":30},"geometry":{"type":"Point","coordinates":[408389.6,5655331.8]}},{"type":"Feature","properties":{"h":7.0,"d":2.0,"a":0,"l":"d","gn":3,"t":17},"geometry":{"type":"Point","coordinates":[408390.4,5655713.8]}},{"type":"Feature","properties":{"h":18.0,"d":8.0,"a":0,"l":"d","gn":1,"t":37},"geometry":{"type":"Point","coordinates":[408391.1,5654122.3]}},{"type":"Feature","properties":{"h":10.0,"d":4.0,"a":0,"l":"d","gn":3,"t":21},"geometry":{"type":"Point","coordinates":[408391.2,5655768.5]}},{"type":"Feature","properties":{"h":8.0,"d":3.0,"a":1,"l":"d","gn":1,"t":17},"geometry":{"type":"Point","coordinates":[408391.3,5655422.8]}},{"type":"Feature","properties":{"h":29.0,"d":14.0,"a":0,"l":"d","gn":3,"t":60},"geometry":{"type":"Point","coordinates":[408391.9,5655328.7]}},{"type":"Feature","properties":{"h":5.0,"d":6.0,"a":0,"l":"d"},"geometry":{"type":"Point","coordinates":[408392.9,5654112.9]}},{"type":"Feature","properties":{"h":8.0,"d":2.0,"a":0,"l":"d","gn":3,"t":12},"geometry":{"type":"Point","coordinates":[408394.5,5655754.8]}},{"type":"Feature","properties":{"h":12.0,"d":6.0,"a":0,"l":"d","gn":3,"t":30},"geometry":{"type":"Point","coordinates":[408395.4,5655315.0]}},{"type":"Feature","properties":{"h":8.0,"d":2.0,"a":0,"l":"d","gn":3,"t":12},"geometry":{"type":"Point","coordinates":[408396.1,5655748.1]}},{"type":"Feature","properties":{"h":15.0,"d":7.0,"a":0,"l":"d","gn":3,"t":43},"geometry":{"type":"Point","coordinates":[408396.2,5654107.5]}},{"type":"Feature","properties":{"h":27.0,"d":20.0,"a":0,"l":"d","gn":3,"t":100},"geometry":{"type":"Point","coordinates":[408396.5,5655246.9]}},{"type":"Feature","properties":{"h":26.0,"d":16.0,"a":0,"l":"d","gn":4,"t":80},"geometry":{"type":"Point","coordinates":[408396.6,5655303.8]}},{"type":"Feature","properties":{"h":11.0,"d":6.0,"a":1,"l":"d","gn":1,"t":31},"geometry":{"type":"Point","coordinates":[408397.4,5655423.9]}},{"type":"Feature","properties":{"h":7.0,"d":2.0,"a":0,"l":"d","gn":3,"t":12},"geometry":{"type":"Point","coordinates":[408398.3,5655738.7]}},{"type":"Feature","properties":{"h":15.0,"d":7.0,"a":0,"l":"d","gn":1,"t":45},"geometry":{"type":"Point","coordinates":[408399.2,5654117.4]}},{"type":"Feature","properties":{"h":26.0,"d":25.0,"a":0,"l":"d","gn":4,"t":60},"geometry":{"type":"Point","coordinates":[408399.3,5655282.2]}},{"type":"Feature","properties":{"h":17.0,"d":5.0,"a":3,"l":"e","t":30},"geometry":{"type":"Point","coordinates":[408400.9,5655234.0]}},{"type":"Feature","properties":{"h":25.0,"d":16.0,"a":0,"l":"d","gn":3,"t":100},"geometry":{"type":"Point","coordinates":[408401.0,5655224.9]}},{"type":"Feature","properties":{"h":17.0,"d":4.0,"a":3,"l":"e","t":50},"geometry":{"type":"Point","coordinates":[408401.2,5655233.0]}},{"type":"Feature","properties":{"h":26.0,"d":14.0,"a":0,"l":"d","gn":3,"t":90},"geometry":{"type":"Point","coordinates":[408401.2,5655195.4]}},{"type":"Feature","properties":{"h":7.0,"d":5.0,"a":0,"l":"d","gn":4,"t":15},"geometry":{"type":"Point","coordinates":[408402.1,5655321.6]}},{"type":"Feature","properties":{"h":11.0,"d":6.4,"a":0,"l":"d","s":"osm"},"geometry":{"type":"Point","coordinates":[408403.3,5655716.6]}},{"type":"Feature","properties":{"h":17.0,"d":10.0,"a":1,"l":"d","gn":16,"t":50},"geometry":{"type":"Point","coordinates":[408403.5,5655210.7]}},{"type":"Feature","properties":{"h":8.0,"d":6.0,"a":0,"l":"d","gn":6,"t":21},"geometry":{"type":"Point","coordinates":[408404.3,5654117.2]}},{"type":"Feature","properties":{"h":21.0,"d":18.0,"a":0,"l":"d","gn":6,"t":80},"geometry":{"type":"Point","coordinates":[408405.1,5655267.0]}},{"type":"Feature","properties":{"h":20.0,"d":6.0,"a":1,"l":"d","gn":16,"t":50},"geometry":{"type":"Point","coordinates":[408408.2,5655159.4]}},{"type":"Feature","properties":{"h":27.0,"d":26.0,"a":0,"l":"d","gn":4,"t":41},"geometry":{"type":"Point","coordinates":[408408.3,5655115.5]}},{"type":"Feature","properties":{"h":18.0,"d":10.0,"a":3,"l":"e"},"geometry":{"type":"Point","coordinates":[408408.4,5655145.8]}},{"type":"Feature","properties":{"h":18.0,"d":6.0,"a":3,"l":"e","t":20},"geometry":{"type":"Point","coordinates":[408408.7,5655147.2]}},{"type":"Feature","properties":{"h":3.6,"d":2.0,"a":3,"l":"e"},"geometry":{"type":"Point","coordinates":[408409.1,5655140.5]}},{"type":"Feature","properties":{"h":23.0,"d":15.0,"a":0,"l":"d","gn":3,"t":100},"geometry":{"type":"Point","coordinates":[408409.5,5655131.1]}},{"type":"Feature","properties":{"h":21.0,"d":14.0,"a":0,"l":"d","gn":4,"t":40},"geometry":{"type":"Point","coordinates":[408409.6,5655313.2]}},{"type":"Feature","properties":{"h":19.0,"d":10.0,"a":3,"l":"e","t":60},"geometry":{"type":"Point","coordinates":[408410.1,5655319.6]}},{"type":"Feature","properties":{"h":17.3,"d":10.0,"a":0,"l":"d","gn":3,"t":20},"geometry":{"type":"Point","coordinates":[408410.2,5655203.0]}},{"type":"Feature","properties":{"h":25.0,"d":26.0,"a":0,"l":"d","gn":4,"t":100},"geometry":{"type":"Point","coordinates":[408411.7,5655142.6]}},{"type":"Feature","properties":{"h":15.0,"d":8.7,"a":0,"l":"d","gn":3},"geometry":{"type":"Point","coordinates":[408412.7,5655175.1]}},{"type":"Feature","properties":{"h":28.0,"d":18.0,"a":0,"l":"d","gn":3,"t":80},"geometry":{"type":"Point","coordinates":[408413.0,5655058.0]}},{"type":"Feature","properties":{"h":19.0,"d":4.0,"a":3,"l":"e","t":40},"geometry":{"type":"Point","coordinates":[408413.9,5655389.8]}},{"type":"Feature","properties":{"h":20.0,"d":6.0,"a":1,"l":"d","gn":16,"t":50},"geometry":{"type":"Point","coordinates":[408414.0,5655090.6]}},{"type":"Feature","properties":{"h":21.6,"d":12.0,"a":3,"l":"e","t":50},"geometry":{"type":"Point","coordinates":[408414.1,5655079.9]}},{"type":"Feature","properties":{"h":10.0,"d":4.0,"a":1,"l":"d","gn":1,"t":25},"geometry":{"type":"Point","coordinates":[408414.7,5655427.1]}},{"type":"Feature","properties":{"h":27.6,"d":16.0,"a":0,"l":"d","gn":3,"t":100},"geometry":{"type":"Point","coordinates":[408415.6,5655030.4]}},{"type":"Feature","properties":{"h":18.0,"d":10.0,"a":0,"l":"d","gn":7,"t":97},"geometry":{"type":"Point","coordinates":[408415.8,5654655.0]}},{"type":"Feature","properties":{"h":17.0,"d":8.0,"a":3,"l":"e","t":35},"geometry":{"type":"Point","coordinates":[408416.6,5655297.4]}},{"type":"Feature","properties":{"h":16.0,"d":10.0,"a":3,"l":"e","t":40},"geometry":{"type":"Point","coordinates":[408416.8,5655347.7]}},{"type":"Feature","properties":{"h":17.0,"d":8.0,"a":3,"l":"e","t":35},"geometry":{"type":"Point","coordinates":[408416.9,5655299.3]}},{"type":"Feature","properties":{"h":17.0,"d":9.4,"a":3,"l":"e"},"geometry":{"type":"Point","coordinates":[408417.1,5655114.2]}},{"type":"Feature","properties":{"h":16.0,"d":12.0,"a":0,"l":"d","gn":3,"t":40},"geometry":{"type":"Point","coordinates":[408417.3,5655188.7]}},{"type":"Feature","properties":{"h":12.0,"d":16.0,"a":0,"l":"d","gn":3,"t":50},"geometry":{"type":"Point","coordinates":[408417.7,5655128.1]}},{"type":"Feature","properties":{"h":19.0,"d":8.0,"a":1,"l":"d","gn":16,"t":25},"geometry":{"type":"Point","coordinates":[408418.0,5655261.6]}},{"type":"Feature","properties":{"h":23.0,"d":14.0,"a":1,"l":"d","gn":16,"t":50},"geometry":{"type":"Point","coordinates":[408418.1,5655175.8]}},{"type":"Feature","properties":{"h":11.0,"d":6.1,"a":3,"l":"e","s":"osm"},"geometry":{"type":"Point","coordinates":[408418.2,5655578.5]}},{"type":"Feature","properties":{"h":7.2,"d":4.0,"a":3,"l":"e","t":20},"geometry":{"type":"Point","coordinates":[408418.6,5655114.8]}},{"type":"Feature","properties":{"h":16.2,"d":9.0,"a":3,"l":"e","t":20},"geometry":{"type":"Point","coordinates":[408419.0,5655061.6]}},{"type":"Feature","properties":{"h":22.0,"d":18.0,"a":1,"l":"d","gn":16,"t":60},"geometry":{"type":"Point","coordinates":[408419.0,5655083.2]}},{"type":"Feature","properties":{"h":7.0,"d":10.0,"a":3,"l":"e","t":40},"geometry":{"type":"Point","coordinates":[408419.3,5655348.1]}},{"type":"Feature","properties":{"h":18.0,"d":10.0,"a":3,"l":"e","t":50},"geometry":{"type":"Point","coordinates":[408419.5,5655019.4]}},{"type":"Feature","properties":{"h":10.0,"d":10.0,"a":3,"l":"e","t":50},"geometry":{"type":"Point","coordinates":[408419.7,5655121.1]}},{"type":"Feature","properties":{"h":24.0,"d":12.0,"a":0,"l":"d","gn":3,"t":100},"geometry":{"type":"Point","coordinates":[408419.9,5654976.8]}},{"type":"Feature","properties":{"h":19.0,"d":15.0,"a":1,"l":"d","gn":16,"t":60},"geometry":{"type":"Point","coordinates":[408420.0,5655108.8]}},{"type":"Feature","properties":{"h":24.0,"d":20.0,"a":0,"l":"d","gn":6,"t":100},"geometry":{"type":"Point","coordinates":[408420.6,5655213.3]}},{"type":"Feature","properties":{"h":20.0,"d":14.0,"a":1,"l":"d","gn":16,"t":50},"geometry":{"type":"Point","coordinates":[408420.7,5655075.3]}},{"type":"Feature","properties":{"h":14.4,"d":8.0,"a":3,"l":"e","t":25},"geometry":{"type":"Point","coordinates":[408420.9,5655114.6]}},{"type":"Feature","properties":{"h":24.0,"d":18.0,"a":0,"l":"d","gn":3,"t":80},"geometry":{"type":"Point","coordinates":[408421.2,5655000.7]}},{"type":"Feature","properties":{"h":23.0,"d":16.0,"a":0,"l":"d","gn":3,"t":100},"geometry":{"type":"Point","coordinates":[408422.1,5654950.0]}},{"type":"Feature","properties":{"h":3.6,"d":2.0,"a":3,"l":"e","t":10},"geometry":{"type":"Point","coordinates":[408422.1,5655136.1]}},{"type":"Feature","properties":{"h":15.0,"d":8.7,"a":0,"l":"d","gn":3},"geometry":{"type":"Point","coordinates":[408422.3,5655315.1]}},{"type":"Feature","properties":{"h":21.0,"d":12.0,"a":0,"l":"d","gn":6,"t":40},"geometry":{"type":"Point","coordinates":[408422.8,5655143.7]}},{"type":"Feature","properties":{"h":21.0,"d":14.0,"a":0,"l":"d","gn":4,"t":60},"geometry":{"type":"Point","coordinates":[408423.0,5655157.8]}},{"type":"Feature","properties":{"h":22.0,"d":16.0,"a":0,"l":"d","gn":3,"t":80},"geometry":{"type":"Point","coordinates":[408423.2,5654938.7]}},{"type":"Feature","properties":{"h":24.0,"d":12.0,"a":0,"l":"d","gn":3,"t":60},"geometry":{"type":"Point","coordinates":[408423.6,5655299.7]}},{"type":"Feature","properties":{"h":28.0,"d":18.0,"a":0,"l":"d","gn":3,"t":70},"geometry":{"type":"Point","coordinates":[408423.6,5655231.2]}},{"type":"Feature","properties":{"h":20.0,"d":10.0,"a":1,"l":"d","gn":16,"t":70},"geometry":{"type":"Point","coordinates":[408423.9,5655038.6]}},{"type":"Feature","properties":{"h":22.0,"d":16.0,"a":0,"l":"d","gn":3,"t":90},"geometry":{"type":"Point","coordinates":[408424.1,5654927.9]}},{"type":"Feature","properties":{"h":6.0,"d":6.0,"a":0,"l":"d","gn":1,"t":20},"geometry":{"type":"Point","coordinates":[408424.1,5655335.4]}},{"type":"Feature","properties":{"h":15.0,"d":6.0,"a":3,"l":"e","t":45},"geometry":{"type":"Point","coordinates":[408424.3,5655368.5]}},{"type":"Feature","properties":{"h":24.0,"d":16.0,"a":0,"l":"d","gn":3,"t":80},"geometry":{"type":"Point","coordinates":[408424.3,5655292.4]}},{"type":"Feature","properties":{"h":11.0,"d":4.0,"a":3,"l":"e","t":25},"geometry":{"type":"Point","coordinates":[408424.6,5655371.4]}},{"type":"Feature","properties":{"h":11.0,"d":5.0,"a":1,"l":"d","gn":1,"t":25},"geometry":{"type":"Point","coordinates":[408424.6,5655429.1]}},{"type":"Feature","properties":{"h":20.0,"d":8.0,"a":2,"l":"d","gn":4,"t":50},"geometry":{"type":"Point","coordinates":[408424.7,5655054.0]}},{"type":"Feature","properties":{"h":22.0,"d":18.0,"a":0,"l":"d","gn":4,"t":100},"geometry":{"type":"Point","coordinates":[408424.7,5655092.7]}},{"type":"Feature","properties":{"h":10.0,"d":10.0,"a":0,"l":"d","gn":3,"t":40},"geometry":{"type":"Point","coordinates":[408424.9,5655183.2]}},{"type":"Feature","properties":{"h":16.0,"d":10.0,"a":1,"l":"d","gn":16,"t":55},"geometry":{"type":"Point","coordinates":[408425.4,5655362.8]}},{"type":"Feature","properties":{"h":4.0,"d":6.4,"a":3,"l":"e","t":40},"geometry":{"type":"Point","coordinates":[408425.7,5655376.5]}},{"type":"Feature","properties":{"h":13.0,"d":4.0,"a":3,"l":"e","t":20},"geometry":{"type":"Point","coordinates":[408425.9,5655371.5]}},{"type":"Feature","properties":{"h":21.0,"d":12.0,"a":0,"l":"d","gn":3,"t":50},"geometry":{"type":"Point","coordinates":[408426.3,5654961.8]}},{"type":"Feature","properties":{"h":25.0,"d":14.0,"a":0,"l":"d","gn":3,"t":60},"geometry":{"type":"Point","coordinates":[408426.3,5655270.0]}},{"type":"Feature","properties":{"h":2.0,"d":3.2,"a":3,"l":"e","t":25},"geometry":{"type":"Point","coordinates":[408426.7,5655373.6]}},{"type":"Feature","properties":{"h":8.0,"d":5.0,"a":3,"l":"e","t":20},"geometry":{"type":"Point","coordinates":[408427.0,5655218.0]}},{"type":"Feature","properties":{"h":14.0,"d":4.0,"a":3,"l":"e","t":30},"geometry":{"type":"Point","coordinates":[408427.3,5655218.9]}},{"type":"Feature","properties":{"h":26.0,"d":14.0,"a":0,"l":"d","gn":3,"t":40},"geometry":{"type":"Point","coordinates":[408427.4,5655262.7]}},{"type":"Feature","properties":{"h":10.8,"d":6.0,"a":3,"l":"e","t":40},"geometry":{"type":"Point","coordinates":[408427.4,5655114.6]}},{"type":"Feature","properties":{"h":21.0,"d":14.0,"a":0,"l":"d","c":1,"gn":1,"t":75},"geometry":{"type":"Point","coordinates":[408427.7,5655404.3]}},{"type":"Feature","properties":{"h":24.0,"d":16.0,"a":0,"l":"d","gn":3,"t":50},"geometry":{"type":"Point","coordinates":[408428.1,5655254.9]}},{"type":"Feature","properties":{"h":23.0,"d":8.0,"a":1,"l":"d","gn":16,"t":50},"geometry":{"type":"Point","coordinates":[408428.6,5654968.8]}},{"type":"Feature","properties":{"h":20.0,"d":10.0,"a":0,"l":"d","gn":3,"t":30},"geometry":{"type":"Point","coordinates":[408429.2,5655244.7]}},{"type":"Feature","properties":{"h":25.0,"d":18.0,"a":0,"l":"d","gn":3,"t":100},"geometry":{"type":"Point","coordinates":[408429.2,5655005.2]}},{"type":"Feature","properties":{"h":25.0,"d":20.0,"a":0,"l":"d","gn":3,"t":90},"geometry":{"type":"Point","coordinates":[408429.4,5655315.6]}},{"type":"Feature","properties":{"h":10.8,"d":6.0,"a":3,"l":"e","t":40},"geometry":{"type":"Point","coordinates":[408430.0,5654892.1]}},{"type":"Feature","properties":{"h":23.0,"d":12.0,"a":0,"l":"d","gn":3,"t":60},"geometry":{"type":"Point","coordinates":[408430.2,5654962.6]}},{"type":"Feature","properties":{"h":23.0,"d":12.0,"a":3,"l":"e","t":60},"geometry":{"type":"Point","coordinates":[408430.8,5654987.6]}},{"type":"Feature","properties":{"h":1.5,"d":1.1,"a":1,"l":"d","gn":29,"t":5},"geometry":{"type":"Point","coordinates":[408430.8,5655078.7]}},{"type":"Feature","properties":{"h":19.0,"d":6.0,"a":2,"l":"d","gn":4,"t":30},"geometry":{"type":"Point","coordinates":[408430.9,5655023.3]}},{"type":"Feature","properties":{"h":25.0,"d":16.0,"a":0,"l":"d","gn":3,"t":80},"geometry":{"type":"Point","coordinates":[408431.0,5655300.5]}},{"type":"Feature","properties":{"h":10.8,"d":6.0,"a":3,"l":"e","t":40},"geometry":{"type":"Point","coordinates":[408431.0,5655116.3]}},{"type":"Feature","properties":{"h":19.0,"d":12.0,"a":1,"l":"d","gn":16,"t":50},"geometry":{"type":"Point","coordinates":[408431.3,5655068.8]}},{"type":"Feature","properties":{"h":21.0,"d":10.0,"a":1,"l":"d","gn":16,"t":40},"geometry":{"type":"Point","coordinates":[408431.3,5655149.2]}},{"type":"Feature","properties":{"h":6.0,"d":4.0,"a":5,"l":"d","gn":8},"geometry":{"type":"Point","coordinates":[408431.4,5655377.0]}},{"type":"Feature","properties":{"h":3.0,"d":1.0,"a":5,"l":"d","gn":8,"t":6},"geometry":{"type":"Point","coordinates":[408431.6,5655366.4]}},{"type":"Feature","properties":{"h":25.0,"d":16.0,"a":0,"l":"d","gn":3,"t":80},"geometry":{"type":"Point","coordinates":[408431.7,5655292.9]}},{"type":"Feature","properties":{"h":20.0,"d":7.0,"a":1,"l":"d","gn":16,"t":40},"geometry":{"type":"Point","coordinates":[408432.1,5655056.8]}},{"type":"Feature","properties":{"h":25.0,"d":16.0,"a":0,"l":"d","gn":3,"t":80},"geometry":{"type":"Point","coordinates":[408432.2,5655213.6]}},{"type":"Feature","properties":{"h":3.0,"d":1.0,"a":5,"l":"d","gn":8,"t":6},"geometry":{"type":"Point","coordinates":[408432.3,5655355.3]}},{"type":"Feature","properties":{"h":28.0,"d":14.0,"a":0,"l":"d","gn":3,"t":50},"geometry":{"type":"Point","coordinates":[408432.9,5655206.1]}},{"type":"Feature","properties":{"h":35.0,"d":20.0,"a":0,"l":"d","gn":3,"t":100},"geometry":{"type":"Point","coordinates":[408433.3,5655278.4]}},{"type":"Feature","properties":{"h":29.0,"d":20.0,"a":0,"l":"d","gn":3,"t":70},"geometry":{"type":"Point","coordinates":[408433.6,5655198.9]}},{"type":"Feature","properties":{"h":15.0,"d":8.7,"a":0,"l":"d","gn":3},"geometry":{"type":"Point","coordinates":[408433.9,5655270.5]}},{"type":"Feature","properties":{"h":21.0,"d":11.0,"a":0,"l":"d","c":1,"gn":1,"t":51},"geometry":{"type":"Point","coordinates":[408434.3,5655405.6]}},{"type":"Feature","properties":{"h":15.0,"d":8.7,"a":0,"l":"d","gn":3},"geometry":{"type":"Point","coordinates":[408434.5,5655041.5]}},{"type":"Feature","properties":{"h":26.0,"d":14.0,"a":0,"l":"d","gn":3,"t":80},"geometry":{"type":"Point","coordinates":[408434.5,5655263.3]}},{"type":"Feature","properties":{"h":16.0,"d":10.0,"a":0,"l":"d","gn":9,"t":32},"geometry":{"type":"Point","coordinates":[408434.7,5655411.0]}},{"type":"Feature","properties":{"h":28.0,"d":18.0,"a":0,"l":"d","gn":3,"t":70},"geometry":{"type":"Point","coordinates":[408435.0,5655184.6]}},{"type":"Feature","properties":{"h":26.0,"d":20.0,"a":0,"l":"d","gn":3,"t":80},"geometry":{"type":"Point","coordinates":[408435.1,5655255.7]}},{"type":"Feature","properties":{"h":10.0,"d":10.0,"a":0,"l":"d","gn":3,"t":30},"geometry":{"type":"Point","coordinates":[408435.2,5655341.4]}},{"type":"Feature","properties":{"h":25.0,"d":14.0,"a":3,"l":"e","t":70},"geometry":{"type":"Point","coordinates":[408435.7,5654897.3]}},{"type":"Feature","properties":{"h":14.0,"d":12.0,"a":0,"l":"d","gn":3,"t":10},"geometry":{"type":"Point","coordinates":[408435.9,5655332.6]}},{"type":"Feature","properties":{"h":28.0,"d":20.0,"a":0,"l":"d","gn":3,"t":60},"geometry":{"type":"Point","coordinates":[408436.3,5655170.1]}},{"type":"Feature","properties":{"h":27.0,"d":7.0,"a":3,"l":"e","t":40},"geometry":{"type":"Point","coordinates":[408436.5,5655123.3]}},{"type":"Feature","properties":{"h":28.0,"d":20.0,"a":0,"l":"d","gn":3,"t":60},"geometry":{"type":"Point","coordinates":[408436.9,5655163.2]}},{"type":"Feature","properties":{"h":3.0,"d":1.0,"a":5,"l":"d","gn":8,"t":6},"geometry":{"type":"Point","coordinates":[408437.7,5655374.3]}},{"type":"Feature","properties":{"h":7.0,"d":8.0,"a":0,"l":"d","gn":3,"t":70},"geometry":{"type":"Point","coordinates":[408437.9,5654918.4]}},{"type":"Feature","properties":{"h":12.6,"d":7.0,"a":3,"l":"e","t":90},"geometry":{"type":"Point","coordinates":[408437.9,5655052.4]}},{"type":"Feature","properties":{"h":24.0,"d":20.0,"a":0,"l":"d","gn":3,"t":60},"geometry":{"type":"Point","coordinates":[408438.5,5655220.9]}},{"type":"Feature","properties":{"h":3.0,"d":1.0,"a":5,"l":"d","gn":8,"t":6},"geometry":{"type":"Point","coordinates":[408438.6,5655367.9]}},{"type":"Feature","properties":{"h":26.0,"d":16.0,"a":0,"l":"d","gn":3,"t":60},"geometry":{"type":"Point","coordinates":[408439.0,5655141.7]}},{"type":"Feature","properties":{"h":6.0,"d":8.0,"a":1,"l":"d","gn":16,"t":40},"geometry":{"type":"Point","coordinates":[408439.1,5654987.7]}},{"type":"Feature","properties":{"h":6.0,"d":9.6,"a":3,"l":"e","t":60},"geometry":{"type":"Point","coordinates":[408439.5,5655320.6]}},{"type":"Feature","properties":{"h":10.8,"d":6.0,"a":3,"l":"e","t":40},"geometry":{"type":"Point","coordinates":[408439.5,5655007.6]}},{"type":"Feature","properties":{"h":15.0,"d":8.0,"a":3,"l":"d","gn":35,"t":25},"geometry":{"type":"Point","coordinates":[408439.7,5655349.1]}},{"type":"Feature","properties":{"h":8.0,"d":12.8,"a":3,"l":"e","t":60},"geometry":{"type":"Point","coordinates":[408439.8,5655319.3]}},{"type":"Feature","properties":{"h":24.0,"d":14.0,"a":0,"l":"d","gn":3,"t":60},"geometry":{"type":"Point","coordinates":[408440.0,5655206.8]}},{"type":"Feature","properties":{"h":11.0,"d":6.4,"a":0,"l":"d","gn":6},"geometry":{"type":"Point","coordinates":[408440.5,5654950.6]}},{"type":"Feature","properties":{"h":3.0,"d":1.0,"a":5,"l":"d","gn":8,"t":6},"geometry":{"type":"Point","coordinates":[408440.6,5655356.6]}},{"type":"Feature","properties":{"h":25.0,"d":14.0,"a":0,"l":"d","gn":3,"t":80},"geometry":{"type":"Point","coordinates":[408440.8,5655199.6]}},{"type":"Feature","properties":{"h":16.0,"d":10.0,"a":0,"l":"d","gn":3,"t":40},"geometry":{"type":"Point","coordinates":[408441.3,5655022.1]}},{"type":"Feature","properties":{"h":7.0,"d":6.0,"a":3,"l":"e","t":35},"geometry":{"type":"Point","coordinates":[408441.4,5655361.6]}},{"type":"Feature","properties":{"h":22.0,"d":12.0,"a":0,"l":"d","gn":1,"t":60},"geometry":{"type":"Point","coordinates":[408441.6,5655405.1]}},{"type":"Feature","properties":{"h":19.0,"d":12.0,"a":0,"l":"d","gn":33,"t":70},"geometry":{"type":"Point","coordinates":[408442.0,5654909.6]}},{"type":"Feature","properties":{"h":25.0,"d":16.0,"a":0,"l":"d","gn":3,"t":60},"geometry":{"type":"Point","coordinates":[408442.2,5655185.1]}},{"type":"Feature","properties":{"h":24.0,"d":16.0,"a":1,"l":"d","gn":16,"t":80},"geometry":{"type":"Point","coordinates":[408442.5,5654937.4]}},{"type":"Feature","properties":{"h":28.0,"d":20.0,"a":0,"l":"d","gn":3,"t":60},"geometry":{"type":"Point","coordinates":[408442.6,5655107.6]}},{"type":"Feature","properties":{"h":14.4,"d":8.0,"a":3,"l":"e","t":60},"geometry":{"type":"Point","coordinates":[408443.1,5654972.9]}},{"type":"Feature","properties":{"h":28.0,"d":21.0,"a":0,"l":"d","gn":3,"t":60},"geometry":{"type":"Point","coordinates":[408443.2,5655100.6]}},{"type":"Feature","properties":{"h":3.0,"d":1.0,"a":5,"l":"d","gn":8,"t":6},"geometry":{"type":"Point","coordinates":[408443.6,5655347.4]}},{"type":"Feature","properties":{"h":28.0,"d":18.0,"a":0,"l":"d","gn":3,"t":50},"geometry":{"type":"Point","coordinates":[408444.0,5655093.6]}},{"type":"Feature","properties":{"h":24.0,"d":20.0,"a":0,"l":"d","gn":3,"t":80},"geometry":{"type":"Point","coordinates":[408444.2,5655163.9]}},{"type":"Feature","properties":{"h":25.0,"d":10.0,"a":3,"l":"d","gn":35,"t":70},"geometry":{"type":"Point","coordinates":[408444.8,5655275.1]}},{"type":"Feature","properties":{"h":24.0,"d":10.0,"a":0,"l":"d","gn":3,"t":60},"geometry":{"type":"Point","coordinates":[408444.9,5655156.6]}},{"type":"Feature","properties":{"h":20.0,"d":12.0,"a":0,"l":"d","gn":3,"t":60},"geometry":{"type":"Point","coordinates":[408445.2,5655006.7]}},{"type":"Feature","properties":{"h":28.0,"d":18.0,"a":0,"l":"d","gn":3,"t":60},"geometry":{"type":"Point","coordinates":[408445.4,5655079.4]}},{"type":"Feature","properties":{"h":14.4,"d":8.0,"a":3,"l":"e","t":30},"geometry":{"type":"Point","coordinates":[408445.4,5654898.3]}},{"type":"Feature","properties":{"h":24.0,"d":15.0,"a":0,"l":"d","gn":4,"t":57},"geometry":{"type":"Point","coordinates":[408445.7,5655407.7]}},{"type":"Feature","properties":{"h":20.0,"d":14.0,"a":3,"l":"e","t":60},"geometry":{"type":"Point","coordinates":[408445.9,5654966.5]}},{"type":"Feature","properties":{"h":12.0,"d":10.0,"a":0,"l":"d","gn":3,"t":30},"geometry":{"type":"Point","coordinates":[408445.9,5655333.6]}},{"type":"Feature","properties":{"h":1.5,"d":1.5,"a":1,"l":"d","gn":16,"t":5},"geometry":{"type":"Point","coordinates":[408445.9,5655307.3]}},{"type":"Feature","properties":{"h":24.0,"d":16.0,"a":0,"l":"d","gn":3,"t":70},"geometry":{"type":"Point","coordinates":[408446.1,5655142.4]}},{"type":"Feature","properties":{"h":10.0,"d":6.0,"a":3,"l":"e","t":35},"geometry":{"type":"Point","coordinates":[408446.7,5655248.0]}},{"type":"Feature","properties":{"h":9.0,"d":5.0,"a":3,"l":"e","t":40},"geometry":{"type":"Point","coordinates":[408446.8,5654957.7]}},{"type":"Feature","properties":{"h":28.0,"d":19.0,"a":0,"l":"d","gn":3,"t":60},"geometry":{"type":"Point","coordinates":[408447.0,5655064.8]}},{"type":"Feature","properties":{"h":7.0,"d":5.0,"a":5,"l":"d","t":30},"geometry":{"type":"Point","coordinates":[408447.1,5655803.3]}},{"type":"Feature","properties":{"h":23.0,"d":10.0,"a":0,"l":"d","gn":1,"t":68},"geometry":{"type":"Point","coordinates":[408447.7,5655404.6]}},{"type":"Feature","properties":{"h":27.0,"d":20.0,"a":0,"l":"d","gn":3,"t":60},"geometry":{"type":"Point","coordinates":[408448.2,5655050.7]}},{"type":"Feature","properties":{"h":29.0,"d":20.0,"a":0,"l":"d","gn":3,"t":60},"geometry":{"type":"Point","coordinates":[408448.8,5655043.7]}},{"type":"Feature","properties":{"h":22.0,"d":20.0,"a":0,"l":"d","gn":3,"t":80},"geometry":{"type":"Point","coordinates":[408449.0,5655115.6]}},{"type":"Feature","properties":{"h":5.0,"d":3.5,"a":5,"l":"d","gn":12,"t":13},"geometry":{"type":"Point","coordinates":[408449.0,5655407.1]}},{"type":"Feature","properties":{"h":15.0,"d":14.0,"a":5,"l":"d","gn":8,"t":51},"geometry":{"type":"Point","coordinates":[408449.5,5655797.0]}},{"type":"Feature","properties":{"h":28.0,"d":16.0,"a":0,"l":"d","gn":3,"t":60},"geometry":{"type":"Point","coordinates":[408449.6,5655036.4]}},{"type":"Feature","properties":{"h":7.0,"d":7.0,"a":3,"l":"e","t":50},"geometry":{"type":"Point","coordinates":[408450.3,5655001.1]}},{"type":"Feature","properties":{"h":18.0,"d":8.0,"a":0,"l":"d","gn":3,"t":15},"geometry":{"type":"Point","coordinates":[408450.4,5655026.9]}},{"type":"Feature","properties":{"h":24.0,"d":16.0,"a":0,"l":"d","gn":3,"t":80},"geometry":{"type":"Point","coordinates":[408450.8,5655139.8]}},{"type":"Feature","properties":{"h":26.0,"d":20.0,"a":0,"l":"d","gn":3,"t":80},"geometry":{"type":"Point","coordinates":[408451.1,5655230.0]}},{"type":"Feature","properties":{"h":14.4,"d":8.0,"a":3,"l":"e","t":30},"geometry":{"type":"Point","coordinates":[408451.2,5655107.3]}},{"type":"Feature","properties":{"h":28.0,"d":16.0,"a":0,"l":"d","gn":3,"t":70},"geometry":{"type":"Point","coordinates":[408451.4,5655015.3]}},{"type":"Feature","properties":{"h":22.0,"d":16.0,"a":0,"l":"d","gn":3,"t":60},"geometry":{"type":"Point","coordinates":[408451.7,5655086.9]}},{"type":"Feature","properties":{"h":14.5,"d":7.2,"a":1,"l":"d","gn":16},"geometry":{"type":"Point","coordinates":[408452.1,5655177.1]}},{"type":"Feature","properties":{"h":10.0,"d":5.0,"a":1,"l":"d","gn":16,"t":40},"geometry":{"type":"Point","coordinates":[408452.2,5655145.9]}},{"type":"Feature","properties":{"h":21.0,"d":14.0,"a":0,"l":"d","gn":3,"t":70},"geometry":{"type":"Point","coordinates":[408452.5,5655126.3]}},{"type":"Feature","properties":{"h":21.0,"d":14.0,"a":1,"l":"d","gn":16,"t":45},"geometry":{"type":"Point","coordinates":[408452.7,5655073.9]}},{"type":"Feature","properties":{"h":9.0,"d":5.0,"a":3,"l":"e","t":50},"geometry":{"type":"Point","coordinates":[408452.9,5654892.3]}},{"type":"Feature","properties":{"h":15.0,"d":10.0,"a":0,"l":"d","gn":6,"t":47},"geometry":{"type":"Point","coordinates":[408453.3,5655779.1]}},{"type":"Feature","properties":{"h":28.0,"d":18.0,"a":0,"l":"d","gn":3,"t":50},"geometry":{"type":"Point","coordinates":[408453.5,5654995.7]}},{"type":"Feature","properties":{"h":22.0,"d":8.0,"a":1,"l":"d","gn":16,"t":40},"geometry":{"type":"Point","coordinates":[408453.7,5655155.7]}},{"type":"Feature","properties":{"h":10.0,"d":5.0,"a":3,"l":"e","t":25},"geometry":{"type":"Point","coordinates":[408453.9,5655251.6]}},{"type":"Feature","properties":{"h":10.8,"d":6.0,"a":3,"l":"e","t":50},"geometry":{"type":"Point","coordinates":[408454.0,5655324.2]}},{"type":"Feature","properties":{"h":9.0,"d":5.0,"a":3,"l":"e","t":20},"geometry":{"type":"Point","coordinates":[408454.1,5655325.4]}},{"type":"Feature","properties":{"h":17.0,"d":9.4,"a":3,"l":"e"},"geometry":{"type":"Point","coordinates":[408454.1,5655324.9]}},{"type":"Feature","properties":{"h":23.0,"d":16.0,"a":0,"l":"d","gn":3,"t":80},"geometry":{"type":"Point","coordinates":[408454.3,5654988.7]}},{"type":"Feature","properties":{"h":23.0,"d":16.0,"a":0,"l":"d","gn":3,"t":70},"geometry":{"type":"Point","coordinates":[408454.5,5655058.6]}},{"type":"Feature","properties":{"h":16.0,"d":10.0,"a":0,"l":"d","gn":9,"t":32},"geometry":{"type":"Point","coordinates":[408454.8,5655414.7]}},{"type":"Feature","properties":{"h":4.0,"d":6.4,"a":3,"l":"e"},"geometry":{"type":"Point","coordinates":[408454.9,5655223.0]}},{"type":"Feature","properties":{"h":27.0,"d":12.0,"a":1,"l":"d","gn":16,"t":35},"geometry":{"type":"Point","coordinates":[408455.3,5654977.3]}},{"type":"Feature","properties":{"h":17.0,"d":8.0,"a":3,"l":"e","t":40},"geometry":{"type":"Point","coordinates":[408455.6,5655308.3]}},{"type":"Feature","properties":{"h":24.0,"d":15.0,"a":0,"l":"d","gn":3,"t":60},"geometry":{"type":"Point","coordinates":[408455.7,5655044.0]}},{"type":"Feature","properties":{"h":14.0,"d":8.0,"a":3,"l":"e","t":30},"geometry":{"type":"Point","coordinates":[408455.7,5655306.8]}},{"type":"Feature","properties":{"h":5.0,"d":5.0,"a":5,"l":"d","gn":12,"t":19},"geometry":{"type":"Point","coordinates":[408455.9,5655406.6]}},{"type":"Feature","properties":{"h":22.0,"d":10.0,"a":3,"l":"e","t":70},"geometry":{"type":"Point","coordinates":[408456.3,5654900.6]}},{"type":"Feature","properties":{"h":25.0,"d":14.0,"a":0,"l":"d","gn":3,"t":70},"geometry":{"type":"Point","coordinates":[408456.8,5655234.6]}},{"type":"Feature","properties":{"h":25.0,"d":12.0,"a":0,"l":"d","gn":3,"t":60},"geometry":{"type":"Point","coordinates":[408457.1,5655230.5]}},{"type":"Feature","properties":{"h":14.5,"d":7.2,"a":1,"l":"d","gn":16},"geometry":{"type":"Point","coordinates":[408457.2,5655205.8]}},{"type":"Feature","properties":{"h":9.0,"d":6.0,"a":3,"l":"e","t":30},"geometry":{"type":"Point","coordinates":[408457.2,5655213.3]}},{"type":"Feature","properties":{"h":16.0,"d":8.0,"a":0,"l":"d","gn":15,"t":28},"geometry":{"type":"Point","coordinates":[408457.5,5655766.6]}},{"type":"Feature","properties":{"h":8.0,"d":6.0,"a":3,"l":"e","t":15},"geometry":{"type":"Point","coordinates":[408457.5,5655209.5]}},{"type":"Feature","properties":{"h":8.0,"d":6.0,"a":3,"l":"e","t":30},"geometry":{"type":"Point","coordinates":[408457.5,5655210.0]}},{"type":"Feature","properties":{"h":28.0,"d":18.0,"a":0,"l":"d","gn":3,"t":60},"geometry":{"type":"Point","coordinates":[408457.6,5654954.1]}},{"type":"Feature","properties":{"h":25.0,"d":18.0,"a":0,"l":"d","gn":3,"t":70},"geometry":{"type":"Point","coordinates":[408457.8,5655023.0]}},{"type":"Feature","properties":{"h":10.8,"d":6.0,"a":3,"l":"e","t":50},"geometry":{"type":"Point","coordinates":[408457.8,5654892.6]}},{"type":"Feature","properties":{"h":18.0,"d":10.0,"a":3,"l":"e","t":40},"geometry":{"type":"Point","coordinates":[408458.0,5655276.0]}},{"type":"Feature","properties":{"h":24.0,"d":16.0,"a":0,"l":"d","gn":3,"t":60},"geometry":{"type":"Point","coordinates":[408458.6,5655015.0]}},{"type":"Feature","properties":{"h":21.0,"d":12.0,"a":3,"l":"e","t":50},"geometry":{"type":"Point","coordinates":[408458.6,5655271.0]}},{"type":"Feature","properties":{"h":18.0,"d":10.0,"a":3,"l":"e","t":40},"geometry":{"type":"Point","coordinates":[408458.7,5655275.4]}},{"type":"Feature","properties":{"h":8.0,"d":4.0,"a":5,"l":"d","gn":12,"t":39},"geometry":{"type":"Point","coordinates":[408458.7,5654215.2]}},{"type":"Feature","properties":{"h":21.0,"d":12.0,"a":3,"l":"e","t":60},"geometry":{"type":"Point","coordinates":[408458.7,5655272.6]}},{"type":"Feature","properties":{"h":14.0,"d":7.0,"a":0,"l":"d","gn":6,"t":24},"geometry":{"type":"Point","coordinates":[408458.9,5655760.7]}},{"type":"Feature","properties":{"h":7.0,"d":2.0,"a":0,"l":"d","gn":15,"t":8},"geometry":{"type":"Point","coordinates":[408459.0,5655764.7]}},{"type":"Feature","properties":{"h":9.0,"d":4.0,"a":0,"l":"d","gn":26,"t":65},"geometry":{"type":"Point","coordinates":[408459.3,5655408.5]}},{"type":"Feature","properties":{"h":23.0,"d":12.0,"a":1,"l":"d","gn":16,"t":30},"geometry":{"type":"Point","coordinates":[408459.7,5654933.8]}},{"type":"Feature","properties":{"h":23.0,"d":20.0,"a":0,"l":"d","gn":3,"t":50},"geometry":{"type":"Point","coordinates":[408459.8,5655003.8]}},{"type":"Feature","properties":{"h":29.0,"d":24.0,"a":0,"l":"d","gn":3,"t":60},"geometry":{"type":"Point","coordinates":[408460.3,5654926.1]}},{"type":"Feature","properties":{"h":23.0,"d":15.0,"a":0,"l":"d","gn":3,"t":60},"geometry":{"type":"Point","coordinates":[408460.5,5654996.3]}},{"type":"Feature","properties":{"h":7.2,"d":4.0,"a":3,"l":"e","t":30},"geometry":{"type":"Point","coordinates":[408460.6,5654892.5]}},{"type":"Feature","properties":{"h":6.0,"d":5.0,"a":5,"l":"d","gn":12,"t":29},"geometry":{"type":"Point","coordinates":[408460.9,5655406.4]}},{"type":"Feature","properties":{"h":29.0,"d":20.0,"a":0,"l":"d","gn":3,"t":60},"geometry":{"type":"Point","coordinates":[408461.1,5654919.4]}},{"type":"Feature","properties":{"h":17.0,"d":6.0,"a":3,"l":"e","t":20},"geometry":{"type":"Point","coordinates":[408461.6,5655068.9]}},{"type":"Feature","properties":{"h":16.0,"d":9.0,"a":0,"l":"d","gn":9,"t":34},"geometry":{"type":"Point","coordinates":[408461.7,5655415.9]}},{"type":"Feature","properties":{"h":5.0,"d":1.0,"a":1,"l":"d","gn":30,"t":5},"geometry":{"type":"Point","coordinates":[408461.7,5655813.4]}},{"type":"Feature","properties":{"h":24.0,"d":15.0,"a":0,"l":"d","gn":3,"t":60},"geometry":{"type":"Point","coordinates":[408461.8,5654982.2]}},{"type":"Feature","properties":{"h":18.0,"d":6.0,"a":1,"l":"d","gn":16,"t":20},"geometry":{"type":"Point","coordinates":[408462.0,5655074.5]}},{"type":"Feature","properties":{"h":8.0,"d":6.0,"a":0,"l":"d","gn":1,"t":10},"geometry":{"type":"Point","coordinates":[408462.1,5655761.2]}},{"type":"Feature","properties":{"h":22.0,"d":16.0,"a":1,"l":"d","gn":16,"t":50},"geometry":{"type":"Point","coordinates":[408462.7,5654971.8]}},{"type":"Feature","properties":{"h":27.0,"d":20.0,"a":0,"l":"d","gn":3,"t":60},"geometry":{"type":"Point","coordinates":[408463.1,5654898.1]}},{"type":"Feature","properties":{"h":15.0,"d":6.0,"a":3,"l":"e","t":30},"geometry":{"type":"Point","coordinates":[408463.2,5655069.5]}},{"type":"Feature","properties":{"h":10.0,"d":8.0,"a":0,"l":"d","gn":33,"t":23},"geometry":{"type":"Point","coordinates":[408463.8,5655761.3]}},{"type":"Feature","properties":{"h":24.0,"d":14.0,"a":0,"l":"d","gn":3,"t":50},"geometry":{"type":"Point","coordinates":[408464.5,5654954.4]}},{"type":"Feature","properties":{"h":7.0,"d":8.0,"a":5,"l":"d","gn":8,"t":34},"geometry":{"type":"Point","coordinates":[408465.3,5655777.6]}},{"type":"Feature","properties":{"h":17.0,"d":4.0,"a":3,"l":"e","t":20},"geometry":{"type":"Point","coordinates":[408465.5,5655063.6]}},{"type":"Feature","properties":{"h":7.0,"d":4.0,"a":5,"l":"d","t":30},"geometry":{"type":"Point","coordinates":[408465.6,5655742.2]}},{"type":"Feature","properties":{"h":23.0,"d":14.0,"a":0,"l":"d","gn":3,"t":50},"geometry":{"type":"Point","coordinates":[408465.8,5654940.5]}},{"type":"Feature","properties":{"h":24.0,"d":15.0,"a":0,"l":"d","gn":1,"t":237},"geometry":{"type":"Point","coordinates":[408466.2,5655407.1]}},{"type":"Feature","properties":{"h":16.0,"d":4.0,"a":3,"l":"e","t":40},"geometry":{"type":"Point","coordinates":[408466.4,5655063.5]}},{"type":"Feature","properties":{"h":15.0,"d":10.0,"a":5,"l":"d","gn":24,"t":68},"geometry":{"type":"Point","coordinates":[408466.5,5655765.0]}},{"type":"Feature","properties":{"h":12.0,"d":5.0,"a":3,"l":"e","t":25},"geometry":{"type":"Point","coordinates":[408466.9,5655082.0]}},{"type":"Feature","properties":{"h":8.0,"d":6.0,"a":0,"l":"d","gn":1,"t":15},"geometry":{"type":"Point","coordinates":[408467.0,5655761.0]}},{"type":"Feature","properties":{"h":29.0,"d":16.0,"a":0,"l":"d","gn":3,"t":90},"geometry":{"type":"Point","coordinates":[408467.0,5655132.5]}},{"type":"Feature","properties":{"h":23.0,"d":20.0,"a":0,"l":"d","gn":3,"t":60},"geometry":{"type":"Point","coordinates":[408467.3,5654926.9]}},{"type":"Feature","properties":{"h":18.0,"d":20.0,"a":1,"l":"d","gn":16,"t":40},"geometry":{"type":"Point","coordinates":[408467.7,5654967.2]}},{"type":"Feature","properties":{"h":10.8,"d":6.0,"a":3,"l":"e","t":40},"geometry":{"type":"Point","coordinates":[408467.8,5655100.2]}},{"type":"Feature","properties":{"h":22.0,"d":11.0,"a":1,"l":"d","gn":16,"t":60},"geometry":{"type":"Point","coordinates":[408468.2,5655051.4]}},{"type":"Feature","properties":{"h":22.0,"d":22.0,"a":0,"l":"d","gn":3,"t":60},"geometry":{"type":"Point","coordinates":[408468.3,5654912.9]}},{"type":"Feature","properties":{"h":12.0,"d":6.0,"a":3,"l":"e","t":45},"geometry":{"type":"Point","coordinates":[408468.5,5655082.1]}},{"type":"Feature","properties":{"h":5.0,"d":2.0,"a":1,"l":"d","gn":30,"t":9},"geometry":{"type":"Point","coordinates":[408469.0,5655792.5]}},{"type":"Feature","properties":{"h":18.0,"d":10.0,"a":0,"l":"d","gn":1,"t":40},"geometry":{"type":"Point","coordinates":[408469.2,5655734.2]}},{"type":"Feature","properties":{"h":19.0,"d":12.0,"a":3,"l":"e","t":100},"geometry":{"type":"Point","coordinates":[408469.3,5655042.1]}},{"type":"Feature","properties":{"h":20.0,"d":8.0,"a":3,"l":"e","t":30},"geometry":{"type":"Point","coordinates":[408470.3,5655082.2]}},{"type":"Feature","properties":{"h":6.0,"d":4.0,"a":5,"l":"d","gn":8,"t":16},"geometry":{"type":"Point","coordinates":[408470.9,5655777.4]}},{"type":"Feature","properties":{"h":10.8,"d":6.0,"a":3,"l":"e","t":40},"geometry":{"type":"Point","coordinates":[408471.0,5655146.6]}},{"type":"Feature","properties":{"h":12.0,"d":10.0,"a":0,"l":"d","gn":1,"t":41},"geometry":{"type":"Point","coordinates":[408471.2,5655721.8]}},{"type":"Feature","properties":{"h":9.0,"d":8.0,"a":3,"l":"e","t":20},"geometry":{"type":"Point","coordinates":[408472.8,5655126.2]}},{"type":"Feature","properties":{"h":23.0,"d":16.0,"a":1,"l":"d","gn":16,"t":40},"geometry":{"type":"Point","coordinates":[408473.4,5654983.4]}},{"type":"Feature","properties":{"h":8.0,"d":6.0,"a":3,"l":"e","t":20},"geometry":{"type":"Point","coordinates":[408473.4,5655122.9]}},{"type":"Feature","properties":{"h":7.0,"d":7.0,"a":0,"l":"d","gn":1,"t":75},"geometry":{"type":"Point","coordinates":[408474.6,5655766.1]}},{"type":"Feature","properties":{"h":12.0,"d":6.7,"a":3,"l":"e"},"geometry":{"type":"Point","coordinates":[408474.6,5654893.7]}},{"type":"Feature","properties":{"h":4.0,"d":1.5,"a":0,"l":"d","gn":3,"t":10},"geometry":{"type":"Point","coordinates":[408475.0,5655110.7]}},{"type":"Feature","properties":{"h":18.0,"d":12.0,"a":0,"l":"d","gn":9,"t":40},"geometry":{"type":"Point","coordinates":[408475.6,5655418.2]}},{"type":"Feature","properties":{"h":18.0,"d":10.0,"a":3,"l":"e","t":60},"geometry":{"type":"Point","coordinates":[408475.8,5655029.7]}},{"type":"Feature","properties":{"h":14.4,"d":8.0,"a":3,"l":"e","t":30},"geometry":{"type":"Point","coordinates":[408476.4,5655101.4]}},{"type":"Feature","properties":{"h":10.8,"d":6.0,"a":3,"l":"e","t":50},"geometry":{"type":"Point","coordinates":[408476.5,5655099.2]}},{"type":"Feature","properties":{"h":24.0,"d":8.0,"a":3,"l":"e","t":50},"geometry":{"type":"Point","coordinates":[408476.5,5654893.9]}},{"type":"Feature","properties":{"h":7.2,"d":4.0,"a":3,"l":"e","t":40},"geometry":{"type":"Point","coordinates":[408476.6,5655021.1]}},{"type":"Feature","properties":{"h":20.0,"d":10.0,"a":3,"l":"e","t":70},"geometry":{"type":"Point","coordinates":[408476.6,5655090.4]}},{"type":"Feature","properties":{"h":11.0,"d":14.0,"a":0,"l":"d","gn":33,"t":32},"geometry":{"type":"Point","coordinates":[408477.0,5655763.3]}},{"type":"Feature","properties":{"h":13.0,"d":1.0,"a":3,"l":"e","t":20},"geometry":{"type":"Point","coordinates":[408477.4,5655083.2]}},{"type":"Feature","properties":{"h":17.0,"d":7.0,"a":3,"l":"e","t":30},"geometry":{"type":"Point","coordinates":[408477.6,5655081.6]}},{"type":"Feature","properties":{"h":17.0,"d":8.0,"a":3,"l":"e","t":20},"geometry":{"type":"Point","coordinates":[408477.8,5655080.3]}},{"type":"Feature","properties":{"h":20.0,"d":6.0,"a":3,"l":"e","t":40},"geometry":{"type":"Point","coordinates":[408478.0,5654900.7]}},{"type":"Feature","properties":{"h":17.0,"d":10.0,"a":3,"l":"e","t":35},"geometry":{"type":"Point","coordinates":[408478.1,5655078.3]}},{"type":"Feature","properties":{"h":19.0,"d":8.0,"a":1,"l":"d","gn":16,"t":30},"geometry":{"type":"Point","coordinates":[408478.4,5654931.1]}},{"type":"Feature","properties":{"h":25.0,"d":19.0,"a":3,"l":"e","t":90},"geometry":{"type":"Point","coordinates":[408479.1,5654962.9]}},{"type":"Feature","properties":{"h":8.0,"d":6.0,"a":5,"l":"d","gn":8,"t":16},"geometry":{"type":"Point","coordinates":[408479.7,5655785.1]}},{"type":"Feature","properties":{"h":22.0,"d":5.0,"a":3,"l":"e","t":50},"geometry":{"type":"Point","coordinates":[408479.7,5654900.8]}},{"type":"Feature","properties":{"h":5.0,"d":3.0,"a":5,"l":"d","gn":21,"t":7},"geometry":{"type":"Point","coordinates":[408480.3,5655732.2]}},{"type":"Feature","properties":{"h":10.8,"d":6.0,"a":3,"l":"e","t":40},"geometry":{"type":"Point","coordinates":[408480.4,5655054.4]}},{"type":"Feature","properties":{"h":5.0,"d":4.0,"a":5,"l":"d","gn":8,"t":10},"geometry":{"type":"Point","coordinates":[408480.7,5655767.6]}},{"type":"Feature","properties":{"h":6.0,"d":4.0,"a":5,"l":"d","gn":8,"t":13},"geometry":{"type":"Point","coordinates":[408480.8,5655771.5]}},{"type":"Feature","properties":{"h":10.0,"d":5.0,"a":3,"l":"e","t":25},"geometry":{"type":"Point","coordinates":[408480.8,5655051.7]}},{"type":"Feature","properties":{"h":20.0,"d":10.0,"a":3,"l":"e","t":60},"geometry":{"type":"Point","coordinates":[408481.8,5655035.9]}},{"type":"Feature","properties":{"h":20.0,"d":10.0,"a":3,"l":"e","t":40},"geometry":{"type":"Point","coordinates":[408482.2,5655033.7]}},{"type":"Feature","properties":{"h":20.0,"d":10.0,"a":1,"l":"d","gn":16,"t":35},"geometry":{"type":"Point","coordinates":[408482.5,5654921.0]}},{"type":"Feature","properties":{"h":9.0,"d":10.0,"a":3,"l":"e","t":40},"geometry":{"type":"Point","coordinates":[408482.7,5655025.2]}},{"type":"Feature","properties":{"h":9.0,"d":12.0,"a":3,"l":"e","t":60},"geometry":{"type":"Point","coordinates":[408482.8,5655023.5]}},{"type":"Feature","properties":{"h":15.0,"d":16.0,"a":0,"l":"d","gn":1,"t":81},"geometry":{"type":"Point","coordinates":[408483.1,5655779.9]}},{"type":"Feature","properties":{"h":4.0,"d":3.0,"a":5,"l":"d","gn":17,"t":9},"geometry":{"type":"Point","coordinates":[408483.2,5655768.2]}},{"type":"Feature","properties":{"h":4.0,"d":2.0,"a":1,"l":"d","gn":18,"t":7},"geometry":{"type":"Point","coordinates":[408484.4,5655727.7]}},{"type":"Feature","properties":{"h":6.0,"d":3.0,"a":5,"l":"d","gn":8,"t":12},"geometry":{"type":"Point","coordinates":[408484.4,5655789.7]}},{"type":"Feature","properties":{"h":5.0,"d":8.0,"a":3,"l":"e","t":30},"geometry":{"type":"Point","coordinates":[408484.7,5654909.7]}},{"type":"Feature","properties":{"h":14.0,"d":8.0,"a":0,"l":"d","gn":9,"t":48},"geometry":{"type":"Point","coordinates":[408485.3,5654328.2]}},{"type":"Feature","properties":{"h":4.0,"d":4.0,"a":5,"l":"d","gn":8,"t":7},"geometry":{"type":"Point","coordinates":[408485.4,5655737.2]}},{"type":"Feature","properties":{"h":21.0,"d":6.0,"a":3,"l":"e","t":50},"geometry":{"type":"Point","coordinates":[408485.4,5654994.3]}},{"type":"Feature","properties":{"h":19.0,"d":14.0,"a":0,"l":"d","gn":9,"t":45},"geometry":{"type":"Point","coordinates":[408485.5,5655419.6]}},{"type":"Feature","properties":{"h":21.0,"d":8.0,"a":3,"l":"e","t":50},"geometry":{"type":"Point","coordinates":[408485.9,5654992.4]}},{"type":"Feature","properties":{"h":10.0,"d":6.0,"a":0,"l":"d","gn":1,"t":23},"geometry":{"type":"Point","coordinates":[408486.2,5655723.9]}},{"type":"Feature","properties":{"h":17.0,"d":9.4,"a":3,"l":"e"},"geometry":{"type":"Point","coordinates":[408486.4,5654896.6]}},{"type":"Feature","properties":{"h":10.0,"d":5.0,"a":0,"l":"d","gn":1,"t":19},"geometry":{"type":"Point","coordinates":[408486.8,5655723.4]}},{"type":"Feature","properties":{"h":8.0,"d":3.0,"a":0,"l":"d","gn":1,"t":10},"geometry":{"type":"Point","coordinates":[408487.2,5655724.2]}},{"type":"Feature","properties":{"h":19.0,"d":8.0,"a":3,"l":"e","t":40},"geometry":{"type":"Point","coordinates":[408487.5,5654973.4]}},{"type":"Feature","properties":{"h":19.0,"d":8.0,"a":3,"l":"e","t":40},"geometry":{"type":"Point","coordinates":[408487.7,5654971.8]}},{"type":"Feature","properties":{"h":8.0,"d":4.0,"a":0,"l":"d","gn":1,"t":11},"geometry":{"type":"Point","coordinates":[408488.1,5655724.1]}},{"type":"Feature","properties":{"h":8.0,"d":5.0,"a":0,"l":"d","gn":1,"t":6},"geometry":{"type":"Point","coordinates":[408489.0,5655724.5]}},{"type":"Feature","properties":{"h":10.0,"d":8.0,"a":0,"l":"d","gn":1,"t":16},"geometry":{"type":"Point","coordinates":[408490.0,5655724.7]}},{"type":"Feature","properties":{"h":9.0,"d":6.0,"a":5,"l":"d","gn":8,"t":18},"geometry":{"type":"Point","coordinates":[408490.5,5655792.3]}},{"type":"Feature","properties":{"h":10.0,"d":8.0,"a":0,"l":"d","gn":1,"t":16},"geometry":{"type":"Point","coordinates":[408491.0,5655725.0]}},{"type":"Feature","properties":{"h":7.0,"d":6.0,"a":0,"l":"d","gn":1,"t":29},"geometry":{"type":"Point","coordinates":[408491.4,5655775.8]}},{"type":"Feature","properties":{"h":21.0,"d":8.0,"a":3,"l":"e","t":40},"geometry":{"type":"Point","coordinates":[408494.4,5654910.6]}},{"type":"Feature","properties":{"h":23.0,"d":6.0,"a":3,"l":"e","t":40},"geometry":{"type":"Point","coordinates":[408494.4,5654909.5]}},{"type":"Feature","properties":{"h":21.0,"d":16.0,"a":0,"l":"d","gn":1,"t":70},"geometry":{"type":"Point","coordinates":[408495.2,5654896.2]}},{"type":"Feature","properties":{"h":6.0,"d":3.0,"a":5,"l":"d","gn":8,"t":10},"geometry":{"type":"Point","coordinates":[408495.6,5655771.5]}},{"type":"Feature","properties":{"h":19.0,"d":9.0,"a":1,"l":"d","gn":16,"t":47},"geometry":{"type":"Point","coordinates":[408499.6,5655788.5]}},{"type":"Feature","properties":{"h":8.0,"d":7.0,"a":5,"l":"d","gn":8,"t":19},"geometry":{"type":"Point","coordinates":[408499.8,5655772.7]}},{"type":"Feature","properties":{"h":5.0,"d":1.0,"a":1,"l":"d","gn":30,"t":5},"geometry":{"type":"Point","coordinates":[408501.1,5655822.6]}},{"type":"Feature","properties":{"h":12.0,"d":14.0,"a":4,"l":"d","gn":21,"t":64},"geometry":{"type":"Point","coordinates":[408502.5,5655781.7]}},{"type":"Feature","properties":{"h":13.0,"d":7.0,"a":0,"l":"d","gn":9,"t":36},"geometry":{"type":"Point","coordinates":[408502.8,5654322.6]}},{"type":"Feature","properties":{"h":13.0,"d":11.0,"a":5,"l":"d","gn":1,"t":104},"geometry":{"type":"Point","coordinates":[408506.3,5655800.3]}},{"type":"Feature","properties":{"h":6.5,"d":4.0,"a":5,"l":"d","t":13},"geometry":{"type":"Point","coordinates":[408507.0,5655728.4]}},{"type":"Feature","properties":{"h":10.0,"d":9.0,"a":0,"l":"d","gn":1,"t":20},"geometry":{"type":"Point","coordinates":[408507.7,5655728.9]}},{"type":"Feature","properties":{"h":8.0,"d":4.0,"a":0,"l":"d","gn":1,"t":13},"geometry":{"type":"Point","coordinates":[408508.7,5655729.8]}},{"type":"Feature","properties":{"h":11.0,"d":6.4,"a":0,"l":"d","gn":1},"geometry":{"type":"Point","coordinates":[408508.7,5655729.6]}},{"type":"Feature","properties":{"h":18.0,"d":13.0,"a":1,"l":"d","gn":16,"t":63},"geometry":{"type":"Point","coordinates":[408509.8,5655790.1]}},{"type":"Feature","properties":{"h":3.0,"d":4.8,"a":0,"l":"d","gn":1,"t":5},"geometry":{"type":"Point","coordinates":[408511.1,5655729.3]}},{"type":"Feature","properties":{"h":6.0,"d":3.0,"a":5,"l":"d","gn":8,"t":12},"geometry":{"type":"Point","coordinates":[408511.9,5655777.7]}},{"type":"Feature","properties":{"h":7.0,"d":4.0,"a":0,"l":"d","gn":1,"t":11},"geometry":{"type":"Point","coordinates":[408513.8,5655730.0]}},{"type":"Feature","properties":{"h":6.0,"d":3.0,"a":5,"l":"d","gn":8,"t":13},"geometry":{"type":"Point","coordinates":[408515.6,5655775.7]}},{"type":"Feature","properties":{"h":12.0,"d":9.0,"a":3,"l":"e","t":45},"geometry":{"type":"Point","coordinates":[408516.7,5655734.7]}},{"type":"Feature","properties":{"h":7.0,"d":4.1,"a":0,"l":"d","gn":1,"t":11},"geometry":{"type":"Point","coordinates":[408517.3,5655731.0]}},{"type":"Feature","properties":{"h":19.0,"d":17.0,"a":0,"l":"d","gn":1,"t":56},"geometry":{"type":"Point","coordinates":[408517.9,5655790.4]}},{"type":"Feature","properties":{"h":14.0,"d":9.0,"a":0,"l":"d","gn":3,"t":33},"geometry":{"type":"Point","coordinates":[408519.5,5655418.7]}},{"type":"Feature","properties":{"h":6.0,"d":4.0,"a":5,"l":"d","gn":8,"t":12},"geometry":{"type":"Point","coordinates":[408519.9,5655808.8]}},{"type":"Feature","properties":{"h":6.0,"d":4.0,"a":5,"l":"d","gn":8,"t":14},"geometry":{"type":"Point","coordinates":[408521.2,5655819.6]}},{"type":"Feature","properties":{"h":9.0,"d":9.0,"a":1,"l":"d","gn":21,"t":40},"geometry":{"type":"Point","coordinates":[408522.7,5655732.8]}},{"type":"Feature","properties":{"h":8.0,"d":8.0,"a":5,"l":"d","gn":8,"t":30},"geometry":{"type":"Point","coordinates":[408522.7,5655740.6]}},{"type":"Feature","properties":{"h":14.0,"d":7.0,"a":0,"l":"d","gn":9,"t":40},"geometry":{"type":"Point","coordinates":[408523.5,5654308.6]}},{"type":"Feature","properties":{"h":14.0,"d":6.0,"a":0,"l":"d","gn":3,"t":22},"geometry":{"type":"Point","coordinates":[408525.6,5655417.0]}},{"type":"Feature","properties":{"h":4.0,"d":3.5,"a":5,"l":"d","gn":24,"t":6},"geometry":{"type":"Point","coordinates":[408525.9,5655752.6]}},{"type":"Feature","properties":{"h":4.0,"d":2.0,"a":5,"l":"d","gn":28,"t":7},"geometry":{"type":"Point","coordinates":[408526.7,5655811.9]}},{"type":"Feature","properties":{"h":3.0,"d":1.0,"a":5,"l":"d","gn":28,"t":5},"geometry":{"type":"Point","coordinates":[408526.9,5655738.4]}},{"type":"Feature","properties":{"h":4.0,"d":4.0,"a":5,"l":"d","gn":17,"t":17},"geometry":{"type":"Point","coordinates":[408527.8,5655746.6]}},{"type":"Feature","properties":{"h":5.0,"d":1.0,"a":1,"l":"d","gn":30,"t":5},"geometry":{"type":"Point","coordinates":[408527.9,5655828.9]}},{"type":"Feature","properties":{"h":19.0,"d":12.0,"a":0,"l":"d","gn":3,"t":50},"geometry":{"type":"Point","coordinates":[408530.6,5655773.2]}},{"type":"Feature","properties":{"h":11.0,"d":10.0,"a":1,"l":"d","gn":21,"t":22},"geometry":{"type":"Point","coordinates":[408531.2,5655767.2]}},{"type":"Feature","properties":{"h":4.0,"d":3.5,"a":5,"l":"d","gn":8,"t":12},"geometry":{"type":"Point","coordinates":[408531.3,5655739.4]}},{"type":"Feature","properties":{"h":15.0,"d":10.0,"a":3,"l":"e","t":54},"geometry":{"type":"Point","coordinates":[408531.8,5655792.7]}},{"type":"Feature","properties":{"h":22.0,"d":13.0,"a":0,"l":"d","gn":3,"t":77},"geometry":{"type":"Point","coordinates":[408532.3,5655413.3]}},{"type":"Feature","properties":{"h":8.0,"d":5.0,"a":5,"l":"d","gn":8,"t":15},"geometry":{"type":"Point","coordinates":[408533.3,5655816.8]}},{"type":"Feature","properties":{"h":4.0,"d":1.0,"a":5,"l":"d","gn":24,"t":5},"geometry":{"type":"Point","coordinates":[408533.9,5655762.9]}},{"type":"Feature","properties":{"h":6.0,"d":6.0,"a":5,"l":"d","t":20},"geometry":{"type":"Point","coordinates":[408535.1,5655744.3]}},{"type":"Feature","properties":{"h":11.0,"d":9.0,"a":0,"l":"d","t":59},"geometry":{"type":"Point","coordinates":[408536.6,5655780.1]}},{"type":"Feature","properties":{"h":14.0,"d":9.0,"a":1,"l":"d","gn":16,"t":37},"geometry":{"type":"Point","coordinates":[408537.7,5655769.3]}},{"type":"Feature","properties":{"h":6.0,"d":3.0,"a":5,"l":"d","gn":8,"t":12},"geometry":{"type":"Point","coordinates":[408539.0,5655824.3]}},{"type":"Feature","properties":{"h":7.0,"d":6.0,"a":5,"l":"d","t":59},"geometry":{"type":"Point","coordinates":[408539.7,5655795.5]}},{"type":"Feature","properties":{"h":8.0,"d":4.0,"a":5,"l":"d","gn":24,"t":15},"geometry":{"type":"Point","coordinates":[408541.3,5655997.7]}},{"type":"Feature","properties":{"h":4.0,"d":4.0,"a":5,"l":"d","gn":17,"t":10},"geometry":{"type":"Point","coordinates":[408541.7,5655736.8]}},{"type":"Feature","properties":{"h":7.0,"d":5.0,"a":5,"l":"d","gn":8,"t":15},"geometry":{"type":"Point","coordinates":[408542.6,5655811.1]}},{"type":"Feature","properties":{"h":6.0,"d":5.0,"a":5,"l":"d","t":14},"geometry":{"type":"Point","coordinates":[408543.0,5655736.5]}},{"type":"Feature","properties":{"h":6.0,"d":6.0,"a":5,"l":"d","t":25},"geometry":{"type":"Point","coordinates":[408543.6,5655745.4]}},{"type":"Feature","properties":{"h":5.0,"d":2.0,"a":5,"l":"d","gn":24,"t":7},"geometry":{"type":"Point","coordinates":[408544.5,5655797.7]}},{"type":"Feature","properties":{"h":12.0,"d":7.0,"a":0,"l":"d","gn":9,"t":33},"geometry":{"type":"Point","coordinates":[408545.1,5654299.4]}},{"type":"Feature","properties":{"h":8.0,"d":5.0,"a":5,"l":"d","gn":24,"t":16},"geometry":{"type":"Point","coordinates":[408546.9,5655973.8]}},{"type":"Feature","properties":{"h":6.0,"d":5.0,"a":5,"l":"d","t":18},"geometry":{"type":"Point","coordinates":[408547.0,5655737.4]}},{"type":"Feature","properties":{"h":18.0,"d":15.0,"a":0,"l":"d","gn":1,"t":55},"geometry":{"type":"Point","coordinates":[408547.3,5655424.3]}},{"type":"Feature","properties":{"h":4.0,"d":5.0,"a":1,"l":"d","gn":11,"t":7},"geometry":{"type":"Point","coordinates":[408550.0,5655756.3]}},{"type":"Feature","properties":{"h":5.0,"d":5.0,"a":1,"l":"d","gn":11,"t":5},"geometry":{"type":"Point","coordinates":[408550.4,5655759.0]}},{"type":"Feature","properties":{"h":4.0,"d":1.0,"a":2,"l":"d","gn":18,"t":4},"geometry":{"type":"Point","coordinates":[408550.6,5655956.8]}},{"type":"Feature","properties":{"h":6.0,"d":4.0,"a":1,"l":"d","gn":11,"t":6},"geometry":{"type":"Point","coordinates":[408552.1,5655760.2]}},{"type":"Feature","properties":{"h":6.0,"d":5.0,"a":5,"l":"d","t":25},"geometry":{"type":"Point","coordinates":[408552.4,5655739.4]}},{"type":"Feature","properties":{"h":15.0,"d":7.0,"a":0,"l":"d","gn":3,"t":30},"geometry":{"type":"Point","coordinates":[408552.9,5655756.3]}},{"type":"Feature","properties":{"h":11.0,"d":6.4,"a":0,"l":"d","s":"osm"},"geometry":{"type":"Point","coordinates":[408553.0,5655380.8]}},{"type":"Feature","properties":{"h":15.0,"d":7.0,"a":0,"l":"d","gn":3,"t":22},"geometry":{"type":"Point","coordinates":[408553.8,5655763.8]}},{"type":"Feature","properties":{"h":5.0,"d":1.0,"a":1,"l":"d","gn":30,"t":5},"geometry":{"type":"Point","coordinates":[408554.8,5655835.2]}},{"type":"Feature","properties":{"h":12.0,"d":10.0,"a":0,"l":"d","gn":1,"t":20},"geometry":{"type":"Point","coordinates":[408555.9,5655740.5]}},{"type":"Feature","properties":{"h":13.0,"d":6.0,"a":0,"l":"d","gn":3,"t":17},"geometry":{"type":"Point","coordinates":[408556.7,5655751.2]}},{"type":"Feature","properties":{"h":9.0,"d":9.0,"a":0,"l":"d","gn":1,"t":16},"geometry":{"type":"Point","coordinates":[408558.4,5655740.9]}},{"type":"Feature","properties":{"h":23.0,"d":12.0,"a":0,"l":"d","gn":3,"t":95},"geometry":{"type":"Point","coordinates":[408559.8,5655744.4]}},{"type":"Feature","properties":{"h":5.0,"d":1.0,"a":2,"l":"d","gn":18,"t":5},"geometry":{"type":"Point","coordinates":[408564.4,5655897.3]}},{"type":"Feature","properties":{"h":11.0,"d":6.4,"a":0,"l":"d","s":"osm"},"geometry":{"type":"Point","coordinates":[408565.5,5655428.2]}},{"type":"Feature","properties":{"h":5.0,"d":1.0,"a":2,"l":"d","gn":18,"t":5},"geometry":{"type":"Point","coordinates":[408565.7,5655891.8]}},{"type":"Feature","properties":{"h":7.0,"d":4.0,"a":5,"l":"d","gn":24,"t":12},"geometry":{"type":"Point","coordinates":[408567.0,5655885.4]}},{"type":"Feature","properties":{"h":24.0,"d":16.0,"a":0,"l":"d","gn":3,"t":64},"geometry":{"type":"Point","coordinates":[408568.6,5655427.2]}},{"type":"Feature","properties":{"h":11.0,"d":6.4,"a":0,"l":"d","s":"osm"},"geometry":{"type":"Point","coordinates":[408571.7,5655383.3]}},{"type":"Feature","properties":{"h":11.0,"d":6.4,"a":0,"l":"d","s":"osm"},"geometry":{"type":"Point","coordinates":[408572.7,5654269.4]}},{"type":"Feature","properties":{"h":14.0,"d":8.0,"a":0,"l":"d","gn":9,"t":53},"geometry":{"type":"Point","coordinates":[408578.4,5654292.7]}},{"type":"Feature","properties":{"h":25.0,"d":15.0,"a":0,"l":"d","gn":1,"t":100},"geometry":{"type":"Point","coordinates":[408579.3,5655428.8]}},{"type":"Feature","properties":{"h":11.0,"d":6.4,"a":0,"l":"d","s":"osm"},"geometry":{"type":"Point","coordinates":[408580.9,5655432.0]}},{"type":"Feature","properties":{"h":8.0,"d":5.0,"a":5,"l":"d","gn":24,"t":18},"geometry":{"type":"Point","coordinates":[408583.2,5655815.8]}},{"type":"Feature","properties":{"h":10.0,"d":8.0,"a":5,"l":"d","gn":12,"t":27},"geometry":{"type":"Point","coordinates":[408587.2,5655417.7]}},{"type":"Feature","properties":{"h":8.0,"d":4.0,"a":5,"l":"d","gn":24,"t":15},"geometry":{"type":"Point","coordinates":[408589.3,5655789.2]}},{"type":"Feature","properties":{"h":7.0,"d":4.0,"a":5,"l":"d","gn":24,"t":16},"geometry":{"type":"Point","coordinates":[408591.0,5655781.7]}},{"type":"Feature","properties":{"h":13.0,"d":5.0,"a":0,"l":"d","gn":15,"t":32},"geometry":{"type":"Point","coordinates":[408592.1,5655419.1]}},{"type":"Feature","properties":{"h":7.0,"d":4.0,"a":5,"l":"d","gn":24,"t":12},"geometry":{"type":"Point","coordinates":[408594.4,5655766.5]}},{"type":"Feature","properties":{"h":6.0,"d":6.0,"a":5,"l":"d","gn":12,"t":32},"geometry":{"type":"Point","coordinates":[408594.6,5655419.1]}},{"type":"Feature","properties":{"h":8.0,"d":4.0,"a":0,"l":"d","gn":6,"t":12},"geometry":{"type":"Point","coordinates":[408594.7,5655533.8]}},{"type":"Feature","properties":{"h":6.0,"d":4.0,"a":5,"l":"d","t":18},"geometry":{"type":"Point","coordinates":[408595.1,5655529.8]}},{"type":"Feature","properties":{"h":10.0,"d":4.0,"a":0,"l":"d","gn":15,"t":12},"geometry":{"type":"Point","coordinates":[408595.7,5655420.3]}},{"type":"Feature","properties":{"h":7.0,"d":4.0,"a":5,"l":"d","gn":24,"t":13},"geometry":{"type":"Point","coordinates":[408595.8,5655760.5]}},{"type":"Feature","properties":{"h":12.0,"d":4.5,"a":0,"l":"d","gn":15,"t":16},"geometry":{"type":"Point","coordinates":[408595.9,5655419.0]}},{"type":"Feature","properties":{"h":12.0,"d":4.5,"a":0,"l":"d","gn":15,"t":15},"geometry":{"type":"Point","coordinates":[408595.9,5655417.7]}},{"type":"Feature","properties":{"h":7.0,"d":5.0,"a":5,"l":"d","t":26},"geometry":{"type":"Point","coordinates":[408596.5,5655525.9]}},{"type":"Feature","properties":{"h":6.0,"d":4.0,"a":5,"l":"d","t":18},"geometry":{"type":"Point","coordinates":[408598.2,5655418.0]}},{"type":"Feature","properties":{"h":4.0,"d":3.0,"a":5,"l":"d","t":12},"geometry":{"type":"Point","coordinates":[408598.8,5655418.8]}},{"type":"Feature","properties":{"h":12.0,"d":7.0,"a":1,"l":"d","gn":16,"t":26},"geometry":{"type":"Point","coordinates":[408599.9,5655529.0]}},{"type":"Feature","properties":{"h":6.0,"d":3.0,"a":5,"l":"d","t":9},"geometry":{"type":"Point","coordinates":[408600.0,5655523.0]}},{"type":"Feature","properties":{"h":13.0,"d":4.5,"a":0,"l":"d","gn":15,"t":16},"geometry":{"type":"Point","coordinates":[408600.1,5655418.3]}},{"type":"Feature","properties":{"h":6.0,"d":4.0,"a":5,"l":"d","t":18},"geometry":{"type":"Point","coordinates":[408600.7,5655513.4]}},{"type":"Feature","properties":{"h":14.0,"d":7.0,"a":0,"l":"d","gn":9,"t":41},"geometry":{"type":"Point","coordinates":[408601.5,5654288.8]}},{"type":"Feature","properties":{"h":10.0,"d":3.0,"a":0,"l":"d","gn":6,"t":16},"geometry":{"type":"Point","coordinates":[408604.1,5655511.0]}},{"type":"Feature","properties":{"h":4.0,"d":3.0,"a":5,"l":"d","gn":17,"t":24},"geometry":{"type":"Point","coordinates":[408605.1,5654926.5]}},{"type":"Feature","properties":{"h":5.0,"d":2.0,"a":5,"l":"d","t":8},"geometry":{"type":"Point","coordinates":[408605.3,5655514.7]}},{"type":"Feature","properties":{"h":9.0,"d":4.0,"a":0,"l":"d","gn":6,"t":16},"geometry":{"type":"Point","coordinates":[408606.1,5655512.1]}},{"type":"Feature","properties":{"h":23.0,"d":14.0,"a":0,"l":"d","gn":3,"t":77},"geometry":{"type":"Point","coordinates":[408606.2,5654922.8]}},{"type":"Feature","properties":{"h":10.0,"d":4.0,"a":0,"l":"d","gn":6,"t":17},"geometry":{"type":"Point","coordinates":[408606.4,5655511.1]}},{"type":"Feature","properties":{"h":13.0,"d":4.0,"a":0,"l":"d","gn":10,"t":25},"geometry":{"type":"Point","coordinates":[408607.3,5654898.6]}},{"type":"Feature","properties":{"h":22.0,"d":16.0,"a":0,"l":"d","gn":3,"t":68},"geometry":{"type":"Point","coordinates":[408607.5,5654907.8]}},{"type":"Feature","properties":{"h":13.0,"d":8.0,"a":0,"l":"d","gn":10,"t":33},"geometry":{"type":"Point","coordinates":[408608.9,5654882.7]}},{"type":"Feature","properties":{"h":6.0,"d":2.0,"a":1,"l":"d","gn":16,"t":7},"geometry":{"type":"Point","coordinates":[408609.7,5655511.3]}},{"type":"Feature","properties":{"h":15.0,"d":10.0,"a":0,"l":"d","gn":6,"t":52},"geometry":{"type":"Point","coordinates":[408609.8,5654877.4]}},{"type":"Feature","properties":{"h":14.0,"d":9.0,"a":3,"l":"e","t":40},"geometry":{"type":"Point","coordinates":[408610.1,5654866.7]}},{"type":"Feature","properties":{"h":10.0,"d":10.0,"a":0,"l":"d","gn":10,"t":70},"geometry":{"type":"Point","coordinates":[408610.4,5654872.6]}},{"type":"Feature","properties":{"h":16.0,"d":9.0,"a":1,"l":"d","gn":16,"t":34},"geometry":{"type":"Point","coordinates":[408610.5,5655530.4]}},{"type":"Feature","properties":{"h":13.0,"d":10.0,"a":0,"l":"d","gn":3,"t":29},"geometry":{"type":"Point","coordinates":[408611.8,5655524.9]}},{"type":"Feature","properties":{"h":18.0,"d":8.0,"a":3,"l":"e","t":49},"geometry":{"type":"Point","coordinates":[408613.6,5654937.7]}},{"type":"Feature","properties":{"h":11.0,"d":6.4,"a":0,"l":"d","s":"osm"},"geometry":{"type":"Point","coordinates":[408613.8,5654608.2]}},{"type":"Feature","properties":{"h":6.0,"d":3.5,"a":0,"l":"d","gn":32,"s":"osm"},"geometry":{"type":"Point","coordinates":[408613.9,5654539.4]}},{"type":"Feature","properties":{"h":6.0,"d":8.0,"a":5,"l":"d","gn":17,"t":36},"geometry":{"type":"Point","coordinates":[408614.3,5655431.1]}},{"type":"Feature","properties":{"h":28.0,"d":12.0,"a":0,"l":"d","gn":3,"t":82},"geometry":{"type":"Point","coordinates":[408615.0,5655420.5]}},{"type":"Feature","properties":{"h":11.0,"d":6.4,"a":0,"l":"d","s":"osm"},"geometry":{"type":"Point","coordinates":[408615.3,5654591.5]}},{"type":"Feature","properties":{"h":15.0,"d":3.0,"a":3,"l":"e","t":32},"geometry":{"type":"Point","coordinates":[408615.8,5654939.1]}},{"type":"Feature","properties":{"h":22.0,"d":10.0,"a":0,"l":"d","gn":3,"t":56},"geometry":{"type":"Point","coordinates":[408616.3,5654893.6]}},{"type":"Feature","properties":{"h":13.0,"d":12.0,"a":0,"l":"d","gn":1,"t":40},"geometry":{"type":"Point","coordinates":[408616.6,5655524.1]}},{"type":"Feature","properties":{"h":19.0,"d":5.0,"a":3,"l":"e","t":35},"geometry":{"type":"Point","coordinates":[408617.8,5654940.5]}},{"type":"Feature","properties":{"h":24.0,"d":14.0,"a":0,"l":"d","gn":3,"t":73},"geometry":{"type":"Point","coordinates":[408618.0,5655420.6]}},{"type":"Feature","properties":{"h":4.0,"d":1.0,"a":1,"l":"d","gn":18,"t":6},"geometry":{"type":"Point","coordinates":[408618.0,5654365.6]}},{"type":"Feature","properties":{"h":12.0,"d":7.0,"a":0,"l":"d","gn":1,"t":37},"geometry":{"type":"Point","coordinates":[408618.6,5654302.5]}},{"type":"Feature","properties":{"h":21.0,"d":8.0,"a":0,"l":"d","gn":3,"t":60},"geometry":{"type":"Point","coordinates":[408619.0,5654888.9]}},{"type":"Feature","properties":{"h":4.0,"d":1.0,"a":1,"l":"d","gn":18,"t":8},"geometry":{"type":"Point","coordinates":[408619.5,5654382.1]}},{"type":"Feature","properties":{"h":13.0,"d":12.0,"a":0,"l":"d","gn":1,"t":45},"geometry":{"type":"Point","coordinates":[408619.5,5654311.3]}},{"type":"Feature","properties":{"h":4.0,"d":1.0,"a":0,"l":"d","gn":6,"t":5},"geometry":{"type":"Point","coordinates":[408619.5,5654352.8]}},{"type":"Feature","properties":{"h":6.0,"d":4.0,"a":5,"l":"d","t":19},"geometry":{"type":"Point","coordinates":[408619.6,5655512.5]}},{"type":"Feature","properties":{"h":16.0,"d":9.0,"a":0,"l":"d","gn":3,"t":29},"geometry":{"type":"Point","coordinates":[408620.2,5655531.3]}},{"type":"Feature","properties":{"h":4.0,"d":1.0,"a":1,"l":"d","gn":18,"t":6},"geometry":{"type":"Point","coordinates":[408620.7,5654348.3]}},{"type":"Feature","properties":{"h":22.0,"d":12.0,"a":0,"l":"d","gn":3,"t":69},"geometry":{"type":"Point","coordinates":[408620.9,5655420.4]}},{"type":"Feature","properties":{"h":11.0,"d":8.0,"a":0,"l":"d","gn":3,"t":28},"geometry":{"type":"Point","coordinates":[408621.0,5655527.0]}},{"type":"Feature","properties":{"h":13.0,"d":17.0,"a":0,"l":"d","gn":1,"t":42},"geometry":{"type":"Point","coordinates":[408621.1,5654320.1]}},{"type":"Feature","properties":{"h":17.0,"d":13.0,"a":1,"l":"d","gn":21,"t":68},"geometry":{"type":"Point","coordinates":[408622.1,5655521.0]}},{"type":"Feature","properties":{"h":18.0,"d":10.0,"a":0,"l":"d","gn":1,"t":76},"geometry":{"type":"Point","coordinates":[408624.4,5654855.6]}},{"type":"Feature","properties":{"h":16.0,"d":19.0,"a":0,"l":"d","gn":4,"t":48},"geometry":{"type":"Point","coordinates":[408624.4,5655513.9]}},{"type":"Feature","properties":{"h":14.0,"d":8.0,"a":0,"l":"d","gn":9,"t":39},"geometry":{"type":"Point","coordinates":[408624.6,5654285.0]}},{"type":"Feature","properties":{"h":12.0,"d":11.0,"a":0,"l":"d","gn":1,"t":40},"geometry":{"type":"Point","coordinates":[408624.7,5654302.0]}},{"type":"Feature","properties":{"h":22.0,"d":16.0,"a":0,"l":"d","gn":3,"t":66},"geometry":{"type":"Point","coordinates":[408625.4,5654889.4]}},{"type":"Feature","properties":{"h":25.0,"d":17.0,"a":0,"l":"d","gn":3,"t":101},"geometry":{"type":"Point","coordinates":[408625.5,5654941.6]}},{"type":"Feature","properties":{"h":14.0,"d":6.0,"a":0,"l":"d","gn":15,"t":28},"geometry":{"type":"Point","coordinates":[408627.1,5655421.1]}},{"type":"Feature","properties":{"h":13.0,"d":13.0,"a":0,"l":"d","gn":1,"t":45},"geometry":{"type":"Point","coordinates":[408628.0,5654322.2]}},{"type":"Feature","properties":{"h":16.0,"d":10.0,"a":1,"l":"d","gn":16,"t":36},"geometry":{"type":"Point","coordinates":[408628.6,5654339.6]}},{"type":"Feature","properties":{"h":2.5,"d":2.0,"a":5,"l":"d","gn":17,"t":7},"geometry":{"type":"Point","coordinates":[408629.6,5655519.7]}},{"type":"Feature","properties":{"h":11.0,"d":6.4,"a":0,"l":"d","s":"osm"},"geometry":{"type":"Point","coordinates":[408631.1,5654609.0]}},{"type":"Feature","properties":{"h":4.0,"d":1.0,"a":0,"l":"d","gn":4,"t":5},"geometry":{"type":"Point","coordinates":[408631.5,5654304.6]}},{"type":"Feature","properties":{"h":11.0,"d":6.4,"a":0,"l":"d","s":"osm"},"geometry":{"type":"Point","coordinates":[408631.9,5654591.9]}},{"type":"Feature","properties":{"h":14.0,"d":10.0,"a":0,"l":"d","gn":6,"t":44},"geometry":{"type":"Point","coordinates":[408632.3,5654312.1]}},{"type":"Feature","properties":{"h":5.0,"d":2.0,"a":5,"l":"d","t":9},"geometry":{"type":"Point","coordinates":[408632.8,5655516.5]}},{"type":"Feature","properties":{"h":14.0,"d":6.0,"a":0,"l":"d","gn":1,"t":27},"geometry":{"type":"Point","coordinates":[408632.9,5654944.8]}},{"type":"Feature","properties":{"h":20.0,"d":14.0,"a":0,"l":"d","gn":3,"t":65},"geometry":{"type":"Point","coordinates":[408633.3,5654889.6]}},{"type":"Feature","properties":{"h":4.0,"d":1.0,"a":0,"l":"d","gn":1,"t":6},"geometry":{"type":"Point","coordinates":[408634.8,5654297.8]}},{"type":"Feature","properties":{"h":13.0,"d":14.0,"a":0,"l":"d","gn":1,"t":49},"geometry":{"type":"Point","coordinates":[408635.3,5654333.3]}},{"type":"Feature","properties":{"h":13.0,"d":11.0,"a":0,"l":"d","gn":1,"t":40},"geometry":{"type":"Point","coordinates":[408636.2,5655535.9]}},{"type":"Feature","properties":{"h":4.0,"d":1.0,"a":5,"l":"d","gn":8,"t":5},"geometry":{"type":"Point","coordinates":[408636.4,5654311.0]}},{"type":"Feature","properties":{"h":5.0,"d":1.0,"a":5,"l":"d","gn":8,"t":10},"geometry":{"type":"Point","coordinates":[408638.4,5654354.2]}},{"type":"Feature","properties":{"h":5.0,"d":4.0,"a":5,"l":"d","gn":12,"t":15},"geometry":{"type":"Point","coordinates":[408640.4,5654889.6]}},{"type":"Feature","properties":{"h":15.0,"d":14.0,"a":0,"l":"d","gn":6,"t":39},"geometry":{"type":"Point","coordinates":[408640.4,5654310.5]}},{"type":"Feature","properties":{"h":5.0,"d":4.0,"a":5,"l":"d","gn":12,"t":19},"geometry":{"type":"Point","coordinates":[408640.6,5654884.8]}},{"type":"Feature","properties":{"h":5.0,"d":4.0,"a":5,"l":"d","gn":12,"t":19},"geometry":{"type":"Point","coordinates":[408640.7,5654879.9]}},{"type":"Feature","properties":{"h":12.0,"d":9.0,"a":5,"l":"d","gn":8,"t":30},"geometry":{"type":"Point","coordinates":[408641.1,5654936.0]}},{"type":"Feature","properties":{"h":5.0,"d":4.0,"a":5,"l":"d","gn":12,"t":19},"geometry":{"type":"Point","coordinates":[408641.3,5654874.9]}},{"type":"Feature","properties":{"h":16.0,"d":15.0,"a":0,"l":"d","gn":6,"t":56},"geometry":{"type":"Point","coordinates":[408641.9,5654337.6]}},{"type":"Feature","properties":{"h":9.0,"d":6.0,"a":5,"l":"d","gn":21,"t":30},"geometry":{"type":"Point","coordinates":[408642.1,5655521.1]}},{"type":"Feature","properties":{"h":5.0,"d":4.0,"a":5,"l":"d","gn":12,"t":16},"geometry":{"type":"Point","coordinates":[408642.6,5654865.5]}},{"type":"Feature","properties":{"h":5.0,"d":4.0,"a":5,"l":"d","gn":12,"t":20},"geometry":{"type":"Point","coordinates":[408642.7,5654860.8]}},{"type":"Feature","properties":{"h":7.0,"d":2.0,"a":0,"l":"d","gn":1,"t":12},"geometry":{"type":"Point","coordinates":[408643.4,5654338.1]}},{"type":"Feature","properties":{"h":13.0,"d":11.0,"a":0,"l":"d","gn":1,"t":48},"geometry":{"type":"Point","coordinates":[408644.3,5654298.7]}},{"type":"Feature","properties":{"h":11.0,"d":16.0,"a":0,"l":"d","gn":1,"t":39},"geometry":{"type":"Point","coordinates":[408645.6,5654310.8]}},{"type":"Feature","properties":{"h":5.0,"d":2.0,"a":5,"l":"d","gn":8,"t":13},"geometry":{"type":"Point","coordinates":[408645.8,5654353.1]}},{"type":"Feature","properties":{"h":4.0,"d":3.0,"a":3,"l":"e","t":17},"geometry":{"type":"Point","coordinates":[408646.6,5655423.7]}},{"type":"Feature","properties":{"h":14.0,"d":8.0,"a":0,"l":"d","gn":9,"t":42},"geometry":{"type":"Point","coordinates":[408646.9,5654280.4]}},{"type":"Feature","properties":{"h":4.0,"d":3.0,"a":5,"l":"d","gn":12,"t":11},"geometry":{"type":"Point","coordinates":[408647.2,5654890.0]}},{"type":"Feature","properties":{"h":4.0,"d":3.0,"a":5,"l":"d","gn":12,"t":12},"geometry":{"type":"Point","coordinates":[408647.6,5654885.3]}},{"type":"Feature","properties":{"h":3.0,"d":2.0,"a":5,"l":"d","gn":12,"t":5},"geometry":{"type":"Point","coordinates":[408647.8,5654880.4]}},{"type":"Feature","properties":{"h":4.0,"d":3.0,"a":5,"l":"d","gn":12,"t":12},"geometry":{"type":"Point","coordinates":[408648.1,5654875.2]}},{"type":"Feature","properties":{"h":11.0,"d":6.1,"a":3,"l":"e","s":"osm"},"geometry":{"type":"Point","coordinates":[408648.4,5655442.9]}},{"type":"Feature","properties":{"h":5.0,"d":6.0,"a":5,"l":"d","t":30},"geometry":{"type":"Point","coordinates":[408648.4,5655423.1]}},{"type":"Feature","properties":{"h":4.0,"d":4.0,"a":5,"l":"d","gn":12,"t":17},"geometry":{"type":"Point","coordinates":[408648.8,5654866.0]}},{"type":"Feature","properties":{"h":8.0,"d":8.0,"a":5,"l":"d","c":1,"gn":8,"t":34},"geometry":{"type":"Point","coordinates":[408648.9,5654949.9]}},{"type":"Feature","properties":{"h":4.0,"d":3.0,"a":5,"l":"d","gn":12,"t":14},"geometry":{"type":"Point","coordinates":[408649.1,5654861.2]}},{"type":"Feature","properties":{"h":19.0,"d":13.0,"a":0,"l":"d","gn":1,"t":62},"geometry":{"type":"Point","coordinates":[408649.2,5655523.3]}},{"type":"Feature","properties":{"h":14.0,"d":16.0,"a":0,"l":"d","gn":1,"t":76},"geometry":{"type":"Point","coordinates":[408649.5,5655537.6]}},{"type":"Feature","properties":{"h":14.0,"d":12.0,"a":0,"l":"d","gn":1,"t":58},"geometry":{"type":"Point","coordinates":[408650.0,5654338.9]}},{"type":"Feature","properties":{"h":6.0,"d":9.6,"a":3,"l":"e"},"geometry":{"type":"Point","coordinates":[408650.1,5655440.3]}},{"type":"Feature","properties":{"h":5.0,"d":2.0,"a":0,"l":"d","gn":6,"t":10},"geometry":{"type":"Point","coordinates":[408650.2,5654299.2]}},{"type":"Feature","properties":{"h":5.0,"d":4.0,"a":5,"l":"d","t":20},"geometry":{"type":"Point","coordinates":[408650.3,5654295.2]}},{"type":"Feature","properties":{"h":16.0,"d":9.0,"a":0,"l":"d","gn":3,"t":38},"geometry":{"type":"Point","coordinates":[408650.7,5654310.5]}},{"type":"Feature","properties":{"h":12.0,"d":12.0,"a":0,"l":"d","gn":1,"t":36},"geometry":{"type":"Point","coordinates":[408651.2,5655532.0]}},{"type":"Feature","properties":{"h":19.0,"d":13.0,"a":0,"l":"d","gn":3,"t":65},"geometry":{"type":"Point","coordinates":[408651.7,5654896.5]}},{"type":"Feature","properties":{"h":7.0,"d":6.0,"a":0,"l":"d","gn":3,"t":11},"geometry":{"type":"Point","coordinates":[408651.9,5654863.3]}},{"type":"Feature","properties":{"h":22.0,"d":11.0,"a":0,"l":"d","gn":4,"t":82},"geometry":{"type":"Point","coordinates":[408652.2,5654886.0]}},{"type":"Feature","properties":{"h":11.0,"d":11.0,"a":0,"l":"d","gn":1,"t":40},"geometry":{"type":"Point","coordinates":[408652.4,5654859.5]}},{"type":"Feature","properties":{"h":6.0,"d":4.0,"a":5,"l":"d","gn":24,"t":18},"geometry":{"type":"Point","coordinates":[408652.9,5654317.9]}},{"type":"Feature","properties":{"h":14.0,"d":12.0,"a":0,"l":"d","gn":1,"t":55},"geometry":{"type":"Point","coordinates":[408653.1,5655524.1]}},{"type":"Feature","properties":{"h":5.0,"d":5.0,"a":0,"l":"d","gn":33,"t":27},"geometry":{"type":"Point","coordinates":[408654.3,5654311.1]}},{"type":"Feature","properties":{"h":5.0,"d":2.0,"a":5,"l":"d","gn":8,"t":12},"geometry":{"type":"Point","coordinates":[408655.5,5654354.5]}},{"type":"Feature","properties":{"h":10.0,"d":8.0,"a":5,"l":"d","gn":23,"t":42},"geometry":{"type":"Point","coordinates":[408656.8,5654622.0]}},{"type":"Feature","properties":{"h":12.0,"d":7.0,"a":0,"l":"d","gn":1,"t":36},"geometry":{"type":"Point","coordinates":[408657.1,5654337.4]}},{"type":"Feature","properties":{"h":10.0,"d":8.0,"a":5,"l":"d","gn":23,"t":35},"geometry":{"type":"Point","coordinates":[408657.7,5654610.1]}},{"type":"Feature","properties":{"h":18.0,"d":8.0,"a":0,"l":"d","gn":3,"t":46},"geometry":{"type":"Point","coordinates":[408658.1,5655986.3]}},{"type":"Feature","properties":{"h":8.0,"d":4.0,"a":5,"l":"d","gn":24,"t":16},"geometry":{"type":"Point","coordinates":[408658.2,5655550.5]}},{"type":"Feature","properties":{"h":7.0,"d":4.0,"a":5,"l":"d","gn":23,"t":10},"geometry":{"type":"Point","coordinates":[408658.2,5654602.2]}},{"type":"Feature","properties":{"h":10.0,"d":7.0,"a":5,"l":"d","gn":23,"t":37},"geometry":{"type":"Point","coordinates":[408658.9,5654594.2]}},{"type":"Feature","properties":{"h":10.0,"d":7.0,"a":5,"l":"d","gn":23,"t":43},"geometry":{"type":"Point","coordinates":[408659.4,5654586.3]}},{"type":"Feature","properties":{"h":8.0,"d":4.0,"a":5,"l":"d","gn":24,"t":13},"geometry":{"type":"Point","coordinates":[408660.1,5655544.2]}},{"type":"Feature","properties":{"h":18.0,"d":6.0,"a":3,"l":"e","t":58},"geometry":{"type":"Point","coordinates":[408661.6,5654757.7]}},{"type":"Feature","properties":{"h":9.0,"d":5.0,"a":3,"l":"e","t":25},"geometry":{"type":"Point","coordinates":[408662.3,5654763.6]}},{"type":"Feature","properties":{"h":5.0,"d":8.0,"a":5,"l":"d","gn":1,"t":75},"geometry":{"type":"Point","coordinates":[408662.7,5655445.7]}},{"type":"Feature","properties":{"h":3.0,"d":3.0,"a":0,"l":"d","gn":3,"t":45},"geometry":{"type":"Point","coordinates":[408663.4,5655424.4]}},{"type":"Feature","properties":{"h":21.0,"d":10.0,"a":0,"l":"d","gn":3,"t":62},"geometry":{"type":"Point","coordinates":[408664.7,5655957.8]}},{"type":"Feature","properties":{"h":4.0,"d":3.0,"a":5,"l":"d","gn":21,"t":12},"geometry":{"type":"Point","coordinates":[408665.1,5654291.7]}},{"type":"Feature","properties":{"h":25.0,"d":13.0,"a":0,"l":"d","gn":3,"t":82},"geometry":{"type":"Point","coordinates":[408666.4,5655425.8]}},{"type":"Feature","properties":{"h":6.0,"d":2.0,"a":2,"l":"d","gn":8,"t":11},"geometry":{"type":"Point","coordinates":[408667.2,5654753.0]}},{"type":"Feature","properties":{"h":13.0,"d":11.0,"a":0,"l":"d","gn":33,"t":48},"geometry":{"type":"Point","coordinates":[408667.5,5654381.4]}},{"type":"Feature","properties":{"h":25.0,"d":12.0,"a":0,"l":"d","gn":3,"t":76},"geometry":{"type":"Point","coordinates":[408667.7,5655434.3]}},{"type":"Feature","properties":{"h":20.0,"d":11.0,"a":0,"l":"d","gn":3,"t":43},"geometry":{"type":"Point","coordinates":[408667.8,5655943.3]}},{"type":"Feature","properties":{"h":19.0,"d":10.0,"a":0,"l":"d","gn":3,"t":52},"geometry":{"type":"Point","coordinates":[408669.1,5655988.7]}},{"type":"Feature","properties":{"h":7.0,"d":3.0,"a":2,"l":"d","gn":8,"t":15},"geometry":{"type":"Point","coordinates":[408669.3,5654753.3]}},{"type":"Feature","properties":{"h":19.0,"d":10.0,"a":0,"l":"d","gn":3,"t":40},"geometry":{"type":"Point","coordinates":[408671.3,5655929.1]}},{"type":"Feature","properties":{"h":17.0,"d":12.0,"a":0,"l":"d","gn":1,"t":88},"geometry":{"type":"Point","coordinates":[408671.3,5654889.5]}},{"type":"Feature","properties":{"h":11.0,"d":12.0,"a":0,"l":"d","gn":32,"t":56},"geometry":{"type":"Point","coordinates":[408671.5,5654340.4]}},{"type":"Feature","properties":{"h":21.0,"d":12.0,"a":0,"l":"d","gn":3,"t":59},"geometry":{"type":"Point","coordinates":[408671.8,5654897.6]}},{"type":"Feature","properties":{"h":13.0,"d":11.0,"a":0,"l":"d","gn":1,"t":45},"geometry":{"type":"Point","coordinates":[408671.9,5654295.6]}},{"type":"Feature","properties":{"h":11.0,"d":8.0,"a":5,"l":"d","c":1,"gn":8,"t":23},"geometry":{"type":"Point","coordinates":[408671.9,5654770.6]}},{"type":"Feature","properties":{"h":8.0,"d":3.5,"a":2,"l":"d","gn":8,"t":18},"geometry":{"type":"Point","coordinates":[408672.6,5654752.4]}},{"type":"Feature","properties":{"h":20.0,"d":10.0,"a":0,"l":"d","gn":3,"t":50},"geometry":{"type":"Point","coordinates":[408674.5,5655915.0]}},{"type":"Feature","properties":{"h":13.0,"d":7.0,"a":3,"l":"e","t":34},"geometry":{"type":"Point","coordinates":[408675.5,5654973.7]}},{"type":"Feature","properties":{"h":4.0,"d":2.0,"a":5,"l":"d","gn":17,"t":9},"geometry":{"type":"Point","coordinates":[408675.6,5654352.5]}},{"type":"Feature","properties":{"h":4.0,"d":1.0,"a":5,"l":"d","gn":17,"t":8},"geometry":{"type":"Point","coordinates":[408675.8,5654347.3]}},{"type":"Feature","properties":{"h":19.0,"d":10.0,"a":0,"l":"d","gn":3,"t":54},"geometry":{"type":"Point","coordinates":[408675.9,5655960.4]}},{"type":"Feature","properties":{"h":13.0,"d":5.0,"a":5,"l":"d","gn":8,"t":26},"geometry":{"type":"Point","coordinates":[408676.0,5654770.4]}},{"type":"Feature","properties":{"h":6.0,"d":2.5,"a":3,"l":"e","t":14},"geometry":{"type":"Point","coordinates":[408676.1,5654958.9]}},{"type":"Feature","properties":{"h":22.0,"d":13.0,"a":0,"l":"d","gn":3,"t":58},"geometry":{"type":"Point","coordinates":[408676.3,5654891.3]}},{"type":"Feature","properties":{"h":4.0,"d":2.0,"a":5,"l":"d","gn":8,"t":8},"geometry":{"type":"Point","coordinates":[408676.3,5654955.9]}},{"type":"Feature","properties":{"h":11.0,"d":7.0,"a":0,"l":"d","gn":6,"t":28},"geometry":{"type":"Point","coordinates":[408676.4,5654951.5]}},{"type":"Feature","properties":{"h":14.0,"d":9.0,"a":0,"l":"d","gn":6,"t":34},"geometry":{"type":"Point","coordinates":[408676.5,5654953.2]}},{"type":"Feature","properties":{"h":5.0,"d":2.0,"a":0,"l":"d","gn":3,"t":6},"geometry":{"type":"Point","coordinates":[408676.6,5654860.0]}},{"type":"Feature","properties":{"h":12.0,"d":7.0,"a":0,"l":"d","gn":9,"t":32},"geometry":{"type":"Point","coordinates":[408676.7,5654270.9]}},{"type":"Feature","properties":{"h":7.0,"d":5.0,"a":5,"l":"d","gn":12,"t":20},"geometry":{"type":"Point","coordinates":[408676.9,5654947.9]}},{"type":"Feature","properties":{"h":12.0,"d":8.0,"a":0,"l":"d","gn":1,"t":24},"geometry":{"type":"Point","coordinates":[408677.6,5655359.0]}},{"type":"Feature","properties":{"h":5.0,"d":5.0,"a":5,"l":"d","gn":12,"t":14},"geometry":{"type":"Point","coordinates":[408677.8,5654952.4]}},{"type":"Feature","properties":{"h":19.0,"d":10.0,"a":0,"l":"d","gn":3,"t":46},"geometry":{"type":"Point","coordinates":[408677.9,5655900.4]}},{"type":"Feature","properties":{"h":8.0,"d":11.0,"a":5,"l":"d","gn":8,"t":40},"geometry":{"type":"Point","coordinates":[408678.1,5654317.6]}},{"type":"Feature","properties":{"h":6.0,"d":4.0,"a":5,"l":"d","gn":8},"geometry":{"type":"Point","coordinates":[408678.8,5654752.9]}},{"type":"Feature","properties":{"h":16.0,"d":13.0,"a":0,"l":"d","gn":1,"t":47},"geometry":{"type":"Point","coordinates":[408679.0,5655352.9]}},{"type":"Feature","properties":{"h":20.0,"d":11.0,"a":0,"l":"d","gn":3,"t":48},"geometry":{"type":"Point","coordinates":[408679.1,5655946.1]}},{"type":"Feature","properties":{"h":13.0,"d":12.0,"a":5,"l":"d","gn":8,"t":22},"geometry":{"type":"Point","coordinates":[408680.2,5655342.2]}},{"type":"Feature","properties":{"h":20.0,"d":11.0,"a":0,"l":"d","gn":3,"t":53},"geometry":{"type":"Point","coordinates":[408681.0,5655886.5]}},{"type":"Feature","properties":{"h":14.0,"d":6.0,"a":5,"l":"d","gn":21,"t":38},"geometry":{"type":"Point","coordinates":[408681.2,5655325.8]}},{"type":"Feature","properties":{"h":8.0,"d":3.0,"a":0,"l":"d","gn":7,"t":26},"geometry":{"type":"Point","coordinates":[408682.0,5654445.0]}},{"type":"Feature","properties":{"h":7.0,"d":2.0,"a":1,"l":"d","gn":3,"t":9},"geometry":{"type":"Point","coordinates":[408682.5,5655932.3]}},{"type":"Feature","properties":{"h":6.0,"d":8.0,"a":5,"l":"d","gn":8,"t":23},"geometry":{"type":"Point","coordinates":[408682.6,5655321.3]}},{"type":"Feature","properties":{"h":19.0,"d":12.0,"a":0,"l":"d","gn":1,"t":47},"geometry":{"type":"Point","coordinates":[408684.4,5655344.1]}},{"type":"Feature","properties":{"h":9.0,"d":4.0,"a":0,"l":"d","gn":7,"t":24},"geometry":{"type":"Point","coordinates":[408684.7,5654409.4]}},{"type":"Feature","properties":{"h":6.0,"d":9.6,"a":5,"l":"d","gn":8,"t":55},"geometry":{"type":"Point","coordinates":[408685.0,5655296.5]}},{"type":"Feature","properties":{"h":5.0,"d":5.0,"a":5,"l":"d","c":1,"gn":8,"t":25},"geometry":{"type":"Point","coordinates":[408685.6,5655291.0]}},{"type":"Feature","properties":{"h":20.0,"d":9.0,"a":0,"l":"d","gn":3,"t":47},"geometry":{"type":"Point","coordinates":[408685.7,5655917.4]}},{"type":"Feature","properties":{"h":16.0,"d":9.0,"a":1,"l":"d","gn":16,"t":45},"geometry":{"type":"Point","coordinates":[408685.8,5654745.2]}},{"type":"Feature","properties":{"h":10.0,"d":7.0,"a":5,"l":"d","c":1,"gn":8,"t":21},"geometry":{"type":"Point","coordinates":[408686.0,5654748.5]}},{"type":"Feature","properties":{"h":10.0,"d":4.0,"a":2,"l":"d","gn":8,"t":21},"geometry":{"type":"Point","coordinates":[408686.2,5654757.3]}},{"type":"Feature","properties":{"h":6.0,"d":9.6,"a":5,"l":"d","gn":8,"t":17},"geometry":{"type":"Point","coordinates":[408686.3,5654747.3]}},{"type":"Feature","properties":{"h":7.0,"d":4.0,"a":0,"l":"d","gn":1,"t":13},"geometry":{"type":"Point","coordinates":[408686.3,5654988.5]}},{"type":"Feature","properties":{"h":7.0,"d":4.0,"a":2,"l":"d","gn":8,"t":14},"geometry":{"type":"Point","coordinates":[408686.4,5654750.6]}},{"type":"Feature","properties":{"h":12.0,"d":6.0,"a":5,"l":"d","gn":24,"t":30},"geometry":{"type":"Point","coordinates":[408686.5,5654732.5]}},{"type":"Feature","properties":{"h":9.0,"d":4.0,"a":2,"l":"d","gn":8,"t":16},"geometry":{"type":"Point","coordinates":[408686.8,5654755.2]}},{"type":"Feature","properties":{"h":18.0,"d":12.0,"a":0,"l":"d","gn":6,"t":33},"geometry":{"type":"Point","coordinates":[408687.1,5654734.6]}},{"type":"Feature","properties":{"h":4.0,"d":4.0,"a":0,"l":"d","gn":3,"t":10},"geometry":{"type":"Point","coordinates":[408687.2,5655276.7]}},{"type":"Feature","properties":{"h":10.0,"d":6.0,"a":5,"l":"d","c":1,"gn":8,"t":14},"geometry":{"type":"Point","coordinates":[408687.6,5654738.1]}},{"type":"Feature","properties":{"h":5.0,"d":2.0,"a":1,"l":"d","gn":11,"t":7},"geometry":{"type":"Point","coordinates":[408687.7,5655266.3]}},{"type":"Feature","properties":{"h":17.0,"d":13.0,"a":0,"l":"d","gn":6,"t":190},"geometry":{"type":"Point","coordinates":[408687.8,5654969.0]}},{"type":"Feature","properties":{"h":19.0,"d":9.0,"a":0,"l":"d","gn":3,"t":44},"geometry":{"type":"Point","coordinates":[408688.4,5655903.0]}},{"type":"Feature","properties":{"h":13.0,"d":7.0,"a":1,"l":"d","gn":2,"t":30},"geometry":{"type":"Point","coordinates":[408688.8,5655250.6]}},{"type":"Feature","properties":{"h":21.0,"d":12.0,"a":0,"l":"d","gn":3,"t":57},"geometry":{"type":"Point","coordinates":[408688.8,5655853.1]}},{"type":"Feature","properties":{"h":10.0,"d":5.0,"a":0,"l":"d","gn":7,"t":30},"geometry":{"type":"Point","coordinates":[408688.9,5654355.8]}},{"type":"Feature","properties":{"h":3.0,"d":0.8,"a":0,"l":"d","gn":7,"t":6},"geometry":{"type":"Point","coordinates":[408689.1,5654937.5]}},{"type":"Feature","properties":{"h":10.0,"d":4.0,"a":0,"l":"d","gn":7,"t":25},"geometry":{"type":"Point","coordinates":[408689.6,5654346.7]}},{"type":"Feature","properties":{"h":19.0,"d":12.0,"a":0,"l":"d","gn":7,"t":88},"geometry":{"type":"Point","coordinates":[408689.8,5654877.0]}},{"type":"Feature","properties":{"h":6.0,"d":4.0,"a":5,"l":"d","gn":21,"t":24},"geometry":{"type":"Point","coordinates":[408689.8,5655321.1]}},{"type":"Feature","properties":{"h":9.0,"d":4.0,"a":0,"l":"d","gn":7,"t":22},"geometry":{"type":"Point","coordinates":[408690.4,5654336.6]}},{"type":"Feature","properties":{"h":5.0,"d":3.0,"a":5,"l":"d","gn":21,"t":52},"geometry":{"type":"Point","coordinates":[408690.7,5655315.3]}},{"type":"Feature","properties":{"h":7.0,"d":2.0,"a":1,"l":"d","gn":3,"t":9},"geometry":{"type":"Point","coordinates":[408691.2,5655841.2]}},{"type":"Feature","properties":{"h":14.0,"d":14.0,"a":5,"l":"d","gn":21,"t":70},"geometry":{"type":"Point","coordinates":[408691.4,5654733.4]}},{"type":"Feature","properties":{"h":9.0,"d":6.0,"a":5,"l":"d","t":33},"geometry":{"type":"Point","coordinates":[408691.5,5654902.0]}},{"type":"Feature","properties":{"h":6.0,"d":2.0,"a":5,"l":"d","gn":12,"t":10},"geometry":{"type":"Point","coordinates":[408691.8,5654207.3]}},{"type":"Feature","properties":{"h":20.0,"d":11.0,"a":0,"l":"d","gn":3,"t":55},"geometry":{"type":"Point","coordinates":[408692.2,5655889.1]}},{"type":"Feature","properties":{"h":9.0,"d":5.0,"a":0,"l":"d","gn":7,"t":27},"geometry":{"type":"Point","coordinates":[408692.3,5654309.7]}},{"type":"Feature","properties":{"h":14.0,"d":7.0,"a":5,"l":"d","gn":8,"t":28},"geometry":{"type":"Point","coordinates":[408692.5,5654770.8]}},{"type":"Feature","properties":{"h":7.0,"d":8.0,"a":5,"l":"d","gn":12,"t":28},"geometry":{"type":"Point","coordinates":[408692.7,5655357.5]}},{"type":"Feature","properties":{"h":9.0,"d":4.0,"a":0,"l":"d","gn":7,"t":25},"geometry":{"type":"Point","coordinates":[408693.1,5654300.8]}},{"type":"Feature","properties":{"h":13.0,"d":3.0,"a":3,"l":"e","t":18},"geometry":{"type":"Point","coordinates":[408693.4,5654768.4]}},{"type":"Feature","properties":{"h":14.0,"d":3.0,"a":3,"l":"e","t":20},"geometry":{"type":"Point","coordinates":[408693.5,5654770.0]}},{"type":"Feature","properties":{"h":4.0,"d":3.0,"a":0,"l":"d","gn":3,"t":12},"geometry":{"type":"Point","coordinates":[408693.6,5654862.4]}},{"type":"Feature","properties":{"h":15.0,"d":8.0,"a":3,"l":"e","t":20},"geometry":{"type":"Point","coordinates":[408694.2,5654758.9]}},{"type":"Feature","properties":{"h":3.5,"d":2.0,"a":5,"l":"d","gn":8,"t":7},"geometry":{"type":"Point","coordinates":[408694.4,5654991.9]}},{"type":"Feature","properties":{"h":20.0,"d":12.0,"a":0,"l":"d","gn":3,"t":52},"geometry":{"type":"Point","coordinates":[408694.5,5655828.8]}},{"type":"Feature","properties":{"h":10.0,"d":5.0,"a":5,"l":"d","c":1,"gn":8,"t":13},"geometry":{"type":"Point","coordinates":[408695.9,5654736.6]}},{"type":"Feature","properties":{"h":18.0,"d":6.0,"a":5,"l":"d","gn":8,"t":22},"geometry":{"type":"Point","coordinates":[408695.9,5654734.0]}},{"type":"Feature","properties":{"h":9.0,"d":3.0,"a":1,"l":"d","gn":3,"t":11},"geometry":{"type":"Point","coordinates":[408697.4,5655814.0]}},{"type":"Feature","properties":{"h":5.0,"d":2.0,"a":1,"l":"d","gn":11,"t":7},"geometry":{"type":"Point","coordinates":[408697.7,5655251.4]}},{"type":"Feature","properties":{"h":4.0,"d":3.0,"a":5,"l":"d","gn":8,"t":6},"geometry":{"type":"Point","coordinates":[408697.9,5654886.1]}},{"type":"Feature","properties":{"h":22.0,"d":6.0,"a":3,"l":"e","t":53},"geometry":{"type":"Point","coordinates":[408697.9,5654901.5]}},{"type":"Feature","properties":{"h":8.0,"d":6.0,"a":0,"l":"d","gn":3,"t":13},"geometry":{"type":"Point","coordinates":[408698.1,5655130.1]}},{"type":"Feature","properties":{"h":5.0,"d":3.0,"a":0,"l":"d","gn":3,"t":9},"geometry":{"type":"Point","coordinates":[408698.8,5654868.6]}},{"type":"Feature","properties":{"h":10.0,"d":6.0,"a":0,"l":"d","gn":1,"t":18},"geometry":{"type":"Point","coordinates":[408699.3,5655134.2]}},{"type":"Feature","properties":{"h":18.0,"d":12.0,"a":1,"l":"d","gn":11,"t":55},"geometry":{"type":"Point","coordinates":[408699.8,5655020.7]}},{"type":"Feature","properties":{"h":20.0,"d":10.0,"a":0,"l":"d","gn":3,"t":55},"geometry":{"type":"Point","coordinates":[408700.1,5655855.1]}},{"type":"Feature","properties":{"h":20.0,"d":11.0,"a":0,"l":"d","gn":3,"t":54},"geometry":{"type":"Point","coordinates":[408700.2,5655804.4]}},{"type":"Feature","properties":{"h":11.0,"d":9.0,"a":1,"l":"d","gn":11,"t":25},"geometry":{"type":"Point","coordinates":[408701.5,5654972.0]}},{"type":"Feature","properties":{"h":20.0,"d":10.0,"a":0,"l":"d","gn":3,"t":53},"geometry":{"type":"Point","coordinates":[408702.6,5655843.1]}},{"type":"Feature","properties":{"h":9.0,"d":3.0,"a":1,"l":"d","gn":3,"t":11},"geometry":{"type":"Point","coordinates":[408703.3,5655788.8]}},{"type":"Feature","properties":{"h":10.0,"d":6.0,"a":0,"l":"d","gn":3,"t":17},"geometry":{"type":"Point","coordinates":[408704.0,5655072.5]}},{"type":"Feature","properties":{"h":8.0,"d":5.0,"a":1,"l":"d","gn":11,"t":15},"geometry":{"type":"Point","coordinates":[408704.9,5655134.3]}},{"type":"Feature","properties":{"h":21.0,"d":12.0,"a":0,"l":"d","gn":3,"t":52},"geometry":{"type":"Point","coordinates":[408705.5,5655831.3]}},{"type":"Feature","properties":{"h":20.0,"d":11.0,"a":0,"l":"d","gn":3,"t":65},"geometry":{"type":"Point","coordinates":[408705.8,5655779.8]}},{"type":"Feature","properties":{"h":35.0,"d":25.0,"a":0,"l":"d","gn":9,"t":105},"geometry":{"type":"Point","coordinates":[408706.2,5655118.9]}},{"type":"Feature","properties":{"h":5.0,"d":2.0,"a":0,"l":"d","gn":1,"t":10},"geometry":{"type":"Point","coordinates":[408707.8,5655251.5]}},{"type":"Feature","properties":{"h":21.0,"d":11.0,"a":0,"l":"d","gn":3,"t":50},"geometry":{"type":"Point","coordinates":[408708.3,5655818.7]}},{"type":"Feature","properties":{"h":21.0,"d":13.0,"a":0,"l":"d","gn":3,"t":61},"geometry":{"type":"Point","coordinates":[408711.2,5655807.1]}},{"type":"Feature","properties":{"h":12.0,"d":7.0,"a":0,"l":"d","c":1,"gn":1,"t":33},"geometry":{"type":"Point","coordinates":[408713.3,5654974.8]}},{"type":"Feature","properties":{"h":6.0,"d":1.0,"a":1,"l":"d","gn":15,"t":7},"geometry":{"type":"Point","coordinates":[408714.6,5655297.8]}},{"type":"Feature","properties":{"h":5.0,"d":1.0,"a":0,"l":"d","gn":15,"t":7},"geometry":{"type":"Point","coordinates":[408715.3,5655289.2]}},{"type":"Feature","properties":{"h":16.0,"d":7.0,"a":0,"l":"d","gn":3,"t":25},"geometry":{"type":"Point","coordinates":[408715.3,5655789.6]}},{"type":"Feature","properties":{"h":5.0,"d":1.0,"a":1,"l":"d","gn":15,"t":7},"geometry":{"type":"Point","coordinates":[408715.8,5655283.6]}},{"type":"Feature","properties":{"h":6.0,"d":7.0,"a":5,"l":"d","gn":8,"t":28},"geometry":{"type":"Point","coordinates":[408715.9,5655250.8]}},{"type":"Feature","properties":{"h":4.0,"d":1.0,"a":0,"l":"d","gn":15,"t":6},"geometry":{"type":"Point","coordinates":[408716.2,5655278.2]}},{"type":"Feature","properties":{"h":18.0,"d":10.0,"a":0,"l":"d","gn":3,"t":44},"geometry":{"type":"Point","coordinates":[408716.5,5655782.7]}},{"type":"Feature","properties":{"h":5.0,"d":1.0,"a":1,"l":"d","gn":15,"t":6},"geometry":{"type":"Point","coordinates":[408716.7,5655273.6]}},{"type":"Feature","properties":{"h":5.0,"d":1.0,"a":0,"l":"d","gn":15,"t":7},"geometry":{"type":"Point","coordinates":[408717.1,5655268.2]}},{"type":"Feature","properties":{"h":24.0,"d":12.0,"a":1,"l":"d","gn":11,"t":60},"geometry":{"type":"Point","coordinates":[408717.5,5655135.3]}},{"type":"Feature","properties":{"h":7.0,"d":3.0,"a":0,"l":"d","gn":1,"t":12},"geometry":{"type":"Point","coordinates":[408718.1,5655336.5]}},{"type":"Feature","properties":{"h":13.0,"d":5.0,"a":0,"l":"d","gn":3,"t":22},"geometry":{"type":"Point","coordinates":[408719.1,5655773.3]}},{"type":"Feature","properties":{"h":21.0,"d":12.0,"a":0,"l":"d","gn":3,"t":63},"geometry":{"type":"Point","coordinates":[408720.7,5655766.0]}},{"type":"Feature","properties":{"h":5.0,"d":2.0,"a":0,"l":"d","gn":3,"t":7},"geometry":{"type":"Point","coordinates":[408721.1,5654976.6]}},{"type":"Feature","properties":{"h":8.0,"d":3.0,"a":0,"l":"d","gn":9,"t":14},"geometry":{"type":"Point","coordinates":[408722.4,5655317.5]}},{"type":"Feature","properties":{"h":4.0,"d":1.0,"a":0,"l":"d","t":7},"geometry":{"type":"Point","coordinates":[408723.5,5655266.9]}},{"type":"Feature","properties":{"h":17.0,"d":17.0,"a":0,"l":"d","gn":1,"t":50},"geometry":{"type":"Point","coordinates":[408723.8,5655792.8]}},{"type":"Feature","properties":{"h":6.0,"d":5.0,"a":0,"l":"d","gn":7,"t":18},"geometry":{"type":"Point","coordinates":[408724.5,5654931.2]}},{"type":"Feature","properties":{"h":5.0,"d":1.0,"a":1,"l":"d","gn":11,"t":7},"geometry":{"type":"Point","coordinates":[408724.8,5655252.0]}},{"type":"Feature","properties":{"h":5.0,"d":5.0,"a":1,"l":"d","gn":11,"t":7},"geometry":{"type":"Point","coordinates":[408725.9,5655786.6]}},{"type":"Feature","properties":{"h":3.0,"d":1.0,"a":5,"l":"d","gn":17,"t":6},"geometry":{"type":"Point","coordinates":[408727.4,5654931.8]}},{"type":"Feature","properties":{"h":7.0,"d":4.0,"a":5,"l":"d","gn":24,"t":17},"geometry":{"type":"Point","coordinates":[408727.6,5655094.0]}},{"type":"Feature","properties":{"h":7.0,"d":5.0,"a":0,"l":"d","gn":7,"t":15},"geometry":{"type":"Point","coordinates":[408727.9,5654898.1]}},{"type":"Feature","properties":{"h":11.0,"d":7.0,"a":5,"l":"d","gn":24,"t":46},"geometry":{"type":"Point","coordinates":[408728.1,5655086.9]}},{"type":"Feature","properties":{"h":4.0,"d":4.0,"a":5,"l":"d","gn":17,"t":11},"geometry":{"type":"Point","coordinates":[408728.2,5654939.9]}},{"type":"Feature","properties":{"h":4.0,"d":4.0,"a":5,"l":"d","gn":12,"t":11},"geometry":{"type":"Point","coordinates":[408728.2,5655341.0]}},{"type":"Feature","properties":{"h":10.0,"d":7.0,"a":1,"l":"d","gn":11,"t":25},"geometry":{"type":"Point","coordinates":[408728.4,5655784.8]}},{"type":"Feature","properties":{"h":6.0,"d":6.0,"a":5,"l":"d","gn":12,"t":22},"geometry":{"type":"Point","coordinates":[408728.9,5655331.6]}},{"type":"Feature","properties":{"h":5.0,"d":3.0,"a":1,"l":"d","gn":29,"t":12},"geometry":{"type":"Point","coordinates":[408729.2,5654933.5]}},{"type":"Feature","properties":{"h":8.0,"d":6.0,"a":0,"l":"d","gn":1,"t":26},"geometry":{"type":"Point","coordinates":[408729.6,5655073.9]}},{"type":"Feature","properties":{"h":5.0,"d":7.0,"a":5,"l":"d","gn":12,"t":20},"geometry":{"type":"Point","coordinates":[408729.6,5655322.1]}},{"type":"Feature","properties":{"h":5.0,"d":1.0,"a":0,"l":"d","gn":1,"t":7},"geometry":{"type":"Point","coordinates":[408729.9,5655298.6]}},{"type":"Feature","properties":{"h":10.0,"d":6.0,"a":1,"l":"d","gn":11,"t":20},"geometry":{"type":"Point","coordinates":[408729.9,5655770.5]}},{"type":"Feature","properties":{"h":5.0,"d":2.0,"a":0,"l":"d","gn":3,"t":7},"geometry":{"type":"Point","coordinates":[408730.3,5654978.7]}},{"type":"Feature","properties":{"h":5.0,"d":1.0,"a":1,"l":"d","gn":6,"t":7},"geometry":{"type":"Point","coordinates":[408730.3,5655289.2]}},{"type":"Feature","properties":{"h":6.0,"d":6.0,"a":5,"l":"d","gn":12,"t":25},"geometry":{"type":"Point","coordinates":[408730.4,5655312.4]}},{"type":"Feature","properties":{"h":9.0,"d":3.0,"a":3,"l":"e","t":14},"geometry":{"type":"Point","coordinates":[408731.0,5655765.6]}},{"type":"Feature","properties":{"h":5.0,"d":1.0,"a":0,"l":"d","gn":1,"t":7},"geometry":{"type":"Point","coordinates":[408731.1,5655281.6]}},{"type":"Feature","properties":{"h":15.0,"d":8.0,"a":0,"l":"d","gn":21,"t":52},"geometry":{"type":"Point","coordinates":[408731.4,5655092.6]}},{"type":"Feature","properties":{"h":15.0,"d":5.0,"a":0,"l":"d","gn":21,"t":33},"geometry":{"type":"Point","coordinates":[408731.7,5655089.7]}},{"type":"Feature","properties":{"h":5.0,"d":1.0,"a":1,"l":"d","gn":6,"t":7},"geometry":{"type":"Point","coordinates":[408731.7,5655275.9]}},{"type":"Feature","properties":{"h":16.0,"d":9.0,"a":0,"l":"d","gn":21,"t":52},"geometry":{"type":"Point","coordinates":[408731.9,5655086.6]}},{"type":"Feature","properties":{"h":16.0,"d":8.0,"a":3,"l":"e","t":35},"geometry":{"type":"Point","coordinates":[408731.9,5655763.8]}},{"type":"Feature","properties":{"h":12.0,"d":8.0,"a":1,"l":"d","gn":11,"t":25},"geometry":{"type":"Point","coordinates":[408732.0,5655773.3]}},{"type":"Feature","properties":{"h":13.0,"d":8.0,"a":5,"l":"d","gn":24,"t":56},"geometry":{"type":"Point","coordinates":[408732.2,5655098.1]}},{"type":"Feature","properties":{"h":26.0,"d":23.0,"a":0,"l":"d","gn":1,"t":130},"geometry":{"type":"Point","coordinates":[408732.5,5655796.2]}},{"type":"Feature","properties":{"h":5.0,"d":1.0,"a":0,"l":"d","gn":1,"t":7},"geometry":{"type":"Point","coordinates":[408732.5,5655270.1]}},{"type":"Feature","properties":{"h":24.0,"d":12.0,"a":0,"l":"d","gn":7,"t":72},"geometry":{"type":"Point","coordinates":[408732.9,5655131.7]}},{"type":"Feature","properties":{"h":13.0,"d":11.0,"a":0,"l":"d","gn":6,"t":45},"geometry":{"type":"Point","coordinates":[408733.0,5654958.9]}},{"type":"Feature","properties":{"h":5.0,"d":4.0,"a":5,"l":"d","t":16},"geometry":{"type":"Point","coordinates":[408734.5,5654929.3]}},{"type":"Feature","properties":{"h":22.0,"d":24.0,"a":0,"l":"d","gn":5,"t":109},"geometry":{"type":"Point","coordinates":[408734.6,5655041.8]}},{"type":"Feature","properties":{"h":11.0,"d":5.0,"a":1,"l":"d","gn":16,"t":20},"geometry":{"type":"Point","coordinates":[408734.8,5654941.3]}},{"type":"Feature","properties":{"h":16.0,"d":8.0,"a":0,"l":"d","gn":3,"t":64},"geometry":{"type":"Point","coordinates":[408738.4,5655458.0]}},{"type":"Feature","properties":{"h":4.0,"d":1.0,"a":0,"l":"d","gn":3,"t":6},"geometry":{"type":"Point","coordinates":[408738.5,5654979.9]}},{"type":"Feature","properties":{"h":3.0,"d":1.0,"a":5,"l":"d","gn":17,"t":6},"geometry":{"type":"Point","coordinates":[408739.2,5655072.1]}},{"type":"Feature","properties":{"h":11.0,"d":6.4,"a":0,"l":"d","s":"osm"},"geometry":{"type":"Point","coordinates":[408739.2,5655463.3]}},{"type":"Feature","properties":{"h":8.0,"d":9.0,"a":5,"l":"d","c":1,"gn":8,"t":40},"geometry":{"type":"Point","coordinates":[408739.7,5655299.4]}},{"type":"Feature","properties":{"h":4.0,"d":2.0,"a":0,"l":"d","gn":1,"t":9},"geometry":{"type":"Point","coordinates":[408739.8,5655270.9]}},{"type":"Feature","properties":{"h":8.0,"d":5.0,"a":0,"l":"d","gn":3,"t":15},"geometry":{"type":"Point","coordinates":[408740.1,5654899.8]}},{"type":"Feature","properties":{"h":24.0,"d":10.0,"a":0,"l":"d","gn":3,"t":45},"geometry":{"type":"Point","coordinates":[408740.9,5655798.1]}},{"type":"Feature","properties":{"h":20.0,"d":13.0,"a":0,"l":"d","gn":1,"t":55},"geometry":{"type":"Point","coordinates":[408741.3,5655769.8]}},{"type":"Feature","properties":{"h":3.0,"d":2.0,"a":5,"l":"d","gn":8,"t":9},"geometry":{"type":"Point","coordinates":[408741.6,5654926.5]}},{"type":"Feature","properties":{"h":8.0,"d":3.0,"a":1,"l":"d","gn":15,"t":13},"geometry":{"type":"Point","coordinates":[408741.7,5655286.2]}},{"type":"Feature","properties":{"h":7.0,"d":4.0,"a":0,"l":"d","gn":4,"t":16},"geometry":{"type":"Point","coordinates":[408743.2,5654919.8]}},{"type":"Feature","properties":{"h":3.0,"d":2.0,"a":5,"l":"d","gn":17,"t":7},"geometry":{"type":"Point","coordinates":[408743.8,5655072.8]}},{"type":"Feature","properties":{"h":3.0,"d":0.8,"a":1,"l":"d","gn":18,"t":5},"geometry":{"type":"Point","coordinates":[408744.4,5654935.3]}},{"type":"Feature","properties":{"h":16.0,"d":8.0,"a":0,"l":"d","gn":6,"t":48},"geometry":{"type":"Point","coordinates":[408744.7,5654935.0]}},{"type":"Feature","properties":{"h":7.0,"d":4.0,"a":0,"l":"d","gn":7,"t":14},"geometry":{"type":"Point","coordinates":[408744.7,5654897.5]}},{"type":"Feature","properties":{"h":12.0,"d":5.0,"a":3,"l":"e","t":118},"geometry":{"type":"Point","coordinates":[408745.1,5655066.3]}},{"type":"Feature","properties":{"h":12.0,"d":8.0,"a":0,"l":"d","gn":3,"t":43},"geometry":{"type":"Point","coordinates":[408746.3,5654981.7]}},{"type":"Feature","properties":{"h":6.0,"d":4.0,"a":1,"l":"d","gn":2,"t":16},"geometry":{"type":"Point","coordinates":[408746.6,5655057.2]}},{"type":"Feature","properties":{"h":4.0,"d":3.0,"a":5,"l":"d","gn":17,"t":16},"geometry":{"type":"Point","coordinates":[408747.0,5655075.4]}},{"type":"Feature","properties":{"h":19.0,"d":12.0,"a":0,"l":"d","gn":3,"t":70},"geometry":{"type":"Point","coordinates":[408747.9,5655997.8]}},{"type":"Feature","properties":{"h":5.0,"d":4.0,"a":0,"l":"d","gn":1,"t":13},"geometry":{"type":"Point","coordinates":[408748.1,5655298.3]}},{"type":"Feature","properties":{"h":6.0,"d":4.0,"a":0,"l":"d","gn":1,"t":12},"geometry":{"type":"Point","coordinates":[408748.1,5654972.0]}},{"type":"Feature","properties":{"h":18.0,"d":14.0,"a":0,"l":"d","gn":1,"t":53},"geometry":{"type":"Point","coordinates":[408748.7,5654901.4]}},{"type":"Feature","properties":{"h":5.0,"d":2.0,"a":0,"l":"d","gn":3,"t":9},"geometry":{"type":"Point","coordinates":[408748.8,5654996.6]}},{"type":"Feature","properties":{"h":5.0,"d":2.0,"a":1,"l":"d","gn":11,"t":6},"geometry":{"type":"Point","coordinates":[408749.0,5655280.8]}},{"type":"Feature","properties":{"h":4.0,"d":4.0,"a":5,"l":"d","c":1,"gn":8,"t":13},"geometry":{"type":"Point","coordinates":[408749.2,5655271.0]}},{"type":"Feature","properties":{"h":14.0,"d":10.0,"a":0,"l":"d","gn":1,"t":37},"geometry":{"type":"Point","coordinates":[408749.3,5654918.7]}},{"type":"Feature","properties":{"h":13.0,"d":8.0,"a":0,"l":"d","gn":1,"t":33},"geometry":{"type":"Point","coordinates":[408750.3,5655254.5]}},{"type":"Feature","properties":{"h":5.0,"d":4.0,"a":3,"l":"e","t":23},"geometry":{"type":"Point","coordinates":[408750.4,5654954.8]}},{"type":"Feature","properties":{"h":10.0,"d":9.0,"a":5,"l":"d","gn":8,"t":40},"geometry":{"type":"Point","coordinates":[408751.1,5655794.7]}},{"type":"Feature","properties":{"h":5.0,"d":4.0,"a":5,"l":"d","gn":17,"t":16},"geometry":{"type":"Point","coordinates":[408751.7,5655074.0]}},{"type":"Feature","properties":{"h":4.0,"d":1.0,"a":1,"l":"d","gn":11,"t":6},"geometry":{"type":"Point","coordinates":[408752.0,5654983.5]}},{"type":"Feature","properties":{"h":6.0,"d":2.0,"a":1,"l":"d","gn":11,"t":9},"geometry":{"type":"Point","coordinates":[408753.0,5655038.9]}},{"type":"Feature","properties":{"h":5.0,"d":3.0,"a":1,"l":"d","gn":11,"t":10},"geometry":{"type":"Point","coordinates":[408753.1,5655295.0]}},{"type":"Feature","properties":{"h":2.5,"d":3.0,"a":3,"l":"e"},"geometry":{"type":"Point","coordinates":[408753.2,5654961.8]}},{"type":"Feature","properties":{"h":14.0,"d":6.0,"a":0,"l":"d","gn":3,"t":50},"geometry":{"type":"Point","coordinates":[408753.7,5655464.2]}},{"type":"Feature","properties":{"h":17.0,"d":14.0,"a":0,"l":"d","gn":1,"t":48},"geometry":{"type":"Point","coordinates":[408753.9,5654900.5]}},{"type":"Feature","properties":{"h":17.0,"d":5.0,"a":3,"l":"e","t":30},"geometry":{"type":"Point","coordinates":[408754.0,5655795.6]}},{"type":"Feature","properties":{"h":7.0,"d":5.0,"a":3,"l":"e","t":22},"geometry":{"type":"Point","coordinates":[408754.1,5654929.2]}},{"type":"Feature","properties":{"h":7.0,"d":6.0,"a":0,"l":"d","gn":1,"t":14},"geometry":{"type":"Point","coordinates":[408754.1,5654972.5]}},{"type":"Feature","properties":{"h":16.0,"d":9.0,"a":0,"l":"d","gn":3,"t":53},"geometry":{"type":"Point","coordinates":[408754.1,5655460.2]}},{"type":"Feature","properties":{"h":15.0,"d":4.0,"a":3,"l":"e","t":25},"geometry":{"type":"Point","coordinates":[408754.6,5655791.5]}},{"type":"Feature","properties":{"h":15.0,"d":8.0,"a":3,"l":"e","t":35},"geometry":{"type":"Point","coordinates":[408754.7,5655789.9]}},{"type":"Feature","properties":{"h":12.0,"d":3.0,"a":3,"l":"e","t":20},"geometry":{"type":"Point","coordinates":[408755.6,5655792.8]}},{"type":"Feature","properties":{"h":23.0,"d":13.0,"a":0,"l":"d","gn":3,"t":50},"geometry":{"type":"Point","coordinates":[408755.9,5655775.4]}},{"type":"Feature","properties":{"h":7.0,"d":3.0,"a":1,"l":"d","gn":11,"t":14},"geometry":{"type":"Point","coordinates":[408757.5,5655040.0]}},{"type":"Feature","properties":{"h":16.0,"d":13.0,"a":0,"l":"d","gn":1,"t":55},"geometry":{"type":"Point","coordinates":[408758.1,5654916.1]}},{"type":"Feature","properties":{"h":14.0,"d":14.0,"a":1,"l":"d","gn":11,"t":40},"geometry":{"type":"Point","coordinates":[408758.3,5655113.5]}},{"type":"Feature","properties":{"h":16.0,"d":9.0,"a":0,"l":"d","gn":1,"t":49},"geometry":{"type":"Point","coordinates":[408758.7,5654905.7]}},{"type":"Feature","properties":{"h":10.0,"d":4.0,"a":1,"l":"d","gn":16,"t":14},"geometry":{"type":"Point","coordinates":[408759.5,5654899.3]}},{"type":"Feature","properties":{"h":5.0,"d":5.0,"a":3,"l":"e","t":19},"geometry":{"type":"Point","coordinates":[408759.8,5654941.0]}},{"type":"Feature","properties":{"h":6.0,"d":3.0,"a":0,"l":"d","gn":1,"t":11},"geometry":{"type":"Point","coordinates":[408759.9,5655289.5]}},{"type":"Feature","properties":{"h":6.0,"d":5.0,"a":3,"l":"e","t":26},"geometry":{"type":"Point","coordinates":[408761.7,5654947.1]}},{"type":"Feature","properties":{"h":7.0,"d":7.0,"a":0,"l":"d","gn":26,"t":30},"geometry":{"type":"Point","coordinates":[408762.0,5655074.0]}},{"type":"Feature","properties":{"h":11.0,"d":8.0,"a":1,"l":"d","gn":2,"t":19},"geometry":{"type":"Point","coordinates":[408762.2,5655052.6]}},{"type":"Feature","properties":{"h":5.0,"d":4.0,"a":5,"l":"d","c":1,"gn":8,"t":11},"geometry":{"type":"Point","coordinates":[408762.6,5655295.9]}},{"type":"Feature","properties":{"h":2.0,"d":3.0,"a":3,"l":"e"},"geometry":{"type":"Point","coordinates":[408763.5,5654961.3]}},{"type":"Feature","properties":{"h":15.0,"d":12.0,"a":0,"l":"d","gn":1,"t":48},"geometry":{"type":"Point","coordinates":[408763.8,5655113.8]}},{"type":"Feature","properties":{"h":4.0,"d":2.0,"a":1,"l":"d","gn":11,"t":7},"geometry":{"type":"Point","coordinates":[408765.0,5655040.4]}},{"type":"Feature","properties":{"h":14.0,"d":12.0,"a":0,"l":"d","gn":6,"t":30},"geometry":{"type":"Point","coordinates":[408765.5,5655113.8]}},{"type":"Feature","properties":{"h":9.0,"d":3.0,"a":1,"l":"d","gn":16,"t":18},"geometry":{"type":"Point","coordinates":[408765.6,5654899.2]}},{"type":"Feature","properties":{"h":7.0,"d":5.0,"a":3,"l":"e","t":20},"geometry":{"type":"Point","coordinates":[408766.7,5654959.4]}},{"type":"Feature","properties":{"h":17.0,"d":9.0,"a":0,"l":"d","gn":3,"t":55},"geometry":{"type":"Point","coordinates":[408766.7,5655450.1]}},{"type":"Feature","properties":{"h":5.0,"d":7.0,"a":1,"l":"d","gn":11,"t":11},"geometry":{"type":"Point","coordinates":[408767.0,5655072.4]}},{"type":"Feature","properties":{"h":12.0,"d":5.0,"a":1,"l":"d","gn":16,"t":19},"geometry":{"type":"Point","coordinates":[408767.0,5654907.0]}},{"type":"Feature","properties":{"h":12.0,"d":7.0,"a":3,"l":"e","t":35},"geometry":{"type":"Point","coordinates":[408767.9,5655801.7]}},{"type":"Feature","properties":{"h":4.0,"d":1.0,"a":1,"l":"d","gn":11,"t":6},"geometry":{"type":"Point","coordinates":[408768.5,5654987.1]}},{"type":"Feature","properties":{"h":10.0,"d":7.0,"a":1,"l":"d","c":2,"gn":16,"t":15},"geometry":{"type":"Point","coordinates":[408768.8,5654912.7]}},{"type":"Feature","properties":{"h":8.0,"d":3.0,"a":1,"l":"d","gn":3,"t":10},"geometry":{"type":"Point","coordinates":[408768.8,5655413.6]}},{"type":"Feature","properties":{"h":8.0,"d":3.0,"a":1,"l":"d","gn":3,"t":11},"geometry":{"type":"Point","coordinates":[408769.5,5655407.0]}},{"type":"Feature","properties":{"h":8.0,"d":3.0,"a":1,"l":"d","gn":3,"t":10},"geometry":{"type":"Point","coordinates":[408770.6,5655392.1]}},{"type":"Feature","properties":{"h":21.0,"d":8.0,"a":0,"l":"d","gn":3,"t":84},"geometry":{"type":"Point","coordinates":[408771.4,5655383.5]}},{"type":"Feature","properties":{"h":9.0,"d":5.0,"a":3,"l":"e","t":24},"geometry":{"type":"Point","coordinates":[408771.5,5654923.6]}},{"type":"Feature","properties":{"h":8.0,"d":3.0,"a":1,"l":"d","gn":3,"t":10},"geometry":{"type":"Point","coordinates":[408771.6,5655375.3]}},{"type":"Feature","properties":{"h":5.0,"d":5.0,"a":5,"l":"d","gn":17,"t":18},"geometry":{"type":"Point","coordinates":[408771.8,5655071.7]}},{"type":"Feature","properties":{"h":10.0,"d":6.0,"a":1,"l":"d","gn":16,"t":17},"geometry":{"type":"Point","coordinates":[408772.2,5654901.3]}},{"type":"Feature","properties":{"h":16.0,"d":10.0,"a":0,"l":"d","gn":6,"t":50},"geometry":{"type":"Point","coordinates":[408772.6,5654970.8]}},{"type":"Feature","properties":{"h":5.0,"d":4.0,"a":5,"l":"d","gn":8,"t":18},"geometry":{"type":"Point","coordinates":[408772.7,5655054.5]}},{"type":"Feature","properties":{"h":6.0,"d":2.5,"a":5,"l":"d","gn":8,"t":13},"geometry":{"type":"Point","coordinates":[408773.5,5655044.1]}},{"type":"Feature","properties":{"h":10.0,"d":4.0,"a":1,"l":"d","gn":16,"t":17},"geometry":{"type":"Point","coordinates":[408773.9,5654906.0]}},{"type":"Feature","properties":{"h":16.0,"d":10.0,"a":0,"l":"d","gn":3,"t":82},"geometry":{"type":"Point","coordinates":[408774.1,5655348.3]}},{"type":"Feature","properties":{"h":8.0,"d":2.0,"a":1,"l":"d","gn":3,"t":10},"geometry":{"type":"Point","coordinates":[408774.6,5655337.7]}},{"type":"Feature","properties":{"h":11.0,"d":7.0,"a":0,"l":"d","gn":3,"t":42},"geometry":{"type":"Point","coordinates":[408775.2,5655332.3]}},{"type":"Feature","properties":{"h":5.0,"d":6.0,"a":5,"l":"d","gn":8,"t":30},"geometry":{"type":"Point","coordinates":[408775.7,5655790.1]}},{"type":"Feature","properties":{"h":8.0,"d":4.0,"a":1,"l":"d","gn":3,"t":15},"geometry":{"type":"Point","coordinates":[408775.7,5655438.7]}},{"type":"Feature","properties":{"h":8.0,"d":4.0,"a":1,"l":"d","gn":3,"t":14},"geometry":{"type":"Point","coordinates":[408776.2,5655432.0]}},{"type":"Feature","properties":{"h":17.0,"d":7.0,"a":0,"l":"d","gn":3,"t":32},"geometry":{"type":"Point","coordinates":[408776.5,5655317.0]}},{"type":"Feature","properties":{"h":8.0,"d":4.0,"a":1,"l":"d","gn":3,"t":13},"geometry":{"type":"Point","coordinates":[408776.7,5655425.2]}},{"type":"Feature","properties":{"h":10.0,"d":5.0,"a":1,"l":"d","gn":30,"t":25},"geometry":{"type":"Point","coordinates":[408777.0,5654108.1]}},{"type":"Feature","properties":{"h":24.0,"d":20.0,"a":0,"l":"d","gn":9,"t":140},"geometry":{"type":"Point","coordinates":[408777.0,5655780.1]}},{"type":"Feature","properties":{"h":10.0,"d":4.0,"a":1,"l":"d","gn":30,"t":26},"geometry":{"type":"Point","coordinates":[408778.0,5654114.0]}},{"type":"Feature","properties":{"h":8.0,"d":4.0,"a":1,"l":"d","gn":3,"t":14},"geometry":{"type":"Point","coordinates":[408778.2,5655406.7]}},{"type":"Feature","properties":{"h":24.0,"d":10.0,"a":0,"l":"d","gn":3,"t":103},"geometry":{"type":"Point","coordinates":[408778.6,5655285.2]}},{"type":"Feature","properties":{"h":8.0,"d":4.0,"a":1,"l":"d","gn":3,"t":13},"geometry":{"type":"Point","coordinates":[408778.7,5655400.3]}},{"type":"Feature","properties":{"h":11.0,"d":5.0,"a":1,"l":"d","gn":30,"t":27},"geometry":{"type":"Point","coordinates":[408779.3,5654120.8]}},{"type":"Feature","properties":{"h":8.0,"d":3.0,"a":1,"l":"d","gn":3,"t":10},"geometry":{"type":"Point","coordinates":[408779.6,5655268.4]}},{"type":"Feature","properties":{"h":8.0,"d":4.0,"a":1,"l":"d","gn":3,"t":12},"geometry":{"type":"Point","coordinates":[408779.6,5655387.4]}},{"type":"Feature","properties":{"h":8.0,"d":4.0,"a":1,"l":"d","gn":3,"t":13},"geometry":{"type":"Point","coordinates":[408780.0,5655381.6]}},{"type":"Feature","properties":{"h":15.0,"d":7.0,"a":3,"l":"e","t":37},"geometry":{"type":"Point","coordinates":[408780.4,5655049.8]}},{"type":"Feature","properties":{"h":5.0,"d":2.5,"a":1,"l":"d","gn":11,"t":12},"geometry":{"type":"Point","coordinates":[408780.5,5655041.0]}},{"type":"Feature","properties":{"h":7.0,"d":2.0,"a":1,"l":"d","gn":3,"t":9},"geometry":{"type":"Point","coordinates":[408780.5,5655256.9]}},{"type":"Feature","properties":{"h":11.0,"d":4.0,"a":1,"l":"d","gn":30,"t":28},"geometry":{"type":"Point","coordinates":[408780.7,5654127.9]}},{"type":"Feature","properties":{"h":21.0,"d":16.0,"a":0,"l":"d","gn":1,"t":55},"geometry":{"type":"Point","coordinates":[408780.9,5655806.6]}},{"type":"Feature","properties":{"h":8.0,"d":4.0,"a":1,"l":"d","gn":3,"t":15},"geometry":{"type":"Point","coordinates":[408781.3,5655365.0]}},{"type":"Feature","properties":{"h":8.0,"d":4.0,"a":1,"l":"d","gn":3,"t":10},"geometry":{"type":"Point","coordinates":[408781.7,5655238.0]}},{"type":"Feature","properties":{"h":8.0,"d":4.0,"a":1,"l":"d","gn":3,"t":14},"geometry":{"type":"Point","coordinates":[408781.8,5655357.7]}},{"type":"Feature","properties":{"h":12.0,"d":9.0,"a":0,"l":"d","gn":1,"t":44},"geometry":{"type":"Point","coordinates":[408782.0,5655070.6]}},{"type":"Feature","properties":{"h":7.0,"d":3.0,"a":1,"l":"d","gn":3,"t":11},"geometry":{"type":"Point","coordinates":[408782.3,5655351.6]}},{"type":"Feature","properties":{"h":27.0,"d":14.0,"a":0,"l":"d","gn":3,"t":109},"geometry":{"type":"Point","coordinates":[408782.5,5655231.9]}},{"type":"Feature","properties":{"h":12.0,"d":5.0,"a":1,"l":"d","gn":30,"t":29},"geometry":{"type":"Point","coordinates":[408782.5,5654134.6]}},{"type":"Feature","properties":{"h":7.0,"d":4.0,"a":1,"l":"d","gn":3,"t":12},"geometry":{"type":"Point","coordinates":[408782.8,5655223.3]}},{"type":"Feature","properties":{"h":6.0,"d":3.0,"a":0,"l":"d","gn":1,"t":10},"geometry":{"type":"Point","coordinates":[408783.2,5654974.1]}},{"type":"Feature","properties":{"h":8.0,"d":3.0,"a":1,"l":"d","gn":3,"t":11},"geometry":{"type":"Point","coordinates":[408783.2,5655216.8]}},{"type":"Feature","properties":{"h":13.0,"d":14.0,"a":0,"l":"d","gn":1,"t":49},"geometry":{"type":"Point","coordinates":[408783.3,5655056.6]}},{"type":"Feature","properties":{"h":3.0,"d":1.0,"a":5,"l":"d","gn":28,"t":4},"geometry":{"type":"Point","coordinates":[408784.1,5655085.1]}},{"type":"Feature","properties":{"h":5.0,"d":3.0,"a":5,"l":"d","gn":8,"t":13},"geometry":{"type":"Point","coordinates":[408784.2,5655087.8]}},{"type":"Feature","properties":{"h":4.0,"d":2.5,"a":5,"l":"d","gn":8,"t":9},"geometry":{"type":"Point","coordinates":[408784.4,5655082.2]}},{"type":"Feature","properties":{"h":11.0,"d":6.0,"a":0,"l":"d","gn":1,"t":41},"geometry":{"type":"Point","coordinates":[408784.5,5655115.2]}},{"type":"Feature","properties":{"h":11.0,"d":4.0,"a":1,"l":"d","gn":30,"t":24},"geometry":{"type":"Point","coordinates":[408784.5,5654141.3]}},{"type":"Feature","properties":{"h":11.0,"d":14.0,"a":0,"l":"d","gn":21,"t":40},"geometry":{"type":"Point","coordinates":[408784.7,5655071.6]}},{"type":"Feature","properties":{"h":27.0,"d":16.0,"a":0,"l":"d","gn":3,"t":128},"geometry":{"type":"Point","coordinates":[408784.8,5655204.7]}},{"type":"Feature","properties":{"h":16.0,"d":9.0,"a":0,"l":"d","gn":3,"t":53},"geometry":{"type":"Point","coordinates":[408785.1,5655313.1]}},{"type":"Feature","properties":{"h":4.0,"d":2.0,"a":0,"l":"d","gn":32,"t":9},"geometry":{"type":"Point","coordinates":[408785.1,5655091.8]}},{"type":"Feature","properties":{"h":12.0,"d":4.0,"a":1,"l":"d","gn":30,"t":25},"geometry":{"type":"Point","coordinates":[408785.1,5654101.7]}},{"type":"Feature","properties":{"h":11.0,"d":12.0,"a":0,"l":"d","gn":21,"t":36},"geometry":{"type":"Point","coordinates":[408785.4,5655072.7]}},{"type":"Feature","properties":{"h":22.0,"d":9.0,"a":0,"l":"d","gn":3,"t":75},"geometry":{"type":"Point","coordinates":[408785.8,5655189.1]}},{"type":"Feature","properties":{"h":8.0,"d":4.0,"a":1,"l":"d","gn":3,"t":12},"geometry":{"type":"Point","coordinates":[408785.8,5655301.7]}},{"type":"Feature","properties":{"h":10.0,"d":8.0,"a":0,"l":"d","gn":21,"t":66},"geometry":{"type":"Point","coordinates":[408786.2,5655056.2]}},{"type":"Feature","properties":{"h":12.0,"d":4.0,"a":1,"l":"d","gn":30,"t":26},"geometry":{"type":"Point","coordinates":[408786.4,5654110.5]}},{"type":"Feature","properties":{"h":10.0,"d":11.0,"a":0,"l":"d","gn":21,"t":53},"geometry":{"type":"Point","coordinates":[408786.7,5655072.6]}},{"type":"Feature","properties":{"h":11.0,"d":4.0,"a":1,"l":"d","gn":30,"t":25},"geometry":{"type":"Point","coordinates":[408786.8,5654148.0]}},{"type":"Feature","properties":{"h":8.0,"d":4.0,"a":1,"l":"d","gn":3,"t":12},"geometry":{"type":"Point","coordinates":[408786.9,5655286.2]}},{"type":"Feature","properties":{"h":19.0,"d":12.0,"a":0,"l":"d","gn":3,"t":59},"geometry":{"type":"Point","coordinates":[408787.1,5655020.8]}},{"type":"Feature","properties":{"h":25.0,"d":14.0,"a":0,"l":"d","gn":3,"t":98},"geometry":{"type":"Point","coordinates":[408787.1,5655173.2]}},{"type":"Feature","properties":{"h":9.0,"d":7.0,"a":1,"l":"d","gn":2,"t":24},"geometry":{"type":"Point","coordinates":[408787.2,5655101.7]}},{"type":"Feature","properties":{"h":23.0,"d":12.0,"a":0,"l":"d","gn":3,"t":78},"geometry":{"type":"Point","coordinates":[408787.6,5655279.3]}},{"type":"Feature","properties":{"h":9.0,"d":9.0,"a":0,"l":"d","gn":21,"t":59},"geometry":{"type":"Point","coordinates":[408787.8,5655073.8]}},{"type":"Feature","properties":{"h":12.0,"d":4.0,"a":1,"l":"d","gn":30,"t":26},"geometry":{"type":"Point","coordinates":[408788.0,5654119.4]}},{"type":"Feature","properties":{"h":18.0,"d":12.0,"a":0,"l":"d","gn":3,"t":53},"geometry":{"type":"Point","coordinates":[408788.2,5655006.6]}},{"type":"Feature","properties":{"h":3.0,"d":4.0,"a":0,"l":"d","gn":15,"t":15},"geometry":{"type":"Point","coordinates":[408788.3,5655084.4]}},{"type":"Feature","properties":{"h":24.0,"d":19.0,"a":0,"l":"d","gn":1,"t":90},"geometry":{"type":"Point","coordinates":[408788.5,5655809.1]}},{"type":"Feature","properties":{"h":26.0,"d":16.0,"a":0,"l":"d","gn":3,"t":98},"geometry":{"type":"Point","coordinates":[408788.6,5655263.8]}},{"type":"Feature","properties":{"h":11.0,"d":10.0,"a":0,"l":"d","gn":21,"t":32},"geometry":{"type":"Point","coordinates":[408788.6,5655075.0]}},{"type":"Feature","properties":{"h":15.0,"d":6.0,"a":0,"l":"d","gn":1,"t":30},"geometry":{"type":"Point","coordinates":[408788.9,5655068.7]}},{"type":"Feature","properties":{"h":7.0,"d":3.0,"a":1,"l":"d","gn":3,"t":10},"geometry":{"type":"Point","coordinates":[408789.1,5655257.6]}},{"type":"Feature","properties":{"h":11.0,"d":4.0,"a":1,"l":"d","gn":30,"t":27},"geometry":{"type":"Point","coordinates":[408789.2,5654154.4]}},{"type":"Feature","properties":{"h":6.0,"d":9.0,"a":0,"l":"d","gn":4},"geometry":{"type":"Point","coordinates":[408789.2,5655037.9]}},{"type":"Feature","properties":{"h":6.0,"d":3.0,"a":0,"l":"d","gn":1,"t":9},"geometry":{"type":"Point","coordinates":[408789.2,5654974.7]}},{"type":"Feature","properties":{"h":10.0,"d":8.0,"a":0,"l":"d","gn":21,"t":34},"geometry":{"type":"Point","coordinates":[408789.3,5655055.4]}},{"type":"Feature","properties":{"h":7.0,"d":8.0,"a":0,"l":"d","gn":14,"t":30},"geometry":{"type":"Point","coordinates":[408789.6,5655788.0]}},{"type":"Feature","properties":{"h":10.0,"d":4.0,"a":1,"l":"d","gn":30,"t":19},"geometry":{"type":"Point","coordinates":[408790.0,5654128.0]}},{"type":"Feature","properties":{"h":10.0,"d":12.0,"a":0,"l":"d","gn":6,"t":35},"geometry":{"type":"Point","coordinates":[408790.1,5655782.0]}},{"type":"Feature","properties":{"h":8.0,"d":4.0,"a":1,"l":"d","gn":3,"t":15},"geometry":{"type":"Point","coordinates":[408790.1,5655251.0]}},{"type":"Feature","properties":{"h":8.0,"d":4.0,"a":1,"l":"d","gn":3,"t":14},"geometry":{"type":"Point","coordinates":[408790.2,5655244.6]}},{"type":"Feature","properties":{"h":8.0,"d":3.0,"a":1,"l":"d","gn":3,"t":12},"geometry":{"type":"Point","coordinates":[408790.3,5655122.9]}},{"type":"Feature","properties":{"h":15.0,"d":8.0,"a":0,"l":"d","gn":10,"t":52},"geometry":{"type":"Point","coordinates":[408790.3,5655047.7]}},{"type":"Feature","properties":{"h":8.0,"d":4.0,"a":1,"l":"d","gn":3,"t":13},"geometry":{"type":"Point","coordinates":[408790.6,5655238.1]}},{"type":"Feature","properties":{"h":8.0,"d":3.0,"a":1,"l":"d","gn":3,"t":11},"geometry":{"type":"Point","coordinates":[408790.6,5655116.3]}},{"type":"Feature","properties":{"h":10.0,"d":9.0,"a":0,"l":"d","gn":21,"t":25},"geometry":{"type":"Point","coordinates":[408790.9,5655054.5]}},{"type":"Feature","properties":{"h":8.0,"d":4.0,"a":1,"l":"d","gn":3,"t":14},"geometry":{"type":"Point","coordinates":[408792.0,5655218.9]}},{"type":"Feature","properties":{"h":8.0,"d":4.0,"a":1,"l":"d","gn":3,"t":13},"geometry":{"type":"Point","coordinates":[408792.7,5655212.2]}},{"type":"Feature","properties":{"h":8.0,"d":4.0,"a":1,"l":"d","gn":3,"t":12},"geometry":{"type":"Point","coordinates":[408792.9,5655205.5]}},{"type":"Feature","properties":{"h":7.0,"d":2.0,"a":1,"l":"d","gn":3,"t":9},"geometry":{"type":"Point","coordinates":[408793.0,5655084.1]}},{"type":"Feature","properties":{"h":11.0,"d":4.0,"a":1,"l":"d","gn":30,"t":26},"geometry":{"type":"Point","coordinates":[408793.7,5654141.5]}},{"type":"Feature","properties":{"h":8.0,"d":4.0,"a":1,"l":"d","gn":3,"t":14},"geometry":{"type":"Point","coordinates":[408794.1,5655190.0]}},{"type":"Feature","properties":{"h":8.0,"d":4.0,"a":1,"l":"d","gn":3,"t":13},"geometry":{"type":"Point","coordinates":[408794.7,5655181.7]}},{"type":"Feature","properties":{"h":5.0,"d":3.0,"a":5,"l":"d","gn":8,"t":11},"geometry":{"type":"Point","coordinates":[408794.7,5655001.3]}},{"type":"Feature","properties":{"h":7.0,"d":5.0,"a":0,"l":"d","gn":1,"t":11},"geometry":{"type":"Point","coordinates":[408794.8,5654975.3]}},{"type":"Feature","properties":{"h":25.0,"d":13.0,"a":0,"l":"d","gn":3,"t":55},"geometry":{"type":"Point","coordinates":[408795.0,5655811.9]}},{"type":"Feature","properties":{"h":14.0,"d":9.0,"a":1,"l":"d","gn":3,"t":28},"geometry":{"type":"Point","coordinates":[408795.5,5655337.6]}},{"type":"Feature","properties":{"h":14.0,"d":9.0,"a":1,"l":"d","gn":3,"t":30},"geometry":{"type":"Point","coordinates":[408795.9,5655328.4]}},{"type":"Feature","properties":{"h":8.0,"d":3.0,"a":1,"l":"d","gn":3,"t":10},"geometry":{"type":"Point","coordinates":[408795.9,5655046.2]}},{"type":"Feature","properties":{"h":11.0,"d":4.0,"a":1,"l":"d","gn":30,"t":25},"geometry":{"type":"Point","coordinates":[408796.1,5654148.4]}},{"type":"Feature","properties":{"h":8.0,"d":3.0,"a":1,"l":"d","gn":3,"t":11},"geometry":{"type":"Point","coordinates":[408796.8,5655031.9]}},{"type":"Feature","properties":{"h":24.0,"d":10.0,"a":0,"l":"d","gn":3,"t":35},"geometry":{"type":"Point","coordinates":[408797.5,5655809.1]}},{"type":"Feature","properties":{"h":8.0,"d":4.0,"a":1,"l":"d","gn":3,"t":12},"geometry":{"type":"Point","coordinates":[408798.0,5655135.7]}},{"type":"Feature","properties":{"h":8.0,"d":4.0,"a":1,"l":"d","gn":3,"t":13},"geometry":{"type":"Point","coordinates":[408798.6,5655128.4]}},{"type":"Feature","properties":{"h":11.0,"d":4.0,"a":1,"l":"d","gn":30,"t":25},"geometry":{"type":"Point","coordinates":[408798.6,5654073.4]}},{"type":"Feature","properties":{"h":8.0,"d":4.0,"a":1,"l":"d","gn":3,"t":11},"geometry":{"type":"Point","coordinates":[408799.1,5655121.0]}},{"type":"Feature","properties":{"h":10.0,"d":4.0,"a":1,"l":"d","gn":30,"t":21},"geometry":{"type":"Point","coordinates":[408799.5,5654157.1]}},{"type":"Feature","properties":{"h":8.0,"d":3.0,"a":1,"l":"d","gn":3,"t":10},"geometry":{"type":"Point","coordinates":[408799.5,5655114.9]}},{"type":"Feature","properties":{"h":4.0,"d":2.0,"a":5,"l":"d","gn":17,"t":8},"geometry":{"type":"Point","coordinates":[408800.0,5655784.5]}},{"type":"Feature","properties":{"h":24.0,"d":13.0,"a":0,"l":"d","gn":1,"t":65},"geometry":{"type":"Point","coordinates":[408800.1,5655814.4]}},{"type":"Feature","properties":{"h":8.0,"d":3.0,"a":1,"l":"d","gn":3,"t":11},"geometry":{"type":"Point","coordinates":[408800.1,5655108.8]}},{"type":"Feature","properties":{"h":9.0,"d":5.0,"a":0,"l":"d","gn":1,"t":20},"geometry":{"type":"Point","coordinates":[408801.1,5655576.2]}},{"type":"Feature","properties":{"h":8.0,"d":4.0,"a":1,"l":"d","gn":3,"t":11},"geometry":{"type":"Point","coordinates":[408801.1,5655096.1]}},{"type":"Feature","properties":{"h":11.0,"d":4.0,"a":1,"l":"d","gn":3,"t":21},"geometry":{"type":"Point","coordinates":[408801.5,5654970.2]}},{"type":"Feature","properties":{"h":8.0,"d":4.0,"a":1,"l":"d","gn":3,"t":11},"geometry":{"type":"Point","coordinates":[408801.7,5655087.9]}},{"type":"Feature","properties":{"h":12.0,"d":8.0,"a":0,"l":"d","gn":3,"t":28},"geometry":{"type":"Point","coordinates":[408801.8,5655079.8]}},{"type":"Feature","properties":{"h":12.0,"d":6.0,"a":1,"l":"d","gn":3,"t":30},"geometry":{"type":"Point","coordinates":[408802.3,5654958.8]}},{"type":"Feature","properties":{"h":11.0,"d":6.4,"a":0,"l":"d","s":"osm"},"geometry":{"type":"Point","coordinates":[408802.4,5655613.5]}},{"type":"Feature","properties":{"h":9.0,"d":6.0,"a":0,"l":"d","gn":3,"t":15},"geometry":{"type":"Point","coordinates":[408802.5,5655338.1]}},{"type":"Feature","properties":{"h":10.0,"d":4.0,"a":1,"l":"d","gn":30,"t":20},"geometry":{"type":"Point","coordinates":[408802.6,5654163.2]}},{"type":"Feature","properties":{"h":8.0,"d":4.0,"a":1,"l":"d","gn":3,"t":10},"geometry":{"type":"Point","coordinates":[408802.7,5655074.2]}},{"type":"Feature","properties":{"h":13.0,"d":8.0,"a":1,"l":"d","gn":3,"t":31},"geometry":{"type":"Point","coordinates":[408802.7,5654950.8]}},{"type":"Feature","properties":{"h":11.0,"d":8.0,"a":0,"l":"d","gn":3,"t":40},"geometry":{"type":"Point","coordinates":[408802.9,5655068.0]}},{"type":"Feature","properties":{"h":13.0,"d":9.0,"a":1,"l":"d","gn":3,"t":28},"geometry":{"type":"Point","coordinates":[408803.0,5655328.7]}},{"type":"Feature","properties":{"h":8.0,"d":4.0,"a":1,"l":"d","gn":3,"t":13},"geometry":{"type":"Point","coordinates":[408804.9,5655042.5]}},{"type":"Feature","properties":{"h":8.0,"d":4.0,"a":1,"l":"d","gn":3,"t":13},"geometry":{"type":"Point","coordinates":[408805.8,5655030.8]}},{"type":"Feature","properties":{"h":22.0,"d":13.0,"a":0,"l":"d","gn":3,"t":78},"geometry":{"type":"Point","coordinates":[408806.2,5655812.3]}},{"type":"Feature","properties":{"h":15.0,"d":8.0,"a":0,"l":"d","gn":3,"t":35},"geometry":{"type":"Point","coordinates":[408807.2,5655011.1]}},{"type":"Feature","properties":{"h":12.0,"d":7.0,"a":3,"l":"d","gn":35,"t":20},"geometry":{"type":"Point","coordinates":[408807.2,5655096.8]}},{"type":"Feature","properties":{"h":12.0,"d":5.0,"a":1,"l":"d","gn":3,"t":21},"geometry":{"type":"Point","coordinates":[408807.8,5655003.9]}},{"type":"Feature","properties":{"h":10.0,"d":4.0,"a":0,"l":"d","gn":3,"t":7},"geometry":{"type":"Point","coordinates":[408807.9,5655166.3]}},{"type":"Feature","properties":{"h":13.0,"d":7.0,"a":3,"l":"d","gn":35,"t":24},"geometry":{"type":"Point","coordinates":[408808.4,5655085.3]}},{"type":"Feature","properties":{"h":10.0,"d":4.0,"a":0,"l":"d","gn":3,"t":7},"geometry":{"type":"Point","coordinates":[408808.7,5655157.0]}},{"type":"Feature","properties":{"h":11.0,"d":6.0,"a":0,"l":"d","gn":9,"t":28},"geometry":{"type":"Point","coordinates":[408808.9,5654224.9]}},{"type":"Feature","properties":{"h":12.0,"d":9.0,"a":1,"l":"d","gn":3,"t":25},"geometry":{"type":"Point","coordinates":[408809.5,5655338.7]}},{"type":"Feature","properties":{"h":14.0,"d":6.0,"a":3,"l":"e","t":36},"geometry":{"type":"Point","coordinates":[408809.9,5655074.6]}},{"type":"Feature","properties":{"h":4.0,"d":3.0,"a":5,"l":"d","gn":8,"t":11},"geometry":{"type":"Point","coordinates":[408810.1,5655817.4]}},{"type":"Feature","properties":{"h":12.0,"d":7.0,"a":1,"l":"d","gn":3,"t":25},"geometry":{"type":"Point","coordinates":[408810.1,5655329.3]}},{"type":"Feature","properties":{"h":14.0,"d":6.0,"a":1,"l":"d","gn":3,"t":26},"geometry":{"type":"Point","coordinates":[408810.4,5654848.6]}},{"type":"Feature","properties":{"h":14.0,"d":7.0,"a":1,"l":"d","gn":3,"t":29},"geometry":{"type":"Point","coordinates":[408811.0,5654838.7]}},{"type":"Feature","properties":{"h":14.0,"d":6.0,"a":1,"l":"d","gn":3,"t":27},"geometry":{"type":"Point","coordinates":[408812.2,5654824.0]}},{"type":"Feature","properties":{"h":12.0,"d":6.0,"a":1,"l":"d","gn":3,"t":28},"geometry":{"type":"Point","coordinates":[408812.7,5654972.2]}},{"type":"Feature","properties":{"h":15.0,"d":7.0,"a":1,"l":"d","gn":3,"t":30},"geometry":{"type":"Point","coordinates":[408813.1,5654964.2]}},{"type":"Feature","properties":{"h":14.0,"d":6.0,"a":1,"l":"d","gn":3,"t":27},"geometry":{"type":"Point","coordinates":[408813.2,5654810.4]}},{"type":"Feature","properties":{"h":10.0,"d":4.0,"a":0,"l":"d","gn":3,"t":7},"geometry":{"type":"Point","coordinates":[408813.7,5655166.8]}},{"type":"Feature","properties":{"h":15.0,"d":7.0,"a":1,"l":"d","gn":3,"t":30},"geometry":{"type":"Point","coordinates":[408813.8,5654954.5]}},{"type":"Feature","properties":{"h":13.0,"d":6.0,"a":1,"l":"d","gn":3,"t":27},"geometry":{"type":"Point","coordinates":[408814.0,5654799.0]}},{"type":"Feature","properties":{"h":12.0,"d":6.0,"a":1,"l":"d","gn":3,"t":21},"geometry":{"type":"Point","coordinates":[408814.1,5654947.5]}},{"type":"Feature","properties":{"h":8.0,"d":4.0,"a":0,"l":"d","gn":3,"t":7},"geometry":{"type":"Point","coordinates":[408814.3,5655157.4]}},{"type":"Feature","properties":{"h":11.0,"d":6.4,"a":0,"l":"d","s":"osm"},"geometry":{"type":"Point","coordinates":[408814.5,5655786.2]}},{"type":"Feature","properties":{"h":15.0,"d":10.0,"a":0,"l":"d","gn":33,"t":18},"geometry":{"type":"Point","coordinates":[408814.6,5655122.2]}},{"type":"Feature","properties":{"h":14.0,"d":6.0,"a":1,"l":"d","gn":3,"t":24},"geometry":{"type":"Point","coordinates":[408814.7,5654790.8]}},{"type":"Feature","properties":{"h":21.0,"d":10.0,"a":0,"l":"d","gn":3,"t":57},"geometry":{"type":"Point","coordinates":[408814.8,5654939.2]}},{"type":"Feature","properties":{"h":5.0,"d":1.0,"a":0,"l":"d","gn":1,"t":7},"geometry":{"type":"Point","coordinates":[408815.0,5655585.5]}},{"type":"Feature","properties":{"h":8.0,"d":4.0,"a":1,"l":"d","gn":3,"t":10},"geometry":{"type":"Point","coordinates":[408815.7,5654932.4]}},{"type":"Feature","properties":{"h":14.0,"d":6.0,"a":1,"l":"d","gn":3,"t":27},"geometry":{"type":"Point","coordinates":[408815.9,5654774.9]}},{"type":"Feature","properties":{"h":13.0,"d":5.0,"a":1,"l":"d","gn":3,"t":19},"geometry":{"type":"Point","coordinates":[408815.9,5654925.8]}},{"type":"Feature","properties":{"h":11.0,"d":4.0,"a":1,"l":"d","gn":30,"t":26},"geometry":{"type":"Point","coordinates":[408816.2,5654069.3]}},{"type":"Feature","properties":{"h":8.0,"d":4.0,"a":1,"l":"d","gn":3,"t":13},"geometry":{"type":"Point","coordinates":[408816.3,5655329.8]}},{"type":"Feature","properties":{"h":8.0,"d":4.0,"a":1,"l":"d","gn":3,"t":13},"geometry":{"type":"Point","coordinates":[408816.5,5655339.2]}},{"type":"Feature","properties":{"h":5.0,"d":1.0,"a":1,"l":"d","gn":3,"t":6},"geometry":{"type":"Point","coordinates":[408816.8,5654918.6]}},{"type":"Feature","properties":{"h":6.0,"d":5.0,"a":4,"l":"d","gn":21,"t":14},"geometry":{"type":"Point","coordinates":[408816.8,5655057.7]}},{"type":"Feature","properties":{"h":16.0,"d":8.0,"a":1,"l":"d","gn":3,"t":35},"geometry":{"type":"Point","coordinates":[408816.9,5654912.1]}},{"type":"Feature","properties":{"h":12.0,"d":12.0,"a":0,"l":"d","gn":1,"t":57},"geometry":{"type":"Point","coordinates":[408817.3,5655122.1]}},{"type":"Feature","properties":{"h":16.0,"d":7.0,"a":1,"l":"d","gn":3,"t":28},"geometry":{"type":"Point","coordinates":[408817.5,5654902.7]}},{"type":"Feature","properties":{"h":13.0,"d":7.0,"a":1,"l":"d","gn":3,"t":28},"geometry":{"type":"Point","coordinates":[408817.5,5654751.9]}},{"type":"Feature","properties":{"h":16.0,"d":7.0,"a":1,"l":"d","gn":3,"t":32},"geometry":{"type":"Point","coordinates":[408818.1,5654896.4]}},{"type":"Feature","properties":{"h":14.0,"d":7.0,"a":1,"l":"d","gn":3,"t":36},"geometry":{"type":"Point","coordinates":[408818.4,5654741.0]}},{"type":"Feature","properties":{"h":10.0,"d":4.0,"a":2,"l":"d","gn":1,"t":25},"geometry":{"type":"Point","coordinates":[408818.7,5654977.2]}},{"type":"Feature","properties":{"h":14.0,"d":6.0,"a":1,"l":"d","gn":3,"t":33},"geometry":{"type":"Point","coordinates":[408819.1,5654730.3]}},{"type":"Feature","properties":{"h":16.0,"d":7.0,"a":1,"l":"d","gn":3,"t":34},"geometry":{"type":"Point","coordinates":[408819.1,5654880.8]}},{"type":"Feature","properties":{"h":14.0,"d":7.0,"a":1,"l":"d","gn":3,"t":30},"geometry":{"type":"Point","coordinates":[408819.7,5654722.0]}},{"type":"Feature","properties":{"h":21.0,"d":11.0,"a":0,"l":"d","gn":3,"t":52},"geometry":{"type":"Point","coordinates":[408819.9,5655816.5]}},{"type":"Feature","properties":{"h":14.0,"d":6.0,"a":1,"l":"d","gn":3,"t":28},"geometry":{"type":"Point","coordinates":[408820.6,5654710.7]}},{"type":"Feature","properties":{"h":14.0,"d":6.0,"a":1,"l":"d","gn":3,"t":28},"geometry":{"type":"Point","coordinates":[408821.3,5654846.1]}},{"type":"Feature","properties":{"h":14.0,"d":7.0,"a":1,"l":"d","gn":3,"t":30},"geometry":{"type":"Point","coordinates":[408821.4,5654699.4]}},{"type":"Feature","properties":{"h":8.0,"d":8.0,"a":0,"l":"d","gn":20,"t":20},"geometry":{"type":"Point","coordinates":[408821.5,5655071.3]}},{"type":"Feature","properties":{"h":10.0,"d":4.0,"a":0,"l":"d","gn":3,"t":7},"geometry":{"type":"Point","coordinates":[408821.6,5655167.5]}},{"type":"Feature","properties":{"h":14.0,"d":7.0,"a":1,"l":"d","gn":3,"t":31},"geometry":{"type":"Point","coordinates":[408822.1,5654837.5]}},{"type":"Feature","properties":{"h":4.0,"d":2.0,"a":5,"l":"d","gn":8,"t":8},"geometry":{"type":"Point","coordinates":[408822.2,5655058.4]}},{"type":"Feature","properties":{"h":17.0,"d":12.0,"a":0,"l":"d","gn":3,"t":46},"geometry":{"type":"Point","coordinates":[408822.3,5655157.4]}},{"type":"Feature","properties":{"h":19.0,"d":14.0,"a":0,"l":"d","gn":1,"t":140},"geometry":{"type":"Point","coordinates":[408822.5,5655821.9]}},{"type":"Feature","properties":{"h":13.0,"d":5.0,"a":1,"l":"d","gn":3,"t":24},"geometry":{"type":"Point","coordinates":[408822.7,5654829.2]}},{"type":"Feature","properties":{"h":5.0,"d":5.0,"a":5,"l":"d","gn":24,"t":10},"geometry":{"type":"Point","coordinates":[408823.2,5655071.5]}},{"type":"Feature","properties":{"h":4.0,"d":3.0,"a":5,"l":"d","gn":17,"t":11},"geometry":{"type":"Point","coordinates":[408823.4,5655121.2]}},{"type":"Feature","properties":{"h":14.0,"d":6.0,"a":1,"l":"d","gn":3,"t":27},"geometry":{"type":"Point","coordinates":[408823.5,5654819.2]}},{"type":"Feature","properties":{"h":7.0,"d":4.0,"a":0,"l":"d","gn":1,"t":21},"geometry":{"type":"Point","coordinates":[408824.1,5654990.2]}},{"type":"Feature","properties":{"h":15.0,"d":8.0,"a":1,"l":"d","gn":3,"t":30},"geometry":{"type":"Point","coordinates":[408824.6,5654803.2]}},{"type":"Feature","properties":{"h":11.0,"d":4.0,"a":1,"l":"d","gn":30,"t":24},"geometry":{"type":"Point","coordinates":[408824.8,5654067.5]}},{"type":"Feature","properties":{"h":9.0,"d":4.0,"a":0,"l":"d","gn":1,"t":12},"geometry":{"type":"Point","coordinates":[408825.0,5654977.8]}},{"type":"Feature","properties":{"h":14.0,"d":6.0,"a":1,"l":"d","gn":3,"t":23},"geometry":{"type":"Point","coordinates":[408825.1,5654795.9]}},{"type":"Feature","properties":{"h":12.0,"d":4.0,"a":2,"l":"d","gn":1,"t":30},"geometry":{"type":"Point","coordinates":[408825.5,5654870.1]}},{"type":"Feature","properties":{"h":8.0,"d":4.0,"a":1,"l":"d","gn":3,"t":11},"geometry":{"type":"Point","coordinates":[408825.8,5654787.5]}},{"type":"Feature","properties":{"h":21.0,"d":10.0,"a":0,"l":"d","gn":3,"t":55},"geometry":{"type":"Point","coordinates":[408825.9,5655795.3]}},{"type":"Feature","properties":{"h":14.0,"d":9.0,"a":1,"l":"d","gn":3,"t":25},"geometry":{"type":"Point","coordinates":[408826.1,5655339.9]}},{"type":"Feature","properties":{"h":8.0,"d":4.0,"a":1,"l":"d","gn":3,"t":13},"geometry":{"type":"Point","coordinates":[408826.1,5655329.8]}},{"type":"Feature","properties":{"h":21.0,"d":11.0,"a":0,"l":"d","gn":3,"t":71},"geometry":{"type":"Point","coordinates":[408826.5,5654779.1]}},{"type":"Feature","properties":{"h":10.0,"d":5.0,"a":2,"l":"d","gn":1,"t":27},"geometry":{"type":"Point","coordinates":[408827.1,5654857.5]}},{"type":"Feature","properties":{"h":13.0,"d":7.0,"a":1,"l":"d","gn":3,"t":32},"geometry":{"type":"Point","coordinates":[408827.5,5654764.8]}},{"type":"Feature","properties":{"h":13.0,"d":8.0,"a":0,"l":"d","gn":21,"t":35},"geometry":{"type":"Point","coordinates":[408827.7,5655060.9]}},{"type":"Feature","properties":{"h":14.0,"d":7.0,"a":1,"l":"d","gn":3,"t":34},"geometry":{"type":"Point","coordinates":[408828.2,5654754.2]}},{"type":"Feature","properties":{"h":14.0,"d":7.0,"a":1,"l":"d","gn":3,"t":31},"geometry":{"type":"Point","coordinates":[408829.1,5654742.8]}},{"type":"Feature","properties":{"h":7.0,"d":5.0,"a":0,"l":"d","gn":1,"t":22},"geometry":{"type":"Point","coordinates":[408829.6,5654990.6]}},{"type":"Feature","properties":{"h":10.0,"d":4.0,"a":0,"l":"d","gn":3,"t":7},"geometry":{"type":"Point","coordinates":[408829.7,5655168.2]}},{"type":"Feature","properties":{"h":16.0,"d":11.0,"a":0,"l":"d","gn":3,"t":43},"geometry":{"type":"Point","coordinates":[408830.3,5655158.0]}},{"type":"Feature","properties":{"h":9.0,"d":5.0,"a":0,"l":"d","gn":1,"t":14},"geometry":{"type":"Point","coordinates":[408830.5,5654978.1]}},{"type":"Feature","properties":{"h":8.0,"d":4.0,"a":1,"l":"d","gn":3,"t":11},"geometry":{"type":"Point","coordinates":[408831.5,5654711.7]}},{"type":"Feature","properties":{"h":6.0,"d":5.0,"a":5,"l":"d","gn":17,"t":30},"geometry":{"type":"Point","coordinates":[408831.8,5655116.3]}},{"type":"Feature","properties":{"h":11.0,"d":5.0,"a":2,"l":"d","gn":1,"t":25},"geometry":{"type":"Point","coordinates":[408832.0,5654870.5]}},{"type":"Feature","properties":{"h":12.0,"d":10.0,"a":5,"l":"d","gn":8,"t":40},"geometry":{"type":"Point","coordinates":[408832.2,5655097.8]}},{"type":"Feature","properties":{"h":11.0,"d":6.0,"a":0,"l":"d","gn":9,"t":21},"geometry":{"type":"Point","coordinates":[408832.7,5654220.4]}},{"type":"Feature","properties":{"h":14.0,"d":9.0,"a":1,"l":"d","gn":3,"t":28},"geometry":{"type":"Point","coordinates":[408832.8,5655340.3]}},{"type":"Feature","properties":{"h":15.0,"d":7.0,"a":1,"l":"d","gn":3,"t":36},"geometry":{"type":"Point","coordinates":[408832.9,5654691.7]}},{"type":"Feature","properties":{"h":11.0,"d":13.0,"a":0,"l":"d","gn":1,"t":34},"geometry":{"type":"Point","coordinates":[408832.9,5655074.8]}},{"type":"Feature","properties":{"h":9.0,"d":6.0,"a":2,"l":"d","gn":1,"t":26},"geometry":{"type":"Point","coordinates":[408833.0,5654858.1]}},{"type":"Feature","properties":{"h":16.0,"d":15.0,"a":0,"l":"d","gn":6,"t":50},"geometry":{"type":"Point","coordinates":[408833.1,5655792.6]}},{"type":"Feature","properties":{"h":14.0,"d":9.0,"a":0,"l":"d","gn":1,"t":21},"geometry":{"type":"Point","coordinates":[408833.4,5655054.0]}},{"type":"Feature","properties":{"h":12.0,"d":8.0,"a":1,"l":"d","gn":3,"t":27},"geometry":{"type":"Point","coordinates":[408833.4,5655331.1]}},{"type":"Feature","properties":{"h":10.0,"d":4.0,"a":1,"l":"d","gn":30,"t":21},"geometry":{"type":"Point","coordinates":[408833.5,5654065.4]}},{"type":"Feature","properties":{"h":10.0,"d":6.0,"a":0,"l":"d","gn":1,"t":27},"geometry":{"type":"Point","coordinates":[408834.9,5655086.7]}},{"type":"Feature","properties":{"h":5.0,"d":6.0,"a":5,"l":"d","gn":17,"t":10},"geometry":{"type":"Point","coordinates":[408835.0,5655105.1]}},{"type":"Feature","properties":{"h":12.0,"d":19.0,"a":0,"l":"d","gn":1,"t":70},"geometry":{"type":"Point","coordinates":[408835.7,5655814.6]}},{"type":"Feature","properties":{"h":12.0,"d":11.0,"a":0,"l":"d","gn":1,"t":29},"geometry":{"type":"Point","coordinates":[408837.5,5655075.1]}},{"type":"Feature","properties":{"h":17.0,"d":7.0,"a":0,"l":"d","gn":3,"t":45},"geometry":{"type":"Point","coordinates":[408837.5,5655168.9]}},{"type":"Feature","properties":{"h":9.0,"d":7.0,"a":0,"l":"d","gn":1,"t":18},"geometry":{"type":"Point","coordinates":[408837.6,5655081.6]}},{"type":"Feature","properties":{"h":9.0,"d":5.0,"a":0,"l":"d","gn":1,"t":13},"geometry":{"type":"Point","coordinates":[408837.9,5654978.7]}},{"type":"Feature","properties":{"h":5.0,"d":1.0,"a":1,"l":"d","gn":3,"t":6},"geometry":{"type":"Point","coordinates":[408838.4,5655158.7]}},{"type":"Feature","properties":{"h":11.0,"d":4.0,"a":2,"l":"d","gn":1,"t":25},"geometry":{"type":"Point","coordinates":[408839.3,5654871.0]}},{"type":"Feature","properties":{"h":14.0,"d":9.0,"a":1,"l":"d","gn":3,"t":29},"geometry":{"type":"Point","coordinates":[408839.9,5655340.8]}},{"type":"Feature","properties":{"h":7.0,"d":5.0,"a":5,"l":"d","gn":17,"t":12},"geometry":{"type":"Point","coordinates":[408839.9,5655071.3]}},{"type":"Feature","properties":{"h":15.0,"d":8.0,"a":0,"l":"d","gn":1,"t":25},"geometry":{"type":"Point","coordinates":[408840.0,5655067.5]}},{"type":"Feature","properties":{"h":9.0,"d":4.0,"a":5,"l":"d","gn":17,"t":10},"geometry":{"type":"Point","coordinates":[408840.1,5655065.4]}},{"type":"Feature","properties":{"h":11.0,"d":5.0,"a":2,"l":"d","gn":1,"t":26},"geometry":{"type":"Point","coordinates":[408840.5,5654858.5]}},{"type":"Feature","properties":{"h":14.0,"d":9.0,"a":1,"l":"d","gn":3,"t":29},"geometry":{"type":"Point","coordinates":[408840.5,5655331.6]}},{"type":"Feature","properties":{"h":9.0,"d":7.0,"a":0,"l":"d","gn":1,"t":20},"geometry":{"type":"Point","coordinates":[408840.6,5655061.8]}},{"type":"Feature","properties":{"h":8.0,"d":6.0,"a":5,"l":"d","gn":17,"t":18},"geometry":{"type":"Point","coordinates":[408841.0,5655056.6]}},{"type":"Feature","properties":{"h":10.0,"d":4.0,"a":1,"l":"d","gn":30,"t":22},"geometry":{"type":"Point","coordinates":[408842.3,5654063.4]}},{"type":"Feature","properties":{"h":21.0,"d":20.0,"a":0,"l":"d","gn":1,"t":78},"geometry":{"type":"Point","coordinates":[408843.1,5655823.0]}},{"type":"Feature","properties":{"h":14.0,"d":5.0,"a":0,"l":"d","gn":1,"t":16},"geometry":{"type":"Point","coordinates":[408844.4,5655827.7]}},{"type":"Feature","properties":{"h":8.0,"d":5.0,"a":0,"l":"d","gn":1,"t":23},"geometry":{"type":"Point","coordinates":[408844.6,5654991.7]}},{"type":"Feature","properties":{"h":12.0,"d":4.0,"a":3,"l":"e","t":36},"geometry":{"type":"Point","coordinates":[408845.1,5655796.1]}},{"type":"Feature","properties":{"h":10.0,"d":5.0,"a":0,"l":"d","gn":9,"t":20},"geometry":{"type":"Point","coordinates":[408845.3,5654217.9]}},{"type":"Feature","properties":{"h":9.0,"d":4.0,"a":0,"l":"d","gn":1,"t":13},"geometry":{"type":"Point","coordinates":[408845.5,5654979.1]}},{"type":"Feature","properties":{"h":9.0,"d":3.0,"a":0,"l":"d","gn":3,"t":7},"geometry":{"type":"Point","coordinates":[408845.6,5655169.3]}},{"type":"Feature","properties":{"h":16.0,"d":7.0,"a":0,"l":"d","gn":3,"t":39},"geometry":{"type":"Point","coordinates":[408846.1,5655159.1]}},{"type":"Feature","properties":{"h":9.0,"d":6.0,"a":0,"l":"d","gn":3,"t":15},"geometry":{"type":"Point","coordinates":[408846.9,5655341.3]}},{"type":"Feature","properties":{"h":8.0,"d":4.0,"a":0,"l":"d","gn":1,"t":14},"geometry":{"type":"Point","coordinates":[408847.0,5655607.6]}},{"type":"Feature","properties":{"h":11.0,"d":5.0,"a":2,"l":"d","gn":1,"t":26},"geometry":{"type":"Point","coordinates":[408847.2,5654871.7]}},{"type":"Feature","properties":{"h":13.0,"d":9.0,"a":1,"l":"d","gn":3,"t":26},"geometry":{"type":"Point","coordinates":[408847.4,5655332.1]}},{"type":"Feature","properties":{"h":10.0,"d":4.0,"a":2,"l":"d","gn":1,"t":23},"geometry":{"type":"Point","coordinates":[408848.4,5654859.2]}},{"type":"Feature","properties":{"h":12.0,"d":8.0,"a":0,"l":"d","gn":1,"t":23},"geometry":{"type":"Point","coordinates":[408848.4,5655825.6]}},{"type":"Feature","properties":{"h":22.8,"d":16.4,"a":0,"l":"d","gn":20,"t":114},"geometry":{"type":"Point","coordinates":[408848.9,5655776.3]}},{"type":"Feature","properties":{"h":15.0,"d":9.0,"a":0,"l":"d","gn":1,"t":42},"geometry":{"type":"Point","coordinates":[408848.9,5655470.5]}},{"type":"Feature","properties":{"h":7.0,"d":3.0,"a":5,"l":"d","gn":12,"t":9},"geometry":{"type":"Point","coordinates":[408849.3,5655680.1]}},{"type":"Feature","properties":{"h":9.0,"d":4.0,"a":1,"l":"d","gn":1,"t":16},"geometry":{"type":"Point","coordinates":[408850.2,5655448.6]}},{"type":"Feature","properties":{"h":7.0,"d":3.0,"a":5,"l":"d","gn":12,"t":9},"geometry":{"type":"Point","coordinates":[408850.9,5655683.7]}},{"type":"Feature","properties":{"h":14.0,"d":20.0,"a":0,"l":"d","gn":1,"t":100},"geometry":{"type":"Point","coordinates":[408851.1,5655800.6]}},{"type":"Feature","properties":{"h":8.0,"d":4.0,"a":1,"l":"d","gn":1,"t":13},"geometry":{"type":"Point","coordinates":[408851.1,5655436.3]}},{"type":"Feature","properties":{"h":8.0,"d":4.0,"a":1,"l":"d","gn":1,"t":13},"geometry":{"type":"Point","coordinates":[408851.9,5655426.2]}},{"type":"Feature","properties":{"h":7.0,"d":3.0,"a":5,"l":"d","gn":12,"t":9},"geometry":{"type":"Point","coordinates":[408852.1,5655670.6]}},{"type":"Feature","properties":{"h":21.0,"d":12.0,"a":0,"l":"d","gn":1,"t":75},"geometry":{"type":"Point","coordinates":[408852.8,5655830.3]}},{"type":"Feature","properties":{"h":9.0,"d":4.0,"a":1,"l":"d","gn":1,"t":15},"geometry":{"type":"Point","coordinates":[408853.0,5655409.7]}},{"type":"Feature","properties":{"h":16.0,"d":8.0,"a":0,"l":"d","gn":3,"t":38},"geometry":{"type":"Point","coordinates":[408853.3,5655169.9]}},{"type":"Feature","properties":{"h":8.0,"d":4.0,"a":1,"l":"d","gn":1,"t":13},"geometry":{"type":"Point","coordinates":[408853.8,5655399.4]}},{"type":"Feature","properties":{"h":15.0,"d":12.0,"a":0,"l":"d","gn":3,"t":43},"geometry":{"type":"Point","coordinates":[408854.0,5655160.0]}},{"type":"Feature","properties":{"h":9.0,"d":4.0,"a":1,"l":"d","gn":1,"t":15},"geometry":{"type":"Point","coordinates":[408854.6,5655387.8]}},{"type":"Feature","properties":{"h":7.0,"d":3.0,"a":5,"l":"d","gn":12,"t":9},"geometry":{"type":"Point","coordinates":[408854.7,5655662.1]}},{"type":"Feature","properties":{"h":9.0,"d":5.0,"a":0,"l":"d","gn":1,"t":12},"geometry":{"type":"Point","coordinates":[408855.1,5654980.0]}},{"type":"Feature","properties":{"h":8.0,"d":4.0,"a":1,"l":"d","gn":1,"t":13},"geometry":{"type":"Point","coordinates":[408856.0,5655368.8]}},{"type":"Feature","properties":{"h":12.3,"d":8.5,"a":0,"l":"d","gn":6,"t":25},"geometry":{"type":"Point","coordinates":[408856.9,5654237.7]}},{"type":"Feature","properties":{"h":8.0,"d":4.0,"a":1,"l":"d","gn":1,"t":13},"geometry":{"type":"Point","coordinates":[408857.0,5655354.9]}},{"type":"Feature","properties":{"h":12.0,"d":7.0,"a":0,"l":"d","gn":1,"t":28},"geometry":{"type":"Point","coordinates":[408857.1,5655595.3]}},{"type":"Feature","properties":{"h":7.0,"d":3.0,"a":5,"l":"d","gn":12,"t":9},"geometry":{"type":"Point","coordinates":[408857.2,5655653.3]}},{"type":"Feature","properties":{"h":8.0,"d":4.0,"a":0,"l":"d","gn":1,"t":15},"geometry":{"type":"Point","coordinates":[408857.5,5655311.0]}},{"type":"Feature","properties":{"h":14.0,"d":8.0,"a":0,"l":"d","gn":1,"t":44},"geometry":{"type":"Point","coordinates":[408858.0,5655472.6]}},{"type":"Feature","properties":{"h":15.0,"d":8.0,"a":0,"l":"d","gn":1,"t":75},"geometry":{"type":"Point","coordinates":[408858.2,5655831.6]}},{"type":"Feature","properties":{"h":9.0,"d":4.0,"a":0,"l":"d","gn":1,"t":15},"geometry":{"type":"Point","coordinates":[408858.5,5655295.9]}},{"type":"Feature","properties":{"h":13.5,"d":8.8,"a":0,"l":"d","gn":6,"t":40},"geometry":{"type":"Point","coordinates":[408858.7,5654228.0]}},{"type":"Feature","properties":{"h":15.0,"d":11.0,"a":0,"l":"d","gn":1,"t":46},"geometry":{"type":"Point","coordinates":[408858.9,5655460.4]}},{"type":"Feature","properties":{"h":13.0,"d":8.0,"a":0,"l":"d","gn":3,"t":32},"geometry":{"type":"Point","coordinates":[408859.3,5655170.4]}},{"type":"Feature","properties":{"h":11.0,"d":8.0,"a":3,"l":"e","t":38},"geometry":{"type":"Point","coordinates":[408859.5,5655680.3]}},{"type":"Feature","properties":{"h":9.0,"d":4.0,"a":0,"l":"d","gn":1,"t":15},"geometry":{"type":"Point","coordinates":[408859.6,5655280.9]}},{"type":"Feature","properties":{"h":13.0,"d":8.0,"a":0,"l":"d","gn":3,"t":34},"geometry":{"type":"Point","coordinates":[408859.7,5655160.0]}},{"type":"Feature","properties":{"h":7.0,"d":3.0,"a":5,"l":"d","gn":12,"t":9},"geometry":{"type":"Point","coordinates":[408859.8,5655644.8]}},{"type":"Feature","properties":{"h":11.0,"d":9.0,"a":3,"l":"e","t":41},"geometry":{"type":"Point","coordinates":[408860.1,5655678.1]}},{"type":"Feature","properties":{"h":6.0,"d":4.0,"a":0,"l":"d","gn":1,"t":15},"geometry":{"type":"Point","coordinates":[408860.3,5654992.7]}},{"type":"Feature","properties":{"h":10.1,"d":10.2,"a":5,"l":"d","gn":23,"t":62},"geometry":{"type":"Point","coordinates":[408860.3,5655756.2]}},{"type":"Feature","properties":{"h":8.0,"d":4.0,"a":1,"l":"d","gn":1,"t":11},"geometry":{"type":"Point","coordinates":[408860.6,5655437.0]}},{"type":"Feature","properties":{"h":9.0,"d":4.0,"a":0,"l":"d","gn":1,"t":15},"geometry":{"type":"Point","coordinates":[408860.7,5655265.3]}},{"type":"Feature","properties":{"h":9.0,"d":4.0,"a":0,"l":"d","gn":1,"t":12},"geometry":{"type":"Point","coordinates":[408861.3,5654980.5]}},{"type":"Feature","properties":{"h":10.0,"d":4.0,"a":1,"l":"d","gn":30,"t":23},"geometry":{"type":"Point","coordinates":[408861.4,5654059.0]}},{"type":"Feature","properties":{"h":8.0,"d":4.0,"a":1,"l":"d","gn":1,"t":11},"geometry":{"type":"Point","coordinates":[408861.4,5655427.7]}},{"type":"Feature","properties":{"h":9.0,"d":4.0,"a":0,"l":"d","gn":1,"t":15},"geometry":{"type":"Point","coordinates":[408861.9,5655250.9]}},{"type":"Feature","properties":{"h":7.0,"d":3.0,"a":5,"l":"d","gn":12,"t":9},"geometry":{"type":"Point","coordinates":[408862.2,5655636.2]}},{"type":"Feature","properties":{"h":15.0,"d":10.0,"a":3,"l":"e","t":42},"geometry":{"type":"Point","coordinates":[408862.6,5655673.9]}},{"type":"Feature","properties":{"h":9.0,"d":4.0,"a":1,"l":"d","gn":1,"t":13},"geometry":{"type":"Point","coordinates":[408862.7,5655410.2]}},{"type":"Feature","properties":{"h":8.0,"d":4.0,"a":1,"l":"d","gn":1,"t":11},"geometry":{"type":"Point","coordinates":[408863.5,5655400.3]}},{"type":"Feature","properties":{"h":9.0,"d":4.0,"a":0,"l":"d","gn":1,"t":15},"geometry":{"type":"Point","coordinates":[408863.8,5655223.5]}},{"type":"Feature","properties":{"h":9.0,"d":4.0,"a":1,"l":"d","gn":1,"t":11},"geometry":{"type":"Point","coordinates":[408864.2,5655387.8]}},{"type":"Feature","properties":{"h":9.0,"d":4.0,"a":2,"l":"d","gn":1,"t":21},"geometry":{"type":"Point","coordinates":[408864.3,5654860.3]}},{"type":"Feature","properties":{"h":12.0,"d":5.0,"a":2,"l":"d","gn":1,"t":27},"geometry":{"type":"Point","coordinates":[408864.5,5654872.8]}},{"type":"Feature","properties":{"h":17.0,"d":12.0,"a":0,"l":"d","gn":1,"t":40},"geometry":{"type":"Point","coordinates":[408864.6,5655830.2]}},{"type":"Feature","properties":{"h":8.0,"d":4.0,"a":0,"l":"d","gn":1,"t":14},"geometry":{"type":"Point","coordinates":[408865.0,5655206.4]}},{"type":"Feature","properties":{"h":9.0,"d":4.0,"a":1,"l":"d","gn":1,"t":12},"geometry":{"type":"Point","coordinates":[408865.5,5655370.8]}},{"type":"Feature","properties":{"h":5.0,"d":1.0,"a":0,"l":"d","gn":15,"t":6},"geometry":{"type":"Point","coordinates":[408865.8,5655908.8]}},{"type":"Feature","properties":{"h":8.0,"d":4.0,"a":0,"l":"d","gn":1,"t":14},"geometry":{"type":"Point","coordinates":[408866.3,5655188.2]}},{"type":"Feature","properties":{"h":9.0,"d":4.0,"a":1,"l":"d","gn":1,"t":13},"geometry":{"type":"Point","coordinates":[408866.6,5655355.9]}},{"type":"Feature","properties":{"h":17.0,"d":11.0,"a":0,"l":"d","gn":1,"t":47},"geometry":{"type":"Point","coordinates":[408867.3,5655832.8]}},{"type":"Feature","properties":{"h":8.0,"d":4.0,"a":0,"l":"d","gn":1,"t":11},"geometry":{"type":"Point","coordinates":[408868.3,5655313.2]}},{"type":"Feature","properties":{"h":7.0,"d":4.0,"a":0,"l":"d","gn":1,"t":19},"geometry":{"type":"Point","coordinates":[408868.7,5654993.3]}},{"type":"Feature","properties":{"h":9.0,"d":4.0,"a":0,"l":"d","gn":1,"t":13},"geometry":{"type":"Point","coordinates":[408869.5,5655296.4]}},{"type":"Feature","properties":{"h":9.0,"d":4.0,"a":0,"l":"d","gn":1,"t":12},"geometry":{"type":"Point","coordinates":[408869.8,5654981.1]}},{"type":"Feature","properties":{"h":11.0,"d":4.0,"a":1,"l":"d","gn":30,"t":27},"geometry":{"type":"Point","coordinates":[408870.0,5654056.9]}},{"type":"Feature","properties":{"h":8.0,"d":4.0,"a":0,"l":"d","gn":1,"t":14},"geometry":{"type":"Point","coordinates":[408870.0,5655138.6]}},{"type":"Feature","properties":{"h":9.0,"d":4.0,"a":0,"l":"d","gn":1,"t":13},"geometry":{"type":"Point","coordinates":[408870.6,5655281.4]}},{"type":"Feature","properties":{"h":7.0,"d":3.0,"a":5,"l":"d","gn":12,"t":9},"geometry":{"type":"Point","coordinates":[408870.7,5655645.4]}},{"type":"Feature","properties":{"h":11.0,"d":4.0,"a":2,"l":"d","gn":4,"t":12},"geometry":{"type":"Point","coordinates":[408870.8,5655631.7]}},{"type":"Feature","properties":{"h":15.0,"d":17.0,"a":1,"l":"d","gn":11,"t":80},"geometry":{"type":"Point","coordinates":[408871.4,5655810.8]}},{"type":"Feature","properties":{"h":8.0,"d":4.0,"a":0,"l":"d","gn":1,"t":14},"geometry":{"type":"Point","coordinates":[408871.4,5655121.1]}},{"type":"Feature","properties":{"h":9.0,"d":5.0,"a":2,"l":"d","gn":1,"t":26},"geometry":{"type":"Point","coordinates":[408871.6,5654860.7]}},{"type":"Feature","properties":{"h":12.5,"d":7.5,"a":0,"l":"d","gn":6,"t":63},"geometry":{"type":"Point","coordinates":[408871.9,5654223.5]}},{"type":"Feature","properties":{"h":8.0,"d":4.0,"a":0,"l":"d","gn":1,"t":11},"geometry":{"type":"Point","coordinates":[408872.0,5655263.0]}},{"type":"Feature","properties":{"h":8.0,"d":4.0,"a":0,"l":"d","gn":1,"t":14},"geometry":{"type":"Point","coordinates":[408872.3,5655108.1]}},{"type":"Feature","properties":{"h":8.0,"d":4.0,"a":2,"l":"d","gn":1,"t":24},"geometry":{"type":"Point","coordinates":[408872.3,5654873.4]}},{"type":"Feature","properties":{"h":8.0,"d":4.0,"a":0,"l":"d","gn":1,"t":11},"geometry":{"type":"Point","coordinates":[408873.0,5655250.0]}},{"type":"Feature","properties":{"h":8.0,"d":4.0,"a":0,"l":"d","gn":1,"t":14},"geometry":{"type":"Point","coordinates":[408873.4,5655094.0]}},{"type":"Feature","properties":{"h":8.0,"d":4.0,"a":0,"l":"d","gn":1,"t":14},"geometry":{"type":"Point","coordinates":[408874.4,5655079.2]}},{"type":"Feature","properties":{"h":7.0,"d":3.0,"a":0,"l":"d","gn":1,"t":11},"geometry":{"type":"Point","coordinates":[408874.8,5655226.0]}},{"type":"Feature","properties":{"h":8.0,"d":4.0,"a":0,"l":"d","gn":1,"t":14},"geometry":{"type":"Point","coordinates":[408875.6,5655061.4]}},{"type":"Feature","properties":{"h":8.0,"d":4.0,"a":0,"l":"d","gn":1,"t":11},"geometry":{"type":"Point","coordinates":[408876.1,5655207.3]}},{"type":"Feature","properties":{"h":6.0,"d":1.0,"a":0,"l":"d","gn":1,"t":8},"geometry":{"type":"Point","coordinates":[408876.7,5655049.9]}},{"type":"Feature","properties":{"h":8.0,"d":4.0,"a":0,"l":"d","gn":1,"t":12},"geometry":{"type":"Point","coordinates":[408877.5,5655187.7]}},{"type":"Feature","properties":{"h":6.0,"d":1.0,"a":0,"l":"d","gn":1,"t":9},"geometry":{"type":"Point","coordinates":[408877.6,5655034.8]}},{"type":"Feature","properties":{"h":11.0,"d":5.0,"a":2,"l":"d","gn":1,"t":28},"geometry":{"type":"Point","coordinates":[408878.0,5654981.5]}},{"type":"Feature","properties":{"h":12.0,"d":4.0,"a":2,"l":"d","gn":1,"t":26},"geometry":{"type":"Point","coordinates":[408878.3,5654873.9]}},{"type":"Feature","properties":{"h":8.0,"d":4.0,"a":0,"l":"d","gn":1,"t":12},"geometry":{"type":"Point","coordinates":[408878.8,5655019.7]}},{"type":"Feature","properties":{"h":10.0,"d":4.0,"a":1,"l":"d","gn":30,"t":22},"geometry":{"type":"Point","coordinates":[408878.8,5654055.0]}},{"type":"Feature","properties":{"h":11.0,"d":4.0,"a":2,"l":"d","gn":1,"t":24},"geometry":{"type":"Point","coordinates":[408878.9,5654861.2]}},{"type":"Feature","properties":{"h":10.0,"d":7.0,"a":5,"l":"d","c":1,"gn":8,"t":20},"geometry":{"type":"Point","coordinates":[408879.2,5655817.0]}},{"type":"Feature","properties":{"h":8.0,"d":4.0,"a":0,"l":"d","gn":1,"t":12},"geometry":{"type":"Point","coordinates":[408879.7,5655005.1]}},{"type":"Feature","properties":{"h":6.0,"d":2.0,"a":0,"l":"d","c":2,"gn":13,"t":8},"geometry":{"type":"Point","coordinates":[408880.7,5655496.3]}},{"type":"Feature","properties":{"h":8.0,"d":4.0,"a":0,"l":"d","gn":1,"t":11},"geometry":{"type":"Point","coordinates":[408881.0,5655140.3]}},{"type":"Feature","properties":{"h":15.0,"d":12.0,"a":0,"l":"d","gn":1,"t":36},"geometry":{"type":"Point","coordinates":[408882.0,5655809.0]}},{"type":"Feature","properties":{"h":6.0,"d":2.0,"a":0,"l":"d","c":2,"gn":13,"t":7},"geometry":{"type":"Point","coordinates":[408882.4,5655483.3]}},{"type":"Feature","properties":{"h":8.0,"d":4.0,"a":0,"l":"d","gn":1,"t":11},"geometry":{"type":"Point","coordinates":[408882.5,5655121.8]}},{"type":"Feature","properties":{"h":8.0,"d":4.0,"a":0,"l":"d","gn":1,"t":11},"geometry":{"type":"Point","coordinates":[408883.4,5655108.8]}},{"type":"Feature","properties":{"h":13.0,"d":8.0,"a":0,"l":"d","gn":3,"t":47},"geometry":{"type":"Point","coordinates":[408883.6,5654974.0]}},{"type":"Feature","properties":{"h":8.0,"d":4.0,"a":0,"l":"d","gn":1,"t":11},"geometry":{"type":"Point","coordinates":[408884.4,5655094.8]}},{"type":"Feature","properties":{"h":16.0,"d":11.0,"a":0,"l":"d","gn":3,"t":42},"geometry":{"type":"Point","coordinates":[408885.2,5654952.5]}},{"type":"Feature","properties":{"h":8.0,"d":4.0,"a":0,"l":"d","gn":7,"t":19},"geometry":{"type":"Point","coordinates":[408885.4,5655920.4]}},{"type":"Feature","properties":{"h":8.0,"d":4.0,"a":0,"l":"d","gn":1,"t":11},"geometry":{"type":"Point","coordinates":[408885.5,5655079.9]}},{"type":"Feature","properties":{"h":10.0,"d":4.0,"a":2,"l":"d","gn":1,"t":23},"geometry":{"type":"Point","coordinates":[408885.8,5654874.4]}},{"type":"Feature","properties":{"h":17.0,"d":12.0,"a":0,"l":"d","gn":3,"t":42},"geometry":{"type":"Point","coordinates":[408886.2,5654938.3]}},{"type":"Feature","properties":{"h":14.0,"d":14.0,"a":0,"l":"d","gn":1,"t":47},"geometry":{"type":"Point","coordinates":[408886.3,5655810.5]}},{"type":"Feature","properties":{"h":8.0,"d":4.0,"a":0,"l":"d","gn":1,"t":11},"geometry":{"type":"Point","coordinates":[408886.8,5655062.7]}},{"type":"Feature","properties":{"h":16.1,"d":11.4,"a":0,"l":"d","gn":3,"t":93},"geometry":{"type":"Point","coordinates":[408887.1,5654229.1]}},{"type":"Feature","properties":{"h":9.0,"d":4.0,"a":2,"l":"d","gn":1,"t":25},"geometry":{"type":"Point","coordinates":[408887.2,5654861.9]}},{"type":"Feature","properties":{"h":16.0,"d":10.0,"a":0,"l":"d","gn":3,"t":39},"geometry":{"type":"Point","coordinates":[408887.3,5654923.9]}},{"type":"Feature","properties":{"h":8.0,"d":4.0,"a":0,"l":"d","gn":1,"t":11},"geometry":{"type":"Point","coordinates":[408887.5,5655052.6]}},{"type":"Feature","properties":{"h":16.0,"d":11.0,"a":0,"l":"d","gn":3,"t":42},"geometry":{"type":"Point","coordinates":[408888.3,5654910.1]}},{"type":"Feature","properties":{"h":10.0,"d":4.0,"a":1,"l":"d","gn":30,"t":24},"geometry":{"type":"Point","coordinates":[408888.4,5654052.8]}},{"type":"Feature","properties":{"h":8.0,"d":4.0,"a":0,"l":"d","gn":1,"t":11},"geometry":{"type":"Point","coordinates":[408888.7,5655036.1]}},{"type":"Feature","properties":{"h":12.0,"d":7.0,"a":3,"l":"e","t":35},"geometry":{"type":"Point","coordinates":[408889.3,5655677.9]}},{"type":"Feature","properties":{"h":16.0,"d":11.0,"a":0,"l":"d","gn":3,"t":42},"geometry":{"type":"Point","coordinates":[408889.4,5654895.9]}},{"type":"Feature","properties":{"h":8.0,"d":4.0,"a":0,"l":"d","gn":1,"t":11},"geometry":{"type":"Point","coordinates":[408890.0,5655020.3]}},{"type":"Feature","properties":{"h":13.0,"d":8.0,"a":0,"l":"d","gn":3,"t":41},"geometry":{"type":"Point","coordinates":[408890.5,5654882.0]}},{"type":"Feature","properties":{"h":8.0,"d":4.0,"a":0,"l":"d","gn":1,"t":12},"geometry":{"type":"Point","coordinates":[408891.0,5655005.3]}},{"type":"Feature","properties":{"h":7.0,"d":3.0,"a":5,"l":"d","gn":12,"t":10},"geometry":{"type":"Point","coordinates":[408891.5,5655703.9]}},{"type":"Feature","properties":{"h":8.0,"d":4.0,"a":0,"l":"d","gn":7,"t":18},"geometry":{"type":"Point","coordinates":[408892.9,5655933.0]}},{"type":"Feature","properties":{"h":7.0,"d":3.0,"a":5,"l":"d","gn":12,"t":9},"geometry":{"type":"Point","coordinates":[408893.2,5655697.6]}},{"type":"Feature","properties":{"h":23.0,"d":12.0,"a":0,"l":"d","gn":3,"t":57},"geometry":{"type":"Point","coordinates":[408894.3,5655603.9]}},{"type":"Feature","properties":{"h":7.0,"d":3.0,"a":5,"l":"d","gn":12,"t":9},"geometry":{"type":"Point","coordinates":[408895.9,5655688.8]}},{"type":"Feature","properties":{"h":8.0,"d":4.0,"a":0,"l":"d","gn":7,"t":23},"geometry":{"type":"Point","coordinates":[408896.4,5655939.2]}},{"type":"Feature","properties":{"h":14.0,"d":6.0,"a":0,"l":"d","gn":3,"t":19},"geometry":{"type":"Point","coordinates":[408897.0,5654975.6]}},{"type":"Feature","properties":{"h":10.0,"d":6.0,"a":0,"l":"d","gn":3,"t":18},"geometry":{"type":"Point","coordinates":[408897.2,5654967.7]}},{"type":"Feature","properties":{"h":15.0,"d":9.0,"a":0,"l":"d","gn":3,"t":38},"geometry":{"type":"Point","coordinates":[408897.7,5654960.7]}},{"type":"Feature","properties":{"h":11.0,"d":5.0,"a":0,"l":"d","gn":3,"t":16},"geometry":{"type":"Point","coordinates":[408898.3,5654953.6]}},{"type":"Feature","properties":{"h":7.0,"d":3.0,"a":5,"l":"d","gn":12,"t":9},"geometry":{"type":"Point","coordinates":[408898.6,5655680.2]}},{"type":"Feature","properties":{"h":18.0,"d":7.0,"a":0,"l":"d","gn":3,"t":39},"geometry":{"type":"Point","coordinates":[408898.7,5654946.4]}},{"type":"Feature","properties":{"h":7.0,"d":3.0,"a":1,"l":"d","gn":3,"t":12},"geometry":{"type":"Point","coordinates":[408898.8,5655587.8]}},{"type":"Feature","properties":{"h":6.0,"d":2.0,"a":0,"l":"d","c":2,"gn":13,"t":8},"geometry":{"type":"Point","coordinates":[408898.8,5655498.7]}},{"type":"Feature","properties":{"h":16.0,"d":9.0,"a":0,"l":"d","gn":3,"t":29},"geometry":{"type":"Point","coordinates":[408899.3,5654939.6]}},{"type":"Feature","properties":{"h":10.0,"d":5.0,"a":0,"l":"d","gn":1,"t":27},"geometry":{"type":"Point","coordinates":[408899.5,5655818.0]}},{"type":"Feature","properties":{"h":15.0,"d":6.0,"a":0,"l":"d","gn":3,"t":15},"geometry":{"type":"Point","coordinates":[408900.3,5654931.9]}},{"type":"Feature","properties":{"h":5.0,"d":2.0,"a":0,"l":"d","c":2,"gn":13,"t":7},"geometry":{"type":"Point","coordinates":[408900.5,5655485.8]}},{"type":"Feature","properties":{"h":10.0,"d":7.0,"a":5,"l":"d","gn":24,"t":45},"geometry":{"type":"Point","coordinates":[408900.7,5655815.9]}},{"type":"Feature","properties":{"h":13.0,"d":6.0,"a":0,"l":"d","gn":3,"t":15},"geometry":{"type":"Point","coordinates":[408900.9,5654918.2]}},{"type":"Feature","properties":{"h":11.0,"d":5.0,"a":1,"l":"d","gn":30,"t":27},"geometry":{"type":"Point","coordinates":[408901.2,5654049.8]}},{"type":"Feature","properties":{"h":7.0,"d":3.0,"a":5,"l":"d","gn":12,"t":9},"geometry":{"type":"Point","coordinates":[408901.2,5655671.0]}},{"type":"Feature","properties":{"h":19.0,"d":11.0,"a":0,"l":"d","gn":4,"t":58},"geometry":{"type":"Point","coordinates":[408901.2,5654970.4]}},{"type":"Feature","properties":{"h":7.0,"d":3.0,"a":1,"l":"d","gn":3,"t":12},"geometry":{"type":"Point","coordinates":[408901.2,5655614.7]}},{"type":"Feature","properties":{"h":18.0,"d":9.0,"a":0,"l":"d","gn":3,"t":42},"geometry":{"type":"Point","coordinates":[408901.4,5654911.9]}},{"type":"Feature","properties":{"h":4.0,"d":1.0,"a":0,"l":"d","gn":1,"t":5},"geometry":{"type":"Point","coordinates":[408901.9,5655837.2]}},{"type":"Feature","properties":{"h":13.0,"d":6.0,"a":0,"l":"d","gn":3,"t":15},"geometry":{"type":"Point","coordinates":[408902.0,5654903.4]}},{"type":"Feature","properties":{"h":19.0,"d":11.0,"a":0,"l":"d","gn":3,"t":50},"geometry":{"type":"Point","coordinates":[408902.3,5654995.4]}},{"type":"Feature","properties":{"h":4.0,"d":1.0,"a":0,"l":"d","gn":1,"t":5},"geometry":{"type":"Point","coordinates":[408902.3,5655418.4]}},{"type":"Feature","properties":{"h":15.0,"d":8.0,"a":0,"l":"d","gn":3,"t":42},"geometry":{"type":"Point","coordinates":[408902.4,5654897.1]}},{"type":"Feature","properties":{"h":18.0,"d":11.0,"a":0,"l":"d","gn":1,"t":52},"geometry":{"type":"Point","coordinates":[408902.8,5654924.7]}},{"type":"Feature","properties":{"h":15.0,"d":6.0,"a":0,"l":"d","gn":1,"t":30},"geometry":{"type":"Point","coordinates":[408903.1,5654956.3]}},{"type":"Feature","properties":{"h":12.0,"d":5.0,"a":0,"l":"d","gn":1,"t":24},"geometry":{"type":"Point","coordinates":[408903.2,5654952.0]}},{"type":"Feature","properties":{"h":22.0,"d":12.0,"a":0,"l":"d","gn":3,"t":56},"geometry":{"type":"Point","coordinates":[408903.3,5654982.5]}},{"type":"Feature","properties":{"h":7.0,"d":3.0,"a":1,"l":"d","gn":3,"t":12},"geometry":{"type":"Point","coordinates":[408903.4,5655607.1]}},{"type":"Feature","properties":{"h":13.0,"d":7.0,"a":0,"l":"d","gn":3,"t":24},"geometry":{"type":"Point","coordinates":[408903.4,5654882.7]}},{"type":"Feature","properties":{"h":8.0,"d":4.0,"a":0,"l":"d","gn":1,"t":18},"geometry":{"type":"Point","coordinates":[408903.6,5654936.3]}},{"type":"Feature","properties":{"h":11.0,"d":5.0,"a":2,"l":"d","gn":4,"t":13},"geometry":{"type":"Point","coordinates":[408903.6,5655654.4]}},{"type":"Feature","properties":{"h":15.0,"d":8.0,"a":0,"l":"d","gn":1,"t":38},"geometry":{"type":"Point","coordinates":[408903.6,5654961.8]}},{"type":"Feature","properties":{"h":15.0,"d":7.0,"a":0,"l":"d","gn":1,"t":32},"geometry":{"type":"Point","coordinates":[408904.8,5654946.4]}},{"type":"Feature","properties":{"h":8.0,"d":4.0,"a":0,"l":"d","gn":1,"t":20},"geometry":{"type":"Point","coordinates":[408905.2,5654939.5]}},{"type":"Feature","properties":{"h":7.0,"d":10.0,"a":0,"l":"d","gn":1,"t":43},"geometry":{"type":"Point","coordinates":[408905.6,5655831.7]}},{"type":"Feature","properties":{"h":7.0,"d":3.0,"a":1,"l":"d","gn":3,"t":12},"geometry":{"type":"Point","coordinates":[408906.4,5655594.8]}},{"type":"Feature","properties":{"h":12.0,"d":13.0,"a":0,"l":"d","gn":1,"t":134},"geometry":{"type":"Point","coordinates":[408906.8,5655821.6]}},{"type":"Feature","properties":{"h":10.0,"d":5.0,"a":0,"l":"d","gn":1,"t":22},"geometry":{"type":"Point","coordinates":[408907.2,5654915.8]}},{"type":"Feature","properties":{"h":12.0,"d":7.0,"a":0,"l":"d","gn":1,"t":28},"geometry":{"type":"Point","coordinates":[408907.4,5654900.4]}},{"type":"Feature","properties":{"h":5.0,"d":3.0,"a":0,"l":"d","gn":1,"t":10},"geometry":{"type":"Point","coordinates":[408907.7,5654886.4]}},{"type":"Feature","properties":{"h":8.0,"d":6.0,"a":0,"l":"d","gn":1,"t":25},"geometry":{"type":"Point","coordinates":[408907.9,5654906.4]}},{"type":"Feature","properties":{"h":3.0,"d":2.0,"a":5,"l":"d","gn":21},"geometry":{"type":"Point","coordinates":[408908.0,5655418.1]}},{"type":"Feature","properties":{"h":12.0,"d":8.0,"a":0,"l":"d","gn":3,"t":39},"geometry":{"type":"Point","coordinates":[408909.2,5655836.6]}},{"type":"Feature","properties":{"h":23.0,"d":13.0,"a":0,"l":"d","gn":3,"t":62},"geometry":{"type":"Point","coordinates":[408909.5,5655551.3]}},{"type":"Feature","properties":{"h":5.0,"d":2.0,"a":0,"l":"d","gn":21,"t":8},"geometry":{"type":"Point","coordinates":[408909.6,5655427.4]}},{"type":"Feature","properties":{"h":10.0,"d":4.0,"a":1,"l":"d","gn":30,"t":25},"geometry":{"type":"Point","coordinates":[408909.8,5654047.8]}},{"type":"Feature","properties":{"h":6.0,"d":4.0,"a":0,"l":"d","gn":3,"t":12},"geometry":{"type":"Point","coordinates":[408910.7,5654983.1]}},{"type":"Feature","properties":{"h":6.0,"d":4.0,"a":0,"l":"d","gn":1,"t":20},"geometry":{"type":"Point","coordinates":[408911.4,5655818.3]}},{"type":"Feature","properties":{"h":7.0,"d":3.0,"a":1,"l":"d","gn":3,"t":12},"geometry":{"type":"Point","coordinates":[408911.4,5655579.3]}},{"type":"Feature","properties":{"h":22.0,"d":15.0,"a":0,"l":"d","gn":3,"t":50},"geometry":{"type":"Point","coordinates":[408911.5,5654876.1]}},{"type":"Feature","properties":{"h":21.0,"d":12.0,"a":0,"l":"d","gn":3,"t":54},"geometry":{"type":"Point","coordinates":[408911.5,5655544.3]}},{"type":"Feature","properties":{"h":17.0,"d":10.0,"a":1,"l":"d","gn":11,"t":55},"geometry":{"type":"Point","coordinates":[408911.9,5654977.2]}},{"type":"Feature","properties":{"h":14.0,"d":11.0,"a":0,"l":"d","gn":1,"t":70},"geometry":{"type":"Point","coordinates":[408912.6,5655820.5]}},{"type":"Feature","properties":{"h":4.0,"d":2.0,"a":5,"l":"d","gn":24,"t":6},"geometry":{"type":"Point","coordinates":[408912.7,5655419.5]}},{"type":"Feature","properties":{"h":9.0,"d":4.0,"a":0,"l":"d","gn":3,"t":16},"geometry":{"type":"Point","coordinates":[408913.2,5654863.4]}},{"type":"Feature","properties":{"h":12.0,"d":7.0,"a":0,"l":"d","gn":1,"t":24},"geometry":{"type":"Point","coordinates":[408913.6,5655818.9]}},{"type":"Feature","properties":{"h":15.0,"d":10.0,"a":0,"l":"d","gn":1,"t":42},"geometry":{"type":"Point","coordinates":[408915.2,5654894.6]}},{"type":"Feature","properties":{"h":12.0,"d":13.0,"a":0,"l":"d","gn":1,"t":62},"geometry":{"type":"Point","coordinates":[408915.3,5655819.4]}},{"type":"Feature","properties":{"h":19.0,"d":12.0,"a":0,"l":"d","gn":1,"t":58},"geometry":{"type":"Point","coordinates":[408915.3,5654939.6]}},{"type":"Feature","properties":{"h":7.0,"d":3.0,"a":1,"l":"d","gn":3,"t":12},"geometry":{"type":"Point","coordinates":[408916.0,5655527.9]}},{"type":"Feature","properties":{"h":9.0,"d":6.0,"a":0,"l":"d","gn":1,"t":37},"geometry":{"type":"Point","coordinates":[408916.6,5654912.5]}},{"type":"Feature","properties":{"h":21.0,"d":11.0,"a":0,"l":"d","gn":3,"t":57},"geometry":{"type":"Point","coordinates":[408916.8,5654996.4]}},{"type":"Feature","properties":{"h":7.0,"d":8.0,"a":5,"l":"d","c":1,"gn":8,"t":36},"geometry":{"type":"Point","coordinates":[408917.4,5655839.2]}},{"type":"Feature","properties":{"h":22.0,"d":12.0,"a":0,"l":"d","gn":3,"t":61},"geometry":{"type":"Point","coordinates":[408917.6,5654983.5]}},{"type":"Feature","properties":{"h":7.0,"d":3.0,"a":1,"l":"d","gn":3,"t":12},"geometry":{"type":"Point","coordinates":[408919.1,5655553.4]}},{"type":"Feature","properties":{"h":19.0,"d":12.0,"a":0,"l":"d","gn":3,"t":53},"geometry":{"type":"Point","coordinates":[408919.2,5655517.3]}},{"type":"Feature","properties":{"h":5.0,"d":2.0,"a":0,"l":"d","gn":5,"t":7},"geometry":{"type":"Point","coordinates":[408919.2,5655427.6]}},{"type":"Feature","properties":{"h":6.0,"d":4.0,"a":0,"l":"d","gn":3,"t":12},"geometry":{"type":"Point","coordinates":[408921.2,5654877.3]}},{"type":"Feature","properties":{"h":4.0,"d":1.0,"a":0,"l":"d","t":6},"geometry":{"type":"Point","coordinates":[408921.7,5654972.8]}},{"type":"Feature","properties":{"h":5.0,"d":2.0,"a":0,"l":"d","t":7},"geometry":{"type":"Point","coordinates":[408921.7,5654972.8]}},{"type":"Feature","properties":{"h":6.0,"d":4.0,"a":1,"l":"d","gn":27,"t":17},"geometry":{"type":"Point","coordinates":[408921.8,5654898.9]}},{"type":"Feature","properties":{"h":16.0,"d":11.0,"a":0,"l":"d","gn":4,"t":44},"geometry":{"type":"Point","coordinates":[408922.7,5655838.1]}},{"type":"Feature","properties":{"h":11.0,"d":6.0,"a":0,"l":"d","gn":3,"t":16},"geometry":{"type":"Point","coordinates":[408924.5,5654983.9]}},{"type":"Feature","properties":{"h":7.0,"d":3.0,"a":1,"l":"d","gn":3,"t":12},"geometry":{"type":"Point","coordinates":[408925.5,5655530.8]}},{"type":"Feature","properties":{"h":21.0,"d":7.0,"a":0,"l":"d","gn":6,"t":95},"geometry":{"type":"Point","coordinates":[408925.9,5654940.2]}},{"type":"Feature","properties":{"h":17.0,"d":8.0,"a":0,"l":"d","gn":13,"t":46},"geometry":{"type":"Point","coordinates":[408927.1,5654949.2]}},{"type":"Feature","properties":{"h":4.0,"d":1.0,"a":0,"l":"d","gn":14,"t":5},"geometry":{"type":"Point","coordinates":[408927.6,5655838.4]}},{"type":"Feature","properties":{"h":10.0,"d":5.0,"a":0,"l":"d","gn":3,"t":20},"geometry":{"type":"Point","coordinates":[408927.7,5654864.4]}},{"type":"Feature","properties":{"h":7.0,"d":3.0,"a":1,"l":"d","gn":3,"t":12},"geometry":{"type":"Point","coordinates":[408928.7,5655519.8]}},{"type":"Feature","properties":{"h":5.0,"d":2.0,"a":1,"l":"d","gn":11,"t":7},"geometry":{"type":"Point","coordinates":[408928.8,5654910.9]}},{"type":"Feature","properties":{"h":17.0,"d":10.0,"a":0,"l":"d","gn":3,"t":32},"geometry":{"type":"Point","coordinates":[408929.1,5655456.2]}},{"type":"Feature","properties":{"h":11.0,"d":5.0,"a":1,"l":"d","gn":3,"t":12},"geometry":{"type":"Point","coordinates":[408929.8,5655446.5]}},{"type":"Feature","properties":{"h":25.0,"d":23.0,"a":0,"l":"d","gn":4,"t":110},"geometry":{"type":"Point","coordinates":[408930.2,5654890.7]}},{"type":"Feature","properties":{"h":23.0,"d":11.0,"a":0,"l":"d","gn":3,"t":60},"geometry":{"type":"Point","coordinates":[408930.8,5655434.8]}},{"type":"Feature","properties":{"h":17.0,"d":9.0,"a":0,"l":"d","gn":3,"t":44},"geometry":{"type":"Point","coordinates":[408931.0,5654997.5]}},{"type":"Feature","properties":{"h":19.5,"d":6.9,"a":2,"l":"d","gn":19,"t":97},"geometry":{"type":"Point","coordinates":[408931.7,5654325.1]}},{"type":"Feature","properties":{"h":22.5,"d":6.9,"a":2,"l":"d","gn":19,"t":61},"geometry":{"type":"Point","coordinates":[408931.9,5654327.6]}},{"type":"Feature","properties":{"h":23.0,"d":12.0,"a":0,"l":"d","gn":3,"t":57},"geometry":{"type":"Point","coordinates":[408932.0,5655418.8]}},{"type":"Feature","properties":{"h":18.0,"d":5.9,"a":2,"l":"d","gn":19,"t":42},"geometry":{"type":"Point","coordinates":[408932.0,5654329.6]}},{"type":"Feature","properties":{"h":19.0,"d":5.9,"a":2,"l":"d","gn":19,"t":37},"geometry":{"type":"Point","coordinates":[408932.2,5654332.0]}},{"type":"Feature","properties":{"h":20.5,"d":6.9,"a":2,"l":"d","gn":19,"t":63},"geometry":{"type":"Point","coordinates":[408932.3,5654334.7]}},{"type":"Feature","properties":{"h":6.0,"d":4.0,"a":0,"l":"d","gn":3,"t":11},"geometry":{"type":"Point","coordinates":[408932.5,5654984.6]}},{"type":"Feature","properties":{"h":24.0,"d":12.0,"a":0,"l":"d","gn":3,"t":58},"geometry":{"type":"Point","coordinates":[408932.7,5655409.2]}},{"type":"Feature","properties":{"h":15.0,"d":8.0,"a":0,"l":"d","gn":3,"t":49},"geometry":{"type":"Point","coordinates":[408932.8,5654877.7]}},{"type":"Feature","properties":{"h":24.0,"d":13.0,"a":0,"l":"d","gn":3,"t":59},"geometry":{"type":"Point","coordinates":[408933.4,5655398.2]}},{"type":"Feature","properties":{"h":6.0,"d":2.0,"a":1,"l":"d","gn":3,"t":9},"geometry":{"type":"Point","coordinates":[408934.0,5655388.5]}},{"type":"Feature","properties":{"h":10.0,"d":6.0,"a":0,"l":"d","gn":4,"t":22},"geometry":{"type":"Point","coordinates":[408934.6,5654939.6]}},{"type":"Feature","properties":{"h":23.0,"d":11.0,"a":0,"l":"d","gn":3,"t":52},"geometry":{"type":"Point","coordinates":[408934.8,5655380.7]}},{"type":"Feature","properties":{"h":6.0,"d":2.0,"a":0,"l":"d","gn":3,"t":11},"geometry":{"type":"Point","coordinates":[408935.2,5654006.2]}},{"type":"Feature","properties":{"h":22.0,"d":11.0,"a":0,"l":"d","gn":3,"t":57},"geometry":{"type":"Point","coordinates":[408935.5,5655373.1]}},{"type":"Feature","properties":{"h":27.0,"d":14.0,"a":0,"l":"d","gn":4,"t":133},"geometry":{"type":"Point","coordinates":[408935.7,5654923.6]}},{"type":"Feature","properties":{"h":20.0,"d":12.0,"a":0,"l":"d","gn":3,"t":49},"geometry":{"type":"Point","coordinates":[408936.1,5655363.7]}},{"type":"Feature","properties":{"h":21.0,"d":12.0,"a":0,"l":"d","gn":3,"t":63},"geometry":{"type":"Point","coordinates":[408936.4,5655333.2]}},{"type":"Feature","properties":{"h":23.0,"d":11.0,"a":0,"l":"d","gn":3,"t":63},"geometry":{"type":"Point","coordinates":[408936.7,5655354.1]}},{"type":"Feature","properties":{"h":8.0,"d":4.0,"a":0,"l":"d","gn":3,"t":16},"geometry":{"type":"Point","coordinates":[408937.7,5654865.2]}},{"type":"Feature","properties":{"h":9.0,"d":9.0,"a":0,"l":"d","gn":1,"t":44},"geometry":{"type":"Point","coordinates":[408938.0,5655830.7]}},{"type":"Feature","properties":{"h":6.0,"d":2.0,"a":0,"l":"d","gn":3,"t":11},"geometry":{"type":"Point","coordinates":[408938.4,5654055.0]}},{"type":"Feature","properties":{"h":6.0,"d":7.0,"a":0,"l":"d","gn":1,"t":28},"geometry":{"type":"Point","coordinates":[408938.4,5655840.1]}},{"type":"Feature","properties":{"h":21.0,"d":12.0,"a":0,"l":"d","gn":5,"t":79},"geometry":{"type":"Point","coordinates":[408939.1,5654971.2]}},{"type":"Feature","properties":{"h":22.0,"d":12.0,"a":0,"l":"d","gn":3,"t":60},"geometry":{"type":"Point","coordinates":[408939.2,5654985.1]}},{"type":"Feature","properties":{"h":6.0,"d":2.0,"a":0,"l":"d","gn":3,"t":11},"geometry":{"type":"Point","coordinates":[408939.3,5654013.2]}},{"type":"Feature","properties":{"h":16.0,"d":8.0,"a":1,"l":"d","gn":3,"t":27},"geometry":{"type":"Point","coordinates":[408939.4,5655475.0]}},{"type":"Feature","properties":{"h":22.0,"d":11.0,"a":0,"l":"d","gn":3,"t":59},"geometry":{"type":"Point","coordinates":[408939.9,5655314.1]}},{"type":"Feature","properties":{"h":6.0,"d":1.0,"a":2,"l":"d","gn":4,"t":7},"geometry":{"type":"Point","coordinates":[408940.0,5655671.6]}},{"type":"Feature","properties":{"h":11.0,"d":6.4,"a":0,"l":"d","s":"osm"},"geometry":{"type":"Point","coordinates":[408940.3,5655489.8]}},{"type":"Feature","properties":{"h":16.0,"d":7.0,"a":0,"l":"d","gn":3,"t":47},"geometry":{"type":"Point","coordinates":[408940.4,5655305.8]}},{"type":"Feature","properties":{"h":12.0,"d":6.0,"a":1,"l":"d","gn":3,"t":21},"geometry":{"type":"Point","coordinates":[408940.5,5655454.5]}},{"type":"Feature","properties":{"h":5.0,"d":3.0,"a":0,"l":"d","gn":3,"t":8},"geometry":{"type":"Point","coordinates":[408940.7,5654878.4]}},{"type":"Feature","properties":{"h":22.0,"d":9.0,"a":0,"l":"d","gn":3,"t":53},"geometry":{"type":"Point","coordinates":[408940.9,5655297.7]}},{"type":"Feature","properties":{"h":20.0,"d":9.0,"a":0,"l":"d","gn":3,"t":60},"geometry":{"type":"Point","coordinates":[408941.8,5655287.5]}},{"type":"Feature","properties":{"h":12.0,"d":5.0,"a":1,"l":"d","gn":3,"t":18},"geometry":{"type":"Point","coordinates":[408942.0,5655435.2]}},{"type":"Feature","properties":{"h":22.0,"d":10.0,"a":0,"l":"d","gn":3,"t":48},"geometry":{"type":"Point","coordinates":[408942.1,5655279.4]}},{"type":"Feature","properties":{"h":18.0,"d":11.0,"a":0,"l":"d","c":1,"gn":1,"t":66},"geometry":{"type":"Point","coordinates":[408943.1,5654975.0]}},{"type":"Feature","properties":{"h":20.0,"d":9.0,"a":0,"l":"d","gn":3,"t":47},"geometry":{"type":"Point","coordinates":[408943.5,5655262.2]}},{"type":"Feature","properties":{"h":17.0,"d":19.0,"a":0,"l":"d","gn":1,"t":81},"geometry":{"type":"Point","coordinates":[408944.2,5655839.2]}},{"type":"Feature","properties":{"h":6.0,"d":2.0,"a":0,"l":"d","gn":3,"t":11},"geometry":{"type":"Point","coordinates":[408944.3,5654060.7]}},{"type":"Feature","properties":{"h":21.0,"d":13.0,"a":0,"l":"d","gn":5,"t":73},"geometry":{"type":"Point","coordinates":[408944.3,5654947.0]}},{"type":"Feature","properties":{"h":19.0,"d":9.0,"a":0,"l":"d","gn":3,"t":59},"geometry":{"type":"Point","coordinates":[408944.4,5655253.4]}},{"type":"Feature","properties":{"h":16.0,"d":8.0,"a":0,"l":"d","gn":6,"t":42},"geometry":{"type":"Point","coordinates":[408944.7,5654956.9]}},{"type":"Feature","properties":{"h":22.0,"d":12.0,"a":0,"l":"d","gn":3,"t":56},"geometry":{"type":"Point","coordinates":[408945.0,5655243.3]}},{"type":"Feature","properties":{"h":18.0,"d":11.0,"a":0,"l":"d","gn":3,"t":44},"geometry":{"type":"Point","coordinates":[408945.3,5654998.6]}},{"type":"Feature","properties":{"h":21.0,"d":11.0,"a":0,"l":"d","gn":3,"t":48},"geometry":{"type":"Point","coordinates":[408945.7,5655234.3]}},{"type":"Feature","properties":{"h":13.0,"d":6.0,"a":0,"l":"d","gn":3,"t":17},"geometry":{"type":"Point","coordinates":[408946.0,5654985.5]}},{"type":"Feature","properties":{"h":19.0,"d":12.0,"a":0,"l":"d","gn":3,"t":60},"geometry":{"type":"Point","coordinates":[408946.3,5655226.5]}},{"type":"Feature","properties":{"h":14.0,"d":12.0,"a":0,"l":"d","gn":9,"t":63},"geometry":{"type":"Point","coordinates":[408946.5,5654904.0]}},{"type":"Feature","properties":{"h":11.0,"d":7.0,"a":0,"l":"d","gn":3,"t":17},"geometry":{"type":"Point","coordinates":[408946.5,5654893.0]}},{"type":"Feature","properties":{"h":21.0,"d":12.0,"a":0,"l":"d","gn":3,"t":49},"geometry":{"type":"Point","coordinates":[408946.8,5655217.0]}},{"type":"Feature","properties":{"h":17.0,"d":10.0,"a":0,"l":"d","gn":3,"t":43},"geometry":{"type":"Point","coordinates":[408946.9,5654879.1]}},{"type":"Feature","properties":{"h":16.0,"d":8.0,"a":1,"l":"d","gn":3,"t":27},"geometry":{"type":"Point","coordinates":[408947.3,5655364.3]}},{"type":"Feature","properties":{"h":5.0,"d":2.0,"a":5,"l":"d","gn":12,"t":11},"geometry":{"type":"Point","coordinates":[408947.4,5654931.4]}},{"type":"Feature","properties":{"h":9.0,"d":4.0,"a":0,"l":"d","gn":3,"t":17},"geometry":{"type":"Point","coordinates":[408947.5,5654865.8]}},{"type":"Feature","properties":{"h":20.0,"d":11.0,"a":0,"l":"d","gn":3,"t":45},"geometry":{"type":"Point","coordinates":[408947.5,5655208.1]}},{"type":"Feature","properties":{"h":10.0,"d":5.0,"a":5,"l":"d","gn":28,"t":29},"geometry":{"type":"Point","coordinates":[408948.0,5654926.0]}},{"type":"Feature","properties":{"h":21.0,"d":12.0,"a":0,"l":"d","gn":3,"t":57},"geometry":{"type":"Point","coordinates":[408948.2,5655198.8]}},{"type":"Feature","properties":{"h":19.0,"d":10.0,"a":0,"l":"d","gn":3,"t":60},"geometry":{"type":"Point","coordinates":[408948.7,5654941.0]}},{"type":"Feature","properties":{"h":19.0,"d":10.0,"a":0,"l":"d","gn":3,"t":44},"geometry":{"type":"Point","coordinates":[408949.0,5655189.8]}},{"type":"Feature","properties":{"h":15.0,"d":7.0,"a":1,"l":"d","gn":27,"t":64},"geometry":{"type":"Point","coordinates":[408949.1,5654921.0]}},{"type":"Feature","properties":{"h":20.0,"d":11.0,"a":0,"l":"d","gn":3,"t":55},"geometry":{"type":"Point","coordinates":[408949.6,5655180.7]}},{"type":"Feature","properties":{"h":6.0,"d":2.0,"a":0,"l":"d","c":2,"gn":13,"t":8},"geometry":{"type":"Point","coordinates":[408949.9,5655487.8]}},{"type":"Feature","properties":{"h":6.0,"d":2.0,"a":1,"l":"d","gn":3,"t":11},"geometry":{"type":"Point","coordinates":[408950.0,5654003.1]}},{"type":"Feature","properties":{"h":21.0,"d":13.0,"a":0,"l":"d","gn":3,"t":52},"geometry":{"type":"Point","coordinates":[408950.1,5655324.5]}},{"type":"Feature","properties":{"h":19.0,"d":13.0,"a":1,"l":"d","gn":11,"t":55},"geometry":{"type":"Point","coordinates":[408950.3,5654898.3]}},{"type":"Feature","properties":{"h":6.0,"d":2.0,"a":0,"l":"d","gn":3,"t":11},"geometry":{"type":"Point","coordinates":[408950.5,5654065.4]}},{"type":"Feature","properties":{"h":9.0,"d":4.0,"a":1,"l":"d","gn":3,"t":12},"geometry":{"type":"Point","coordinates":[408950.8,5655163.8]}},{"type":"Feature","properties":{"h":5.0,"d":1.0,"a":1,"l":"d","gn":3,"t":6},"geometry":{"type":"Point","coordinates":[408951.1,5655315.0]}},{"type":"Feature","properties":{"h":12.0,"d":5.0,"a":1,"l":"d","gn":3,"t":19},"geometry":{"type":"Point","coordinates":[408951.3,5655154.6]}},{"type":"Feature","properties":{"h":5.0,"d":5.0,"a":5,"l":"d","gn":1},"geometry":{"type":"Point","coordinates":[408951.5,5655842.7]}},{"type":"Feature","properties":{"h":13.0,"d":7.0,"a":1,"l":"d","gn":3,"t":18},"geometry":{"type":"Point","coordinates":[408952.2,5655299.0]}},{"type":"Feature","properties":{"h":19.0,"d":8.0,"a":0,"l":"d","gn":3,"t":50},"geometry":{"type":"Point","coordinates":[408952.9,5655289.1]}},{"type":"Feature","properties":{"h":10.0,"d":4.0,"a":1,"l":"d","gn":3,"t":12},"geometry":{"type":"Point","coordinates":[408953.0,5655136.3]}},{"type":"Feature","properties":{"h":5.0,"d":3.0,"a":1,"l":"d","gn":11,"t":8},"geometry":{"type":"Point","coordinates":[408953.0,5654909.9]}},{"type":"Feature","properties":{"h":6.0,"d":2.0,"a":1,"l":"d","gn":3,"t":11},"geometry":{"type":"Point","coordinates":[408953.3,5654008.5]}},{"type":"Feature","properties":{"h":13.0,"d":6.0,"a":1,"l":"d","gn":3,"t":19},"geometry":{"type":"Point","coordinates":[408953.4,5655127.5]}},{"type":"Feature","properties":{"h":21.0,"d":10.0,"a":0,"l":"d","gn":3,"t":52},"geometry":{"type":"Point","coordinates":[408953.8,5654986.3]}},{"type":"Feature","properties":{"h":13.0,"d":6.0,"a":1,"l":"d","gn":3,"t":18},"geometry":{"type":"Point","coordinates":[408954.3,5655112.0]}},{"type":"Feature","properties":{"h":3.0,"d":1.0,"a":5,"l":"d","gn":12,"t":7},"geometry":{"type":"Point","coordinates":[408954.4,5654976.6]}},{"type":"Feature","properties":{"h":15.0,"d":5.0,"a":0,"l":"d","gn":3,"t":24},"geometry":{"type":"Point","coordinates":[408955.3,5654879.5]}},{"type":"Feature","properties":{"h":11.0,"d":4.0,"a":1,"l":"d","gn":3,"t":16},"geometry":{"type":"Point","coordinates":[408956.1,5655095.1]}},{"type":"Feature","properties":{"h":4.0,"d":2.0,"a":0,"l":"d","gn":7,"t":6},"geometry":{"type":"Point","coordinates":[408956.7,5654886.2]}},{"type":"Feature","properties":{"h":10.0,"d":4.0,"a":1,"l":"d","gn":3,"t":12},"geometry":{"type":"Point","coordinates":[408956.7,5655087.6]}},{"type":"Feature","properties":{"h":10.0,"d":4.0,"a":1,"l":"d","gn":3,"t":12},"geometry":{"type":"Point","coordinates":[408957.6,5655077.1]}},{"type":"Feature","properties":{"h":7.0,"d":4.0,"a":0,"l":"d","c":1,"gn":1,"t":12},"geometry":{"type":"Point","coordinates":[408957.7,5654954.7]}},{"type":"Feature","properties":{"h":21.0,"d":12.0,"a":0,"l":"d","gn":3,"t":55},"geometry":{"type":"Point","coordinates":[408958.1,5655216.9]}},{"type":"Feature","properties":{"h":8.0,"d":3.0,"a":1,"l":"d","gn":3,"t":12},"geometry":{"type":"Point","coordinates":[408958.2,5655067.5]}},{"type":"Feature","properties":{"h":11.0,"d":5.0,"a":1,"l":"d","gn":3,"t":15},"geometry":{"type":"Point","coordinates":[408958.9,5655059.4]}},{"type":"Feature","properties":{"h":6.0,"d":2.0,"a":0,"l":"d","gn":3,"t":11},"geometry":{"type":"Point","coordinates":[408959.3,5654111.2]}},{"type":"Feature","properties":{"h":12.0,"d":5.0,"a":1,"l":"d","gn":3,"t":18},"geometry":{"type":"Point","coordinates":[408959.6,5655198.8]}},{"type":"Feature","properties":{"h":11.0,"d":4.0,"a":1,"l":"d","gn":3,"t":12},"geometry":{"type":"Point","coordinates":[408960.1,5655041.4]}},{"type":"Feature","properties":{"h":12.0,"d":5.0,"a":1,"l":"d","gn":3,"t":19},"geometry":{"type":"Point","coordinates":[408960.2,5655190.2]}},{"type":"Feature","properties":{"h":24.0,"d":15.0,"a":0,"l":"d","gn":3,"t":64},"geometry":{"type":"Point","coordinates":[408960.5,5654915.4]}},{"type":"Feature","properties":{"h":6.0,"d":2.0,"a":0,"l":"d","gn":3,"t":11},"geometry":{"type":"Point","coordinates":[408960.9,5654121.7]}},{"type":"Feature","properties":{"h":20.0,"d":10.0,"a":0,"l":"d","gn":3,"t":48},"geometry":{"type":"Point","coordinates":[408960.9,5654986.7]}},{"type":"Feature","properties":{"h":8.0,"d":3.0,"a":1,"l":"d","gn":3,"t":12},"geometry":{"type":"Point","coordinates":[408961.2,5655025.1]}},{"type":"Feature","properties":{"h":8.0,"d":5.0,"a":1,"l":"d","gn":3,"t":11},"geometry":{"type":"Point","coordinates":[408961.2,5654979.8]}},{"type":"Feature","properties":{"h":20.0,"d":10.0,"a":0,"l":"d","gn":3,"t":52},"geometry":{"type":"Point","coordinates":[408961.5,5654879.7]}},{"type":"Feature","properties":{"h":11.0,"d":7.0,"a":0,"l":"d","gn":3,"t":25},"geometry":{"type":"Point","coordinates":[408961.7,5654973.3]}},{"type":"Feature","properties":{"h":11.0,"d":5.0,"a":1,"l":"d","gn":3,"t":19},"geometry":{"type":"Point","coordinates":[408961.8,5655013.8]}},{"type":"Feature","properties":{"h":11.0,"d":6.0,"a":0,"l":"d","gn":3,"t":21},"geometry":{"type":"Point","coordinates":[408962.2,5654966.5]}},{"type":"Feature","properties":{"h":6.0,"d":2.0,"a":0,"l":"d","gn":3,"t":11},"geometry":{"type":"Point","coordinates":[408962.4,5654131.7]}},{"type":"Feature","properties":{"h":12.0,"d":6.0,"a":1,"l":"d","gn":3,"t":19},"geometry":{"type":"Point","coordinates":[408962.6,5655004.1]}},{"type":"Feature","properties":{"h":9.0,"d":6.0,"a":0,"l":"d","gn":3,"t":22},"geometry":{"type":"Point","coordinates":[408962.9,5654867.0]}},{"type":"Feature","properties":{"h":18.0,"d":8.0,"a":0,"l":"d","gn":3,"t":55},"geometry":{"type":"Point","coordinates":[408963.0,5654958.3]}},{"type":"Feature","properties":{"h":16.0,"d":6.0,"a":0,"l":"d","gn":3,"t":22},"geometry":{"type":"Point","coordinates":[408963.2,5654951.7]}},{"type":"Feature","properties":{"h":6.0,"d":2.0,"a":0,"l":"d","gn":3,"t":11},"geometry":{"type":"Point","coordinates":[408963.7,5654141.7]}},{"type":"Feature","properties":{"h":12.0,"d":6.0,"a":1,"l":"d","gn":3,"t":18},"geometry":{"type":"Point","coordinates":[408964.2,5655138.2]}},{"type":"Feature","properties":{"h":26.0,"d":16.0,"a":0,"l":"d","gn":3,"t":55},"geometry":{"type":"Point","coordinates":[408964.4,5654937.0]}},{"type":"Feature","properties":{"h":28.0,"d":18.0,"a":0,"l":"d","gn":3,"t":62},"geometry":{"type":"Point","coordinates":[408965.0,5654930.2]}},{"type":"Feature","properties":{"h":12.0,"d":6.0,"a":1,"l":"d","gn":3,"t":18},"geometry":{"type":"Point","coordinates":[408965.1,5655126.9]}},{"type":"Feature","properties":{"h":12.0,"d":5.0,"a":1,"l":"d","gn":3,"t":17},"geometry":{"type":"Point","coordinates":[408965.6,5655119.4]}},{"type":"Feature","properties":{"h":6.0,"d":2.0,"a":0,"l":"d","gn":3,"t":11},"geometry":{"type":"Point","coordinates":[408965.8,5654157.1]}},{"type":"Feature","properties":{"h":12.0,"d":5.0,"a":1,"l":"d","gn":3,"t":19},"geometry":{"type":"Point","coordinates":[408966.3,5655110.7]}},{"type":"Feature","properties":{"h":8.0,"d":9.0,"a":0,"l":"d","gn":6,"t":37},"geometry":{"type":"Point","coordinates":[408966.4,5655846.3]}},{"type":"Feature","properties":{"h":24.0,"d":17.0,"a":0,"l":"d","gn":3,"t":59},"geometry":{"type":"Point","coordinates":[408966.7,5654908.7]}},{"type":"Feature","properties":{"h":6.0,"d":6.0,"a":5,"l":"d","gn":1,"t":55},"geometry":{"type":"Point","coordinates":[408966.7,5655847.8]}},{"type":"Feature","properties":{"h":12.0,"d":6.0,"a":0,"l":"d","gn":3,"t":16},"geometry":{"type":"Point","coordinates":[408966.9,5654902.1]}},{"type":"Feature","properties":{"h":12.0,"d":5.0,"a":1,"l":"d","gn":3,"t":18},"geometry":{"type":"Point","coordinates":[408967.1,5655099.6]}},{"type":"Feature","properties":{"h":6.0,"d":2.0,"a":0,"l":"d","gn":3,"t":11},"geometry":{"type":"Point","coordinates":[408967.5,5654167.6]}},{"type":"Feature","properties":{"h":20.0,"d":12.0,"a":0,"l":"d","gn":3,"t":60},"geometry":{"type":"Point","coordinates":[408967.6,5654894.3]}},{"type":"Feature","properties":{"h":21.0,"d":15.0,"a":0,"l":"d","gn":3,"t":48},"geometry":{"type":"Point","coordinates":[408967.7,5654880.5]}},{"type":"Feature","properties":{"h":11.0,"d":4.0,"a":1,"l":"d","gn":3,"t":18},"geometry":{"type":"Point","coordinates":[408967.7,5655091.5]}},{"type":"Feature","properties":{"h":16.0,"d":10.0,"a":0,"l":"d","gn":3,"t":24},"geometry":{"type":"Point","coordinates":[408968.1,5654887.5]}},{"type":"Feature","properties":{"h":9.0,"d":4.0,"a":1,"l":"d","gn":3,"t":12},"geometry":{"type":"Point","coordinates":[408968.4,5655080.7]}},{"type":"Feature","properties":{"h":9.0,"d":4.0,"a":1,"l":"d","gn":3,"t":12},"geometry":{"type":"Point","coordinates":[408969.3,5655070.2]}},{"type":"Feature","properties":{"h":9.0,"d":4.0,"a":1,"l":"d","gn":3,"t":12},"geometry":{"type":"Point","coordinates":[408969.9,5655060.3]}},{"type":"Feature","properties":{"h":9.0,"d":4.0,"a":1,"l":"d","gn":3,"t":12},"geometry":{"type":"Point","coordinates":[408970.8,5655050.8]}},{"type":"Feature","properties":{"h":9.0,"d":4.0,"a":1,"l":"d","gn":3,"t":12},"geometry":{"type":"Point","coordinates":[408971.2,5655042.2]}},{"type":"Feature","properties":{"h":12.0,"d":5.0,"a":1,"l":"d","gn":3,"t":18},"geometry":{"type":"Point","coordinates":[408972.0,5655033.5]}},{"type":"Feature","properties":{"h":5.0,"d":7.0,"a":3,"l":"e","t":30},"geometry":{"type":"Point","coordinates":[408972.1,5654077.9]}},{"type":"Feature","properties":{"h":6.0,"d":6.0,"a":5,"l":"e","t":29},"geometry":{"type":"Point","coordinates":[408972.1,5654081.3]}},{"type":"Feature","properties":{"h":5.0,"d":4.0,"a":5,"l":"e","t":22},"geometry":{"type":"Point","coordinates":[408972.2,5654073.1]}},{"type":"Feature","properties":{"h":16.0,"d":10.0,"a":0,"l":"d","gn":3,"t":49},"geometry":{"type":"Point","coordinates":[408972.7,5655024.8]}},{"type":"Feature","properties":{"h":16.0,"d":10.0,"a":0,"l":"d","gn":3,"t":45},"geometry":{"type":"Point","coordinates":[408973.2,5655014.8]}},{"type":"Feature","properties":{"h":18.0,"d":9.0,"a":0,"l":"d","gn":3,"t":46},"geometry":{"type":"Point","coordinates":[408973.2,5654867.6]}},{"type":"Feature","properties":{"h":13.0,"d":8.0,"a":0,"l":"d","gn":3,"t":37},"geometry":{"type":"Point","coordinates":[408973.8,5655004.8]}},{"type":"Feature","properties":{"h":4.0,"d":2.0,"a":5,"l":"e","t":14},"geometry":{"type":"Point","coordinates":[408974.2,5654079.9]}},{"type":"Feature","properties":{"h":22.0,"d":13.0,"a":0,"l":"d","gn":3,"t":67},"geometry":{"type":"Point","coordinates":[408974.4,5654851.4]}},{"type":"Feature","properties":{"h":9.0,"d":7.0,"a":3,"l":"e","t":32},"geometry":{"type":"Point","coordinates":[408975.2,5654077.4]}},{"type":"Feature","properties":{"h":23.0,"d":13.0,"a":0,"l":"d","gn":3,"t":65},"geometry":{"type":"Point","coordinates":[408975.7,5654835.9]}},{"type":"Feature","properties":{"h":7.0,"d":6.0,"a":3,"l":"e","t":35},"geometry":{"type":"Point","coordinates":[408975.8,5654081.3]}},{"type":"Feature","properties":{"h":6.0,"d":2.0,"a":0,"l":"d","c":2,"gn":13,"t":7},"geometry":{"type":"Point","coordinates":[408975.9,5655486.3]}},{"type":"Feature","properties":{"h":19.0,"d":9.0,"a":0,"l":"d","gn":3,"t":31},"geometry":{"type":"Point","coordinates":[408976.1,5654827.7]}},{"type":"Feature","properties":{"h":23.0,"d":13.0,"a":0,"l":"d","gn":3,"t":62},"geometry":{"type":"Point","coordinates":[408976.6,5654820.1]}},{"type":"Feature","properties":{"h":6.0,"d":2.0,"a":0,"l":"d","c":2,"gn":13,"t":8},"geometry":{"type":"Point","coordinates":[408976.7,5655499.5]}},{"type":"Feature","properties":{"h":4.0,"d":6.4,"a":3,"l":"e","t":22},"geometry":{"type":"Point","coordinates":[408976.9,5654073.3]}},{"type":"Feature","properties":{"h":19.0,"d":10.0,"a":0,"l":"d","gn":3,"t":40},"geometry":{"type":"Point","coordinates":[408977.5,5654811.7]}},{"type":"Feature","properties":{"h":17.0,"d":11.0,"a":0,"l":"d","gn":3,"t":41},"geometry":{"type":"Point","coordinates":[408977.7,5655000.9]}},{"type":"Feature","properties":{"h":6.0,"d":8.0,"a":3,"l":"e","t":70},"geometry":{"type":"Point","coordinates":[408977.7,5654077.2]}},{"type":"Feature","properties":{"h":22.0,"d":12.0,"a":0,"l":"d","gn":3,"t":64},"geometry":{"type":"Point","coordinates":[408978.1,5654803.8]}},{"type":"Feature","properties":{"h":11.0,"d":5.0,"a":1,"l":"d","gn":3,"t":12},"geometry":{"type":"Point","coordinates":[408978.7,5654787.2]}},{"type":"Feature","properties":{"h":22.0,"d":14.0,"a":0,"l":"d","gn":3,"t":51},"geometry":{"type":"Point","coordinates":[408979.4,5654980.9]}},{"type":"Feature","properties":{"h":16.0,"d":9.0,"a":0,"l":"d","gn":3,"t":33},"geometry":{"type":"Point","coordinates":[408979.9,5654779.4]}},{"type":"Feature","properties":{"h":7.0,"d":3.0,"a":1,"l":"d","gn":3,"t":13},"geometry":{"type":"Point","coordinates":[408980.0,5654042.5]}},{"type":"Feature","properties":{"h":13.0,"d":7.0,"a":1,"l":"d","gn":3,"t":25},"geometry":{"type":"Point","coordinates":[408980.4,5654264.9]}},{"type":"Feature","properties":{"h":20.0,"d":10.0,"a":0,"l":"d","gn":3,"t":51},"geometry":{"type":"Point","coordinates":[408980.5,5654967.1]}},{"type":"Feature","properties":{"h":19.0,"d":10.0,"a":0,"l":"d","gn":3,"t":38},"geometry":{"type":"Point","coordinates":[408981.1,5654762.3]}},{"type":"Feature","properties":{"h":12.0,"d":6.0,"a":1,"l":"d","gn":3,"t":21},"geometry":{"type":"Point","coordinates":[408981.2,5654280.0]}},{"type":"Feature","properties":{"h":10.0,"d":5.0,"a":1,"l":"d","gn":3,"t":12},"geometry":{"type":"Point","coordinates":[408981.2,5654757.1]}},{"type":"Feature","properties":{"h":20.0,"d":13.0,"a":0,"l":"d","gn":3,"t":49},"geometry":{"type":"Point","coordinates":[408981.3,5654953.1]}},{"type":"Feature","properties":{"h":6.0,"d":2.0,"a":1,"l":"d","gn":3,"t":12},"geometry":{"type":"Point","coordinates":[408981.7,5654287.5]}},{"type":"Feature","properties":{"h":19.0,"d":7.0,"a":0,"l":"d","gn":3,"t":38},"geometry":{"type":"Point","coordinates":[408982.1,5654747.3]}},{"type":"Feature","properties":{"h":11.0,"d":6.0,"a":0,"l":"d","gn":3,"t":31},"geometry":{"type":"Point","coordinates":[408982.3,5654295.5]}},{"type":"Feature","properties":{"h":6.0,"d":2.0,"a":1,"l":"d","gn":3,"t":9},"geometry":{"type":"Point","coordinates":[408982.4,5654304.4]}},{"type":"Feature","properties":{"h":20.0,"d":12.0,"a":0,"l":"d","gn":3,"t":46},"geometry":{"type":"Point","coordinates":[408982.7,5654938.0]}},{"type":"Feature","properties":{"h":6.0,"d":2.0,"a":1,"l":"d","gn":3,"t":9},"geometry":{"type":"Point","coordinates":[408982.8,5654312.0]}},{"type":"Feature","properties":{"h":22.0,"d":12.0,"a":0,"l":"d","gn":3,"t":65},"geometry":{"type":"Point","coordinates":[408982.8,5654739.4]}},{"type":"Feature","properties":{"h":26.0,"d":16.0,"a":0,"l":"d","gn":3,"t":60},"geometry":{"type":"Point","coordinates":[408983.2,5654931.6]}},{"type":"Feature","properties":{"h":13.0,"d":7.0,"a":1,"l":"d","gn":3,"t":25},"geometry":{"type":"Point","coordinates":[408983.4,5654319.5]}},{"type":"Feature","properties":{"h":16.0,"d":7.0,"a":0,"l":"d","gn":3,"t":32},"geometry":{"type":"Point","coordinates":[408983.6,5654731.4]}},{"type":"Feature","properties":{"h":16.0,"d":7.0,"a":0,"l":"d","gn":3,"t":49},"geometry":{"type":"Point","coordinates":[408983.9,5654327.2]}},{"type":"Feature","properties":{"h":23.0,"d":12.0,"a":0,"l":"d","gn":3,"t":56},"geometry":{"type":"Point","coordinates":[408984.1,5654723.3]}},{"type":"Feature","properties":{"h":24.0,"d":17.0,"a":0,"l":"d","gn":3,"t":58},"geometry":{"type":"Point","coordinates":[408984.1,5654916.9]}},{"type":"Feature","properties":{"h":21.0,"d":13.0,"a":0,"l":"d","gn":3,"t":66},"geometry":{"type":"Point","coordinates":[408984.3,5654335.5]}},{"type":"Feature","properties":{"h":17.0,"d":7.0,"a":0,"l":"d","gn":3,"t":35},"geometry":{"type":"Point","coordinates":[408984.4,5654715.9]}},{"type":"Feature","properties":{"h":6.0,"d":2.0,"a":0,"l":"d","c":2,"gn":13,"t":8},"geometry":{"type":"Point","coordinates":[408984.8,5655485.8]}},{"type":"Feature","properties":{"h":19.0,"d":8.0,"a":0,"l":"d","gn":3,"t":38},"geometry":{"type":"Point","coordinates":[408984.9,5654342.1]}},{"type":"Feature","properties":{"h":21.0,"d":13.0,"a":0,"l":"d","gn":3,"t":60},"geometry":{"type":"Point","coordinates":[408985.1,5654351.6]}},{"type":"Feature","properties":{"h":15.0,"d":7.0,"a":1,"l":"d","gn":3,"t":18},"geometry":{"type":"Point","coordinates":[408985.2,5654861.3]}},{"type":"Feature","properties":{"h":11.0,"d":6.0,"a":1,"l":"d","gn":3,"t":20},"geometry":{"type":"Point","coordinates":[408985.2,5654359.6]}},{"type":"Feature","properties":{"h":5.0,"d":6.0,"a":3,"l":"e","t":32},"geometry":{"type":"Point","coordinates":[408985.3,5654076.1]}},{"type":"Feature","properties":{"h":26.0,"d":15.0,"a":0,"l":"d","gn":3,"t":56},"geometry":{"type":"Point","coordinates":[408985.3,5654903.0]}},{"type":"Feature","properties":{"h":13.0,"d":6.0,"a":1,"l":"d","gn":3,"t":12},"geometry":{"type":"Point","coordinates":[408985.5,5654852.7]}},{"type":"Feature","properties":{"h":12.0,"d":7.0,"a":1,"l":"d","gn":3,"t":26},"geometry":{"type":"Point","coordinates":[408985.7,5654367.8]}},{"type":"Feature","properties":{"h":7.0,"d":4.0,"a":0,"l":"d","gn":3,"t":13},"geometry":{"type":"Point","coordinates":[408985.8,5654960.6]}},{"type":"Feature","properties":{"h":21.0,"d":11.0,"a":0,"l":"d","gn":3,"t":61},"geometry":{"type":"Point","coordinates":[408985.8,5654700.3]}},{"type":"Feature","properties":{"h":18.0,"d":13.0,"a":0,"l":"d","gn":3,"t":49},"geometry":{"type":"Point","coordinates":[408985.8,5654988.5]}},{"type":"Feature","properties":{"h":11.0,"d":5.0,"a":1,"l":"d","gn":3,"t":12},"geometry":{"type":"Point","coordinates":[408986.1,5654686.8]}},{"type":"Feature","properties":{"h":12.0,"d":7.0,"a":1,"l":"d","gn":3,"t":23},"geometry":{"type":"Point","coordinates":[408986.1,5654375.5]}},{"type":"Feature","properties":{"h":15.0,"d":9.0,"a":0,"l":"d","gn":3,"t":40},"geometry":{"type":"Point","coordinates":[408986.6,5654888.5]}},{"type":"Feature","properties":{"h":18.0,"d":10.0,"a":0,"l":"d","gn":3,"t":44},"geometry":{"type":"Point","coordinates":[408986.9,5654836.0]}},{"type":"Feature","properties":{"h":18.0,"d":10.0,"a":0,"l":"d","gn":3,"t":40},"geometry":{"type":"Point","coordinates":[408986.9,5654679.1]}},{"type":"Feature","properties":{"h":23.0,"d":12.0,"a":0,"l":"d","gn":3,"t":59},"geometry":{"type":"Point","coordinates":[408987.1,5654383.8]}},{"type":"Feature","properties":{"h":23.0,"d":14.0,"a":0,"l":"d","gn":3,"t":64},"geometry":{"type":"Point","coordinates":[408987.5,5654671.0]}},{"type":"Feature","properties":{"h":23.0,"d":13.0,"a":0,"l":"d","gn":3,"t":78},"geometry":{"type":"Point","coordinates":[408987.5,5654828.4]}},{"type":"Feature","properties":{"h":11.0,"d":4.0,"a":1,"l":"d","gn":3,"t":12},"geometry":{"type":"Point","coordinates":[408987.7,5654654.7]}},{"type":"Feature","properties":{"h":12.0,"d":5.0,"a":1,"l":"d","gn":3,"t":17},"geometry":{"type":"Point","coordinates":[408987.9,5654407.5]}},{"type":"Feature","properties":{"h":11.0,"d":4.0,"a":1,"l":"d","gn":3,"t":12},"geometry":{"type":"Point","coordinates":[408988.0,5654646.7]}},{"type":"Feature","properties":{"h":7.0,"d":6.0,"a":3,"l":"e","t":27},"geometry":{"type":"Point","coordinates":[408988.1,5654071.2]}},{"type":"Feature","properties":{"h":15.0,"d":8.0,"a":3,"l":"e","t":46},"geometry":{"type":"Point","coordinates":[408988.2,5654073.5]}},{"type":"Feature","properties":{"h":12.0,"d":6.0,"a":1,"l":"d","gn":3,"t":28},"geometry":{"type":"Point","coordinates":[408988.4,5654415.1]}},{"type":"Feature","properties":{"h":14.0,"d":6.0,"a":1,"l":"d","gn":3,"t":12},"geometry":{"type":"Point","coordinates":[408988.6,5654812.4]}},{"type":"Feature","properties":{"h":12.0,"d":4.0,"a":1,"l":"d","gn":3,"t":12},"geometry":{"type":"Point","coordinates":[408988.6,5654630.7]}},{"type":"Feature","properties":{"h":16.0,"d":11.0,"a":0,"l":"d","gn":1,"t":42},"geometry":{"type":"Point","coordinates":[408988.8,5654974.2]}},{"type":"Feature","properties":{"h":8.0,"d":3.0,"a":1,"l":"d","gn":3,"t":12},"geometry":{"type":"Point","coordinates":[408988.9,5654051.9]}},{"type":"Feature","properties":{"h":11.0,"d":6.0,"a":1,"l":"d","gn":3,"t":12},"geometry":{"type":"Point","coordinates":[408989.6,5654611.2]}},{"type":"Feature","properties":{"h":19.0,"d":11.0,"a":0,"l":"d","gn":3,"t":50},"geometry":{"type":"Point","coordinates":[408989.7,5654805.2]}},{"type":"Feature","properties":{"h":8.0,"d":6.0,"a":3,"l":"e","t":27},"geometry":{"type":"Point","coordinates":[408989.9,5654072.6]}},{"type":"Feature","properties":{"h":16.0,"d":9.0,"a":0,"l":"d","gn":3,"t":40},"geometry":{"type":"Point","coordinates":[408989.9,5654622.0]}},{"type":"Feature","properties":{"h":10.0,"d":5.0,"a":1,"l":"d","gn":3,"t":19},"geometry":{"type":"Point","coordinates":[408990.1,5654447.0]}},{"type":"Feature","properties":{"h":6.0,"d":3.0,"a":0,"l":"d","c":1,"gn":1,"t":9},"geometry":{"type":"Point","coordinates":[408990.3,5654908.3]}},{"type":"Feature","properties":{"h":17.0,"d":11.0,"a":1,"l":"d","gn":11,"t":37},"geometry":{"type":"Point","coordinates":[408990.5,5654893.4]}},{"type":"Feature","properties":{"h":21.0,"d":12.0,"a":0,"l":"d","gn":3,"t":65},"geometry":{"type":"Point","coordinates":[408990.5,5654065.0]}},{"type":"Feature","properties":{"h":11.0,"d":5.0,"a":1,"l":"d","gn":3,"t":15},"geometry":{"type":"Point","coordinates":[408990.8,5654788.4]}},{"type":"Feature","properties":{"h":23.0,"d":13.0,"a":0,"l":"d","gn":3,"t":66},"geometry":{"type":"Point","coordinates":[408990.8,5654597.8]}},{"type":"Feature","properties":{"h":16.0,"d":10.0,"a":0,"l":"d","gn":3,"t":49},"geometry":{"type":"Point","coordinates":[408991.1,5654589.7]}},{"type":"Feature","properties":{"h":21.0,"d":11.0,"a":0,"l":"d","gn":3,"t":56},"geometry":{"type":"Point","coordinates":[408991.1,5654780.3]}},{"type":"Feature","properties":{"h":22.0,"d":12.0,"a":0,"l":"d","gn":3,"t":68},"geometry":{"type":"Point","coordinates":[408991.5,5654580.9]}},{"type":"Feature","properties":{"h":6.0,"d":6.0,"a":3,"l":"e","t":28},"geometry":{"type":"Point","coordinates":[408991.9,5654074.2]}},{"type":"Feature","properties":{"h":19.0,"d":11.0,"a":0,"l":"d","gn":3,"t":47},"geometry":{"type":"Point","coordinates":[408992.0,5655002.0]}},{"type":"Feature","properties":{"h":23.0,"d":13.0,"a":0,"l":"d","gn":3,"t":69},"geometry":{"type":"Point","coordinates":[408992.3,5654565.5]}},{"type":"Feature","properties":{"h":13.0,"d":5.0,"a":1,"l":"d","gn":3,"t":12},"geometry":{"type":"Point","coordinates":[408992.7,5654763.2]}},{"type":"Feature","properties":{"h":23.0,"d":14.0,"a":0,"l":"d","gn":3,"t":67},"geometry":{"type":"Point","coordinates":[408992.9,5654549.5]}},{"type":"Feature","properties":{"h":5.0,"d":1.0,"a":1,"l":"d","gn":3,"t":6},"geometry":{"type":"Point","coordinates":[408993.0,5654498.0]}},{"type":"Feature","properties":{"h":14.0,"d":6.0,"a":1,"l":"d","gn":3,"t":12},"geometry":{"type":"Point","coordinates":[408993.0,5654758.6]}},{"type":"Feature","properties":{"h":16.0,"d":8.0,"a":0,"l":"d","gn":3,"t":35},"geometry":{"type":"Point","coordinates":[408993.1,5654541.4]}},{"type":"Feature","properties":{"h":21.0,"d":12.0,"a":0,"l":"d","gn":3,"t":58},"geometry":{"type":"Point","coordinates":[408993.6,5654748.5]}},{"type":"Feature","properties":{"h":19.0,"d":8.0,"a":0,"l":"d","gn":3,"t":55},"geometry":{"type":"Point","coordinates":[408993.6,5654056.4]}},{"type":"Feature","properties":{"h":11.0,"d":4.0,"a":1,"l":"d","gn":3,"t":12},"geometry":{"type":"Point","coordinates":[408993.6,5654533.5]}},{"type":"Feature","properties":{"h":12.0,"d":6.0,"a":1,"l":"d","gn":3,"t":19},"geometry":{"type":"Point","coordinates":[408993.7,5654525.4]}},{"type":"Feature","properties":{"h":22.0,"d":13.0,"a":0,"l":"d","gn":3,"t":50},"geometry":{"type":"Point","coordinates":[408994.0,5654882.3]}},{"type":"Feature","properties":{"h":16.0,"d":9.0,"a":0,"l":"d","gn":3,"t":41},"geometry":{"type":"Point","coordinates":[408994.4,5654740.4]}},{"type":"Feature","properties":{"h":18.0,"d":7.0,"a":0,"l":"d","gn":3,"t":40},"geometry":{"type":"Point","coordinates":[408994.5,5654310.1]}},{"type":"Feature","properties":{"h":21.0,"d":12.0,"a":0,"l":"d","gn":3,"t":63},"geometry":{"type":"Point","coordinates":[408994.8,5654318.2]}},{"type":"Feature","properties":{"h":26.0,"d":20.0,"a":0,"l":"d","gn":4,"t":108},"geometry":{"type":"Point","coordinates":[408995.2,5654979.2]}},{"type":"Feature","properties":{"h":15.0,"d":6.0,"a":0,"l":"d","gn":3,"t":30},"geometry":{"type":"Point","coordinates":[408995.3,5654326.0]}},{"type":"Feature","properties":{"h":13.0,"d":5.0,"a":1,"l":"d","gn":3,"t":12},"geometry":{"type":"Point","coordinates":[408995.5,5654724.4]}},{"type":"Feature","properties":{"h":21.0,"d":14.0,"a":0,"l":"d","gn":3,"t":64},"geometry":{"type":"Point","coordinates":[408995.7,5654334.3]}},{"type":"Feature","properties":{"h":14.0,"d":6.0,"a":1,"l":"d","gn":3,"t":12},"geometry":{"type":"Point","coordinates":[408996.0,5654717.4]}},{"type":"Feature","properties":{"h":13.0,"d":8.0,"a":0,"l":"d","gn":3,"t":29},"geometry":{"type":"Point","coordinates":[408996.2,5654342.3]}},{"type":"Feature","properties":{"h":21.0,"d":13.0,"a":0,"l":"d","gn":3,"t":70},"geometry":{"type":"Point","coordinates":[408996.6,5654350.4]}},{"type":"Feature","properties":{"h":18.0,"d":16.0,"a":1,"l":"d","gn":11,"t":60},"geometry":{"type":"Point","coordinates":[408996.6,5654945.9]}},{"type":"Feature","properties":{"h":15.0,"d":7.0,"a":0,"l":"d","gn":3,"t":33},"geometry":{"type":"Point","coordinates":[408996.8,5654708.7]}},{"type":"Feature","properties":{"h":14.0,"d":8.0,"a":0,"l":"d","gn":9,"t":26},"geometry":{"type":"Point","coordinates":[408997.1,5654242.7]}},{"type":"Feature","properties":{"h":6.0,"d":1.0,"a":1,"l":"d","gn":3,"t":9},"geometry":{"type":"Point","coordinates":[408997.2,5654367.7]}},{"type":"Feature","properties":{"h":6.0,"d":6.0,"a":1,"l":"d","gn":11,"t":12},"geometry":{"type":"Point","coordinates":[408998.1,5654925.5]}},{"type":"Feature","properties":{"h":9.0,"d":2.0,"a":1,"l":"d","gn":3,"t":10},"geometry":{"type":"Point","coordinates":[408998.2,5654061.0]}},{"type":"Feature","properties":{"h":16.0,"d":8.0,"a":0,"l":"d","gn":3,"t":48},"geometry":{"type":"Point","coordinates":[408998.3,5654383.7]}},{"type":"Feature","properties":{"h":15.0,"d":6.0,"a":1,"l":"d","gn":3,"t":12},"geometry":{"type":"Point","coordinates":[408998.4,5654679.0]}},{"type":"Feature","properties":{"h":4.0,"d":2.0,"a":1,"l":"d","gn":28,"t":7},"geometry":{"type":"Point","coordinates":[408998.6,5654012.9]}},{"type":"Feature","properties":{"h":14.0,"d":6.0,"a":1,"l":"d","gn":3,"t":12},"geometry":{"type":"Point","coordinates":[408998.6,5654673.1]}},{"type":"Feature","properties":{"h":10.0,"d":3.0,"a":1,"l":"d","gn":3,"t":12},"geometry":{"type":"Point","coordinates":[408998.9,5654394.1]}},{"type":"Feature","properties":{"h":20.0,"d":15.0,"a":0,"l":"d","gn":1,"t":50},"geometry":{"type":"Point","coordinates":[408999.1,5654887.2]}},{"type":"Feature","properties":{"h":11.0,"d":3.0,"a":1,"l":"d","gn":3,"t":12},"geometry":{"type":"Point","coordinates":[408999.3,5654401.6]}},{"type":"Feature","properties":{"h":6.0,"d":2.0,"a":1,"l":"d","gn":3,"t":9},"geometry":{"type":"Point","coordinates":[408999.5,5654655.2]}},{"type":"Feature","properties":{"h":15.0,"d":7.0,"a":0,"l":"d","gn":3,"t":33},"geometry":{"type":"Point","coordinates":[408999.8,5654647.1]}},{"type":"Feature","properties":{"h":14.0,"d":6.0,"a":1,"l":"d","gn":3,"t":12},"geometry":{"type":"Point","coordinates":[408999.9,5654639.3]}},{"type":"Feature","properties":{"h":20.0,"d":11.0,"a":0,"l":"d","gn":3,"t":54},"geometry":{"type":"Point","coordinates":[409000.3,5654989.4]}},{"type":"Feature","properties":{"h":11.0,"d":3.0,"a":1,"l":"d","gn":3,"t":12},"geometry":{"type":"Point","coordinates":[409000.3,5654421.9]}},{"type":"Feature","properties":{"h":6.0,"d":3.0,"a":1,"l":"d","gn":3,"t":10},"geometry":{"type":"Point","coordinates":[409000.5,5654629.9]}},{"type":"Feature","properties":{"h":13.0,"d":6.0,"a":1,"l":"d","gn":3,"t":12},"geometry":{"type":"Point","coordinates":[409000.7,5654623.1]}},{"type":"Feature","properties":{"h":21.0,"d":10.0,"a":0,"l":"d","gn":3,"t":58},"geometry":{"type":"Point","coordinates":[409000.8,5654328.7]}},{"type":"Feature","properties":{"h":16.0,"d":8.0,"a":0,"l":"d","gn":3,"t":34},"geometry":{"type":"Point","coordinates":[409001.1,5654614.9]}},{"type":"Feature","properties":{"h":11.0,"d":4.0,"a":1,"l":"d","gn":3,"t":12},"geometry":{"type":"Point","coordinates":[409001.3,5654439.7]}},{"type":"Feature","properties":{"h":15.0,"d":7.0,"a":1,"l":"d","gn":3,"t":17},"geometry":{"type":"Point","coordinates":[409001.7,5654606.5]}},{"type":"Feature","properties":{"h":6.0,"d":1.0,"a":1,"l":"d","gn":3,"t":9},"geometry":{"type":"Point","coordinates":[409001.8,5654447.7]}},{"type":"Feature","properties":{"h":14.0,"d":6.0,"a":1,"l":"d","gn":3,"t":12},"geometry":{"type":"Point","coordinates":[409002.0,5654598.9]}},{"type":"Feature","properties":{"h":9.0,"d":2.0,"a":1,"l":"d","gn":3,"t":10},"geometry":{"type":"Point","coordinates":[409002.4,5654065.0]}},{"type":"Feature","properties":{"h":26.0,"d":17.0,"a":0,"l":"d","gn":7,"t":92},"geometry":{"type":"Point","coordinates":[409002.6,5654902.5]}},{"type":"Feature","properties":{"h":11.0,"d":4.0,"a":1,"l":"d","gn":3,"t":12},"geometry":{"type":"Point","coordinates":[409002.7,5654589.6]}},{"type":"Feature","properties":{"h":15.0,"d":7.0,"a":0,"l":"d","gn":3,"t":31},"geometry":{"type":"Point","coordinates":[409002.7,5654582.4]}},{"type":"Feature","properties":{"h":14.0,"d":5.0,"a":1,"l":"d","gn":3,"t":12},"geometry":{"type":"Point","coordinates":[409003.2,5654574.6]}},{"type":"Feature","properties":{"h":19.0,"d":9.0,"a":0,"l":"d","gn":7,"t":54},"geometry":{"type":"Point","coordinates":[409003.2,5654312.3]}},{"type":"Feature","properties":{"h":17.0,"d":16.0,"a":1,"l":"d","gn":11,"t":57},"geometry":{"type":"Point","coordinates":[409003.7,5654910.5]}},{"type":"Feature","properties":{"h":14.0,"d":5.0,"a":1,"l":"d","gn":3,"t":12},"geometry":{"type":"Point","coordinates":[409003.8,5654550.3]}},{"type":"Feature","properties":{"h":14.0,"d":5.0,"a":1,"l":"d","gn":3,"t":12},"geometry":{"type":"Point","coordinates":[409003.8,5654558.5]}},{"type":"Feature","properties":{"h":11.0,"d":5.0,"a":1,"l":"d","gn":3,"t":12},"geometry":{"type":"Point","coordinates":[409004.0,5654486.8]}},{"type":"Feature","properties":{"h":6.0,"d":1.0,"a":1,"l":"d","gn":3,"t":9},"geometry":{"type":"Point","coordinates":[409004.2,5654496.4]}},{"type":"Feature","properties":{"h":12.0,"d":4.0,"a":1,"l":"d","gn":3,"t":12},"geometry":{"type":"Point","coordinates":[409004.7,5654538.8]}},{"type":"Feature","properties":{"h":13.0,"d":6.0,"a":1,"l":"d","gn":3,"t":25},"geometry":{"type":"Point","coordinates":[409005.1,5654528.2]}},{"type":"Feature","properties":{"h":9.0,"d":5.0,"a":0,"l":"d","gn":3,"t":21},"geometry":{"type":"Point","coordinates":[409005.9,5654242.1]}},{"type":"Feature","properties":{"h":17.0,"d":5.0,"a":1,"l":"d","gn":29,"t":30},"geometry":{"type":"Point","coordinates":[409006.3,5654894.0]}},{"type":"Feature","properties":{"h":19.0,"d":11.0,"a":0,"l":"d","gn":3,"t":47},"geometry":{"type":"Point","coordinates":[409006.3,5655002.9]}},{"type":"Feature","properties":{"h":20.0,"d":12.0,"a":0,"l":"d","gn":3,"t":60},"geometry":{"type":"Point","coordinates":[409006.8,5654069.3]}},{"type":"Feature","properties":{"h":5.0,"d":8.0,"a":5,"l":"d","t":32},"geometry":{"type":"Point","coordinates":[409007.2,5654984.6]}},{"type":"Feature","properties":{"h":11.0,"d":6.4,"a":0,"l":"d","s":"osm"},"geometry":{"type":"Point","coordinates":[409008.1,5654031.5]}},{"type":"Feature","properties":{"h":26.0,"d":16.0,"a":0,"l":"d","gn":3,"t":67},"geometry":{"type":"Point","coordinates":[409008.4,5654883.3]}},{"type":"Feature","properties":{"h":19.0,"d":10.0,"a":0,"l":"d","gn":3,"t":59},"geometry":{"type":"Point","coordinates":[409010.5,5654327.1]}},{"type":"Feature","properties":{"h":20.0,"d":14.0,"a":0,"l":"d","gn":3,"t":52},"geometry":{"type":"Point","coordinates":[409011.0,5654073.6]}},{"type":"Feature","properties":{"h":19.0,"d":12.0,"a":0,"l":"d","gn":3,"t":64},"geometry":{"type":"Point","coordinates":[409011.0,5654254.7]}},{"type":"Feature","properties":{"h":22.0,"d":25.0,"a":0,"l":"d","gn":5,"t":122},"geometry":{"type":"Point","coordinates":[409012.0,5654916.7]}},{"type":"Feature","properties":{"h":5.0,"d":4.0,"a":0,"l":"d","gn":3,"t":12},"geometry":{"type":"Point","coordinates":[409013.3,5654037.5]}},{"type":"Feature","properties":{"h":13.0,"d":6.0,"a":0,"l":"d","gn":9,"t":16},"geometry":{"type":"Point","coordinates":[409013.4,5654319.7]}},{"type":"Feature","properties":{"h":7.0,"d":4.0,"a":0,"l":"d","gn":3,"t":12},"geometry":{"type":"Point","coordinates":[409013.6,5655003.5]}},{"type":"Feature","properties":{"h":28.0,"d":20.0,"a":0,"l":"d","gn":4,"t":92},"geometry":{"type":"Point","coordinates":[409013.8,5654889.2]}},{"type":"Feature","properties":{"h":16.0,"d":9.0,"a":0,"l":"d","gn":3,"t":43},"geometry":{"type":"Point","coordinates":[409014.0,5654983.5]}},{"type":"Feature","properties":{"h":6.0,"d":2.0,"a":0,"l":"d","c":2,"gn":13,"t":7},"geometry":{"type":"Point","coordinates":[409014.3,5655497.4]}},{"type":"Feature","properties":{"h":22.0,"d":12.0,"a":0,"l":"d","gn":3,"t":53},"geometry":{"type":"Point","coordinates":[409014.6,5654990.1]}},{"type":"Feature","properties":{"h":19.0,"d":11.0,"a":0,"l":"d","gn":3,"t":54},"geometry":{"type":"Point","coordinates":[409015.3,5654077.5]}},{"type":"Feature","properties":{"h":20.0,"d":11.0,"a":0,"l":"d","gn":3,"t":54},"geometry":{"type":"Point","coordinates":[409019.3,5654082.1]}},{"type":"Feature","properties":{"h":5.0,"d":4.0,"a":0,"l":"d","gn":3,"t":11},"geometry":{"type":"Point","coordinates":[409019.4,5654043.6]}},{"type":"Feature","properties":{"h":5.0,"d":6.0,"a":5,"l":"d","gn":27},"geometry":{"type":"Point","coordinates":[409019.4,5654979.2]}},{"type":"Feature","properties":{"h":16.0,"d":12.0,"a":1,"l":"d","gn":11,"t":44},"geometry":{"type":"Point","coordinates":[409019.5,5654897.5]}},{"type":"Feature","properties":{"h":14.0,"d":7.0,"a":0,"l":"d","gn":9,"t":20},"geometry":{"type":"Point","coordinates":[409019.7,5654332.2]}},{"type":"Feature","properties":{"h":5.0,"d":1.0,"a":1,"l":"d","gn":2,"t":6},"geometry":{"type":"Point","coordinates":[409019.8,5655462.1]}},{"type":"Feature","properties":{"h":5.0,"d":1.0,"a":1,"l":"d","gn":2,"t":6},"geometry":{"type":"Point","coordinates":[409020.3,5655471.5]}},{"type":"Feature","properties":{"h":7.0,"d":4.0,"a":0,"l":"d","gn":3,"t":14},"geometry":{"type":"Point","coordinates":[409021.1,5655003.9]}},{"type":"Feature","properties":{"h":5.0,"d":2.0,"a":1,"l":"d","gn":11,"t":9},"geometry":{"type":"Point","coordinates":[409021.8,5654949.6]}},{"type":"Feature","properties":{"h":25.0,"d":17.0,"a":0,"l":"d","gn":3,"t":92},"geometry":{"type":"Point","coordinates":[409022.6,5654892.0]}},{"type":"Feature","properties":{"h":13.0,"d":6.0,"a":0,"l":"d","gn":9,"t":21},"geometry":{"type":"Point","coordinates":[409023.1,5654314.8]}},{"type":"Feature","properties":{"h":14.0,"d":7.0,"a":0,"l":"d","gn":9,"t":25},"geometry":{"type":"Point","coordinates":[409025.9,5654344.6]}},{"type":"Feature","properties":{"h":5.0,"d":1.0,"a":2,"l":"d","gn":6,"t":5},"geometry":{"type":"Point","coordinates":[409026.1,5655366.9]}},{"type":"Feature","properties":{"h":13.0,"d":8.0,"a":0,"l":"d","gn":1,"t":17},"geometry":{"type":"Point","coordinates":[409026.4,5654943.1]}},{"type":"Feature","properties":{"h":5.0,"d":1.0,"a":2,"l":"d","gn":6,"t":5},"geometry":{"type":"Point","coordinates":[409026.5,5655376.9]}},{"type":"Feature","properties":{"h":5.0,"d":1.0,"a":2,"l":"d","gn":6,"t":5},"geometry":{"type":"Point","coordinates":[409027.3,5655395.8]}},{"type":"Feature","properties":{"h":15.0,"d":12.0,"a":0,"l":"d","gn":5,"t":68},"geometry":{"type":"Point","coordinates":[409027.4,5654964.4]}},{"type":"Feature","properties":{"h":5.0,"d":1.0,"a":2,"l":"d","gn":6,"t":5},"geometry":{"type":"Point","coordinates":[409027.6,5655404.2]}},{"type":"Feature","properties":{"h":19.0,"d":9.0,"a":0,"l":"d","gn":7,"t":59},"geometry":{"type":"Point","coordinates":[409027.8,5654980.1]}},{"type":"Feature","properties":{"h":5.0,"d":1.0,"a":2,"l":"d","gn":6,"t":5},"geometry":{"type":"Point","coordinates":[409027.8,5655411.9]}},{"type":"Feature","properties":{"h":7.0,"d":4.0,"a":0,"l":"d","gn":3,"t":13},"geometry":{"type":"Point","coordinates":[409028.5,5655004.5]}},{"type":"Feature","properties":{"h":22.0,"d":12.0,"a":0,"l":"d","gn":3,"t":45},"geometry":{"type":"Point","coordinates":[409029.2,5654991.5]}},{"type":"Feature","properties":{"h":24.0,"d":16.0,"a":0,"l":"d","gn":9,"t":70},"geometry":{"type":"Point","coordinates":[409029.3,5655704.6]}},{"type":"Feature","properties":{"h":22.0,"d":11.0,"a":0,"l":"d","gn":1,"t":55},"geometry":{"type":"Point","coordinates":[409029.7,5654906.4]}},{"type":"Feature","properties":{"h":22.0,"d":12.0,"a":0,"l":"d","gn":3,"t":59},"geometry":{"type":"Point","coordinates":[409030.1,5654884.8]}},{"type":"Feature","properties":{"h":15.0,"d":13.0,"a":0,"l":"d","gn":1,"t":115},"geometry":{"type":"Point","coordinates":[409030.4,5654955.0]}},{"type":"Feature","properties":{"h":14.0,"d":6.0,"a":0,"l":"d","gn":9,"t":24},"geometry":{"type":"Point","coordinates":[409030.5,5654353.4]}},{"type":"Feature","properties":{"h":22.0,"d":12.0,"a":0,"l":"d","gn":3,"t":67},"geometry":{"type":"Point","coordinates":[409030.8,5654109.9]}},{"type":"Feature","properties":{"h":9.0,"d":4.0,"a":1,"l":"d","gn":24,"t":18},"geometry":{"type":"Point","coordinates":[409031.2,5655173.2]}},{"type":"Feature","properties":{"h":12.0,"d":15.0,"a":5,"l":"d","gn":1,"t":125},"geometry":{"type":"Point","coordinates":[409031.5,5654925.2]}},{"type":"Feature","properties":{"h":5.0,"d":1.0,"a":1,"l":"d","gn":2,"t":5},"geometry":{"type":"Point","coordinates":[409031.8,5655462.0]}},{"type":"Feature","properties":{"h":5.0,"d":1.0,"a":1,"l":"d","gn":2,"t":5},"geometry":{"type":"Point","coordinates":[409032.1,5655471.2]}},{"type":"Feature","properties":{"h":6.0,"d":1.0,"a":2,"l":"d","gn":25,"t":6},"geometry":{"type":"Point","coordinates":[409032.5,5655437.2]}},{"type":"Feature","properties":{"h":10.0,"d":4.0,"a":1,"l":"d","gn":25,"t":11},"geometry":{"type":"Point","coordinates":[409032.6,5655429.7]}},{"type":"Feature","properties":{"h":6.0,"d":1.0,"a":2,"l":"d","gn":25,"t":6},"geometry":{"type":"Point","coordinates":[409032.8,5655444.6]}},{"type":"Feature","properties":{"h":27.0,"d":16.0,"a":0,"l":"d","gn":1,"t":80},"geometry":{"type":"Point","coordinates":[409032.9,5654904.7]}},{"type":"Feature","properties":{"h":9.0,"d":4.0,"a":1,"l":"d","gn":24,"t":16},"geometry":{"type":"Point","coordinates":[409034.7,5655130.8]}},{"type":"Feature","properties":{"h":14.0,"d":7.0,"a":0,"l":"d","gn":9,"t":29},"geometry":{"type":"Point","coordinates":[409034.8,5655689.0]}},{"type":"Feature","properties":{"h":14.0,"d":6.0,"a":0,"l":"d","gn":9,"t":24},"geometry":{"type":"Point","coordinates":[409034.9,5654362.4]}},{"type":"Feature","properties":{"h":23.0,"d":11.0,"a":0,"l":"d","gn":3,"t":50},"geometry":{"type":"Point","coordinates":[409035.6,5655004.9]}},{"type":"Feature","properties":{"h":5.0,"d":4.0,"a":0,"l":"d","gn":3,"t":9},"geometry":{"type":"Point","coordinates":[409035.7,5654991.7]}},{"type":"Feature","properties":{"h":13.0,"d":6.0,"a":0,"l":"d","gn":9,"t":24},"geometry":{"type":"Point","coordinates":[409035.9,5654339.8]}},{"type":"Feature","properties":{"h":9.0,"d":4.0,"a":1,"l":"d","gn":24,"t":16},"geometry":{"type":"Point","coordinates":[409036.7,5655105.2]}},{"type":"Feature","properties":{"h":22.0,"d":15.0,"a":1,"l":"d","gn":11,"t":63},"geometry":{"type":"Point","coordinates":[409036.9,5654890.3]}},{"type":"Feature","properties":{"h":8.0,"d":8.0,"a":0,"l":"d","gn":1,"t":25},"geometry":{"type":"Point","coordinates":[409037.1,5654979.0]}},{"type":"Feature","properties":{"h":11.0,"d":11.0,"a":0,"l":"d","gn":3,"t":45},"geometry":{"type":"Point","coordinates":[409037.2,5654061.2]}},{"type":"Feature","properties":{"h":14.0,"d":11.0,"a":1,"l":"d","gn":11,"t":25},"geometry":{"type":"Point","coordinates":[409037.4,5654944.5]}},{"type":"Feature","properties":{"h":9.0,"d":4.0,"a":1,"l":"d","gn":24,"t":16},"geometry":{"type":"Point","coordinates":[409037.6,5655094.4]}},{"type":"Feature","properties":{"h":12.0,"d":11.0,"a":1,"l":"d","gn":11,"t":35},"geometry":{"type":"Point","coordinates":[409037.7,5654932.2]}},{"type":"Feature","properties":{"h":28.0,"d":19.0,"a":0,"l":"d","gn":9,"t":100},"geometry":{"type":"Point","coordinates":[409038.2,5655715.0]}},{"type":"Feature","properties":{"h":9.0,"d":4.0,"a":1,"l":"d","gn":24,"t":16},"geometry":{"type":"Point","coordinates":[409038.3,5655085.4]}},{"type":"Feature","properties":{"h":27.0,"d":20.0,"a":0,"l":"d","gn":9,"t":89},"geometry":{"type":"Point","coordinates":[409039.0,5655678.1]}},{"type":"Feature","properties":{"h":14.0,"d":6.0,"a":0,"l":"d","gn":9,"t":24},"geometry":{"type":"Point","coordinates":[409039.4,5654371.3]}},{"type":"Feature","properties":{"h":9.0,"d":4.0,"a":1,"l":"d","gn":24,"t":16},"geometry":{"type":"Point","coordinates":[409040.0,5655065.8]}},{"type":"Feature","properties":{"h":22.0,"d":20.0,"a":0,"l":"d","gn":5,"t":75},"geometry":{"type":"Point","coordinates":[409040.4,5654909.9]}},{"type":"Feature","properties":{"h":14.0,"d":6.0,"a":0,"l":"d","gn":9,"t":25},"geometry":{"type":"Point","coordinates":[409040.4,5654348.6]}},{"type":"Feature","properties":{"h":17.0,"d":11.0,"a":0,"l":"d","gn":1,"t":54},"geometry":{"type":"Point","coordinates":[409040.5,5654965.0]}},{"type":"Feature","properties":{"h":20.0,"d":11.0,"a":0,"l":"d","gn":3,"t":58},"geometry":{"type":"Point","coordinates":[409040.6,5654109.8]}},{"type":"Feature","properties":{"h":27.0,"d":18.0,"a":0,"l":"d","gn":9,"t":80},"geometry":{"type":"Point","coordinates":[409040.8,5655671.9]}},{"type":"Feature","properties":{"h":9.0,"d":4.0,"a":1,"l":"d","gn":24,"t":18},"geometry":{"type":"Point","coordinates":[409041.3,5655048.8]}},{"type":"Feature","properties":{"h":9.0,"d":4.0,"a":1,"l":"d","gn":24,"t":16},"geometry":{"type":"Point","coordinates":[409042.2,5655038.0]}},{"type":"Feature","properties":{"h":12.0,"d":11.0,"a":0,"l":"d","gn":3,"t":46},"geometry":{"type":"Point","coordinates":[409042.4,5654067.3]}},{"type":"Feature","properties":{"h":15.0,"d":8.0,"a":0,"l":"d","gn":9,"t":26},"geometry":{"type":"Point","coordinates":[409043.0,5655702.0]}},{"type":"Feature","properties":{"h":9.0,"d":4.0,"a":1,"l":"d","gn":24,"t":17},"geometry":{"type":"Point","coordinates":[409043.5,5655020.0]}},{"type":"Feature","properties":{"h":14.0,"d":7.0,"a":0,"l":"d","gn":9,"t":26},"geometry":{"type":"Point","coordinates":[409044.2,5654380.2]}},{"type":"Feature","properties":{"h":9.0,"d":4.0,"a":1,"l":"d","gn":24,"t":16},"geometry":{"type":"Point","coordinates":[409044.4,5655011.9]}},{"type":"Feature","properties":{"h":22.0,"d":12.0,"a":0,"l":"d","gn":3,"t":55},"geometry":{"type":"Point","coordinates":[409044.4,5654985.9]}},{"type":"Feature","properties":{"h":19.0,"d":8.0,"a":0,"l":"d","gn":3,"t":42},"geometry":{"type":"Point","coordinates":[409044.4,5654114.8]}},{"type":"Feature","properties":{"h":22.0,"d":11.0,"a":0,"l":"d","gn":3,"t":62},"geometry":{"type":"Point","coordinates":[409044.5,5654885.9]}},{"type":"Feature","properties":{"h":19.0,"d":12.0,"a":0,"l":"d","gn":3,"t":50},"geometry":{"type":"Point","coordinates":[409045.5,5654971.8]}},{"type":"Feature","properties":{"h":21.0,"d":12.0,"a":0,"l":"d","gn":3,"t":71},"geometry":{"type":"Point","coordinates":[409045.5,5654243.1]}},{"type":"Feature","properties":{"h":24.0,"d":14.0,"a":0,"l":"d","gn":3,"t":62},"geometry":{"type":"Point","coordinates":[409046.5,5654957.3]}},{"type":"Feature","properties":{"h":13.0,"d":11.0,"a":0,"l":"d","gn":3,"t":39},"geometry":{"type":"Point","coordinates":[409047.3,5654073.4]}},{"type":"Feature","properties":{"h":19.0,"d":11.0,"a":0,"l":"d","gn":3,"t":43},"geometry":{"type":"Point","coordinates":[409047.6,5654119.1]}},{"type":"Feature","properties":{"h":28.0,"d":20.0,"a":0,"l":"d","gn":9,"t":105},"geometry":{"type":"Point","coordinates":[409047.7,5655688.8]}},{"type":"Feature","properties":{"h":24.0,"d":15.0,"a":0,"l":"d","gn":3,"t":60},"geometry":{"type":"Point","coordinates":[409047.8,5654942.5]}},{"type":"Feature","properties":{"h":25.0,"d":16.0,"a":0,"l":"d","gn":3,"t":60},"geometry":{"type":"Point","coordinates":[409048.0,5654935.8]}},{"type":"Feature","properties":{"h":14.0,"d":7.0,"a":0,"l":"d","gn":9,"t":27},"geometry":{"type":"Point","coordinates":[409048.6,5654389.4]}},{"type":"Feature","properties":{"h":21.0,"d":14.0,"a":0,"l":"d","gn":3,"t":61},"geometry":{"type":"Point","coordinates":[409049.4,5654921.8]}},{"type":"Feature","properties":{"h":14.0,"d":7.0,"a":0,"l":"d","gn":9,"t":23},"geometry":{"type":"Point","coordinates":[409049.4,5654366.4]}},{"type":"Feature","properties":{"h":24.0,"d":14.0,"a":0,"l":"d","gn":3,"t":75},"geometry":{"type":"Point","coordinates":[409050.0,5654907.4]}},{"type":"Feature","properties":{"h":28.0,"d":14.0,"a":0,"l":"d","gn":9,"t":94},"geometry":{"type":"Point","coordinates":[409050.0,5655645.8]}},{"type":"Feature","properties":{"h":20.0,"d":12.0,"a":0,"l":"d","gn":3,"t":49},"geometry":{"type":"Point","coordinates":[409051.2,5654124.3]}},{"type":"Feature","properties":{"h":24.0,"d":20.0,"a":0,"l":"d","gn":3,"t":76},"geometry":{"type":"Point","coordinates":[409051.2,5654893.5]}},{"type":"Feature","properties":{"h":15.0,"d":13.0,"a":0,"l":"d","gn":3,"t":46},"geometry":{"type":"Point","coordinates":[409051.5,5654079.5]}},{"type":"Feature","properties":{"h":24.0,"d":12.0,"a":0,"l":"d","gn":9,"t":62},"geometry":{"type":"Point","coordinates":[409052.5,5655639.2]}},{"type":"Feature","properties":{"h":12.0,"d":6.0,"a":0,"l":"d","gn":1,"t":32},"geometry":{"type":"Point","coordinates":[409053.5,5655754.2]}},{"type":"Feature","properties":{"h":13.0,"d":6.0,"a":0,"l":"d","gn":9,"t":14},"geometry":{"type":"Point","coordinates":[409054.0,5654399.6]}},{"type":"Feature","properties":{"h":19.0,"d":12.0,"a":0,"l":"d","gn":3,"t":58},"geometry":{"type":"Point","coordinates":[409054.1,5654232.1]}},{"type":"Feature","properties":{"h":16.0,"d":8.0,"a":0,"l":"d","gn":9,"t":34},"geometry":{"type":"Point","coordinates":[409055.0,5655630.9]}},{"type":"Feature","properties":{"h":5.0,"d":2.0,"a":0,"l":"d","c":2,"gn":13,"t":7},"geometry":{"type":"Point","coordinates":[409055.5,5655481.4]}},{"type":"Feature","properties":{"h":15.0,"d":12.0,"a":0,"l":"d","gn":3,"t":46},"geometry":{"type":"Point","coordinates":[409056.8,5654086.8]}},{"type":"Feature","properties":{"h":17.0,"d":9.0,"a":0,"l":"d","gn":3,"t":40},"geometry":{"type":"Point","coordinates":[409057.2,5654987.1]}},{"type":"Feature","properties":{"h":19.0,"d":11.0,"a":0,"l":"d","gn":3,"t":52},"geometry":{"type":"Point","coordinates":[409057.9,5654980.0]}},{"type":"Feature","properties":{"h":16.0,"d":8.0,"a":0,"l":"d","gn":9,"t":35},"geometry":{"type":"Point","coordinates":[409058.1,5655659.5]}},{"type":"Feature","properties":{"h":19.0,"d":11.0,"a":0,"l":"d","gn":3,"t":52},"geometry":{"type":"Point","coordinates":[409058.1,5654134.2]}},{"type":"Feature","properties":{"h":14.0,"d":7.0,"a":0,"l":"d","gn":9,"t":22},"geometry":{"type":"Point","coordinates":[409058.7,5654384.2]}},{"type":"Feature","properties":{"h":17.0,"d":11.0,"a":0,"l":"d","gn":3,"t":43},"geometry":{"type":"Point","coordinates":[409058.9,5654966.9]}},{"type":"Feature","properties":{"h":18.0,"d":12.0,"a":0,"l":"d","gn":3,"t":44},"geometry":{"type":"Point","coordinates":[409059.4,5654956.3]}},{"type":"Feature","properties":{"h":13.0,"d":6.0,"a":0,"l":"d","gn":9,"t":13},"geometry":{"type":"Point","coordinates":[409059.4,5654410.5]}},{"type":"Feature","properties":{"h":5.0,"d":1.0,"a":0,"l":"d","gn":3,"t":6},"geometry":{"type":"Point","coordinates":[409060.2,5655680.2]}},{"type":"Feature","properties":{"h":21.0,"d":12.0,"a":0,"l":"d","gn":3,"t":49},"geometry":{"type":"Point","coordinates":[409060.5,5654943.4]}},{"type":"Feature","properties":{"h":16.0,"d":8.0,"a":0,"l":"d","gn":9,"t":34},"geometry":{"type":"Point","coordinates":[409060.7,5655651.8]}},{"type":"Feature","properties":{"h":19.0,"d":12.0,"a":0,"l":"d","gn":3,"t":45},"geometry":{"type":"Point","coordinates":[409061.4,5654929.4]}},{"type":"Feature","properties":{"h":16.0,"d":15.0,"a":0,"l":"d","gn":3,"t":44},"geometry":{"type":"Point","coordinates":[409061.6,5654093.3]}},{"type":"Feature","properties":{"h":19.0,"d":9.0,"a":0,"l":"d","gn":3,"t":41},"geometry":{"type":"Point","coordinates":[409061.8,5654139.7]}},{"type":"Feature","properties":{"h":15.0,"d":7.0,"a":0,"l":"d","gn":9,"t":26},"geometry":{"type":"Point","coordinates":[409063.3,5655644.1]}},{"type":"Feature","properties":{"h":6.0,"d":2.0,"a":0,"l":"d","c":2,"gn":13,"t":7},"geometry":{"type":"Point","coordinates":[409063.4,5655480.9]}},{"type":"Feature","properties":{"h":21.0,"d":14.0,"a":0,"l":"d","gn":3,"t":65},"geometry":{"type":"Point","coordinates":[409063.8,5654899.6]}},{"type":"Feature","properties":{"h":13.0,"d":6.0,"a":0,"l":"d","gn":9,"t":16},"geometry":{"type":"Point","coordinates":[409064.0,5654419.5]}},{"type":"Feature","properties":{"h":21.0,"d":11.0,"a":0,"l":"d","gn":3,"t":45},"geometry":{"type":"Point","coordinates":[409065.2,5654144.3]}},{"type":"Feature","properties":{"h":21.0,"d":13.0,"a":0,"l":"d","gn":3,"t":66},"geometry":{"type":"Point","coordinates":[409065.4,5654228.4]}},{"type":"Feature","properties":{"h":16.0,"d":12.0,"a":0,"l":"d","gn":3,"t":46},"geometry":{"type":"Point","coordinates":[409065.7,5654099.9]}},{"type":"Feature","properties":{"h":22.0,"d":11.0,"a":0,"l":"d","gn":9,"t":79},"geometry":{"type":"Point","coordinates":[409065.8,5655744.8]}},{"type":"Feature","properties":{"h":27.0,"d":19.0,"a":0,"l":"d","gn":9,"t":115},"geometry":{"type":"Point","coordinates":[409066.1,5655636.3]}},{"type":"Feature","properties":{"h":14.0,"d":8.0,"a":0,"l":"d","gn":3,"t":35},"geometry":{"type":"Point","coordinates":[409067.0,5655681.1]}},{"type":"Feature","properties":{"h":21.0,"d":12.0,"a":0,"l":"d","gn":3,"t":43},"geometry":{"type":"Point","coordinates":[409068.8,5654149.0]}},{"type":"Feature","properties":{"h":13.0,"d":6.0,"a":0,"l":"d","gn":9,"t":15},"geometry":{"type":"Point","coordinates":[409070.0,5654405.3]}},{"type":"Feature","properties":{"h":14.0,"d":9.0,"a":0,"l":"d","gn":9,"t":45},"geometry":{"type":"Point","coordinates":[409070.1,5655625.6]}},{"type":"Feature","properties":{"h":15.0,"d":12.0,"a":0,"l":"d","gn":3,"t":44},"geometry":{"type":"Point","coordinates":[409070.6,5654106.1]}},{"type":"Feature","properties":{"h":5.0,"d":2.0,"a":0,"l":"d","c":2,"gn":13,"t":7},"geometry":{"type":"Point","coordinates":[409071.5,5655480.5]}},{"type":"Feature","properties":{"h":21.0,"d":11.0,"a":0,"l":"d","gn":3,"t":44},"geometry":{"type":"Point","coordinates":[409072.0,5654153.7]}},{"type":"Feature","properties":{"h":26.0,"d":16.0,"a":0,"l":"d","gn":9,"t":92},"geometry":{"type":"Point","coordinates":[409072.7,5655748.5]}},{"type":"Feature","properties":{"h":13.0,"d":6.0,"a":0,"l":"d","gn":9,"t":21},"geometry":{"type":"Point","coordinates":[409073.3,5654437.8]}},{"type":"Feature","properties":{"h":21.0,"d":12.0,"a":0,"l":"d","gn":3,"t":66},"geometry":{"type":"Point","coordinates":[409073.9,5654233.5]}},{"type":"Feature","properties":{"h":14.0,"d":8.0,"a":0,"l":"d","gn":3,"t":44},"geometry":{"type":"Point","coordinates":[409074.4,5655681.6]}},{"type":"Feature","properties":{"h":15.0,"d":10.0,"a":0,"l":"d","gn":3,"t":46},"geometry":{"type":"Point","coordinates":[409075.5,5654112.6]}},{"type":"Feature","properties":{"h":20.0,"d":11.0,"a":0,"l":"d","gn":3,"t":46},"geometry":{"type":"Point","coordinates":[409075.6,5654158.9]}},{"type":"Feature","properties":{"h":13.0,"d":6.0,"a":0,"l":"d","gn":9,"t":19},"geometry":{"type":"Point","coordinates":[409075.8,5654417.1]}},{"type":"Feature","properties":{"h":8.0,"d":8.0,"a":5,"l":"d","gn":8,"t":51},"geometry":{"type":"Point","coordinates":[409077.2,5655343.0]}},{"type":"Feature","properties":{"h":6.0,"d":6.0,"a":5,"l":"d","c":1,"gn":8,"t":23},"geometry":{"type":"Point","coordinates":[409077.7,5655337.9]}},{"type":"Feature","properties":{"h":5.0,"d":3.0,"a":5,"l":"d","gn":8,"t":32},"geometry":{"type":"Point","coordinates":[409077.8,5655334.6]}},{"type":"Feature","properties":{"h":11.0,"d":5.0,"a":0,"l":"d","gn":9,"t":13},"geometry":{"type":"Point","coordinates":[409078.2,5654447.7]}},{"type":"Feature","properties":{"h":22.0,"d":12.0,"a":0,"l":"d","gn":3,"t":49},"geometry":{"type":"Point","coordinates":[409079.0,5654163.8]}},{"type":"Feature","properties":{"h":16.0,"d":12.0,"a":0,"l":"d","gn":3,"t":46},"geometry":{"type":"Point","coordinates":[409080.1,5654119.3]}},{"type":"Feature","properties":{"h":13.0,"d":7.0,"a":0,"l":"d","gn":3,"t":32},"geometry":{"type":"Point","coordinates":[409081.7,5655682.4]}},{"type":"Feature","properties":{"h":6.0,"d":9.0,"a":5,"l":"d","gn":8,"t":43},"geometry":{"type":"Point","coordinates":[409081.8,5655323.8]}},{"type":"Feature","properties":{"h":22.0,"d":17.0,"a":0,"l":"d","gn":9,"t":92},"geometry":{"type":"Point","coordinates":[409082.9,5654457.6]}},{"type":"Feature","properties":{"h":20.0,"d":11.0,"a":0,"l":"d","gn":3,"t":48},"geometry":{"type":"Point","coordinates":[409083.2,5654169.3]}},{"type":"Feature","properties":{"h":16.0,"d":11.0,"a":0,"l":"d","gn":3,"t":46},"geometry":{"type":"Point","coordinates":[409084.7,5654125.7]}},{"type":"Feature","properties":{"h":19.0,"d":12.0,"a":0,"l":"d","gn":3,"t":70},"geometry":{"type":"Point","coordinates":[409085.8,5654229.5]}},{"type":"Feature","properties":{"h":27.0,"d":16.0,"a":0,"l":"d","gn":9,"t":103},"geometry":{"type":"Point","coordinates":[409086.1,5655754.6]}},{"type":"Feature","properties":{"h":19.0,"d":12.0,"a":0,"l":"d","gn":3,"t":48},"geometry":{"type":"Point","coordinates":[409086.4,5654173.9]}},{"type":"Feature","properties":{"h":5.0,"d":1.0,"a":0,"l":"d","gn":3,"t":6},"geometry":{"type":"Point","coordinates":[409087.9,5655683.0]}},{"type":"Feature","properties":{"h":15.0,"d":11.0,"a":0,"l":"d","gn":3,"t":41},"geometry":{"type":"Point","coordinates":[409089.5,5654132.1]}},{"type":"Feature","properties":{"h":19.0,"d":11.0,"a":0,"l":"d","gn":3,"t":48},"geometry":{"type":"Point","coordinates":[409089.8,5654178.8]}},{"type":"Feature","properties":{"h":11.0,"d":4.0,"a":0,"l":"d","gn":9,"t":11},"geometry":{"type":"Point","coordinates":[409093.2,5655303.4]}},{"type":"Feature","properties":{"h":13.0,"d":6.0,"a":0,"l":"d","gn":9,"t":18},"geometry":{"type":"Point","coordinates":[409093.6,5655289.1]}},{"type":"Feature","properties":{"h":15.0,"d":13.0,"a":0,"l":"d","gn":3,"t":47},"geometry":{"type":"Point","coordinates":[409094.2,5654138.6]}},{"type":"Feature","properties":{"h":13.0,"d":6.0,"a":0,"l":"d","gn":9,"t":16},"geometry":{"type":"Point","coordinates":[409094.4,5655280.5]}},{"type":"Feature","properties":{"h":17.0,"d":10.0,"a":0,"l":"d","gn":9,"t":77},"geometry":{"type":"Point","coordinates":[409094.5,5655313.6]}},{"type":"Feature","properties":{"h":13.0,"d":6.0,"a":0,"l":"d","gn":9,"t":16},"geometry":{"type":"Point","coordinates":[409095.0,5655322.4]}},{"type":"Feature","properties":{"h":5.0,"d":1.0,"a":0,"l":"d","gn":3,"t":6},"geometry":{"type":"Point","coordinates":[409095.4,5655683.5]}},{"type":"Feature","properties":{"h":13.0,"d":6.0,"a":0,"l":"d","gn":9,"t":19},"geometry":{"type":"Point","coordinates":[409097.7,5655264.0]}},{"type":"Feature","properties":{"h":13.0,"d":6.0,"a":0,"l":"d","gn":9,"t":20},"geometry":{"type":"Point","coordinates":[409097.9,5655337.8]}},{"type":"Feature","properties":{"h":16.0,"d":12.0,"a":0,"l":"d","gn":3,"t":46},"geometry":{"type":"Point","coordinates":[409098.9,5654145.1]}},{"type":"Feature","properties":{"h":16.0,"d":6.0,"a":0,"l":"d","gn":1,"t":40},"geometry":{"type":"Point","coordinates":[409100.9,5655758.7]}},{"type":"Feature","properties":{"h":13.0,"d":6.0,"a":0,"l":"d","gn":9,"t":16},"geometry":{"type":"Point","coordinates":[409100.9,5655253.7]}},{"type":"Feature","properties":{"h":19.0,"d":11.0,"a":0,"l":"d","gn":3,"t":50},"geometry":{"type":"Point","coordinates":[409101.2,5654194.7]}},{"type":"Feature","properties":{"h":17.0,"d":15.0,"a":0,"l":"d","gn":3,"t":47},"geometry":{"type":"Point","coordinates":[409103.6,5654151.9]}},{"type":"Feature","properties":{"h":20.0,"d":9.0,"a":0,"l":"d","gn":3,"t":46},"geometry":{"type":"Point","coordinates":[409104.4,5654199.5]}},{"type":"Feature","properties":{"h":5.0,"d":1.0,"a":0,"l":"d","gn":3,"t":6},"geometry":{"type":"Point","coordinates":[409104.4,5655684.4]}},{"type":"Feature","properties":{"h":13.0,"d":6.0,"a":0,"l":"d","gn":9,"t":16},"geometry":{"type":"Point","coordinates":[409104.6,5655244.1]}},{"type":"Feature","properties":{"h":13.0,"d":6.0,"a":0,"l":"d","gn":9,"t":18},"geometry":{"type":"Point","coordinates":[409105.0,5655298.7]}},{"type":"Feature","properties":{"h":13.0,"d":6.0,"a":0,"l":"d","gn":9,"t":22},"geometry":{"type":"Point","coordinates":[409106.7,5655278.9]}},{"type":"Feature","properties":{"h":13.0,"d":6.0,"a":0,"l":"d","gn":9,"t":21},"geometry":{"type":"Point","coordinates":[409107.0,5655320.7]}},{"type":"Feature","properties":{"h":21.0,"d":13.0,"a":0,"l":"d","gn":3,"t":53},"geometry":{"type":"Point","coordinates":[409107.9,5654204.2]}},{"type":"Feature","properties":{"h":16.0,"d":13.0,"a":0,"l":"d","gn":3,"t":48},"geometry":{"type":"Point","coordinates":[409108.5,5654158.8]}},{"type":"Feature","properties":{"h":27.0,"d":16.0,"a":0,"l":"d","gn":9,"t":107},"geometry":{"type":"Point","coordinates":[409108.5,5655759.6]}},{"type":"Feature","properties":{"h":11.0,"d":6.4,"a":0,"l":"d","s":"osm"},"geometry":{"type":"Point","coordinates":[409109.7,5655568.2]}},{"type":"Feature","properties":{"h":13.0,"d":6.0,"a":0,"l":"d","gn":9,"t":16},"geometry":{"type":"Point","coordinates":[409109.9,5655231.2]}},{"type":"Feature","properties":{"h":13.0,"d":6.0,"a":0,"l":"d","gn":9,"t":19},"geometry":{"type":"Point","coordinates":[409110.8,5655336.6]}},{"type":"Feature","properties":{"h":13.0,"d":8.0,"a":0,"l":"d","gn":3,"t":37},"geometry":{"type":"Point","coordinates":[409111.3,5655685.3]}},{"type":"Feature","properties":{"h":11.0,"d":6.4,"a":0,"l":"d","s":"osm"},"geometry":{"type":"Point","coordinates":[409111.6,5655566.2]}},{"type":"Feature","properties":{"h":21.0,"d":17.0,"a":0,"l":"d","gn":9,"t":101},"geometry":{"type":"Point","coordinates":[409112.4,5655257.6]}},{"type":"Feature","properties":{"h":5.0,"d":2.0,"a":0,"l":"d","c":2,"gn":13,"t":8},"geometry":{"type":"Point","coordinates":[409112.6,5655492.2]}},{"type":"Feature","properties":{"h":16.0,"d":12.0,"a":0,"l":"d","gn":3,"t":52},"geometry":{"type":"Point","coordinates":[409112.9,5654165.0]}},{"type":"Feature","properties":{"h":11.0,"d":6.4,"a":0,"l":"d","s":"osm"},"geometry":{"type":"Point","coordinates":[409114.0,5655564.2]}},{"type":"Feature","properties":{"h":11.0,"d":4.0,"a":0,"l":"d","gn":9,"t":13},"geometry":{"type":"Point","coordinates":[409115.4,5655248.2]}},{"type":"Feature","properties":{"h":13.0,"d":6.0,"a":0,"l":"d","gn":9,"t":18},"geometry":{"type":"Point","coordinates":[409115.4,5655218.0]}},{"type":"Feature","properties":{"h":18.0,"d":7.0,"a":0,"l":"d","gn":1,"t":35},"geometry":{"type":"Point","coordinates":[409116.5,5655760.5]}},{"type":"Feature","properties":{"h":23.0,"d":11.0,"a":0,"l":"d","gn":3,"t":66},"geometry":{"type":"Point","coordinates":[409116.7,5654231.7]}},{"type":"Feature","properties":{"h":11.0,"d":6.4,"a":0,"l":"d","s":"osm"},"geometry":{"type":"Point","coordinates":[409116.9,5655561.5]}},{"type":"Feature","properties":{"h":5.0,"d":2.0,"a":0,"l":"d","gn":13,"t":8},"geometry":{"type":"Point","coordinates":[409117.0,5655336.7]}},{"type":"Feature","properties":{"h":16.0,"d":13.0,"a":0,"l":"d","gn":3,"t":57},"geometry":{"type":"Point","coordinates":[409118.4,5654172.3]}},{"type":"Feature","properties":{"h":13.0,"d":7.0,"a":0,"l":"d","gn":3,"t":34},"geometry":{"type":"Point","coordinates":[409118.6,5655686.1]}},{"type":"Feature","properties":{"h":5.0,"d":2.0,"a":0,"l":"d","gn":13,"t":8},"geometry":{"type":"Point","coordinates":[409118.8,5655341.4]}},{"type":"Feature","properties":{"h":5.0,"d":2.0,"a":0,"l":"d","c":2,"gn":13,"t":7},"geometry":{"type":"Point","coordinates":[409120.5,5655491.8]}},{"type":"Feature","properties":{"h":5.0,"d":2.0,"a":0,"l":"d","gn":13,"t":8},"geometry":{"type":"Point","coordinates":[409121.0,5655346.9]}},{"type":"Feature","properties":{"h":15.0,"d":11.0,"a":0,"l":"d","gn":3,"t":53},"geometry":{"type":"Point","coordinates":[409122.8,5654178.8]}},{"type":"Feature","properties":{"h":6.0,"d":2.0,"a":0,"l":"d","gn":13,"t":9},"geometry":{"type":"Point","coordinates":[409123.1,5655351.9]}},{"type":"Feature","properties":{"h":21.0,"d":11.0,"a":0,"l":"d","gn":3,"t":53},"geometry":{"type":"Point","coordinates":[409123.4,5654227.4]}},{"type":"Feature","properties":{"h":8.0,"d":8.0,"a":5,"l":"d","c":1,"gn":8,"t":53},"geometry":{"type":"Point","coordinates":[409125.2,5655341.0]}},{"type":"Feature","properties":{"h":8.0,"d":6.0,"a":3,"l":"e","t":66},"geometry":{"type":"Point","coordinates":[409125.4,5655330.3]}},{"type":"Feature","properties":{"h":13.0,"d":6.0,"a":0,"l":"d","gn":9,"t":22},"geometry":{"type":"Point","coordinates":[409125.9,5655222.0]}},{"type":"Feature","properties":{"h":12.0,"d":6.0,"a":0,"l":"d","gn":3,"t":32},"geometry":{"type":"Point","coordinates":[409126.2,5655686.9]}},{"type":"Feature","properties":{"h":20.0,"d":11.0,"a":0,"l":"d","gn":3,"t":52},"geometry":{"type":"Point","coordinates":[409126.5,5654232.3]}},{"type":"Feature","properties":{"h":16.0,"d":14.0,"a":0,"l":"d","gn":3,"t":51},"geometry":{"type":"Point","coordinates":[409127.2,5654184.9]}},{"type":"Feature","properties":{"h":6.0,"d":2.0,"a":0,"l":"d","c":2,"gn":13,"t":7},"geometry":{"type":"Point","coordinates":[409128.5,5655491.4]}},{"type":"Feature","properties":{"h":13.0,"d":6.0,"a":0,"l":"d","gn":9,"t":20},"geometry":{"type":"Point","coordinates":[409129.5,5655182.2]}},{"type":"Feature","properties":{"h":5.0,"d":3.0,"a":0,"l":"d","gn":13,"t":8},"geometry":{"type":"Point","coordinates":[409129.7,5655366.9]}},{"type":"Feature","properties":{"h":12.0,"d":6.0,"a":0,"l":"d","gn":9,"t":19},"geometry":{"type":"Point","coordinates":[409130.0,5654547.4]}},{"type":"Feature","properties":{"h":18.0,"d":9.0,"a":0,"l":"d","gn":3,"t":46},"geometry":{"type":"Point","coordinates":[409130.0,5654237.5]}},{"type":"Feature","properties":{"h":4.0,"d":3.0,"a":0,"l":"d","gn":13,"t":9},"geometry":{"type":"Point","coordinates":[409132.2,5655372.6]}},{"type":"Feature","properties":{"h":13.0,"d":6.0,"a":0,"l":"d","gn":9,"t":25},"geometry":{"type":"Point","coordinates":[409132.5,5655205.5]}},{"type":"Feature","properties":{"h":16.0,"d":14.0,"a":0,"l":"d","gn":3,"t":51},"geometry":{"type":"Point","coordinates":[409133.1,5654193.3]}},{"type":"Feature","properties":{"h":19.0,"d":11.0,"a":0,"l":"d","gn":3,"t":47},"geometry":{"type":"Point","coordinates":[409133.3,5654242.5]}},{"type":"Feature","properties":{"h":14.0,"d":8.0,"a":0,"l":"d","gn":3,"t":38},"geometry":{"type":"Point","coordinates":[409133.4,5655687.5]}},{"type":"Feature","properties":{"h":5.0,"d":3.0,"a":0,"l":"d","gn":1,"t":15},"geometry":{"type":"Point","coordinates":[409134.1,5655348.0]}},{"type":"Feature","properties":{"h":5.0,"d":3.0,"a":0,"l":"d","gn":13,"t":8},"geometry":{"type":"Point","coordinates":[409135.2,5655378.6]}},{"type":"Feature","properties":{"h":13.0,"d":6.0,"a":0,"l":"d","gn":9,"t":24},"geometry":{"type":"Point","coordinates":[409135.8,5655166.1]}},{"type":"Feature","properties":{"h":5.0,"d":3.0,"a":0,"l":"d","gn":13,"t":8},"geometry":{"type":"Point","coordinates":[409135.9,5655367.5]}},{"type":"Feature","properties":{"h":11.0,"d":4.0,"a":0,"l":"d","gn":9,"t":12},"geometry":{"type":"Point","coordinates":[409136.0,5654559.1]}},{"type":"Feature","properties":{"h":20.0,"d":9.0,"a":0,"l":"d","gn":3,"t":47},"geometry":{"type":"Point","coordinates":[409136.4,5654247.6]}},{"type":"Feature","properties":{"h":6.0,"d":3.0,"a":0,"l":"d","gn":13,"t":9},"geometry":{"type":"Point","coordinates":[409137.6,5655383.2]}},{"type":"Feature","properties":{"h":5.0,"d":2.0,"a":0,"l":"d","gn":13,"t":9},"geometry":{"type":"Point","coordinates":[409138.8,5655373.1]}},{"type":"Feature","properties":{"h":26.0,"d":16.0,"a":0,"l":"d","gn":9,"t":118},"geometry":{"type":"Point","coordinates":[409140.0,5655762.7]}},{"type":"Feature","properties":{"h":23.0,"d":12.0,"a":0,"l":"d","gn":3,"t":75},"geometry":{"type":"Point","coordinates":[409140.1,5654273.5]}},{"type":"Feature","properties":{"h":5.0,"d":3.0,"a":0,"l":"d","gn":13,"t":10},"geometry":{"type":"Point","coordinates":[409140.3,5655388.3]}},{"type":"Feature","properties":{"h":11.0,"d":5.0,"a":0,"l":"d","gn":9,"t":13},"geometry":{"type":"Point","coordinates":[409141.1,5654568.9]}},{"type":"Feature","properties":{"h":6.0,"d":2.0,"a":0,"l":"d","gn":13,"t":8},"geometry":{"type":"Point","coordinates":[409141.4,5655378.5]}},{"type":"Feature","properties":{"h":6.0,"d":1.0,"a":2,"l":"d","gn":29,"t":8},"geometry":{"type":"Point","coordinates":[409141.8,5655466.1]}},{"type":"Feature","properties":{"h":19.0,"d":11.0,"a":0,"l":"d","gn":3,"t":50},"geometry":{"type":"Point","coordinates":[409141.8,5654258.5]}},{"type":"Feature","properties":{"h":11.0,"d":6.4,"a":0,"l":"d","s":"osm"},"geometry":{"type":"Point","coordinates":[409142.0,5655372.9]}},{"type":"Feature","properties":{"h":5.0,"d":6.0,"a":0,"l":"d","gn":13,"t":9},"geometry":{"type":"Point","coordinates":[409142.3,5655367.7]}},{"type":"Feature","properties":{"h":5.0,"d":3.0,"a":0,"l":"d","gn":13,"t":9},"geometry":{"type":"Point","coordinates":[409142.9,5655393.8]}},{"type":"Feature","properties":{"h":13.0,"d":6.0,"a":0,"l":"d","gn":9,"t":18},"geometry":{"type":"Point","coordinates":[409143.5,5655146.8]}},{"type":"Feature","properties":{"h":4.0,"d":4.0,"a":0,"l":"d","gn":13,"t":8},"geometry":{"type":"Point","coordinates":[409144.3,5655384.2]}},{"type":"Feature","properties":{"h":20.0,"d":8.0,"a":0,"l":"d","gn":3,"t":52},"geometry":{"type":"Point","coordinates":[409144.5,5654263.8]}},{"type":"Feature","properties":{"h":10.0,"d":7.0,"a":0,"l":"d","gn":1,"t":23},"geometry":{"type":"Point","coordinates":[409144.6,5654489.3]}},{"type":"Feature","properties":{"h":6.0,"d":1.0,"a":2,"l":"d","gn":29,"t":8},"geometry":{"type":"Point","coordinates":[409144.8,5655463.0]}},{"type":"Feature","properties":{"h":6.0,"d":2.0,"a":2,"l":"d","gn":29,"t":8},"geometry":{"type":"Point","coordinates":[409145.2,5655456.4]}},{"type":"Feature","properties":{"h":6.0,"d":3.0,"a":0,"l":"d","gn":13,"t":8},"geometry":{"type":"Point","coordinates":[409145.3,5655373.8]}},{"type":"Feature","properties":{"h":11.0,"d":6.4,"a":0,"l":"d","s":"osm"},"geometry":{"type":"Point","coordinates":[409145.4,5655401.9]}},{"type":"Feature","properties":{"h":5.0,"d":3.0,"a":0,"l":"d","gn":13,"t":9},"geometry":{"type":"Point","coordinates":[409145.5,5655398.8]}},{"type":"Feature","properties":{"h":11.0,"d":4.0,"a":0,"l":"d","gn":9,"t":11},"geometry":{"type":"Point","coordinates":[409145.5,5654577.4]}},{"type":"Feature","properties":{"h":9.0,"d":3.0,"a":0,"l":"d","gn":1,"t":11},"geometry":{"type":"Point","coordinates":[409146.4,5654487.7]}},{"type":"Feature","properties":{"h":21.0,"d":16.0,"a":0,"l":"d","gn":9,"t":83},"geometry":{"type":"Point","coordinates":[409146.5,5655169.8]}},{"type":"Feature","properties":{"h":12.0,"d":6.0,"a":0,"l":"d","gn":1,"t":18},"geometry":{"type":"Point","coordinates":[409146.8,5654490.3]}},{"type":"Feature","properties":{"h":6.0,"d":2.0,"a":0,"l":"d","gn":13,"t":9},"geometry":{"type":"Point","coordinates":[409147.0,5655390.0]}},{"type":"Feature","properties":{"h":20.0,"d":9.0,"a":0,"l":"d","gn":3,"t":50},"geometry":{"type":"Point","coordinates":[409147.1,5654269.5]}},{"type":"Feature","properties":{"h":8.0,"d":4.0,"a":0,"l":"d","gn":1,"t":15},"geometry":{"type":"Point","coordinates":[409147.8,5654487.9]}},{"type":"Feature","properties":{"h":5.0,"d":3.0,"a":0,"l":"d","gn":13,"t":9},"geometry":{"type":"Point","coordinates":[409148.1,5655404.2]}},{"type":"Feature","properties":{"h":14.0,"d":8.0,"a":0,"l":"d","gn":3,"t":45},"geometry":{"type":"Point","coordinates":[409148.3,5655689.1]}},{"type":"Feature","properties":{"h":16.0,"d":13.0,"a":0,"l":"d","gn":3,"t":53},"geometry":{"type":"Point","coordinates":[409148.9,5654216.7]}},{"type":"Feature","properties":{"h":7.0,"d":3.0,"a":0,"l":"d","gn":1,"t":10},"geometry":{"type":"Point","coordinates":[409149.0,5654488.0]}},{"type":"Feature","properties":{"h":21.0,"d":11.0,"a":0,"l":"d","gn":3,"t":51},"geometry":{"type":"Point","coordinates":[409149.3,5654275.4]}},{"type":"Feature","properties":{"h":12.0,"d":9.0,"a":0,"l":"d","gn":1,"t":29},"geometry":{"type":"Point","coordinates":[409149.5,5654493.5]}},{"type":"Feature","properties":{"h":5.0,"d":4.0,"a":0,"l":"d","gn":13,"t":9},"geometry":{"type":"Point","coordinates":[409149.8,5655395.8]}},{"type":"Feature","properties":{"h":11.0,"d":6.4,"a":0,"l":"d","s":"osm"},"geometry":{"type":"Point","coordinates":[409149.9,5655391.9]}},{"type":"Feature","properties":{"h":12.0,"d":6.0,"a":0,"l":"d","gn":9,"t":19},"geometry":{"type":"Point","coordinates":[409150.1,5654586.1]}},{"type":"Feature","properties":{"h":6.0,"d":5.0,"a":0,"l":"d","gn":13,"t":10},"geometry":{"type":"Point","coordinates":[409150.8,5655409.6]}},{"type":"Feature","properties":{"h":6.0,"d":1.0,"a":2,"l":"d","gn":29,"t":8},"geometry":{"type":"Point","coordinates":[409150.9,5655496.4]}},{"type":"Feature","properties":{"h":16.0,"d":10.0,"a":0,"l":"d","gn":1,"t":47},"geometry":{"type":"Point","coordinates":[409151.0,5655362.0]}},{"type":"Feature","properties":{"h":14.0,"d":6.0,"a":0,"l":"d","gn":10,"t":35},"geometry":{"type":"Point","coordinates":[409151.2,5654492.8]}},{"type":"Feature","properties":{"h":18.0,"d":11.0,"a":0,"l":"d","gn":3,"t":57},"geometry":{"type":"Point","coordinates":[409151.3,5654438.3]}},{"type":"Feature","properties":{"h":18.0,"d":11.0,"a":0,"l":"d","gn":3,"t":50},"geometry":{"type":"Point","coordinates":[409151.3,5654429.1]}},{"type":"Feature","properties":{"h":20.0,"d":9.0,"a":0,"l":"d","gn":3,"t":54},"geometry":{"type":"Point","coordinates":[409151.5,5654280.7]}},{"type":"Feature","properties":{"h":5.0,"d":2.5,"a":1,"l":"d","gn":30,"t":8},"geometry":{"type":"Point","coordinates":[409152.0,5654469.6]}},{"type":"Feature","properties":{"h":18.0,"d":11.0,"a":0,"l":"d","gn":3,"t":48},"geometry":{"type":"Point","coordinates":[409152.2,5654423.3]}},{"type":"Feature","properties":{"h":5.0,"d":6.0,"a":0,"l":"d","gn":13,"t":10},"geometry":{"type":"Point","coordinates":[409152.6,5655401.3]}},{"type":"Feature","properties":{"h":13.0,"d":11.0,"a":0,"l":"d","gn":3,"t":43},"geometry":{"type":"Point","coordinates":[409153.0,5654223.2]}},{"type":"Feature","properties":{"h":19.0,"d":11.0,"a":0,"l":"d","gn":3,"t":48},"geometry":{"type":"Point","coordinates":[409153.0,5654417.5]}},{"type":"Feature","properties":{"h":6.0,"d":5.0,"a":0,"l":"d","gn":13,"t":11},"geometry":{"type":"Point","coordinates":[409153.1,5655414.5]}},{"type":"Feature","properties":{"h":13.0,"d":6.0,"a":0,"l":"d","gn":9,"t":22},"geometry":{"type":"Point","coordinates":[409153.7,5655151.3]}},{"type":"Feature","properties":{"h":6.0,"d":2.0,"a":5,"l":"d","gn":8,"t":14},"geometry":{"type":"Point","coordinates":[409154.0,5655374.6]}},{"type":"Feature","properties":{"h":19.0,"d":9.0,"a":0,"l":"d","gn":3,"t":47},"geometry":{"type":"Point","coordinates":[409154.0,5654411.5]}},{"type":"Feature","properties":{"h":20.0,"d":12.0,"a":0,"l":"d","gn":3,"t":77},"geometry":{"type":"Point","coordinates":[409154.2,5654331.9]}},{"type":"Feature","properties":{"h":5.0,"d":2.5,"a":1,"l":"d","gn":30,"t":8},"geometry":{"type":"Point","coordinates":[409154.2,5654476.0]}},{"type":"Feature","properties":{"h":18.0,"d":10.0,"a":0,"l":"d","gn":3,"t":75},"geometry":{"type":"Point","coordinates":[409154.6,5654343.8]}},{"type":"Feature","properties":{"h":17.0,"d":10.0,"a":0,"l":"d","gn":3,"t":47},"geometry":{"type":"Point","coordinates":[409154.8,5654405.5]}},{"type":"Feature","properties":{"h":5.0,"d":2.0,"a":2,"l":"d","gn":29,"t":8},"geometry":{"type":"Point","coordinates":[409155.2,5655497.5]}},{"type":"Feature","properties":{"h":18.0,"d":12.0,"a":0,"l":"d","gn":7,"t":75},"geometry":{"type":"Point","coordinates":[409155.3,5655360.6]}},{"type":"Feature","properties":{"h":12.0,"d":6.0,"a":0,"l":"d","gn":9,"t":17},"geometry":{"type":"Point","coordinates":[409155.4,5654572.4]}},{"type":"Feature","properties":{"h":12.0,"d":8.0,"a":0,"l":"d","gn":3,"t":31},"geometry":{"type":"Point","coordinates":[409155.4,5655689.9]}},{"type":"Feature","properties":{"h":11.0,"d":6.4,"a":0,"l":"d","s":"osm"},"geometry":{"type":"Point","coordinates":[409155.8,5655406.2]}},{"type":"Feature","properties":{"h":19.0,"d":11.0,"a":0,"l":"d","gn":3,"t":45},"geometry":{"type":"Point","coordinates":[409155.9,5654399.5]}},{"type":"Feature","properties":{"h":23.0,"d":16.0,"a":0,"l":"d","gn":9,"t":94},"geometry":{"type":"Point","coordinates":[409156.4,5655764.4]}},{"type":"Feature","properties":{"h":6.0,"d":2.5,"a":1,"l":"d","gn":30,"t":8},"geometry":{"type":"Point","coordinates":[409156.7,5654482.8]}},{"type":"Feature","properties":{"h":19.0,"d":11.0,"a":0,"l":"d","gn":3,"t":46},"geometry":{"type":"Point","coordinates":[409156.7,5654393.5]}},{"type":"Feature","properties":{"h":11.0,"d":9.0,"a":0,"l":"d","gn":3,"t":47},"geometry":{"type":"Point","coordinates":[409157.1,5654229.9]}},{"type":"Feature","properties":{"h":5.0,"d":6.0,"a":0,"l":"d","gn":13,"t":9},"geometry":{"type":"Point","coordinates":[409157.6,5655397.8]}},{"type":"Feature","properties":{"h":19.0,"d":11.0,"a":0,"l":"d","gn":3,"t":48},"geometry":{"type":"Point","coordinates":[409157.7,5654387.5]}},{"type":"Feature","properties":{"h":15.0,"d":16.0,"a":0,"l":"d","c":1,"gn":31,"t":82},"geometry":{"type":"Point","coordinates":[409158.0,5655385.3]}},{"type":"Feature","properties":{"h":21.0,"d":9.0,"a":0,"l":"d","gn":3,"t":60},"geometry":{"type":"Point","coordinates":[409158.4,5654303.8]}},{"type":"Feature","properties":{"h":7.0,"d":11.2,"a":5,"l":"d","gn":8,"t":28},"geometry":{"type":"Point","coordinates":[409158.6,5655620.8]}},{"type":"Feature","properties":{"h":19.0,"d":11.0,"a":0,"l":"d","gn":3,"t":47},"geometry":{"type":"Point","coordinates":[409158.6,5654381.7]}},{"type":"Feature","properties":{"h":19.0,"d":11.0,"a":0,"l":"d","gn":3,"t":48},"geometry":{"type":"Point","coordinates":[409159.5,5654375.9]}},{"type":"Feature","properties":{"h":11.0,"d":5.0,"a":0,"l":"d","gn":9,"t":15},"geometry":{"type":"Point","coordinates":[409160.2,5654581.3]}},{"type":"Feature","properties":{"h":19.0,"d":11.0,"a":0,"l":"d","gn":3,"t":53},"geometry":{"type":"Point","coordinates":[409160.3,5654369.8]}},{"type":"Feature","properties":{"h":12.0,"d":5.0,"a":0,"l":"d","gn":9,"t":14},"geometry":{"type":"Point","coordinates":[409160.6,5654606.4]}},{"type":"Feature","properties":{"h":19.0,"d":9.0,"a":0,"l":"d","gn":3,"t":51},"geometry":{"type":"Point","coordinates":[409160.7,5654315.5]}},{"type":"Feature","properties":{"h":12.0,"d":8.0,"a":0,"l":"d","gn":3,"t":44},"geometry":{"type":"Point","coordinates":[409160.8,5654237.1]}},{"type":"Feature","properties":{"h":6.0,"d":4.0,"a":5,"l":"d","gn":8,"t":12},"geometry":{"type":"Point","coordinates":[409160.9,5655617.4]}},{"type":"Feature","properties":{"h":19.0,"d":11.0,"a":0,"l":"d","gn":3,"t":53},"geometry":{"type":"Point","coordinates":[409161.4,5654363.8]}},{"type":"Feature","properties":{"h":4.0,"d":3.0,"a":5,"l":"d","gn":24,"t":9},"geometry":{"type":"Point","coordinates":[409161.4,5655627.3]}},{"type":"Feature","properties":{"h":20.0,"d":9.0,"a":0,"l":"d","gn":3,"t":52},"geometry":{"type":"Point","coordinates":[409161.8,5654327.5]}},{"type":"Feature","properties":{"h":20.0,"d":12.0,"a":0,"l":"d","gn":3,"t":53},"geometry":{"type":"Point","coordinates":[409162.1,5654357.6]}},{"type":"Feature","properties":{"h":20.0,"d":11.0,"a":0,"l":"d","gn":3,"t":56},"geometry":{"type":"Point","coordinates":[409162.4,5654333.5]}},{"type":"Feature","properties":{"h":19.0,"d":12.0,"a":0,"l":"d","gn":3,"t":54},"geometry":{"type":"Point","coordinates":[409162.4,5654351.6]}},{"type":"Feature","properties":{"h":13.0,"d":8.0,"a":0,"l":"d","gn":3,"t":34},"geometry":{"type":"Point","coordinates":[409162.5,5655690.5]}},{"type":"Feature","properties":{"h":21.0,"d":11.0,"a":0,"l":"d","gn":3,"t":57},"geometry":{"type":"Point","coordinates":[409162.8,5654345.4]}},{"type":"Feature","properties":{"h":18.0,"d":11.0,"a":0,"l":"d","gn":9,"t":90},"geometry":{"type":"Point","coordinates":[409162.9,5655776.0]}},{"type":"Feature","properties":{"h":5.0,"d":5.0,"a":5,"l":"d","t":27},"geometry":{"type":"Point","coordinates":[409163.7,5655633.8]}},{"type":"Feature","properties":{"h":21.0,"d":11.0,"a":0,"l":"d","gn":1,"t":44},"geometry":{"type":"Point","coordinates":[409163.8,5655410.1]}},{"type":"Feature","properties":{"h":15.0,"d":10.0,"a":0,"l":"d","gn":3,"t":41},"geometry":{"type":"Point","coordinates":[409164.5,5654244.3]}},{"type":"Feature","properties":{"h":5.0,"d":1.0,"a":1,"l":"d","gn":29,"t":5},"geometry":{"type":"Point","coordinates":[409165.1,5655437.9]}},{"type":"Feature","properties":{"h":11.0,"d":7.0,"a":0,"l":"d","gn":9,"t":26},"geometry":{"type":"Point","coordinates":[409165.3,5655764.9]}},{"type":"Feature","properties":{"h":14.0,"d":12.0,"a":0,"l":"d","gn":4,"t":60},"geometry":{"type":"Point","coordinates":[409165.9,5655729.9]}},{"type":"Feature","properties":{"h":17.0,"d":9.0,"a":0,"l":"d","gn":1,"t":29},"geometry":{"type":"Point","coordinates":[409166.0,5655411.7]}},{"type":"Feature","properties":{"h":10.0,"d":8.0,"a":5,"l":"d","t":36},"geometry":{"type":"Point","coordinates":[409166.4,5655634.0]}},{"type":"Feature","properties":{"h":11.0,"d":4.0,"a":0,"l":"d","gn":9,"t":12},"geometry":{"type":"Point","coordinates":[409166.5,5654617.4]}},{"type":"Feature","properties":{"h":12.0,"d":6.0,"a":0,"l":"d","gn":1,"t":26},"geometry":{"type":"Point","coordinates":[409166.8,5655412.8]}},{"type":"Feature","properties":{"h":17.0,"d":11.0,"a":0,"l":"d","gn":1,"t":39},"geometry":{"type":"Point","coordinates":[409167.0,5655414.6]}},{"type":"Feature","properties":{"h":14.0,"d":11.0,"a":0,"l":"d","gn":3,"t":46},"geometry":{"type":"Point","coordinates":[409168.1,5654251.8]}},{"type":"Feature","properties":{"h":16.0,"d":7.0,"a":1,"l":"d","gn":19,"t":28},"geometry":{"type":"Point","coordinates":[409168.4,5655709.9]}},{"type":"Feature","properties":{"h":12.0,"d":9.0,"a":0,"l":"d","gn":10,"t":60},"geometry":{"type":"Point","coordinates":[409169.2,5655648.9]}},{"type":"Feature","properties":{"h":14.0,"d":8.0,"a":0,"l":"d","gn":3,"t":38},"geometry":{"type":"Point","coordinates":[409169.7,5655691.2]}},{"type":"Feature","properties":{"h":4.0,"d":4.0,"a":5,"l":"d","gn":8,"t":10},"geometry":{"type":"Point","coordinates":[409169.8,5655630.3]}},{"type":"Feature","properties":{"h":5.0,"d":1.0,"a":1,"l":"d","gn":29,"t":5},"geometry":{"type":"Point","coordinates":[409170.0,5655445.5]}},{"type":"Feature","properties":{"h":12.0,"d":5.0,"a":0,"l":"d","gn":9,"t":17},"geometry":{"type":"Point","coordinates":[409170.3,5654600.8]}},{"type":"Feature","properties":{"h":5.0,"d":4.0,"a":5,"l":"d","gn":17,"t":13},"geometry":{"type":"Point","coordinates":[409170.6,5655641.9]}},{"type":"Feature","properties":{"h":10.0,"d":7.0,"a":0,"l":"d","gn":3,"t":41},"geometry":{"type":"Point","coordinates":[409171.3,5654259.0]}},{"type":"Feature","properties":{"h":5.0,"d":1.0,"a":1,"l":"d","gn":29,"t":5},"geometry":{"type":"Point","coordinates":[409171.6,5655448.6]}},{"type":"Feature","properties":{"h":4.0,"d":4.0,"a":5,"l":"d","gn":8,"t":10},"geometry":{"type":"Point","coordinates":[409171.8,5655645.7]}},{"type":"Feature","properties":{"h":4.0,"d":4.0,"a":5,"l":"d","gn":8,"t":12},"geometry":{"type":"Point","coordinates":[409172.0,5655638.0]}},{"type":"Feature","properties":{"h":10.0,"d":5.0,"a":5,"l":"d","gn":8,"t":15},"geometry":{"type":"Point","coordinates":[409172.2,5655672.3]}},{"type":"Feature","properties":{"h":5.0,"d":3.0,"a":1,"l":"d","gn":1,"t":8},"geometry":{"type":"Point","coordinates":[409172.3,5655722.0]}},{"type":"Feature","properties":{"h":11.0,"d":4.0,"a":0,"l":"d","gn":9,"t":14},"geometry":{"type":"Point","coordinates":[409172.4,5654629.0]}},{"type":"Feature","properties":{"h":6.0,"d":5.0,"a":5,"l":"d","gn":8,"t":10},"geometry":{"type":"Point","coordinates":[409172.8,5655667.3]}},{"type":"Feature","properties":{"h":12.0,"d":9.0,"a":0,"l":"d","gn":1,"t":28},"geometry":{"type":"Point","coordinates":[409174.2,5655709.4]}},{"type":"Feature","properties":{"h":12.0,"d":8.0,"a":0,"l":"d","gn":3,"t":38},"geometry":{"type":"Point","coordinates":[409174.6,5654266.2]}},{"type":"Feature","properties":{"h":11.0,"d":6.4,"a":0,"l":"d","s":"osm"},"geometry":{"type":"Point","coordinates":[409175.2,5655643.4]}},{"type":"Feature","properties":{"h":12.0,"d":7.0,"a":0,"l":"d","gn":3,"t":28},"geometry":{"type":"Point","coordinates":[409176.8,5655691.9]}},{"type":"Feature","properties":{"h":6.0,"d":4.0,"a":1,"l":"d","gn":1,"t":10},"geometry":{"type":"Point","coordinates":[409177.2,5655703.1]}},{"type":"Feature","properties":{"h":11.0,"d":10.0,"a":0,"l":"d","gn":3,"t":46},"geometry":{"type":"Point","coordinates":[409177.6,5654274.0]}},{"type":"Feature","properties":{"h":6.0,"d":9.6,"a":0,"l":"d","gn":1},"geometry":{"type":"Point","coordinates":[409177.7,5655615.3]}},{"type":"Feature","properties":{"h":8.0,"d":9.0,"a":0,"l":"d","gn":15,"t":21},"geometry":{"type":"Point","coordinates":[409177.9,5655657.9]}},{"type":"Feature","properties":{"h":11.0,"d":6.4,"a":0,"l":"d","s":"osm"},"geometry":{"type":"Point","coordinates":[409178.1,5655673.4]}},{"type":"Feature","properties":{"h":7.0,"d":4.0,"a":1,"l":"d","gn":22,"t":15},"geometry":{"type":"Point","coordinates":[409178.1,5655647.0]}},{"type":"Feature","properties":{"h":5.0,"d":1.0,"a":0,"l":"d","gn":9,"t":5},"geometry":{"type":"Point","coordinates":[409178.7,5655777.8]}},{"type":"Feature","properties":{"h":5.0,"d":1.0,"a":0,"l":"d","gn":9,"t":5},"geometry":{"type":"Point","coordinates":[409179.4,5655766.0]}},{"type":"Feature","properties":{"h":11.0,"d":9.0,"a":0,"l":"d","gn":3,"t":48},"geometry":{"type":"Point","coordinates":[409180.1,5654281.3]}},{"type":"Feature","properties":{"h":10.0,"d":9.0,"a":5,"l":"d","gn":8,"t":23},"geometry":{"type":"Point","coordinates":[409180.1,5655714.3]}},{"type":"Feature","properties":{"h":6.0,"d":5.0,"a":1,"l":"d","gn":18,"t":10},"geometry":{"type":"Point","coordinates":[409180.7,5654003.6]}},{"type":"Feature","properties":{"h":10.0,"d":10.0,"a":0,"l":"d","gn":21,"t":29},"geometry":{"type":"Point","coordinates":[409180.8,5655670.8]}},{"type":"Feature","properties":{"h":8.0,"d":10.0,"a":5,"l":"d","gn":8,"t":26},"geometry":{"type":"Point","coordinates":[409181.9,5655712.7]}},{"type":"Feature","properties":{"h":11.0,"d":9.0,"a":0,"l":"d","gn":3,"t":50},"geometry":{"type":"Point","coordinates":[409182.1,5654289.1]}},{"type":"Feature","properties":{"h":10.0,"d":9.0,"a":0,"l":"d","gn":3,"t":45},"geometry":{"type":"Point","coordinates":[409184.1,5654296.7]}},{"type":"Feature","properties":{"h":5.0,"d":1.0,"a":0,"l":"d","gn":3,"t":6},"geometry":{"type":"Point","coordinates":[409184.3,5655692.8]}},{"type":"Feature","properties":{"h":12.0,"d":9.0,"a":0,"l":"d","gn":1,"t":23},"geometry":{"type":"Point","coordinates":[409185.0,5655730.3]}},{"type":"Feature","properties":{"h":12.0,"d":9.0,"a":0,"l":"d","gn":1,"t":25},"geometry":{"type":"Point","coordinates":[409186.7,5655730.8]}},{"type":"Feature","properties":{"h":14.0,"d":12.0,"a":0,"l":"d","gn":3,"t":49},"geometry":{"type":"Point","coordinates":[409186.8,5654307.1]}},{"type":"Feature","properties":{"h":7.0,"d":5.0,"a":1,"l":"d","gn":1,"t":12},"geometry":{"type":"Point","coordinates":[409187.0,5655704.0]}},{"type":"Feature","properties":{"h":13.0,"d":6.0,"a":0,"l":"d","gn":9,"t":17},"geometry":{"type":"Point","coordinates":[409187.8,5654662.8]}},{"type":"Feature","properties":{"h":6.0,"d":3.0,"a":1,"l":"d","gn":18,"t":9},"geometry":{"type":"Point","coordinates":[409189.1,5654015.4]}},{"type":"Feature","properties":{"h":16.0,"d":14.0,"a":0,"l":"d","gn":3,"t":56},"geometry":{"type":"Point","coordinates":[409189.3,5654317.2]}},{"type":"Feature","properties":{"h":14.0,"d":12.0,"a":0,"l":"d","gn":1,"t":47},"geometry":{"type":"Point","coordinates":[409190.9,5654674.4]}},{"type":"Feature","properties":{"h":14.0,"d":8.0,"a":0,"l":"d","gn":3,"t":42},"geometry":{"type":"Point","coordinates":[409191.1,5655693.3]}},{"type":"Feature","properties":{"h":20.0,"d":16.0,"a":0,"l":"d","gn":3,"t":66},"geometry":{"type":"Point","coordinates":[409191.7,5654326.7]}},{"type":"Feature","properties":{"h":5.0,"d":1.0,"a":1,"l":"d","gn":29,"t":5},"geometry":{"type":"Point","coordinates":[409193.4,5655492.9]}},{"type":"Feature","properties":{"h":22.0,"d":16.0,"a":0,"l":"d","gn":9,"t":100},"geometry":{"type":"Point","coordinates":[409193.8,5654645.4]}},{"type":"Feature","properties":{"h":8.0,"d":6.0,"a":1,"l":"d","gn":19,"t":22},"geometry":{"type":"Point","coordinates":[409194.0,5655639.3]}},{"type":"Feature","properties":{"h":5.0,"d":1.0,"a":1,"l":"d","gn":29,"t":5},"geometry":{"type":"Point","coordinates":[409194.2,5655495.9]}},{"type":"Feature","properties":{"h":2.0,"d":2.0,"a":0,"l":"d"},"geometry":{"type":"Point","coordinates":[409194.5,5655721.1]}},{"type":"Feature","properties":{"h":12.0,"d":6.0,"a":0,"l":"d","gn":9,"t":18},"geometry":{"type":"Point","coordinates":[409195.2,5654690.3]}},{"type":"Feature","properties":{"h":2.0,"d":2.0,"a":0,"l":"d","gn":21,"t":10},"geometry":{"type":"Point","coordinates":[409195.3,5655620.4]}},{"type":"Feature","properties":{"h":6.0,"d":4.0,"a":1,"l":"d","gn":1,"t":13},"geometry":{"type":"Point","coordinates":[409195.9,5655713.6]}},{"type":"Feature","properties":{"h":13.0,"d":6.0,"a":0,"l":"d","gn":3,"t":34},"geometry":{"type":"Point","coordinates":[409196.2,5655757.2]}},{"type":"Feature","properties":{"h":7.0,"d":4.0,"a":1,"l":"d","gn":1,"t":10},"geometry":{"type":"Point","coordinates":[409197.0,5655704.7]}},{"type":"Feature","properties":{"h":13.0,"d":6.0,"a":0,"l":"d","gn":3,"t":31},"geometry":{"type":"Point","coordinates":[409197.5,5655743.3]}},{"type":"Feature","properties":{"h":19.0,"d":11.0,"a":0,"l":"d","gn":10,"t":27},"geometry":{"type":"Point","coordinates":[409197.7,5654028.0]}},{"type":"Feature","properties":{"h":18.0,"d":12.0,"a":0,"l":"d","gn":10,"t":40},"geometry":{"type":"Point","coordinates":[409198.0,5654009.1]}},{"type":"Feature","properties":{"h":14.0,"d":11.0,"a":0,"l":"d","gn":3,"t":43},"geometry":{"type":"Point","coordinates":[409198.0,5655694.0]}},{"type":"Feature","properties":{"h":11.0,"d":6.0,"a":0,"l":"d","gn":3,"t":26},"geometry":{"type":"Point","coordinates":[409198.3,5655736.3]}},{"type":"Feature","properties":{"h":14.0,"d":10.0,"a":0,"l":"d","gn":3,"t":46},"geometry":{"type":"Point","coordinates":[409198.8,5655689.2]}},{"type":"Feature","properties":{"h":11.0,"d":5.0,"a":0,"l":"d","gn":3,"t":19},"geometry":{"type":"Point","coordinates":[409198.9,5655729.3]}},{"type":"Feature","properties":{"h":12.0,"d":6.0,"a":0,"l":"d","gn":3,"t":25},"geometry":{"type":"Point","coordinates":[409199.5,5655722.4]}},{"type":"Feature","properties":{"h":12.0,"d":5.0,"a":0,"l":"d","gn":9,"t":14},"geometry":{"type":"Point","coordinates":[409200.0,5654664.1]}},{"type":"Feature","properties":{"h":12.0,"d":6.0,"a":0,"l":"d","gn":3,"t":25},"geometry":{"type":"Point","coordinates":[409200.1,5655715.4]}},{"type":"Feature","properties":{"h":11.0,"d":6.0,"a":0,"l":"d","gn":3,"t":24},"geometry":{"type":"Point","coordinates":[409200.7,5655708.6]}},{"type":"Feature","properties":{"h":23.0,"d":18.0,"a":0,"l":"d","gn":3,"t":66},"geometry":{"type":"Point","coordinates":[409201.3,5654364.4]}},{"type":"Feature","properties":{"h":12.0,"d":6.0,"a":0,"l":"d","gn":9,"t":20},"geometry":{"type":"Point","coordinates":[409201.5,5654726.8]}},{"type":"Feature","properties":{"h":19.0,"d":14.0,"a":0,"l":"d","gn":9,"t":88},"geometry":{"type":"Point","coordinates":[409201.6,5654993.6]}},{"type":"Feature","properties":{"h":12.0,"d":9.0,"a":0,"l":"d","gn":1,"t":40},"geometry":{"type":"Point","coordinates":[409202.9,5655503.2]}},{"type":"Feature","properties":{"h":22.0,"d":15.0,"a":0,"l":"d","gn":3,"t":54},"geometry":{"type":"Point","coordinates":[409203.2,5654371.9]}},{"type":"Feature","properties":{"h":9.0,"d":6.0,"a":0,"l":"d","gn":5,"t":21},"geometry":{"type":"Point","coordinates":[409203.3,5655511.8]}},{"type":"Feature","properties":{"h":11.0,"d":5.0,"a":0,"l":"d","gn":9,"t":16},"geometry":{"type":"Point","coordinates":[409203.4,5654982.7]}},{"type":"Feature","properties":{"h":5.0,"d":3.0,"a":0,"l":"d","gn":7,"t":13},"geometry":{"type":"Point","coordinates":[409203.8,5655942.1]}},{"type":"Feature","properties":{"h":12.0,"d":5.0,"a":0,"l":"d","gn":9,"t":13},"geometry":{"type":"Point","coordinates":[409204.2,5654746.1]}},{"type":"Feature","properties":{"h":5.0,"d":1.0,"a":0,"l":"d","gn":9,"t":6},"geometry":{"type":"Point","coordinates":[409204.8,5654680.2]}},{"type":"Feature","properties":{"h":7.0,"d":4.0,"a":0,"l":"d","gn":5,"t":12},"geometry":{"type":"Point","coordinates":[409204.9,5655508.4]}},{"type":"Feature","properties":{"h":14.0,"d":7.0,"a":0,"l":"d","gn":3,"t":35},"geometry":{"type":"Point","coordinates":[409204.9,5655674.4]}},{"type":"Feature","properties":{"h":11.0,"d":4.0,"a":0,"l":"d","gn":9,"t":13},"geometry":{"type":"Point","coordinates":[409205.3,5654756.4]}},{"type":"Feature","properties":{"h":14.0,"d":7.0,"a":0,"l":"d","gn":3,"t":31},"geometry":{"type":"Point","coordinates":[409205.9,5655666.6]}},{"type":"Feature","properties":{"h":11.0,"d":4.0,"a":0,"l":"d","gn":9,"t":12},"geometry":{"type":"Point","coordinates":[409205.9,5654969.4]}},{"type":"Feature","properties":{"h":2.0,"d":1.0,"a":1,"l":"d","gn":18,"t":6},"geometry":{"type":"Point","coordinates":[409206.4,5654039.6]}},{"type":"Feature","properties":{"h":14.0,"d":7.0,"a":0,"l":"d","gn":3,"t":32},"geometry":{"type":"Point","coordinates":[409206.6,5655658.6]}},{"type":"Feature","properties":{"h":7.0,"d":5.0,"a":1,"l":"d","gn":18,"t":10},"geometry":{"type":"Point","coordinates":[409206.8,5654021.3]}},{"type":"Feature","properties":{"h":21.0,"d":16.0,"a":0,"l":"d","gn":9,"t":97},"geometry":{"type":"Point","coordinates":[409206.9,5654776.5]}},{"type":"Feature","properties":{"h":13.0,"d":6.0,"a":0,"l":"d","gn":3,"t":33},"geometry":{"type":"Point","coordinates":[409207.3,5655650.6]}},{"type":"Feature","properties":{"h":12.0,"d":4.0,"a":0,"l":"d","gn":9,"t":11},"geometry":{"type":"Point","coordinates":[409207.4,5654957.5]}},{"type":"Feature","properties":{"h":14.0,"d":10.0,"a":0,"l":"d","gn":10,"t":40},"geometry":{"type":"Point","coordinates":[409208.0,5655030.4]}},{"type":"Feature","properties":{"h":12.0,"d":6.0,"a":0,"l":"d","gn":3,"t":27},"geometry":{"type":"Point","coordinates":[409208.0,5655642.6]}},{"type":"Feature","properties":{"h":21.0,"d":16.0,"a":0,"l":"d","gn":9,"t":73},"geometry":{"type":"Point","coordinates":[409208.3,5654950.5]}},{"type":"Feature","properties":{"h":12.0,"d":5.0,"a":0,"l":"d","gn":9,"t":17},"geometry":{"type":"Point","coordinates":[409208.4,5654803.2]}},{"type":"Feature","properties":{"h":8.0,"d":2.0,"a":1,"l":"d","gn":3,"t":12},"geometry":{"type":"Point","coordinates":[409208.8,5655633.3]}},{"type":"Feature","properties":{"h":10.0,"d":3.0,"a":0,"l":"d","gn":9,"t":11},"geometry":{"type":"Point","coordinates":[409209.0,5654940.0]}},{"type":"Feature","properties":{"h":24.0,"d":14.0,"a":0,"l":"d","gn":9,"t":108},"geometry":{"type":"Point","coordinates":[409209.4,5654825.3]}},{"type":"Feature","properties":{"h":7.0,"d":2.0,"a":1,"l":"d","gn":3,"t":12},"geometry":{"type":"Point","coordinates":[409209.5,5655626.3]}},{"type":"Feature","properties":{"h":13.0,"d":6.0,"a":0,"l":"d","gn":9,"t":24},"geometry":{"type":"Point","coordinates":[409209.6,5654924.2]}},{"type":"Feature","properties":{"h":11.0,"d":7.0,"a":0,"l":"d","gn":5,"t":24},"geometry":{"type":"Point","coordinates":[409209.6,5655512.6]}},{"type":"Feature","properties":{"h":14.0,"d":7.0,"a":0,"l":"d","gn":9,"t":24},"geometry":{"type":"Point","coordinates":[409209.7,5654847.7]}},{"type":"Feature","properties":{"h":6.0,"d":4.0,"a":0,"l":"d","gn":7,"t":21},"geometry":{"type":"Point","coordinates":[409209.8,5655902.2]}},{"type":"Feature","properties":{"h":3.0,"d":2.0,"a":1,"l":"d","gn":28,"t":10},"geometry":{"type":"Point","coordinates":[409209.9,5655038.5]}},{"type":"Feature","properties":{"h":7.0,"d":5.0,"a":0,"l":"d","gn":7,"t":20},"geometry":{"type":"Point","coordinates":[409211.1,5655892.3]}},{"type":"Feature","properties":{"h":14.0,"d":9.0,"a":0,"l":"d","gn":1,"t":37},"geometry":{"type":"Point","coordinates":[409211.8,5655517.6]}},{"type":"Feature","properties":{"h":4.0,"d":3.0,"a":1,"l":"d","gn":28,"t":10},"geometry":{"type":"Point","coordinates":[409212.1,5655040.2]}},{"type":"Feature","properties":{"h":7.0,"d":4.0,"a":0,"l":"d","gn":7,"t":18},"geometry":{"type":"Point","coordinates":[409212.1,5655884.4]}},{"type":"Feature","properties":{"h":14.0,"d":7.0,"a":0,"l":"d","gn":9,"t":23},"geometry":{"type":"Point","coordinates":[409212.5,5654996.9]}},{"type":"Feature","properties":{"h":15.0,"d":8.0,"a":0,"l":"d","gn":7,"t":49},"geometry":{"type":"Point","coordinates":[409213.3,5655990.7]}},{"type":"Feature","properties":{"h":6.0,"d":4.0,"a":0,"l":"d","gn":7,"t":15},"geometry":{"type":"Point","coordinates":[409214.1,5655868.0]}},{"type":"Feature","properties":{"h":8.0,"d":4.0,"a":1,"l":"d","gn":27,"t":12},"geometry":{"type":"Point","coordinates":[409214.7,5655525.1]}},{"type":"Feature","properties":{"h":12.0,"d":10.0,"a":0,"l":"d","gn":10,"t":30},"geometry":{"type":"Point","coordinates":[409215.0,5655024.0]}},{"type":"Feature","properties":{"h":6.0,"d":3.0,"a":1,"l":"d","gn":18,"t":8},"geometry":{"type":"Point","coordinates":[409215.1,5654052.5]}},{"type":"Feature","properties":{"h":13.0,"d":6.0,"a":0,"l":"d","gn":9,"t":21},"geometry":{"type":"Point","coordinates":[409215.1,5654744.6]}},{"type":"Feature","properties":{"h":20.0,"d":12.0,"a":0,"l":"d","gn":10,"t":41},"geometry":{"type":"Point","coordinates":[409215.2,5654033.8]}},{"type":"Feature","properties":{"h":13.0,"d":6.0,"a":0,"l":"d","gn":9,"t":20},"geometry":{"type":"Point","coordinates":[409216.4,5654754.9]}},{"type":"Feature","properties":{"h":8.0,"d":4.0,"a":1,"l":"d","gn":15,"t":18},"geometry":{"type":"Point","coordinates":[409216.5,5655753.7]}},{"type":"Feature","properties":{"h":3.0,"d":2.0,"a":1,"l":"d","gn":28,"t":9},"geometry":{"type":"Point","coordinates":[409217.4,5655043.9]}},{"type":"Feature","properties":{"h":14.0,"d":7.0,"a":0,"l":"d","gn":9,"t":22},"geometry":{"type":"Point","coordinates":[409217.7,5654970.3]}},{"type":"Feature","properties":{"h":8.0,"d":4.0,"a":0,"l":"d","gn":7,"t":20},"geometry":{"type":"Point","coordinates":[409217.9,5655970.6]}},{"type":"Feature","properties":{"h":13.0,"d":6.0,"a":0,"l":"d","gn":9,"t":22},"geometry":{"type":"Point","coordinates":[409218.3,5654775.4]}},{"type":"Feature","properties":{"h":14.0,"d":7.0,"a":0,"l":"d","gn":9,"t":21},"geometry":{"type":"Point","coordinates":[409219.2,5654960.3]}},{"type":"Feature","properties":{"h":14.0,"d":7.0,"a":0,"l":"d","gn":9,"t":28},"geometry":{"type":"Point","coordinates":[409219.2,5654790.8]}},{"type":"Feature","properties":{"h":4.0,"d":3.0,"a":1,"l":"d","gn":28,"t":7},"geometry":{"type":"Point","coordinates":[409219.2,5655095.6]}},{"type":"Feature","properties":{"h":9.0,"d":6.0,"a":0,"l":"d","gn":3,"t":21},"geometry":{"type":"Point","coordinates":[409219.3,5655799.6]}},{"type":"Feature","properties":{"h":16.0,"d":10.0,"a":0,"l":"d","gn":7,"t":58},"geometry":{"type":"Point","coordinates":[409219.7,5655961.9]}},{"type":"Feature","properties":{"h":14.0,"d":8.0,"a":0,"l":"d","gn":3,"t":32},"geometry":{"type":"Point","coordinates":[409219.7,5655791.7]}},{"type":"Feature","properties":{"h":13.0,"d":20.8,"a":0,"l":"d","gn":3,"t":21},"geometry":{"type":"Point","coordinates":[409219.9,5655807.5]}},{"type":"Feature","properties":{"h":14.0,"d":7.0,"a":0,"l":"d","gn":9,"t":21},"geometry":{"type":"Point","coordinates":[409220.1,5654951.0]}},{"type":"Feature","properties":{"h":14.0,"d":7.0,"a":0,"l":"d","gn":9,"t":24},"geometry":{"type":"Point","coordinates":[409220.8,5654935.0]}},{"type":"Feature","properties":{"h":12.0,"d":6.0,"a":0,"l":"d","gn":9,"t":19},"geometry":{"type":"Point","coordinates":[409221.0,5654847.5]}},{"type":"Feature","properties":{"h":6.0,"d":7.0,"a":5,"l":"d","gn":21},"geometry":{"type":"Point","coordinates":[409221.1,5655383.7]}},{"type":"Feature","properties":{"h":13.0,"d":6.0,"a":0,"l":"d","gn":9,"t":21},"geometry":{"type":"Point","coordinates":[409221.4,5654862.6]}},{"type":"Feature","properties":{"h":9.0,"d":7.0,"a":1,"l":"d","gn":27,"t":25},"geometry":{"type":"Point","coordinates":[409221.4,5655822.1]}},{"type":"Feature","properties":{"h":13.0,"d":8.0,"a":1,"l":"d","gn":27,"t":36},"geometry":{"type":"Point","coordinates":[409221.8,5655829.9]}},{"type":"Feature","properties":{"h":14.0,"d":7.0,"a":0,"l":"d","gn":9,"t":25},"geometry":{"type":"Point","coordinates":[409221.8,5654917.4]}},{"type":"Feature","properties":{"h":14.0,"d":7.0,"a":0,"l":"d","gn":9,"t":26},"geometry":{"type":"Point","coordinates":[409222.0,5654892.0]}},{"type":"Feature","properties":{"h":5.0,"d":3.0,"a":0,"l":"d","gn":7,"t":14},"geometry":{"type":"Point","coordinates":[409222.1,5655950.9]}},{"type":"Feature","properties":{"h":8.0,"d":8.0,"a":3,"l":"e","t":54},"geometry":{"type":"Point","coordinates":[409222.3,5655750.5]}},{"type":"Feature","properties":{"h":16.0,"d":9.0,"a":0,"l":"d","gn":9,"t":34},"geometry":{"type":"Point","coordinates":[409222.7,5655835.9]}},{"type":"Feature","properties":{"h":13.0,"d":6.0,"a":3,"l":"e","t":33},"geometry":{"type":"Point","coordinates":[409223.1,5655747.3]}},{"type":"Feature","properties":{"h":14.0,"d":8.0,"a":0,"l":"d","gn":10,"t":25},"geometry":{"type":"Point","coordinates":[409223.2,5655102.3]}},{"type":"Feature","properties":{"h":12.0,"d":9.0,"a":0,"l":"d","gn":10,"t":27},"geometry":{"type":"Point","coordinates":[409223.3,5655026.6]}},{"type":"Feature","properties":{"h":14.0,"d":5.0,"a":1,"l":"d","gn":29,"t":18},"geometry":{"type":"Point","coordinates":[409223.5,5655842.1]}},{"type":"Feature","properties":{"h":6.0,"d":3.0,"a":1,"l":"d","gn":18,"t":8},"geometry":{"type":"Point","coordinates":[409223.5,5654064.5]}},{"type":"Feature","properties":{"h":16.0,"d":8.0,"a":0,"l":"d","gn":6,"t":32},"geometry":{"type":"Point","coordinates":[409223.6,5655698.0]}},{"type":"Feature","properties":{"h":16.0,"d":11.0,"a":0,"l":"d","gn":10,"t":29},"geometry":{"type":"Point","coordinates":[409223.9,5654046.1]}},{"type":"Feature","properties":{"h":12.0,"d":6.0,"a":0,"l":"d","gn":3,"t":29},"geometry":{"type":"Point","coordinates":[409223.9,5655792.6]}},{"type":"Feature","properties":{"h":15.0,"d":8.0,"a":0,"l":"d","gn":7,"t":45},"geometry":{"type":"Point","coordinates":[409224.1,5655942.6]}},{"type":"Feature","properties":{"h":16.0,"d":6.0,"a":1,"l":"d","gn":29,"t":32},"geometry":{"type":"Point","coordinates":[409224.4,5655847.9]}},{"type":"Feature","properties":{"h":8.0,"d":1.0,"a":2,"l":"d","gn":9,"t":7},"geometry":{"type":"Point","coordinates":[409224.5,5655689.8]}},{"type":"Feature","properties":{"h":5.0,"d":2.0,"a":0,"l":"d","gn":9,"t":7},"geometry":{"type":"Point","coordinates":[409225.0,5655765.5]}},{"type":"Feature","properties":{"h":8.0,"d":1.0,"a":2,"l":"d","gn":9,"t":7},"geometry":{"type":"Point","coordinates":[409225.1,5655684.4]}},{"type":"Feature","properties":{"h":11.0,"d":9.0,"a":0,"l":"d","gn":1,"t":31},"geometry":{"type":"Point","coordinates":[409225.4,5655677.7]}},{"type":"Feature","properties":{"h":18.0,"d":8.0,"a":0,"l":"d","gn":3,"t":49},"geometry":{"type":"Point","coordinates":[409225.8,5655696.0]}},{"type":"Feature","properties":{"h":3.0,"d":3.0,"a":1,"l":"d","gn":28,"t":6},"geometry":{"type":"Point","coordinates":[409226.0,5655094.8]}},{"type":"Feature","properties":{"h":7.0,"d":4.0,"a":0,"l":"d","gn":7,"t":19},"geometry":{"type":"Point","coordinates":[409226.6,5655931.0]}},{"type":"Feature","properties":{"h":11.0,"d":9.0,"a":0,"l":"d","gn":1,"t":28},"geometry":{"type":"Point","coordinates":[409226.6,5655678.1]}},{"type":"Feature","properties":{"h":11.0,"d":9.0,"a":5,"l":"d","gn":8,"t":26},"geometry":{"type":"Point","coordinates":[409226.7,5655646.2]}},{"type":"Feature","properties":{"h":16.0,"d":12.0,"a":0,"l":"d","gn":9,"t":31},"geometry":{"type":"Point","coordinates":[409226.7,5655838.7]}},{"type":"Feature","properties":{"h":14.0,"d":8.0,"a":1,"l":"d","gn":27,"t":27},"geometry":{"type":"Point","coordinates":[409227.3,5655832.4]}},{"type":"Feature","properties":{"h":15.0,"d":7.0,"a":3,"l":"e","t":36},"geometry":{"type":"Point","coordinates":[409227.5,5655749.1]}},{"type":"Feature","properties":{"h":13.0,"d":8.0,"a":0,"l":"d","gn":1,"t":34},"geometry":{"type":"Point","coordinates":[409227.6,5655603.7]}},{"type":"Feature","properties":{"h":13.0,"d":8.0,"a":0,"l":"d","gn":6,"t":29},"geometry":{"type":"Point","coordinates":[409228.0,5655807.9]}},{"type":"Feature","properties":{"h":6.0,"d":3.0,"a":5,"l":"d","gn":8,"t":12},"geometry":{"type":"Point","coordinates":[409228.4,5655653.5]}},{"type":"Feature","properties":{"h":7.0,"d":4.0,"a":0,"l":"d","gn":7,"t":23},"geometry":{"type":"Point","coordinates":[409228.4,5655922.8]}},{"type":"Feature","properties":{"h":17.0,"d":12.0,"a":0,"l":"d","gn":3,"t":59},"geometry":{"type":"Point","coordinates":[409228.5,5655598.0]}},{"type":"Feature","properties":{"h":15.0,"d":7.0,"a":3,"l":"e","t":33},"geometry":{"type":"Point","coordinates":[409228.6,5655747.7]}},{"type":"Feature","properties":{"h":12.0,"d":9.0,"a":0,"l":"d","gn":6,"t":29},"geometry":{"type":"Point","coordinates":[409228.8,5655820.7]}},{"type":"Feature","properties":{"h":7.0,"d":4.0,"a":3,"l":"e","t":14},"geometry":{"type":"Point","coordinates":[409229.2,5655749.3]}},{"type":"Feature","properties":{"h":6.0,"d":2.0,"a":1,"l":"d","gn":29,"t":13},"geometry":{"type":"Point","coordinates":[409229.2,5655792.6]}},{"type":"Feature","properties":{"h":12.0,"d":7.0,"a":0,"l":"d","gn":3,"t":24},"geometry":{"type":"Point","coordinates":[409229.5,5655798.5]}},{"type":"Feature","properties":{"h":7.0,"d":8.0,"a":5,"l":"d","g":1,"gn":10,"t":29},"geometry":{"type":"Point","coordinates":[409229.9,5655058.1]}},{"type":"Feature","properties":{"h":6.0,"d":8.0,"a":5,"l":"d","g":1,"gn":10,"t":19},"geometry":{"type":"Point","coordinates":[409230.0,5655061.2]}},{"type":"Feature","properties":{"h":14.0,"d":7.0,"a":1,"l":"d","gn":27,"t":25},"geometry":{"type":"Point","coordinates":[409230.2,5655827.1]}},{"type":"Feature","properties":{"h":8.0,"d":5.0,"a":0,"l":"d","gn":7,"t":23},"geometry":{"type":"Point","coordinates":[409230.6,5655913.1]}},{"type":"Feature","properties":{"h":14.0,"d":10.0,"a":0,"l":"d","gn":1,"t":40},"geometry":{"type":"Point","coordinates":[409231.5,5655605.7]}},{"type":"Feature","properties":{"h":11.0,"d":10.0,"a":0,"l":"d","gn":10,"t":30},"geometry":{"type":"Point","coordinates":[409231.6,5655029.3]}},{"type":"Feature","properties":{"h":12.0,"d":9.0,"a":0,"l":"d","gn":1,"t":41},"geometry":{"type":"Point","coordinates":[409231.9,5655590.0]}},{"type":"Feature","properties":{"h":15.0,"d":11.0,"a":0,"l":"d","gn":9,"t":27},"geometry":{"type":"Point","coordinates":[409232.0,5655766.8]}},{"type":"Feature","properties":{"h":3.0,"d":2.0,"a":5,"l":"d","gn":28,"t":8},"geometry":{"type":"Point","coordinates":[409232.3,5655668.5]}},{"type":"Feature","properties":{"h":3.0,"d":3.0,"a":1,"l":"d","gn":28,"t":9},"geometry":{"type":"Point","coordinates":[409232.3,5655052.4]}},{"type":"Feature","properties":{"h":8.0,"d":7.0,"a":0,"l":"d","gn":10,"t":19},"geometry":{"type":"Point","coordinates":[409232.4,5655086.5]}},{"type":"Feature","properties":{"h":14.0,"d":10.0,"a":0,"l":"d","gn":10,"t":16},"geometry":{"type":"Point","coordinates":[409232.5,5654058.3]}},{"type":"Feature","properties":{"h":14.0,"d":8.0,"a":0,"l":"d","gn":7,"t":49},"geometry":{"type":"Point","coordinates":[409232.8,5655903.9]}},{"type":"Feature","properties":{"h":4.0,"d":2.0,"a":1,"l":"d","gn":28,"t":13},"geometry":{"type":"Point","coordinates":[409233.5,5655067.4]}},{"type":"Feature","properties":{"h":6.0,"d":4.0,"a":1,"l":"d","gn":18,"t":9},"geometry":{"type":"Point","coordinates":[409233.5,5654078.6]}},{"type":"Feature","properties":{"h":11.0,"d":5.0,"a":1,"l":"d","gn":27,"t":51},"geometry":{"type":"Point","coordinates":[409233.7,5655794.0]}},{"type":"Feature","properties":{"h":18.0,"d":11.0,"a":0,"l":"d","gn":9,"t":35},"geometry":{"type":"Point","coordinates":[409234.4,5655809.3]}},{"type":"Feature","properties":{"h":13.0,"d":7.0,"a":1,"l":"d","gn":27,"t":26},"geometry":{"type":"Point","coordinates":[409235.3,5655799.7]}},{"type":"Feature","properties":{"h":13.0,"d":10.0,"a":0,"l":"d","gn":1,"t":36},"geometry":{"type":"Point","coordinates":[409235.3,5655593.7]}},{"type":"Feature","properties":{"h":12.0,"d":7.0,"a":1,"l":"d","gn":27,"t":24},"geometry":{"type":"Point","coordinates":[409235.3,5655804.5]}},{"type":"Feature","properties":{"h":6.0,"d":7.0,"a":5,"l":"d","gn":17,"t":25},"geometry":{"type":"Point","coordinates":[409235.5,5655694.6]}},{"type":"Feature","properties":{"h":3.0,"d":2.0,"a":5,"l":"d","gn":17,"t":8},"geometry":{"type":"Point","coordinates":[409236.5,5655648.6]}},{"type":"Feature","properties":{"h":7.0,"d":4.0,"a":0,"l":"d","gn":7,"t":15},"geometry":{"type":"Point","coordinates":[409236.5,5655887.4]}},{"type":"Feature","properties":{"h":4.0,"d":3.0,"a":5,"l":"d","gn":8,"t":10},"geometry":{"type":"Point","coordinates":[409236.6,5655655.0]}},{"type":"Feature","properties":{"h":8.0,"d":5.0,"a":0,"l":"d","gn":1,"t":15},"geometry":{"type":"Point","coordinates":[409236.7,5655604.9]}},{"type":"Feature","properties":{"h":4.0,"d":1.0,"a":0,"l":"d","gn":7,"t":6},"geometry":{"type":"Point","coordinates":[409237.8,5655880.3]}},{"type":"Feature","properties":{"h":30.0,"d":16.0,"a":1,"l":"d","gn":3,"t":71},"geometry":{"type":"Point","coordinates":[409238.7,5655750.8]}},{"type":"Feature","properties":{"h":9.0,"d":2.0,"a":1,"l":"d","gn":16,"t":8},"geometry":{"type":"Point","coordinates":[409239.9,5655478.0]}},{"type":"Feature","properties":{"h":7.0,"d":4.0,"a":1,"l":"d","gn":11,"t":9},"geometry":{"type":"Point","coordinates":[409240.3,5655364.3]}},{"type":"Feature","properties":{"h":16.0,"d":12.0,"a":0,"l":"d","gn":9,"t":37},"geometry":{"type":"Point","coordinates":[409240.4,5655767.5]}},{"type":"Feature","properties":{"h":20.0,"d":15.0,"a":0,"l":"d","gn":10,"t":41},"geometry":{"type":"Point","coordinates":[409240.5,5654089.0]}},{"type":"Feature","properties":{"h":10.0,"d":7.0,"a":0,"l":"d","gn":1,"t":24},"geometry":{"type":"Point","coordinates":[409240.6,5655605.9]}},{"type":"Feature","properties":{"h":13.0,"d":6.0,"a":1,"l":"d","gn":19,"t":22},"geometry":{"type":"Point","coordinates":[409240.8,5655476.0]}},{"type":"Feature","properties":{"h":18.0,"d":11.0,"a":0,"l":"d","gn":10,"t":27},"geometry":{"type":"Point","coordinates":[409240.8,5654070.7]}},{"type":"Feature","properties":{"h":2.0,"d":2.0,"a":1,"l":"d","gn":28,"t":7},"geometry":{"type":"Point","coordinates":[409241.5,5655063.9]}},{"type":"Feature","properties":{"h":14.0,"d":5.0,"a":1,"l":"d","gn":19,"t":20},"geometry":{"type":"Point","coordinates":[409242.3,5655477.3]}},{"type":"Feature","properties":{"h":2.0,"d":2.0,"a":1,"l":"d","gn":28,"t":5},"geometry":{"type":"Point","coordinates":[409242.3,5655061.3]}},{"type":"Feature","properties":{"h":18.0,"d":10.0,"a":0,"l":"d","gn":3,"t":62},"geometry":{"type":"Point","coordinates":[409242.9,5655304.9]}},{"type":"Feature","properties":{"h":17.0,"d":14.0,"a":0,"l":"d","gn":3,"t":68},"geometry":{"type":"Point","coordinates":[409243.4,5655320.6]}},{"type":"Feature","properties":{"h":12.0,"d":7.0,"a":0,"l":"d","gn":1,"t":32},"geometry":{"type":"Point","coordinates":[409243.8,5655604.3]}},{"type":"Feature","properties":{"h":8.0,"d":3.5,"a":0,"l":"d","gn":15,"t":13},"geometry":{"type":"Point","coordinates":[409244.5,5655471.4]}},{"type":"Feature","properties":{"h":11.0,"d":8.0,"a":0,"l":"d","gn":1,"t":32},"geometry":{"type":"Point","coordinates":[409244.7,5655263.9]}},{"type":"Feature","properties":{"h":8.0,"d":4.0,"a":1,"l":"d","gn":22,"t":14},"geometry":{"type":"Point","coordinates":[409244.7,5655485.6]}},{"type":"Feature","properties":{"h":4.0,"d":2.0,"a":5,"l":"d","gn":17,"t":7},"geometry":{"type":"Point","coordinates":[409244.8,5655668.7]}},{"type":"Feature","properties":{"h":12.0,"d":8.0,"a":1,"l":"d","gn":15,"t":29},"geometry":{"type":"Point","coordinates":[409245.0,5655654.6]}},{"type":"Feature","properties":{"h":11.0,"d":9.0,"a":0,"l":"d","gn":1,"t":23},"geometry":{"type":"Point","coordinates":[409245.2,5655263.1]}},{"type":"Feature","properties":{"h":10.0,"d":5.0,"a":0,"l":"d","gn":1,"t":23},"geometry":{"type":"Point","coordinates":[409245.3,5655260.9]}},{"type":"Feature","properties":{"h":10.0,"d":5.0,"a":0,"l":"d","gn":1},"geometry":{"type":"Point","coordinates":[409245.3,5655262.0]}},{"type":"Feature","properties":{"h":6.0,"d":3.5,"a":1,"l":"d","gn":22,"t":13},"geometry":{"type":"Point","coordinates":[409245.8,5655491.1]}},{"type":"Feature","properties":{"h":6.0,"d":6.0,"a":5,"l":"d","gn":8,"t":11},"geometry":{"type":"Point","coordinates":[409246.4,5655480.6]}},{"type":"Feature","properties":{"h":6.0,"d":5.0,"a":4,"l":"d","gn":21,"t":20},"geometry":{"type":"Point","coordinates":[409246.5,5655038.6]}},{"type":"Feature","properties":{"h":13.0,"d":4.0,"a":1,"l":"d","gn":16,"t":16},"geometry":{"type":"Point","coordinates":[409246.5,5655470.6]}},{"type":"Feature","properties":{"h":8.0,"d":6.0,"a":5,"l":"d","gn":8,"t":15},"geometry":{"type":"Point","coordinates":[409247.1,5655486.2]}},{"type":"Feature","properties":{"h":6.0,"d":3.0,"a":1,"l":"d","gn":22,"t":9},"geometry":{"type":"Point","coordinates":[409248.8,5655491.3]}},{"type":"Feature","properties":{"h":7.0,"d":4.0,"a":1,"l":"d","gn":22,"t":12},"geometry":{"type":"Point","coordinates":[409249.1,5655494.0]}},{"type":"Feature","properties":{"h":4.0,"d":2.7,"a":5,"l":"d"},"geometry":{"type":"Point","coordinates":[409249.2,5655299.7]}},{"type":"Feature","properties":{"h":20.0,"d":11.0,"a":0,"l":"d","gn":10,"t":40},"geometry":{"type":"Point","coordinates":[409249.3,5654101.7]}},{"type":"Feature","properties":{"h":21.0,"d":11.0,"a":0,"l":"d","gn":10,"t":41},"geometry":{"type":"Point","coordinates":[409249.6,5654082.9]}},{"type":"Feature","properties":{"h":18.0,"d":16.0,"a":0,"l":"d","gn":10,"t":40},"geometry":{"type":"Point","coordinates":[409249.6,5654125.7]}},{"type":"Feature","properties":{"h":15.0,"d":11.0,"a":0,"l":"d","gn":10,"t":57},"geometry":{"type":"Point","coordinates":[409251.3,5655293.0]}},{"type":"Feature","properties":{"h":15.0,"d":9.0,"a":0,"l":"d","gn":1,"t":32},"geometry":{"type":"Point","coordinates":[409251.6,5655654.9]}},{"type":"Feature","properties":{"h":9.0,"d":5.0,"a":0,"l":"d","gn":6,"t":18},"geometry":{"type":"Point","coordinates":[409251.6,5655667.5]}},{"type":"Feature","properties":{"h":20.0,"d":11.0,"a":0,"l":"d","gn":10,"t":40},"geometry":{"type":"Point","coordinates":[409251.7,5654113.2]}},{"type":"Feature","properties":{"h":12.0,"d":5.0,"a":0,"l":"d","gn":6,"t":17},"geometry":{"type":"Point","coordinates":[409251.8,5655658.3]}},{"type":"Feature","properties":{"h":14.0,"d":9.0,"a":0,"l":"d","gn":1,"t":28},"geometry":{"type":"Point","coordinates":[409251.8,5655662.7]}},{"type":"Feature","properties":{"h":11.0,"d":7.0,"a":0,"l":"d","gn":6},"geometry":{"type":"Point","coordinates":[409251.8,5655697.7]}},{"type":"Feature","properties":{"h":10.0,"d":5.0,"a":0,"l":"d","gn":6,"t":19},"geometry":{"type":"Point","coordinates":[409252.1,5655677.5]}},{"type":"Feature","properties":{"h":10.0,"d":5.0,"a":0,"l":"d","gn":6,"t":23},"geometry":{"type":"Point","coordinates":[409252.1,5655686.9]}},{"type":"Feature","properties":{"h":10.0,"d":11.0,"a":0,"l":"d","gn":1,"t":30},"geometry":{"type":"Point","coordinates":[409252.1,5655672.9]}},{"type":"Feature","properties":{"h":12.0,"d":7.0,"a":0,"l":"d","gn":1,"t":29},"geometry":{"type":"Point","coordinates":[409252.1,5655682.1]}},{"type":"Feature","properties":{"h":18.0,"d":15.0,"a":0,"l":"d","gn":3,"t":60},"geometry":{"type":"Point","coordinates":[409252.7,5655306.8]}},{"type":"Feature","properties":{"h":8.0,"d":8.0,"a":1,"l":"d","gn":11,"t":45},"geometry":{"type":"Point","coordinates":[409255.2,5655716.6]}},{"type":"Feature","properties":{"h":13.0,"d":8.0,"a":0,"l":"d","gn":10,"t":47},"geometry":{"type":"Point","coordinates":[409255.3,5655296.3]}},{"type":"Feature","properties":{"h":18.0,"d":14.0,"a":0,"l":"d","gn":6,"t":90},"geometry":{"type":"Point","coordinates":[409256.2,5655485.7]}},{"type":"Feature","properties":{"h":13.0,"d":11.0,"a":1,"l":"d","gn":11,"t":55},"geometry":{"type":"Point","coordinates":[409256.6,5655700.5]}},{"type":"Feature","properties":{"h":7.0,"d":7.0,"a":1,"l":"d","gn":11,"t":31},"geometry":{"type":"Point","coordinates":[409257.7,5655670.2]}},{"type":"Feature","properties":{"h":18.0,"d":16.0,"a":0,"l":"d","gn":10,"t":43},"geometry":{"type":"Point","coordinates":[409257.9,5654137.0]}},{"type":"Feature","properties":{"h":8.0,"d":7.0,"a":1,"l":"d","gn":11,"t":35},"geometry":{"type":"Point","coordinates":[409258.0,5655680.0]}},{"type":"Feature","properties":{"h":13.0,"d":7.5,"a":0,"l":"d","gn":10},"geometry":{"type":"Point","coordinates":[409258.2,5655132.2]}},{"type":"Feature","properties":{"h":6.0,"d":8.0,"a":5,"l":"d","gn":21,"t":36},"geometry":{"type":"Point","coordinates":[409258.2,5655503.2]}},{"type":"Feature","properties":{"h":6.0,"d":2.0,"a":1,"l":"d","gn":18,"t":7},"geometry":{"type":"Point","coordinates":[409258.3,5654095.0]}},{"type":"Feature","properties":{"h":13.0,"d":7.5,"a":0,"l":"d","gn":10},"geometry":{"type":"Point","coordinates":[409259.1,5655129.4]}},{"type":"Feature","properties":{"h":8.0,"d":3.0,"a":1,"l":"d","gn":16,"t":10},"geometry":{"type":"Point","coordinates":[409259.9,5655288.7]}},{"type":"Feature","properties":{"h":10.0,"d":5.0,"a":1,"l":"d","gn":16,"t":15},"geometry":{"type":"Point","coordinates":[409260.5,5655277.1]}},{"type":"Feature","properties":{"h":4.5,"d":1.0,"a":5,"l":"d","gn":28,"t":5},"geometry":{"type":"Point","coordinates":[409260.8,5655138.9]}},{"type":"Feature","properties":{"h":7.0,"d":2.0,"a":1,"l":"d","gn":16,"t":9},"geometry":{"type":"Point","coordinates":[409261.0,5655284.6]}},{"type":"Feature","properties":{"h":8.0,"d":5.0,"a":1,"l":"d","gn":16,"t":17},"geometry":{"type":"Point","coordinates":[409261.8,5655274.9]}},{"type":"Feature","properties":{"h":11.0,"d":6.4,"a":0,"l":"d","gn":6},"geometry":{"type":"Point","coordinates":[409262.2,5655120.9]}},{"type":"Feature","properties":{"h":12.0,"d":5.0,"a":1,"l":"d","gn":16,"t":17},"geometry":{"type":"Point","coordinates":[409262.3,5655281.0]}},{"type":"Feature","properties":{"h":12.0,"d":6.0,"a":1,"l":"d","gn":16,"t":20},"geometry":{"type":"Point","coordinates":[409262.7,5655288.6]}},{"type":"Feature","properties":{"h":11.0,"d":6.4,"a":0,"l":"d","gn":6},"geometry":{"type":"Point","coordinates":[409263.8,5655117.6]}},{"type":"Feature","properties":{"h":12.0,"d":10.0,"a":0,"l":"d","gn":10,"t":32},"geometry":{"type":"Point","coordinates":[409264.1,5654100.9]}},{"type":"Feature","properties":{"h":11.0,"d":6.4,"a":0,"l":"d","gn":6},"geometry":{"type":"Point","coordinates":[409264.6,5655115.9]}},{"type":"Feature","properties":{"h":11.0,"d":6.4,"a":0,"l":"d","gn":6},"geometry":{"type":"Point","coordinates":[409264.8,5655157.9]}},{"type":"Feature","properties":{"h":4.0,"d":1.0,"a":5,"l":"d","gn":8,"t":4},"geometry":{"type":"Point","coordinates":[409264.9,5655148.5]}},{"type":"Feature","properties":{"h":3.0,"d":2.0,"a":5,"l":"d","gn":8,"t":5},"geometry":{"type":"Point","coordinates":[409265.6,5655124.2]}},{"type":"Feature","properties":{"h":10.0,"d":8.0,"a":0,"l":"d","gn":7,"t":35},"geometry":{"type":"Point","coordinates":[409265.7,5655301.7]}},{"type":"Feature","properties":{"h":7.0,"d":4.0,"a":0,"l":"d","gn":7,"t":14},"geometry":{"type":"Point","coordinates":[409265.8,5655990.2]}},{"type":"Feature","properties":{"h":11.0,"d":10.0,"a":0,"l":"d","gn":7,"t":47},"geometry":{"type":"Point","coordinates":[409266.3,5655899.0]}},{"type":"Feature","properties":{"h":11.0,"d":6.4,"a":0,"l":"d","gn":6},"geometry":{"type":"Point","coordinates":[409266.6,5655113.9]}},{"type":"Feature","properties":{"h":11.0,"d":3.0,"a":1,"l":"d","gn":16,"t":11},"geometry":{"type":"Point","coordinates":[409266.9,5655272.7]}},{"type":"Feature","properties":{"h":13.0,"d":5.0,"a":1,"l":"d","gn":16,"t":15},"geometry":{"type":"Point","coordinates":[409267.3,5655276.5]}},{"type":"Feature","properties":{"h":6.0,"d":4.0,"a":1,"l":"d","gn":16,"t":11},"geometry":{"type":"Point","coordinates":[409267.5,5655284.3]}},{"type":"Feature","properties":{"h":4.0,"d":1.0,"a":5,"l":"d","gn":8,"t":5},"geometry":{"type":"Point","coordinates":[409267.9,5655133.5]}},{"type":"Feature","properties":{"h":11.0,"d":6.4,"a":0,"l":"d","gn":6},"geometry":{"type":"Point","coordinates":[409267.9,5655112.2]}},{"type":"Feature","properties":{"h":18.0,"d":12.0,"a":0,"l":"d","gn":7,"t":52},"geometry":{"type":"Point","coordinates":[409268.5,5655889.0]}},{"type":"Feature","properties":{"h":10.0,"d":4.0,"a":1,"l":"d","gn":16,"t":14},"geometry":{"type":"Point","coordinates":[409268.8,5655287.7]}},{"type":"Feature","properties":{"h":5.0,"d":2.0,"a":0,"l":"d","gn":4,"t":7},"geometry":{"type":"Point","coordinates":[409269.0,5655270.5]}},{"type":"Feature","properties":{"h":7.0,"d":4.0,"a":0,"l":"d","gn":7,"t":15},"geometry":{"type":"Point","coordinates":[409269.7,5655967.5]}},{"type":"Feature","properties":{"h":5.0,"d":3.0,"a":0,"l":"d","gn":3,"t":8},"geometry":{"type":"Point","coordinates":[409270.2,5655273.9]}},{"type":"Feature","properties":{"h":18.0,"d":16.0,"a":0,"l":"d","gn":10,"t":43},"geometry":{"type":"Point","coordinates":[409270.3,5654139.3]}},{"type":"Feature","properties":{"h":8.0,"d":4.0,"a":0,"l":"d","gn":7,"t":16},"geometry":{"type":"Point","coordinates":[409270.7,5655956.4]}},{"type":"Feature","properties":{"h":4.0,"d":2.5,"a":0,"l":"d","gn":3,"t":7},"geometry":{"type":"Point","coordinates":[409270.8,5655282.5]}},{"type":"Feature","properties":{"h":6.0,"d":4.0,"a":5,"l":"d","gn":8},"geometry":{"type":"Point","coordinates":[409270.9,5655143.9]}},{"type":"Feature","properties":{"h":8.0,"d":5.0,"a":0,"l":"d","gn":7,"t":15},"geometry":{"type":"Point","coordinates":[409271.4,5655945.4]}},{"type":"Feature","properties":{"h":3.0,"d":1.5,"a":5,"l":"d","gn":17,"t":6},"geometry":{"type":"Point","coordinates":[409271.6,5655119.9]}},{"type":"Feature","properties":{"h":9.0,"d":6.0,"a":0,"l":"d","gn":7,"t":20},"geometry":{"type":"Point","coordinates":[409272.8,5655871.5]}},{"type":"Feature","properties":{"h":5.0,"d":1.0,"a":0,"l":"d","gn":7,"t":7},"geometry":{"type":"Point","coordinates":[409273.3,5655285.0]}},{"type":"Feature","properties":{"h":4.0,"d":1.0,"a":5,"l":"d","t":6},"geometry":{"type":"Point","coordinates":[409274.0,5655280.2]}},{"type":"Feature","properties":{"h":6.0,"d":4.0,"a":5,"l":"d","gn":8},"geometry":{"type":"Point","coordinates":[409274.3,5655129.1]}},{"type":"Feature","properties":{"h":9.0,"d":6.0,"a":0,"l":"d","gn":7,"t":24},"geometry":{"type":"Point","coordinates":[409274.7,5655861.1]}},{"type":"Feature","properties":{"h":13.0,"d":7.5,"a":0,"l":"d","gn":10},"geometry":{"type":"Point","coordinates":[409275.1,5655166.3]}},{"type":"Feature","properties":{"h":4.0,"d":1.0,"a":0,"l":"d","gn":4,"t":7},"geometry":{"type":"Point","coordinates":[409275.6,5655272.5]}},{"type":"Feature","properties":{"h":13.0,"d":7.5,"a":0,"l":"d","gn":10},"geometry":{"type":"Point","coordinates":[409275.7,5655164.6]}},{"type":"Feature","properties":{"h":5.0,"d":2.0,"a":0,"l":"d","gn":10,"t":8},"geometry":{"type":"Point","coordinates":[409275.9,5655276.7]}},{"type":"Feature","properties":{"h":7.0,"d":5.0,"a":1,"l":"d","gn":3,"t":20},"geometry":{"type":"Point","coordinates":[409276.4,5655396.9]}},{"type":"Feature","properties":{"h":6.0,"d":4.0,"a":5,"l":"d","gn":28},"geometry":{"type":"Point","coordinates":[409276.4,5655139.7]}},{"type":"Feature","properties":{"h":5.0,"d":1.0,"a":1,"l":"d","gn":18,"t":6},"geometry":{"type":"Point","coordinates":[409276.6,5654103.1]}},{"type":"Feature","properties":{"h":8.0,"d":5.0,"a":0,"l":"d","gn":7,"t":18},"geometry":{"type":"Point","coordinates":[409276.6,5655867.4]}},{"type":"Feature","properties":{"h":7.0,"d":4.0,"a":0,"l":"d","gn":7,"t":15},"geometry":{"type":"Point","coordinates":[409277.2,5655851.7]}},{"type":"Feature","properties":{"h":3.0,"d":1.0,"a":5,"l":"d","gn":17,"t":6},"geometry":{"type":"Point","coordinates":[409277.2,5655107.4]}},{"type":"Feature","properties":{"h":4.0,"d":4.0,"a":5,"l":"d","gn":8,"t":10},"geometry":{"type":"Point","coordinates":[409277.2,5655994.6]}},{"type":"Feature","properties":{"h":6.0,"d":2.5,"a":0,"l":"d","gn":10,"t":8},"geometry":{"type":"Point","coordinates":[409277.6,5655278.3]}},{"type":"Feature","properties":{"h":8.0,"d":6.0,"a":1,"l":"d","gn":3,"t":25},"geometry":{"type":"Point","coordinates":[409277.6,5655389.6]}},{"type":"Feature","properties":{"h":4.0,"d":1.5,"a":5,"l":"d","t":8},"geometry":{"type":"Point","coordinates":[409278.0,5655529.4]}},{"type":"Feature","properties":{"h":3.0,"d":1.0,"a":5,"l":"d","gn":17,"t":6},"geometry":{"type":"Point","coordinates":[409278.3,5655115.7]}},{"type":"Feature","properties":{"h":7.0,"d":4.5,"a":0,"l":"d","gn":6,"t":18},"geometry":{"type":"Point","coordinates":[409278.7,5655943.9]}},{"type":"Feature","properties":{"h":8.0,"d":6.0,"a":1,"l":"d","gn":3,"t":20},"geometry":{"type":"Point","coordinates":[409279.1,5655382.2]}},{"type":"Feature","properties":{"h":6.0,"d":4.0,"a":0,"l":"d","gn":7,"t":13},"geometry":{"type":"Point","coordinates":[409279.3,5655841.9]}},{"type":"Feature","properties":{"h":6.0,"d":2.0,"a":0,"l":"d","gn":10,"t":8},"geometry":{"type":"Point","coordinates":[409279.4,5655275.3]}},{"type":"Feature","properties":{"h":8.0,"d":6.0,"a":0,"l":"d","gn":1,"t":22},"geometry":{"type":"Point","coordinates":[409279.7,5655393.9]}},{"type":"Feature","properties":{"h":11.0,"d":6.4,"a":0,"l":"d","gn":1},"geometry":{"type":"Point","coordinates":[409279.7,5655152.4]}},{"type":"Feature","properties":{"h":21.0,"d":13.0,"a":0,"l":"d","gn":10,"t":41},"geometry":{"type":"Point","coordinates":[409280.5,5654146.1]}},{"type":"Feature","properties":{"h":2.5,"d":1.0,"a":5,"l":"d","gn":17,"t":4},"geometry":{"type":"Point","coordinates":[409280.5,5655124.2]}},{"type":"Feature","properties":{"h":6.0,"d":2.0,"a":1,"l":"d","gn":16,"t":9},"geometry":{"type":"Point","coordinates":[409281.0,5655271.1]}},{"type":"Feature","properties":{"h":7.0,"d":7.0,"a":0,"l":"d","gn":6,"t":24},"geometry":{"type":"Point","coordinates":[409281.1,5655948.7]}},{"type":"Feature","properties":{"h":6.0,"d":4.0,"a":0,"l":"d","gn":7,"t":14},"geometry":{"type":"Point","coordinates":[409281.1,5655847.2]}},{"type":"Feature","properties":{"h":8.0,"d":4.0,"a":0,"l":"d","gn":7,"t":18},"geometry":{"type":"Point","coordinates":[409281.5,5655832.3]}},{"type":"Feature","properties":{"h":6.0,"d":3.0,"a":1,"l":"d","gn":16,"t":12},"geometry":{"type":"Point","coordinates":[409282.1,5655268.1]}},{"type":"Feature","properties":{"h":7.0,"d":2.0,"a":1,"l":"d","gn":29,"t":12},"geometry":{"type":"Point","coordinates":[409282.6,5655390.4]}},{"type":"Feature","properties":{"h":8.0,"d":9.0,"a":0,"l":"d","gn":1,"t":32},"geometry":{"type":"Point","coordinates":[409282.9,5655966.2]}},{"type":"Feature","properties":{"h":6.0,"d":4.0,"a":5,"l":"d"},"geometry":{"type":"Point","coordinates":[409282.9,5655090.4]}},{"type":"Feature","properties":{"h":7.0,"d":5.0,"a":1,"l":"d","gn":3,"t":20},"geometry":{"type":"Point","coordinates":[409282.9,5655369.5]}},{"type":"Feature","properties":{"h":12.0,"d":4.0,"a":0,"l":"d","gn":15,"t":18},"geometry":{"type":"Point","coordinates":[409283.1,5655510.6]}},{"type":"Feature","properties":{"h":6.0,"d":4.0,"a":5,"l":"d","gn":8},"geometry":{"type":"Point","coordinates":[409283.1,5655134.7]}},{"type":"Feature","properties":{"h":13.0,"d":7.5,"a":0,"l":"d","gn":10},"geometry":{"type":"Point","coordinates":[409283.4,5655174.5]}},{"type":"Feature","properties":{"h":7.0,"d":6.0,"a":0,"l":"d","gn":6,"t":23},"geometry":{"type":"Point","coordinates":[409283.6,5655945.3]}},{"type":"Feature","properties":{"h":11.0,"d":6.4,"a":0,"l":"d","gn":6},"geometry":{"type":"Point","coordinates":[409283.7,5655150.4]}},{"type":"Feature","properties":{"h":7.0,"d":4.0,"a":0,"l":"d","gn":7,"t":16},"geometry":{"type":"Point","coordinates":[409283.8,5655822.6]}},{"type":"Feature","properties":{"h":13.0,"d":7.5,"a":0,"l":"d","gn":10},"geometry":{"type":"Point","coordinates":[409283.9,5655085.3]}},{"type":"Feature","properties":{"h":3.0,"d":1.0,"a":5,"l":"d","gn":17,"t":6},"geometry":{"type":"Point","coordinates":[409284.1,5655102.1]}},{"type":"Feature","properties":{"h":13.0,"d":10.0,"a":0,"l":"d","gn":3,"t":77},"geometry":{"type":"Point","coordinates":[409284.3,5655378.7]}},{"type":"Feature","properties":{"h":7.0,"d":8.0,"a":0,"l":"d","gn":1,"t":24},"geometry":{"type":"Point","coordinates":[409284.3,5655959.6]}},{"type":"Feature","properties":{"h":4.0,"d":3.0,"a":5,"l":"d","gn":8,"t":10},"geometry":{"type":"Point","coordinates":[409284.5,5655955.5]}},{"type":"Feature","properties":{"h":8.0,"d":5.0,"a":0,"l":"d","gn":7,"t":18},"geometry":{"type":"Point","coordinates":[409285.4,5655828.2]}},{"type":"Feature","properties":{"h":13.0,"d":11.0,"a":0,"l":"d","gn":10,"t":32},"geometry":{"type":"Point","coordinates":[409285.4,5654132.9]}},{"type":"Feature","properties":{"h":6.0,"d":4.0,"a":5,"l":"d","gn":8},"geometry":{"type":"Point","coordinates":[409285.4,5655112.0]}},{"type":"Feature","properties":{"h":9.0,"d":8.0,"a":0,"l":"d","gn":1,"t":32},"geometry":{"type":"Point","coordinates":[409285.5,5655386.1]}},{"type":"Feature","properties":{"h":12.0,"d":4.5,"a":0,"l":"d","gn":15,"t":18},"geometry":{"type":"Point","coordinates":[409285.6,5655507.4]}},{"type":"Feature","properties":{"h":7.0,"d":4.0,"a":0,"l":"d","gn":7,"t":17},"geometry":{"type":"Point","coordinates":[409285.8,5655812.8]}},{"type":"Feature","properties":{"h":14.0,"d":5.0,"a":0,"l":"d","gn":15,"t":25},"geometry":{"type":"Point","coordinates":[409286.1,5655510.3]}},{"type":"Feature","properties":{"h":4.0,"d":2.5,"a":5,"l":"d","t":13},"geometry":{"type":"Point","coordinates":[409286.1,5655537.2]}},{"type":"Feature","properties":{"h":8.0,"d":3.0,"a":0,"l":"d","gn":1,"t":14},"geometry":{"type":"Point","coordinates":[409286.2,5655926.0]}},{"type":"Feature","properties":{"h":5.0,"d":2.5,"a":0,"l":"d","gn":1,"t":9},"geometry":{"type":"Point","coordinates":[409286.4,5655270.0]}},{"type":"Feature","properties":{"h":3.0,"d":2.0,"a":5,"l":"d","gn":8,"t":6},"geometry":{"type":"Point","coordinates":[409286.5,5655119.9]}},{"type":"Feature","properties":{"h":12.0,"d":10.0,"a":0,"l":"d","gn":1,"t":34},"geometry":{"type":"Point","coordinates":[409287.1,5655929.0]}},{"type":"Feature","properties":{"h":11.0,"d":6.4,"a":0,"l":"d","gn":6},"geometry":{"type":"Point","coordinates":[409287.2,5655086.3]}},{"type":"Feature","properties":{"h":6.0,"d":4.0,"a":0,"l":"d","gn":7,"t":14},"geometry":{"type":"Point","coordinates":[409287.4,5655818.7]}},{"type":"Feature","properties":{"h":11.0,"d":6.4,"a":0,"l":"d"},"geometry":{"type":"Point","coordinates":[409287.5,5655159.4]}},{"type":"Feature","properties":{"h":5.0,"d":2.0,"a":0,"l":"d","gn":1,"t":9},"geometry":{"type":"Point","coordinates":[409287.9,5655266.6]}},{"type":"Feature","properties":{"h":11.0,"d":6.4,"a":0,"l":"d"},"geometry":{"type":"Point","coordinates":[409287.9,5655164.1]}},{"type":"Feature","properties":{"h":8.0,"d":5.0,"a":0,"l":"d","gn":7,"t":20},"geometry":{"type":"Point","coordinates":[409287.9,5655803.0]}},{"type":"Feature","properties":{"h":14.0,"d":11.0,"a":0,"l":"d","gn":10,"t":29},"geometry":{"type":"Point","coordinates":[409288.0,5654118.1]}},{"type":"Feature","properties":{"h":13.0,"d":7.5,"a":0,"l":"d","gn":10},"geometry":{"type":"Point","coordinates":[409288.4,5655156.0]}},{"type":"Feature","properties":{"h":10.0,"d":5.0,"a":0,"l":"d","gn":33,"t":20},"geometry":{"type":"Point","coordinates":[409288.4,5655932.0]}},{"type":"Feature","properties":{"h":11.0,"d":6.4,"a":0,"l":"d"},"geometry":{"type":"Point","coordinates":[409289.0,5655160.6]}},{"type":"Feature","properties":{"h":11.0,"d":6.4,"a":0,"l":"d","gn":6},"geometry":{"type":"Point","coordinates":[409289.1,5655154.3]}},{"type":"Feature","properties":{"h":18.0,"d":11.0,"a":0,"l":"d","gn":10,"t":29},"geometry":{"type":"Point","coordinates":[409289.2,5654159.0]}},{"type":"Feature","properties":{"h":3.0,"d":1.0,"a":5,"l":"d","gn":28,"t":6},"geometry":{"type":"Point","coordinates":[409289.3,5655129.3]}},{"type":"Feature","properties":{"h":15.0,"d":10.0,"a":0,"l":"d","gn":10,"t":27},"geometry":{"type":"Point","coordinates":[409289.5,5654140.2]}},{"type":"Feature","properties":{"h":11.0,"d":6.4,"a":0,"l":"d"},"geometry":{"type":"Point","coordinates":[409289.7,5655162.3]}},{"type":"Feature","properties":{"h":7.0,"d":5.0,"a":0,"l":"d","gn":7,"t":17},"geometry":{"type":"Point","coordinates":[409289.7,5655808.6]}},{"type":"Feature","properties":{"h":5.0,"d":2.0,"a":0,"l":"d","gn":1,"t":7},"geometry":{"type":"Point","coordinates":[409289.8,5655263.9]}},{"type":"Feature","properties":{"h":13.0,"d":7.5,"a":0,"l":"d","gn":10},"geometry":{"type":"Point","coordinates":[409290.1,5655080.4]}},{"type":"Feature","properties":{"h":13.0,"d":7.5,"a":0,"l":"d","gn":10},"geometry":{"type":"Point","coordinates":[409290.2,5655073.1]}},{"type":"Feature","properties":{"h":9.0,"d":4.0,"a":1,"l":"d","gn":16,"t":13},"geometry":{"type":"Point","coordinates":[409290.3,5655268.5]}},{"type":"Feature","properties":{"h":10.0,"d":5.8,"a":0,"l":"d","gn":15},"geometry":{"type":"Point","coordinates":[409290.7,5655177.6]}},{"type":"Feature","properties":{"h":13.0,"d":7.5,"a":0,"l":"d","gn":10},"geometry":{"type":"Point","coordinates":[409290.7,5655078.1]}},{"type":"Feature","properties":{"h":11.0,"d":6.4,"a":0,"l":"d"},"geometry":{"type":"Point","coordinates":[409290.8,5655163.7]}},{"type":"Feature","properties":{"h":6.0,"d":3.0,"a":1,"l":"d","gn":29,"t":13},"geometry":{"type":"Point","coordinates":[409291.1,5655382.7]}},{"type":"Feature","properties":{"h":11.0,"d":6.4,"a":0,"l":"d"},"geometry":{"type":"Point","coordinates":[409291.3,5655166.2]}},{"type":"Feature","properties":{"h":11.0,"d":6.4,"a":0,"l":"d"},"geometry":{"type":"Point","coordinates":[409291.4,5655154.2]}},{"type":"Feature","properties":{"h":13.0,"d":7.5,"a":0,"l":"d","gn":10},"geometry":{"type":"Point","coordinates":[409291.7,5655167.8]}},{"type":"Feature","properties":{"h":11.0,"d":6.4,"a":0,"l":"d"},"geometry":{"type":"Point","coordinates":[409291.8,5655155.1]}},{"type":"Feature","properties":{"h":6.0,"d":3.0,"a":0,"l":"d","gn":7,"t":11},"geometry":{"type":"Point","coordinates":[409291.8,5655798.9]}},{"type":"Feature","properties":{"h":8.0,"d":4.0,"a":0,"l":"d","gn":1,"t":15},"geometry":{"type":"Point","coordinates":[409292.1,5655503.5]}},{"type":"Feature","properties":{"h":6.0,"d":4.0,"a":5,"l":"d"},"geometry":{"type":"Point","coordinates":[409292.2,5655074.4]}},{"type":"Feature","properties":{"h":11.0,"d":6.4,"a":0,"l":"d"},"geometry":{"type":"Point","coordinates":[409292.5,5655155.1]}},{"type":"Feature","properties":{"h":11.0,"d":6.4,"a":0,"l":"d"},"geometry":{"type":"Point","coordinates":[409292.7,5655159.4]}},{"type":"Feature","properties":{"h":6.0,"d":2.5,"a":1,"l":"d","gn":16,"t":8},"geometry":{"type":"Point","coordinates":[409292.8,5655261.5]}},{"type":"Feature","properties":{"h":15.0,"d":13.0,"a":0,"l":"d","gn":3,"t":61},"geometry":{"type":"Point","coordinates":[409293.1,5655360.7]}},{"type":"Feature","properties":{"h":11.0,"d":6.4,"a":0,"l":"d"},"geometry":{"type":"Point","coordinates":[409293.3,5655163.9]}},{"type":"Feature","properties":{"h":5.0,"d":2.5,"a":1,"l":"d","gn":16,"t":10},"geometry":{"type":"Point","coordinates":[409293.7,5655258.7]}},{"type":"Feature","properties":{"h":11.0,"d":6.4,"a":0,"l":"d","gn":1},"geometry":{"type":"Point","coordinates":[409293.7,5655072.6]}},{"type":"Feature","properties":{"h":6.0,"d":4.0,"a":5,"l":"d"},"geometry":{"type":"Point","coordinates":[409293.8,5655070.7]}},{"type":"Feature","properties":{"h":11.0,"d":6.4,"a":0,"l":"d"},"geometry":{"type":"Point","coordinates":[409294.0,5655166.5]}},{"type":"Feature","properties":{"h":4.0,"d":3.5,"a":5,"l":"d","t":12},"geometry":{"type":"Point","coordinates":[409294.1,5655544.9]}},{"type":"Feature","properties":{"h":6.0,"d":4.0,"a":5,"l":"d","gn":8},"geometry":{"type":"Point","coordinates":[409294.2,5655152.7]}},{"type":"Feature","properties":{"h":11.0,"d":6.4,"a":0,"l":"d"},"geometry":{"type":"Point","coordinates":[409294.3,5655166.9]}},{"type":"Feature","properties":{"h":11.0,"d":6.4,"a":0,"l":"d","gn":6},"geometry":{"type":"Point","coordinates":[409294.5,5655068.5]}},{"type":"Feature","properties":{"h":11.0,"d":6.4,"a":0,"l":"d"},"geometry":{"type":"Point","coordinates":[409294.5,5655154.3]}},{"type":"Feature","properties":{"h":11.0,"d":6.4,"a":0,"l":"d"},"geometry":{"type":"Point","coordinates":[409294.8,5655166.3]}},{"type":"Feature","properties":{"h":16.0,"d":15.0,"a":0,"l":"d","gn":3,"t":69},"geometry":{"type":"Point","coordinates":[409294.9,5655368.4]}},{"type":"Feature","properties":{"h":11.0,"d":6.4,"a":0,"l":"d"},"geometry":{"type":"Point","coordinates":[409296.0,5655167.0]}},{"type":"Feature","properties":{"h":11.0,"d":6.4,"a":0,"l":"d","gn":1},"geometry":{"type":"Point","coordinates":[409296.0,5655066.6]}},{"type":"Feature","properties":{"h":12.0,"d":7.0,"a":1,"l":"d","gn":16,"t":35},"geometry":{"type":"Point","coordinates":[409296.1,5655347.3]}},{"type":"Feature","properties":{"h":8.0,"d":2.0,"a":1,"l":"d","gn":16,"t":11},"geometry":{"type":"Point","coordinates":[409296.3,5655262.2]}},{"type":"Feature","properties":{"h":7.0,"d":3.0,"a":1,"l":"d","gn":16,"t":10},"geometry":{"type":"Point","coordinates":[409296.5,5655258.1]}},{"type":"Feature","properties":{"h":8.5,"d":4.2,"a":1,"l":"d","gn":11},"geometry":{"type":"Point","coordinates":[409296.7,5655110.1]}},{"type":"Feature","properties":{"h":11.0,"d":6.4,"a":0,"l":"d","gn":6},"geometry":{"type":"Point","coordinates":[409296.8,5655064.3]}},{"type":"Feature","properties":{"h":11.0,"d":6.4,"a":0,"l":"d"},"geometry":{"type":"Point","coordinates":[409297.4,5655164.5]}},{"type":"Feature","properties":{"h":11.0,"d":6.4,"a":0,"l":"d","gn":1},"geometry":{"type":"Point","coordinates":[409297.5,5655062.0]}},{"type":"Feature","properties":{"h":20.0,"d":11.0,"a":0,"l":"d","gn":10,"t":29},"geometry":{"type":"Point","coordinates":[409297.8,5654170.9]}},{"type":"Feature","properties":{"h":3.0,"d":1.0,"a":1,"l":"d","gn":16,"t":8},"geometry":{"type":"Point","coordinates":[409297.9,5655254.1]}},{"type":"Feature","properties":{"h":15.0,"d":8.0,"a":0,"l":"d","gn":10,"t":24},"geometry":{"type":"Point","coordinates":[409298.1,5654152.6]}},{"type":"Feature","properties":{"h":11.0,"d":6.4,"a":0,"l":"d","gn":6},"geometry":{"type":"Point","coordinates":[409298.7,5655099.5]}},{"type":"Feature","properties":{"h":7.0,"d":3.0,"a":1,"l":"d","gn":16,"t":10},"geometry":{"type":"Point","coordinates":[409298.8,5655259.3]}},{"type":"Feature","properties":{"h":10.0,"d":5.8,"a":0,"l":"d","gn":21},"geometry":{"type":"Point","coordinates":[409299.2,5655133.5]}},{"type":"Feature","properties":{"h":9.0,"d":4.0,"a":1,"l":"d","gn":16,"t":14},"geometry":{"type":"Point","coordinates":[409300.1,5655255.4]}},{"type":"Feature","properties":{"h":11.0,"d":6.4,"a":0,"l":"d","gn":6},"geometry":{"type":"Point","coordinates":[409300.3,5655094.6]}},{"type":"Feature","properties":{"h":11.0,"d":6.4,"a":0,"l":"d"},"geometry":{"type":"Point","coordinates":[409300.3,5655163.9]}},{"type":"Feature","properties":{"h":11.0,"d":6.4,"a":0,"l":"d"},"geometry":{"type":"Point","coordinates":[409301.1,5655174.8]}},{"type":"Feature","properties":{"h":11.0,"d":6.4,"a":0,"l":"d"},"geometry":{"type":"Point","coordinates":[409301.8,5655174.9]}},{"type":"Feature","properties":{"h":11.0,"d":6.4,"a":0,"l":"d"},"geometry":{"type":"Point","coordinates":[409302.1,5655158.2]}},{"type":"Feature","properties":{"h":11.0,"d":6.4,"a":0,"l":"d"},"geometry":{"type":"Point","coordinates":[409302.2,5655174.8]}},{"type":"Feature","properties":{"h":5.0,"d":3.0,"a":5,"l":"d","t":11},"geometry":{"type":"Point","coordinates":[409302.4,5655553.0]}},{"type":"Feature","properties":{"h":5.0,"d":2.0,"a":1,"l":"d","gn":16,"t":8},"geometry":{"type":"Point","coordinates":[409302.6,5655255.1]}},{"type":"Feature","properties":{"h":11.0,"d":6.4,"a":0,"l":"d"},"geometry":{"type":"Point","coordinates":[409302.7,5655175.0]}},{"type":"Feature","properties":{"h":11.0,"d":6.4,"a":0,"l":"d"},"geometry":{"type":"Point","coordinates":[409303.0,5655174.9]}},{"type":"Feature","properties":{"h":8.0,"d":4.0,"a":1,"l":"d","gn":3,"t":17},"geometry":{"type":"Point","coordinates":[409303.2,5655194.1]}},{"type":"Feature","properties":{"h":15.0,"d":9.0,"a":0,"l":"d","gn":10,"t":25},"geometry":{"type":"Point","coordinates":[409303.8,5654160.6]}},{"type":"Feature","properties":{"h":11.0,"d":6.4,"a":0,"l":"d"},"geometry":{"type":"Point","coordinates":[409303.9,5655158.0]}},{"type":"Feature","properties":{"h":11.0,"d":6.4,"a":0,"l":"d","gn":6},"geometry":{"type":"Point","coordinates":[409304.2,5655054.0]}},{"type":"Feature","properties":{"h":11.0,"d":6.4,"a":0,"l":"d"},"geometry":{"type":"Point","coordinates":[409304.5,5655160.3]}},{"type":"Feature","properties":{"h":11.0,"d":6.4,"a":0,"l":"d"},"geometry":{"type":"Point","coordinates":[409304.6,5655161.5]}},{"type":"Feature","properties":{"h":14.5,"d":8.1,"a":3,"l":"e"},"geometry":{"type":"Point","coordinates":[409305.1,5655140.7]}},{"type":"Feature","properties":{"h":9.0,"d":4.0,"a":1,"l":"d","gn":16,"t":13},"geometry":{"type":"Point","coordinates":[409305.2,5655248.5]}},{"type":"Feature","properties":{"h":11.0,"d":6.4,"a":0,"l":"d"},"geometry":{"type":"Point","coordinates":[409305.4,5655160.9]}},{"type":"Feature","properties":{"h":19.0,"d":11.0,"a":0,"l":"d","gn":10,"t":29},"geometry":{"type":"Point","coordinates":[409306.9,5654184.2]}},{"type":"Feature","properties":{"h":16.0,"d":8.0,"a":1,"l":"d","gn":19},"geometry":{"type":"Point","coordinates":[409309.2,5655141.5]}},{"type":"Feature","properties":{"h":11.0,"d":6.4,"a":0,"l":"d"},"geometry":{"type":"Point","coordinates":[409309.3,5655168.2]}},{"type":"Feature","properties":{"h":9.0,"d":4.0,"a":1,"l":"d","gn":3,"t":17},"geometry":{"type":"Point","coordinates":[409309.5,5655198.6]}},{"type":"Feature","properties":{"h":5.0,"d":1.0,"a":1,"l":"d","gn":18,"t":6},"geometry":{"type":"Point","coordinates":[409309.6,5655244.3]}},{"type":"Feature","properties":{"h":11.0,"d":6.4,"a":0,"l":"d","gn":6},"geometry":{"type":"Point","coordinates":[409309.9,5655149.5]}},{"type":"Feature","properties":{"h":11.0,"d":6.4,"a":0,"l":"d","gn":6},"geometry":{"type":"Point","coordinates":[409310.2,5655150.0]}},{"type":"Feature","properties":{"h":4.0,"d":1.5,"a":1,"l":"d","gn":18,"t":7},"geometry":{"type":"Point","coordinates":[409310.4,5655247.8]}},{"type":"Feature","properties":{"h":11.0,"d":6.4,"a":0,"l":"d"},"geometry":{"type":"Point","coordinates":[409311.0,5655165.0]}},{"type":"Feature","properties":{"h":7.0,"d":3.5,"a":5,"l":"d","t":15},"geometry":{"type":"Point","coordinates":[409311.2,5655561.5]}},{"type":"Feature","properties":{"h":8.5,"d":4.2,"a":1,"l":"d","gn":11},"geometry":{"type":"Point","coordinates":[409312.4,5655131.4]}},{"type":"Feature","properties":{"h":11.0,"d":6.4,"a":0,"l":"d"},"geometry":{"type":"Point","coordinates":[409312.5,5655164.4]}},{"type":"Feature","properties":{"h":11.0,"d":6.4,"a":0,"l":"d","gn":6},"geometry":{"type":"Point","coordinates":[409313.7,5655155.1]}},{"type":"Feature","properties":{"h":4.0,"d":2.7,"a":5,"l":"d","gn":17},"geometry":{"type":"Point","coordinates":[409314.0,5655143.8]}},{"type":"Feature","properties":{"h":11.0,"d":6.4,"a":0,"l":"d"},"geometry":{"type":"Point","coordinates":[409314.2,5655173.1]}},{"type":"Feature","properties":{"h":11.0,"d":6.4,"a":0,"l":"d","gn":6},"geometry":{"type":"Point","coordinates":[409314.3,5655148.5]}},{"type":"Feature","properties":{"h":12.0,"d":7.0,"a":0,"l":"d","gn":9,"t":30},"geometry":{"type":"Point","coordinates":[409314.3,5655776.1]}},{"type":"Feature","properties":{"h":11.0,"d":6.4,"a":0,"l":"d"},"geometry":{"type":"Point","coordinates":[409314.7,5655175.7]}},{"type":"Feature","properties":{"h":16.0,"d":11.0,"a":0,"l":"d","gn":10,"t":24},"geometry":{"type":"Point","coordinates":[409314.7,5654195.3]}},{"type":"Feature","properties":{"h":10.0,"d":6.7,"a":5,"l":"d","gn":21},"geometry":{"type":"Point","coordinates":[409315.0,5655184.1]}},{"type":"Feature","properties":{"h":5.0,"d":4.0,"a":1,"l":"d","gn":18,"t":9},"geometry":{"type":"Point","coordinates":[409315.6,5654176.9]}},{"type":"Feature","properties":{"h":15.0,"d":8.0,"a":0,"l":"d","gn":9,"t":39},"geometry":{"type":"Point","coordinates":[409316.3,5655791.3]}},{"type":"Feature","properties":{"h":10.0,"d":5.8,"a":0,"l":"d","gn":15},"geometry":{"type":"Point","coordinates":[409316.6,5655090.2]}},{"type":"Feature","properties":{"h":9.0,"d":4.0,"a":1,"l":"d","gn":3,"t":18},"geometry":{"type":"Point","coordinates":[409316.8,5655203.8]}},{"type":"Feature","properties":{"h":11.0,"d":6.4,"a":0,"l":"d"},"geometry":{"type":"Point","coordinates":[409317.1,5655184.4]}},{"type":"Feature","properties":{"h":10.0,"d":6.7,"a":5,"l":"d","gn":21},"geometry":{"type":"Point","coordinates":[409317.7,5655184.2]}},{"type":"Feature","properties":{"h":10.0,"d":6.7,"a":5,"l":"d","gn":21},"geometry":{"type":"Point","coordinates":[409317.9,5655185.1]}},{"type":"Feature","properties":{"h":10.0,"d":5.8,"a":0,"l":"d","gn":15},"geometry":{"type":"Point","coordinates":[409318.5,5655076.4]}},{"type":"Feature","properties":{"h":10.0,"d":7.0,"a":0,"l":"d","gn":1,"t":28},"geometry":{"type":"Point","coordinates":[409320.4,5655563.9]}},{"type":"Feature","properties":{"h":11.0,"d":6.4,"a":0,"l":"d"},"geometry":{"type":"Point","coordinates":[409320.4,5655185.0]}},{"type":"Feature","properties":{"h":11.0,"d":6.4,"a":0,"l":"d","gn":1},"geometry":{"type":"Point","coordinates":[409320.8,5655060.9]}},{"type":"Feature","properties":{"h":11.0,"d":6.4,"a":0,"l":"d"},"geometry":{"type":"Point","coordinates":[409321.6,5655184.7]}},{"type":"Feature","properties":{"h":11.0,"d":6.4,"a":0,"l":"d","gn":6},"geometry":{"type":"Point","coordinates":[409321.7,5655162.2]}},{"type":"Feature","properties":{"h":11.0,"d":6.4,"a":0,"l":"d"},"geometry":{"type":"Point","coordinates":[409322.0,5655185.0]}},{"type":"Feature","properties":{"h":17.0,"d":8.0,"a":0,"l":"d","gn":9,"t":35},"geometry":{"type":"Point","coordinates":[409322.5,5655776.8]}},{"type":"Feature","properties":{"h":11.0,"d":6.4,"a":0,"l":"d"},"geometry":{"type":"Point","coordinates":[409322.5,5655184.7]}},{"type":"Feature","properties":{"h":9.0,"d":4.0,"a":1,"l":"d","gn":3,"t":18},"geometry":{"type":"Point","coordinates":[409322.8,5655208.2]}},{"type":"Feature","properties":{"h":20.0,"d":12.0,"a":0,"l":"d","gn":10,"t":37},"geometry":{"type":"Point","coordinates":[409323.6,5654207.8]}},{"type":"Feature","properties":{"h":11.0,"d":6.4,"a":0,"l":"d"},"geometry":{"type":"Point","coordinates":[409323.7,5655186.0]}},{"type":"Feature","properties":{"h":4.0,"d":2.0,"a":1,"l":"d","gn":18,"t":7},"geometry":{"type":"Point","coordinates":[409324.0,5654189.1]}},{"type":"Feature","properties":{"h":13.0,"d":8.0,"a":0,"l":"d","gn":15,"t":37},"geometry":{"type":"Point","coordinates":[409324.2,5655558.9]}},{"type":"Feature","properties":{"h":16.0,"d":9.0,"a":0,"l":"d","gn":9,"t":41},"geometry":{"type":"Point","coordinates":[409324.2,5655792.0]}},{"type":"Feature","properties":{"h":11.0,"d":6.4,"a":0,"l":"d","s":"osm"},"geometry":{"type":"Point","coordinates":[409324.6,5655642.9]}},{"type":"Feature","properties":{"h":8.5,"d":4.2,"a":1,"l":"d","gn":11},"geometry":{"type":"Point","coordinates":[409325.1,5655185.8]}},{"type":"Feature","properties":{"h":11.0,"d":6.4,"a":0,"l":"d","s":"osm"},"geometry":{"type":"Point","coordinates":[409325.4,5655638.6]}},{"type":"Feature","properties":{"h":11.0,"d":6.4,"a":0,"l":"d","gn":6},"geometry":{"type":"Point","coordinates":[409325.6,5655169.3]}},{"type":"Feature","properties":{"h":11.0,"d":6.4,"a":0,"l":"d","gn":6},"geometry":{"type":"Point","coordinates":[409326.0,5655169.9]}},{"type":"Feature","properties":{"h":11.0,"d":6.4,"a":0,"l":"d","s":"osm"},"geometry":{"type":"Point","coordinates":[409326.8,5655591.7]}},{"type":"Feature","properties":{"h":11.0,"d":6.4,"a":0,"l":"d","s":"osm"},"geometry":{"type":"Point","coordinates":[409327.4,5655628.0]}},{"type":"Feature","properties":{"h":8.0,"d":4.0,"a":1,"l":"d","gn":3,"t":17},"geometry":{"type":"Point","coordinates":[409328.0,5655207.2]}},{"type":"Feature","properties":{"h":11.0,"d":6.4,"a":0,"l":"d","s":"osm"},"geometry":{"type":"Point","coordinates":[409328.2,5655623.7]}},{"type":"Feature","properties":{"h":10.0,"d":5.8,"a":0,"l":"d","gn":15},"geometry":{"type":"Point","coordinates":[409328.2,5655113.7]}},{"type":"Feature","properties":{"h":11.0,"d":6.4,"a":0,"l":"d","s":"osm"},"geometry":{"type":"Point","coordinates":[409328.5,5655639.7]}},{"type":"Feature","properties":{"h":5.0,"d":1.5,"a":0,"l":"d","gn":6,"t":8},"geometry":{"type":"Point","coordinates":[409329.2,5655594.5]}},{"type":"Feature","properties":{"h":11.0,"d":6.4,"a":0,"l":"d","gn":6},"geometry":{"type":"Point","coordinates":[409329.2,5655189.5]}},{"type":"Feature","properties":{"h":9.0,"d":4.0,"a":1,"l":"d","gn":3,"t":16},"geometry":{"type":"Point","coordinates":[409329.4,5655213.2]}},{"type":"Feature","properties":{"h":11.0,"d":6.4,"a":0,"l":"d"},"geometry":{"type":"Point","coordinates":[409329.8,5655178.8]}},{"type":"Feature","properties":{"h":14.0,"d":11.0,"a":0,"l":"d","gn":10,"t":24},"geometry":{"type":"Point","coordinates":[409330.0,5654216.9]}},{"type":"Feature","properties":{"h":11.0,"d":6.4,"a":0,"l":"d","s":"osm"},"geometry":{"type":"Point","coordinates":[409330.2,5655631.4]}},{"type":"Feature","properties":{"h":11.0,"d":6.4,"a":0,"l":"d"},"geometry":{"type":"Point","coordinates":[409330.6,5655179.4]}},{"type":"Feature","properties":{"h":11.0,"d":6.4,"a":0,"l":"d","gn":6},"geometry":{"type":"Point","coordinates":[409330.6,5655103.5]}},{"type":"Feature","properties":{"h":11.0,"d":6.4,"a":0,"l":"d","s":"osm"},"geometry":{"type":"Point","coordinates":[409331.0,5655627.1]}},{"type":"Feature","properties":{"h":11.0,"d":6.4,"a":0,"l":"d","s":"osm"},"geometry":{"type":"Point","coordinates":[409331.8,5655622.9]}},{"type":"Feature","properties":{"h":5.0,"d":2.0,"a":0,"l":"d","gn":6,"t":9},"geometry":{"type":"Point","coordinates":[409332.3,5655597.3]}},{"type":"Feature","properties":{"h":14.0,"d":9.0,"a":0,"l":"d","gn":10,"t":25},"geometry":{"type":"Point","coordinates":[409332.3,5654201.5]}},{"type":"Feature","properties":{"h":11.0,"d":6.4,"a":0,"l":"d","s":"osm"},"geometry":{"type":"Point","coordinates":[409332.6,5655618.6]}},{"type":"Feature","properties":{"h":19.0,"d":9.0,"a":0,"l":"d","gn":7,"t":80},"geometry":{"type":"Point","coordinates":[409332.9,5655586.5]}},{"type":"Feature","properties":{"h":11.0,"d":6.4,"a":0,"l":"d"},"geometry":{"type":"Point","coordinates":[409333.0,5655180.6]}},{"type":"Feature","properties":{"h":8.0,"d":5.3,"a":5,"l":"d","gn":24},"geometry":{"type":"Point","coordinates":[409333.0,5655122.2]}},{"type":"Feature","properties":{"h":11.0,"d":6.4,"a":0,"l":"d"},"geometry":{"type":"Point","coordinates":[409333.3,5655180.8]}},{"type":"Feature","properties":{"h":11.0,"d":6.4,"a":0,"l":"d"},"geometry":{"type":"Point","coordinates":[409334.1,5655180.7]}},{"type":"Feature","properties":{"h":8.0,"d":4.0,"a":1,"l":"d","gn":3,"t":16},"geometry":{"type":"Point","coordinates":[409334.2,5655210.8]}},{"type":"Feature","properties":{"h":5.0,"d":2.0,"a":5,"l":"d","gn":8,"t":11},"geometry":{"type":"Point","coordinates":[409335.2,5655584.0]}},{"type":"Feature","properties":{"h":19.0,"d":10.0,"a":0,"l":"d","gn":3,"t":56},"geometry":{"type":"Point","coordinates":[409335.5,5655499.8]}},{"type":"Feature","properties":{"h":11.0,"d":6.4,"a":0,"l":"d","gn":1},"geometry":{"type":"Point","coordinates":[409335.6,5655188.0]}},{"type":"Feature","properties":{"h":8.0,"d":4.0,"a":1,"l":"d","gn":3,"t":16},"geometry":{"type":"Point","coordinates":[409336.4,5655216.5]}},{"type":"Feature","properties":{"h":8.0,"d":5.3,"a":5,"l":"d","gn":24},"geometry":{"type":"Point","coordinates":[409336.6,5655127.8]}},{"type":"Feature","properties":{"h":11.0,"d":6.4,"a":0,"l":"d","s":"osm"},"geometry":{"type":"Point","coordinates":[409336.9,5655598.5]}},{"type":"Feature","properties":{"h":10.0,"d":5.8,"a":0,"l":"d","gn":15},"geometry":{"type":"Point","coordinates":[409337.2,5655188.2]}},{"type":"Feature","properties":{"h":13.0,"d":8.0,"a":0,"l":"d","gn":9,"t":38},"geometry":{"type":"Point","coordinates":[409337.6,5655778.2]}},{"type":"Feature","properties":{"h":11.0,"d":6.4,"a":0,"l":"d"},"geometry":{"type":"Point","coordinates":[409338.9,5655182.3]}},{"type":"Feature","properties":{"h":11.0,"d":6.4,"a":0,"l":"d"},"geometry":{"type":"Point","coordinates":[409339.0,5655181.8]}},{"type":"Feature","properties":{"h":10.0,"d":6.0,"a":0,"l":"d","gn":15,"t":27},"geometry":{"type":"Point","coordinates":[409339.1,5655561.0]}},{"type":"Feature","properties":{"h":6.0,"d":2.0,"a":0,"l":"d","c":1,"gn":1,"t":8},"geometry":{"type":"Point","coordinates":[409339.2,5655592.7]}},{"type":"Feature","properties":{"h":14.0,"d":11.0,"a":0,"l":"d","gn":10,"t":24},"geometry":{"type":"Point","coordinates":[409340.6,5654232.4]}},{"type":"Feature","properties":{"h":8.0,"d":4.0,"a":1,"l":"d","gn":3,"t":17},"geometry":{"type":"Point","coordinates":[409340.6,5655213.2]}},{"type":"Feature","properties":{"h":20.0,"d":17.0,"a":1,"l":"d","gn":19,"t":114},"geometry":{"type":"Point","coordinates":[409341.0,5655172.6]}},{"type":"Feature","properties":{"h":18.0,"d":11.0,"a":0,"l":"d","gn":10,"t":29},"geometry":{"type":"Point","coordinates":[409341.0,5654213.6]}},{"type":"Feature","properties":{"h":16.0,"d":8.0,"a":1,"l":"d","gn":19},"geometry":{"type":"Point","coordinates":[409341.5,5655124.5]}},{"type":"Feature","properties":{"h":3.5,"d":1.5,"a":1,"l":"d","gn":30,"t":5},"geometry":{"type":"Point","coordinates":[409342.3,5655131.2]}},{"type":"Feature","properties":{"h":13.0,"d":7.5,"a":0,"l":"d","gn":10},"geometry":{"type":"Point","coordinates":[409342.8,5655117.6]}},{"type":"Feature","properties":{"h":8.0,"d":3.0,"a":1,"l":"d","gn":3,"t":17},"geometry":{"type":"Point","coordinates":[409343.1,5655217.5]}},{"type":"Feature","properties":{"h":8.0,"d":5.0,"a":0,"l":"d","gn":4,"t":18},"geometry":{"type":"Point","coordinates":[409343.1,5655604.0]}},{"type":"Feature","properties":{"h":16.0,"d":8.0,"a":1,"l":"d","gn":19},"geometry":{"type":"Point","coordinates":[409343.2,5655115.9]}},{"type":"Feature","properties":{"h":3.5,"d":1.5,"a":1,"l":"d","gn":30,"t":5},"geometry":{"type":"Point","coordinates":[409344.5,5655136.9]}},{"type":"Feature","properties":{"h":11.0,"d":6.4,"a":0,"l":"d"},"geometry":{"type":"Point","coordinates":[409344.6,5655181.9]}},{"type":"Feature","properties":{"h":10.0,"d":5.8,"a":0,"l":"d","gn":21},"geometry":{"type":"Point","coordinates":[409344.8,5655147.2]}},{"type":"Feature","properties":{"h":11.0,"d":6.4,"a":0,"l":"d"},"geometry":{"type":"Point","coordinates":[409345.4,5655182.0]}},{"type":"Feature","properties":{"h":11.0,"d":6.4,"a":0,"l":"d"},"geometry":{"type":"Point","coordinates":[409346.1,5655183.2]}},{"type":"Feature","properties":{"h":13.0,"d":7.5,"a":0,"l":"d","gn":10},"geometry":{"type":"Point","coordinates":[409346.5,5655180.4]}},{"type":"Feature","properties":{"h":8.0,"d":5.3,"a":5,"l":"d","gn":24},"geometry":{"type":"Point","coordinates":[409346.5,5655116.5]}},{"type":"Feature","properties":{"h":9.0,"d":4.0,"a":1,"l":"d","gn":3,"t":18},"geometry":{"type":"Point","coordinates":[409346.6,5655213.2]}},{"type":"Feature","properties":{"h":10.0,"d":5.0,"a":1,"l":"d","gn":3,"t":16},"geometry":{"type":"Point","coordinates":[409346.8,5655488.0]}},{"type":"Feature","properties":{"h":11.0,"d":6.4,"a":0,"l":"d"},"geometry":{"type":"Point","coordinates":[409347.1,5655183.7]}},{"type":"Feature","properties":{"h":3.5,"d":1.5,"a":1,"l":"d","gn":30,"t":5},"geometry":{"type":"Point","coordinates":[409347.3,5655143.3]}},{"type":"Feature","properties":{"h":11.0,"d":6.4,"a":0,"l":"d"},"geometry":{"type":"Point","coordinates":[409348.4,5655182.3]}},{"type":"Feature","properties":{"h":13.0,"d":8.0,"a":0,"l":"d","gn":9,"t":31},"geometry":{"type":"Point","coordinates":[409348.4,5655779.2]}},{"type":"Feature","properties":{"h":18.0,"d":11.0,"a":0,"l":"d","gn":3,"t":44},"geometry":{"type":"Point","coordinates":[409349.1,5655502.1]}},{"type":"Feature","properties":{"h":4.0,"d":4.0,"a":5,"l":"d","gn":27,"t":7},"geometry":{"type":"Point","coordinates":[409349.1,5655610.4]}},{"type":"Feature","properties":{"h":6.0,"d":4.0,"a":5,"l":"d","gn":8},"geometry":{"type":"Point","coordinates":[409349.7,5655114.2]}},{"type":"Feature","properties":{"h":21.0,"d":20.0,"a":0,"l":"d","gn":7,"t":78},"geometry":{"type":"Point","coordinates":[409350.5,5654226.3]}},{"type":"Feature","properties":{"h":8.0,"d":4.0,"a":1,"l":"d","gn":3,"t":18},"geometry":{"type":"Point","coordinates":[409351.0,5655216.6]}},{"type":"Feature","properties":{"h":19.0,"d":9.0,"a":0,"l":"d","gn":3,"t":44},"geometry":{"type":"Point","coordinates":[409351.4,5655483.6]}},{"type":"Feature","properties":{"h":4.0,"d":2.0,"a":0,"l":"d","gn":15,"t":8},"geometry":{"type":"Point","coordinates":[409351.6,5655576.6]}},{"type":"Feature","properties":{"h":16.0,"d":10.0,"a":0,"l":"d","gn":9,"t":44},"geometry":{"type":"Point","coordinates":[409352.0,5655794.6]}},{"type":"Feature","properties":{"h":11.0,"d":6.4,"a":0,"l":"d","gn":1},"geometry":{"type":"Point","coordinates":[409353.0,5655116.1]}},{"type":"Feature","properties":{"h":8.0,"d":6.0,"a":0,"l":"d","gn":6,"t":22},"geometry":{"type":"Point","coordinates":[409353.4,5655597.3]}},{"type":"Feature","properties":{"h":13.0,"d":7.5,"a":0,"l":"d","gn":10},"geometry":{"type":"Point","coordinates":[409353.7,5655181.9]}},{"type":"Feature","properties":{"h":3.5,"d":2.0,"a":0,"l":"d","gn":4,"t":5},"geometry":{"type":"Point","coordinates":[409354.0,5655571.9]}},{"type":"Feature","properties":{"h":13.0,"d":7.5,"a":0,"l":"d","gn":10},"geometry":{"type":"Point","coordinates":[409355.0,5655185.0]}},{"type":"Feature","properties":{"h":6.0,"d":4.0,"a":5,"l":"d","gn":8},"geometry":{"type":"Point","coordinates":[409355.3,5655112.5]}},{"type":"Feature","properties":{"h":11.0,"d":6.4,"a":0,"l":"d","gn":4},"geometry":{"type":"Point","coordinates":[409355.3,5655163.9]}},{"type":"Feature","properties":{"h":13.0,"d":7.0,"a":0,"l":"d","gn":9,"t":28},"geometry":{"type":"Point","coordinates":[409356.1,5655779.9]}},{"type":"Feature","properties":{"h":8.0,"d":6.5,"a":0,"l":"d","gn":6,"t":24},"geometry":{"type":"Point","coordinates":[409356.6,5655600.7]}},{"type":"Feature","properties":{"h":19.0,"d":8.0,"a":0,"l":"d","gn":3,"t":46},"geometry":{"type":"Point","coordinates":[409356.6,5655478.3]}},{"type":"Feature","properties":{"h":8.0,"d":4.0,"a":1,"l":"d","gn":3,"t":17},"geometry":{"type":"Point","coordinates":[409357.6,5655212.6]}},{"type":"Feature","properties":{"h":18.0,"d":12.0,"a":0,"l":"d","gn":10,"t":35},"geometry":{"type":"Point","coordinates":[409357.7,5654256.9]}},{"type":"Feature","properties":{"h":13.0,"d":7.5,"a":0,"l":"d","gn":10},"geometry":{"type":"Point","coordinates":[409358.1,5655182.5]}},{"type":"Feature","properties":{"h":16.0,"d":8.0,"a":1,"l":"d","gn":19},"geometry":{"type":"Point","coordinates":[409358.7,5655157.0]}},{"type":"Feature","properties":{"h":1.5,"d":3.0,"a":0,"l":"d","gn":1},"geometry":{"type":"Point","coordinates":[409359.3,5654211.9]}},{"type":"Feature","properties":{"h":18.0,"d":7.0,"a":0,"l":"d","gn":1,"t":36},"geometry":{"type":"Point","coordinates":[409359.4,5654213.3]}},{"type":"Feature","properties":{"h":17.0,"d":11.0,"a":0,"l":"d","gn":3,"t":49},"geometry":{"type":"Point","coordinates":[409359.4,5655491.4]}},{"type":"Feature","properties":{"h":8.5,"d":4.2,"a":1,"l":"d","gn":11},"geometry":{"type":"Point","coordinates":[409359.6,5655113.2]}},{"type":"Feature","properties":{"h":13.0,"d":7.5,"a":0,"l":"d","gn":10},"geometry":{"type":"Point","coordinates":[409360.0,5655184.8]}},{"type":"Feature","properties":{"h":17.0,"d":8.0,"a":0,"l":"d","gn":9,"t":32},"geometry":{"type":"Point","coordinates":[409360.1,5655795.2]}},{"type":"Feature","properties":{"h":10.0,"d":5.0,"a":0,"l":"d","gn":4,"t":20},"geometry":{"type":"Point","coordinates":[409360.1,5655604.8]}},{"type":"Feature","properties":{"h":8.0,"d":9.0,"a":0,"l":"d","gn":3,"t":35},"geometry":{"type":"Point","coordinates":[409360.2,5655551.3]}},{"type":"Feature","properties":{"h":18.0,"d":8.0,"a":0,"l":"d","gn":1,"t":33},"geometry":{"type":"Point","coordinates":[409360.2,5654214.3]}},{"type":"Feature","properties":{"h":18.0,"d":6.0,"a":0,"l":"d","gn":1,"t":20},"geometry":{"type":"Point","coordinates":[409360.5,5654212.9]}},{"type":"Feature","properties":{"h":16.0,"d":4.0,"a":0,"l":"d","gn":1,"t":15},"geometry":{"type":"Point","coordinates":[409360.9,5654213.9]}},{"type":"Feature","properties":{"h":17.0,"d":12.0,"a":0,"l":"d","gn":7,"t":64},"geometry":{"type":"Point","coordinates":[409361.0,5654241.6]}},{"type":"Feature","properties":{"h":16.0,"d":8.0,"a":1,"l":"d","gn":19},"geometry":{"type":"Point","coordinates":[409361.9,5655175.1]}},{"type":"Feature","properties":{"h":10.0,"d":9.0,"a":0,"l":"d","gn":4,"t":30},"geometry":{"type":"Point","coordinates":[409362.0,5655607.6]}},{"type":"Feature","properties":{"h":8.0,"d":4.0,"a":1,"l":"d","gn":3,"t":17},"geometry":{"type":"Point","coordinates":[409363.5,5655208.6]}},{"type":"Feature","properties":{"h":15.0,"d":9.0,"a":0,"l":"d","gn":9,"t":41},"geometry":{"type":"Point","coordinates":[409364.4,5655780.7]}},{"type":"Feature","properties":{"h":3.5,"d":1.5,"a":0,"l":"d","gn":33,"t":6},"geometry":{"type":"Point","coordinates":[409365.8,5655168.7]}},{"type":"Feature","properties":{"h":10.0,"d":5.0,"a":1,"l":"d","gn":3,"t":17},"geometry":{"type":"Point","coordinates":[409366.0,5655485.2]}},{"type":"Feature","properties":{"h":20.0,"d":11.0,"a":1,"l":"d","gn":19,"t":90},"geometry":{"type":"Point","coordinates":[409366.2,5654238.2]}},{"type":"Feature","properties":{"h":18.0,"d":15.0,"a":0,"l":"d","gn":7,"t":53},"geometry":{"type":"Point","coordinates":[409366.5,5654269.2]}},{"type":"Feature","properties":{"h":14.0,"d":7.0,"a":0,"l":"d","gn":10,"t":25},"geometry":{"type":"Point","coordinates":[409366.8,5654250.5]}},{"type":"Feature","properties":{"h":11.0,"d":6.0,"a":1,"l":"d","gn":3,"t":23},"geometry":{"type":"Point","coordinates":[409367.9,5655466.7]}},{"type":"Feature","properties":{"h":16.0,"d":9.0,"a":0,"l":"d","gn":9,"t":38},"geometry":{"type":"Point","coordinates":[409368.1,5655796.1]}},{"type":"Feature","properties":{"h":15.0,"d":8.3,"a":3,"l":"e"},"geometry":{"type":"Point","coordinates":[409368.4,5655161.6]}},{"type":"Feature","properties":{"h":16.0,"d":9.0,"a":0,"l":"d","gn":1,"t":40},"geometry":{"type":"Point","coordinates":[409368.6,5654239.9]}},{"type":"Feature","properties":{"h":12.0,"d":6.7,"a":3,"l":"e"},"geometry":{"type":"Point","coordinates":[409369.5,5655158.7]}},{"type":"Feature","properties":{"h":9.0,"d":6.0,"a":0,"l":"d","gn":4,"t":21},"geometry":{"type":"Point","coordinates":[409369.5,5655627.3]}},{"type":"Feature","properties":{"h":12.0,"d":6.7,"a":3,"l":"e"},"geometry":{"type":"Point","coordinates":[409369.9,5655156.7]}},{"type":"Feature","properties":{"h":9.0,"d":4.0,"a":1,"l":"d","gn":3,"t":17},"geometry":{"type":"Point","coordinates":[409370.1,5655204.2]}},{"type":"Feature","properties":{"h":8.0,"d":5.3,"a":5,"l":"d","gn":24},"geometry":{"type":"Point","coordinates":[409370.9,5655106.1]}},{"type":"Feature","properties":{"h":16.0,"d":6.0,"a":1,"l":"d","gn":19,"t":50},"geometry":{"type":"Point","coordinates":[409371.2,5654221.8]}},{"type":"Feature","properties":{"h":8.0,"d":7.0,"a":0,"l":"d","gn":6,"t":26},"geometry":{"type":"Point","coordinates":[409371.4,5655614.6]}},{"type":"Feature","properties":{"h":10.0,"d":5.0,"a":1,"l":"d","gn":3,"t":20},"geometry":{"type":"Point","coordinates":[409371.6,5655479.5]}},{"type":"Feature","properties":{"h":18.0,"d":11.0,"a":0,"l":"d","gn":7,"t":47},"geometry":{"type":"Point","coordinates":[409371.9,5654277.2]}},{"type":"Feature","properties":{"h":12.0,"d":6.7,"a":3,"l":"e"},"geometry":{"type":"Point","coordinates":[409372.2,5655155.4]}},{"type":"Feature","properties":{"h":15.0,"d":8.3,"a":3,"l":"e"},"geometry":{"type":"Point","coordinates":[409372.3,5655155.2]}},{"type":"Feature","properties":{"h":1.5,"d":1.0,"a":3,"l":"e","t":3},"geometry":{"type":"Point","coordinates":[409372.3,5655140.6]}},{"type":"Feature","properties":{"h":16.0,"d":7.0,"a":1,"l":"d","gn":19,"t":50},"geometry":{"type":"Point","coordinates":[409373.2,5654224.2]}},{"type":"Feature","properties":{"h":9.0,"d":8.0,"a":0,"l":"d","gn":6,"t":26},"geometry":{"type":"Point","coordinates":[409373.7,5655616.6]}},{"type":"Feature","properties":{"h":18.0,"d":13.0,"a":0,"l":"d","gn":3,"t":50},"geometry":{"type":"Point","coordinates":[409374.3,5654232.3]}},{"type":"Feature","properties":{"h":18.0,"d":8.0,"a":1,"l":"d","gn":19,"t":50},"geometry":{"type":"Point","coordinates":[409374.6,5654227.2]}},{"type":"Feature","properties":{"h":11.0,"d":6.4,"a":0,"l":"d","gn":6},"geometry":{"type":"Point","coordinates":[409375.5,5655174.9]}},{"type":"Feature","properties":{"h":20.0,"d":11.0,"a":0,"l":"d","gn":10,"t":35},"geometry":{"type":"Point","coordinates":[409375.5,5654263.0]}},{"type":"Feature","properties":{"h":4.0,"d":3.0,"a":3,"l":"e","t":13},"geometry":{"type":"Point","coordinates":[409375.6,5655633.7]}},{"type":"Feature","properties":{"h":15.0,"d":9.0,"a":0,"l":"d","gn":9,"t":42},"geometry":{"type":"Point","coordinates":[409375.7,5655796.6]}},{"type":"Feature","properties":{"h":10.0,"d":5.8,"a":0,"l":"d","gn":15},"geometry":{"type":"Point","coordinates":[409376.0,5655106.9]}},{"type":"Feature","properties":{"h":20.0,"d":15.0,"a":0,"l":"d","gn":1,"t":50},"geometry":{"type":"Point","coordinates":[409376.0,5654208.7]}},{"type":"Feature","properties":{"h":19.0,"d":11.0,"a":0,"l":"d","gn":7,"t":43},"geometry":{"type":"Point","coordinates":[409376.9,5654284.3]}},{"type":"Feature","properties":{"h":8.0,"d":5.3,"a":5,"l":"d","gn":24},"geometry":{"type":"Point","coordinates":[409377.5,5655138.9]}},{"type":"Feature","properties":{"h":16.0,"d":8.0,"a":1,"l":"d","gn":19},"geometry":{"type":"Point","coordinates":[409377.6,5655143.9]}},{"type":"Feature","properties":{"h":10.0,"d":5.0,"a":1,"l":"d","gn":3,"t":21},"geometry":{"type":"Point","coordinates":[409377.9,5655473.2]}},{"type":"Feature","properties":{"h":2.0,"d":1.0,"a":0,"l":"d"},"geometry":{"type":"Point","coordinates":[409378.4,5654199.7]}},{"type":"Feature","properties":{"h":14.0,"d":8.0,"a":0,"l":"d","gn":9,"t":36},"geometry":{"type":"Point","coordinates":[409378.6,5655781.8]}},{"type":"Feature","properties":{"h":4.0,"d":2.0,"a":0,"l":"d","gn":33,"t":9},"geometry":{"type":"Point","coordinates":[409378.7,5655263.5]}},{"type":"Feature","properties":{"h":5.0,"d":6.0,"a":5,"l":"d","gn":8,"t":14},"geometry":{"type":"Point","coordinates":[409378.7,5655619.3]}},{"type":"Feature","properties":{"h":10.0,"d":6.7,"a":5,"l":"d","gn":21},"geometry":{"type":"Point","coordinates":[409379.2,5655158.2]}},{"type":"Feature","properties":{"h":10.0,"d":6.7,"a":5,"l":"d","gn":21},"geometry":{"type":"Point","coordinates":[409380.2,5655157.7]}},{"type":"Feature","properties":{"h":6.0,"d":4.0,"a":5,"l":"d","gn":8},"geometry":{"type":"Point","coordinates":[409381.1,5655111.5]}},{"type":"Feature","properties":{"h":16.0,"d":8.0,"a":1,"l":"d","gn":19},"geometry":{"type":"Point","coordinates":[409381.5,5655141.4]}},{"type":"Feature","properties":{"h":19.0,"d":11.0,"a":0,"l":"d","gn":7,"t":46},"geometry":{"type":"Point","coordinates":[409381.8,5654291.3]}},{"type":"Feature","properties":{"h":7.0,"d":5.0,"a":0,"l":"d","gn":4,"t":17},"geometry":{"type":"Point","coordinates":[409381.8,5655622.2]}},{"type":"Feature","properties":{"h":16.0,"d":8.0,"a":1,"l":"d","gn":19},"geometry":{"type":"Point","coordinates":[409382.1,5655105.7]}},{"type":"Feature","properties":{"h":5.0,"d":6.0,"a":0,"l":"d","gn":4,"t":15},"geometry":{"type":"Point","coordinates":[409383.1,5655641.3]}},{"type":"Feature","properties":{"h":20.0,"d":11.0,"a":0,"l":"d","gn":10,"t":29},"geometry":{"type":"Point","coordinates":[409384.1,5654275.4]}},{"type":"Feature","properties":{"h":4.0,"d":2.0,"a":5,"l":"d","t":8},"geometry":{"type":"Point","coordinates":[409384.7,5655614.9]}},{"type":"Feature","properties":{"h":3.0,"d":4.0,"a":5,"l":"d","gn":8,"t":11},"geometry":{"type":"Point","coordinates":[409386.2,5655641.8]}},{"type":"Feature","properties":{"h":6.0,"d":4.0,"a":5,"l":"d","gn":12},"geometry":{"type":"Point","coordinates":[409387.1,5655111.9]}},{"type":"Feature","properties":{"h":8.5,"d":4.2,"a":1,"l":"d","gn":11},"geometry":{"type":"Point","coordinates":[409387.3,5655123.8]}},{"type":"Feature","properties":{"h":21.0,"d":12.0,"a":0,"l":"d","gn":7,"t":53},"geometry":{"type":"Point","coordinates":[409387.4,5654299.1]}},{"type":"Feature","properties":{"h":5.0,"d":2.0,"a":5,"l":"d","t":8},"geometry":{"type":"Point","coordinates":[409387.5,5655620.0]}},{"type":"Feature","properties":{"h":10.0,"d":5.0,"a":1,"l":"d","gn":3,"t":18},"geometry":{"type":"Point","coordinates":[409387.5,5655446.5]}},{"type":"Feature","properties":{"h":15.0,"d":10.0,"a":0,"l":"d","gn":9,"t":36},"geometry":{"type":"Point","coordinates":[409387.7,5655782.6]}},{"type":"Feature","properties":{"h":18.0,"d":7.0,"a":1,"l":"d","gn":16,"t":32},"geometry":{"type":"Point","coordinates":[409388.2,5654193.7]}},{"type":"Feature","properties":{"h":6.0,"d":4.0,"a":5,"l":"d","gn":8},"geometry":{"type":"Point","coordinates":[409388.4,5655157.6]}},{"type":"Feature","properties":{"h":4.0,"d":2.0,"a":5,"l":"d","t":8},"geometry":{"type":"Point","coordinates":[409388.7,5655616.1]}},{"type":"Feature","properties":{"h":4.0,"d":1.5,"a":0,"l":"d","gn":6,"t":9},"geometry":{"type":"Point","coordinates":[409389.0,5655643.3]}},{"type":"Feature","properties":{"h":6.0,"d":4.0,"a":5,"l":"d","gn":8},"geometry":{"type":"Point","coordinates":[409389.0,5655166.7]}},{"type":"Feature","properties":{"h":7.0,"d":6.0,"a":0,"l":"d","gn":4,"t":20},"geometry":{"type":"Point","coordinates":[409389.2,5655634.7]}},{"type":"Feature","properties":{"h":6.5,"d":3.0,"a":5,"l":"d","t":9},"geometry":{"type":"Point","coordinates":[409389.5,5655625.4]}},{"type":"Feature","properties":{"h":11.0,"d":6.4,"a":0,"l":"d","gn":1},"geometry":{"type":"Point","coordinates":[409390.6,5655129.0]}},{"type":"Feature","properties":{"h":6.5,"d":3.0,"a":5,"l":"d","t":8},"geometry":{"type":"Point","coordinates":[409391.2,5655621.4]}},{"type":"Feature","properties":{"h":10.0,"d":5.0,"a":1,"l":"d","gn":3,"t":19},"geometry":{"type":"Point","coordinates":[409391.8,5655458.8]}},{"type":"Feature","properties":{"h":10.0,"d":8.0,"a":0,"l":"d","gn":9,"t":31},"geometry":{"type":"Point","coordinates":[409391.9,5655798.3]}},{"type":"Feature","properties":{"h":22.0,"d":14.0,"a":0,"l":"d","gn":7,"t":54},"geometry":{"type":"Point","coordinates":[409392.2,5654305.9]}},{"type":"Feature","properties":{"h":7.0,"d":6.0,"a":1,"l":"d","gn":18,"t":10},"geometry":{"type":"Point","coordinates":[409392.9,5654287.5]}},{"type":"Feature","properties":{"h":6.5,"d":3.0,"a":5,"l":"d","t":8},"geometry":{"type":"Point","coordinates":[409392.9,5655617.4]}},{"type":"Feature","properties":{"h":12.0,"d":10.0,"a":0,"l":"d","gn":3,"t":42},"geometry":{"type":"Point","coordinates":[409393.5,5655440.7]}},{"type":"Feature","properties":{"h":8.0,"d":5.3,"a":5,"l":"d","gn":24},"geometry":{"type":"Point","coordinates":[409393.5,5655133.7]}},{"type":"Feature","properties":{"h":16.0,"d":8.0,"a":1,"l":"d","gn":19},"geometry":{"type":"Point","coordinates":[409393.8,5655162.5]}},{"type":"Feature","properties":{"h":14.0,"d":5.0,"a":1,"l":"d","gn":16,"t":22},"geometry":{"type":"Point","coordinates":[409393.9,5654220.8]}},{"type":"Feature","properties":{"h":6.5,"d":3.0,"a":5,"l":"d","t":8},"geometry":{"type":"Point","coordinates":[409393.9,5655626.7]}},{"type":"Feature","properties":{"h":8.0,"d":5.0,"a":0,"l":"d","gn":15,"t":16},"geometry":{"type":"Point","coordinates":[409394.7,5655650.6]}},{"type":"Feature","properties":{"h":6.0,"d":6.0,"a":0,"l":"d","gn":6,"t":20},"geometry":{"type":"Point","coordinates":[409394.8,5655632.5]}},{"type":"Feature","properties":{"h":17.0,"d":6.0,"a":1,"l":"d","gn":16,"t":28},"geometry":{"type":"Point","coordinates":[409395.4,5654188.5]}},{"type":"Feature","properties":{"h":6.0,"d":2.5,"a":5,"l":"d","t":8},"geometry":{"type":"Point","coordinates":[409395.6,5655622.7]}},{"type":"Feature","properties":{"h":8.0,"d":5.3,"a":5,"l":"d","gn":24},"geometry":{"type":"Point","coordinates":[409396.0,5655131.5]}},{"type":"Feature","properties":{"h":6.0,"d":4.0,"a":5,"l":"d","gn":8},"geometry":{"type":"Point","coordinates":[409396.5,5655134.7]}},{"type":"Feature","properties":{"h":10.0,"d":5.0,"a":1,"l":"d","gn":3,"t":18},"geometry":{"type":"Point","coordinates":[409396.7,5655454.3]}},{"type":"Feature","properties":{"h":5.0,"d":2.0,"a":5,"l":"d","t":6},"geometry":{"type":"Point","coordinates":[409396.9,5655618.9]}},{"type":"Feature","properties":{"h":11.0,"d":6.4,"a":0,"l":"d","gn":1},"geometry":{"type":"Point","coordinates":[409397.9,5655144.9]}},{"type":"Feature","properties":{"h":5.0,"d":1.0,"a":1,"l":"d","gn":3,"t":8},"geometry":{"type":"Point","coordinates":[409398.5,5655435.3]}},{"type":"Feature","properties":{"h":6.0,"d":3.0,"a":5,"l":"d","t":8},"geometry":{"type":"Point","coordinates":[409398.6,5655628.3]}},{"type":"Feature","properties":{"h":6.0,"d":3.0,"a":5,"l":"d","t":8},"geometry":{"type":"Point","coordinates":[409399.8,5655624.2]}},{"type":"Feature","properties":{"h":9.0,"d":7.0,"a":0,"l":"d","gn":15,"t":25},"geometry":{"type":"Point","coordinates":[409400.5,5655655.1]}},{"type":"Feature","properties":{"h":22.0,"d":21.0,"a":0,"l":"d","gn":7,"t":110},"geometry":{"type":"Point","coordinates":[409400.8,5654207.6]}},{"type":"Feature","properties":{"h":19.0,"d":11.0,"a":0,"l":"d","gn":10,"t":35},"geometry":{"type":"Point","coordinates":[409401.1,5654299.7]}},{"type":"Feature","properties":{"h":5.0,"d":2.5,"a":5,"l":"d","t":6},"geometry":{"type":"Point","coordinates":[409401.4,5655620.3]}},{"type":"Feature","properties":{"h":10.0,"d":5.0,"a":1,"l":"d","gn":3,"t":19},"geometry":{"type":"Point","coordinates":[409401.5,5655449.0]}},{"type":"Feature","properties":{"h":6.0,"d":1.0,"a":2,"l":"d","gn":11,"t":8},"geometry":{"type":"Point","coordinates":[409402.7,5655546.6]}},{"type":"Feature","properties":{"h":6.0,"d":3.0,"a":5,"l":"d","t":9},"geometry":{"type":"Point","coordinates":[409402.8,5655629.7]}},{"type":"Feature","properties":{"h":24.0,"d":15.0,"a":0,"l":"d","gn":7,"t":63},"geometry":{"type":"Point","coordinates":[409402.8,5654321.5]}},{"type":"Feature","properties":{"h":19.0,"d":15.0,"a":0,"l":"d","gn":3,"t":60},"geometry":{"type":"Point","coordinates":[409403.7,5654186.6]}},{"type":"Feature","properties":{"h":10.0,"d":10.0,"a":0,"l":"d","gn":3,"t":27},"geometry":{"type":"Point","coordinates":[409404.0,5655429.7]}},{"type":"Feature","properties":{"h":6.0,"d":4.0,"a":0,"l":"d","gn":6,"t":14},"geometry":{"type":"Point","coordinates":[409404.3,5655658.1]}},{"type":"Feature","properties":{"h":6.0,"d":3.0,"a":5,"l":"d","t":8},"geometry":{"type":"Point","coordinates":[409404.4,5655625.5]}},{"type":"Feature","properties":{"h":5.0,"d":2.5,"a":5,"l":"d","t":6},"geometry":{"type":"Point","coordinates":[409405.8,5655621.8]}},{"type":"Feature","properties":{"h":5.0,"d":1.0,"a":0,"l":"d","gn":9,"t":6},"geometry":{"type":"Point","coordinates":[409405.9,5655799.3]}},{"type":"Feature","properties":{"h":13.0,"d":12.0,"a":0,"l":"d","gn":1,"t":36},"geometry":{"type":"Point","coordinates":[409406.0,5655247.6]}},{"type":"Feature","properties":{"h":10.0,"d":5.0,"a":1,"l":"d","gn":3,"t":22},"geometry":{"type":"Point","coordinates":[409406.5,5655443.4]}},{"type":"Feature","properties":{"h":6.0,"d":2.5,"a":5,"l":"d","t":7},"geometry":{"type":"Point","coordinates":[409407.8,5655631.2]}},{"type":"Feature","properties":{"h":10.0,"d":10.0,"a":0,"l":"d","gn":3,"t":30},"geometry":{"type":"Point","coordinates":[409409.0,5655424.4]}},{"type":"Feature","properties":{"h":6.0,"d":3.0,"a":5,"l":"d","t":8},"geometry":{"type":"Point","coordinates":[409409.1,5655627.1]}},{"type":"Feature","properties":{"h":12.0,"d":4.0,"a":1,"l":"d","gn":19,"t":19},"geometry":{"type":"Point","coordinates":[409409.2,5655661.7]}},{"type":"Feature","properties":{"h":9.0,"d":3.0,"a":2,"l":"d","gn":11,"t":20},"geometry":{"type":"Point","coordinates":[409409.2,5655549.4]}},{"type":"Feature","properties":{"h":11.0,"d":6.4,"a":0,"l":"d","s":"osm"},"geometry":{"type":"Point","coordinates":[409409.3,5654347.1]}},{"type":"Feature","properties":{"h":24.0,"d":12.0,"a":0,"l":"d","gn":3,"t":70},"geometry":{"type":"Point","coordinates":[409409.5,5654208.9]}},{"type":"Feature","properties":{"h":14.0,"d":9.0,"a":0,"l":"d","gn":10,"t":25},"geometry":{"type":"Point","coordinates":[409409.8,5654312.0]}},{"type":"Feature","properties":{"h":5.0,"d":2.0,"a":5,"l":"d","t":6},"geometry":{"type":"Point","coordinates":[409410.2,5655623.2]}},{"type":"Feature","properties":{"h":6.0,"d":2.5,"a":5,"l":"d","t":8},"geometry":{"type":"Point","coordinates":[409411.9,5655632.7]}},{"type":"Feature","properties":{"h":14.0,"d":4.0,"a":0,"l":"d","gn":3,"t":22},"geometry":{"type":"Point","coordinates":[409412.8,5654187.8]}},{"type":"Feature","properties":{"h":13.0,"d":7.5,"a":0,"l":"d","gn":10},"geometry":{"type":"Point","coordinates":[409413.2,5655161.3]}},{"type":"Feature","properties":{"h":6.0,"d":2.5,"a":5,"l":"d","t":8},"geometry":{"type":"Point","coordinates":[409413.3,5655628.6]}},{"type":"Feature","properties":{"h":5.0,"d":2.0,"a":5,"l":"d","t":6},"geometry":{"type":"Point","coordinates":[409414.8,5655624.6]}},{"type":"Feature","properties":{"h":12.0,"d":7.0,"a":5,"l":"d","gn":8,"t":45},"geometry":{"type":"Point","coordinates":[409415.6,5655237.8]}},{"type":"Feature","properties":{"h":14.0,"d":5.5,"a":1,"l":"d","gn":16,"t":25},"geometry":{"type":"Point","coordinates":[409415.8,5654202.9]}},{"type":"Feature","properties":{"h":10.0,"d":5.0,"a":1,"l":"d","gn":3,"t":17},"geometry":{"type":"Point","coordinates":[409415.9,5655417.2]}},{"type":"Feature","properties":{"h":6.0,"d":2.5,"a":5,"l":"d","t":9},"geometry":{"type":"Point","coordinates":[409416.2,5655634.0]}},{"type":"Feature","properties":{"h":16.0,"d":7.0,"a":0,"l":"d","gn":3,"t":32},"geometry":{"type":"Point","coordinates":[409416.8,5654193.6]}},{"type":"Feature","properties":{"h":9.0,"d":4.0,"a":2,"l":"d","gn":11,"t":17},"geometry":{"type":"Point","coordinates":[409416.9,5655552.3]}},{"type":"Feature","properties":{"h":6.0,"d":2.5,"a":5,"l":"d","t":8},"geometry":{"type":"Point","coordinates":[409417.9,5655629.9]}},{"type":"Feature","properties":{"h":11.0,"d":6.4,"a":0,"l":"d","s":"osm"},"geometry":{"type":"Point","coordinates":[409418.1,5654351.7]}},{"type":"Feature","properties":{"h":12.0,"d":10.0,"a":0,"l":"d","gn":3,"t":35},"geometry":{"type":"Point","coordinates":[409418.7,5655431.2]}},{"type":"Feature","properties":{"h":11.0,"d":6.0,"a":0,"l":"d","gn":1,"t":39},"geometry":{"type":"Point","coordinates":[409419.1,5655233.6]}},{"type":"Feature","properties":{"h":6.0,"d":3.0,"a":5,"l":"d","t":8},"geometry":{"type":"Point","coordinates":[409419.2,5655625.8]}},{"type":"Feature","properties":{"h":6.0,"d":2.5,"a":5,"l":"d","t":8},"geometry":{"type":"Point","coordinates":[409422.5,5655631.4]}},{"type":"Feature","properties":{"h":6.0,"d":2.5,"a":5,"l":"d","t":8},"geometry":{"type":"Point","coordinates":[409423.7,5655627.3]}},{"type":"Feature","properties":{"h":10.0,"d":4.0,"a":2,"l":"d","gn":11,"t":22},"geometry":{"type":"Point","coordinates":[409423.8,5655555.1]}},{"type":"Feature","properties":{"h":5.0,"d":1.0,"a":1,"l":"d","gn":3,"t":7},"geometry":{"type":"Point","coordinates":[409424.4,5655408.1]}},{"type":"Feature","properties":{"h":6.0,"d":3.0,"a":5,"l":"d","t":9},"geometry":{"type":"Point","coordinates":[409426.5,5655632.7]}},{"type":"Feature","properties":{"h":13.0,"d":13.0,"a":0,"l":"d","gn":10,"t":45},"geometry":{"type":"Point","coordinates":[409427.1,5655230.9]}},{"type":"Feature","properties":{"h":11.0,"d":6.0,"a":1,"l":"d","gn":16,"t":33},"geometry":{"type":"Point","coordinates":[409427.6,5655238.1]}},{"type":"Feature","properties":{"h":9.0,"d":6.0,"a":0,"l":"d","gn":3,"t":40},"geometry":{"type":"Point","coordinates":[409428.0,5655421.5]}},{"type":"Feature","properties":{"h":6.0,"d":2.0,"a":5,"l":"d","t":7},"geometry":{"type":"Point","coordinates":[409428.3,5655628.7]}},{"type":"Feature","properties":{"h":6.0,"d":2.5,"a":5,"l":"d","t":9},"geometry":{"type":"Point","coordinates":[409431.1,5655634.2]}},{"type":"Feature","properties":{"h":12.0,"d":12.0,"a":0,"l":"d","gn":1,"t":50},"geometry":{"type":"Point","coordinates":[409432.4,5654347.0]}},{"type":"Feature","properties":{"h":6.0,"d":2.0,"a":5,"l":"d","t":6},"geometry":{"type":"Point","coordinates":[409432.6,5655630.0]}},{"type":"Feature","properties":{"h":10.0,"d":4.0,"a":2,"l":"d","gn":11,"t":20},"geometry":{"type":"Point","coordinates":[409433.0,5655558.6]}},{"type":"Feature","properties":{"h":12.0,"d":8.0,"a":1,"l":"d","gn":3,"t":25},"geometry":{"type":"Point","coordinates":[409434.0,5654000.1]}},{"type":"Feature","properties":{"h":19.0,"d":9.0,"a":0,"l":"d","gn":15,"t":76},"geometry":{"type":"Point","coordinates":[409434.1,5655937.3]}},{"type":"Feature","properties":{"h":6.0,"d":2.5,"a":5,"l":"d","t":8},"geometry":{"type":"Point","coordinates":[409435.6,5655635.6]}},{"type":"Feature","properties":{"h":6.0,"d":2.0,"a":5,"l":"d","t":6},"geometry":{"type":"Point","coordinates":[409436.8,5655631.5]}},{"type":"Feature","properties":{"h":6.0,"d":2.5,"a":5,"l":"d","t":7},"geometry":{"type":"Point","coordinates":[409439.8,5655636.9]}},{"type":"Feature","properties":{"h":6.0,"d":2.0,"a":5,"l":"d","t":7},"geometry":{"type":"Point","coordinates":[409441.0,5655632.7]}},{"type":"Feature","properties":{"h":11.0,"d":6.4,"a":0,"l":"d","s":"osm"},"geometry":{"type":"Point","coordinates":[409443.9,5655158.5]}},{"type":"Feature","properties":{"h":20.0,"d":18.0,"a":0,"l":"d","gn":6,"t":92},"geometry":{"type":"Point","coordinates":[409444.5,5654324.3]}},{"type":"Feature","properties":{"h":5.0,"d":2.0,"a":5,"l":"d","t":7},"geometry":{"type":"Point","coordinates":[409445.5,5655634.2]}},{"type":"Feature","properties":{"h":12.0,"d":14.0,"a":0,"l":"d","gn":1,"t":46},"geometry":{"type":"Point","coordinates":[409446.4,5654372.2]}},{"type":"Feature","properties":{"h":5.0,"d":2.0,"a":5,"l":"d","t":7},"geometry":{"type":"Point","coordinates":[409449.9,5655635.5]}},{"type":"Feature","properties":{"h":6.0,"d":4.0,"a":5,"l":"d","gn":8,"t":9},"geometry":{"type":"Point","coordinates":[409454.0,5655701.3]}},{"type":"Feature","properties":{"h":5.0,"d":2.0,"a":5,"l":"d","t":6},"geometry":{"type":"Point","coordinates":[409454.1,5655636.9]}},{"type":"Feature","properties":{"h":13.0,"d":12.0,"a":0,"l":"d","gn":1,"t":46},"geometry":{"type":"Point","coordinates":[409455.1,5654388.5]}},{"type":"Feature","properties":{"h":8.0,"d":4.0,"a":0,"l":"d","gn":1,"t":24},"geometry":{"type":"Point","coordinates":[409455.8,5655567.6]}},{"type":"Feature","properties":{"h":8.0,"d":6.0,"a":1,"l":"d","gn":3,"t":19},"geometry":{"type":"Point","coordinates":[409456.3,5654030.4]}},{"type":"Feature","properties":{"h":6.0,"d":3.0,"a":0,"l":"d","gn":4,"t":8},"geometry":{"type":"Point","coordinates":[409456.5,5655703.7]}},{"type":"Feature","properties":{"h":11.0,"d":6.4,"a":0,"l":"d","s":"osm"},"geometry":{"type":"Point","coordinates":[409458.5,5654486.5]}},{"type":"Feature","properties":{"h":5.0,"d":2.0,"a":5,"l":"d","t":6},"geometry":{"type":"Point","coordinates":[409458.5,5655638.4]}},{"type":"Feature","properties":{"h":17.0,"d":16.0,"a":0,"l":"d","gn":6,"t":83},"geometry":{"type":"Point","coordinates":[409459.8,5654315.7]}},{"type":"Feature","properties":{"h":5.0,"d":2.0,"a":5,"l":"d","t":7},"geometry":{"type":"Point","coordinates":[409462.9,5655639.7]}},{"type":"Feature","properties":{"h":15.0,"d":9.0,"a":1,"l":"d","gn":3,"t":23},"geometry":{"type":"Point","coordinates":[409465.0,5654042.0]}},{"type":"Feature","properties":{"h":11.0,"d":6.4,"a":0,"l":"d","s":"osm"},"geometry":{"type":"Point","coordinates":[409465.0,5654485.8]}},{"type":"Feature","properties":{"h":8.0,"d":8.0,"a":0,"l":"d","gn":1,"t":24},"geometry":{"type":"Point","coordinates":[409468.4,5655715.3]}},{"type":"Feature","properties":{"h":11.0,"d":6.4,"a":0,"l":"d","s":"osm"},"geometry":{"type":"Point","coordinates":[409470.3,5654487.1]}},{"type":"Feature","properties":{"h":17.0,"d":10.0,"a":1,"l":"d","gn":3,"t":32},"geometry":{"type":"Point","coordinates":[409472.1,5654051.8]}},{"type":"Feature","properties":{"h":9.0,"d":7.0,"a":0,"l":"d","gn":6,"t":25},"geometry":{"type":"Point","coordinates":[409474.8,5655706.7]}},{"type":"Feature","properties":{"h":16.0,"d":10.0,"a":1,"l":"d","gn":3,"t":30},"geometry":{"type":"Point","coordinates":[409477.2,5654058.6]}},{"type":"Feature","properties":{"h":8.0,"d":6.0,"a":0,"l":"d","gn":6,"t":18},"geometry":{"type":"Point","coordinates":[409479.3,5655707.7]}},{"type":"Feature","properties":{"h":6.0,"d":4.0,"a":0,"l":"d","gn":1,"t":14},"geometry":{"type":"Point","coordinates":[409481.0,5655712.7]}},{"type":"Feature","properties":{"h":14.0,"d":9.0,"a":1,"l":"d","gn":3,"t":28},"geometry":{"type":"Point","coordinates":[409483.0,5654066.5]}},{"type":"Feature","properties":{"h":3.0,"d":4.8,"a":5,"l":"d","gn":27},"geometry":{"type":"Point","coordinates":[409483.2,5655711.0]}},{"type":"Feature","properties":{"h":8.0,"d":7.0,"a":0,"l":"d","gn":7,"t":21},"geometry":{"type":"Point","coordinates":[409485.7,5655716.0]}},{"type":"Feature","properties":{"h":5.0,"d":3.0,"a":0,"l":"d","gn":4,"t":11},"geometry":{"type":"Point","coordinates":[409487.2,5655654.4]}},{"type":"Feature","properties":{"h":5.0,"d":4.0,"a":5,"l":"d","c":1,"gn":8,"t":18},"geometry":{"type":"Point","coordinates":[409487.4,5655730.2]}},{"type":"Feature","properties":{"h":3.0,"d":3.0,"a":3,"l":"e","t":9},"geometry":{"type":"Point","coordinates":[409487.5,5655715.3]}},{"type":"Feature","properties":{"h":12.0,"d":6.0,"a":0,"l":"d","gn":15,"t":96},"geometry":{"type":"Point","coordinates":[409488.5,5655679.3]}},{"type":"Feature","properties":{"h":16.0,"d":10.0,"a":1,"l":"d","gn":3,"t":30},"geometry":{"type":"Point","coordinates":[409488.6,5654074.0]}},{"type":"Feature","properties":{"h":3.0,"d":4.0,"a":3,"l":"e","t":14},"geometry":{"type":"Point","coordinates":[409488.9,5655716.6]}},{"type":"Feature","properties":{"h":8.0,"d":6.0,"a":5,"l":"d","gn":24,"t":67},"geometry":{"type":"Point","coordinates":[409489.1,5655732.6]}},{"type":"Feature","properties":{"h":8.0,"d":9.0,"a":0,"l":"d","gn":1,"t":21},"geometry":{"type":"Point","coordinates":[409490.0,5655717.8]}},{"type":"Feature","properties":{"h":12.0,"d":11.0,"a":0,"l":"d","gn":1,"t":40},"geometry":{"type":"Point","coordinates":[409490.8,5654454.5]}},{"type":"Feature","properties":{"h":11.0,"d":6.4,"a":0,"l":"d","s":"osm"},"geometry":{"type":"Point","coordinates":[409492.1,5655600.6]}},{"type":"Feature","properties":{"h":11.0,"d":6.0,"a":0,"l":"d","gn":1,"t":83},"geometry":{"type":"Point","coordinates":[409492.2,5655692.6]}},{"type":"Feature","properties":{"h":4.0,"d":3.0,"a":5,"l":"d","gn":27},"geometry":{"type":"Point","coordinates":[409492.3,5655733.2]}},{"type":"Feature","properties":{"h":9.0,"d":9.0,"a":0,"l":"d","gn":1,"t":26},"geometry":{"type":"Point","coordinates":[409493.9,5655722.8]}},{"type":"Feature","properties":{"h":4.0,"d":2.5,"a":0,"l":"d","gn":1,"t":12},"geometry":{"type":"Point","coordinates":[409494.1,5655708.9]}},{"type":"Feature","properties":{"h":9.5,"d":6.3,"a":5,"l":"d","gn":27},"geometry":{"type":"Point","coordinates":[409494.8,5655736.4]}},{"type":"Feature","properties":{"h":11.0,"d":8.0,"a":0,"l":"d","gn":1,"t":34},"geometry":{"type":"Point","coordinates":[409496.8,5654465.3]}},{"type":"Feature","properties":{"h":10.0,"d":6.0,"a":0,"l":"d","gn":6,"t":23},"geometry":{"type":"Point","coordinates":[409497.2,5655723.9]}},{"type":"Feature","properties":{"h":7.0,"d":8.0,"a":5,"l":"d","c":1,"gn":8,"t":30},"geometry":{"type":"Point","coordinates":[409498.7,5655724.9]}},{"type":"Feature","properties":{"h":7.0,"d":5.0,"a":5,"l":"d","gn":8,"t":22},"geometry":{"type":"Point","coordinates":[409502.7,5655728.1]}},{"type":"Feature","properties":{"h":17.0,"d":12.0,"a":1,"l":"d","gn":3,"t":32},"geometry":{"type":"Point","coordinates":[409503.7,5654094.4]}},{"type":"Feature","properties":{"h":3.0,"d":2.5,"a":5,"l":"d","gn":27},"geometry":{"type":"Point","coordinates":[409504.8,5655731.3]}},{"type":"Feature","properties":{"h":5.0,"d":4.0,"a":0,"l":"d","gn":1,"t":10},"geometry":{"type":"Point","coordinates":[409504.9,5655711.4]}},{"type":"Feature","properties":{"h":10.0,"d":8.0,"a":0,"l":"d","gn":1,"t":27},"geometry":{"type":"Point","coordinates":[409506.4,5655898.8]}},{"type":"Feature","properties":{"h":4.0,"d":2.0,"a":0,"l":"d","gn":4,"t":8},"geometry":{"type":"Point","coordinates":[409508.3,5655690.9]}},{"type":"Feature","properties":{"h":8.0,"d":7.0,"a":0,"l":"d","gn":1,"t":22},"geometry":{"type":"Point","coordinates":[409508.4,5655715.6]}},{"type":"Feature","properties":{"h":5.0,"d":3.0,"a":0,"l":"d","gn":1,"t":9},"geometry":{"type":"Point","coordinates":[409509.0,5655720.9]}},{"type":"Feature","properties":{"h":6.0,"d":7.0,"a":5,"l":"d","c":1,"gn":8,"t":20},"geometry":{"type":"Point","coordinates":[409509.2,5655734.1]}},{"type":"Feature","properties":{"h":3.0,"d":4.0,"a":5,"l":"d"},"geometry":{"type":"Point","coordinates":[409512.3,5655736.7]}},{"type":"Feature","properties":{"h":9.0,"d":7.0,"a":0,"l":"d","gn":1,"t":21},"geometry":{"type":"Point","coordinates":[409513.0,5655906.4]}},{"type":"Feature","properties":{"h":10.0,"d":6.7,"a":5,"l":"d","gn":21},"geometry":{"type":"Point","coordinates":[409517.3,5655740.9]}},{"type":"Feature","properties":{"h":4.0,"d":2.0,"a":0,"l":"d","gn":4,"t":9},"geometry":{"type":"Point","coordinates":[409517.6,5655715.3]}},{"type":"Feature","properties":{"h":10.0,"d":6.0,"a":0,"l":"d","gn":1,"t":22},"geometry":{"type":"Point","coordinates":[409519.5,5655913.8]}},{"type":"Feature","properties":{"h":7.0,"d":8.0,"a":5,"l":"d","c":1,"gn":8,"t":20},"geometry":{"type":"Point","coordinates":[409521.7,5655759.1]}},{"type":"Feature","properties":{"h":16.0,"d":8.0,"a":1,"l":"d","gn":3,"t":26},"geometry":{"type":"Point","coordinates":[409522.0,5654119.0]}},{"type":"Feature","properties":{"h":11.0,"d":6.4,"a":0,"l":"d","gn":4},"geometry":{"type":"Point","coordinates":[409523.6,5655699.7]}},{"type":"Feature","properties":{"h":16.0,"d":7.0,"a":1,"l":"d","gn":3,"t":29},"geometry":{"type":"Point","coordinates":[409526.1,5654124.7]}},{"type":"Feature","properties":{"h":10.0,"d":6.0,"a":0,"l":"d","gn":1,"t":22},"geometry":{"type":"Point","coordinates":[409527.0,5655922.3]}},{"type":"Feature","properties":{"h":9.0,"d":10.0,"a":5,"l":"d","gn":8,"t":29},"geometry":{"type":"Point","coordinates":[409528.2,5655765.3]}},{"type":"Feature","properties":{"h":6.0,"d":3.5,"a":5,"l":"d","t":8},"geometry":{"type":"Point","coordinates":[409531.0,5655734.4]}},{"type":"Feature","properties":{"h":7.0,"d":5.0,"a":5,"l":"d","gn":24,"t":18},"geometry":{"type":"Point","coordinates":[409532.4,5655767.7]}},{"type":"Feature","properties":{"h":10.0,"d":8.0,"a":0,"l":"d","gn":1,"t":27},"geometry":{"type":"Point","coordinates":[409532.6,5655928.6]}},{"type":"Feature","properties":{"h":6.0,"d":3.0,"a":5,"l":"d","t":6},"geometry":{"type":"Point","coordinates":[409533.4,5655730.7]}},{"type":"Feature","properties":{"h":11.0,"d":6.4,"a":0,"l":"d"},"geometry":{"type":"Point","coordinates":[409534.1,5655769.9]}},{"type":"Feature","properties":{"h":6.0,"d":3.5,"a":5,"l":"d","t":8},"geometry":{"type":"Point","coordinates":[409534.2,5655736.5]}},{"type":"Feature","properties":{"h":11.0,"d":6.4,"a":0,"l":"d"},"geometry":{"type":"Point","coordinates":[409535.7,5655771.5]}},{"type":"Feature","properties":{"h":6.0,"d":3.0,"a":5,"l":"d","t":6},"geometry":{"type":"Point","coordinates":[409535.9,5655726.9]}},{"type":"Feature","properties":{"h":6.0,"d":3.0,"a":5,"l":"d","t":6},"geometry":{"type":"Point","coordinates":[409536.8,5655732.9]}},{"type":"Feature","properties":{"h":8.0,"d":6.5,"a":0,"l":"d","gn":6,"t":18},"geometry":{"type":"Point","coordinates":[409537.9,5655773.7]}},{"type":"Feature","properties":{"h":6.0,"d":3.0,"a":5,"l":"d","t":8},"geometry":{"type":"Point","coordinates":[409538.1,5655739.1]}},{"type":"Feature","properties":{"h":13.0,"d":8.0,"a":1,"l":"d","gn":3,"t":25},"geometry":{"type":"Point","coordinates":[409539.2,5654142.3]}},{"type":"Feature","properties":{"h":4.0,"d":2.0,"a":5,"l":"d","t":6},"geometry":{"type":"Point","coordinates":[409539.6,5655729.5]}},{"type":"Feature","properties":{"h":6.0,"d":3.0,"a":5,"l":"d","t":7},"geometry":{"type":"Point","coordinates":[409540.5,5655735.6]}},{"type":"Feature","properties":{"h":4.0,"d":5.0,"a":5,"l":"d","gn":27},"geometry":{"type":"Point","coordinates":[409541.8,5655761.8]}},{"type":"Feature","properties":{"h":8.0,"d":5.0,"a":5,"l":"d","gn":8,"t":16},"geometry":{"type":"Point","coordinates":[409542.2,5655776.3]}},{"type":"Feature","properties":{"h":6.0,"d":2.5,"a":5,"l":"d","t":6},"geometry":{"type":"Point","coordinates":[409543.0,5655731.9]}},{"type":"Feature","properties":{"h":10.0,"d":8.0,"a":0,"l":"d","gn":1,"t":28},"geometry":{"type":"Point","coordinates":[409544.1,5655941.9]}},{"type":"Feature","properties":{"h":6.0,"d":3.5,"a":5,"l":"d","t":7},"geometry":{"type":"Point","coordinates":[409544.3,5655738.0]}},{"type":"Feature","properties":{"h":9.0,"d":6.0,"a":5,"l":"d","gn":8,"t":26},"geometry":{"type":"Point","coordinates":[409545.9,5655781.3]}},{"type":"Feature","properties":{"h":6.0,"d":3.0,"a":5,"l":"d","t":6},"geometry":{"type":"Point","coordinates":[409546.7,5655734.4]}},{"type":"Feature","properties":{"h":6.0,"d":3.0,"a":5,"l":"d","t":7},"geometry":{"type":"Point","coordinates":[409548.0,5655740.9]}},{"type":"Feature","properties":{"h":6.0,"d":4.0,"a":5,"l":"d","gn":8},"geometry":{"type":"Point","coordinates":[409549.5,5655784.0]}},{"type":"Feature","properties":{"h":7.0,"d":7.0,"a":0,"l":"d","gn":7,"t":22},"geometry":{"type":"Point","coordinates":[409549.7,5655770.4]}},{"type":"Feature","properties":{"h":6.0,"d":2.5,"a":5,"l":"d","t":6},"geometry":{"type":"Point","coordinates":[409550.2,5655737.0]}},{"type":"Feature","properties":{"h":12.0,"d":10.0,"a":0,"l":"d","gn":1,"t":43},"geometry":{"type":"Point","coordinates":[409551.3,5654564.5]}},{"type":"Feature","properties":{"h":6.0,"d":3.0,"a":5,"l":"d","t":2},"geometry":{"type":"Point","coordinates":[409551.4,5655743.4]}},{"type":"Feature","properties":{"h":10.0,"d":8.0,"a":0,"l":"d","gn":1,"t":27},"geometry":{"type":"Point","coordinates":[409551.9,5655950.7]}},{"type":"Feature","properties":{"h":14.0,"d":6.0,"a":1,"l":"d","gn":19,"t":36},"geometry":{"type":"Point","coordinates":[409553.5,5655787.0]}},{"type":"Feature","properties":{"h":6.0,"d":2.5,"a":5,"l":"d","t":6},"geometry":{"type":"Point","coordinates":[409553.9,5655739.5]}},{"type":"Feature","properties":{"h":6.0,"d":3.0,"a":5,"l":"d","t":8},"geometry":{"type":"Point","coordinates":[409555.3,5655745.7]}},{"type":"Feature","properties":{"h":6.0,"d":5.0,"a":0,"l":"d","gn":1,"t":21},"geometry":{"type":"Point","coordinates":[409555.4,5655776.6]}},{"type":"Feature","properties":{"h":11.0,"d":8.0,"a":1,"l":"d","gn":3,"t":22},"geometry":{"type":"Point","coordinates":[409555.9,5654164.7]}},{"type":"Feature","properties":{"h":4.0,"d":3.0,"a":5,"l":"d","c":1,"gn":8,"t":16},"geometry":{"type":"Point","coordinates":[409556.5,5655789.4]}},{"type":"Feature","properties":{"h":10.0,"d":8.0,"a":0,"l":"d","gn":1,"t":24},"geometry":{"type":"Point","coordinates":[409557.5,5655957.0]}},{"type":"Feature","properties":{"h":6.0,"d":2.5,"a":5,"l":"d","t":7},"geometry":{"type":"Point","coordinates":[409557.7,5655742.3]}},{"type":"Feature","properties":{"h":19.0,"d":11.0,"a":0,"l":"d","gn":1,"t":48},"geometry":{"type":"Point","coordinates":[409558.0,5654576.8]}},{"type":"Feature","properties":{"h":6.0,"d":3.0,"a":5,"l":"d","t":7},"geometry":{"type":"Point","coordinates":[409558.9,5655748.5]}},{"type":"Feature","properties":{"h":10.0,"d":6.0,"a":0,"l":"d","gn":1,"t":29},"geometry":{"type":"Point","coordinates":[409559.7,5655791.9]}},{"type":"Feature","properties":{"h":11.0,"d":8.0,"a":1,"l":"d","gn":3,"t":27},"geometry":{"type":"Point","coordinates":[409559.9,5654170.4]}},{"type":"Feature","properties":{"h":4.0,"d":2.5,"a":5,"l":"d","t":6},"geometry":{"type":"Point","coordinates":[409561.4,5655744.9]}},{"type":"Feature","properties":{"h":6.0,"d":2.0,"a":5,"l":"d","t":6},"geometry":{"type":"Point","coordinates":[409564.9,5655747.4]}},{"type":"Feature","properties":{"h":16.0,"d":14.0,"a":0,"l":"d","gn":1,"t":53},"geometry":{"type":"Point","coordinates":[409565.1,5654589.5]}},{"type":"Feature","properties":{"h":6.0,"d":2.0,"a":5,"l":"d","t":7},"geometry":{"type":"Point","coordinates":[409569.0,5655750.1]}},{"type":"Feature","properties":{"h":6.0,"d":2.5,"a":5,"l":"d","t":7},"geometry":{"type":"Point","coordinates":[409572.5,5655752.7]}},{"type":"Feature","properties":{"h":8.0,"d":6.0,"a":0,"l":"d","gn":7,"t":23,"f":1},"geometry":{"type":"Point","coordinates":[409574.2,5655810.8]}},{"type":"Feature","properties":{"h":6.0,"d":2.5,"a":5,"l":"d","t":7},"geometry":{"type":"Point","coordinates":[409576.1,5655755.3]}},{"type":"Feature","properties":{"h":14.0,"d":11.0,"a":0,"l":"d","gn":1,"t":41},"geometry":{"type":"Point","coordinates":[409579.2,5654639.8]}},{"type":"Feature","properties":{"h":6.0,"d":2.5,"a":5,"l":"d","t":7},"geometry":{"type":"Point","coordinates":[409579.8,5655757.8]}},{"type":"Feature","properties":{"h":16.0,"d":18.0,"a":0,"l":"d","gn":1,"t":57},"geometry":{"type":"Point","coordinates":[409580.2,5654616.7]}},{"type":"Feature","properties":{"h":11.0,"d":6.4,"a":0,"l":"d","s":"osm","f":1},"geometry":{"type":"Point","coordinates":[409581.6,5655806.5]}},{"type":"Feature","properties":{"h":16.0,"d":16.0,"a":0,"l":"d","gn":1,"t":48},"geometry":{"type":"Point","coordinates":[409587.3,5654630.3]}},{"type":"Feature","properties":{"h":4.0,"d":2.0,"a":0,"l":"d","gn":3,"t":7,"f":1},"geometry":{"type":"Point","coordinates":[409588.8,5655810.4]}},{"type":"Feature","properties":{"h":10.0,"d":6.0,"a":0,"l":"d","gn":1,"t":21,"f":1},"geometry":{"type":"Point","coordinates":[409596.7,5655836.6]}},{"type":"Feature","properties":{"h":6.0,"d":4.0,"a":0,"l":"d","gn":6,"t":12,"f":1},"geometry":{"type":"Point","coordinates":[409599.2,5655821.8]}},{"type":"Feature","properties":{"h":9.0,"d":9.0,"a":0,"l":"d","gn":1,"t":26,"f":1},"geometry":{"type":"Point","coordinates":[409599.4,5655840.2]}},{"type":"Feature","properties":{"h":13.0,"d":8.0,"a":0,"l":"d","gn":15,"t":29,"f":1},"geometry":{"type":"Point","coordinates":[409603.9,5655825.8]}},{"type":"Feature","properties":{"h":10.0,"d":7.0,"a":5,"l":"d","gn":21,"t":29,"f":1},"geometry":{"type":"Point","coordinates":[409610.4,5655829.7]}},{"type":"Feature","properties":{"h":13.0,"d":9.0,"a":1,"l":"d","gn":3,"t":26},"geometry":{"type":"Point","coordinates":[409617.5,5654248.0]}},{"type":"Feature","properties":{"h":11.0,"d":9.0,"a":1,"l":"d","gn":3,"t":25},"geometry":{"type":"Point","coordinates":[409622.5,5654254.7]}},{"type":"Feature","properties":{"h":11.0,"d":9.0,"a":0,"l":"d","gn":6,"t":20},"geometry":{"type":"Point","coordinates":[409624.1,5654230.7]}},{"type":"Feature","properties":{"h":11.0,"d":6.4,"a":0,"l":"d","gn":6,"f":1},"geometry":{"type":"Point","coordinates":[409624.6,5655844.3]}},{"type":"Feature","properties":{"h":10.0,"d":9.0,"a":0,"l":"d","gn":1,"t":32},"geometry":{"type":"Point","coordinates":[409625.1,5654709.2]}},{"type":"Feature","properties":{"h":14.0,"d":7.0,"a":0,"l":"d","gn":6,"t":25},"geometry":{"type":"Point","coordinates":[409625.2,5654236.7]}},{"type":"Feature","properties":{"h":12.0,"d":6.0,"a":0,"l":"d","gn":6,"t":21},"geometry":{"type":"Point","coordinates":[409626.5,5654225.1]}},{"type":"Feature","properties":{"h":17.0,"d":16.0,"a":1,"l":"d","gn":3,"t":47},"geometry":{"type":"Point","coordinates":[409628.0,5654262.0]}},{"type":"Feature","properties":{"h":13.0,"d":9.0,"a":0,"l":"d","gn":6,"t":29},"geometry":{"type":"Point","coordinates":[409628.2,5654242.6]}},{"type":"Feature","properties":{"h":12.0,"d":6.0,"a":0,"l":"d","gn":6,"t":21},"geometry":{"type":"Point","coordinates":[409631.8,5654221.0]}},{"type":"Feature","properties":{"h":13.0,"d":8.0,"a":5,"l":"d","gn":21,"t":80},"geometry":{"type":"Point","coordinates":[409632.3,5654244.5]}},{"type":"Feature","properties":{"h":5.0,"d":7.0,"a":5,"l":"d"},"geometry":{"type":"Point","coordinates":[409635.1,5654248.2]}},{"type":"Feature","properties":{"h":7.0,"d":7.0,"a":5,"l":"d","gn":8,"t":29},"geometry":{"type":"Point","coordinates":[409636.5,5654220.7]}},{"type":"Feature","properties":{"h":15.0,"d":8.0,"a":1,"l":"d","gn":19,"t":47,"f":1},"geometry":{"type":"Point","coordinates":[409637.8,5655872.6]}},{"type":"Feature","properties":{"h":13.0,"d":9.0,"a":1,"l":"d","gn":3,"t":21},"geometry":{"type":"Point","coordinates":[409637.8,5654275.3]}},{"type":"Feature","properties":{"h":4.0,"d":2.0,"a":0,"l":"d","gn":3,"t":9},"geometry":{"type":"Point","coordinates":[409638.0,5654231.2]}},{"type":"Feature","properties":{"h":6.0,"d":4.0,"a":5,"l":"d","gn":8,"f":1},"geometry":{"type":"Point","coordinates":[409638.6,5655854.6]}},{"type":"Feature","properties":{"h":11.0,"d":11.0,"a":1,"l":"d","gn":16,"t":30},"geometry":{"type":"Point","coordinates":[409639.7,5654259.1]}},{"type":"Feature","properties":{"h":5.0,"d":3.0,"a":0,"l":"d","gn":1,"t":12},"geometry":{"type":"Point","coordinates":[409640.7,5654224.2]}},{"type":"Feature","properties":{"h":15.0,"d":6.0,"a":1,"l":"d","gn":16,"t":27},"geometry":{"type":"Point","coordinates":[409640.7,5654257.1]}},{"type":"Feature","properties":{"h":14.0,"d":6.0,"a":1,"l":"d","gn":16,"t":24},"geometry":{"type":"Point","coordinates":[409641.6,5654264.7]}},{"type":"Feature","properties":{"h":16.0,"d":16.0,"a":0,"l":"d","gn":3,"t":43},"geometry":{"type":"Point","coordinates":[409642.8,5654281.8]}},{"type":"Feature","properties":{"h":14.0,"d":5.0,"a":1,"l":"d","gn":16,"t":20},"geometry":{"type":"Point","coordinates":[409643.7,5654256.1]}},{"type":"Feature","properties":{"h":6.0,"d":2.0,"a":1,"l":"d","gn":16,"t":22},"geometry":{"type":"Point","coordinates":[409644.1,5654263.8]}},{"type":"Feature","properties":{"h":12.0,"d":2.0,"a":1,"l":"d","gn":16,"t":12},"geometry":{"type":"Point","coordinates":[409646.2,5654254.5]}},{"type":"Feature","properties":{"h":19.0,"d":9.0,"a":1,"l":"d","gn":16,"t":43},"geometry":{"type":"Point","coordinates":[409646.5,5654252.2]}},{"type":"Feature","properties":{"h":16.0,"d":5.0,"a":1,"l":"d","gn":16,"t":23},"geometry":{"type":"Point","coordinates":[409646.9,5654262.6]}},{"type":"Feature","properties":{"h":14.0,"d":5.0,"a":1,"l":"d","gn":29,"t":21},"geometry":{"type":"Point","coordinates":[409647.2,5654265.6]}},{"type":"Feature","properties":{"h":10.0,"d":2.0,"a":1,"l":"d","gn":16,"t":12},"geometry":{"type":"Point","coordinates":[409647.8,5654260.5]}},{"type":"Feature","properties":{"h":16.0,"d":14.0,"a":0,"l":"d","gn":3,"t":52},"geometry":{"type":"Point","coordinates":[409648.7,5654289.9]}},{"type":"Feature","properties":{"h":14.0,"d":3.0,"a":1,"l":"d","gn":16,"t":19},"geometry":{"type":"Point","coordinates":[409649.3,5654258.3]}},{"type":"Feature","properties":{"h":3.0,"d":1.0,"a":3,"l":"e","t":4},"geometry":{"type":"Point","coordinates":[409650.6,5654247.0]}},{"type":"Feature","properties":{"h":15.0,"d":4.0,"a":1,"l":"d","gn":16,"t":19},"geometry":{"type":"Point","coordinates":[409651.6,5654258.9]}},{"type":"Feature","properties":{"h":9.0,"d":4.0,"a":3,"l":"e","t":60},"geometry":{"type":"Point","coordinates":[409651.6,5654268.8]}},{"type":"Feature","properties":{"h":10.0,"d":6.0,"a":5,"l":"d","gn":21,"t":22,"f":1},"geometry":{"type":"Point","coordinates":[409653.0,5655867.1]}},{"type":"Feature","properties":{"h":16.0,"d":5.0,"a":1,"l":"d","gn":16,"t":30},"geometry":{"type":"Point","coordinates":[409653.8,5654256.5]}},{"type":"Feature","properties":{"h":12.0,"d":16.0,"a":0,"l":"d","gn":10,"t":88},"geometry":{"type":"Point","coordinates":[409655.1,5654736.9]}},{"type":"Feature","properties":{"h":12.0,"d":8.0,"a":1,"l":"d","gn":3,"t":22},"geometry":{"type":"Point","coordinates":[409656.6,5654300.8]}},{"type":"Feature","properties":{"h":5.0,"d":5.0,"a":5,"l":"d","gn":8,"t":24},"geometry":{"type":"Point","coordinates":[409656.6,5654206.0]}},{"type":"Feature","properties":{"h":1.9,"d":1.2,"a":3,"l":"e","t":3},"geometry":{"type":"Point","coordinates":[409658.2,5654256.2]}},{"type":"Feature","properties":{"h":3.0,"d":1.5,"a":3,"l":"e","t":5},"geometry":{"type":"Point","coordinates":[409658.5,5654264.4]}},{"type":"Feature","properties":{"h":12.0,"d":7.0,"a":0,"l":"d","gn":1,"t":20,"f":1},"geometry":{"type":"Point","coordinates":[409659.7,5655872.3]}},{"type":"Feature","properties":{"h":6.0,"d":7.0,"a":5,"l":"d","gn":8,"t":31},"geometry":{"type":"Point","coordinates":[409660.1,5654203.5]}},{"type":"Feature","properties":{"h":7.0,"d":6.0,"a":1,"l":"d","gn":11,"t":16},"geometry":{"type":"Point","coordinates":[409661.0,5654277.5]}},{"type":"Feature","properties":{"h":13.0,"d":16.0,"a":0,"l":"d","gn":10,"t":73},"geometry":{"type":"Point","coordinates":[409662.1,5654743.4]}},{"type":"Feature","properties":{"h":14.0,"d":4.0,"a":3,"l":"e","t":26},"geometry":{"type":"Point","coordinates":[409662.3,5654226.0]}},{"type":"Feature","properties":{"h":15.0,"d":11.0,"a":1,"l":"d","gn":3,"t":25},"geometry":{"type":"Point","coordinates":[409662.3,5654308.5]}},{"type":"Feature","properties":{"h":9.0,"d":8.0,"a":0,"l":"d","gn":4,"t":17},"geometry":{"type":"Point","coordinates":[409662.4,5654282.6]}},{"type":"Feature","properties":{"h":5.0,"d":6.0,"a":3,"l":"e","t":35},"geometry":{"type":"Point","coordinates":[409663.1,5654266.0]}},{"type":"Feature","properties":{"h":7.0,"d":9.0,"a":3,"l":"e","t":20},"geometry":{"type":"Point","coordinates":[409666.4,5654240.0]}},{"type":"Feature","properties":{"h":5.0,"d":2.0,"a":0,"l":"d","gn":3,"t":12},"geometry":{"type":"Point","coordinates":[409666.6,5654215.8]}},{"type":"Feature","properties":{"h":9.0,"d":7.0,"a":1,"l":"d","gn":11,"t":19},"geometry":{"type":"Point","coordinates":[409667.7,5654273.0]}},{"type":"Feature","properties":{"h":13.0,"d":7.0,"a":0,"l":"d","gn":3,"t":26},"geometry":{"type":"Point","coordinates":[409667.9,5654279.9]}},{"type":"Feature","properties":{"h":13.0,"d":9.0,"a":1,"l":"d","gn":3,"t":27},"geometry":{"type":"Point","coordinates":[409668.2,5654316.4]}},{"type":"Feature","properties":{"h":10.0,"d":9.0,"a":0,"l":"d","gn":1,"t":30},"geometry":{"type":"Point","coordinates":[409668.4,5654749.2]}},{"type":"Feature","properties":{"h":18.0,"d":10.0,"a":1,"l":"d","gn":19,"t":58,"f":1},"geometry":{"type":"Point","coordinates":[409669.2,5655881.2]}},{"type":"Feature","properties":{"h":13.0,"d":10.0,"a":3,"l":"e","t":60},"geometry":{"type":"Point","coordinates":[409670.3,5654190.9]}},{"type":"Feature","properties":{"h":11.0,"d":10.0,"a":3,"l":"e","t":40},"geometry":{"type":"Point","coordinates":[409670.7,5654238.1]}},{"type":"Feature","properties":{"h":7.0,"d":3.0,"a":2,"l":"d","gn":11,"t":15},"geometry":{"type":"Point","coordinates":[409671.2,5654195.6]}},{"type":"Feature","properties":{"h":16.0,"d":9.0,"a":3,"l":"e","t":43},"geometry":{"type":"Point","coordinates":[409671.4,5654235.2]}},{"type":"Feature","properties":{"h":7.0,"d":10.0,"a":5,"l":"d","gn":8,"t":48},"geometry":{"type":"Point","coordinates":[409672.0,5654210.7]}},{"type":"Feature","properties":{"h":6.0,"d":8.0,"a":3,"l":"e","t":20},"geometry":{"type":"Point","coordinates":[409672.5,5654242.3]}},{"type":"Feature","properties":{"h":8.0,"d":3.0,"a":2,"l":"d","gn":11,"t":16},"geometry":{"type":"Point","coordinates":[409673.1,5654197.8]}},{"type":"Feature","properties":{"h":9.0,"d":1.0,"a":2,"l":"d","gn":11,"t":17},"geometry":{"type":"Point","coordinates":[409674.8,5654200.4]}},{"type":"Feature","properties":{"h":11.0,"d":11.0,"a":0,"l":"d","gn":7,"t":49},"geometry":{"type":"Point","coordinates":[409675.1,5654755.3]}},{"type":"Feature","properties":{"h":9.0,"d":6.0,"a":0,"l":"d","gn":6,"t":14,"f":1},"geometry":{"type":"Point","coordinates":[409675.3,5655886.0]}},{"type":"Feature","properties":{"h":8.0,"d":3.0,"a":2,"l":"d","gn":11,"t":16},"geometry":{"type":"Point","coordinates":[409676.9,5654203.3]}},{"type":"Feature","properties":{"h":9.0,"d":9.0,"a":3,"l":"e","t":46},"geometry":{"type":"Point","coordinates":[409677.6,5654251.8]}},{"type":"Feature","properties":{"h":9.0,"d":5.0,"a":2,"l":"d","gn":11,"t":18},"geometry":{"type":"Point","coordinates":[409678.5,5654205.8]}},{"type":"Feature","properties":{"h":6.0,"d":5.0,"a":1,"l":"d","gn":28,"t":12},"geometry":{"type":"Point","coordinates":[409679.2,5654009.2]}},{"type":"Feature","properties":{"h":13.0,"d":12.0,"a":0,"l":"d","gn":1,"t":41},"geometry":{"type":"Point","coordinates":[409680.2,5654259.1]}},{"type":"Feature","properties":{"h":16.0,"d":11.0,"a":1,"l":"d","gn":3,"t":25},"geometry":{"type":"Point","coordinates":[409680.8,5654333.3]}},{"type":"Feature","properties":{"h":9.0,"d":5.0,"a":2,"l":"d","gn":11,"t":16},"geometry":{"type":"Point","coordinates":[409680.8,5654208.7]}},{"type":"Feature","properties":{"h":6.0,"d":3.0,"a":1,"l":"d","gn":28,"t":10},"geometry":{"type":"Point","coordinates":[409682.8,5654014.1]}},{"type":"Feature","properties":{"h":8.0,"d":5.0,"a":2,"l":"d","gn":11,"t":16},"geometry":{"type":"Point","coordinates":[409683.3,5654211.8]}},{"type":"Feature","properties":{"h":6.0,"d":7.0,"a":5,"l":"d","gn":8,"t":40},"geometry":{"type":"Point","coordinates":[409683.9,5654225.9]}},{"type":"Feature","properties":{"h":18.0,"d":14.0,"a":0,"l":"d","gn":1,"t":48},"geometry":{"type":"Point","coordinates":[409685.1,5654749.1]}},{"type":"Feature","properties":{"h":8.0,"d":8.0,"a":5,"l":"d","gn":21,"t":67,"f":1},"geometry":{"type":"Point","coordinates":[409685.9,5655894.9]}},{"type":"Feature","properties":{"h":9.0,"d":7.0,"a":3,"l":"e"},"geometry":{"type":"Point","coordinates":[409686.2,5654252.8]}},{"type":"Feature","properties":{"h":10.0,"d":5.0,"a":0,"l":"e","t":18},"geometry":{"type":"Point","coordinates":[409686.2,5654255.6]}},{"type":"Feature","properties":{"h":5.0,"d":4.0,"a":1,"l":"d","gn":28,"t":9},"geometry":{"type":"Point","coordinates":[409686.7,5654004.1]}},{"type":"Feature","properties":{"h":11.0,"d":10.0,"a":1,"l":"d","gn":3,"t":25},"geometry":{"type":"Point","coordinates":[409687.0,5654341.7]}},{"type":"Feature","properties":{"h":12.0,"d":8.0,"a":0,"l":"d","c":2,"gn":1,"t":28},"geometry":{"type":"Point","coordinates":[409687.7,5654231.2]}},{"type":"Feature","properties":{"h":7.0,"d":6.0,"a":5,"l":"d","c":1,"gn":8,"f":1},"geometry":{"type":"Point","coordinates":[409689.6,5655921.9]}},{"type":"Feature","properties":{"h":7.0,"d":6.0,"a":1,"l":"d","gn":28,"t":15},"geometry":{"type":"Point","coordinates":[409689.8,5654023.8]}},{"type":"Feature","properties":{"h":5.0,"d":3.0,"a":5,"l":"d","gn":24,"t":13,"f":1},"geometry":{"type":"Point","coordinates":[409692.3,5655899.2]}},{"type":"Feature","properties":{"h":7.0,"d":6.0,"a":1,"l":"d","gn":28,"t":17},"geometry":{"type":"Point","coordinates":[409693.5,5654028.6]}},{"type":"Feature","properties":{"h":11.0,"d":9.0,"a":5,"l":"d","gn":28,"t":38},"geometry":{"type":"Point","coordinates":[409693.6,5654013.5]}},{"type":"Feature","properties":{"h":5.0,"d":3.0,"a":0,"l":"d","gn":1,"t":7,"f":1},"geometry":{"type":"Point","coordinates":[409695.1,5655926.9]}},{"type":"Feature","properties":{"h":13.0,"d":9.0,"a":0,"l":"d","gn":1,"t":37},"geometry":{"type":"Point","coordinates":[409697.7,5654245.3]}},{"type":"Feature","properties":{"h":8.0,"d":5.3,"a":5,"l":"d","gn":24,"f":1},"geometry":{"type":"Point","coordinates":[409698.0,5655905.0]}},{"type":"Feature","properties":{"h":19.0,"d":14.0,"a":1,"l":"d","gn":16,"t":57},"geometry":{"type":"Point","coordinates":[409700.1,5654271.1]}},{"type":"Feature","properties":{"h":15.0,"d":7.0,"a":1,"l":"d","gn":16,"t":19},"geometry":{"type":"Point","coordinates":[409700.5,5654038.2]}},{"type":"Feature","properties":{"h":10.0,"d":8.0,"a":1,"l":"d","gn":28,"t":16},"geometry":{"type":"Point","coordinates":[409701.0,5654023.1]}},{"type":"Feature","properties":{"h":16.0,"d":11.0,"a":1,"l":"d","gn":3,"t":29},"geometry":{"type":"Point","coordinates":[409701.0,5654360.5]}},{"type":"Feature","properties":{"h":6.0,"d":2.5,"a":0,"l":"d","gn":3,"t":7,"f":1},"geometry":{"type":"Point","coordinates":[409701.4,5655932.0]}},{"type":"Feature","properties":{"h":11.0,"d":6.1,"a":3,"l":"e","s":"osm"},"geometry":{"type":"Point","coordinates":[409702.1,5654967.8]}},{"type":"Feature","properties":{"h":18.0,"d":10.0,"a":0,"l":"d","gn":1,"t":94},"geometry":{"type":"Point","coordinates":[409702.6,5654268.3]}},{"type":"Feature","properties":{"h":4.0,"d":1.0,"a":1,"l":"d","gn":30,"t":4},"geometry":{"type":"Point","coordinates":[409704.1,5654042.9]}},{"type":"Feature","properties":{"h":11.0,"d":6.4,"a":0,"l":"d","f":1},"geometry":{"type":"Point","coordinates":[409704.3,5655911.5]}},{"type":"Feature","properties":{"h":8.0,"d":7.0,"a":1,"l":"d","gn":28,"t":15},"geometry":{"type":"Point","coordinates":[409704.5,5654027.8]}},{"type":"Feature","properties":{"h":7.0,"d":7.0,"a":5,"l":"d","gn":8,"t":41},"geometry":{"type":"Point","coordinates":[409705.5,5654255.4]}},{"type":"Feature","properties":{"h":3.0,"d":2.0,"a":1,"l":"d","gn":28,"t":8},"geometry":{"type":"Point","coordinates":[409710.5,5654051.9]}},{"type":"Feature","properties":{"h":10.0,"d":6.0,"a":0,"l":"d","gn":1,"t":75},"geometry":{"type":"Point","coordinates":[409710.7,5654263.2]}},{"type":"Feature","properties":{"h":6.0,"d":4.0,"a":5,"l":"d","gn":8,"t":21},"geometry":{"type":"Point","coordinates":[409713.8,5654268.1]}},{"type":"Feature","properties":{"h":5.0,"d":1.0,"a":1,"l":"d","gn":30,"t":4},"geometry":{"type":"Point","coordinates":[409715.3,5654042.5]}},{"type":"Feature","properties":{"h":3.0,"d":3.0,"a":0,"l":"d","gn":1,"t":7,"f":1},"geometry":{"type":"Point","coordinates":[409715.7,5655945.3]}},{"type":"Feature","properties":{"h":17.0,"d":11.0,"a":0,"l":"d","gn":1,"t":59},"geometry":{"type":"Point","coordinates":[409717.1,5655964.8]}},{"type":"Feature","properties":{"h":5.0,"d":1.0,"a":1,"l":"d","gn":28,"t":16},"geometry":{"type":"Point","coordinates":[409718.3,5654046.2]}},{"type":"Feature","properties":{"h":17.0,"d":12.0,"a":0,"l":"d","gn":1,"t":38},"geometry":{"type":"Point","coordinates":[409721.5,5654782.3]}},{"type":"Feature","properties":{"h":6.0,"d":4.0,"a":1,"l":"d","gn":28,"t":14},"geometry":{"type":"Point","coordinates":[409722.9,5654068.5]}},{"type":"Feature","properties":{"h":8.0,"d":6.0,"a":5,"l":"d","gn":28,"t":39},"geometry":{"type":"Point","coordinates":[409723.2,5654052.6]}},{"type":"Feature","properties":{"h":10.0,"d":5.0,"a":0,"l":"d","gn":33,"t":39},"geometry":{"type":"Point","coordinates":[409724.0,5654257.2]}},{"type":"Feature","properties":{"h":6.0,"d":4.0,"a":5,"l":"d","gn":8,"t":14,"f":1},"geometry":{"type":"Point","coordinates":[409725.0,5655928.3]}},{"type":"Feature","properties":{"h":6.0,"d":2.0,"a":1,"l":"d","gn":28,"t":12},"geometry":{"type":"Point","coordinates":[409727.7,5654075.1]}},{"type":"Feature","properties":{"h":16.0,"d":8.0,"a":0,"l":"d","gn":6,"t":34},"geometry":{"type":"Point","coordinates":[409728.2,5654418.8]}},{"type":"Feature","properties":{"h":9.0,"d":5.2,"a":0,"l":"d","gn":7,"f":1},"geometry":{"type":"Point","coordinates":[409728.8,5655943.7]}},{"type":"Feature","properties":{"h":18.0,"d":12.0,"a":0,"l":"d","gn":1,"t":41},"geometry":{"type":"Point","coordinates":[409729.0,5654419.7]}},{"type":"Feature","properties":{"h":6.0,"d":6.0,"a":5,"l":"d","gn":8,"t":13},"geometry":{"type":"Point","coordinates":[409729.1,5655955.3]}},{"type":"Feature","properties":{"h":5.0,"d":3.0,"a":5,"l":"d","gn":24,"t":11,"f":1},"geometry":{"type":"Point","coordinates":[409729.6,5655933.1]}},{"type":"Feature","properties":{"h":15.0,"d":9.0,"a":0,"l":"d","gn":6,"t":36},"geometry":{"type":"Point","coordinates":[409729.7,5654420.6]}},{"type":"Feature","properties":{"h":11.0,"d":9.0,"a":5,"l":"d","gn":28,"t":61},"geometry":{"type":"Point","coordinates":[409730.4,5654062.8]}},{"type":"Feature","properties":{"h":5.0,"d":1.0,"a":1,"l":"d","gn":28,"t":13},"geometry":{"type":"Point","coordinates":[409731.7,5654080.3]}},{"type":"Feature","properties":{"h":16.0,"d":14.0,"a":0,"l":"d","gn":6,"t":40},"geometry":{"type":"Point","coordinates":[409733.7,5654425.3]}},{"type":"Feature","properties":{"h":11.0,"d":6.4,"a":0,"l":"d","gn":1,"f":1},"geometry":{"type":"Point","coordinates":[409734.8,5655938.2]}},{"type":"Feature","properties":{"h":15.0,"d":14.0,"a":0,"l":"d","gn":6,"t":70},"geometry":{"type":"Point","coordinates":[409735.8,5654281.1]}},{"type":"Feature","properties":{"h":3.0,"d":1.0,"a":1,"l":"d","gn":30,"t":5},"geometry":{"type":"Point","coordinates":[409737.1,5654087.3]}},{"type":"Feature","properties":{"h":6.0,"d":6.0,"a":1,"l":"d","gn":28,"t":10},"geometry":{"type":"Point","coordinates":[409738.7,5654074.2]}},{"type":"Feature","properties":{"h":15.0,"d":10.0,"a":1,"l":"d","gn":3,"t":25},"geometry":{"type":"Point","coordinates":[409739.8,5654413.0]}},{"type":"Feature","properties":{"h":8.0,"d":5.3,"a":5,"l":"d","gn":24,"f":1},"geometry":{"type":"Point","coordinates":[409740.3,5655942.2]}},{"type":"Feature","properties":{"h":7.0,"d":7.0,"a":1,"l":"d","gn":28,"t":16},"geometry":{"type":"Point","coordinates":[409740.8,5654092.6]}},{"type":"Feature","properties":{"h":14.0,"d":10.0,"a":1,"l":"d","gn":3,"t":24},"geometry":{"type":"Point","coordinates":[409743.3,5654433.7]}},{"type":"Feature","properties":{"h":4.0,"d":2.0,"a":1,"l":"d","gn":30,"t":5},"geometry":{"type":"Point","coordinates":[409744.4,5654097.3]}},{"type":"Feature","properties":{"h":6.0,"d":3.0,"a":5,"l":"d","gn":24,"t":13,"f":1},"geometry":{"type":"Point","coordinates":[409745.6,5655948.2]}},{"type":"Feature","properties":{"h":13.0,"d":8.0,"a":1,"l":"d","gn":3,"t":25},"geometry":{"type":"Point","coordinates":[409746.4,5654421.0]}},{"type":"Feature","properties":{"h":9.0,"d":10.0,"a":0,"l":"d","gn":1,"t":35},"geometry":{"type":"Point","coordinates":[409747.5,5654806.5]}},{"type":"Feature","properties":{"h":10.0,"d":5.8,"a":0,"l":"d","gn":15},"geometry":{"type":"Point","coordinates":[409749.1,5655970.4]}},{"type":"Feature","properties":{"h":10.0,"d":7.0,"a":5,"l":"d","gn":28,"t":55},"geometry":{"type":"Point","coordinates":[409751.7,5654091.9]}},{"type":"Feature","properties":{"h":16.0,"d":6.0,"a":1,"l":"d","gn":19,"t":40,"f":1},"geometry":{"type":"Point","coordinates":[409755.1,5655958.4]}},{"type":"Feature","properties":{"h":7.0,"d":6.0,"a":1,"l":"d","gn":28,"t":17},"geometry":{"type":"Point","coordinates":[409756.0,5654097.5]}},{"type":"Feature","properties":{"h":7.0,"d":6.0,"a":0,"l":"d","gn":1,"t":30},"geometry":{"type":"Point","coordinates":[409756.8,5654815.0]}},{"type":"Feature","properties":{"h":13.0,"d":8.0,"a":1,"l":"d","gn":3,"t":22},"geometry":{"type":"Point","coordinates":[409757.0,5654452.0]}},{"type":"Feature","properties":{"h":14.0,"d":10.0,"a":1,"l":"d","gn":3,"t":24},"geometry":{"type":"Point","coordinates":[409757.0,5654436.3]}},{"type":"Feature","properties":{"h":12.0,"d":6.0,"a":0,"l":"d","gn":15,"t":21},"geometry":{"type":"Point","coordinates":[409759.4,5655979.3]}},{"type":"Feature","properties":{"h":12.0,"d":3.0,"a":1,"l":"d","gn":19,"t":18,"f":1},"geometry":{"type":"Point","coordinates":[409760.4,5655962.9]}},{"type":"Feature","properties":{"h":11.0,"d":6.0,"a":1,"l":"d","gn":3,"t":16},"geometry":{"type":"Point","coordinates":[409762.4,5654459.5]}},{"type":"Feature","properties":{"h":7.0,"d":7.0,"a":1,"l":"d","gn":28,"t":18},"geometry":{"type":"Point","coordinates":[409763.9,5654123.7]}},{"type":"Feature","properties":{"h":9.0,"d":8.0,"a":5,"l":"d","gn":28,"t":37},"geometry":{"type":"Point","coordinates":[409765.5,5654126.0]}},{"type":"Feature","properties":{"h":9.0,"d":7.0,"a":1,"l":"d","gn":28,"t":16},"geometry":{"type":"Point","coordinates":[409767.4,5654128.4]}},{"type":"Feature","properties":{"h":11.0,"d":8.0,"a":1,"l":"d","gn":3,"t":22},"geometry":{"type":"Point","coordinates":[409768.0,5654466.7]}},{"type":"Feature","properties":{"h":6.0,"d":3.5,"a":5,"l":"d","gn":24,"t":14,"f":1},"geometry":{"type":"Point","coordinates":[409769.5,5655966.7]}},{"type":"Feature","properties":{"h":4.0,"d":4.0,"a":5,"l":"d","gn":27},"geometry":{"type":"Point","coordinates":[409769.5,5655987.7]}},{"type":"Feature","properties":{"h":12.0,"d":6.0,"a":0,"l":"d","gn":15,"t":27},"geometry":{"type":"Point","coordinates":[409772.2,5655726.1]}},{"type":"Feature","properties":{"h":10.0,"d":8.0,"a":5,"l":"d","gn":28,"t":53},"geometry":{"type":"Point","coordinates":[409772.8,5654120.1]}},{"type":"Feature","properties":{"h":10.0,"d":6.0,"a":1,"l":"d","gn":3,"t":19},"geometry":{"type":"Point","coordinates":[409773.0,5654473.5]}},{"type":"Feature","properties":{"h":9.0,"d":4.0,"a":1,"l":"d","gn":30,"t":8},"geometry":{"type":"Point","coordinates":[409773.5,5654136.4]}},{"type":"Feature","properties":{"h":11.0,"d":7.0,"a":0,"l":"d","gn":1,"t":23,"f":1},"geometry":{"type":"Point","coordinates":[409774.2,5655966.9]}},{"type":"Feature","properties":{"h":6.0,"d":3.0,"a":1,"l":"d","gn":28,"t":14},"geometry":{"type":"Point","coordinates":[409775.0,5654123.0]}},{"type":"Feature","properties":{"h":6.0,"d":8.0,"a":5,"l":"d","gn":27},"geometry":{"type":"Point","coordinates":[409776.7,5655991.2]}},{"type":"Feature","properties":{"h":17.0,"d":13.0,"a":1,"l":"d","gn":3,"t":30},"geometry":{"type":"Point","coordinates":[409776.8,5654463.0]}},{"type":"Feature","properties":{"h":8.0,"d":7.0,"a":1,"l":"d","gn":28,"t":16},"geometry":{"type":"Point","coordinates":[409777.2,5654141.9]}},{"type":"Feature","properties":{"h":14.0,"d":5.0,"a":0,"l":"d","gn":15,"t":32},"geometry":{"type":"Point","coordinates":[409777.3,5655715.3]}},{"type":"Feature","properties":{"h":9.0,"d":6.0,"a":1,"l":"d","gn":3,"t":20},"geometry":{"type":"Point","coordinates":[409777.9,5654480.1]}},{"type":"Feature","properties":{"h":11.0,"d":4.0,"a":0,"l":"d","gn":15,"t":26},"geometry":{"type":"Point","coordinates":[409778.5,5655741.4]}},{"type":"Feature","properties":{"h":12.0,"d":7.0,"a":0,"l":"d","gn":1,"t":27,"f":1},"geometry":{"type":"Point","coordinates":[409779.1,5655972.1]}},{"type":"Feature","properties":{"h":8.0,"d":6.0,"a":1,"l":"d","gn":28,"t":16},"geometry":{"type":"Point","coordinates":[409781.6,5654147.8]}},{"type":"Feature","properties":{"h":12.0,"d":5.0,"a":0,"l":"d","gn":15,"t":29},"geometry":{"type":"Point","coordinates":[409782.0,5655704.4]}},{"type":"Feature","properties":{"h":10.0,"d":7.0,"a":1,"l":"d","gn":28,"t":21},"geometry":{"type":"Point","coordinates":[409782.1,5654132.4]}},{"type":"Feature","properties":{"h":11.0,"d":6.0,"a":1,"l":"d","gn":3,"t":20},"geometry":{"type":"Point","coordinates":[409782.7,5654486.5]}},{"type":"Feature","properties":{"h":8.0,"d":7.0,"a":1,"l":"d","gn":28,"t":16},"geometry":{"type":"Point","coordinates":[409785.5,5654153.0]}},{"type":"Feature","properties":{"h":16.0,"d":11.0,"a":0,"l":"d","gn":3,"t":45},"geometry":{"type":"Point","coordinates":[409787.4,5654492.8]}},{"type":"Feature","properties":{"h":8.0,"d":4.0,"a":0,"l":"d","gn":15,"t":19},"geometry":{"type":"Point","coordinates":[409788.0,5655691.2]}},{"type":"Feature","properties":{"h":8.0,"d":8.0,"a":5,"l":"d","gn":28,"t":58},"geometry":{"type":"Point","coordinates":[409789.1,5654142.2]}},{"type":"Feature","properties":{"h":18.0,"d":12.0,"a":1,"l":"d","gn":3,"t":32},"geometry":{"type":"Point","coordinates":[409789.8,5654480.4]}},{"type":"Feature","properties":{"h":8.0,"d":8.0,"a":1,"l":"d","gn":28,"t":17},"geometry":{"type":"Point","coordinates":[409790.4,5654159.8]}},{"type":"Feature","properties":{"h":10.0,"d":5.0,"a":0,"l":"d","gn":15,"t":23},"geometry":{"type":"Point","coordinates":[409792.6,5655681.2]}},{"type":"Feature","properties":{"h":11.0,"d":7.0,"a":1,"l":"d","gn":3,"t":21},"geometry":{"type":"Point","coordinates":[409793.1,5654500.4]}},{"type":"Feature","properties":{"h":9.0,"d":5.0,"a":0,"l":"d","gn":15,"t":18},"geometry":{"type":"Point","coordinates":[409795.1,5655986.4]}},{"type":"Feature","properties":{"h":8.0,"d":5.0,"a":0,"l":"d","gn":7,"t":22},"geometry":{"type":"Point","coordinates":[409796.9,5655977.1]}},{"type":"Feature","properties":{"h":6.0,"d":3.0,"a":0,"l":"d","gn":15,"t":12},"geometry":{"type":"Point","coordinates":[409797.0,5655671.6]}},{"type":"Feature","properties":{"h":8.0,"d":9.0,"a":5,"l":"d","gn":28,"t":58},"geometry":{"type":"Point","coordinates":[409797.3,5654153.5]}},{"type":"Feature","properties":{"h":12.0,"d":8.0,"a":1,"l":"d","gn":3,"t":24},"geometry":{"type":"Point","coordinates":[409798.6,5654508.0]}},{"type":"Feature","properties":{"h":8.0,"d":3.0,"a":0,"l":"d","gn":15,"t":17},"geometry":{"type":"Point","coordinates":[409801.2,5655662.1]}},{"type":"Feature","properties":{"h":10.0,"d":8.0,"a":1,"l":"d","gn":28,"t":18},"geometry":{"type":"Point","coordinates":[409802.0,5654175.0]}},{"type":"Feature","properties":{"h":12.0,"d":11.0,"a":1,"l":"d","gn":13,"t":25},"geometry":{"type":"Point","coordinates":[409802.2,5655791.0]}},{"type":"Feature","properties":{"h":10.0,"d":7.0,"a":1,"l":"d","gn":3,"t":19},"geometry":{"type":"Point","coordinates":[409802.7,5654513.4]}},{"type":"Feature","properties":{"h":18.0,"d":12.0,"a":1,"l":"d","gn":3,"t":26},"geometry":{"type":"Point","coordinates":[409804.1,5654499.7]}},{"type":"Feature","properties":{"h":11.0,"d":6.0,"a":1,"l":"d","gn":3,"t":20},"geometry":{"type":"Point","coordinates":[409807.0,5654519.1]}},{"type":"Feature","properties":{"h":6.0,"d":5.0,"a":1,"l":"d","gn":13,"t":8},"geometry":{"type":"Point","coordinates":[409807.9,5655796.7]}},{"type":"Feature","properties":{"h":16.0,"d":11.0,"a":1,"l":"d","gn":3,"t":27},"geometry":{"type":"Point","coordinates":[409809.0,5654506.3]}},{"type":"Feature","properties":{"h":21.0,"d":14.0,"a":0,"l":"d","gn":14,"t":69},"geometry":{"type":"Point","coordinates":[409810.6,5655671.6]}},{"type":"Feature","properties":{"h":11.0,"d":6.0,"a":1,"l":"d","gn":3,"t":20},"geometry":{"type":"Point","coordinates":[409811.9,5654525.8]}},{"type":"Feature","properties":{"h":12.0,"d":11.0,"a":5,"l":"d","gn":28,"t":52},"geometry":{"type":"Point","coordinates":[409813.3,5654175.1]}},{"type":"Feature","properties":{"h":11.0,"d":7.0,"a":1,"l":"d","gn":3,"t":21},"geometry":{"type":"Point","coordinates":[409816.2,5654531.6]}},{"type":"Feature","properties":{"h":18.0,"d":11.0,"a":1,"l":"d","gn":3,"t":26},"geometry":{"type":"Point","coordinates":[409816.7,5654516.5]}},{"type":"Feature","properties":{"h":10.0,"d":3.5,"a":5,"l":"d","c":1,"gn":8,"t":17},"geometry":{"type":"Point","coordinates":[409817.9,5655972.8]}},{"type":"Feature","properties":{"h":7.0,"d":6.0,"a":0,"l":"d","gn":14,"t":18},"geometry":{"type":"Point","coordinates":[409818.9,5655667.0]}},{"type":"Feature","properties":{"h":9.0,"d":3.0,"a":5,"l":"d","c":1,"gn":8,"t":14},"geometry":{"type":"Point","coordinates":[409820.3,5655969.4]}},{"type":"Feature","properties":{"h":8.0,"d":2.5,"a":5,"l":"d","c":1,"gn":8,"t":13},"geometry":{"type":"Point","coordinates":[409820.8,5655975.6]}},{"type":"Feature","properties":{"h":11.0,"d":9.0,"a":1,"l":"d","gn":3,"t":24},"geometry":{"type":"Point","coordinates":[409822.1,5654539.6]}},{"type":"Feature","properties":{"h":9.0,"d":3.0,"a":5,"l":"d","c":1,"gn":8,"t":14},"geometry":{"type":"Point","coordinates":[409824.4,5655969.8]}},{"type":"Feature","properties":{"h":10.0,"d":3.0,"a":5,"l":"d","c":1,"gn":8,"t":14},"geometry":{"type":"Point","coordinates":[409824.5,5655973.5]}},{"type":"Feature","properties":{"h":10.0,"d":10.0,"a":1,"l":"d","gn":13,"t":21},"geometry":{"type":"Point","coordinates":[409825.9,5655814.9]}},{"type":"Feature","properties":{"h":15.0,"d":9.0,"a":1,"l":"d","gn":3,"t":22},"geometry":{"type":"Point","coordinates":[409827.5,5654531.1]}},{"type":"Feature","properties":{"h":12.0,"d":8.0,"a":5,"l":"d","gn":28,"t":42},"geometry":{"type":"Point","coordinates":[409829.7,5654197.7]}},{"type":"Feature","properties":{"h":11.0,"d":8.0,"a":1,"l":"d","gn":13,"t":16},"geometry":{"type":"Point","coordinates":[409831.3,5655820.6]}},{"type":"Feature","properties":{"h":5.0,"d":2.0,"a":1,"l":"d","gn":28,"t":6},"geometry":{"type":"Point","coordinates":[409831.4,5654004.1]}},{"type":"Feature","properties":{"h":6.0,"d":3.0,"a":1,"l":"d","gn":28,"t":6},"geometry":{"type":"Point","coordinates":[409834.8,5654008.6]}},{"type":"Feature","properties":{"h":8.0,"d":7.0,"a":5,"l":"d","gn":28,"t":32},"geometry":{"type":"Point","coordinates":[409834.9,5654219.5]}},{"type":"Feature","properties":{"h":6.0,"d":6.0,"a":0,"l":"e","t":16},"geometry":{"type":"Point","coordinates":[409835.8,5654535.1]}},{"type":"Feature","properties":{"h":13.0,"d":11.0,"a":1,"l":"d","gn":13,"t":35},"geometry":{"type":"Point","coordinates":[409837.3,5655826.5]}},{"type":"Feature","properties":{"h":22.0,"d":16.0,"a":0,"l":"d","gn":3,"t":63},"geometry":{"type":"Point","coordinates":[409838.2,5654526.3]}},{"type":"Feature","properties":{"h":7.0,"d":7.0,"a":5,"l":"d","gn":28,"t":29},"geometry":{"type":"Point","coordinates":[409838.3,5654208.8]}},{"type":"Feature","properties":{"h":5.0,"d":1.0,"a":1,"l":"d","gn":28,"t":6},"geometry":{"type":"Point","coordinates":[409838.3,5654013.2]}},{"type":"Feature","properties":{"h":14.0,"d":8.0,"a":0,"l":"d","gn":33,"t":35,"f":1},"geometry":{"type":"Point","coordinates":[409838.5,5654877.9]}},{"type":"Feature","properties":{"h":12.0,"d":4.0,"a":0,"l":"d","gn":1,"t":16,"f":1},"geometry":{"type":"Point","coordinates":[409840.4,5654874.6]}},{"type":"Feature","properties":{"h":10.0,"d":4.0,"a":0,"l":"d","gn":1,"t":17,"f":1},"geometry":{"type":"Point","coordinates":[409840.8,5654872.9]}},{"type":"Feature","properties":{"h":5.0,"d":2.0,"a":1,"l":"d","gn":28,"t":6},"geometry":{"type":"Point","coordinates":[409841.9,5654018.1]}},{"type":"Feature","properties":{"h":14.0,"d":4.0,"a":0,"l":"d","gn":1,"t":23,"f":1},"geometry":{"type":"Point","coordinates":[409844.8,5654870.9]}},{"type":"Feature","properties":{"h":14.0,"d":7.0,"a":0,"l":"d","gn":1,"t":73,"f":1},"geometry":{"type":"Point","coordinates":[409845.3,5654871.8]}},{"type":"Feature","properties":{"h":5.0,"d":2.0,"a":1,"l":"d","gn":28,"t":6},"geometry":{"type":"Point","coordinates":[409845.4,5654022.9]}},{"type":"Feature","properties":{"h":5.0,"d":1.0,"a":1,"l":"d","gn":28,"t":6},"geometry":{"type":"Point","coordinates":[409845.8,5654007.7]}},{"type":"Feature","properties":{"h":6.0,"d":4.0,"a":5,"l":"d","gn":8,"t":8},"geometry":{"type":"Point","coordinates":[409846.7,5654522.9]}},{"type":"Feature","properties":{"h":14.0,"d":5.0,"a":0,"l":"d","gn":1,"t":24,"f":1},"geometry":{"type":"Point","coordinates":[409847.3,5654870.3]}},{"type":"Feature","properties":{"h":8.0,"d":7.0,"a":5,"l":"d","gn":28,"t":39},"geometry":{"type":"Point","coordinates":[409847.3,5654236.3]}},{"type":"Feature","properties":{"h":11.0,"d":8.0,"a":1,"l":"d","gn":3,"t":22},"geometry":{"type":"Point","coordinates":[409847.6,5654574.0]}},{"type":"Feature","properties":{"h":7.0,"d":6.0,"a":5,"l":"d","gn":28,"t":33},"geometry":{"type":"Point","coordinates":[409847.9,5654221.8]}},{"type":"Feature","properties":{"h":14.0,"d":7.0,"a":0,"l":"d","gn":6,"t":23,"f":1},"geometry":{"type":"Point","coordinates":[409848.0,5654869.4]}},{"type":"Feature","properties":{"h":12.0,"d":3.0,"a":0,"l":"d","gn":1,"t":16,"f":1},"geometry":{"type":"Point","coordinates":[409849.1,5654866.8]}},{"type":"Feature","properties":{"h":4.0,"d":1.0,"a":1,"l":"d","gn":28,"t":6},"geometry":{"type":"Point","coordinates":[409849.4,5654028.4]}},{"type":"Feature","properties":{"h":10.0,"d":8.0,"a":5,"l":"d","gn":8,"t":32,"f":1},"geometry":{"type":"Point","coordinates":[409850.0,5654859.5]}},{"type":"Feature","properties":{"h":15.0,"d":8.0,"a":0,"l":"d","gn":1,"t":40,"f":1},"geometry":{"type":"Point","coordinates":[409850.2,5654865.7]}},{"type":"Feature","properties":{"h":9.0,"d":11.0,"a":3,"l":"e","t":22},"geometry":{"type":"Point","coordinates":[409850.3,5654538.0]}},{"type":"Feature","properties":{"h":6.0,"d":3.0,"a":5,"l":"d","gn":8,"t":18,"f":1},"geometry":{"type":"Point","coordinates":[409851.7,5654858.5]}},{"type":"Feature","properties":{"h":11.0,"d":7.0,"a":1,"l":"d","gn":3,"t":22},"geometry":{"type":"Point","coordinates":[409852.6,5654580.9]}},{"type":"Feature","properties":{"h":6.0,"d":2.0,"a":5,"l":"d","gn":8,"t":6},"geometry":{"type":"Point","coordinates":[409852.7,5654543.0]}},{"type":"Feature","properties":{"h":16.0,"d":16.0,"a":0,"l":"d","gn":6,"t":88},"geometry":{"type":"Point","coordinates":[409853.3,5654558.4]}},{"type":"Feature","properties":{"h":6.0,"d":4.0,"a":5,"l":"d","gn":8,"t":8},"geometry":{"type":"Point","coordinates":[409853.6,5654523.6]}},{"type":"Feature","properties":{"h":16.0,"d":8.0,"a":0,"l":"d","gn":1,"t":64,"f":1},"geometry":{"type":"Point","coordinates":[409854.6,5654851.1]}},{"type":"Feature","properties":{"h":11.0,"d":8.0,"a":1,"l":"d","gn":13,"t":21},"geometry":{"type":"Point","coordinates":[409855.6,5655845.1]}},{"type":"Feature","properties":{"h":11.0,"d":8.0,"a":1,"l":"d","gn":3,"t":19},"geometry":{"type":"Point","coordinates":[409858.2,5654588.3]}},{"type":"Feature","properties":{"h":17.0,"d":8.0,"a":0,"l":"d","gn":1,"t":49,"f":1},"geometry":{"type":"Point","coordinates":[409859.0,5654845.6]}},{"type":"Feature","properties":{"h":7.0,"d":2.0,"a":5,"l":"d","gn":8,"t":6},"geometry":{"type":"Point","coordinates":[409859.0,5654551.6]}},{"type":"Feature","properties":{"h":11.0,"d":10.0,"a":5,"l":"d","gn":28,"t":40},"geometry":{"type":"Point","coordinates":[409859.0,5654236.7]}},{"type":"Feature","properties":{"h":6.0,"d":4.0,"a":5,"l":"d","gn":8,"t":8},"geometry":{"type":"Point","coordinates":[409859.8,5654525.6]}},{"type":"Feature","properties":{"h":6.0,"d":1.0,"a":5,"l":"d","gn":8,"t":6},"geometry":{"type":"Point","coordinates":[409860.9,5654537.0]}},{"type":"Feature","properties":{"h":12.0,"d":5.0,"a":0,"l":"d","gn":1,"t":32,"f":1},"geometry":{"type":"Point","coordinates":[409861.1,5654848.4]}},{"type":"Feature","properties":{"h":5.0,"d":2.0,"a":1,"l":"d","gn":13,"t":6},"geometry":{"type":"Point","coordinates":[409862.1,5655851.5]}},{"type":"Feature","properties":{"h":11.0,"d":6.4,"a":0,"l":"d","s":"osm"},"geometry":{"type":"Point","coordinates":[409862.6,5654019.5]}},{"type":"Feature","properties":{"h":7.0,"d":7.0,"a":5,"l":"d","gn":28,"t":42},"geometry":{"type":"Point","coordinates":[409863.9,5654258.8]}},{"type":"Feature","properties":{"h":11.0,"d":8.0,"a":1,"l":"d","gn":3,"t":22},"geometry":{"type":"Point","coordinates":[409863.9,5654596.0]}},{"type":"Feature","properties":{"h":10.0,"d":10.0,"a":5,"l":"d","gn":28,"t":46},"geometry":{"type":"Point","coordinates":[409864.2,5654243.9]}},{"type":"Feature","properties":{"h":6.0,"d":8.0,"a":3,"l":"e","t":32},"geometry":{"type":"Point","coordinates":[409864.5,5654530.0]}},{"type":"Feature","properties":{"h":6.0,"d":7.0,"a":0,"l":"e","t":25},"geometry":{"type":"Point","coordinates":[409866.2,5654567.2]}},{"type":"Feature","properties":{"h":7.0,"d":3.0,"a":5,"l":"d","gn":8,"t":6},"geometry":{"type":"Point","coordinates":[409867.1,5654545.6]}},{"type":"Feature","properties":{"h":6.0,"d":4.0,"a":5,"l":"d","gn":8,"t":8},"geometry":{"type":"Point","coordinates":[409867.2,5654576.8]}},{"type":"Feature","properties":{"h":16.0,"d":16.0,"a":0,"l":"d","gn":13,"t":37},"geometry":{"type":"Point","coordinates":[409867.5,5655856.9]}},{"type":"Feature","properties":{"h":6.0,"d":6.0,"a":5,"l":"d","gn":28,"t":29},"geometry":{"type":"Point","coordinates":[409867.9,5654264.3]}},{"type":"Feature","properties":{"h":18.0,"d":10.0,"a":0,"l":"d","gn":1,"t":63,"f":1},"geometry":{"type":"Point","coordinates":[409867.9,5654840.5]}},{"type":"Feature","properties":{"h":18.0,"d":10.0,"a":0,"l":"d","gn":6,"t":38,"f":1},"geometry":{"type":"Point","coordinates":[409868.5,5654836.3]}},{"type":"Feature","properties":{"h":11.0,"d":8.0,"a":1,"l":"d","gn":3,"t":18},"geometry":{"type":"Point","coordinates":[409868.8,5654602.8]}},{"type":"Feature","properties":{"h":6.0,"d":1.0,"a":1,"l":"d","gn":30,"t":5},"geometry":{"type":"Point","coordinates":[409869.1,5654055.1]}},{"type":"Feature","properties":{"h":16.0,"d":10.0,"a":0,"l":"d","gn":1,"t":51,"f":1},"geometry":{"type":"Point","coordinates":[409871.2,5654839.4]}},{"type":"Feature","properties":{"h":5.0,"d":4.0,"a":5,"l":"d","gn":8,"t":8},"geometry":{"type":"Point","coordinates":[409871.8,5654571.9]}},{"type":"Feature","properties":{"h":14.0,"d":5.0,"a":0,"l":"d","gn":1,"t":22,"f":1},"geometry":{"type":"Point","coordinates":[409871.9,5654836.5]}},{"type":"Feature","properties":{"h":6.0,"d":7.0,"a":3,"l":"e","t":16},"geometry":{"type":"Point","coordinates":[409871.9,5654546.6]}},{"type":"Feature","properties":{"h":11.0,"d":6.0,"a":1,"l":"d","gn":3,"t":16},"geometry":{"type":"Point","coordinates":[409874.5,5654610.4]}},{"type":"Feature","properties":{"h":5.0,"d":2.0,"a":1,"l":"d","gn":30,"t":4},"geometry":{"type":"Point","coordinates":[409875.1,5654047.3]}},{"type":"Feature","properties":{"h":5.0,"d":4.0,"a":5,"l":"d","gn":8,"t":8},"geometry":{"type":"Point","coordinates":[409875.6,5654565.9]}},{"type":"Feature","properties":{"h":5.0,"d":4.0,"a":5,"l":"d","gn":8,"t":8},"geometry":{"type":"Point","coordinates":[409877.3,5654559.4]}},{"type":"Feature","properties":{"h":5.0,"d":4.0,"a":5,"l":"d","gn":8,"t":8},"geometry":{"type":"Point","coordinates":[409877.8,5654552.8]}},{"type":"Feature","properties":{"h":16.0,"d":12.0,"a":1,"l":"d","gn":3,"t":27},"geometry":{"type":"Point","coordinates":[409878.3,5654600.0]}},{"type":"Feature","properties":{"h":14.0,"d":6.0,"a":0,"l":"d","gn":6,"t":34,"f":1},"geometry":{"type":"Point","coordinates":[409878.7,5654830.0]}},{"type":"Feature","properties":{"h":16.0,"d":12.0,"a":0,"l":"d","gn":1,"t":70,"f":1},"geometry":{"type":"Point","coordinates":[409879.3,5654819.4]}},{"type":"Feature","properties":{"h":11.0,"d":9.0,"a":0,"l":"d","gn":3,"t":36},"geometry":{"type":"Point","coordinates":[409879.4,5654617.1]}},{"type":"Feature","properties":{"h":16.0,"d":9.0,"a":5,"l":"d","gn":28,"t":43},"geometry":{"type":"Point","coordinates":[409879.9,5654053.9]}},{"type":"Feature","properties":{"h":6.0,"d":4.0,"a":1,"l":"d","gn":30,"t":5},"geometry":{"type":"Point","coordinates":[409880.4,5654070.5]}},{"type":"Feature","properties":{"h":9.0,"d":6.0,"a":5,"l":"d","gn":8,"t":13},"geometry":{"type":"Point","coordinates":[409880.7,5654522.3]}},{"type":"Feature","properties":{"h":14.0,"d":13.0,"a":0,"l":"d","gn":13,"t":41},"geometry":{"type":"Point","coordinates":[409881.6,5655871.3]}},{"type":"Feature","properties":{"h":10.0,"d":5.0,"a":0,"l":"d","gn":1,"t":40,"f":1},"geometry":{"type":"Point","coordinates":[409882.8,5654823.4]}},{"type":"Feature","properties":{"h":15.0,"d":12.0,"a":1,"l":"d","gn":3,"t":25},"geometry":{"type":"Point","coordinates":[409883.0,5654606.2]}},{"type":"Feature","properties":{"h":4.0,"d":1.0,"a":1,"l":"d","gn":28,"t":6},"geometry":{"type":"Point","coordinates":[409883.7,5654059.1]}},{"type":"Feature","properties":{"h":5.0,"d":2.0,"a":1,"l":"d","gn":30,"t":4},"geometry":{"type":"Point","coordinates":[409884.6,5654076.2]}},{"type":"Feature","properties":{"h":11.0,"d":7.0,"a":1,"l":"d","gn":3,"t":17},"geometry":{"type":"Point","coordinates":[409887.2,5654627.9]}},{"type":"Feature","properties":{"h":6.0,"d":4.0,"a":0,"l":"d","gn":5,"t":6},"geometry":{"type":"Point","coordinates":[409887.9,5654064.6]}},{"type":"Feature","properties":{"h":5.0,"d":1.0,"a":1,"l":"d","gn":30,"t":4},"geometry":{"type":"Point","coordinates":[409889.3,5654082.4]}},{"type":"Feature","properties":{"h":8.0,"d":4.0,"a":0,"l":"d","gn":3,"t":38,"f":1},"geometry":{"type":"Point","coordinates":[409890.0,5654806.0]}},{"type":"Feature","properties":{"h":16.0,"d":16.0,"a":0,"l":"d","gn":5,"t":24},"geometry":{"type":"Point","coordinates":[409891.5,5654263.0]}},{"type":"Feature","properties":{"h":6.0,"d":4.0,"a":5,"l":"d","gn":17,"t":16,"f":1},"geometry":{"type":"Point","coordinates":[409891.6,5654809.0]}},{"type":"Feature","properties":{"h":12.0,"d":5.0,"a":0,"l":"d","gn":3,"t":24,"f":1},"geometry":{"type":"Point","coordinates":[409891.7,5654804.4]}},{"type":"Feature","properties":{"h":6.0,"d":7.0,"a":5,"l":"d","gn":8,"t":14},"geometry":{"type":"Point","coordinates":[409892.2,5654513.6]}},{"type":"Feature","properties":{"h":8.0,"d":5.0,"a":5,"l":"d","gn":8,"t":10},"geometry":{"type":"Point","coordinates":[409892.6,5654526.4]}},{"type":"Feature","properties":{"h":4.0,"d":1.0,"a":1,"l":"d","gn":28,"t":6},"geometry":{"type":"Point","coordinates":[409893.0,5654087.8]}},{"type":"Feature","properties":{"h":6.0,"d":5.0,"a":5,"l":"d","gn":17,"t":25,"f":1},"geometry":{"type":"Point","coordinates":[409893.1,5654802.6]}},{"type":"Feature","properties":{"h":16.0,"d":10.0,"a":0,"l":"d","gn":1,"t":52,"f":1},"geometry":{"type":"Point","coordinates":[409895.3,5654800.5]}},{"type":"Feature","properties":{"h":19.0,"d":16.0,"a":0,"l":"d","gn":13,"t":48},"geometry":{"type":"Point","coordinates":[409896.1,5655885.8]}},{"type":"Feature","properties":{"h":6.0,"d":3.0,"a":1,"l":"d","gn":30,"t":7},"geometry":{"type":"Point","coordinates":[409896.4,5654076.2]}},{"type":"Feature","properties":{"h":4.0,"d":1.0,"a":1,"l":"d","gn":28,"t":7},"geometry":{"type":"Point","coordinates":[409897.0,5654287.5]}},{"type":"Feature","properties":{"h":10.0,"d":5.0,"a":0,"l":"d","gn":6,"t":24,"f":1},"geometry":{"type":"Point","coordinates":[409897.2,5654803.8]}},{"type":"Feature","properties":{"h":6.0,"d":7.0,"a":5,"l":"d","gn":8,"t":14},"geometry":{"type":"Point","coordinates":[409897.6,5654510.0]}},{"type":"Feature","properties":{"h":11.0,"d":8.0,"a":1,"l":"d","gn":15,"t":22,"f":1},"geometry":{"type":"Point","coordinates":[409899.2,5654936.3]}},{"type":"Feature","properties":{"h":6.0,"d":3.0,"a":0,"l":"d","gn":6,"t":10,"f":1},"geometry":{"type":"Point","coordinates":[409900.0,5654796.9]}},{"type":"Feature","properties":{"h":10.0,"d":4.0,"a":0,"l":"d","gn":6,"t":22,"f":1},"geometry":{"type":"Point","coordinates":[409900.2,5654795.1]}},{"type":"Feature","properties":{"h":5.0,"d":4.0,"a":1,"l":"d","gn":30,"t":6},"geometry":{"type":"Point","coordinates":[409900.8,5654081.9]}},{"type":"Feature","properties":{"h":10.0,"d":5.0,"a":0,"l":"d","gn":1,"t":20,"f":1},"geometry":{"type":"Point","coordinates":[409901.1,5654794.3]}},{"type":"Feature","properties":{"h":16.0,"d":14.0,"a":0,"l":"d","gn":13,"t":43},"geometry":{"type":"Point","coordinates":[409901.9,5655891.7]}},{"type":"Feature","properties":{"h":10.0,"d":4.0,"a":0,"l":"d","gn":6,"t":13,"f":1},"geometry":{"type":"Point","coordinates":[409902.1,5654792.6]}},{"type":"Feature","properties":{"h":6.0,"d":8.0,"a":5,"l":"d","gn":8,"t":18},"geometry":{"type":"Point","coordinates":[409902.3,5654506.2]}},{"type":"Feature","properties":{"h":10.0,"d":3.0,"a":0,"l":"d","gn":1,"t":16,"f":1},"geometry":{"type":"Point","coordinates":[409903.3,5654790.9]}},{"type":"Feature","properties":{"h":7.0,"d":6.0,"a":5,"l":"d","gn":8,"t":13},"geometry":{"type":"Point","coordinates":[409904.2,5654518.1]}},{"type":"Feature","properties":{"h":12.0,"d":9.0,"a":1,"l":"d","gn":15,"t":24,"f":1},"geometry":{"type":"Point","coordinates":[409904.5,5654930.9]}},{"type":"Feature","properties":{"h":4.0,"d":1.0,"a":1,"l":"d","gn":28,"t":5},"geometry":{"type":"Point","coordinates":[409904.9,5654087.3]}},{"type":"Feature","properties":{"h":6.0,"d":3.0,"a":1,"l":"d","gn":30,"t":6},"geometry":{"type":"Point","coordinates":[409905.2,5654103.8]}},{"type":"Feature","properties":{"h":10.0,"d":4.0,"a":0,"l":"d","gn":6,"t":22,"f":1},"geometry":{"type":"Point","coordinates":[409905.7,5654788.6]}},{"type":"Feature","properties":{"h":10.0,"d":5.0,"a":0,"l":"d","gn":1,"t":19,"f":1},"geometry":{"type":"Point","coordinates":[409906.7,5654794.3]}},{"type":"Feature","properties":{"h":6.0,"d":3.0,"a":0,"l":"d","gn":6,"t":17,"f":1},"geometry":{"type":"Point","coordinates":[409908.4,5654786.0]}},{"type":"Feature","properties":{"h":20.0,"d":11.0,"a":0,"l":"d","gn":3,"t":46},"geometry":{"type":"Point","coordinates":[409909.5,5654642.1]}},{"type":"Feature","properties":{"h":6.0,"d":7.0,"a":5,"l":"d","gn":8,"t":14},"geometry":{"type":"Point","coordinates":[409909.7,5654513.6]}},{"type":"Feature","properties":{"h":12.0,"d":8.0,"a":1,"l":"d","gn":15,"t":24,"f":1},"geometry":{"type":"Point","coordinates":[409910.2,5654925.3]}},{"type":"Feature","properties":{"h":15.0,"d":6.0,"a":0,"l":"d","gn":1,"t":27,"f":1},"geometry":{"type":"Point","coordinates":[409910.5,5654783.1]}},{"type":"Feature","properties":{"h":11.0,"d":13.0,"a":0,"l":"d","gn":13,"t":33},"geometry":{"type":"Point","coordinates":[409910.7,5655900.5]}},{"type":"Feature","properties":{"h":12.0,"d":4.0,"a":0,"l":"d","gn":6,"t":22,"f":1},"geometry":{"type":"Point","coordinates":[409911.6,5654785.2]}},{"type":"Feature","properties":{"h":16.0,"d":21.0,"a":0,"l":"d","gn":4,"t":119},"geometry":{"type":"Point","coordinates":[409912.8,5654955.3]}},{"type":"Feature","properties":{"h":5.0,"d":4.0,"a":5,"l":"d","t":8},"geometry":{"type":"Point","coordinates":[409912.8,5654098.0]}},{"type":"Feature","properties":{"h":10.0,"d":3.0,"a":0,"l":"d","gn":1,"t":13,"f":1},"geometry":{"type":"Point","coordinates":[409913.2,5654781.1]}},{"type":"Feature","properties":{"h":10.0,"d":3.0,"a":0,"l":"d","gn":1,"t":14,"f":1},"geometry":{"type":"Point","coordinates":[409914.6,5654779.2]}},{"type":"Feature","properties":{"h":18.0,"d":18.0,"a":5,"l":"d","gn":8,"t":45},"geometry":{"type":"Point","coordinates":[409915.4,5654496.7]}},{"type":"Feature","properties":{"h":10.0,"d":5.0,"a":0,"l":"d","gn":1,"t":29,"f":1},"geometry":{"type":"Point","coordinates":[409915.5,5654783.7]}},{"type":"Feature","properties":{"h":12.0,"d":9.0,"a":1,"l":"d","gn":15,"t":25,"f":1},"geometry":{"type":"Point","coordinates":[409915.9,5654919.7]}},{"type":"Feature","properties":{"h":6.0,"d":7.0,"a":5,"l":"d","gn":8,"t":18},"geometry":{"type":"Point","coordinates":[409916.4,5654508.9]}},{"type":"Feature","properties":{"h":10.0,"d":4.0,"a":0,"l":"d","gn":6,"t":16,"f":1},"geometry":{"type":"Point","coordinates":[409917.1,5654775.8]}},{"type":"Feature","properties":{"h":6.0,"d":3.0,"a":1,"l":"d","gn":30,"t":7},"geometry":{"type":"Point","coordinates":[409917.4,5654120.3]}},{"type":"Feature","properties":{"h":10.0,"d":3.0,"a":0,"l":"d","gn":1,"t":16,"f":1},"geometry":{"type":"Point","coordinates":[409918.5,5654774.4]}},{"type":"Feature","properties":{"h":14.0,"d":15.0,"a":1,"l":"d","gn":13,"t":30},"geometry":{"type":"Point","coordinates":[409918.7,5655908.8]}},{"type":"Feature","properties":{"h":10.0,"d":4.0,"a":0,"l":"d","gn":1,"t":17,"f":1},"geometry":{"type":"Point","coordinates":[409919.6,5654773.2]}},{"type":"Feature","properties":{"h":14.0,"d":5.0,"a":0,"l":"d","gn":10,"t":35,"f":1},"geometry":{"type":"Point","coordinates":[409920.3,5654778.7]}},{"type":"Feature","properties":{"h":6.0,"d":4.0,"a":5,"l":"d","t":7},"geometry":{"type":"Point","coordinates":[409921.0,5654125.2]}},{"type":"Feature","properties":{"h":18.0,"d":16.0,"a":5,"l":"d","gn":8,"t":30},"geometry":{"type":"Point","coordinates":[409921.2,5654492.4]}},{"type":"Feature","properties":{"h":11.0,"d":8.0,"a":1,"l":"d","gn":15,"t":22,"f":1},"geometry":{"type":"Point","coordinates":[409921.4,5654914.0]}},{"type":"Feature","properties":{"h":5.0,"d":2.0,"a":0,"l":"d","gn":1,"t":13,"f":1},"geometry":{"type":"Point","coordinates":[409921.6,5654771.5]}},{"type":"Feature","properties":{"h":10.0,"d":4.0,"a":0,"l":"d","gn":1,"t":16,"f":1},"geometry":{"type":"Point","coordinates":[409922.5,5654769.3]}},{"type":"Feature","properties":{"h":5.0,"d":1.5,"a":5,"l":"d","gn":17,"t":3},"geometry":{"type":"Point","coordinates":[409922.7,5654097.1]}},{"type":"Feature","properties":{"h":20.0,"d":11.0,"a":0,"l":"d","gn":6,"t":74},"geometry":{"type":"Point","coordinates":[409923.1,5654103.4]}},{"type":"Feature","properties":{"h":6.0,"d":4.0,"a":0,"l":"d","gn":15,"t":12},"geometry":{"type":"Point","coordinates":[409923.2,5654073.7]}},{"type":"Feature","properties":{"h":7.0,"d":5.0,"a":3,"l":"e","t":23},"geometry":{"type":"Point","coordinates":[409923.4,5654078.1]}},{"type":"Feature","properties":{"h":6.0,"d":4.0,"a":1,"l":"d","gn":30,"t":8},"geometry":{"type":"Point","coordinates":[409924.3,5654129.6]}},{"type":"Feature","properties":{"h":21.0,"d":14.0,"a":0,"l":"d","gn":6,"t":80},"geometry":{"type":"Point","coordinates":[409924.5,5654102.6]}},{"type":"Feature","properties":{"h":10.0,"d":3.0,"a":0,"l":"d","gn":1,"t":25,"f":1},"geometry":{"type":"Point","coordinates":[409924.5,5654766.7]}},{"type":"Feature","properties":{"h":5.0,"d":1.0,"a":5,"l":"d","gn":23,"t":6},"geometry":{"type":"Point","coordinates":[409925.0,5654114.4]}},{"type":"Feature","properties":{"h":10.0,"d":4.0,"a":0,"l":"d","gn":1,"t":22,"f":1},"geometry":{"type":"Point","coordinates":[409925.1,5654766.0]}},{"type":"Feature","properties":{"h":7.0,"d":3.0,"a":5,"l":"d","gn":8,"t":6},"geometry":{"type":"Point","coordinates":[409926.6,5654501.5]}},{"type":"Feature","properties":{"h":18.0,"d":18.0,"a":5,"l":"d","gn":8,"t":57},"geometry":{"type":"Point","coordinates":[409926.8,5654488.0]}},{"type":"Feature","properties":{"h":6.0,"d":3.0,"a":1,"l":"d","gn":30,"t":8},"geometry":{"type":"Point","coordinates":[409927.1,5654117.7]}},{"type":"Feature","properties":{"h":10.0,"d":2.0,"a":0,"l":"d","gn":1,"t":16,"f":1},"geometry":{"type":"Point","coordinates":[409927.2,5654765.1]}},{"type":"Feature","properties":{"h":11.0,"d":8.0,"a":1,"l":"d","gn":15,"t":24,"f":1},"geometry":{"type":"Point","coordinates":[409927.3,5654908.4]}},{"type":"Feature","properties":{"h":16.0,"d":16.0,"a":0,"l":"d","gn":5,"t":35},"geometry":{"type":"Point","coordinates":[409927.7,5654236.5]}},{"type":"Feature","properties":{"h":10.0,"d":5.0,"a":0,"l":"d","gn":1,"t":18,"f":1},"geometry":{"type":"Point","coordinates":[409928.0,5654764.4]}},{"type":"Feature","properties":{"h":11.0,"d":15.0,"a":0,"l":"d","gn":7,"t":113},"geometry":{"type":"Point","coordinates":[409928.1,5654975.4]}},{"type":"Feature","properties":{"h":8.0,"d":3.0,"a":0,"l":"d","gn":1,"t":17,"f":1},"geometry":{"type":"Point","coordinates":[409929.4,5654762.3]}},{"type":"Feature","properties":{"h":6.0,"d":5.0,"a":1,"l":"d","gn":30,"t":8},"geometry":{"type":"Point","coordinates":[409929.5,5654120.7]}},{"type":"Feature","properties":{"h":15.0,"d":9.0,"a":0,"l":"d","gn":6,"t":40},"geometry":{"type":"Point","coordinates":[409929.5,5654071.0]}},{"type":"Feature","properties":{"h":10.0,"d":4.0,"a":0,"l":"d","gn":1,"t":45,"f":1},"geometry":{"type":"Point","coordinates":[409929.8,5654761.4]}},{"type":"Feature","properties":{"h":17.0,"d":8.0,"a":0,"l":"d","gn":1,"t":36},"geometry":{"type":"Point","coordinates":[409931.2,5654073.3]}},{"type":"Feature","properties":{"h":5.0,"d":5.0,"a":0,"l":"d","gn":5,"t":6},"geometry":{"type":"Point","coordinates":[409931.5,5654246.5]}},{"type":"Feature","properties":{"h":6.0,"d":4.0,"a":1,"l":"d","gn":30,"t":6},"geometry":{"type":"Point","coordinates":[409932.2,5654124.3]}},{"type":"Feature","properties":{"h":10.0,"d":5.0,"a":0,"l":"d","gn":1,"t":45,"f":1},"geometry":{"type":"Point","coordinates":[409932.6,5654759.2]}},{"type":"Feature","properties":{"h":11.0,"d":8.0,"a":1,"l":"d","gn":15,"t":22,"f":1},"geometry":{"type":"Point","coordinates":[409932.8,5654902.6]}},{"type":"Feature","properties":{"h":7.0,"d":7.0,"a":5,"l":"d","gn":8,"t":19},"geometry":{"type":"Point","coordinates":[409932.9,5654496.5]}},{"type":"Feature","properties":{"h":17.0,"d":9.0,"a":0,"l":"d","gn":1,"t":35},"geometry":{"type":"Point","coordinates":[409934.0,5654078.3]}},{"type":"Feature","properties":{"h":4.0,"d":3.0,"a":3,"l":"e","t":10},"geometry":{"type":"Point","coordinates":[409934.3,5654098.2]}},{"type":"Feature","properties":{"h":7.0,"d":6.0,"a":0,"l":"d","gn":5,"t":8},"geometry":{"type":"Point","coordinates":[409935.7,5654230.2]}},{"type":"Feature","properties":{"h":7.0,"d":7.0,"a":1,"l":"d","gn":28,"t":36},"geometry":{"type":"Point","coordinates":[409936.8,5654242.6]}},{"type":"Feature","properties":{"h":17.0,"d":9.0,"a":0,"l":"d","gn":6,"t":35},"geometry":{"type":"Point","coordinates":[409938.2,5654077.3]}},{"type":"Feature","properties":{"h":12.0,"d":8.0,"a":1,"l":"d","gn":15,"t":22,"f":1},"geometry":{"type":"Point","coordinates":[409938.4,5654897.2]}},{"type":"Feature","properties":{"h":5.0,"d":3.0,"a":1,"l":"d","gn":30,"t":5},"geometry":{"type":"Point","coordinates":[409938.8,5654132.8]}},{"type":"Feature","properties":{"h":16.0,"d":8.0,"a":0,"l":"d","gn":10,"t":59,"f":1},"geometry":{"type":"Point","coordinates":[409938.8,5654755.1]}},{"type":"Feature","properties":{"h":4.0,"d":1.0,"a":1,"l":"d","gn":28,"t":6},"geometry":{"type":"Point","coordinates":[409939.0,5654149.8]}},{"type":"Feature","properties":{"h":6.0,"d":7.0,"a":5,"l":"d","gn":8,"t":19},"geometry":{"type":"Point","coordinates":[409939.0,5654492.0]}},{"type":"Feature","properties":{"h":10.0,"d":10.0,"a":5,"l":"d","gn":8,"t":53},"geometry":{"type":"Point","coordinates":[409939.9,5654111.5]}},{"type":"Feature","properties":{"h":16.0,"d":11.0,"a":0,"l":"d","gn":6,"t":47},"geometry":{"type":"Point","coordinates":[409940.3,5654124.1]}},{"type":"Feature","properties":{"h":18.0,"d":7.0,"a":0,"l":"d","gn":3,"t":34},"geometry":{"type":"Point","coordinates":[409940.5,5654075.4]}},{"type":"Feature","properties":{"h":16.0,"d":13.0,"a":0,"l":"d","gn":6,"t":53},"geometry":{"type":"Point","coordinates":[409940.9,5654123.6]}},{"type":"Feature","properties":{"h":24.0,"d":16.0,"a":0,"l":"d","gn":3,"t":72},"geometry":{"type":"Point","coordinates":[409943.1,5654062.5]}},{"type":"Feature","properties":{"h":10.0,"d":6.0,"a":0,"l":"d","gn":6,"t":22,"f":1},"geometry":{"type":"Point","coordinates":[409943.5,5654751.7]}},{"type":"Feature","properties":{"h":6.0,"d":7.0,"a":5,"l":"d","t":12},"geometry":{"type":"Point","coordinates":[409944.0,5654132.4]}},{"type":"Feature","properties":{"h":17.0,"d":16.0,"a":5,"l":"d","gn":8,"t":45},"geometry":{"type":"Point","coordinates":[409944.5,5654474.9]}},{"type":"Feature","properties":{"h":6.0,"d":6.0,"a":5,"l":"d","gn":8,"t":11},"geometry":{"type":"Point","coordinates":[409944.8,5654487.8]}},{"type":"Feature","properties":{"h":12.0,"d":9.0,"a":1,"l":"d","gn":15,"t":29,"f":1},"geometry":{"type":"Point","coordinates":[409945.9,5654889.3]}},{"type":"Feature","properties":{"h":20.0,"d":19.0,"a":0,"l":"d","gn":3,"t":57},"geometry":{"type":"Point","coordinates":[409946.5,5654354.2]}},{"type":"Feature","properties":{"h":5.0,"d":1.0,"a":1,"l":"d","gn":28,"t":5},"geometry":{"type":"Point","coordinates":[409946.6,5654144.0]}},{"type":"Feature","properties":{"h":16.0,"d":10.0,"a":0,"l":"d","gn":1,"t":50},"geometry":{"type":"Point","coordinates":[409947.4,5655925.4]}},{"type":"Feature","properties":{"h":21.0,"d":21.0,"a":0,"l":"d","gn":3,"t":67},"geometry":{"type":"Point","coordinates":[409947.6,5654372.5]}},{"type":"Feature","properties":{"h":6.0,"d":3.0,"a":1,"l":"d","gn":30,"t":7},"geometry":{"type":"Point","coordinates":[409949.6,5654163.6]}},{"type":"Feature","properties":{"h":7.0,"d":5.0,"a":1,"l":"d","gn":15,"t":11},"geometry":{"type":"Point","coordinates":[409950.4,5654901.2]}},{"type":"Feature","properties":{"h":11.0,"d":6.0,"a":1,"l":"d","gn":15,"t":24,"f":1},"geometry":{"type":"Point","coordinates":[409951.6,5654883.5]}},{"type":"Feature","properties":{"h":12.0,"d":10.0,"a":5,"l":"d","gn":8,"t":41},"geometry":{"type":"Point","coordinates":[409952.2,5655934.5]}},{"type":"Feature","properties":{"h":7.0,"d":6.0,"a":0,"l":"d","gn":7,"t":14},"geometry":{"type":"Point","coordinates":[409952.2,5654139.3]}},{"type":"Feature","properties":{"h":7.0,"d":6.0,"a":5,"l":"d","gn":8,"t":10},"geometry":{"type":"Point","coordinates":[409952.7,5654061.3]}},{"type":"Feature","properties":{"h":17.0,"d":10.0,"a":0,"l":"d","gn":1,"t":54},"geometry":{"type":"Point","coordinates":[409952.8,5654051.0]}},{"type":"Feature","properties":{"h":8.0,"d":4.0,"a":1,"l":"d","gn":28,"t":29},"geometry":{"type":"Point","coordinates":[409953.2,5654230.3]}},{"type":"Feature","properties":{"h":5.0,"d":4.0,"a":1,"l":"d","gn":28,"t":10},"geometry":{"type":"Point","coordinates":[409953.5,5654169.3]}},{"type":"Feature","properties":{"h":11.0,"d":6.0,"a":5,"l":"d","gn":8,"t":17},"geometry":{"type":"Point","coordinates":[409954.0,5654085.7]}},{"type":"Feature","properties":{"h":16.0,"d":17.0,"a":5,"l":"d","gn":8,"t":45},"geometry":{"type":"Point","coordinates":[409955.1,5654467.2]}},{"type":"Feature","properties":{"h":18.0,"d":17.0,"a":0,"l":"d","gn":3,"t":60},"geometry":{"type":"Point","coordinates":[409956.0,5654366.6]}},{"type":"Feature","properties":{"h":7.0,"d":7.0,"a":5,"l":"d","gn":8,"t":24},"geometry":{"type":"Point","coordinates":[409956.1,5654479.6]}},{"type":"Feature","properties":{"h":10.0,"d":6.0,"a":1,"l":"d","gn":15,"t":18},"geometry":{"type":"Point","coordinates":[409956.4,5654895.5]}},{"type":"Feature","properties":{"h":17.0,"d":11.0,"a":0,"l":"d","gn":6,"t":54},"geometry":{"type":"Point","coordinates":[409956.9,5654089.7]}},{"type":"Feature","properties":{"h":20.0,"d":11.0,"a":3,"l":"d","gn":36,"t":68},"geometry":{"type":"Point","coordinates":[409957.0,5654070.1]}},{"type":"Feature","properties":{"h":8.0,"d":6.0,"a":1,"l":"d","gn":15,"t":19,"f":1},"geometry":{"type":"Point","coordinates":[409957.5,5654877.6]}},{"type":"Feature","properties":{"h":9.0,"d":6.0,"a":0,"l":"d","gn":1,"t":25},"geometry":{"type":"Point","coordinates":[409959.9,5654046.4]}},{"type":"Feature","properties":{"h":5.0,"d":1.0,"a":1,"l":"d","gn":28,"t":6},"geometry":{"type":"Point","coordinates":[409960.0,5654161.9]}},{"type":"Feature","properties":{"h":5.0,"d":4.0,"a":5,"l":"d","gn":8,"t":8},"geometry":{"type":"Point","coordinates":[409960.5,5654101.6]}},{"type":"Feature","properties":{"h":17.0,"d":17.0,"a":0,"l":"d","gn":3,"t":75},"geometry":{"type":"Point","coordinates":[409961.1,5654086.7]}},{"type":"Feature","properties":{"h":4.0,"d":1.0,"a":0,"l":"d","gn":3,"t":5},"geometry":{"type":"Point","coordinates":[409962.0,5654060.6]}},{"type":"Feature","properties":{"h":9.0,"d":6.0,"a":1,"l":"d","gn":15,"t":18,"f":1},"geometry":{"type":"Point","coordinates":[409962.5,5654872.8]}},{"type":"Feature","properties":{"h":4.0,"d":1.0,"a":1,"l":"d","gn":28,"t":5},"geometry":{"type":"Point","coordinates":[409962.7,5654181.2]}},{"type":"Feature","properties":{"h":10.0,"d":7.0,"a":5,"l":"d","gn":8,"t":16},"geometry":{"type":"Point","coordinates":[409963.3,5654474.2]}},{"type":"Feature","properties":{"h":21.0,"d":21.0,"a":0,"l":"d","gn":3,"t":51},"geometry":{"type":"Point","coordinates":[409965.4,5654379.7]}},{"type":"Feature","properties":{"h":9.0,"d":6.0,"a":1,"l":"d","gn":11,"t":65},"geometry":{"type":"Point","coordinates":[409966.0,5654136.6]}},{"type":"Feature","properties":{"h":5.0,"d":3.0,"a":1,"l":"d","gn":28,"t":10},"geometry":{"type":"Point","coordinates":[409966.0,5654185.9]}},{"type":"Feature","properties":{"h":16.0,"d":10.0,"a":0,"l":"d","gn":33,"t":52},"geometry":{"type":"Point","coordinates":[409967.1,5654052.4]}},{"type":"Feature","properties":{"h":17.0,"d":16.0,"a":0,"l":"d","gn":3,"t":65},"geometry":{"type":"Point","coordinates":[409967.3,5654398.4]}},{"type":"Feature","properties":{"h":5.0,"d":5.0,"a":5,"l":"d","gn":8,"t":10},"geometry":{"type":"Point","coordinates":[409967.3,5654458.2]}},{"type":"Feature","properties":{"h":7.0,"d":6.0,"a":1,"l":"d","gn":15,"t":13},"geometry":{"type":"Point","coordinates":[409968.3,5654883.4]}},{"type":"Feature","properties":{"h":14.0,"d":6.0,"a":0,"l":"d","gn":1,"t":27},"geometry":{"type":"Point","coordinates":[409968.6,5654045.4]}},{"type":"Feature","properties":{"h":4.0,"d":1.0,"a":1,"l":"d","gn":28,"t":5},"geometry":{"type":"Point","coordinates":[409969.6,5654190.6]}},{"type":"Feature","properties":{"h":12.0,"d":11.0,"a":0,"l":"d","gn":1,"t":32},"geometry":{"type":"Point","coordinates":[409969.8,5655948.7]}},{"type":"Feature","properties":{"h":4.0,"d":1.0,"a":1,"l":"d","gn":28,"t":5},"geometry":{"type":"Point","coordinates":[409970.0,5654175.1]}},{"type":"Feature","properties":{"h":11.0,"d":8.0,"a":0,"l":"d","gn":3,"t":18},"geometry":{"type":"Point","coordinates":[409970.4,5654386.6]}},{"type":"Feature","properties":{"h":17.0,"d":12.0,"a":1,"l":"d","gn":16,"t":48},"geometry":{"type":"Point","coordinates":[409970.7,5654095.9]}},{"type":"Feature","properties":{"h":7.0,"d":6.0,"a":1,"l":"d","gn":15,"t":14,"f":1},"geometry":{"type":"Point","coordinates":[409970.7,5654864.4]}},{"type":"Feature","properties":{"h":8.0,"d":7.0,"a":5,"l":"d","gn":8,"t":47},"geometry":{"type":"Point","coordinates":[409970.8,5654078.6]}},{"type":"Feature","properties":{"h":15.0,"d":8.0,"a":0,"l":"d","gn":1,"t":30},"geometry":{"type":"Point","coordinates":[409971.5,5654132.5]}},{"type":"Feature","properties":{"h":8.0,"d":7.0,"a":5,"l":"d","gn":8,"t":13},"geometry":{"type":"Point","coordinates":[409973.5,5654453.6]}},{"type":"Feature","properties":{"h":5.0,"d":3.0,"a":1,"l":"d","gn":30,"t":6},"geometry":{"type":"Point","coordinates":[409973.6,5654180.0]}},{"type":"Feature","properties":{"h":8.0,"d":5.0,"a":5,"l":"d","gn":27,"t":11},"geometry":{"type":"Point","coordinates":[409974.4,5654053.8]}},{"type":"Feature","properties":{"h":21.0,"d":10.0,"a":1,"l":"d","gn":16,"t":54},"geometry":{"type":"Point","coordinates":[409974.7,5654080.2]}},{"type":"Feature","properties":{"h":21.0,"d":21.0,"a":0,"l":"d","gn":3,"t":50},"geometry":{"type":"Point","coordinates":[409975.0,5654392.9]}},{"type":"Feature","properties":{"h":14.0,"d":8.0,"a":1,"l":"d","gn":11,"t":29},"geometry":{"type":"Point","coordinates":[409975.9,5654128.6]}},{"type":"Feature","properties":{"h":8.0,"d":6.0,"a":1,"l":"d","gn":15,"t":16,"f":1},"geometry":{"type":"Point","coordinates":[409975.9,5654859.0]}},{"type":"Feature","properties":{"h":9.0,"d":7.0,"a":5,"l":"d","gn":27,"t":15},"geometry":{"type":"Point","coordinates":[409976.9,5654058.2]}},{"type":"Feature","properties":{"h":4.0,"d":2.0,"a":0,"l":"d","gn":33,"t":6},"geometry":{"type":"Point","coordinates":[409976.9,5654096.1]}},{"type":"Feature","properties":{"h":16.0,"d":9.0,"a":0,"l":"d","gn":1,"t":53},"geometry":{"type":"Point","coordinates":[409977.2,5654073.5]}},{"type":"Feature","properties":{"h":17.0,"d":13.0,"a":1,"l":"d","gn":11,"t":34},"geometry":{"type":"Point","coordinates":[409977.8,5654126.2]}},{"type":"Feature","properties":{"h":8.0,"d":6.0,"a":1,"l":"d","gn":15,"t":16},"geometry":{"type":"Point","coordinates":[409978.2,5654873.4]}},{"type":"Feature","properties":{"h":15.0,"d":9.0,"a":0,"l":"d","gn":1,"t":38},"geometry":{"type":"Point","coordinates":[409978.3,5655048.8]}},{"type":"Feature","properties":{"h":16.0,"d":13.0,"a":0,"l":"d","gn":3,"t":40},"geometry":{"type":"Point","coordinates":[409978.5,5655021.7]}},{"type":"Feature","properties":{"h":5.0,"d":6.0,"a":5,"l":"d","gn":8,"t":10},"geometry":{"type":"Point","coordinates":[409979.2,5654449.4]}},{"type":"Feature","properties":{"h":17.0,"d":14.0,"a":1,"l":"d","gn":11,"t":44},"geometry":{"type":"Point","coordinates":[409979.7,5654124.7]}},{"type":"Feature","properties":{"h":14.0,"d":3.0,"a":0,"l":"d","gn":1,"t":12},"geometry":{"type":"Point","coordinates":[409980.5,5654067.1]}},{"type":"Feature","properties":{"h":9.0,"d":6.0,"a":1,"l":"d","gn":15,"t":16,"f":1},"geometry":{"type":"Point","coordinates":[409981.1,5654853.8]}},{"type":"Feature","properties":{"h":16.0,"d":9.0,"a":0,"l":"d","gn":1,"t":47},"geometry":{"type":"Point","coordinates":[409981.4,5654062.3]}},{"type":"Feature","properties":{"h":18.0,"d":8.0,"a":1,"l":"d","gn":16,"t":48},"geometry":{"type":"Point","coordinates":[409981.8,5654070.9]}},{"type":"Feature","properties":{"h":10.0,"d":7.0,"a":0,"l":"d","gn":1,"t":14},"geometry":{"type":"Point","coordinates":[409982.3,5654123.3]}},{"type":"Feature","properties":{"h":16.0,"d":8.0,"a":0,"l":"d","gn":1,"t":84},"geometry":{"type":"Point","coordinates":[409982.7,5654065.9]}},{"type":"Feature","properties":{"h":7.0,"d":5.0,"a":1,"l":"d","gn":15,"t":13},"geometry":{"type":"Point","coordinates":[409982.9,5654869.2]}},{"type":"Feature","properties":{"h":12.0,"d":10.0,"a":1,"l":"d","gn":21,"t":76},"geometry":{"type":"Point","coordinates":[409982.9,5654096.2]}},{"type":"Feature","properties":{"h":17.0,"d":17.0,"a":1,"l":"d","gn":11,"t":47},"geometry":{"type":"Point","coordinates":[409984.5,5654121.9]}},{"type":"Feature","properties":{"h":25.0,"d":21.0,"a":0,"l":"d","gn":3,"t":59},"geometry":{"type":"Point","coordinates":[409984.8,5654406.4]}},{"type":"Feature","properties":{"h":10.0,"d":9.0,"a":0,"l":"d","gn":1,"t":25},"geometry":{"type":"Point","coordinates":[409985.0,5654747.1]}},{"type":"Feature","properties":{"h":12.0,"d":10.0,"a":0,"l":"d","gn":3,"t":26},"geometry":{"type":"Point","coordinates":[409985.5,5655030.7]}},{"type":"Feature","properties":{"h":8.0,"d":4.0,"a":0,"l":"d","gn":3,"t":9},"geometry":{"type":"Point","coordinates":[409985.5,5654069.0]}},{"type":"Feature","properties":{"h":16.0,"d":14.0,"a":0,"l":"d","gn":3,"t":46},"geometry":{"type":"Point","coordinates":[409985.5,5655016.4]}},{"type":"Feature","properties":{"h":7.0,"d":6.0,"a":5,"l":"d","gn":8,"t":22},"geometry":{"type":"Point","coordinates":[409985.7,5654457.5]}},{"type":"Feature","properties":{"h":12.0,"d":7.0,"a":0,"l":"d","gn":1,"t":25},"geometry":{"type":"Point","coordinates":[409985.8,5655956.4]}},{"type":"Feature","properties":{"h":7.0,"d":6.0,"a":5,"l":"d","gn":12,"t":11},"geometry":{"type":"Point","coordinates":[409986.3,5654213.8]}},{"type":"Feature","properties":{"h":5.0,"d":4.0,"a":0,"l":"d","gn":1,"t":6,"f":1},"geometry":{"type":"Point","coordinates":[409986.4,5654848.8]}},{"type":"Feature","properties":{"h":8.0,"d":3.0,"a":5,"l":"d","gn":8,"t":9},"geometry":{"type":"Point","coordinates":[409986.8,5654070.9]}},{"type":"Feature","properties":{"h":12.0,"d":5.0,"a":0,"l":"d","gn":3,"t":15},"geometry":{"type":"Point","coordinates":[409987.4,5654071.7]}},{"type":"Feature","properties":{"h":15.0,"d":9.0,"a":0,"l":"d","gn":1,"t":23},"geometry":{"type":"Point","coordinates":[409987.5,5654119.8]}},{"type":"Feature","properties":{"h":9.0,"d":7.0,"a":1,"l":"d","gn":15,"t":18},"geometry":{"type":"Point","coordinates":[409988.1,5654864.0]}},{"type":"Feature","properties":{"h":9.0,"d":3.0,"a":0,"l":"d","gn":3,"t":11},"geometry":{"type":"Point","coordinates":[409988.6,5654074.4]}},{"type":"Feature","properties":{"h":13.0,"d":9.0,"a":0,"l":"d","gn":1,"t":28},"geometry":{"type":"Point","coordinates":[409989.5,5654074.8]}},{"type":"Feature","properties":{"h":11.0,"d":8.0,"a":0,"l":"d","gn":1,"t":25},"geometry":{"type":"Point","coordinates":[409990.1,5654754.2]}},{"type":"Feature","properties":{"h":13.0,"d":9.0,"a":0,"l":"d","gn":3,"t":24},"geometry":{"type":"Point","coordinates":[409990.5,5654413.7]}},{"type":"Feature","properties":{"h":6.0,"d":7.0,"a":5,"l":"d","gn":8,"t":19},"geometry":{"type":"Point","coordinates":[409991.0,5654453.6]}},{"type":"Feature","properties":{"h":7.0,"d":8.0,"a":5,"l":"d","gn":12,"t":18},"geometry":{"type":"Point","coordinates":[409991.2,5654220.1]}},{"type":"Feature","properties":{"h":18.0,"d":14.0,"a":0,"l":"d","gn":7,"t":84},"geometry":{"type":"Point","coordinates":[409991.2,5654082.1]}},{"type":"Feature","properties":{"h":6.0,"d":2.0,"a":1,"l":"d","gn":15,"t":16,"f":1},"geometry":{"type":"Point","coordinates":[409991.6,5654843.3]}},{"type":"Feature","properties":{"h":19.0,"d":18.0,"a":1,"l":"d","gn":11,"t":52},"geometry":{"type":"Point","coordinates":[409992.7,5654117.1]}},{"type":"Feature","properties":{"h":11.0,"d":10.0,"a":0,"l":"d","gn":3,"t":43},"geometry":{"type":"Point","coordinates":[409992.8,5655025.4]}},{"type":"Feature","properties":{"h":6.0,"d":7.0,"a":1,"l":"d","gn":15,"t":13},"geometry":{"type":"Point","coordinates":[409993.4,5654858.3]}},{"type":"Feature","properties":{"h":15.0,"d":12.0,"a":0,"l":"d","gn":1,"t":53},"geometry":{"type":"Point","coordinates":[409994.0,5654104.5]}},{"type":"Feature","properties":{"h":7.0,"d":7.0,"a":5,"l":"d","gn":12,"t":16},"geometry":{"type":"Point","coordinates":[409994.5,5654207.9]}},{"type":"Feature","properties":{"h":21.0,"d":16.0,"a":0,"l":"d","gn":3,"t":46},"geometry":{"type":"Point","coordinates":[409994.9,5654419.7]}},{"type":"Feature","properties":{"h":11.0,"d":7.0,"a":0,"l":"d","gn":1,"t":24},"geometry":{"type":"Point","coordinates":[409995.4,5655961.2]}},{"type":"Feature","properties":{"h":17.0,"d":16.0,"a":1,"l":"d","gn":11,"t":37},"geometry":{"type":"Point","coordinates":[409995.7,5654114.5]}},{"type":"Feature","properties":{"h":7.0,"d":7.0,"a":5,"l":"d","gn":8,"t":16},"geometry":{"type":"Point","coordinates":[409996.0,5654450.0]}},{"type":"Feature","properties":{"h":5.0,"d":6.0,"a":5,"l":"d","gn":12,"t":10},"geometry":{"type":"Point","coordinates":[409996.1,5654226.4]}},{"type":"Feature","properties":{"h":10.0,"d":6.0,"a":1,"l":"d","gn":15,"t":24,"f":1},"geometry":{"type":"Point","coordinates":[409997.1,5654838.2]}},{"type":"Feature","properties":{"h":16.0,"d":14.0,"a":0,"l":"d","gn":1,"t":50},"geometry":{"type":"Point","coordinates":[409997.6,5655077.1]}},{"type":"Feature","properties":{"h":10.0,"d":7.0,"a":1,"l":"d","gn":15,"t":13},"geometry":{"type":"Point","coordinates":[409998.1,5654853.5]}},{"type":"Feature","properties":{"h":16.0,"d":12.0,"a":1,"l":"d","gn":11,"t":44},"geometry":{"type":"Point","coordinates":[409998.3,5654113.0]}},{"type":"Feature","properties":{"h":11.0,"d":6.4,"a":0,"l":"d","s":"osm"},"geometry":{"type":"Point","coordinates":[409998.4,5654171.7]}}]}