{"type": "FeatureCollection", "crs": {"type": "name", "properties": {"name": "urn:ogc:def:crs:EPSG::25832"}}, "features": [{"type": "Feature", "properties": {"h": 17.7}, "geometry": {"type": "Point", "coordinates": [692054.5, 5333994.5]}}, {"type": "Feature", "properties": {"h": 17.9}, "geometry": {"type": "Point", "coordinates": [692057.5, 5333993.5]}}, {"type": "Feature", "properties": {"h": 17.9}, "geometry": {"type": "Point", "coordinates": [692064.5, 5333993.5]}}, {"type": "Feature", "properties": {"h": 17.2}, "geometry": {"type": "Point", "coordinates": [692073.5, 5333999.5]}}, {"type": "Feature", "properties": {"h": 13.4}, "geometry": {"type": "Point", "coordinates": [693525.5, 5333999.5]}}, {"type": "Feature", "properties": {"h": 16.0}, "geometry": {"type": "Point", "coordinates": [693528.5, 5333997.5]}}, {"type": "Feature", "properties": {"h": 17.2}, "geometry": {"type": "Point", "coordinates": [693539.5, 5333997.5]}}, {"type": "Feature", "properties": {"h": 16.8}, "geometry": {"type": "Point", "coordinates": [693544.5, 5333993.5]}}, {"type": "Feature", "properties": {"h": 14.5}, "geometry": {"type": "Point", "coordinates": [693547.5, 5333993.5]}}, {"type": "Feature", "properties": {"h": 15.4}, "geometry": {"type": "Point", "coordinates": [693560.5, 5333998.5]}}, {"type": "Feature", "properties": {"h": 15.9}, "geometry": {"type": "Point", "coordinates": [693561.5, 5333998.5]}}, {"type": "Feature", "properties": {"h": 11.4}, "geometry": {"type": "Point", "coordinates": [692048.5, 5333989.5]}}, {"type": "Feature", "properties": {"h": 17.5}, "geometry": {"type": "Point", "coordinates": [692055.5, 5333991.5]}}, {"type": "Feature", "properties": {"h": 17.8}, "geometry": {"type": "Point", "coordinates": [692056.5, 5333992.5]}}, {"type": "Feature", "properties": {"h": 17.9}, "geometry": {"type": "Point", "coordinates": [692063.5, 5333992.5]}}, {"type": "Feature", "properties": {"h": 19.4}, "geometry": {"type": "Point", "coordinates": [692320.5, 5333986.5]}}, {"type": "Feature", "properties": {"h": 18.9}, "geometry": {"type": "Point", "coordinates": [692322.5, 5333987.5]}}, {"type": "Feature", "properties": {"h": 22.4}, "geometry": {"type": "Point", "coordinates": [692572.5, 5333986.5]}}, {"type": "Feature", "properties": {"h": 22.2}, "geometry": {"type": "Point", "coordinates": [692574.5, 5333987.5]}}, {"type": "Feature", "properties": {"h": 14.1}, "geometry": {"type": "Point", "coordinates": [693532.5, 5333992.5]}}, {"type": "Feature", "properties": {"h": 16.4}, "geometry": {"type": "Point", "coordinates": [693539.5, 5333986.5]}}, {"type": "Feature", "properties": {"h": 17.5}, "geometry": {"type": "Point", "coordinates": [693544.5, 5333991.5]}}, {"type": "Feature", "properties": {"h": 15.9}, "geometry": {"type": "Point", "coordinates": [693550.5, 5333986.5]}}, {"type": "Feature", "properties": {"h": 9.9}, "geometry": {"type": "Point", "coordinates": [693554.5, 5333987.5]}}, {"type": "Feature", "properties": {"h": 10.9}, "geometry": {"type": "Point", "coordinates": [692036.5, 5333979.5]}}, {"type": "Feature", "properties": {"h": 13.3}, "geometry": {"type": "Point", "coordinates": [692048.5, 5333981.5]}}, {"type": "Feature", "properties": {"h": 14.9}, "geometry": {"type": "Point", "coordinates": [692054.5, 5333983.5]}}, {"type": "Feature", "properties": {"h": 13.6}, "geometry": {"type": "Point", "coordinates": [692057.5, 5333985.5]}}, {"type": "Feature", "properties": {"h": 28.1}, "geometry": {"type": "Point", "coordinates": [692314.5, 5333980.5]}}, {"type": "Feature", "properties": {"h": 28.6}, "geometry": {"type": "Point", "coordinates": [692316.5, 5333979.5]}}, {"type": "Feature", "properties": {"h": 21.8}, "geometry": {"type": "Point", "coordinates": [692322.5, 5333980.5]}}, {"type": "Feature", "properties": {"h": 21.4}, "geometry": {"type": "Point", "coordinates": [692572.5, 5333985.5]}}, {"type": "Feature", "properties": {"h": 21.1}, "geometry": {"type": "Point", "coordinates": [692574.5, 5333985.5]}}, {"type": "Feature", "properties": {"h": 13.2}, "geometry": {"type": "Point", "coordinates": [692581.5, 5333979.5]}}, {"type": "Feature", "properties": {"h": 15.5}, "geometry": {"type": "Point", "coordinates": [693539.5, 5333985.5]}}, {"type": "Feature", "properties": {"h": 15.8}, "geometry": {"type": "Point", "coordinates": [693540.5, 5333985.5]}}, {"type": "Feature", "properties": {"h": 15.0}, "geometry": {"type": "Point", "coordinates": [693549.5, 5333985.5]}}, {"type": "Feature", "properties": {"h": 13.5}, "geometry": {"type": "Point", "coordinates": [692027.5, 5333972.5]}}, {"type": "Feature", "properties": {"h": 14.1}, "geometry": {"type": "Point", "coordinates": [692031.5, 5333972.5]}}, {"type": "Feature", "properties": {"h": 14.8}, "geometry": {"type": "Point", "coordinates": [692041.5, 5333972.5]}}, {"type": "Feature", "properties": {"h": 16.7}, "geometry": {"type": "Point", "coordinates": [692044.5, 5333976.5]}}, {"type": "Feature", "properties": {"h": 33.4}, "geometry": {"type": "Point", "coordinates": [692309.5, 5333972.5]}}, {"type": "Feature", "properties": {"h": 28.5}, "geometry": {"type": "Point", "coordinates": [692316.5, 5333978.5]}}, {"type": "Feature", "properties": {"h": 16.1}, "geometry": {"type": "Point", "coordinates": [692322.5, 5333978.5]}}, {"type": "Feature", "properties": {"h": 25.9}, "geometry": {"type": "Point", "coordinates": [692573.5, 5333972.5]}}, {"type": "Feature", "properties": {"h": 26.7}, "geometry": {"type": "Point", "coordinates": [692575.5, 5333976.5]}}, {"type": "Feature", "properties": {"h": 18.5}, "geometry": {"type": "Point", "coordinates": [692581.5, 5333978.5]}}, {"type": "Feature", "properties": {"h": 21.8}, "geometry": {"type": "Point", "coordinates": [692588.5, 5333972.5]}}, {"type": "Feature", "properties": {"h": 7.2}, "geometry": {"type": "Point", "coordinates": [693546.5, 5333978.5]}}, {"type": "Feature", "properties": {"h": 8.4}, "geometry": {"type": "Point", "coordinates": [692019.5, 5333965.5]}}, {"type": "Feature", "properties": {"h": 15.8}, "geometry": {"type": "Point", "coordinates": [692026.5, 5333969.5]}}, {"type": "Feature", "properties": {"h": 18.4}, "geometry": {"type": "Point", "coordinates": [692030.5, 5333965.5]}}, {"type": "Feature", "properties": {"h": 15.9}, "geometry": {"type": "Point", "coordinates": [692036.5, 5333968.5]}}, {"type": "Feature", "properties": {"h": 36.1}, "geometry": {"type": "Point", "coordinates": [692307.5, 5333970.5]}}, {"type": "Feature", "properties": {"h": 35.2}, "geometry": {"type": "Point", "coordinates": [692308.5, 5333971.5]}}, {"type": "Feature", "properties": {"h": 23.3}, "geometry": {"type": "Point", "coordinates": [692316.5, 5333971.5]}}, {"type": "Feature", "properties": {"h": 23.0}, "geometry": {"type": "Point", "coordinates": [692566.5, 5333966.5]}}, {"type": "Feature", "properties": {"h": 25.8}, "geometry": {"type": "Point", "coordinates": [692573.5, 5333971.5]}}, {"type": "Feature", "properties": {"h": 26.3}, "geometry": {"type": "Point", "coordinates": [692574.5, 5333971.5]}}, {"type": "Feature", "properties": {"h": 24.7}, "geometry": {"type": "Point", "coordinates": [692587.5, 5333966.5]}}, {"type": "Feature", "properties": {"h": 25.7}, "geometry": {"type": "Point", "coordinates": [692590.5, 5333965.5]}}, {"type": "Feature", "properties": {"h": 12.8}, "geometry": {"type": "Point", "coordinates": [692013.5, 5333958.5]}}, {"type": "Feature", "properties": {"h": 15.9}, "geometry": {"type": "Point", "coordinates": [692020.5, 5333958.5]}}, {"type": "Feature", "properties": {"h": 15.8}, "geometry": {"type": "Point", "coordinates": [692021.5, 5333958.5]}}, {"type": "Feature", "properties": {"h": 18.4}, "geometry": {"type": "Point", "coordinates": [692030.5, 5333964.5]}}, {"type": "Feature", "properties": {"h": 22.3}, "geometry": {"type": "Point", "coordinates": [692566.5, 5333964.5]}}, {"type": "Feature", "properties": {"h": 23.6}, "geometry": {"type": "Point", "coordinates": [692573.5, 5333958.5]}}, {"type": "Feature", "properties": {"h": 25.8}, "geometry": {"type": "Point", "coordinates": [692577.5, 5333959.5]}}, {"type": "Feature", "properties": {"h": 24.4}, "geometry": {"type": "Point", "coordinates": [692583.5, 5333958.5]}}, {"type": "Feature", "properties": {"h": 25.5}, "geometry": {"type": "Point", "coordinates": [692590.5, 5333964.5]}}, {"type": "Feature", "properties": {"h": 9.1}, "geometry": {"type": "Point", "coordinates": [692006.5, 5333954.5]}}, {"type": "Feature", "properties": {"h": 14.3}, "geometry": {"type": "Point", "coordinates": [692012.5, 5333951.5]}}, {"type": "Feature", "properties": {"h": 16.1}, "geometry": {"type": "Point", "coordinates": [692020.5, 5333957.5]}}, {"type": "Feature", "properties": {"h": 16.6}, "geometry": {"type": "Point", "coordinates": [692022.5, 5333956.5]}}, {"type": "Feature", "properties": {"h": 27.8}, "geometry": {"type": "Point", "coordinates": [692566.5, 5333952.5]}}, {"type": "Feature", "properties": {"h": 31.4}, "geometry": {"type": "Point", "coordinates": [692573.5, 5333951.5]}}, {"type": "Feature", "properties": {"h": 31.3}, "geometry": {"type": "Point", "coordinates": [692574.5, 5333951.5]}}, {"type": "Feature", "properties": {"h": 25.2}, "geometry": {"type": "Point", "coordinates": [692581.5, 5333956.5]}}, {"type": "Feature", "properties": {"h": 24.5}, "geometry": {"type": "Point", "coordinates": [692590.5, 5333951.5]}}, {"type": "Feature", "properties": {"h": 17.2}, "geometry": {"type": "Point", "coordinates": [692006.5, 5333944.5]}}, {"type": "Feature", "properties": {"h": 17.2}, "geometry": {"type": "Point", "coordinates": [692007.5, 5333944.5]}}, {"type": "Feature", "properties": {"h": 15.3}, "geometry": {"type": "Point", "coordinates": [692016.5, 5333950.5]}}, {"type": "Feature", "properties": {"h": 28.2}, "geometry": {"type": "Point", "coordinates": [692566.5, 5333949.5]}}, {"type": "Feature", "properties": {"h": 31.2}, "geometry": {"type": "Point", "coordinates": [692573.5, 5333950.5]}}, {"type": "Feature", "properties": {"h": 31.6}, "geometry": {"type": "Point", "coordinates": [692576.5, 5333944.5]}}, {"type": "Feature", "properties": {"h": 29.4}, "geometry": {"type": "Point", "coordinates": [692581.5, 5333947.5]}}, {"type": "Feature", "properties": {"h": 25.3}, "geometry": {"type": "Point", "coordinates": [692590.5, 5333949.5]}}, {"type": "Feature", "properties": {"h": 17.0}, "geometry": {"type": "Point", "coordinates": [692006.5, 5333943.5]}}, {"type": "Feature", "properties": {"h": 16.9}, "geometry": {"type": "Point", "coordinates": [692007.5, 5333943.5]}}, {"type": "Feature", "properties": {"h": 26.9}, "geometry": {"type": "Point", "coordinates": [692566.5, 5333937.5]}}, {"type": "Feature", "properties": {"h": 27.9}, "geometry": {"type": "Point", "coordinates": [692570.5, 5333942.5]}}, {"type": "Feature", "properties": {"h": 31.3}, "geometry": {"type": "Point", "coordinates": [692576.5, 5333943.5]}}, {"type": "Feature", "properties": {"h": 29.6}, "geometry": {"type": "Point", "coordinates": [692581.5, 5333942.5]}}, {"type": "Feature", "properties": {"h": 22.7}, "geometry": {"type": "Point", "coordinates": [692588.5, 5333943.5]}}, {"type": "Feature", "properties": {"h": 17.2}, "geometry": {"type": "Point", "coordinates": [692000.5, 5333936.5]}}, {"type": "Feature", "properties": {"h": 22.5}, "geometry": {"type": "Point", "coordinates": [692279.5, 5333931.5]}}, {"type": "Feature", "properties": {"h": 22.2}, "geometry": {"type": "Point", "coordinates": [692280.5, 5333932.5]}}, {"type": "Feature", "properties": {"h": 19.0}, "geometry": {"type": "Point", "coordinates": [692559.5, 5333931.5]}}, {"type": "Feature", "properties": {"h": 26.9}, "geometry": {"type": "Point", "coordinates": [692566.5, 5333936.5]}}, {"type": "Feature", "properties": {"h": 30.2}, "geometry": {"type": "Point", "coordinates": [692571.5, 5333931.5]}}, {"type": "Feature", "properties": {"h": 27.5}, "geometry": {"type": "Point", "coordinates": [692577.5, 5333934.5]}}, {"type": "Feature", "properties": {"h": 27.0}, "geometry": {"type": "Point", "coordinates": [692581.5, 5333936.5]}}, {"type": "Feature", "properties": {"h": 18.4}, "geometry": {"type": "Point", "coordinates": [692588.5, 5333935.5]}}, {"type": "Feature", "properties": {"h": 22.9}, "geometry": {"type": "Point", "coordinates": [692279.5, 5333925.5]}}, {"type": "Feature", "properties": {"h": 24.4}, "geometry": {"type": "Point", "coordinates": [692281.5, 5333927.5]}}, {"type": "Feature", "properties": {"h": 15.6}, "geometry": {"type": "Point", "coordinates": [692287.5, 5333927.5]}}, {"type": "Feature", "properties": {"h": 28.0}, "geometry": {"type": "Point", "coordinates": [692566.5, 5333924.5]}}, {"type": "Feature", "properties": {"h": 30.4}, "geometry": {"type": "Point", "coordinates": [692570.5, 5333927.5]}}, {"type": "Feature", "properties": {"h": 26.8}, "geometry": {"type": "Point", "coordinates": [692576.5, 5333927.5]}}, {"type": "Feature", "properties": {"h": 26.3}, "geometry": {"type": "Point", "coordinates": [692581.5, 5333927.5]}}, {"type": "Feature", "properties": {"h": 22.6}, "geometry": {"type": "Point", "coordinates": [692588.5, 5333923.5]}}, {"type": "Feature", "properties": {"h": 7.4}, "geometry": {"type": "Point", "coordinates": [692268.5, 5333916.5]}}, {"type": "Feature", "properties": {"h": 11.4}, "geometry": {"type": "Point", "coordinates": [692342.5, 5333916.5]}}, {"type": "Feature", "properties": {"h": 10.5}, "geometry": {"type": "Point", "coordinates": [692343.5, 5333916.5]}}, {"type": "Feature", "properties": {"h": 24.1}, "geometry": {"type": "Point", "coordinates": [692566.5, 5333920.5]}}, {"type": "Feature", "properties": {"h": 27.1}, "geometry": {"type": "Point", "coordinates": [692571.5, 5333922.5]}}, {"type": "Feature", "properties": {"h": 25.7}, "geometry": {"type": "Point", "coordinates": [692578.5, 5333917.5]}}, {"type": "Feature", "properties": {"h": 25.1}, "geometry": {"type": "Point", "coordinates": [692581.5, 5333922.5]}}, {"type": "Feature", "properties": {"h": 23.6}, "geometry": {"type": "Point", "coordinates": [692588.5, 5333921.5]}}, {"type": "Feature", "properties": {"h": 21.6}, "geometry": {"type": "Point", "coordinates": [692265.5, 5333909.5]}}, {"type": "Feature", "properties": {"h": 21.4}, "geometry": {"type": "Point", "coordinates": [692266.5, 5333909.5]}}, {"type": "Feature", "properties": {"h": 3.8}, "geometry": {"type": "Point", "coordinates": [692273.5, 5333909.5]}}, {"type": "Feature", "properties": {"h": 13.8}, "geometry": {"type": "Point", "coordinates": [692342.5, 5333909.5]}}, {"type": "Feature", "properties": {"h": 16.6}, "geometry": {"type": "Point", "coordinates": [692347.5, 5333910.5]}}, {"type": "Feature", "properties": {"h": 13.8}, "geometry": {"type": "Point", "coordinates": [692350.5, 5333911.5]}}, {"type": "Feature", "properties": {"h": 15.1}, "geometry": {"type": "Point", "coordinates": [692558.5, 5333909.5]}}, {"type": "Feature", "properties": {"h": 27.1}, "geometry": {"type": "Point", "coordinates": [692565.5, 5333909.5]}}, {"type": "Feature", "properties": {"h": 26.7}, "geometry": {"type": "Point", "coordinates": [692567.5, 5333909.5]}}, {"type": "Feature", "properties": {"h": 24.8}, "geometry": {"type": "Point", "coordinates": [692574.5, 5333915.5]}}, {"type": "Feature", "properties": {"h": 24.0}, "geometry": {"type": "Point", "coordinates": [692581.5, 5333915.5]}}, {"type": "Feature", "properties": {"h": 14.3}, "geometry": {"type": "Point", "coordinates": [692588.5, 5333915.5]}}, {"type": "Feature", "properties": {"h": 18.3}, "geometry": {"type": "Point", "coordinates": [692258.5, 5333902.5]}}, {"type": "Feature", "properties": {"h": 22.0}, "geometry": {"type": "Point", "coordinates": [692265.5, 5333907.5]}}, {"type": "Feature", "properties": {"h": 22.1}, "geometry": {"type": "Point", "coordinates": [692266.5, 5333907.5]}}, {"type": "Feature", "properties": {"h": 5.1}, "geometry": {"type": "Point", "coordinates": [692273.5, 5333908.5]}}, {"type": "Feature", "properties": {"h": 12.4}, "geometry": {"type": "Point", "coordinates": [692333.5, 5333902.5]}}, {"type": "Feature", "properties": {"h": 15.5}, "geometry": {"type": "Point", "coordinates": [692342.5, 5333902.5]}}, {"type": "Feature", "properties": {"h": 16.0}, "geometry": {"type": "Point", "coordinates": [692348.5, 5333908.5]}}, {"type": "Feature", "properties": {"h": 13.4}, "geometry": {"type": "Point", "coordinates": [692350.5, 5333907.5]}}, {"type": "Feature", "properties": {"h": 17.9}, "geometry": {"type": "Point", "coordinates": [692559.5, 5333902.5]}}, {"type": "Feature", "properties": {"h": 27.1}, "geometry": {"type": "Point", "coordinates": [692565.5, 5333908.5]}}, {"type": "Feature", "properties": {"h": 26.8}, "geometry": {"type": "Point", "coordinates": [692567.5, 5333908.5]}}, {"type": "Feature", "properties": {"h": 25.8}, "geometry": {"type": "Point", "coordinates": [692574.5, 5333902.5]}}, {"type": "Feature", "properties": {"h": 24.6}, "geometry": {"type": "Point", "coordinates": [692581.5, 5333902.5]}}, {"type": "Feature", "properties": {"h": 17.6}, "geometry": {"type": "Point", "coordinates": [692588.5, 5333905.5]}}, {"type": "Feature", "properties": {"h": 22.2}, "geometry": {"type": "Point", "coordinates": [692252.5, 5333895.5]}}, {"type": "Feature", "properties": {"h": 13.3}, "geometry": {"type": "Point", "coordinates": [692265.5, 5333899.5]}}, {"type": "Feature", "properties": {"h": 17.5}, "geometry": {"type": "Point", "coordinates": [692267.5, 5333900.5]}}, {"type": "Feature", "properties": {"h": 16.4}, "geometry": {"type": "Point", "coordinates": [692328.5, 5333895.5]}}, {"type": "Feature", "properties": {"h": 17.6}, "geometry": {"type": "Point", "coordinates": [692335.5, 5333895.5]}}, {"type": "Feature", "properties": {"h": 18.2}, "geometry": {"type": "Point", "coordinates": [692340.5, 5333898.5]}}, {"type": "Feature", "properties": {"h": 15.7}, "geometry": {"type": "Point", "coordinates": [692343.5, 5333898.5]}}, {"type": "Feature", "properties": {"h": 4.7}, "geometry": {"type": "Point", "coordinates": [692545.5, 5333895.5]}}, {"type": "Feature", "properties": {"h": 8.2}, "geometry": {"type": "Point", "coordinates": [692552.5, 5333895.5]}}, {"type": "Feature", "properties": {"h": 23.6}, "geometry": {"type": "Point", "coordinates": [692559.5, 5333895.5]}}, {"type": "Feature", "properties": {"h": 25.0}, "geometry": {"type": "Point", "coordinates": [692566.5, 5333898.5]}}, {"type": "Feature", "properties": {"h": 28.9}, "geometry": {"type": "Point", "coordinates": [692571.5, 5333899.5]}}, {"type": "Feature", "properties": {"h": 27.3}, "geometry": {"type": "Point", "coordinates": [692574.5, 5333895.5]}}, {"type": "Feature", "properties": {"h": 24.6}, "geometry": {"type": "Point", "coordinates": [692581.5, 5333901.5]}}, {"type": "Feature", "properties": {"h": 17.9}, "geometry": {"type": "Point", "coordinates": [692588.5, 5333895.5]}}, {"type": "Feature", "properties": {"h": 22.8}, "geometry": {"type": "Point", "coordinates": [692250.5, 5333893.5]}}, {"type": "Feature", "properties": {"h": 20.8}, "geometry": {"type": "Point", "coordinates": [692252.5, 5333894.5]}}, {"type": "Feature", "properties": {"h": 28.5}, "geometry": {"type": "Point", "coordinates": [692323.5, 5333889.5]}}, {"type": "Feature", "properties": {"h": 17.4}, "geometry": {"type": "Point", "coordinates": [692334.5, 5333890.5]}}, {"type": "Feature", "properties": {"h": 17.4}, "geometry": {"type": "Point", "coordinates": [692336.5, 5333894.5]}}, {"type": "Feature", "properties": {"h": 3.8}, "geometry": {"type": "Point", "coordinates": [692545.5, 5333894.5]}}, {"type": "Feature", "properties": {"h": 8.5}, "geometry": {"type": "Point", "coordinates": [692552.5, 5333893.5]}}, {"type": "Feature", "properties": {"h": 23.6}, "geometry": {"type": "Point", "coordinates": [692559.5, 5333894.5]}}, {"type": "Feature", "properties": {"h": 24.6}, "geometry": {"type": "Point", "coordinates": [692565.5, 5333888.5]}}, {"type": "Feature", "properties": {"h": 28.2}, "geometry": {"type": "Point", "coordinates": [692571.5, 5333894.5]}}, {"type": "Feature", "properties": {"h": 27.5}, "geometry": {"type": "Point", "coordinates": [692574.5, 5333893.5]}}, {"type": "Feature", "properties": {"h": 21.4}, "geometry": {"type": "Point", "coordinates": [692584.5, 5333894.5]}}, {"type": "Feature", "properties": {"h": 17.9}, "geometry": {"type": "Point", "coordinates": [692588.5, 5333894.5]}}, {"type": "Feature", "properties": {"h": 31.4}, "geometry": {"type": "Point", "coordinates": [692236.5, 5333881.5]}}, {"type": "Feature", "properties": {"h": 43.4}, "geometry": {"type": "Point", "coordinates": [692239.5, 5333883.5]}}, {"type": "Feature", "properties": {"h": 14.1}, "geometry": {"type": "Point", "coordinates": [692247.5, 5333886.5]}}, {"type": "Feature", "properties": {"h": 4.1}, "geometry": {"type": "Point", "coordinates": [692253.5, 5333887.5]}}, {"type": "Feature", "properties": {"h": 29.5}, "geometry": {"type": "Point", "coordinates": [692320.5, 5333881.5]}}, {"type": "Feature", "properties": {"h": 28.8}, "geometry": {"type": "Point", "coordinates": [692322.5, 5333883.5]}}, {"type": "Feature", "properties": {"h": 25.9}, "geometry": {"type": "Point", "coordinates": [692329.5, 5333882.5]}}, {"type": "Feature", "properties": {"h": 14.6}, "geometry": {"type": "Point", "coordinates": [692336.5, 5333887.5]}}, {"type": "Feature", "properties": {"h": 17.3}, "geometry": {"type": "Point", "coordinates": [692552.5, 5333881.5]}}, {"type": "Feature", "properties": {"h": 23.3}, "geometry": {"type": "Point", "coordinates": [692559.5, 5333881.5]}}, {"type": "Feature", "properties": {"h": 24.5}, "geometry": {"type": "Point", "coordinates": [692564.5, 5333887.5]}}, {"type": "Feature", "properties": {"h": 24.5}, "geometry": {"type": "Point", "coordinates": [692571.5, 5333887.5]}}, {"type": "Feature", "properties": {"h": 23.3}, "geometry": {"type": "Point", "coordinates": [692574.5, 5333887.5]}}, {"type": "Feature", "properties": {"h": 13.8}, "geometry": {"type": "Point", "coordinates": [692582.5, 5333884.5]}}, {"type": "Feature", "properties": {"h": 21.3}, "geometry": {"type": "Point", "coordinates": [692230.5, 5333874.5]}}, {"type": "Feature", "properties": {"h": 22.4}, "geometry": {"type": "Point", "coordinates": [692235.5, 5333880.5]}}, {"type": "Feature", "properties": {"h": 18.0}, "geometry": {"type": "Point", "coordinates": [692238.5, 5333880.5]}}, {"type": "Feature", "properties": {"h": 29.3}, "geometry": {"type": "Point", "coordinates": [692312.5, 5333874.5]}}, {"type": "Feature", "properties": {"h": 29.8}, "geometry": {"type": "Point", "coordinates": [692318.5, 5333879.5]}}, {"type": "Feature", "properties": {"h": 28.9}, "geometry": {"type": "Point", "coordinates": [692322.5, 5333878.5]}}, {"type": "Feature", "properties": {"h": 10.8}, "geometry": {"type": "Point", "coordinates": [692331.5, 5333880.5]}}, {"type": "Feature", "properties": {"h": 24.3}, "geometry": {"type": "Point", "coordinates": [692552.5, 5333874.5]}}, {"type": "Feature", "properties": {"h": 26.5}, "geometry": {"type": "Point", "coordinates": [692559.5, 5333874.5]}}, {"type": "Feature", "properties": {"h": 29.3}, "geometry": {"type": "Point", "coordinates": [692563.5, 5333874.5]}}, {"type": "Feature", "properties": {"h": 26.6}, "geometry": {"type": "Point", "coordinates": [692567.5, 5333874.5]}}, {"type": "Feature", "properties": {"h": 22.0}, "geometry": {"type": "Point", "coordinates": [692574.5, 5333875.5]}}, {"type": "Feature", "properties": {"h": 15.4}, "geometry": {"type": "Point", "coordinates": [692581.5, 5333875.5]}}, {"type": "Feature", "properties": {"h": 19.5}, "geometry": {"type": "Point", "coordinates": [692222.5, 5333872.5]}}, {"type": "Feature", "properties": {"h": 21.1}, "geometry": {"type": "Point", "coordinates": [692230.5, 5333873.5]}}, {"type": "Feature", "properties": {"h": 21.2}, "geometry": {"type": "Point", "coordinates": [692231.5, 5333873.5]}}, {"type": "Feature", "properties": {"h": 3.3}, "geometry": {"type": "Point", "coordinates": [692238.5, 5333870.5]}}, {"type": "Feature", "properties": {"h": 30.2}, "geometry": {"type": "Point", "coordinates": [692307.5, 5333867.5]}}, {"type": "Feature", "properties": {"h": 30.6}, "geometry": {"type": "Point", "coordinates": [692308.5, 5333868.5]}}, {"type": "Feature", "properties": {"h": 29.1}, "geometry": {"type": "Point", "coordinates": [692317.5, 5333870.5]}}, {"type": "Feature", "properties": {"h": 25.6}, "geometry": {"type": "Point", "coordinates": [692325.5, 5333873.5]}}, {"type": "Feature", "properties": {"h": 6.2}, "geometry": {"type": "Point", "coordinates": [692545.5, 5333872.5]}}, {"type": "Feature", "properties": {"h": 23.9}, "geometry": {"type": "Point", "coordinates": [692552.5, 5333873.5]}}, {"type": "Feature", "properties": {"h": 30.1}, "geometry": {"type": "Point", "coordinates": [692558.5, 5333867.5]}}, {"type": "Feature", "properties": {"h": 30.9}, "geometry": {"type": "Point", "coordinates": [692562.5, 5333870.5]}}, {"type": "Feature", "properties": {"h": 27.5}, "geometry": {"type": "Point", "coordinates": [692567.5, 5333867.5]}}, {"type": "Feature", "properties": {"h": 23.4}, "geometry": {"type": "Point", "coordinates": [692574.5, 5333870.5]}}, {"type": "Feature", "properties": {"h": 16.1}, "geometry": {"type": "Point", "coordinates": [692581.5, 5333871.5]}}, {"type": "Feature", "properties": {"h": 17.0}, "geometry": {"type": "Point", "coordinates": [692223.5, 5333866.5]}}, {"type": "Feature", "properties": {"h": 16.5}, "geometry": {"type": "Point", "coordinates": [692224.5, 5333866.5]}}, {"type": "Feature", "properties": {"h": 30.9}, "geometry": {"type": "Point", "coordinates": [692306.5, 5333866.5]}}, {"type": "Feature", "properties": {"h": 30.3}, "geometry": {"type": "Point", "coordinates": [692309.5, 5333864.5]}}, {"type": "Feature", "properties": {"h": 28.2}, "geometry": {"type": "Point", "coordinates": [692318.5, 5333866.5]}}, {"type": "Feature", "properties": {"h": 8.3}, "geometry": {"type": "Point", "coordinates": [692322.5, 5333866.5]}}, {"type": "Feature", "properties": {"h": 25.7}, "geometry": {"type": "Point", "coordinates": [692545.5, 5333861.5]}}, {"type": "Feature", "properties": {"h": 28.5}, "geometry": {"type": "Point", "coordinates": [692549.5, 5333862.5]}}, {"type": "Feature", "properties": {"h": 31.1}, "geometry": {"type": "Point", "coordinates": [692558.5, 5333865.5]}}, {"type": "Feature", "properties": {"h": 30.0}, "geometry": {"type": "Point", "coordinates": [692561.5, 5333866.5]}}, {"type": "Feature", "properties": {"h": 27.4}, "geometry": {"type": "Point", "coordinates": [692567.5, 5333866.5]}}, {"type": "Feature", "properties": {"h": 22.2}, "geometry": {"type": "Point", "coordinates": [692574.5, 5333866.5]}}, {"type": "Feature", "properties": {"h": 16.9}, "geometry": {"type": "Point", "coordinates": [692581.5, 5333863.5]}}, {"type": "Feature", "properties": {"h": 12.1}, "geometry": {"type": "Point", "coordinates": [692200.5, 5333854.5]}}, {"type": "Feature", "properties": {"h": 27.5}, "geometry": {"type": "Point", "coordinates": [692300.5, 5333858.5]}}, {"type": "Feature", "properties": {"h": 28.8}, "geometry": {"type": "Point", "coordinates": [692307.5, 5333859.5]}}, {"type": "Feature", "properties": {"h": 28.7}, "geometry": {"type": "Point", "coordinates": [692308.5, 5333859.5]}}, {"type": "Feature", "properties": {"h": 27.1}, "geometry": {"type": "Point", "coordinates": [692317.5, 5333859.5]}}, {"type": "Feature", "properties": {"h": 24.3}, "geometry": {"type": "Point", "coordinates": [692545.5, 5333859.5]}}, {"type": "Feature", "properties": {"h": 32.8}, "geometry": {"type": "Point", "coordinates": [692552.5, 5333853.5]}}, {"type": "Feature", "properties": {"h": 33.1}, "geometry": {"type": "Point", "coordinates": [692553.5, 5333853.5]}}, {"type": "Feature", "properties": {"h": 26.6}, "geometry": {"type": "Point", "coordinates": [692560.5, 5333858.5]}}, {"type": "Feature", "properties": {"h": 25.2}, "geometry": {"type": "Point", "coordinates": [692567.5, 5333859.5]}}, {"type": "Feature", "properties": {"h": 19.7}, "geometry": {"type": "Point", "coordinates": [692574.5, 5333853.5]}}, {"type": "Feature", "properties": {"h": 10.6}, "geometry": {"type": "Point", "coordinates": [692581.5, 5333859.5]}}, {"type": "Feature", "properties": {"h": 13.3}, "geometry": {"type": "Point", "coordinates": [692194.5, 5333850.5]}}, {"type": "Feature", "properties": {"h": 11.9}, "geometry": {"type": "Point", "coordinates": [692196.5, 5333849.5]}}, {"type": "Feature", "properties": {"h": 9.7}, "geometry": {"type": "Point", "coordinates": [692291.5, 5333846.5]}}, {"type": "Feature", "properties": {"h": 10.4}, "geometry": {"type": "Point", "coordinates": [692300.5, 5333849.5]}}, {"type": "Feature", "properties": {"h": 15.3}, "geometry": {"type": "Point", "coordinates": [692305.5, 5333850.5]}}, {"type": "Feature", "properties": {"h": 11.4}, "geometry": {"type": "Point", "coordinates": [692310.5, 5333852.5]}}, {"type": "Feature", "properties": {"h": 33.8}, "geometry": {"type": "Point", "coordinates": [692545.5, 5333849.5]}}, {"type": "Feature", "properties": {"h": 35.2}, "geometry": {"type": "Point", "coordinates": [692547.5, 5333849.5]}}, {"type": "Feature", "properties": {"h": 33.2}, "geometry": {"type": "Point", "coordinates": [692553.5, 5333849.5]}}, {"type": "Feature", "properties": {"h": 24.5}, "geometry": {"type": "Point", "coordinates": [692563.5, 5333852.5]}}, {"type": "Feature", "properties": {"h": 23.7}, "geometry": {"type": "Point", "coordinates": [692567.5, 5333852.5]}}, {"type": "Feature", "properties": {"h": 19.7}, "geometry": {"type": "Point", "coordinates": [692574.5, 5333852.5]}}, {"type": "Feature", "properties": {"h": 7.6}, "geometry": {"type": "Point", "coordinates": [692153.5, 5333840.5]}}, {"type": "Feature", "properties": {"h": 11.0}, "geometry": {"type": "Point", "coordinates": [692157.5, 5333840.5]}}, {"type": "Feature", "properties": {"h": 4.2}, "geometry": {"type": "Point", "coordinates": [692161.5, 5333841.5]}}, {"type": "Feature", "properties": {"h": 15.4}, "geometry": {"type": "Point", "coordinates": [692173.5, 5333842.5]}}, {"type": "Feature", "properties": {"h": 14.6}, "geometry": {"type": "Point", "coordinates": [692175.5, 5333844.5]}}, {"type": "Feature", "properties": {"h": 15.8}, "geometry": {"type": "Point", "coordinates": [692286.5, 5333839.5]}}, {"type": "Feature", "properties": {"h": 15.6}, "geometry": {"type": "Point", "coordinates": [692287.5, 5333840.5]}}, {"type": "Feature", "properties": {"h": 15.4}, "geometry": {"type": "Point", "coordinates": [692295.5, 5333839.5]}}, {"type": "Feature", "properties": {"h": 12.2}, "geometry": {"type": "Point", "coordinates": [692304.5, 5333845.5]}}, {"type": "Feature", "properties": {"h": 17.3}, "geometry": {"type": "Point", "coordinates": [692536.5, 5333839.5]}}, {"type": "Feature", "properties": {"h": 31.1}, "geometry": {"type": "Point", "coordinates": [692545.5, 5333845.5]}}, {"type": "Feature", "properties": {"h": 34.5}, "geometry": {"type": "Point", "coordinates": [692548.5, 5333845.5]}}, {"type": "Feature", "properties": {"h": 31.7}, "geometry": {"type": "Point", "coordinates": [692556.5, 5333843.5]}}, {"type": "Feature", "properties": {"h": 26.5}, "geometry": {"type": "Point", "coordinates": [692560.5, 5333842.5]}}, {"type": "Feature", "properties": {"h": 20.2}, "geometry": {"type": "Point", "coordinates": [692567.5, 5333845.5]}}, {"type": "Feature", "properties": {"h": 15.0}, "geometry": {"type": "Point", "coordinates": [692574.5, 5333839.5]}}, {"type": "Feature", "properties": {"h": 17.7}, "geometry": {"type": "Point", "coordinates": [692083.5, 5333833.5]}}, {"type": "Feature", "properties": {"h": 22.2}, "geometry": {"type": "Point", "coordinates": [692090.5, 5333833.5]}}, {"type": "Feature", "properties": {"h": 20.5}, "geometry": {"type": "Point", "coordinates": [692091.5, 5333833.5]}}, {"type": "Feature", "properties": {"h": 18.8}, "geometry": {"type": "Point", "coordinates": [692111.5, 5333833.5]}}, {"type": "Feature", "properties": {"h": 18.9}, "geometry": {"type": "Point", "coordinates": [692112.5, 5333833.5]}}, {"type": "Feature", "properties": {"h": 14.0}, "geometry": {"type": "Point", "coordinates": [692120.5, 5333834.5]}}, {"type": "Feature", "properties": {"h": 21.2}, "geometry": {"type": "Point", "coordinates": [692126.5, 5333835.5]}}, {"type": "Feature", "properties": {"h": 16.2}, "geometry": {"type": "Point", "coordinates": [692133.5, 5333836.5]}}, {"type": "Feature", "properties": {"h": 5.7}, "geometry": {"type": "Point", "coordinates": [692151.5, 5333838.5]}}, {"type": "Feature", "properties": {"h": 10.8}, "geometry": {"type": "Point", "coordinates": [692160.5, 5333835.5]}}, {"type": "Feature", "properties": {"h": 5.1}, "geometry": {"type": "Point", "coordinates": [692161.5, 5333835.5]}}, {"type": "Feature", "properties": {"h": 16.1}, "geometry": {"type": "Point", "coordinates": [692284.5, 5333837.5]}}, {"type": "Feature", "properties": {"h": 15.2}, "geometry": {"type": "Point", "coordinates": [692293.5, 5333832.5]}}, {"type": "Feature", "properties": {"h": 15.6}, "geometry": {"type": "Point", "coordinates": [692295.5, 5333837.5]}}, {"type": "Feature", "properties": {"h": 11.8}, "geometry": {"type": "Point", "coordinates": [692301.5, 5333837.5]}}, {"type": "Feature", "properties": {"h": 25.9}, "geometry": {"type": "Point", "coordinates": [692538.5, 5333832.5]}}, {"type": "Feature", "properties": {"h": 26.3}, "geometry": {"type": "Point", "coordinates": [692540.5, 5333832.5]}}, {"type": "Feature", "properties": {"h": 26.3}, "geometry": {"type": "Point", "coordinates": [692547.5, 5333832.5]}}, {"type": "Feature", "properties": {"h": 25.7}, "geometry": {"type": "Point", "coordinates": [692553.5, 5333835.5]}}, {"type": "Feature", "properties": {"h": 23.0}, "geometry": {"type": "Point", "coordinates": [692560.5, 5333838.5]}}, {"type": "Feature", "properties": {"h": 19.4}, "geometry": {"type": "Point", "coordinates": [692567.5, 5333832.5]}}, {"type": "Feature", "properties": {"h": 15.8}, "geometry": {"type": "Point", "coordinates": [692574.5, 5333833.5]}}, {"type": "Feature", "properties": {"h": 5.0}, "geometry": {"type": "Point", "coordinates": [692083.5, 5333831.5]}}, {"type": "Feature", "properties": {"h": 19.0}, "geometry": {"type": "Point", "coordinates": [692090.5, 5333831.5]}}, {"type": "Feature", "properties": {"h": 16.7}, "geometry": {"type": "Point", "coordinates": [692091.5, 5333831.5]}}, {"type": "Feature", "properties": {"h": 15.1}, "geometry": {"type": "Point", "coordinates": [692111.5, 5333830.5]}}, {"type": "Feature", "properties": {"h": 15.8}, "geometry": {"type": "Point", "coordinates": [692113.5, 5333830.5]}}, {"type": "Feature", "properties": {"h": 11.3}, "geometry": {"type": "Point", "coordinates": [692119.5, 5333831.5]}}, {"type": "Feature", "properties": {"h": 7.5}, "geometry": {"type": "Point", "coordinates": [692279.5, 5333825.5]}}, {"type": "Feature", "properties": {"h": 16.9}, "geometry": {"type": "Point", "coordinates": [692283.5, 5333826.5]}}, {"type": "Feature", "properties": {"h": 17.3}, "geometry": {"type": "Point", "coordinates": [692293.5, 5333828.5]}}, {"type": "Feature", "properties": {"h": 17.0}, "geometry": {"type": "Point", "coordinates": [692294.5, 5333829.5]}}, {"type": "Feature", "properties": {"h": 22.2}, "geometry": {"type": "Point", "coordinates": [692531.5, 5333826.5]}}, {"type": "Feature", "properties": {"h": 28.5}, "geometry": {"type": "Point", "coordinates": [692538.5, 5333828.5]}}, {"type": "Feature", "properties": {"h": 28.4}, "geometry": {"type": "Point", "coordinates": [692539.5, 5333827.5]}}, {"type": "Feature", "properties": {"h": 26.8}, "geometry": {"type": "Point", "coordinates": [692548.5, 5333825.5]}}, {"type": "Feature", "properties": {"h": 22.8}, "geometry": {"type": "Point", "coordinates": [692553.5, 5333831.5]}}, {"type": "Feature", "properties": {"h": 20.6}, "geometry": {"type": "Point", "coordinates": [692560.5, 5333825.5]}}, {"type": "Feature", "properties": {"h": 19.4}, "geometry": {"type": "Point", "coordinates": [692567.5, 5333831.5]}}, {"type": "Feature", "properties": {"h": 9.7}, "geometry": {"type": "Point", "coordinates": [692000.5, 5333819.5]}}, {"type": "Feature", "properties": {"h": 4.7}, "geometry": {"type": "Point", "coordinates": [692007.5, 5333819.5]}}, {"type": "Feature", "properties": {"h": 12.1}, "geometry": {"type": "Point", "coordinates": [692114.5, 5333824.5]}}, {"type": "Feature", "properties": {"h": 7.6}, "geometry": {"type": "Point", "coordinates": [692119.5, 5333824.5]}}, {"type": "Feature", "properties": {"h": 17.1}, "geometry": {"type": "Point", "coordinates": [692265.5, 5333818.5]}}, {"type": "Feature", "properties": {"h": 20.3}, "geometry": {"type": "Point", "coordinates": [692270.5, 5333819.5]}}, {"type": "Feature", "properties": {"h": 15.9}, "geometry": {"type": "Point", "coordinates": [692273.5, 5333821.5]}}, {"type": "Feature", "properties": {"h": 14.9}, "geometry": {"type": "Point", "coordinates": [692284.5, 5333818.5]}}, {"type": "Feature", "properties": {"h": 16.7}, "geometry": {"type": "Point", "coordinates": [692290.5, 5333824.5]}}, {"type": "Feature", "properties": {"h": 24.5}, "geometry": {"type": "Point", "coordinates": [692531.5, 5333818.5]}}, {"type": "Feature", "properties": {"h": 27.8}, "geometry": {"type": "Point", "coordinates": [692538.5, 5333824.5]}}, {"type": "Feature", "properties": {"h": 27.5}, "geometry": {"type": "Point", "coordinates": [692539.5, 5333824.5]}}, {"type": "Feature", "properties": {"h": 27.9}, "geometry": {"type": "Point", "coordinates": [692548.5, 5333823.5]}}, {"type": "Feature", "properties": {"h": 23.0}, "geometry": {"type": "Point", "coordinates": [692557.5, 5333823.5]}}, {"type": "Feature", "properties": {"h": 21.4}, "geometry": {"type": "Point", "coordinates": [692560.5, 5333823.5]}}, {"type": "Feature", "properties": {"h": 16.4}, "geometry": {"type": "Point", "coordinates": [692567.5, 5333818.5]}}, {"type": "Feature", "properties": {"h": 5.3}, "geometry": {"type": "Point", "coordinates": [692251.5, 5333811.5]}}, {"type": "Feature", "properties": {"h": 19.3}, "geometry": {"type": "Point", "coordinates": [692258.5, 5333811.5]}}, {"type": "Feature", "properties": {"h": 20.2}, "geometry": {"type": "Point", "coordinates": [692260.5, 5333811.5]}}, {"type": "Feature", "properties": {"h": 19.7}, "geometry": {"type": "Point", "coordinates": [692266.5, 5333815.5]}}, {"type": "Feature", "properties": {"h": 19.2}, "geometry": {"type": "Point", "coordinates": [692278.5, 5333811.5]}}, {"type": "Feature", "properties": {"h": 18.8}, "geometry": {"type": "Point", "coordinates": [692280.5, 5333811.5]}}, {"type": "Feature", "properties": {"h": 13.4}, "geometry": {"type": "Point", "coordinates": [692287.5, 5333817.5]}}, {"type": "Feature", "properties": {"h": 26.3}, "geometry": {"type": "Point", "coordinates": [692531.5, 5333814.5]}}, {"type": "Feature", "properties": {"h": 26.2}, "geometry": {"type": "Point", "coordinates": [692533.5, 5333812.5]}}, {"type": "Feature", "properties": {"h": 24.8}, "geometry": {"type": "Point", "coordinates": [692543.5, 5333817.5]}}, {"type": "Feature", "properties": {"h": 25.6}, "geometry": {"type": "Point", "coordinates": [692547.5, 5333817.5]}}, {"type": "Feature", "properties": {"h": 23.5}, "geometry": {"type": "Point", "coordinates": [692556.5, 5333811.5]}}, {"type": "Feature", "properties": {"h": 22.1}, "geometry": {"type": "Point", "coordinates": [692560.5, 5333811.5]}}, {"type": "Feature", "properties": {"h": 16.7}, "geometry": {"type": "Point", "coordinates": [692567.5, 5333817.5]}}, {"type": "Feature", "properties": {"h": 19.8}, "geometry": {"type": "Point", "coordinates": [692251.5, 5333804.5]}}, {"type": "Feature", "properties": {"h": 23.8}, "geometry": {"type": "Point", "coordinates": [692256.5, 5333806.5]}}, {"type": "Feature", "properties": {"h": 22.3}, "geometry": {"type": "Point", "coordinates": [692259.5, 5333809.5]}}, {"type": "Feature", "properties": {"h": 18.8}, "geometry": {"type": "Point", "coordinates": [692270.5, 5333810.5]}}, {"type": "Feature", "properties": {"h": 19.4}, "geometry": {"type": "Point", "coordinates": [692278.5, 5333810.5]}}, {"type": "Feature", "properties": {"h": 19.0}, "geometry": {"type": "Point", "coordinates": [692280.5, 5333810.5]}}, {"type": "Feature", "properties": {"h": 18.0}, "geometry": {"type": "Point", "coordinates": [692524.5, 5333804.5]}}, {"type": "Feature", "properties": {"h": 25.5}, "geometry": {"type": "Point", "coordinates": [692529.5, 5333810.5]}}, {"type": "Feature", "properties": {"h": 27.5}, "geometry": {"type": "Point", "coordinates": [692536.5, 5333805.5]}}, {"type": "Feature", "properties": {"h": 26.0}, "geometry": {"type": "Point", "coordinates": [692539.5, 5333804.5]}}, {"type": "Feature", "properties": {"h": 25.3}, "geometry": {"type": "Point", "coordinates": [692552.5, 5333804.5]}}, {"type": "Feature", "properties": {"h": 25.1}, "geometry": {"type": "Point", "coordinates": [692553.5, 5333806.5]}}, {"type": "Feature", "properties": {"h": 22.6}, "geometry": {"type": "Point", "coordinates": [692560.5, 5333808.5]}}, {"type": "Feature", "properties": {"h": 17.5}, "geometry": {"type": "Point", "coordinates": [692567.5, 5333807.5]}}, {"type": "Feature", "properties": {"h": 14.1}, "geometry": {"type": "Point", "coordinates": [692244.5, 5333797.5]}}, {"type": "Feature", "properties": {"h": 19.8}, "geometry": {"type": "Point", "coordinates": [692251.5, 5333802.5]}}, {"type": "Feature", "properties": {"h": 20.2}, "geometry": {"type": "Point", "coordinates": [692258.5, 5333803.5]}}, {"type": "Feature", "properties": {"h": 20.6}, "geometry": {"type": "Point", "coordinates": [692261.5, 5333803.5]}}, {"type": "Feature", "properties": {"h": 15.4}, "geometry": {"type": "Point", "coordinates": [692266.5, 5333803.5]}}, {"type": "Feature", "properties": {"h": 13.1}, "geometry": {"type": "Point", "coordinates": [692276.5, 5333803.5]}}, {"type": "Feature", "properties": {"h": 22.8}, "geometry": {"type": "Point", "coordinates": [692524.5, 5333797.5]}}, {"type": "Feature", "properties": {"h": 25.5}, "geometry": {"type": "Point", "coordinates": [692531.5, 5333803.5]}}, {"type": "Feature", "properties": {"h": 27.4}, "geometry": {"type": "Point", "coordinates": [692536.5, 5333803.5]}}, {"type": "Feature", "properties": {"h": 26.0}, "geometry": {"type": "Point", "coordinates": [692539.5, 5333803.5]}}, {"type": "Feature", "properties": {"h": 25.2}, "geometry": {"type": "Point", "coordinates": [692552.5, 5333803.5]}}, {"type": "Feature", "properties": {"h": 24.9}, "geometry": {"type": "Point", "coordinates": [692553.5, 5333803.5]}}, {"type": "Feature", "properties": {"h": 20.9}, "geometry": {"type": "Point", "coordinates": [692560.5, 5333803.5]}}, {"type": "Feature", "properties": {"h": 26.8}, "geometry": {"type": "Point", "coordinates": [692237.5, 5333793.5]}}, {"type": "Feature", "properties": {"h": 26.6}, "geometry": {"type": "Point", "coordinates": [692238.5, 5333793.5]}}, {"type": "Feature", "properties": {"h": 20.2}, "geometry": {"type": "Point", "coordinates": [692245.5, 5333791.5]}}, {"type": "Feature", "properties": {"h": 18.7}, "geometry": {"type": "Point", "coordinates": [692257.5, 5333790.5]}}, {"type": "Feature", "properties": {"h": 18.4}, "geometry": {"type": "Point", "coordinates": [692259.5, 5333790.5]}}, {"type": "Feature", "properties": {"h": 23.7}, "geometry": {"type": "Point", "coordinates": [692517.5, 5333790.5]}}, {"type": "Feature", "properties": {"h": 25.5}, "geometry": {"type": "Point", "coordinates": [692521.5, 5333790.5]}}, {"type": "Feature", "properties": {"h": 24.6}, "geometry": {"type": "Point", "coordinates": [692531.5, 5333790.5]}}, {"type": "Feature", "properties": {"h": 27.7}, "geometry": {"type": "Point", "coordinates": [692536.5, 5333792.5]}}, {"type": "Feature", "properties": {"h": 27.7}, "geometry": {"type": "Point", "coordinates": [692539.5, 5333790.5]}}, {"type": "Feature", "properties": {"h": 25.2}, "geometry": {"type": "Point", "coordinates": [692548.5, 5333796.5]}}, {"type": "Feature", "properties": {"h": 21.6}, "geometry": {"type": "Point", "coordinates": [692553.5, 5333796.5]}}, {"type": "Feature", "properties": {"h": 18.2}, "geometry": {"type": "Point", "coordinates": [692560.5, 5333796.5]}}, {"type": "Feature", "properties": {"h": 12.9}, "geometry": {"type": "Point", "coordinates": [692207.5, 5333783.5]}}, {"type": "Feature", "properties": {"h": 11.2}, "geometry": {"type": "Point", "coordinates": [692210.5, 5333783.5]}}, {"type": "Feature", "properties": {"h": 15.8}, "geometry": {"type": "Point", "coordinates": [692222.5, 5333783.5]}}, {"type": "Feature", "properties": {"h": 16.0}, "geometry": {"type": "Point", "coordinates": [692230.5, 5333787.5]}}, {"type": "Feature", "properties": {"h": 24.2}, "geometry": {"type": "Point", "coordinates": [692233.5, 5333789.5]}}, {"type": "Feature", "properties": {"h": 23.6}, "geometry": {"type": "Point", "coordinates": [692241.5, 5333788.5]}}, {"type": "Feature", "properties": {"h": 19.3}, "geometry": {"type": "Point", "coordinates": [692245.5, 5333789.5]}}, {"type": "Feature", "properties": {"h": 19.9}, "geometry": {"type": "Point", "coordinates": [692258.5, 5333783.5]}}, {"type": "Feature", "properties": {"h": 20.1}, "geometry": {"type": "Point", "coordinates": [692259.5, 5333783.5]}}, {"type": "Feature", "properties": {"h": 26.4}, "geometry": {"type": "Point", "coordinates": [692513.5, 5333783.5]}}, {"type": "Feature", "properties": {"h": 25.4}, "geometry": {"type": "Point", "coordinates": [692522.5, 5333789.5]}}, {"type": "Feature", "properties": {"h": 25.7}, "geometry": {"type": "Point", "coordinates": [692530.5, 5333787.5]}}, {"type": "Feature", "properties": {"h": 27.8}, "geometry": {"type": "Point", "coordinates": [692538.5, 5333788.5]}}, {"type": "Feature", "properties": {"h": 27.6}, "geometry": {"type": "Point", "coordinates": [692539.5, 5333789.5]}}, {"type": "Feature", "properties": {"h": 22.3}, "geometry": {"type": "Point", "coordinates": [692546.5, 5333783.5]}}, {"type": "Feature", "properties": {"h": 20.9}, "geometry": {"type": "Point", "coordinates": [692553.5, 5333789.5]}}, {"type": "Feature", "properties": {"h": 14.8}, "geometry": {"type": "Point", "coordinates": [692560.5, 5333785.5]}}, {"type": "Feature", "properties": {"h": 6.4}, "geometry": {"type": "Point", "coordinates": [692159.5, 5333776.5]}}, {"type": "Feature", "properties": {"h": 6.8}, "geometry": {"type": "Point", "coordinates": [692180.5, 5333776.5]}}, {"type": "Feature", "properties": {"h": 6.7}, "geometry": {"type": "Point", "coordinates": [692182.5, 5333777.5]}}, {"type": "Feature", "properties": {"h": 3.9}, "geometry": {"type": "Point", "coordinates": [692195.5, 5333776.5]}}, {"type": "Feature", "properties": {"h": 22.0}, "geometry": {"type": "Point", "coordinates": [692201.5, 5333776.5]}}, {"type": "Feature", "properties": {"h": 21.5}, "geometry": {"type": "Point", "coordinates": [692203.5, 5333776.5]}}, {"type": "Feature", "properties": {"h": 18.9}, "geometry": {"type": "Point", "coordinates": [692212.5, 5333778.5]}}, {"type": "Feature", "properties": {"h": 17.0}, "geometry": {"type": "Point", "coordinates": [692217.5, 5333776.5]}}, {"type": "Feature", "properties": {"h": 15.1}, "geometry": {"type": "Point", "coordinates": [692230.5, 5333776.5]}}, {"type": "Feature", "properties": {"h": 16.9}, "geometry": {"type": "Point", "coordinates": [692236.5, 5333776.5]}}, {"type": "Feature", "properties": {"h": 18.0}, "geometry": {"type": "Point", "coordinates": [692239.5, 5333782.5]}}, {"type": "Feature", "properties": {"h": 20.3}, "geometry": {"type": "Point", "coordinates": [692250.5, 5333777.5]}}, {"type": "Feature", "properties": {"h": 19.9}, "geometry": {"type": "Point", "coordinates": [692258.5, 5333782.5]}}, {"type": "Feature", "properties": {"h": 20.0}, "geometry": {"type": "Point", "coordinates": [692259.5, 5333782.5]}}, {"type": "Feature", "properties": {"h": 28.7}, "geometry": {"type": "Point", "coordinates": [692510.5, 5333778.5]}}, {"type": "Feature", "properties": {"h": 29.5}, "geometry": {"type": "Point", "coordinates": [692512.5, 5333776.5]}}, {"type": "Feature", "properties": {"h": 27.2}, "geometry": {"type": "Point", "coordinates": [692518.5, 5333778.5]}}, {"type": "Feature", "properties": {"h": 27.3}, "geometry": {"type": "Point", "coordinates": [692527.5, 5333779.5]}}, {"type": "Feature", "properties": {"h": 24.4}, "geometry": {"type": "Point", "coordinates": [692532.5, 5333782.5]}}, {"type": "Feature", "properties": {"h": 22.8}, "geometry": {"type": "Point", "coordinates": [692544.5, 5333781.5]}}, {"type": "Feature", "properties": {"h": 22.5}, "geometry": {"type": "Point", "coordinates": [692546.5, 5333782.5]}}, {"type": "Feature", "properties": {"h": 20.2}, "geometry": {"type": "Point", "coordinates": [692557.5, 5333782.5]}}, {"type": "Feature", "properties": {"h": 9.6}, "geometry": {"type": "Point", "coordinates": [692086.5, 5333769.5]}}, {"type": "Feature", "properties": {"h": 5.7}, "geometry": {"type": "Point", "coordinates": [692104.5, 5333769.5]}}, {"type": "Feature", "properties": {"h": 20.6}, "geometry": {"type": "Point", "coordinates": [692111.5, 5333769.5]}}, {"type": "Feature", "properties": {"h": 20.6}, "geometry": {"type": "Point", "coordinates": [692112.5, 5333769.5]}}, {"type": "Feature", "properties": {"h": 21.1}, "geometry": {"type": "Point", "coordinates": [692125.5, 5333769.5]}}, {"type": "Feature", "properties": {"h": 20.6}, "geometry": {"type": "Point", "coordinates": [692128.5, 5333769.5]}}, {"type": "Feature", "properties": {"h": 8.4}, "geometry": {"type": "Point", "coordinates": [692133.5, 5333769.5]}}, {"type": "Feature", "properties": {"h": 9.6}, "geometry": {"type": "Point", "coordinates": [692143.5, 5333769.5]}}, {"type": "Feature", "properties": {"h": 6.0}, "geometry": {"type": "Point", "coordinates": [692147.5, 5333769.5]}}, {"type": "Feature", "properties": {"h": 20.2}, "geometry": {"type": "Point", "coordinates": [692155.5, 5333769.5]}}, {"type": "Feature", "properties": {"h": 19.2}, "geometry": {"type": "Point", "coordinates": [692167.5, 5333769.5]}}, {"type": "Feature", "properties": {"h": 19.4}, "geometry": {"type": "Point", "coordinates": [692168.5, 5333769.5]}}, {"type": "Feature", "properties": {"h": 20.2}, "geometry": {"type": "Point", "coordinates": [692178.5, 5333769.5]}}, {"type": "Feature", "properties": {"h": 20.2}, "geometry": {"type": "Point", "coordinates": [692182.5, 5333769.5]}}, {"type": "Feature", "properties": {"h": 18.4}, "geometry": {"type": "Point", "coordinates": [692195.5, 5333772.5]}}, {"type": "Feature", "properties": {"h": 22.7}, "geometry": {"type": "Point", "coordinates": [692202.5, 5333774.5]}}, {"type": "Feature", "properties": {"h": 22.5}, "geometry": {"type": "Point", "coordinates": [692203.5, 5333774.5]}}, {"type": "Feature", "properties": {"h": 22.3}, "geometry": {"type": "Point", "coordinates": [692212.5, 5333769.5]}}, {"type": "Feature", "properties": {"h": 16.9}, "geometry": {"type": "Point", "coordinates": [692217.5, 5333775.5]}}, {"type": "Feature", "properties": {"h": 17.3}, "geometry": {"type": "Point", "coordinates": [692230.5, 5333769.5]}}, {"type": "Feature", "properties": {"h": 18.8}, "geometry": {"type": "Point", "coordinates": [692233.5, 5333769.5]}}, {"type": "Feature", "properties": {"h": 19.6}, "geometry": {"type": "Point", "coordinates": [692240.5, 5333769.5]}}, {"type": "Feature", "properties": {"h": 19.7}, "geometry": {"type": "Point", "coordinates": [692250.5, 5333775.5]}}, {"type": "Feature", "properties": {"h": 18.9}, "geometry": {"type": "Point", "coordinates": [692252.5, 5333775.5]}}, {"type": "Feature", "properties": {"h": 29.9}, "geometry": {"type": "Point", "coordinates": [692517.5, 5333769.5]}}, {"type": "Feature", "properties": {"h": 29.8}, "geometry": {"type": "Point", "coordinates": [692518.5, 5333769.5]}}, {"type": "Feature", "properties": {"h": 26.0}, "geometry": {"type": "Point", "coordinates": [692529.5, 5333772.5]}}, {"type": "Feature", "properties": {"h": 24.9}, "geometry": {"type": "Point", "coordinates": [692532.5, 5333769.5]}}, {"type": "Feature", "properties": {"h": 23.1}, "geometry": {"type": "Point", "coordinates": [692539.5, 5333774.5]}}, {"type": "Feature", "properties": {"h": 19.9}, "geometry": {"type": "Point", "coordinates": [692551.5, 5333775.5]}}, {"type": "Feature", "properties": {"h": 19.4}, "geometry": {"type": "Point", "coordinates": [692553.5, 5333775.5]}}, {"type": "Feature", "properties": {"h": 14.3}, "geometry": {"type": "Point", "coordinates": [692069.5, 5333765.5]}}, {"type": "Feature", "properties": {"h": 16.4}, "geometry": {"type": "Point", "coordinates": [692076.5, 5333764.5]}}, {"type": "Feature", "properties": {"h": 18.2}, "geometry": {"type": "Point", "coordinates": [692083.5, 5333764.5]}}, {"type": "Feature", "properties": {"h": 18.7}, "geometry": {"type": "Point", "coordinates": [692085.5, 5333764.5]}}, {"type": "Feature", "properties": {"h": 13.1}, "geometry": {"type": "Point", "coordinates": [692095.5, 5333762.5]}}, {"type": "Feature", "properties": {"h": 24.1}, "geometry": {"type": "Point", "coordinates": [692104.5, 5333763.5]}}, {"type": "Feature", "properties": {"h": 24.5}, "geometry": {"type": "Point", "coordinates": [692105.5, 5333763.5]}}, {"type": "Feature", "properties": {"h": 21.3}, "geometry": {"type": "Point", "coordinates": [692112.5, 5333766.5]}}, {"type": "Feature", "properties": {"h": 22.6}, "geometry": {"type": "Point", "coordinates": [692125.5, 5333763.5]}}, {"type": "Feature", "properties": {"h": 22.7}, "geometry": {"type": "Point", "coordinates": [692126.5, 5333763.5]}}, {"type": "Feature", "properties": {"h": 20.1}, "geometry": {"type": "Point", "coordinates": [692135.5, 5333763.5]}}, {"type": "Feature", "properties": {"h": 14.1}, "geometry": {"type": "Point", "coordinates": [692144.5, 5333762.5]}}, {"type": "Feature", "properties": {"h": 20.4}, "geometry": {"type": "Point", "coordinates": [692153.5, 5333764.5]}}, {"type": "Feature", "properties": {"h": 23.7}, "geometry": {"type": "Point", "coordinates": [692156.5, 5333765.5]}}, {"type": "Feature", "properties": {"h": 19.0}, "geometry": {"type": "Point", "coordinates": [692167.5, 5333768.5]}}, {"type": "Feature", "properties": {"h": 21.2}, "geometry": {"type": "Point", "coordinates": [692174.5, 5333766.5]}}, {"type": "Feature", "properties": {"h": 23.7}, "geometry": {"type": "Point", "coordinates": [692179.5, 5333767.5]}}, {"type": "Feature", "properties": {"h": 20.9}, "geometry": {"type": "Point", "coordinates": [692182.5, 5333767.5]}}, {"type": "Feature", "properties": {"h": 18.2}, "geometry": {"type": "Point", "coordinates": [692189.5, 5333764.5]}}, {"type": "Feature", "properties": {"h": 20.4}, "geometry": {"type": "Point", "coordinates": [692200.5, 5333768.5]}}, {"type": "Feature", "properties": {"h": 21.1}, "geometry": {"type": "Point", "coordinates": [692209.5, 5333765.5]}}, {"type": "Feature", "properties": {"h": 22.3}, "geometry": {"type": "Point", "coordinates": [692212.5, 5333768.5]}}, {"type": "Feature", "properties": {"h": 17.3}, "geometry": {"type": "Point", "coordinates": [692217.5, 5333762.5]}}, {"type": "Feature", "properties": {"h": 20.0}, "geometry": {"type": "Point", "coordinates": [692229.5, 5333764.5]}}, {"type": "Feature", "properties": {"h": 19.8}, "geometry": {"type": "Point", "coordinates": [692231.5, 5333764.5]}}, {"type": "Feature", "properties": {"h": 19.7}, "geometry": {"type": "Point", "coordinates": [692240.5, 5333768.5]}}, {"type": "Feature", "properties": {"h": 17.3}, "geometry": {"type": "Point", "coordinates": [692246.5, 5333768.5]}}, {"type": "Feature", "properties": {"h": 19.4}, "geometry": {"type": "Point", "coordinates": [692433.5, 5333762.5]}}, {"type": "Feature", "properties": {"h": 30.3}, "geometry": {"type": "Point", "coordinates": [692518.5, 5333768.5]}}, {"type": "Feature", "properties": {"h": 27.6}, "geometry": {"type": "Point", "coordinates": [692526.5, 5333762.5]}}, {"type": "Feature", "properties": {"h": 25.1}, "geometry": {"type": "Point", "coordinates": [692532.5, 5333768.5]}}, {"type": "Feature", "properties": {"h": 21.6}, "geometry": {"type": "Point", "coordinates": [692539.5, 5333768.5]}}, {"type": "Feature", "properties": {"h": 15.4}, "geometry": {"type": "Point", "coordinates": [692546.5, 5333768.5]}}, {"type": "Feature", "properties": {"h": 26.6}, "geometry": {"type": "Point", "coordinates": [692040.5, 5333756.5]}}, {"type": "Feature", "properties": {"h": 19.8}, "geometry": {"type": "Point", "coordinates": [692042.5, 5333755.5]}}, {"type": "Feature", "properties": {"h": 17.3}, "geometry": {"type": "Point", "coordinates": [692053.5, 5333756.5]}}, {"type": "Feature", "properties": {"h": 22.2}, "geometry": {"type": "Point", "coordinates": [692061.5, 5333755.5]}}, {"type": "Feature", "properties": {"h": 21.1}, "geometry": {"type": "Point", "coordinates": [692063.5, 5333755.5]}}, {"type": "Feature", "properties": {"h": 18.3}, "geometry": {"type": "Point", "coordinates": [692070.5, 5333755.5]}}, {"type": "Feature", "properties": {"h": 16.0}, "geometry": {"type": "Point", "coordinates": [692080.5, 5333755.5]}}, {"type": "Feature", "properties": {"h": 17.1}, "geometry": {"type": "Point", "coordinates": [692087.5, 5333761.5]}}, {"type": "Feature", "properties": {"h": 17.5}, "geometry": {"type": "Point", "coordinates": [692097.5, 5333755.5]}}, {"type": "Feature", "properties": {"h": 22.6}, "geometry": {"type": "Point", "coordinates": [692104.5, 5333761.5]}}, {"type": "Feature", "properties": {"h": 22.9}, "geometry": {"type": "Point", "coordinates": [692105.5, 5333761.5]}}, {"type": "Feature", "properties": {"h": 19.1}, "geometry": {"type": "Point", "coordinates": [692112.5, 5333761.5]}}, {"type": "Feature", "properties": {"h": 21.5}, "geometry": {"type": "Point", "coordinates": [692123.5, 5333760.5]}}, {"type": "Feature", "properties": {"h": 22.1}, "geometry": {"type": "Point", "coordinates": [692130.5, 5333761.5]}}, {"type": "Feature", "properties": {"h": 20.0}, "geometry": {"type": "Point", "coordinates": [692133.5, 5333760.5]}}, {"type": "Feature", "properties": {"h": 17.9}, "geometry": {"type": "Point", "coordinates": [692143.5, 5333758.5]}}, {"type": "Feature", "properties": {"h": 18.5}, "geometry": {"type": "Point", "coordinates": [692153.5, 5333761.5]}}, {"type": "Feature", "properties": {"h": 19.6}, "geometry": {"type": "Point", "coordinates": [692157.5, 5333761.5]}}, {"type": "Feature", "properties": {"h": 17.0}, "geometry": {"type": "Point", "coordinates": [692167.5, 5333760.5]}}, {"type": "Feature", "properties": {"h": 21.0}, "geometry": {"type": "Point", "coordinates": [692170.5, 5333760.5]}}, {"type": "Feature", "properties": {"h": 22.7}, "geometry": {"type": "Point", "coordinates": [692177.5, 5333761.5]}}, {"type": "Feature", "properties": {"h": 20.0}, "geometry": {"type": "Point", "coordinates": [692182.5, 5333761.5]}}, {"type": "Feature", "properties": {"h": 19.5}, "geometry": {"type": "Point", "coordinates": [692192.5, 5333758.5]}}, {"type": "Feature", "properties": {"h": 19.2}, "geometry": {"type": "Point", "coordinates": [692202.5, 5333755.5]}}, {"type": "Feature", "properties": {"h": 19.0}, "geometry": {"type": "Point", "coordinates": [692209.5, 5333756.5]}}, {"type": "Feature", "properties": {"h": 19.4}, "geometry": {"type": "Point", "coordinates": [692213.5, 5333757.5]}}, {"type": "Feature", "properties": {"h": 18.4}, "geometry": {"type": "Point", "coordinates": [692217.5, 5333758.5]}}, {"type": "Feature", "properties": {"h": 19.3}, "geometry": {"type": "Point", "coordinates": [692229.5, 5333761.5]}}, {"type": "Feature", "properties": {"h": 19.0}, "geometry": {"type": "Point", "coordinates": [692231.5, 5333761.5]}}, {"type": "Feature", "properties": {"h": 15.4}, "geometry": {"type": "Point", "coordinates": [692426.5, 5333757.5]}}, {"type": "Feature", "properties": {"h": 18.5}, "geometry": {"type": "Point", "coordinates": [692429.5, 5333760.5]}}, {"type": "Feature", "properties": {"h": 12.8}, "geometry": {"type": "Point", "coordinates": [692434.5, 5333755.5]}}, {"type": "Feature", "properties": {"h": 25.5}, "geometry": {"type": "Point", "coordinates": [692503.5, 5333756.5]}}, {"type": "Feature", "properties": {"h": 26.5}, "geometry": {"type": "Point", "coordinates": [692508.5, 5333755.5]}}, {"type": "Feature", "properties": {"h": 28.9}, "geometry": {"type": "Point", "coordinates": [692512.5, 5333756.5]}}, {"type": "Feature", "properties": {"h": 27.3}, "geometry": {"type": "Point", "coordinates": [692518.5, 5333761.5]}}, {"type": "Feature", "properties": {"h": 28.0}, "geometry": {"type": "Point", "coordinates": [692526.5, 5333761.5]}}, {"type": "Feature", "properties": {"h": 24.4}, "geometry": {"type": "Point", "coordinates": [692532.5, 5333761.5]}}, {"type": "Feature", "properties": {"h": 20.0}, "geometry": {"type": "Point", "coordinates": [692539.5, 5333759.5]}}, {"type": "Feature", "properties": {"h": 23.5}, "geometry": {"type": "Point", "coordinates": [692039.5, 5333754.5]}}, {"type": "Feature", "properties": {"h": 15.6}, "geometry": {"type": "Point", "coordinates": [692042.5, 5333754.5]}}, {"type": "Feature", "properties": {"h": 16.8}, "geometry": {"type": "Point", "coordinates": [692052.5, 5333754.5]}}, {"type": "Feature", "properties": {"h": 22.1}, "geometry": {"type": "Point", "coordinates": [692060.5, 5333754.5]}}, {"type": "Feature", "properties": {"h": 21.2}, "geometry": {"type": "Point", "coordinates": [692063.5, 5333754.5]}}, {"type": "Feature", "properties": {"h": 17.2}, "geometry": {"type": "Point", "coordinates": [692070.5, 5333754.5]}}, {"type": "Feature", "properties": {"h": 16.5}, "geometry": {"type": "Point", "coordinates": [692083.5, 5333750.5]}}, {"type": "Feature", "properties": {"h": 18.3}, "geometry": {"type": "Point", "coordinates": [692086.5, 5333750.5]}}, {"type": "Feature", "properties": {"h": 18.9}, "geometry": {"type": "Point", "coordinates": [692097.5, 5333752.5]}}, {"type": "Feature", "properties": {"h": 19.2}, "geometry": {"type": "Point", "coordinates": [692098.5, 5333752.5]}}, {"type": "Feature", "properties": {"h": 18.0}, "geometry": {"type": "Point", "coordinates": [692105.5, 5333754.5]}}, {"type": "Feature", "properties": {"h": 14.2}, "geometry": {"type": "Point", "coordinates": [692117.5, 5333752.5]}}, {"type": "Feature", "properties": {"h": 19.1}, "geometry": {"type": "Point", "coordinates": [692124.5, 5333754.5]}}, {"type": "Feature", "properties": {"h": 18.3}, "geometry": {"type": "Point", "coordinates": [692126.5, 5333754.5]}}, {"type": "Feature", "properties": {"h": 17.1}, "geometry": {"type": "Point", "coordinates": [692138.5, 5333751.5]}}, {"type": "Feature", "properties": {"h": 16.5}, "geometry": {"type": "Point", "coordinates": [692140.5, 5333751.5]}}, {"type": "Feature", "properties": {"h": 18.3}, "geometry": {"type": "Point", "coordinates": [692153.5, 5333749.5]}}, {"type": "Feature", "properties": {"h": 18.8}, "geometry": {"type": "Point", "coordinates": [692159.5, 5333749.5]}}, {"type": "Feature", "properties": {"h": 18.4}, "geometry": {"type": "Point", "coordinates": [692166.5, 5333750.5]}}, {"type": "Feature", "properties": {"h": 17.9}, "geometry": {"type": "Point", "coordinates": [692168.5, 5333751.5]}}, {"type": "Feature", "properties": {"h": 17.9}, "geometry": {"type": "Point", "coordinates": [692181.5, 5333752.5]}}, {"type": "Feature", "properties": {"h": 18.4}, "geometry": {"type": "Point", "coordinates": [692182.5, 5333752.5]}}, {"type": "Feature", "properties": {"h": 19.0}, "geometry": {"type": "Point", "coordinates": [692195.5, 5333750.5]}}, {"type": "Feature", "properties": {"h": 21.2}, "geometry": {"type": "Point", "coordinates": [692202.5, 5333751.5]}}, {"type": "Feature", "properties": {"h": 21.1}, "geometry": {"type": "Point", "coordinates": [692203.5, 5333752.5]}}, {"type": "Feature", "properties": {"h": 19.4}, "geometry": {"type": "Point", "coordinates": [692211.5, 5333754.5]}}, {"type": "Feature", "properties": {"h": 17.1}, "geometry": {"type": "Point", "coordinates": [692219.5, 5333754.5]}}, {"type": "Feature", "properties": {"h": 10.8}, "geometry": {"type": "Point", "coordinates": [692422.5, 5333749.5]}}, {"type": "Feature", "properties": {"h": 15.6}, "geometry": {"type": "Point", "coordinates": [692430.5, 5333754.5]}}, {"type": "Feature", "properties": {"h": 17.2}, "geometry": {"type": "Point", "coordinates": [692438.5, 5333750.5]}}, {"type": "Feature", "properties": {"h": 16.1}, "geometry": {"type": "Point", "coordinates": [692444.5, 5333748.5]}}, {"type": "Feature", "properties": {"h": 30.7}, "geometry": {"type": "Point", "coordinates": [692503.5, 5333748.5]}}, {"type": "Feature", "properties": {"h": 31.4}, "geometry": {"type": "Point", "coordinates": [692506.5, 5333749.5]}}, {"type": "Feature", "properties": {"h": 29.9}, "geometry": {"type": "Point", "coordinates": [692511.5, 5333748.5]}}, {"type": "Feature", "properties": {"h": 28.7}, "geometry": {"type": "Point", "coordinates": [692518.5, 5333752.5]}}, {"type": "Feature", "properties": {"h": 26.0}, "geometry": {"type": "Point", "coordinates": [692526.5, 5333754.5]}}, {"type": "Feature", "properties": {"h": 23.5}, "geometry": {"type": "Point", "coordinates": [692532.5, 5333752.5]}}, {"type": "Feature", "properties": {"h": 17.5}, "geometry": {"type": "Point", "coordinates": [692539.5, 5333749.5]}}, {"type": "Feature", "properties": {"h": 22.1}, "geometry": {"type": "Point", "coordinates": [692020.5, 5333741.5]}}, {"type": "Feature", "properties": {"h": 25.7}, "geometry": {"type": "Point", "coordinates": [692021.5, 5333741.5]}}, {"type": "Feature", "properties": {"h": 12.5}, "geometry": {"type": "Point", "coordinates": [692048.5, 5333747.5]}}, {"type": "Feature", "properties": {"h": 14.9}, "geometry": {"type": "Point", "coordinates": [692055.5, 5333744.5]}}, {"type": "Feature", "properties": {"h": 14.8}, "geometry": {"type": "Point", "coordinates": [692056.5, 5333745.5]}}, {"type": "Feature", "properties": {"h": 17.9}, "geometry": {"type": "Point", "coordinates": [692066.5, 5333747.5]}}, {"type": "Feature", "properties": {"h": 16.3}, "geometry": {"type": "Point", "coordinates": [692074.5, 5333745.5]}}, {"type": "Feature", "properties": {"h": 13.5}, "geometry": {"type": "Point", "coordinates": [692077.5, 5333747.5]}}, {"type": "Feature", "properties": {"h": 13.3}, "geometry": {"type": "Point", "coordinates": [692090.5, 5333747.5]}}, {"type": "Feature", "properties": {"h": 18.5}, "geometry": {"type": "Point", "coordinates": [692097.5, 5333744.5]}}, {"type": "Feature", "properties": {"h": 18.4}, "geometry": {"type": "Point", "coordinates": [692098.5, 5333744.5]}}, {"type": "Feature", "properties": {"h": 16.3}, "geometry": {"type": "Point", "coordinates": [692105.5, 5333743.5]}}, {"type": "Feature", "properties": {"h": 14.2}, "geometry": {"type": "Point", "coordinates": [692118.5, 5333742.5]}}, {"type": "Feature", "properties": {"h": 16.0}, "geometry": {"type": "Point", "coordinates": [692125.5, 5333743.5]}}, {"type": "Feature", "properties": {"h": 17.0}, "geometry": {"type": "Point", "coordinates": [692130.5, 5333743.5]}}, {"type": "Feature", "properties": {"h": 16.5}, "geometry": {"type": "Point", "coordinates": [692136.5, 5333744.5]}}, {"type": "Feature", "properties": {"h": 15.7}, "geometry": {"type": "Point", "coordinates": [692140.5, 5333743.5]}}, {"type": "Feature", "properties": {"h": 17.8}, "geometry": {"type": "Point", "coordinates": [692153.5, 5333743.5]}}, {"type": "Feature", "properties": {"h": 17.8}, "geometry": {"type": "Point", "coordinates": [692159.5, 5333747.5]}}, {"type": "Feature", "properties": {"h": 17.2}, "geometry": {"type": "Point", "coordinates": [692161.5, 5333747.5]}}, {"type": "Feature", "properties": {"h": 17.1}, "geometry": {"type": "Point", "coordinates": [692172.5, 5333744.5]}}, {"type": "Feature", "properties": {"h": 15.1}, "geometry": {"type": "Point", "coordinates": [692175.5, 5333743.5]}}, {"type": "Feature", "properties": {"h": 16.5}, "geometry": {"type": "Point", "coordinates": [692184.5, 5333747.5]}}, {"type": "Feature", "properties": {"h": 17.6}, "geometry": {"type": "Point", "coordinates": [692193.5, 5333747.5]}}, {"type": "Feature", "properties": {"h": 17.8}, "geometry": {"type": "Point", "coordinates": [692202.5, 5333747.5]}}, {"type": "Feature", "properties": {"h": 14.8}, "geometry": {"type": "Point", "coordinates": [692419.5, 5333742.5]}}, {"type": "Feature", "properties": {"h": 16.8}, "geometry": {"type": "Point", "coordinates": [692422.5, 5333741.5]}}, {"type": "Feature", "properties": {"h": 13.2}, "geometry": {"type": "Point", "coordinates": [692433.5, 5333746.5]}}, {"type": "Feature", "properties": {"h": 15.7}, "geometry": {"type": "Point", "coordinates": [692435.5, 5333746.5]}}, {"type": "Feature", "properties": {"h": 16.7}, "geometry": {"type": "Point", "coordinates": [692444.5, 5333746.5]}}, {"type": "Feature", "properties": {"h": 31.5}, "geometry": {"type": "Point", "coordinates": [692496.5, 5333741.5]}}, {"type": "Feature", "properties": {"h": 31.2}, "geometry": {"type": "Point", "coordinates": [692497.5, 5333741.5]}}, {"type": "Feature", "properties": {"h": 31.9}, "geometry": {"type": "Point", "coordinates": [692508.5, 5333746.5]}}, {"type": "Feature", "properties": {"h": 30.6}, "geometry": {"type": "Point", "coordinates": [692511.5, 5333745.5]}}, {"type": "Feature", "properties": {"h": 27.4}, "geometry": {"type": "Point", "coordinates": [692518.5, 5333747.5]}}, {"type": "Feature", "properties": {"h": 21.2}, "geometry": {"type": "Point", "coordinates": [692525.5, 5333747.5]}}, {"type": "Feature", "properties": {"h": 21.0}, "geometry": {"type": "Point", "coordinates": [692532.5, 5333747.5]}}, {"type": "Feature", "properties": {"h": 16.9}, "geometry": {"type": "Point", "coordinates": [692539.5, 5333747.5]}}, {"type": "Feature", "properties": {"h": 18.5}, "geometry": {"type": "Point", "coordinates": [692006.5, 5333736.5]}}, {"type": "Feature", "properties": {"h": 30.9}, "geometry": {"type": "Point", "coordinates": [692013.5, 5333734.5]}}, {"type": "Feature", "properties": {"h": 29.6}, "geometry": {"type": "Point", "coordinates": [692014.5, 5333734.5]}}, {"type": "Feature", "properties": {"h": 25.4}, "geometry": {"type": "Point", "coordinates": [692021.5, 5333740.5]}}, {"type": "Feature", "properties": {"h": 15.0}, "geometry": {"type": "Point", "coordinates": [692028.5, 5333734.5]}}, {"type": "Feature", "properties": {"h": 9.6}, "geometry": {"type": "Point", "coordinates": [692055.5, 5333740.5]}}, {"type": "Feature", "properties": {"h": 9.5}, "geometry": {"type": "Point", "coordinates": [692056.5, 5333740.5]}}, {"type": "Feature", "properties": {"h": 12.7}, "geometry": {"type": "Point", "coordinates": [692119.5, 5333740.5]}}, {"type": "Feature", "properties": {"h": 14.1}, "geometry": {"type": "Point", "coordinates": [692127.5, 5333740.5]}}, {"type": "Feature", "properties": {"h": 11.1}, "geometry": {"type": "Point", "coordinates": [692134.5, 5333740.5]}}, {"type": "Feature", "properties": {"h": 12.0}, "geometry": {"type": "Point", "coordinates": [692142.5, 5333740.5]}}, {"type": "Feature", "properties": {"h": 16.3}, "geometry": {"type": "Point", "coordinates": [692153.5, 5333740.5]}}, {"type": "Feature", "properties": {"h": 16.7}, "geometry": {"type": "Point", "coordinates": [692154.5, 5333740.5]}}, {"type": "Feature", "properties": {"h": 15.8}, "geometry": {"type": "Point", "coordinates": [692161.5, 5333740.5]}}, {"type": "Feature", "properties": {"h": 17.5}, "geometry": {"type": "Point", "coordinates": [692422.5, 5333739.5]}}, {"type": "Feature", "properties": {"h": 12.3}, "geometry": {"type": "Point", "coordinates": [692427.5, 5333734.5]}}, {"type": "Feature", "properties": {"h": 16.7}, "geometry": {"type": "Point", "coordinates": [692440.5, 5333735.5]}}, {"type": "Feature", "properties": {"h": 18.7}, "geometry": {"type": "Point", "coordinates": [692444.5, 5333734.5]}}, {"type": "Feature", "properties": {"h": 33.0}, "geometry": {"type": "Point", "coordinates": [692496.5, 5333737.5]}}, {"type": "Feature", "properties": {"h": 32.8}, "geometry": {"type": "Point", "coordinates": [692497.5, 5333738.5]}}, {"type": "Feature", "properties": {"h": 30.2}, "geometry": {"type": "Point", "coordinates": [692506.5, 5333740.5]}}, {"type": "Feature", "properties": {"h": 28.9}, "geometry": {"type": "Point", "coordinates": [692511.5, 5333740.5]}}, {"type": "Feature", "properties": {"h": 25.8}, "geometry": {"type": "Point", "coordinates": [692518.5, 5333739.5]}}, {"type": "Feature", "properties": {"h": 20.9}, "geometry": {"type": "Point", "coordinates": [692525.5, 5333737.5]}}, {"type": "Feature", "properties": {"h": 18.0}, "geometry": {"type": "Point", "coordinates": [692532.5, 5333740.5]}}, {"type": "Feature", "properties": {"h": 13.1}, "geometry": {"type": "Point", "coordinates": [692539.5, 5333740.5]}}, {"type": "Feature", "properties": {"h": 22.6}, "geometry": {"type": "Point", "coordinates": [692000.5, 5333732.5]}}, {"type": "Feature", "properties": {"h": 31.2}, "geometry": {"type": "Point", "coordinates": [692013.5, 5333733.5]}}, {"type": "Feature", "properties": {"h": 31.6}, "geometry": {"type": "Point", "coordinates": [692014.5, 5333733.5]}}, {"type": "Feature", "properties": {"h": 17.4}, "geometry": {"type": "Point", "coordinates": [692022.5, 5333730.5]}}, {"type": "Feature", "properties": {"h": 16.5}, "geometry": {"type": "Point", "coordinates": [692028.5, 5333730.5]}}, {"type": "Feature", "properties": {"h": 17.8}, "geometry": {"type": "Point", "coordinates": [692424.5, 5333727.5]}}, {"type": "Feature", "properties": {"h": 15.4}, "geometry": {"type": "Point", "coordinates": [692427.5, 5333729.5]}}, {"type": "Feature", "properties": {"h": 16.0}, "geometry": {"type": "Point", "coordinates": [692440.5, 5333733.5]}}, {"type": "Feature", "properties": {"h": 19.7}, "geometry": {"type": "Point", "coordinates": [692444.5, 5333732.5]}}, {"type": "Feature", "properties": {"h": 30.6}, "geometry": {"type": "Point", "coordinates": [692494.5, 5333733.5]}}, {"type": "Feature", "properties": {"h": 30.5}, "geometry": {"type": "Point", "coordinates": [692498.5, 5333727.5]}}, {"type": "Feature", "properties": {"h": 28.4}, "geometry": {"type": "Point", "coordinates": [692504.5, 5333729.5]}}, {"type": "Feature", "properties": {"h": 23.7}, "geometry": {"type": "Point", "coordinates": [692511.5, 5333727.5]}}, {"type": "Feature", "properties": {"h": 20.8}, "geometry": {"type": "Point", "coordinates": [692522.5, 5333733.5]}}, {"type": "Feature", "properties": {"h": 19.8}, "geometry": {"type": "Point", "coordinates": [692527.5, 5333733.5]}}, {"type": "Feature", "properties": {"h": 14.7}, "geometry": {"type": "Point", "coordinates": [692532.5, 5333727.5]}}, {"type": "Feature", "properties": {"h": 19.6}, "geometry": {"type": "Point", "coordinates": [692000.5, 5333726.5]}}, {"type": "Feature", "properties": {"h": 17.4}, "geometry": {"type": "Point", "coordinates": [692011.5, 5333720.5]}}, {"type": "Feature", "properties": {"h": 15.6}, "geometry": {"type": "Point", "coordinates": [692014.5, 5333721.5]}}, {"type": "Feature", "properties": {"h": 14.0}, "geometry": {"type": "Point", "coordinates": [692027.5, 5333726.5]}}, {"type": "Feature", "properties": {"h": 14.0}, "geometry": {"type": "Point", "coordinates": [692029.5, 5333726.5]}}, {"type": "Feature", "properties": {"h": 17.5}, "geometry": {"type": "Point", "coordinates": [692411.5, 5333722.5]}}, {"type": "Feature", "properties": {"h": 17.5}, "geometry": {"type": "Point", "coordinates": [692414.5, 5333721.5]}}, {"type": "Feature", "properties": {"h": 17.5}, "geometry": {"type": "Point", "coordinates": [692424.5, 5333726.5]}}, {"type": "Feature", "properties": {"h": 12.3}, "geometry": {"type": "Point", "coordinates": [692427.5, 5333726.5]}}, {"type": "Feature", "properties": {"h": 15.9}, "geometry": {"type": "Point", "coordinates": [692440.5, 5333720.5]}}, {"type": "Feature", "properties": {"h": 16.1}, "geometry": {"type": "Point", "coordinates": [692441.5, 5333720.5]}}, {"type": "Feature", "properties": {"h": 25.4}, "geometry": {"type": "Point", "coordinates": [692489.5, 5333725.5]}}, {"type": "Feature", "properties": {"h": 29.8}, "geometry": {"type": "Point", "coordinates": [692496.5, 5333726.5]}}, {"type": "Feature", "properties": {"h": 30.4}, "geometry": {"type": "Point", "coordinates": [692498.5, 5333726.5]}}, {"type": "Feature", "properties": {"h": 27.4}, "geometry": {"type": "Point", "coordinates": [692505.5, 5333726.5]}}, {"type": "Feature", "properties": {"h": 23.7}, "geometry": {"type": "Point", "coordinates": [692511.5, 5333726.5]}}, {"type": "Feature", "properties": {"h": 22.6}, "geometry": {"type": "Point", "coordinates": [692518.5, 5333720.5]}}, {"type": "Feature", "properties": {"h": 18.6}, "geometry": {"type": "Point", "coordinates": [692525.5, 5333721.5]}}, {"type": "Feature", "properties": {"h": 14.8}, "geometry": {"type": "Point", "coordinates": [692532.5, 5333726.5]}}, {"type": "Feature", "properties": {"h": 16.1}, "geometry": {"type": "Point", "coordinates": [692004.5, 5333719.5]}}, {"type": "Feature", "properties": {"h": 17.6}, "geometry": {"type": "Point", "coordinates": [692010.5, 5333719.5]}}, {"type": "Feature", "properties": {"h": 15.6}, "geometry": {"type": "Point", "coordinates": [692014.5, 5333715.5]}}, {"type": "Feature", "properties": {"h": 9.3}, "geometry": {"type": "Point", "coordinates": [692021.5, 5333719.5]}}, {"type": "Feature", "properties": {"h": 16.3}, "geometry": {"type": "Point", "coordinates": [692410.5, 5333719.5]}}, {"type": "Feature", "properties": {"h": 16.1}, "geometry": {"type": "Point", "coordinates": [692413.5, 5333719.5]}}, {"type": "Feature", "properties": {"h": 3.2}, "geometry": {"type": "Point", "coordinates": [692425.5, 5333713.5]}}, {"type": "Feature", "properties": {"h": 7.5}, "geometry": {"type": "Point", "coordinates": [692433.5, 5333713.5]}}, {"type": "Feature", "properties": {"h": 15.6}, "geometry": {"type": "Point", "coordinates": [692440.5, 5333719.5]}}, {"type": "Feature", "properties": {"h": 15.8}, "geometry": {"type": "Point", "coordinates": [692441.5, 5333719.5]}}, {"type": "Feature", "properties": {"h": 24.3}, "geometry": {"type": "Point", "coordinates": [692486.5, 5333713.5]}}, {"type": "Feature", "properties": {"h": 22.6}, "geometry": {"type": "Point", "coordinates": [692496.5, 5333713.5]}}, {"type": "Feature", "properties": {"h": 26.3}, "geometry": {"type": "Point", "coordinates": [692500.5, 5333719.5]}}, {"type": "Feature", "properties": {"h": 24.7}, "geometry": {"type": "Point", "coordinates": [692504.5, 5333719.5]}}, {"type": "Feature", "properties": {"h": 23.3}, "geometry": {"type": "Point", "coordinates": [692516.5, 5333718.5]}}, {"type": "Feature", "properties": {"h": 23.0}, "geometry": {"type": "Point", "coordinates": [692518.5, 5333718.5]}}, {"type": "Feature", "properties": {"h": 18.8}, "geometry": {"type": "Point", "coordinates": [692525.5, 5333717.5]}}, {"type": "Feature", "properties": {"h": 18.1}, "geometry": {"type": "Point", "coordinates": [692000.5, 5333706.5]}}, {"type": "Feature", "properties": {"h": 15.0}, "geometry": {"type": "Point", "coordinates": [692007.5, 5333711.5]}}, {"type": "Feature", "properties": {"h": 13.6}, "geometry": {"type": "Point", "coordinates": [692014.5, 5333712.5]}}, {"type": "Feature", "properties": {"h": 14.0}, "geometry": {"type": "Point", "coordinates": [692409.5, 5333712.5]}}, {"type": "Feature", "properties": {"h": 13.9}, "geometry": {"type": "Point", "coordinates": [692414.5, 5333710.5]}}, {"type": "Feature", "properties": {"h": 11.1}, "geometry": {"type": "Point", "coordinates": [692426.5, 5333706.5]}}, {"type": "Feature", "properties": {"h": 15.0}, "geometry": {"type": "Point", "coordinates": [692433.5, 5333709.5]}}, {"type": "Feature", "properties": {"h": 16.1}, "geometry": {"type": "Point", "coordinates": [692440.5, 5333706.5]}}, {"type": "Feature", "properties": {"h": 15.7}, "geometry": {"type": "Point", "coordinates": [692441.5, 5333706.5]}}, {"type": "Feature", "properties": {"h": 24.2}, "geometry": {"type": "Point", "coordinates": [692486.5, 5333712.5]}}, {"type": "Feature", "properties": {"h": 23.3}, "geometry": {"type": "Point", "coordinates": [692496.5, 5333710.5]}}, {"type": "Feature", "properties": {"h": 27.1}, "geometry": {"type": "Point", "coordinates": [692501.5, 5333707.5]}}, {"type": "Feature", "properties": {"h": 26.4}, "geometry": {"type": "Point", "coordinates": [692504.5, 5333706.5]}}, {"type": "Feature", "properties": {"h": 20.4}, "geometry": {"type": "Point", "coordinates": [692511.5, 5333710.5]}}, {"type": "Feature", "properties": {"h": 18.1}, "geometry": {"type": "Point", "coordinates": [692518.5, 5333712.5]}}, {"type": "Feature", "properties": {"h": 16.9}, "geometry": {"type": "Point", "coordinates": [692525.5, 5333712.5]}}, {"type": "Feature", "properties": {"h": 13.0}, "geometry": {"type": "Point", "coordinates": [693420.5, 5333707.5]}}, {"type": "Feature", "properties": {"h": 18.0}, "geometry": {"type": "Point", "coordinates": [693425.5, 5333706.5]}}, {"type": "Feature", "properties": {"h": 17.9}, "geometry": {"type": "Point", "coordinates": [693428.5, 5333706.5]}}, {"type": "Feature", "properties": {"h": 17.8}, "geometry": {"type": "Point", "coordinates": [692000.5, 5333705.5]}}, {"type": "Feature", "properties": {"h": 13.8}, "geometry": {"type": "Point", "coordinates": [692412.5, 5333699.5]}}, {"type": "Feature", "properties": {"h": 15.0}, "geometry": {"type": "Point", "coordinates": [692415.5, 5333699.5]}}, {"type": "Feature", "properties": {"h": 16.8}, "geometry": {"type": "Point", "coordinates": [692426.5, 5333699.5]}}, {"type": "Feature", "properties": {"h": 16.7}, "geometry": {"type": "Point", "coordinates": [692427.5, 5333699.5]}}, {"type": "Feature", "properties": {"h": 16.7}, "geometry": {"type": "Point", "coordinates": [692439.5, 5333704.5]}}, {"type": "Feature", "properties": {"h": 16.2}, "geometry": {"type": "Point", "coordinates": [692441.5, 5333704.5]}}, {"type": "Feature", "properties": {"h": 15.3}, "geometry": {"type": "Point", "coordinates": [692482.5, 5333699.5]}}, {"type": "Feature", "properties": {"h": 24.1}, "geometry": {"type": "Point", "coordinates": [692489.5, 5333699.5]}}, {"type": "Feature", "properties": {"h": 24.0}, "geometry": {"type": "Point", "coordinates": [692490.5, 5333700.5]}}, {"type": "Feature", "properties": {"h": 26.7}, "geometry": {"type": "Point", "coordinates": [692502.5, 5333705.5]}}, {"type": "Feature", "properties": {"h": 25.9}, "geometry": {"type": "Point", "coordinates": [692504.5, 5333705.5]}}, {"type": "Feature", "properties": {"h": 18.1}, "geometry": {"type": "Point", "coordinates": [692511.5, 5333701.5]}}, {"type": "Feature", "properties": {"h": 17.5}, "geometry": {"type": "Point", "coordinates": [692518.5, 5333705.5]}}, {"type": "Feature", "properties": {"h": 16.9}, "geometry": {"type": "Point", "coordinates": [693412.5, 5333699.5]}}, {"type": "Feature", "properties": {"h": 13.0}, "geometry": {"type": "Point", "coordinates": [693414.5, 5333699.5]}}, {"type": "Feature", "properties": {"h": 28.5}, "geometry": {"type": "Point", "coordinates": [693424.5, 5333704.5]}}, {"type": "Feature", "properties": {"h": 23.0}, "geometry": {"type": "Point", "coordinates": [693433.5, 5333700.5]}}, {"type": "Feature", "properties": {"h": 21.5}, "geometry": {"type": "Point", "coordinates": [693435.5, 5333701.5]}}, {"type": "Feature", "properties": {"h": 20.8}, "geometry": {"type": "Point", "coordinates": [692412.5, 5333694.5]}}, {"type": "Feature", "properties": {"h": 21.2}, "geometry": {"type": "Point", "coordinates": [692414.5, 5333693.5]}}, {"type": "Feature", "properties": {"h": 18.8}, "geometry": {"type": "Point", "coordinates": [692420.5, 5333692.5]}}, {"type": "Feature", "properties": {"h": 17.2}, "geometry": {"type": "Point", "coordinates": [692427.5, 5333692.5]}}, {"type": "Feature", "properties": {"h": 12.6}, "geometry": {"type": "Point", "coordinates": [692438.5, 5333698.5]}}, {"type": "Feature", "properties": {"h": 26.2}, "geometry": {"type": "Point", "coordinates": [692475.5, 5333692.5]}}, {"type": "Feature", "properties": {"h": 28.1}, "geometry": {"type": "Point", "coordinates": [692480.5, 5333692.5]}}, {"type": "Feature", "properties": {"h": 25.9}, "geometry": {"type": "Point", "coordinates": [692484.5, 5333692.5]}}, {"type": "Feature", "properties": {"h": 25.7}, "geometry": {"type": "Point", "coordinates": [692490.5, 5333692.5]}}, {"type": "Feature", "properties": {"h": 24.4}, "geometry": {"type": "Point", "coordinates": [692497.5, 5333696.5]}}, {"type": "Feature", "properties": {"h": 21.8}, "geometry": {"type": "Point", "coordinates": [692504.5, 5333698.5]}}, {"type": "Feature", "properties": {"h": 17.8}, "geometry": {"type": "Point", "coordinates": [692514.5, 5333696.5]}}, {"type": "Feature", "properties": {"h": 14.4}, "geometry": {"type": "Point", "coordinates": [692518.5, 5333695.5]}}, {"type": "Feature", "properties": {"h": 19.1}, "geometry": {"type": "Point", "coordinates": [693413.5, 5333696.5]}}, {"type": "Feature", "properties": {"h": 18.5}, "geometry": {"type": "Point", "coordinates": [693414.5, 5333696.5]}}, {"type": "Feature", "properties": {"h": 16.5}, "geometry": {"type": "Point", "coordinates": [693421.5, 5333692.5]}}, {"type": "Feature", "properties": {"h": 16.6}, "geometry": {"type": "Point", "coordinates": [693434.5, 5333696.5]}}, {"type": "Feature", "properties": {"h": 18.3}, "geometry": {"type": "Point", "coordinates": [693438.5, 5333695.5]}}, {"type": "Feature", "properties": {"h": 17.3}, "geometry": {"type": "Point", "coordinates": [693442.5, 5333696.5]}}, {"type": "Feature", "properties": {"h": 20.4}, "geometry": {"type": "Point", "coordinates": [692409.5, 5333688.5]}}, {"type": "Feature", "properties": {"h": 23.0}, "geometry": {"type": "Point", "coordinates": [692418.5, 5333685.5]}}, {"type": "Feature", "properties": {"h": 21.9}, "geometry": {"type": "Point", "coordinates": [692420.5, 5333685.5]}}, {"type": "Feature", "properties": {"h": 19.3}, "geometry": {"type": "Point", "coordinates": [692427.5, 5333687.5]}}, {"type": "Feature", "properties": {"h": 26.5}, "geometry": {"type": "Point", "coordinates": [692475.5, 5333691.5]}}, {"type": "Feature", "properties": {"h": 29.6}, "geometry": {"type": "Point", "coordinates": [692479.5, 5333690.5]}}, {"type": "Feature", "properties": {"h": 27.7}, "geometry": {"type": "Point", "coordinates": [692486.5, 5333686.5]}}, {"type": "Feature", "properties": {"h": 26.8}, "geometry": {"type": "Point", "coordinates": [692490.5, 5333689.5]}}, {"type": "Feature", "properties": {"h": 24.8}, "geometry": {"type": "Point", "coordinates": [692497.5, 5333690.5]}}, {"type": "Feature", "properties": {"h": 20.0}, "geometry": {"type": "Point", "coordinates": [692504.5, 5333691.5]}}, {"type": "Feature", "properties": {"h": 17.4}, "geometry": {"type": "Point", "coordinates": [692511.5, 5333690.5]}}, {"type": "Feature", "properties": {"h": 18.3}, "geometry": {"type": "Point", "coordinates": [693419.5, 5333690.5]}}, {"type": "Feature", "properties": {"h": 17.3}, "geometry": {"type": "Point", "coordinates": [693421.5, 5333690.5]}}, {"type": "Feature", "properties": {"h": 12.6}, "geometry": {"type": "Point", "coordinates": [693428.5, 5333685.5]}}, {"type": "Feature", "properties": {"h": 16.9}, "geometry": {"type": "Point", "coordinates": [693437.5, 5333691.5]}}, {"type": "Feature", "properties": {"h": 16.6}, "geometry": {"type": "Point", "coordinates": [693446.5, 5333691.5]}}, {"type": "Feature", "properties": {"h": 14.6}, "geometry": {"type": "Point", "coordinates": [693449.5, 5333689.5]}}, {"type": "Feature", "properties": {"h": 17.7}, "geometry": {"type": "Point", "coordinates": [692412.5, 5333684.5]}}, {"type": "Feature", "properties": {"h": 22.9}, "geometry": {"type": "Point", "coordinates": [692417.5, 5333684.5]}}, {"type": "Feature", "properties": {"h": 29.3}, "geometry": {"type": "Point", "coordinates": [692481.5, 5333680.5]}}, {"type": "Feature", "properties": {"h": 29.0}, "geometry": {"type": "Point", "coordinates": [692483.5, 5333678.5]}}, {"type": "Feature", "properties": {"h": 24.2}, "geometry": {"type": "Point", "coordinates": [692490.5, 5333684.5]}}, {"type": "Feature", "properties": {"h": 21.4}, "geometry": {"type": "Point", "coordinates": [692497.5, 5333684.5]}}, {"type": "Feature", "properties": {"h": 18.7}, "geometry": {"type": "Point", "coordinates": [692504.5, 5333678.5]}}, {"type": "Feature", "properties": {"h": 15.0}, "geometry": {"type": "Point", "coordinates": [692511.5, 5333684.5]}}, {"type": "Feature", "properties": {"h": 15.1}, "geometry": {"type": "Point", "coordinates": [693423.5, 5333684.5]}}, {"type": "Feature", "properties": {"h": 16.9}, "geometry": {"type": "Point", "coordinates": [693431.5, 5333678.5]}}, {"type": "Feature", "properties": {"h": 10.4}, "geometry": {"type": "Point", "coordinates": [693435.5, 5333678.5]}}, {"type": "Feature", "properties": {"h": 13.6}, "geometry": {"type": "Point", "coordinates": [693448.5, 5333684.5]}}, {"type": "Feature", "properties": {"h": 14.7}, "geometry": {"type": "Point", "coordinates": [693455.5, 5333683.5]}}, {"type": "Feature", "properties": {"h": 16.8}, "geometry": {"type": "Point", "coordinates": [693461.5, 5333678.5]}}, {"type": "Feature", "properties": {"h": 26.8}, "geometry": {"type": "Point", "coordinates": [692461.5, 5333671.5]}}, {"type": "Feature", "properties": {"h": 27.1}, "geometry": {"type": "Point", "coordinates": [692462.5, 5333671.5]}}, {"type": "Feature", "properties": {"h": 27.8}, "geometry": {"type": "Point", "coordinates": [692475.5, 5333671.5]}}, {"type": "Feature", "properties": {"h": 30.9}, "geometry": {"type": "Point", "coordinates": [692479.5, 5333672.5]}}, {"type": "Feature", "properties": {"h": 30.0}, "geometry": {"type": "Point", "coordinates": [692483.5, 5333675.5]}}, {"type": "Feature", "properties": {"h": 23.4}, "geometry": {"type": "Point", "coordinates": [692490.5, 5333672.5]}}, {"type": "Feature", "properties": {"h": 19.3}, "geometry": {"type": "Point", "coordinates": [692503.5, 5333672.5]}}, {"type": "Feature", "properties": {"h": 19.4}, "geometry": {"type": "Point", "coordinates": [692504.5, 5333672.5]}}, {"type": "Feature", "properties": {"h": 4.8}, "geometry": {"type": "Point", "coordinates": [693427.5, 5333676.5]}}, {"type": "Feature", "properties": {"h": 16.5}, "geometry": {"type": "Point", "coordinates": [693430.5, 5333677.5]}}, {"type": "Feature", "properties": {"h": 10.8}, "geometry": {"type": "Point", "coordinates": [693438.5, 5333673.5]}}, {"type": "Feature", "properties": {"h": 11.0}, "geometry": {"type": "Point", "coordinates": [693443.5, 5333671.5]}}, {"type": "Feature", "properties": {"h": 11.3}, "geometry": {"type": "Point", "coordinates": [693455.5, 5333671.5]}}, {"type": "Feature", "properties": {"h": 17.2}, "geometry": {"type": "Point", "coordinates": [693462.5, 5333676.5]}}, {"type": "Feature", "properties": {"h": 17.2}, "geometry": {"type": "Point", "coordinates": [693463.5, 5333676.5]}}, {"type": "Feature", "properties": {"h": 24.8}, "geometry": {"type": "Point", "coordinates": [692454.5, 5333664.5]}}, {"type": "Feature", "properties": {"h": 29.0}, "geometry": {"type": "Point", "coordinates": [692460.5, 5333667.5]}}, {"type": "Feature", "properties": {"h": 28.5}, "geometry": {"type": "Point", "coordinates": [692462.5, 5333667.5]}}, {"type": "Feature", "properties": {"h": 27.9}, "geometry": {"type": "Point", "coordinates": [692475.5, 5333668.5]}}, {"type": "Feature", "properties": {"h": 30.2}, "geometry": {"type": "Point", "coordinates": [692478.5, 5333670.5]}}, {"type": "Feature", "properties": {"h": 28.9}, "geometry": {"type": "Point", "coordinates": [692483.5, 5333670.5]}}, {"type": "Feature", "properties": {"h": 23.0}, "geometry": {"type": "Point", "coordinates": [692490.5, 5333670.5]}}, {"type": "Feature", "properties": {"h": 18.5}, "geometry": {"type": "Point", "coordinates": [692503.5, 5333670.5]}}, {"type": "Feature", "properties": {"h": 18.6}, "geometry": {"type": "Point", "coordinates": [692504.5, 5333670.5]}}, {"type": "Feature", "properties": {"h": 15.5}, "geometry": {"type": "Point", "coordinates": [693378.5, 5333664.5]}}, {"type": "Feature", "properties": {"h": 15.4}, "geometry": {"type": "Point", "coordinates": [693379.5, 5333664.5]}}, {"type": "Feature", "properties": {"h": 5.5}, "geometry": {"type": "Point", "coordinates": [693434.5, 5333664.5]}}, {"type": "Feature", "properties": {"h": 17.4}, "geometry": {"type": "Point", "coordinates": [693441.5, 5333667.5]}}, {"type": "Feature", "properties": {"h": 18.4}, "geometry": {"type": "Point", "coordinates": [693444.5, 5333667.5]}}, {"type": "Feature", "properties": {"h": 18.5}, "geometry": {"type": "Point", "coordinates": [693455.5, 5333667.5]}}, {"type": "Feature", "properties": {"h": 18.1}, "geometry": {"type": "Point", "coordinates": [693456.5, 5333667.5]}}, {"type": "Feature", "properties": {"h": 16.5}, "geometry": {"type": "Point", "coordinates": [693463.5, 5333664.5]}}, {"type": "Feature", "properties": {"h": 17.0}, "geometry": {"type": "Point", "coordinates": [693472.5, 5333667.5]}}, {"type": "Feature", "properties": {"h": 20.5}, "geometry": {"type": "Point", "coordinates": [692447.5, 5333657.5]}}, {"type": "Feature", "properties": {"h": 27.2}, "geometry": {"type": "Point", "coordinates": [692454.5, 5333659.5]}}, {"type": "Feature", "properties": {"h": 27.6}, "geometry": {"type": "Point", "coordinates": [692457.5, 5333659.5]}}, {"type": "Feature", "properties": {"h": 27.2}, "geometry": {"type": "Point", "coordinates": [692463.5, 5333663.5]}}, {"type": "Feature", "properties": {"h": 25.6}, "geometry": {"type": "Point", "coordinates": [692474.5, 5333657.5]}}, {"type": "Feature", "properties": {"h": 24.2}, "geometry": {"type": "Point", "coordinates": [692476.5, 5333657.5]}}, {"type": "Feature", "properties": {"h": 23.1}, "geometry": {"type": "Point", "coordinates": [692485.5, 5333663.5]}}, {"type": "Feature", "properties": {"h": 19.1}, "geometry": {"type": "Point", "coordinates": [692490.5, 5333663.5]}}, {"type": "Feature", "properties": {"h": 19.5}, "geometry": {"type": "Point", "coordinates": [692498.5, 5333660.5]}}, {"type": "Feature", "properties": {"h": 17.0}, "geometry": {"type": "Point", "coordinates": [693378.5, 5333661.5]}}, {"type": "Feature", "properties": {"h": 16.9}, "geometry": {"type": "Point", "coordinates": [693384.5, 5333657.5]}}, {"type": "Feature", "properties": {"h": 15.8}, "geometry": {"type": "Point", "coordinates": [693386.5, 5333660.5]}}, {"type": "Feature", "properties": {"h": 8.0}, "geometry": {"type": "Point", "coordinates": [693434.5, 5333661.5]}}, {"type": "Feature", "properties": {"h": 13.0}, "geometry": {"type": "Point", "coordinates": [693439.5, 5333662.5]}}, {"type": "Feature", "properties": {"h": 16.5}, "geometry": {"type": "Point", "coordinates": [693448.5, 5333661.5]}}, {"type": "Feature", "properties": {"h": 17.2}, "geometry": {"type": "Point", "coordinates": [693449.5, 5333660.5]}}, {"type": "Feature", "properties": {"h": 18.5}, "geometry": {"type": "Point", "coordinates": [693462.5, 5333661.5]}}, {"type": "Feature", "properties": {"h": 20.0}, "geometry": {"type": "Point", "coordinates": [693467.5, 5333660.5]}}, {"type": "Feature", "properties": {"h": 26.4}, "geometry": {"type": "Point", "coordinates": [693473.5, 5333660.5]}}, {"type": "Feature", "properties": {"h": 13.3}, "geometry": {"type": "Point", "coordinates": [693477.5, 5333662.5]}}, {"type": "Feature", "properties": {"h": 17.5}, "geometry": {"type": "Point", "coordinates": [692440.5, 5333650.5]}}, {"type": "Feature", "properties": {"h": 23.4}, "geometry": {"type": "Point", "coordinates": [692447.5, 5333650.5]}}, {"type": "Feature", "properties": {"h": 28.0}, "geometry": {"type": "Point", "coordinates": [692454.5, 5333650.5]}}, {"type": "Feature", "properties": {"h": 30.6}, "geometry": {"type": "Point", "coordinates": [692457.5, 5333650.5]}}, {"type": "Feature", "properties": {"h": 27.8}, "geometry": {"type": "Point", "coordinates": [692462.5, 5333650.5]}}, {"type": "Feature", "properties": {"h": 27.3}, "geometry": {"type": "Point", "coordinates": [692470.5, 5333651.5]}}, {"type": "Feature", "properties": {"h": 24.5}, "geometry": {"type": "Point", "coordinates": [692476.5, 5333655.5]}}, {"type": "Feature", "properties": {"h": 20.2}, "geometry": {"type": "Point", "coordinates": [692483.5, 5333650.5]}}, {"type": "Feature", "properties": {"h": 19.4}, "geometry": {"type": "Point", "coordinates": [692492.5, 5333650.5]}}, {"type": "Feature", "properties": {"h": 18.9}, "geometry": {"type": "Point", "coordinates": [692497.5, 5333654.5]}}, {"type": "Feature", "properties": {"h": 17.0}, "geometry": {"type": "Point", "coordinates": [693384.5, 5333656.5]}}, {"type": "Feature", "properties": {"h": 16.1}, "geometry": {"type": "Point", "coordinates": [693392.5, 5333652.5]}}, {"type": "Feature", "properties": {"h": 15.3}, "geometry": {"type": "Point", "coordinates": [693393.5, 5333652.5]}}, {"type": "Feature", "properties": {"h": 9.6}, "geometry": {"type": "Point", "coordinates": [693400.5, 5333650.5]}}, {"type": "Feature", "properties": {"h": 6.7}, "geometry": {"type": "Point", "coordinates": [693434.5, 5333654.5]}}, {"type": "Feature", "properties": {"h": 12.3}, "geometry": {"type": "Point", "coordinates": [693441.5, 5333656.5]}}, {"type": "Feature", "properties": {"h": 12.1}, "geometry": {"type": "Point", "coordinates": [693442.5, 5333656.5]}}, {"type": "Feature", "properties": {"h": 17.5}, "geometry": {"type": "Point", "coordinates": [693455.5, 5333655.5]}}, {"type": "Feature", "properties": {"h": 17.8}, "geometry": {"type": "Point", "coordinates": [693456.5, 5333655.5]}}, {"type": "Feature", "properties": {"h": 17.5}, "geometry": {"type": "Point", "coordinates": [693467.5, 5333656.5]}}, {"type": "Feature", "properties": {"h": 4.1}, "geometry": {"type": "Point", "coordinates": [693470.5, 5333656.5]}}, {"type": "Feature", "properties": {"h": 19.3}, "geometry": {"type": "Point", "coordinates": [693480.5, 5333650.5]}}, {"type": "Feature", "properties": {"h": 17.3}, "geometry": {"type": "Point", "coordinates": [693484.5, 5333650.5]}}, {"type": "Feature", "properties": {"h": 20.0}, "geometry": {"type": "Point", "coordinates": [692440.5, 5333643.5]}}, {"type": "Feature", "properties": {"h": 25.5}, "geometry": {"type": "Point", "coordinates": [692446.5, 5333646.5]}}, {"type": "Feature", "properties": {"h": 29.7}, "geometry": {"type": "Point", "coordinates": [692454.5, 5333647.5]}}, {"type": "Feature", "properties": {"h": 30.5}, "geometry": {"type": "Point", "coordinates": [692457.5, 5333649.5]}}, {"type": "Feature", "properties": {"h": 28.5}, "geometry": {"type": "Point", "coordinates": [692462.5, 5333648.5]}}, {"type": "Feature", "properties": {"h": 25.9}, "geometry": {"type": "Point", "coordinates": [692470.5, 5333649.5]}}, {"type": "Feature", "properties": {"h": 23.2}, "geometry": {"type": "Point", "coordinates": [692476.5, 5333649.5]}}, {"type": "Feature", "properties": {"h": 20.2}, "geometry": {"type": "Point", "coordinates": [692483.5, 5333646.5]}}, {"type": "Feature", "properties": {"h": 19.3}, "geometry": {"type": "Point", "coordinates": [692492.5, 5333649.5]}}, {"type": "Feature", "properties": {"h": 15.2}, "geometry": {"type": "Point", "coordinates": [692497.5, 5333649.5]}}, {"type": "Feature", "properties": {"h": 14.1}, "geometry": {"type": "Point", "coordinates": [693392.5, 5333645.5]}}, {"type": "Feature", "properties": {"h": 15.5}, "geometry": {"type": "Point", "coordinates": [693396.5, 5333645.5]}}, {"type": "Feature", "properties": {"h": 15.6}, "geometry": {"type": "Point", "coordinates": [693400.5, 5333643.5]}}, {"type": "Feature", "properties": {"h": 10.0}, "geometry": {"type": "Point", "coordinates": [693407.5, 5333643.5]}}, {"type": "Feature", "properties": {"h": 10.5}, "geometry": {"type": "Point", "coordinates": [693420.5, 5333643.5]}}, {"type": "Feature", "properties": {"h": 10.7}, "geometry": {"type": "Point", "coordinates": [693421.5, 5333643.5]}}, {"type": "Feature", "properties": {"h": 10.7}, "geometry": {"type": "Point", "coordinates": [693439.5, 5333649.5]}}, {"type": "Feature", "properties": {"h": 10.3}, "geometry": {"type": "Point", "coordinates": [693442.5, 5333649.5]}}, {"type": "Feature", "properties": {"h": 8.7}, "geometry": {"type": "Point", "coordinates": [693449.5, 5333649.5]}}, {"type": "Feature", "properties": {"h": 11.9}, "geometry": {"type": "Point", "coordinates": [693462.5, 5333648.5]}}, {"type": "Feature", "properties": {"h": 14.7}, "geometry": {"type": "Point", "coordinates": [693469.5, 5333643.5]}}, {"type": "Feature", "properties": {"h": 14.3}, "geometry": {"type": "Point", "coordinates": [693470.5, 5333643.5]}}, {"type": "Feature", "properties": {"h": 19.8}, "geometry": {"type": "Point", "coordinates": [693480.5, 5333649.5]}}, {"type": "Feature", "properties": {"h": 19.9}, "geometry": {"type": "Point", "coordinates": [693484.5, 5333643.5]}}, {"type": "Feature", "properties": {"h": 18.0}, "geometry": {"type": "Point", "coordinates": [693492.5, 5333643.5]}}, {"type": "Feature", "properties": {"h": 13.2}, "geometry": {"type": "Point", "coordinates": [693498.5, 5333643.5]}}, {"type": "Feature", "properties": {"h": 19.8}, "geometry": {"type": "Point", "coordinates": [692440.5, 5333642.5]}}, {"type": "Feature", "properties": {"h": 26.8}, "geometry": {"type": "Point", "coordinates": [692447.5, 5333636.5]}}, {"type": "Feature", "properties": {"h": 28.0}, "geometry": {"type": "Point", "coordinates": [692450.5, 5333638.5]}}, {"type": "Feature", "properties": {"h": 28.0}, "geometry": {"type": "Point", "coordinates": [692455.5, 5333642.5]}}, {"type": "Feature", "properties": {"h": 26.6}, "geometry": {"type": "Point", "coordinates": [692462.5, 5333640.5]}}, {"type": "Feature", "properties": {"h": 22.8}, "geometry": {"type": "Point", "coordinates": [692469.5, 5333642.5]}}, {"type": "Feature", "properties": {"h": 20.4}, "geometry": {"type": "Point", "coordinates": [692476.5, 5333642.5]}}, {"type": "Feature", "properties": {"h": 17.6}, "geometry": {"type": "Point", "coordinates": [692483.5, 5333642.5]}}, {"type": "Feature", "properties": {"h": 16.9}, "geometry": {"type": "Point", "coordinates": [692490.5, 5333642.5]}}, {"type": "Feature", "properties": {"h": 15.6}, "geometry": {"type": "Point", "coordinates": [693399.5, 5333640.5]}}, {"type": "Feature", "properties": {"h": 18.6}, "geometry": {"type": "Point", "coordinates": [693403.5, 5333639.5]}}, {"type": "Feature", "properties": {"h": 17.6}, "geometry": {"type": "Point", "coordinates": [693408.5, 5333636.5]}}, {"type": "Feature", "properties": {"h": 12.3}, "geometry": {"type": "Point", "coordinates": [693420.5, 5333639.5]}}, {"type": "Feature", "properties": {"h": 12.7}, "geometry": {"type": "Point", "coordinates": [693421.5, 5333640.5]}}, {"type": "Feature", "properties": {"h": 11.4}, "geometry": {"type": "Point", "coordinates": [693428.5, 5333636.5]}}, {"type": "Feature", "properties": {"h": 15.4}, "geometry": {"type": "Point", "coordinates": [693469.5, 5333642.5]}}, {"type": "Feature", "properties": {"h": 15.1}, "geometry": {"type": "Point", "coordinates": [693476.5, 5333636.5]}}, {"type": "Feature", "properties": {"h": 19.8}, "geometry": {"type": "Point", "coordinates": [693483.5, 5333642.5]}}, {"type": "Feature", "properties": {"h": 20.2}, "geometry": {"type": "Point", "coordinates": [693484.5, 5333642.5]}}, {"type": "Feature", "properties": {"h": 19.1}, "geometry": {"type": "Point", "coordinates": [693493.5, 5333640.5]}}, {"type": "Feature", "properties": {"h": 13.2}, "geometry": {"type": "Point", "coordinates": [693504.5, 5333636.5]}}, {"type": "Feature", "properties": {"h": 12.8}, "geometry": {"type": "Point", "coordinates": [693505.5, 5333636.5]}}, {"type": "Feature", "properties": {"h": 4.5}, "geometry": {"type": "Point", "coordinates": [692433.5, 5333629.5]}}, {"type": "Feature", "properties": {"h": 26.9}, "geometry": {"type": "Point", "coordinates": [692440.5, 5333629.5]}}, {"type": "Feature", "properties": {"h": 28.9}, "geometry": {"type": "Point", "coordinates": [692443.5, 5333629.5]}}, {"type": "Feature", "properties": {"h": 27.9}, "geometry": {"type": "Point", "coordinates": [692454.5, 5333635.5]}}, {"type": "Feature", "properties": {"h": 27.6}, "geometry": {"type": "Point", "coordinates": [692455.5, 5333635.5]}}, {"type": "Feature", "properties": {"h": 23.4}, "geometry": {"type": "Point", "coordinates": [692463.5, 5333630.5]}}, {"type": "Feature", "properties": {"h": 19.2}, "geometry": {"type": "Point", "coordinates": [692472.5, 5333635.5]}}, {"type": "Feature", "properties": {"h": 16.7}, "geometry": {"type": "Point", "coordinates": [692476.5, 5333634.5]}}, {"type": "Feature", "properties": {"h": 14.4}, "geometry": {"type": "Point", "coordinates": [692485.5, 5333634.5]}}, {"type": "Feature", "properties": {"h": 17.6}, "geometry": {"type": "Point", "coordinates": [693406.5, 5333635.5]}}, {"type": "Feature", "properties": {"h": 18.8}, "geometry": {"type": "Point", "coordinates": [693408.5, 5333634.5]}}, {"type": "Feature", "properties": {"h": 18.2}, "geometry": {"type": "Point", "coordinates": [693414.5, 5333630.5]}}, {"type": "Feature", "properties": {"h": 12.2}, "geometry": {"type": "Point", "coordinates": [693427.5, 5333632.5]}}, {"type": "Feature", "properties": {"h": 12.3}, "geometry": {"type": "Point", "coordinates": [693428.5, 5333633.5]}}, {"type": "Feature", "properties": {"h": 3.3}, "geometry": {"type": "Point", "coordinates": [693435.5, 5333635.5]}}, {"type": "Feature", "properties": {"h": 15.3}, "geometry": {"type": "Point", "coordinates": [693467.5, 5333629.5]}}, {"type": "Feature", "properties": {"h": 15.2}, "geometry": {"type": "Point", "coordinates": [693476.5, 5333635.5]}}, {"type": "Feature", "properties": {"h": 16.4}, "geometry": {"type": "Point", "coordinates": [693483.5, 5333629.5]}}, {"type": "Feature", "properties": {"h": 16.6}, "geometry": {"type": "Point", "coordinates": [693484.5, 5333629.5]}}, {"type": "Feature", "properties": {"h": 17.8}, "geometry": {"type": "Point", "coordinates": [693493.5, 5333635.5]}}, {"type": "Feature", "properties": {"h": 16.5}, "geometry": {"type": "Point", "coordinates": [693502.5, 5333629.5]}}, {"type": "Feature", "properties": {"h": 15.9}, "geometry": {"type": "Point", "coordinates": [693511.5, 5333629.5]}}, {"type": "Feature", "properties": {"h": 16.3}, "geometry": {"type": "Point", "coordinates": [693512.5, 5333629.5]}}, {"type": "Feature", "properties": {"h": 21.2}, "geometry": {"type": "Point", "coordinates": [692419.5, 5333622.5]}}, {"type": "Feature", "properties": {"h": 19.8}, "geometry": {"type": "Point", "coordinates": [692420.5, 5333622.5]}}, {"type": "Feature", "properties": {"h": 25.2}, "geometry": {"type": "Point", "coordinates": [692433.5, 5333623.5]}}, {"type": "Feature", "properties": {"h": 30.5}, "geometry": {"type": "Point", "coordinates": [692440.5, 5333622.5]}}, {"type": "Feature", "properties": {"h": 30.4}, "geometry": {"type": "Point", "coordinates": [692441.5, 5333623.5]}}, {"type": "Feature", "properties": {"h": 31.6}, "geometry": {"type": "Point", "coordinates": [692450.5, 5333622.5]}}, {"type": "Feature", "properties": {"h": 29.3}, "geometry": {"type": "Point", "coordinates": [692455.5, 5333622.5]}}, {"type": "Feature", "properties": {"h": 24.6}, "geometry": {"type": "Point", "coordinates": [692462.5, 5333626.5]}}, {"type": "Feature", "properties": {"h": 16.3}, "geometry": {"type": "Point", "coordinates": [692470.5, 5333622.5]}}, {"type": "Feature", "properties": {"h": 13.8}, "geometry": {"type": "Point", "coordinates": [692482.5, 5333628.5]}}, {"type": "Feature", "properties": {"h": 13.4}, "geometry": {"type": "Point", "coordinates": [692483.5, 5333628.5]}}, {"type": "Feature", "properties": {"h": 16.0}, "geometry": {"type": "Point", "coordinates": [693413.5, 5333628.5]}}, {"type": "Feature", "properties": {"h": 17.4}, "geometry": {"type": "Point", "coordinates": [693420.5, 5333623.5]}}, {"type": "Feature", "properties": {"h": 17.1}, "geometry": {"type": "Point", "coordinates": [693421.5, 5333623.5]}}, {"type": "Feature", "properties": {"h": 11.1}, "geometry": {"type": "Point", "coordinates": [693428.5, 5333628.5]}}, {"type": "Feature", "properties": {"h": 15.5}, "geometry": {"type": "Point", "coordinates": [693462.5, 5333625.5]}}, {"type": "Feature", "properties": {"h": 18.6}, "geometry": {"type": "Point", "coordinates": [693465.5, 5333624.5]}}, {"type": "Feature", "properties": {"h": 16.4}, "geometry": {"type": "Point", "coordinates": [693476.5, 5333624.5]}}, {"type": "Feature", "properties": {"h": 17.8}, "geometry": {"type": "Point", "coordinates": [693479.5, 5333624.5]}}, {"type": "Feature", "properties": {"h": 16.2}, "geometry": {"type": "Point", "coordinates": [693484.5, 5333628.5]}}, {"type": "Feature", "properties": {"h": 16.8}, "geometry": {"type": "Point", "coordinates": [693493.5, 5333622.5]}}, {"type": "Feature", "properties": {"h": 19.8}, "geometry": {"type": "Point", "coordinates": [693504.5, 5333622.5]}}, {"type": "Feature", "properties": {"h": 20.0}, "geometry": {"type": "Point", "coordinates": [693505.5, 5333622.5]}}, {"type": "Feature", "properties": {"h": 17.7}, "geometry": {"type": "Point", "coordinates": [693517.5, 5333622.5]}}, {"type": "Feature", "properties": {"h": 16.5}, "geometry": {"type": "Point", "coordinates": [693519.5, 5333622.5]}}, {"type": "Feature", "properties": {"h": 24.1}, "geometry": {"type": "Point", "coordinates": [692415.5, 5333616.5]}}, {"type": "Feature", "properties": {"h": 24.3}, "geometry": {"type": "Point", "coordinates": [692426.5, 5333619.5]}}, {"type": "Feature", "properties": {"h": 28.8}, "geometry": {"type": "Point", "coordinates": [692431.5, 5333615.5]}}, {"type": "Feature", "properties": {"h": 30.4}, "geometry": {"type": "Point", "coordinates": [692440.5, 5333621.5]}}, {"type": "Feature", "properties": {"h": 30.0}, "geometry": {"type": "Point", "coordinates": [692441.5, 5333621.5]}}, {"type": "Feature", "properties": {"h": 31.4}, "geometry": {"type": "Point", "coordinates": [692450.5, 5333621.5]}}, {"type": "Feature", "properties": {"h": 29.1}, "geometry": {"type": "Point", "coordinates": [692455.5, 5333621.5]}}, {"type": "Feature", "properties": {"h": 23.1}, "geometry": {"type": "Point", "coordinates": [692462.5, 5333615.5]}}, {"type": "Feature", "properties": {"h": 21.3}, "geometry": {"type": "Point", "coordinates": [692469.5, 5333615.5]}}, {"type": "Feature", "properties": {"h": 15.2}, "geometry": {"type": "Point", "coordinates": [692476.5, 5333615.5]}}, {"type": "Feature", "properties": {"h": 6.2}, "geometry": {"type": "Point", "coordinates": [692483.5, 5333621.5]}}, {"type": "Feature", "properties": {"h": 16.7}, "geometry": {"type": "Point", "coordinates": [693420.5, 5333621.5]}}, {"type": "Feature", "properties": {"h": 16.5}, "geometry": {"type": "Point", "coordinates": [693421.5, 5333621.5]}}, {"type": "Feature", "properties": {"h": 18.3}, "geometry": {"type": "Point", "coordinates": [693431.5, 5333615.5]}}, {"type": "Feature", "properties": {"h": 15.4}, "geometry": {"type": "Point", "coordinates": [693435.5, 5333615.5]}}, {"type": "Feature", "properties": {"h": 17.0}, "geometry": {"type": "Point", "coordinates": [693466.5, 5333621.5]}}, {"type": "Feature", "properties": {"h": 16.6}, "geometry": {"type": "Point", "coordinates": [693472.5, 5333618.5]}}, {"type": "Feature", "properties": {"h": 15.5}, "geometry": {"type": "Point", "coordinates": [693479.5, 5333621.5]}}, {"type": "Feature", "properties": {"h": 19.0}, "geometry": {"type": "Point", "coordinates": [693487.5, 5333615.5]}}, {"type": "Feature", "properties": {"h": 19.4}, "geometry": {"type": "Point", "coordinates": [693497.5, 5333616.5]}}, {"type": "Feature", "properties": {"h": 20.0}, "geometry": {"type": "Point", "coordinates": [693499.5, 5333616.5]}}, {"type": "Feature", "properties": {"h": 19.9}, "geometry": {"type": "Point", "coordinates": [693505.5, 5333621.5]}}, {"type": "Feature", "properties": {"h": 17.9}, "geometry": {"type": "Point", "coordinates": [693517.5, 5333621.5]}}, {"type": "Feature", "properties": {"h": 16.1}, "geometry": {"type": "Point", "coordinates": [693519.5, 5333621.5]}}, {"type": "Feature", "properties": {"h": 15.8}, "geometry": {"type": "Point", "coordinates": [693526.5, 5333615.5]}}, {"type": "Feature", "properties": {"h": 21.9}, "geometry": {"type": "Point", "coordinates": [692412.5, 5333612.5]}}, {"type": "Feature", "properties": {"h": 23.7}, "geometry": {"type": "Point", "coordinates": [692415.5, 5333614.5]}}, {"type": "Feature", "properties": {"h": 26.7}, "geometry": {"type": "Point", "coordinates": [692426.5, 5333612.5]}}, {"type": "Feature", "properties": {"h": 28.9}, "geometry": {"type": "Point", "coordinates": [692431.5, 5333614.5]}}, {"type": "Feature", "properties": {"h": 28.5}, "geometry": {"type": "Point", "coordinates": [692434.5, 5333614.5]}}, {"type": "Feature", "properties": {"h": 24.7}, "geometry": {"type": "Point", "coordinates": [692445.5, 5333614.5]}}, {"type": "Feature", "properties": {"h": 27.3}, "geometry": {"type": "Point", "coordinates": [692451.5, 5333612.5]}}, {"type": "Feature", "properties": {"h": 25.8}, "geometry": {"type": "Point", "coordinates": [692455.5, 5333612.5]}}, {"type": "Feature", "properties": {"h": 23.1}, "geometry": {"type": "Point", "coordinates": [692462.5, 5333614.5]}}, {"type": "Feature", "properties": {"h": 22.0}, "geometry": {"type": "Point", "coordinates": [692469.5, 5333611.5]}}, {"type": "Feature", "properties": {"h": 15.5}, "geometry": {"type": "Point", "coordinates": [692476.5, 5333613.5]}}, {"type": "Feature", "properties": {"h": 14.0}, "geometry": {"type": "Point", "coordinates": [693427.5, 5333610.5]}}, {"type": "Feature", "properties": {"h": 19.5}, "geometry": {"type": "Point", "coordinates": [693432.5, 5333612.5]}}, {"type": "Feature", "properties": {"h": 18.8}, "geometry": {"type": "Point", "coordinates": [693436.5, 5333608.5]}}, {"type": "Feature", "properties": {"h": 13.2}, "geometry": {"type": "Point", "coordinates": [693442.5, 5333608.5]}}, {"type": "Feature", "properties": {"h": 13.6}, "geometry": {"type": "Point", "coordinates": [693452.5, 5333608.5]}}, {"type": "Feature", "properties": {"h": 10.7}, "geometry": {"type": "Point", "coordinates": [693469.5, 5333614.5]}}, {"type": "Feature", "properties": {"h": 13.0}, "geometry": {"type": "Point", "coordinates": [693472.5, 5333614.5]}}, {"type": "Feature", "properties": {"h": 17.5}, "geometry": {"type": "Point", "coordinates": [693483.5, 5333608.5]}}, {"type": "Feature", "properties": {"h": 19.1}, "geometry": {"type": "Point", "coordinates": [693487.5, 5333614.5]}}, {"type": "Feature", "properties": {"h": 20.0}, "geometry": {"type": "Point", "coordinates": [693493.5, 5333610.5]}}, {"type": "Feature", "properties": {"h": 20.0}, "geometry": {"type": "Point", "coordinates": [693504.5, 5333610.5]}}, {"type": "Feature", "properties": {"h": 19.7}, "geometry": {"type": "Point", "coordinates": [693505.5, 5333610.5]}}, {"type": "Feature", "properties": {"h": 13.9}, "geometry": {"type": "Point", "coordinates": [693512.5, 5333613.5]}}, {"type": "Feature", "properties": {"h": 15.4}, "geometry": {"type": "Point", "coordinates": [693525.5, 5333614.5]}}, {"type": "Feature", "properties": {"h": 15.5}, "geometry": {"type": "Point", "coordinates": [693526.5, 5333614.5]}}, {"type": "Feature", "properties": {"h": 23.3}, "geometry": {"type": "Point", "coordinates": [692406.5, 5333601.5]}}, {"type": "Feature", "properties": {"h": 22.4}, "geometry": {"type": "Point", "coordinates": [692418.5, 5333607.5]}}, {"type": "Feature", "properties": {"h": 23.9}, "geometry": {"type": "Point", "coordinates": [692424.5, 5333607.5]}}, {"type": "Feature", "properties": {"h": 25.2}, "geometry": {"type": "Point", "coordinates": [692431.5, 5333607.5]}}, {"type": "Feature", "properties": {"h": 23.9}, "geometry": {"type": "Point", "coordinates": [692434.5, 5333607.5]}}, {"type": "Feature", "properties": {"h": 14.6}, "geometry": {"type": "Point", "coordinates": [692443.5, 5333601.5]}}, {"type": "Feature", "properties": {"h": 24.5}, "geometry": {"type": "Point", "coordinates": [692451.5, 5333607.5]}}, {"type": "Feature", "properties": {"h": 24.4}, "geometry": {"type": "Point", "coordinates": [692455.5, 5333607.5]}}, {"type": "Feature", "properties": {"h": 21.1}, "geometry": {"type": "Point", "coordinates": [692462.5, 5333607.5]}}, {"type": "Feature", "properties": {"h": 18.5}, "geometry": {"type": "Point", "coordinates": [692471.5, 5333607.5]}}, {"type": "Feature", "properties": {"h": 6.4}, "geometry": {"type": "Point", "coordinates": [692476.5, 5333607.5]}}, {"type": "Feature", "properties": {"h": 16.9}, "geometry": {"type": "Point", "coordinates": [693434.5, 5333607.5]}}, {"type": "Feature", "properties": {"h": 19.4}, "geometry": {"type": "Point", "coordinates": [693436.5, 5333607.5]}}, {"type": "Feature", "properties": {"h": 16.4}, "geometry": {"type": "Point", "coordinates": [693443.5, 5333602.5]}}, {"type": "Feature", "properties": {"h": 18.8}, "geometry": {"type": "Point", "coordinates": [693452.5, 5333603.5]}}, {"type": "Feature", "properties": {"h": 10.8}, "geometry": {"type": "Point", "coordinates": [693456.5, 5333603.5]}}, {"type": "Feature", "properties": {"h": 7.9}, "geometry": {"type": "Point", "coordinates": [693471.5, 5333601.5]}}, {"type": "Feature", "properties": {"h": 17.1}, "geometry": {"type": "Point", "coordinates": [693481.5, 5333601.5]}}, {"type": "Feature", "properties": {"h": 19.3}, "geometry": {"type": "Point", "coordinates": [693488.5, 5333604.5]}}, {"type": "Feature", "properties": {"h": 20.2}, "geometry": {"type": "Point", "coordinates": [693497.5, 5333605.5]}}, {"type": "Feature", "properties": {"h": 20.5}, "geometry": {"type": "Point", "coordinates": [693503.5, 5333601.5]}}, {"type": "Feature", "properties": {"h": 19.9}, "geometry": {"type": "Point", "coordinates": [693505.5, 5333601.5]}}, {"type": "Feature", "properties": {"h": 13.7}, "geometry": {"type": "Point", "coordinates": [693512.5, 5333607.5]}}, {"type": "Feature", "properties": {"h": 24.6}, "geometry": {"type": "Point", "coordinates": [692404.5, 5333598.5]}}, {"type": "Feature", "properties": {"h": 24.2}, "geometry": {"type": "Point", "coordinates": [692406.5, 5333598.5]}}, {"type": "Feature", "properties": {"h": 17.6}, "geometry": {"type": "Point", "coordinates": [692413.5, 5333600.5]}}, {"type": "Feature", "properties": {"h": 25.4}, "geometry": {"type": "Point", "coordinates": [692425.5, 5333594.5]}}, {"type": "Feature", "properties": {"h": 25.1}, "geometry": {"type": "Point", "coordinates": [692427.5, 5333594.5]}}, {"type": "Feature", "properties": {"h": 21.5}, "geometry": {"type": "Point", "coordinates": [692434.5, 5333594.5]}}, {"type": "Feature", "properties": {"h": 22.5}, "geometry": {"type": "Point", "coordinates": [692444.5, 5333594.5]}}, {"type": "Feature", "properties": {"h": 22.2}, "geometry": {"type": "Point", "coordinates": [692448.5, 5333594.5]}}, {"type": "Feature", "properties": {"h": 18.9}, "geometry": {"type": "Point", "coordinates": [692461.5, 5333600.5]}}, {"type": "Feature", "properties": {"h": 18.8}, "geometry": {"type": "Point", "coordinates": [692462.5, 5333600.5]}}, {"type": "Feature", "properties": {"h": 16.3}, "geometry": {"type": "Point", "coordinates": [692469.5, 5333598.5]}}, {"type": "Feature", "properties": {"h": 14.0}, "geometry": {"type": "Point", "coordinates": [693441.5, 5333600.5]}}, {"type": "Feature", "properties": {"h": 15.5}, "geometry": {"type": "Point", "coordinates": [693448.5, 5333597.5]}}, {"type": "Feature", "properties": {"h": 16.8}, "geometry": {"type": "Point", "coordinates": [693451.5, 5333600.5]}}, {"type": "Feature", "properties": {"h": 14.9}, "geometry": {"type": "Point", "coordinates": [693462.5, 5333594.5]}}, {"type": "Feature", "properties": {"h": 16.2}, "geometry": {"type": "Point", "coordinates": [693469.5, 5333595.5]}}, {"type": "Feature", "properties": {"h": 18.1}, "geometry": {"type": "Point", "coordinates": [693476.5, 5333594.5]}}, {"type": "Feature", "properties": {"h": 19.4}, "geometry": {"type": "Point", "coordinates": [693481.5, 5333598.5]}}, {"type": "Feature", "properties": {"h": 18.9}, "geometry": {"type": "Point", "coordinates": [693490.5, 5333598.5]}}, {"type": "Feature", "properties": {"h": 20.6}, "geometry": {"type": "Point", "coordinates": [693493.5, 5333599.5]}}, {"type": "Feature", "properties": {"h": 20.3}, "geometry": {"type": "Point", "coordinates": [693503.5, 5333600.5]}}, {"type": "Feature", "properties": {"h": 19.6}, "geometry": {"type": "Point", "coordinates": [693505.5, 5333600.5]}}, {"type": "Feature", "properties": {"h": 18.8}, "geometry": {"type": "Point", "coordinates": [692402.5, 5333593.5]}}, {"type": "Feature", "properties": {"h": 10.8}, "geometry": {"type": "Point", "coordinates": [692406.5, 5333593.5]}}, {"type": "Feature", "properties": {"h": 21.6}, "geometry": {"type": "Point", "coordinates": [692419.5, 5333587.5]}}, {"type": "Feature", "properties": {"h": 25.5}, "geometry": {"type": "Point", "coordinates": [692425.5, 5333593.5]}}, {"type": "Feature", "properties": {"h": 28.1}, "geometry": {"type": "Point", "coordinates": [692432.5, 5333587.5]}}, {"type": "Feature", "properties": {"h": 27.3}, "geometry": {"type": "Point", "coordinates": [692434.5, 5333587.5]}}, {"type": "Feature", "properties": {"h": 24.7}, "geometry": {"type": "Point", "coordinates": [692446.5, 5333590.5]}}, {"type": "Feature", "properties": {"h": 23.7}, "geometry": {"type": "Point", "coordinates": [692448.5, 5333589.5]}}, {"type": "Feature", "properties": {"h": 14.6}, "geometry": {"type": "Point", "coordinates": [692455.5, 5333588.5]}}, {"type": "Feature", "properties": {"h": 15.2}, "geometry": {"type": "Point", "coordinates": [692468.5, 5333593.5]}}, {"type": "Feature", "properties": {"h": 15.6}, "geometry": {"type": "Point", "coordinates": [692469.5, 5333593.5]}}, {"type": "Feature", "properties": {"h": 14.2}, "geometry": {"type": "Point", "coordinates": [693448.5, 5333593.5]}}, {"type": "Feature", "properties": {"h": 19.1}, "geometry": {"type": "Point", "coordinates": [693454.5, 5333590.5]}}, {"type": "Feature", "properties": {"h": 17.6}, "geometry": {"type": "Point", "coordinates": [693456.5, 5333591.5]}}, {"type": "Feature", "properties": {"h": 19.2}, "geometry": {"type": "Point", "coordinates": [693469.5, 5333587.5]}}, {"type": "Feature", "properties": {"h": 19.3}, "geometry": {"type": "Point", "coordinates": [693470.5, 5333587.5]}}, {"type": "Feature", "properties": {"h": 18.6}, "geometry": {"type": "Point", "coordinates": [693477.5, 5333592.5]}}, {"type": "Feature", "properties": {"h": 14.7}, "geometry": {"type": "Point", "coordinates": [693487.5, 5333593.5]}}, {"type": "Feature", "properties": {"h": 18.4}, "geometry": {"type": "Point", "coordinates": [693497.5, 5333593.5]}}, {"type": "Feature", "properties": {"h": 18.7}, "geometry": {"type": "Point", "coordinates": [693498.5, 5333593.5]}}, {"type": "Feature", "properties": {"h": 24.7}, "geometry": {"type": "Point", "coordinates": [692419.5, 5333580.5]}}, {"type": "Feature", "properties": {"h": 31.4}, "geometry": {"type": "Point", "coordinates": [692426.5, 5333580.5]}}, {"type": "Feature", "properties": {"h": 34.5}, "geometry": {"type": "Point", "coordinates": [692428.5, 5333580.5]}}, {"type": "Feature", "properties": {"h": 33.1}, "geometry": {"type": "Point", "coordinates": [692434.5, 5333581.5]}}, {"type": "Feature", "properties": {"h": 27.0}, "geometry": {"type": "Point", "coordinates": [692441.5, 5333580.5]}}, {"type": "Feature", "properties": {"h": 20.7}, "geometry": {"type": "Point", "coordinates": [692448.5, 5333586.5]}}, {"type": "Feature", "properties": {"h": 13.7}, "geometry": {"type": "Point", "coordinates": [692455.5, 5333586.5]}}, {"type": "Feature", "properties": {"h": 13.7}, "geometry": {"type": "Point", "coordinates": [692466.5, 5333586.5]}}, {"type": "Feature", "properties": {"h": 12.5}, "geometry": {"type": "Point", "coordinates": [692469.5, 5333586.5]}}, {"type": "Feature", "properties": {"h": 17.5}, "geometry": {"type": "Point", "coordinates": [693454.5, 5333586.5]}}, {"type": "Feature", "properties": {"h": 18.4}, "geometry": {"type": "Point", "coordinates": [693462.5, 5333581.5]}}, {"type": "Feature", "properties": {"h": 20.3}, "geometry": {"type": "Point", "coordinates": [693465.5, 5333580.5]}}, {"type": "Feature", "properties": {"h": 21.0}, "geometry": {"type": "Point", "coordinates": [693474.5, 5333580.5]}}, {"type": "Feature", "properties": {"h": 19.2}, "geometry": {"type": "Point", "coordinates": [693477.5, 5333580.5]}}, {"type": "Feature", "properties": {"h": 13.0}, "geometry": {"type": "Point", "coordinates": [693484.5, 5333580.5]}}, {"type": "Feature", "properties": {"h": 6.2}, "geometry": {"type": "Point", "coordinates": [693494.5, 5333586.5]}}, {"type": "Feature", "properties": {"h": 3.9}, "geometry": {"type": "Point", "coordinates": [693498.5, 5333585.5]}}, {"type": "Feature", "properties": {"h": 11.5}, "geometry": {"type": "Point", "coordinates": [692403.5, 5333573.5]}}, {"type": "Feature", "properties": {"h": 17.3}, "geometry": {"type": "Point", "coordinates": [692412.5, 5333574.5]}}, {"type": "Feature", "properties": {"h": 29.6}, "geometry": {"type": "Point", "coordinates": [692419.5, 5333573.5]}}, {"type": "Feature", "properties": {"h": 30.3}, "geometry": {"type": "Point", "coordinates": [692426.5, 5333579.5]}}, {"type": "Feature", "properties": {"h": 34.7}, "geometry": {"type": "Point", "coordinates": [692430.5, 5333577.5]}}, {"type": "Feature", "properties": {"h": 33.0}, "geometry": {"type": "Point", "coordinates": [692434.5, 5333578.5]}}, {"type": "Feature", "properties": {"h": 27.3}, "geometry": {"type": "Point", "coordinates": [692441.5, 5333579.5]}}, {"type": "Feature", "properties": {"h": 18.7}, "geometry": {"type": "Point", "coordinates": [692450.5, 5333573.5]}}, {"type": "Feature", "properties": {"h": 15.4}, "geometry": {"type": "Point", "coordinates": [692455.5, 5333574.5]}}, {"type": "Feature", "properties": {"h": 3.5}, "geometry": {"type": "Point", "coordinates": [692462.5, 5333579.5]}}, {"type": "Feature", "properties": {"h": 17.8}, "geometry": {"type": "Point", "coordinates": [693462.5, 5333579.5]}}, {"type": "Feature", "properties": {"h": 20.1}, "geometry": {"type": "Point", "coordinates": [693465.5, 5333579.5]}}, {"type": "Feature", "properties": {"h": 20.4}, "geometry": {"type": "Point", "coordinates": [693474.5, 5333579.5]}}, {"type": "Feature", "properties": {"h": 18.8}, "geometry": {"type": "Point", "coordinates": [693477.5, 5333579.5]}}, {"type": "Feature", "properties": {"h": 16.2}, "geometry": {"type": "Point", "coordinates": [693485.5, 5333574.5]}}, {"type": "Feature", "properties": {"h": 4.5}, "geometry": {"type": "Point", "coordinates": [693491.5, 5333577.5]}}, {"type": "Feature", "properties": {"h": 13.8}, "geometry": {"type": "Point", "coordinates": [692384.5, 5333568.5]}}, {"type": "Feature", "properties": {"h": 15.9}, "geometry": {"type": "Point", "coordinates": [692385.5, 5333570.5]}}, {"type": "Feature", "properties": {"h": 19.2}, "geometry": {"type": "Point", "coordinates": [692397.5, 5333566.5]}}, {"type": "Feature", "properties": {"h": 17.0}, "geometry": {"type": "Point", "coordinates": [692399.5, 5333566.5]}}, {"type": "Feature", "properties": {"h": 12.2}, "geometry": {"type": "Point", "coordinates": [692411.5, 5333570.5]}}, {"type": "Feature", "properties": {"h": 30.0}, "geometry": {"type": "Point", "coordinates": [692419.5, 5333571.5]}}, {"type": "Feature", "properties": {"h": 30.8}, "geometry": {"type": "Point", "coordinates": [692424.5, 5333570.5]}}, {"type": "Feature", "properties": {"h": 32.4}, "geometry": {"type": "Point", "coordinates": [692430.5, 5333572.5]}}, {"type": "Feature", "properties": {"h": 30.4}, "geometry": {"type": "Point", "coordinates": [692434.5, 5333572.5]}}, {"type": "Feature", "properties": {"h": 24.5}, "geometry": {"type": "Point", "coordinates": [692442.5, 5333567.5]}}, {"type": "Feature", "properties": {"h": 18.9}, "geometry": {"type": "Point", "coordinates": [692450.5, 5333572.5]}}, {"type": "Feature", "properties": {"h": 15.3}, "geometry": {"type": "Point", "coordinates": [692455.5, 5333572.5]}}, {"type": "Feature", "properties": {"h": 4.4}, "geometry": {"type": "Point", "coordinates": [692462.5, 5333571.5]}}, {"type": "Feature", "properties": {"h": 9.9}, "geometry": {"type": "Point", "coordinates": [693467.5, 5333572.5]}}, {"type": "Feature", "properties": {"h": 15.5}, "geometry": {"type": "Point", "coordinates": [693476.5, 5333572.5]}}, {"type": "Feature", "properties": {"h": 15.5}, "geometry": {"type": "Point", "coordinates": [693477.5, 5333572.5]}}, {"type": "Feature", "properties": {"h": 15.3}, "geometry": {"type": "Point", "coordinates": [693484.5, 5333572.5]}}, {"type": "Feature", "properties": {"h": 15.2}, "geometry": {"type": "Point", "coordinates": [692381.5, 5333559.5]}}, {"type": "Feature", "properties": {"h": 17.0}, "geometry": {"type": "Point", "coordinates": [692391.5, 5333564.5]}}, {"type": "Feature", "properties": {"h": 18.8}, "geometry": {"type": "Point", "coordinates": [692398.5, 5333565.5]}}, {"type": "Feature", "properties": {"h": 17.9}, "geometry": {"type": "Point", "coordinates": [692399.5, 5333565.5]}}, {"type": "Feature", "properties": {"h": 17.0}, "geometry": {"type": "Point", "coordinates": [692410.5, 5333559.5]}}, {"type": "Feature", "properties": {"h": 21.7}, "geometry": {"type": "Point", "coordinates": [692419.5, 5333565.5]}}, {"type": "Feature", "properties": {"h": 24.4}, "geometry": {"type": "Point", "coordinates": [692421.5, 5333565.5]}}, {"type": "Feature", "properties": {"h": 25.6}, "geometry": {"type": "Point", "coordinates": [692430.5, 5333565.5]}}, {"type": "Feature", "properties": {"h": 25.3}, "geometry": {"type": "Point", "coordinates": [692436.5, 5333565.5]}}, {"type": "Feature", "properties": {"h": 23.9}, "geometry": {"type": "Point", "coordinates": [692441.5, 5333565.5]}}, {"type": "Feature", "properties": {"h": 15.9}, "geometry": {"type": "Point", "coordinates": [692448.5, 5333559.5]}}, {"type": "Feature", "properties": {"h": 11.8}, "geometry": {"type": "Point", "coordinates": [692455.5, 5333563.5]}}, {"type": "Feature", "properties": {"h": 5.8}, "geometry": {"type": "Point", "coordinates": [693479.5, 5333565.5]}}, {"type": "Feature", "properties": {"h": 18.5}, "geometry": {"type": "Point", "coordinates": [692383.5, 5333555.5]}}, {"type": "Feature", "properties": {"h": 15.3}, "geometry": {"type": "Point", "coordinates": [692385.5, 5333554.5]}}, {"type": "Feature", "properties": {"h": 13.5}, "geometry": {"type": "Point", "coordinates": [692393.5, 5333552.5]}}, {"type": "Feature", "properties": {"h": 16.7}, "geometry": {"type": "Point", "coordinates": [692405.5, 5333554.5]}}, {"type": "Feature", "properties": {"h": 19.7}, "geometry": {"type": "Point", "coordinates": [692409.5, 5333552.5]}}, {"type": "Feature", "properties": {"h": 23.3}, "geometry": {"type": "Point", "coordinates": [692419.5, 5333552.5]}}, {"type": "Feature", "properties": {"h": 25.3}, "geometry": {"type": "Point", "coordinates": [692426.5, 5333555.5]}}, {"type": "Feature", "properties": {"h": 26.6}, "geometry": {"type": "Point", "coordinates": [692428.5, 5333554.5]}}, {"type": "Feature", "properties": {"h": 23.3}, "geometry": {"type": "Point", "coordinates": [692434.5, 5333552.5]}}, {"type": "Feature", "properties": {"h": 19.1}, "geometry": {"type": "Point", "coordinates": [692444.5, 5333556.5]}}, {"type": "Feature", "properties": {"h": 17.6}, "geometry": {"type": "Point", "coordinates": [692448.5, 5333556.5]}}, {"type": "Feature", "properties": {"h": 14.2}, "geometry": {"type": "Point", "coordinates": [692455.5, 5333553.5]}}, {"type": "Feature", "properties": {"h": 18.6}, "geometry": {"type": "Point", "coordinates": [692380.5, 5333545.5]}}, {"type": "Feature", "properties": {"h": 14.2}, "geometry": {"type": "Point", "coordinates": [692391.5, 5333549.5]}}, {"type": "Feature", "properties": {"h": 15.7}, "geometry": {"type": "Point", "coordinates": [692397.5, 5333549.5]}}, {"type": "Feature", "properties": {"h": 18.3}, "geometry": {"type": "Point", "coordinates": [692405.5, 5333545.5]}}, {"type": "Feature", "properties": {"h": 23.7}, "geometry": {"type": "Point", "coordinates": [692411.5, 5333545.5]}}, {"type": "Feature", "properties": {"h": 24.1}, "geometry": {"type": "Point", "coordinates": [692419.5, 5333550.5]}}, {"type": "Feature", "properties": {"h": 24.4}, "geometry": {"type": "Point", "coordinates": [692420.5, 5333550.5]}}, {"type": "Feature", "properties": {"h": 25.5}, "geometry": {"type": "Point", "coordinates": [692429.5, 5333551.5]}}, {"type": "Feature", "properties": {"h": 23.0}, "geometry": {"type": "Point", "coordinates": [692434.5, 5333551.5]}}, {"type": "Feature", "properties": {"h": 18.1}, "geometry": {"type": "Point", "coordinates": [692442.5, 5333551.5]}}, {"type": "Feature", "properties": {"h": 16.8}, "geometry": {"type": "Point", "coordinates": [692448.5, 5333551.5]}}, {"type": "Feature", "properties": {"h": 18.5}, "geometry": {"type": "Point", "coordinates": [692380.5, 5333544.5]}}, {"type": "Feature", "properties": {"h": 16.2}, "geometry": {"type": "Point", "coordinates": [692387.5, 5333540.5]}}, {"type": "Feature", "properties": {"h": 14.2}, "geometry": {"type": "Point", "coordinates": [692392.5, 5333544.5]}}, {"type": "Feature", "properties": {"h": 19.8}, "geometry": {"type": "Point", "coordinates": [692405.5, 5333539.5]}}, {"type": "Feature", "properties": {"h": 23.7}, "geometry": {"type": "Point", "coordinates": [692412.5, 5333544.5]}}, {"type": "Feature", "properties": {"h": 23.3}, "geometry": {"type": "Point", "coordinates": [692413.5, 5333544.5]}}, {"type": "Feature", "properties": {"h": 20.8}, "geometry": {"type": "Point", "coordinates": [692420.5, 5333539.5]}}, {"type": "Feature", "properties": {"h": 21.9}, "geometry": {"type": "Point", "coordinates": [692429.5, 5333544.5]}}, {"type": "Feature", "properties": {"h": 20.4}, "geometry": {"type": "Point", "coordinates": [692434.5, 5333544.5]}}, {"type": "Feature", "properties": {"h": 11.4}, "geometry": {"type": "Point", "coordinates": [692441.5, 5333544.5]}}, {"type": "Feature", "properties": {"h": 11.2}, "geometry": {"type": "Point", "coordinates": [693039.5, 5333540.5]}}, {"type": "Feature", "properties": {"h": 13.4}, "geometry": {"type": "Point", "coordinates": [692393.5, 5333537.5]}}, {"type": "Feature", "properties": {"h": 19.5}, "geometry": {"type": "Point", "coordinates": [692405.5, 5333537.5]}}, {"type": "Feature", "properties": {"h": 20.3}, "geometry": {"type": "Point", "coordinates": [692409.5, 5333531.5]}}, {"type": "Feature", "properties": {"h": 19.2}, "geometry": {"type": "Point", "coordinates": [692413.5, 5333537.5]}}, {"type": "Feature", "properties": {"h": 16.4}, "geometry": {"type": "Point", "coordinates": [692420.5, 5333537.5]}}, {"type": "Feature", "properties": {"h": 17.1}, "geometry": {"type": "Point", "coordinates": [692430.5, 5333534.5]}}, {"type": "Feature", "properties": {"h": 15.1}, "geometry": {"type": "Point", "coordinates": [692434.5, 5333531.5]}}, {"type": "Feature", "properties": {"h": 13.7}, "geometry": {"type": "Point", "coordinates": [692441.5, 5333531.5]}}, {"type": "Feature", "properties": {"h": 13.6}, "geometry": {"type": "Point", "coordinates": [693034.5, 5333531.5]}}, {"type": "Feature", "properties": {"h": 7.3}, "geometry": {"type": "Point", "coordinates": [693039.5, 5333537.5]}}, {"type": "Feature", "properties": {"h": 16.0}, "geometry": {"type": "Point", "coordinates": [692405.5, 5333530.5]}}, {"type": "Feature", "properties": {"h": 20.2}, "geometry": {"type": "Point", "coordinates": [692409.5, 5333530.5]}}, {"type": "Feature", "properties": {"h": 17.0}, "geometry": {"type": "Point", "coordinates": [692418.5, 5333525.5]}}, {"type": "Feature", "properties": {"h": 17.1}, "geometry": {"type": "Point", "coordinates": [692422.5, 5333525.5]}}, {"type": "Feature", "properties": {"h": 14.4}, "geometry": {"type": "Point", "coordinates": [692427.5, 5333530.5]}}, {"type": "Feature", "properties": {"h": 19.1}, "geometry": {"type": "Point", "coordinates": [692436.5, 5333528.5]}}, {"type": "Feature", "properties": {"h": 14.2}, "geometry": {"type": "Point", "coordinates": [692441.5, 5333528.5]}}, {"type": "Feature", "properties": {"h": 8.6}, "geometry": {"type": "Point", "coordinates": [693021.5, 5333525.5]}}, {"type": "Feature", "properties": {"h": 14.3}, "geometry": {"type": "Point", "coordinates": [693028.5, 5333524.5]}}, {"type": "Feature", "properties": {"h": 15.6}, "geometry": {"type": "Point", "coordinates": [693031.5, 5333524.5]}}, {"type": "Feature", "properties": {"h": 15.8}, "geometry": {"type": "Point", "coordinates": [693036.5, 5333528.5]}}, {"type": "Feature", "properties": {"h": 14.5}, "geometry": {"type": "Point", "coordinates": [693989.5, 5333525.5]}}, {"type": "Feature", "properties": {"h": 14.0}, "geometry": {"type": "Point", "coordinates": [693995.5, 5333524.5]}}, {"type": "Feature", "properties": {"h": 7.5}, "geometry": {"type": "Point", "coordinates": [692375.5, 5333517.5]}}, {"type": "Feature", "properties": {"h": 15.5}, "geometry": {"type": "Point", "coordinates": [692384.5, 5333517.5]}}, {"type": "Feature", "properties": {"h": 16.3}, "geometry": {"type": "Point", "coordinates": [692386.5, 5333517.5]}}, {"type": "Feature", "properties": {"h": 12.8}, "geometry": {"type": "Point", "coordinates": [692392.5, 5333517.5]}}, {"type": "Feature", "properties": {"h": 14.1}, "geometry": {"type": "Point", "coordinates": [692419.5, 5333523.5]}}, {"type": "Feature", "properties": {"h": 16.2}, "geometry": {"type": "Point", "coordinates": [692421.5, 5333523.5]}}, {"type": "Feature", "properties": {"h": 7.4}, "geometry": {"type": "Point", "coordinates": [692427.5, 5333523.5]}}, {"type": "Feature", "properties": {"h": 12.0}, "geometry": {"type": "Point", "coordinates": [692440.5, 5333521.5]}}, {"type": "Feature", "properties": {"h": 6.9}, "geometry": {"type": "Point", "coordinates": [693021.5, 5333523.5]}}, {"type": "Feature", "properties": {"h": 14.6}, "geometry": {"type": "Point", "coordinates": [693028.5, 5333521.5]}}, {"type": "Feature", "properties": {"h": 17.8}, "geometry": {"type": "Point", "coordinates": [693031.5, 5333521.5]}}, {"type": "Feature", "properties": {"h": 16.2}, "geometry": {"type": "Point", "coordinates": [693036.5, 5333518.5]}}, {"type": "Feature", "properties": {"h": 10.4}, "geometry": {"type": "Point", "coordinates": [693049.5, 5333517.5]}}, {"type": "Feature", "properties": {"h": 10.6}, "geometry": {"type": "Point", "coordinates": [693050.5, 5333517.5]}}, {"type": "Feature", "properties": {"h": 13.3}, "geometry": {"type": "Point", "coordinates": [693987.5, 5333523.5]}}, {"type": "Feature", "properties": {"h": 14.4}, "geometry": {"type": "Point", "coordinates": [693994.5, 5333521.5]}}, {"type": "Feature", "properties": {"h": 14.3}, "geometry": {"type": "Point", "coordinates": [693995.5, 5333523.5]}}, {"type": "Feature", "properties": {"h": 13.0}, "geometry": {"type": "Point", "coordinates": [692377.5, 5333510.5]}}, {"type": "Feature", "properties": {"h": 17.2}, "geometry": {"type": "Point", "coordinates": [692384.5, 5333515.5]}}, {"type": "Feature", "properties": {"h": 17.5}, "geometry": {"type": "Point", "coordinates": [692388.5, 5333510.5]}}, {"type": "Feature", "properties": {"h": 15.2}, "geometry": {"type": "Point", "coordinates": [692392.5, 5333510.5]}}, {"type": "Feature", "properties": {"h": 12.0}, "geometry": {"type": "Point", "coordinates": [692402.5, 5333510.5]}}, {"type": "Feature", "properties": {"h": 11.1}, "geometry": {"type": "Point", "coordinates": [692411.5, 5333510.5]}}, {"type": "Feature", "properties": {"h": 20.3}, "geometry": {"type": "Point", "coordinates": [692419.5, 5333510.5]}}, {"type": "Feature", "properties": {"h": 21.0}, "geometry": {"type": "Point", "coordinates": [692422.5, 5333510.5]}}, {"type": "Feature", "properties": {"h": 10.3}, "geometry": {"type": "Point", "coordinates": [693021.5, 5333510.5]}}, {"type": "Feature", "properties": {"h": 11.9}, "geometry": {"type": "Point", "coordinates": [693028.5, 5333516.5]}}, {"type": "Feature", "properties": {"h": 16.9}, "geometry": {"type": "Point", "coordinates": [693032.5, 5333516.5]}}, {"type": "Feature", "properties": {"h": 14.7}, "geometry": {"type": "Point", "coordinates": [693039.5, 5333510.5]}}, {"type": "Feature", "properties": {"h": 11.3}, "geometry": {"type": "Point", "coordinates": [693043.5, 5333510.5]}}, {"type": "Feature", "properties": {"h": 10.5}, "geometry": {"type": "Point", "coordinates": [693050.5, 5333516.5]}}, {"type": "Feature", "properties": {"h": 4.0}, "geometry": {"type": "Point", "coordinates": [693987.5, 5333511.5]}}, {"type": "Feature", "properties": {"h": 5.8}, "geometry": {"type": "Point", "coordinates": [693994.5, 5333510.5]}}, {"type": "Feature", "properties": {"h": 9.8}, "geometry": {"type": "Point", "coordinates": [693999.5, 5333512.5]}}, {"type": "Feature", "properties": {"h": 18.5}, "geometry": {"type": "Point", "coordinates": [692377.5, 5333503.5]}}, {"type": "Feature", "properties": {"h": 17.9}, "geometry": {"type": "Point", "coordinates": [692378.5, 5333503.5]}}, {"type": "Feature", "properties": {"h": 29.2}, "geometry": {"type": "Point", "coordinates": [692391.5, 5333503.5]}}, {"type": "Feature", "properties": {"h": 29.4}, "geometry": {"type": "Point", "coordinates": [692395.5, 5333503.5]}}, {"type": "Feature", "properties": {"h": 20.8}, "geometry": {"type": "Point", "coordinates": [692399.5, 5333503.5]}}, {"type": "Feature", "properties": {"h": 15.9}, "geometry": {"type": "Point", "coordinates": [692412.5, 5333508.5]}}, {"type": "Feature", "properties": {"h": 23.7}, "geometry": {"type": "Point", "coordinates": [692419.5, 5333505.5]}}, {"type": "Feature", "properties": {"h": 25.3}, "geometry": {"type": "Point", "coordinates": [692425.5, 5333504.5]}}, {"type": "Feature", "properties": {"h": 24.4}, "geometry": {"type": "Point", "coordinates": [692427.5, 5333503.5]}}, {"type": "Feature", "properties": {"h": 14.6}, "geometry": {"type": "Point", "coordinates": [692434.5, 5333503.5]}}, {"type": "Feature", "properties": {"h": 12.9}, "geometry": {"type": "Point", "coordinates": [693021.5, 5333503.5]}}, {"type": "Feature", "properties": {"h": 13.1}, "geometry": {"type": "Point", "coordinates": [693022.5, 5333503.5]}}, {"type": "Feature", "properties": {"h": 11.6}, "geometry": {"type": "Point", "coordinates": [693035.5, 5333509.5]}}, {"type": "Feature", "properties": {"h": 14.8}, "geometry": {"type": "Point", "coordinates": [693039.5, 5333509.5]}}, {"type": "Feature", "properties": {"h": 11.6}, "geometry": {"type": "Point", "coordinates": [693043.5, 5333509.5]}}, {"type": "Feature", "properties": {"h": 8.0}, "geometry": {"type": "Point", "coordinates": [693050.5, 5333509.5]}}, {"type": "Feature", "properties": {"h": 3.8}, "geometry": {"type": "Point", "coordinates": [693981.5, 5333508.5]}}, {"type": "Feature", "properties": {"h": 6.3}, "geometry": {"type": "Point", "coordinates": [693993.5, 5333507.5]}}, {"type": "Feature", "properties": {"h": 12.8}, "geometry": {"type": "Point", "coordinates": [693999.5, 5333505.5]}}, {"type": "Feature", "properties": {"h": 18.7}, "geometry": {"type": "Point", "coordinates": [692377.5, 5333502.5]}}, {"type": "Feature", "properties": {"h": 20.2}, "geometry": {"type": "Point", "coordinates": [692378.5, 5333496.5]}}, {"type": "Feature", "properties": {"h": 32.9}, "geometry": {"type": "Point", "coordinates": [692391.5, 5333498.5]}}, {"type": "Feature", "properties": {"h": 32.7}, "geometry": {"type": "Point", "coordinates": [692392.5, 5333499.5]}}, {"type": "Feature", "properties": {"h": 26.7}, "geometry": {"type": "Point", "coordinates": [692399.5, 5333501.5]}}, {"type": "Feature", "properties": {"h": 23.3}, "geometry": {"type": "Point", "coordinates": [692406.5, 5333496.5]}}, {"type": "Feature", "properties": {"h": 24.3}, "geometry": {"type": "Point", "coordinates": [692417.5, 5333499.5]}}, {"type": "Feature", "properties": {"h": 24.7}, "geometry": {"type": "Point", "coordinates": [692422.5, 5333502.5]}}, {"type": "Feature", "properties": {"h": 23.6}, "geometry": {"type": "Point", "coordinates": [692427.5, 5333502.5]}}, {"type": "Feature", "properties": {"h": 17.0}, "geometry": {"type": "Point", "coordinates": [692434.5, 5333500.5]}}, {"type": "Feature", "properties": {"h": 12.8}, "geometry": {"type": "Point", "coordinates": [693021.5, 5333502.5]}}, {"type": "Feature", "properties": {"h": 13.1}, "geometry": {"type": "Point", "coordinates": [693023.5, 5333502.5]}}, {"type": "Feature", "properties": {"h": 12.2}, "geometry": {"type": "Point", "coordinates": [693029.5, 5333499.5]}}, {"type": "Feature", "properties": {"h": 10.8}, "geometry": {"type": "Point", "coordinates": [693037.5, 5333502.5]}}, {"type": "Feature", "properties": {"h": 3.4}, "geometry": {"type": "Point", "coordinates": [693043.5, 5333502.5]}}, {"type": "Feature", "properties": {"h": 7.7}, "geometry": {"type": "Point", "coordinates": [693970.5, 5333501.5]}}, {"type": "Feature", "properties": {"h": 5.6}, "geometry": {"type": "Point", "coordinates": [693977.5, 5333501.5]}}, {"type": "Feature", "properties": {"h": 3.3}, "geometry": {"type": "Point", "coordinates": [693996.5, 5333496.5]}}, {"type": "Feature", "properties": {"h": 22.5}, "geometry": {"type": "Point", "coordinates": [692379.5, 5333490.5]}}, {"type": "Feature", "properties": {"h": 31.3}, "geometry": {"type": "Point", "coordinates": [692391.5, 5333495.5]}}, {"type": "Feature", "properties": {"h": 31.0}, "geometry": {"type": "Point", "coordinates": [692392.5, 5333495.5]}}, {"type": "Feature", "properties": {"h": 24.9}, "geometry": {"type": "Point", "coordinates": [692402.5, 5333495.5]}}, {"type": "Feature", "properties": {"h": 23.9}, "geometry": {"type": "Point", "coordinates": [692406.5, 5333494.5]}}, {"type": "Feature", "properties": {"h": 22.5}, "geometry": {"type": "Point", "coordinates": [692415.5, 5333495.5]}}, {"type": "Feature", "properties": {"h": 21.3}, "geometry": {"type": "Point", "coordinates": [692423.5, 5333495.5]}}, {"type": "Feature", "properties": {"h": 16.8}, "geometry": {"type": "Point", "coordinates": [692427.5, 5333495.5]}}, {"type": "Feature", "properties": {"h": 12.5}, "geometry": {"type": "Point", "coordinates": [692434.5, 5333493.5]}}, {"type": "Feature", "properties": {"h": 13.9}, "geometry": {"type": "Point", "coordinates": [692853.5, 5333489.5]}}, {"type": "Feature", "properties": {"h": 14.5}, "geometry": {"type": "Point", "coordinates": [692855.5, 5333489.5]}}, {"type": "Feature", "properties": {"h": 11.7}, "geometry": {"type": "Point", "coordinates": [692861.5, 5333489.5]}}, {"type": "Feature", "properties": {"h": 8.0}, "geometry": {"type": "Point", "coordinates": [693993.5, 5333489.5]}}, {"type": "Feature", "properties": {"h": 3.3}, "geometry": {"type": "Point", "coordinates": [693997.5, 5333495.5]}}, {"type": "Feature", "properties": {"h": 22.0}, "geometry": {"type": "Point", "coordinates": [692379.5, 5333488.5]}}, {"type": "Feature", "properties": {"h": 19.8}, "geometry": {"type": "Point", "coordinates": [692391.5, 5333488.5]}}, {"type": "Feature", "properties": {"h": 22.1}, "geometry": {"type": "Point", "coordinates": [692398.5, 5333482.5]}}, {"type": "Feature", "properties": {"h": 24.8}, "geometry": {"type": "Point", "coordinates": [692401.5, 5333484.5]}}, {"type": "Feature", "properties": {"h": 24.1}, "geometry": {"type": "Point", "coordinates": [692407.5, 5333482.5]}}, {"type": "Feature", "properties": {"h": 19.9}, "geometry": {"type": "Point", "coordinates": [692415.5, 5333487.5]}}, {"type": "Feature", "properties": {"h": 13.6}, "geometry": {"type": "Point", "coordinates": [692422.5, 5333488.5]}}, {"type": "Feature", "properties": {"h": 12.2}, "geometry": {"type": "Point", "coordinates": [692427.5, 5333482.5]}}, {"type": "Feature", "properties": {"h": 14.1}, "geometry": {"type": "Point", "coordinates": [692853.5, 5333488.5]}}, {"type": "Feature", "properties": {"h": 14.9}, "geometry": {"type": "Point", "coordinates": [692860.5, 5333486.5]}}, {"type": "Feature", "properties": {"h": 14.8}, "geometry": {"type": "Point", "coordinates": [692861.5, 5333486.5]}}, {"type": "Feature", "properties": {"h": 3.3}, "geometry": {"type": "Point", "coordinates": [692868.5, 5333482.5]}}, {"type": "Feature", "properties": {"h": 8.5}, "geometry": {"type": "Point", "coordinates": [693952.5, 5333485.5]}}, {"type": "Feature", "properties": {"h": 8.2}, "geometry": {"type": "Point", "coordinates": [693953.5, 5333485.5]}}, {"type": "Feature", "properties": {"h": 6.9}, "geometry": {"type": "Point", "coordinates": [693961.5, 5333484.5]}}, {"type": "Feature", "properties": {"h": 9.0}, "geometry": {"type": "Point", "coordinates": [693971.5, 5333487.5]}}, {"type": "Feature", "properties": {"h": 5.8}, "geometry": {"type": "Point", "coordinates": [693984.5, 5333483.5]}}, {"type": "Feature", "properties": {"h": 19.4}, "geometry": {"type": "Point", "coordinates": [693994.5, 5333482.5]}}, {"type": "Feature", "properties": {"h": 8.7}, "geometry": {"type": "Point", "coordinates": [693995.5, 5333482.5]}}, {"type": "Feature", "properties": {"h": 21.9}, "geometry": {"type": "Point", "coordinates": [692380.5, 5333481.5]}}, {"type": "Feature", "properties": {"h": 19.7}, "geometry": {"type": "Point", "coordinates": [692391.5, 5333475.5]}}, {"type": "Feature", "properties": {"h": 26.3}, "geometry": {"type": "Point", "coordinates": [692398.5, 5333475.5]}}, {"type": "Feature", "properties": {"h": 26.6}, "geometry": {"type": "Point", "coordinates": [692399.5, 5333475.5]}}, {"type": "Feature", "properties": {"h": 24.6}, "geometry": {"type": "Point", "coordinates": [692408.5, 5333480.5]}}, {"type": "Feature", "properties": {"h": 22.8}, "geometry": {"type": "Point", "coordinates": [692413.5, 5333477.5]}}, {"type": "Feature", "properties": {"h": 16.5}, "geometry": {"type": "Point", "coordinates": [692420.5, 5333479.5]}}, {"type": "Feature", "properties": {"h": 12.5}, "geometry": {"type": "Point", "coordinates": [692427.5, 5333481.5]}}, {"type": "Feature", "properties": {"h": 15.2}, "geometry": {"type": "Point", "coordinates": [692852.5, 5333479.5]}}, {"type": "Feature", "properties": {"h": 15.2}, "geometry": {"type": "Point", "coordinates": [692854.5, 5333480.5]}}, {"type": "Feature", "properties": {"h": 7.7}, "geometry": {"type": "Point", "coordinates": [692867.5, 5333478.5]}}, {"type": "Feature", "properties": {"h": 13.4}, "geometry": {"type": "Point", "coordinates": [692870.5, 5333477.5]}}, {"type": "Feature", "properties": {"h": 11.5}, "geometry": {"type": "Point", "coordinates": [692876.5, 5333475.5]}}, {"type": "Feature", "properties": {"h": 7.7}, "geometry": {"type": "Point", "coordinates": [693949.5, 5333481.5]}}, {"type": "Feature", "properties": {"h": 5.9}, "geometry": {"type": "Point", "coordinates": [693955.5, 5333481.5]}}, {"type": "Feature", "properties": {"h": 12.5}, "geometry": {"type": "Point", "coordinates": [693963.5, 5333475.5]}}, {"type": "Feature", "properties": {"h": 8.5}, "geometry": {"type": "Point", "coordinates": [693967.5, 5333481.5]}}, {"type": "Feature", "properties": {"h": 5.1}, "geometry": {"type": "Point", "coordinates": [693978.5, 5333475.5]}}, {"type": "Feature", "properties": {"h": 7.1}, "geometry": {"type": "Point", "coordinates": [693982.5, 5333479.5]}}, {"type": "Feature", "properties": {"h": 21.2}, "geometry": {"type": "Point", "coordinates": [693994.5, 5333476.5]}}, {"type": "Feature", "properties": {"h": 10.0}, "geometry": {"type": "Point", "coordinates": [693995.5, 5333481.5]}}, {"type": "Feature", "properties": {"h": 25.9}, "geometry": {"type": "Point", "coordinates": [692384.5, 5333468.5]}}, {"type": "Feature", "properties": {"h": 25.7}, "geometry": {"type": "Point", "coordinates": [692385.5, 5333468.5]}}, {"type": "Feature", "properties": {"h": 26.1}, "geometry": {"type": "Point", "coordinates": [692398.5, 5333474.5]}}, {"type": "Feature", "properties": {"h": 26.4}, "geometry": {"type": "Point", "coordinates": [692399.5, 5333474.5]}}, {"type": "Feature", "properties": {"h": 24.6}, "geometry": {"type": "Point", "coordinates": [692406.5, 5333474.5]}}, {"type": "Feature", "properties": {"h": 23.4}, "geometry": {"type": "Point", "coordinates": [692413.5, 5333470.5]}}, {"type": "Feature", "properties": {"h": 19.4}, "geometry": {"type": "Point", "coordinates": [692420.5, 5333469.5]}}, {"type": "Feature", "properties": {"h": 14.8}, "geometry": {"type": "Point", "coordinates": [692431.5, 5333468.5]}}, {"type": "Feature", "properties": {"h": 14.9}, "geometry": {"type": "Point", "coordinates": [692846.5, 5333468.5]}}, {"type": "Feature", "properties": {"h": 15.5}, "geometry": {"type": "Point", "coordinates": [692847.5, 5333468.5]}}, {"type": "Feature", "properties": {"h": 10.8}, "geometry": {"type": "Point", "coordinates": [692854.5, 5333474.5]}}, {"type": "Feature", "properties": {"h": 8.0}, "geometry": {"type": "Point", "coordinates": [692870.5, 5333474.5]}}, {"type": "Feature", "properties": {"h": 16.8}, "geometry": {"type": "Point", "coordinates": [692881.5, 5333468.5]}}, {"type": "Feature", "properties": {"h": 16.1}, "geometry": {"type": "Point", "coordinates": [692882.5, 5333469.5]}}, {"type": "Feature", "properties": {"h": 8.5}, "geometry": {"type": "Point", "coordinates": [692892.5, 5333468.5]}}, {"type": "Feature", "properties": {"h": 8.3}, "geometry": {"type": "Point", "coordinates": [693965.5, 5333473.5]}}, {"type": "Feature", "properties": {"h": 6.1}, "geometry": {"type": "Point", "coordinates": [693967.5, 5333474.5]}}, {"type": "Feature", "properties": {"h": 5.5}, "geometry": {"type": "Point", "coordinates": [693980.5, 5333469.5]}}, {"type": "Feature", "properties": {"h": 5.8}, "geometry": {"type": "Point", "coordinates": [693987.5, 5333471.5]}}, {"type": "Feature", "properties": {"h": 39.1}, "geometry": {"type": "Point", "coordinates": [693993.5, 5333470.5]}}, {"type": "Feature", "properties": {"h": 39.6}, "geometry": {"type": "Point", "coordinates": [693997.5, 5333468.5]}}, {"type": "Feature", "properties": {"h": 26.1}, "geometry": {"type": "Point", "coordinates": [692383.5, 5333467.5]}}, {"type": "Feature", "properties": {"h": 25.8}, "geometry": {"type": "Point", "coordinates": [692385.5, 5333467.5]}}, {"type": "Feature", "properties": {"h": 25.5}, "geometry": {"type": "Point", "coordinates": [692397.5, 5333466.5]}}, {"type": "Feature", "properties": {"h": 26.2}, "geometry": {"type": "Point", "coordinates": [692405.5, 5333464.5]}}, {"type": "Feature", "properties": {"h": 26.5}, "geometry": {"type": "Point", "coordinates": [692406.5, 5333464.5]}}, {"type": "Feature", "properties": {"h": 22.1}, "geometry": {"type": "Point", "coordinates": [692413.5, 5333461.5]}}, {"type": "Feature", "properties": {"h": 18.9}, "geometry": {"type": "Point", "coordinates": [692420.5, 5333461.5]}}, {"type": "Feature", "properties": {"h": 19.2}, "geometry": {"type": "Point", "coordinates": [692427.5, 5333464.5]}}, {"type": "Feature", "properties": {"h": 11.9}, "geometry": {"type": "Point", "coordinates": [692434.5, 5333465.5]}}, {"type": "Feature", "properties": {"h": 17.3}, "geometry": {"type": "Point", "coordinates": [692846.5, 5333465.5]}}, {"type": "Feature", "properties": {"h": 17.5}, "geometry": {"type": "Point", "coordinates": [692847.5, 5333466.5]}}, {"type": "Feature", "properties": {"h": 9.1}, "geometry": {"type": "Point", "coordinates": [692855.5, 5333461.5]}}, {"type": "Feature", "properties": {"h": 7.2}, "geometry": {"type": "Point", "coordinates": [692861.5, 5333464.5]}}, {"type": "Feature", "properties": {"h": 14.8}, "geometry": {"type": "Point", "coordinates": [692880.5, 5333467.5]}}, {"type": "Feature", "properties": {"h": 14.7}, "geometry": {"type": "Point", "coordinates": [692882.5, 5333467.5]}}, {"type": "Feature", "properties": {"h": 14.7}, "geometry": {"type": "Point", "coordinates": [692891.5, 5333466.5]}}, {"type": "Feature", "properties": {"h": 7.1}, "geometry": {"type": "Point", "coordinates": [692896.5, 5333465.5]}}, {"type": "Feature", "properties": {"h": 5.3}, "geometry": {"type": "Point", "coordinates": [693967.5, 5333466.5]}}, {"type": "Feature", "properties": {"h": 3.9}, "geometry": {"type": "Point", "coordinates": [693980.5, 5333467.5]}}, {"type": "Feature", "properties": {"h": 5.5}, "geometry": {"type": "Point", "coordinates": [693987.5, 5333467.5]}}, {"type": "Feature", "properties": {"h": 39.7}, "geometry": {"type": "Point", "coordinates": [693994.5, 5333465.5]}}, {"type": "Feature", "properties": {"h": 41.6}, "geometry": {"type": "Point", "coordinates": [693997.5, 5333463.5]}}, {"type": "Feature", "properties": {"h": 9.6}, "geometry": {"type": "Point", "coordinates": [692384.5, 5333459.5]}}, {"type": "Feature", "properties": {"h": 20.6}, "geometry": {"type": "Point", "coordinates": [692391.5, 5333460.5]}}, {"type": "Feature", "properties": {"h": 26.1}, "geometry": {"type": "Point", "coordinates": [692398.5, 5333459.5]}}, {"type": "Feature", "properties": {"h": 26.6}, "geometry": {"type": "Point", "coordinates": [692403.5, 5333458.5]}}, {"type": "Feature", "properties": {"h": 24.9}, "geometry": {"type": "Point", "coordinates": [692409.5, 5333460.5]}}, {"type": "Feature", "properties": {"h": 22.4}, "geometry": {"type": "Point", "coordinates": [692413.5, 5333460.5]}}, {"type": "Feature", "properties": {"h": 21.0}, "geometry": {"type": "Point", "coordinates": [692424.5, 5333454.5]}}, {"type": "Feature", "properties": {"h": 19.6}, "geometry": {"type": "Point", "coordinates": [692427.5, 5333455.5]}}, {"type": "Feature", "properties": {"h": 10.7}, "geometry": {"type": "Point", "coordinates": [692434.5, 5333455.5]}}, {"type": "Feature", "properties": {"h": 17.2}, "geometry": {"type": "Point", "coordinates": [692845.5, 5333457.5]}}, {"type": "Feature", "properties": {"h": 16.7}, "geometry": {"type": "Point", "coordinates": [692847.5, 5333457.5]}}, {"type": "Feature", "properties": {"h": 9.4}, "geometry": {"type": "Point", "coordinates": [692855.5, 5333459.5]}}, {"type": "Feature", "properties": {"h": 14.5}, "geometry": {"type": "Point", "coordinates": [692916.5, 5333455.5]}}, {"type": "Feature", "properties": {"h": 16.4}, "geometry": {"type": "Point", "coordinates": [692922.5, 5333454.5]}}, {"type": "Feature", "properties": {"h": 14.4}, "geometry": {"type": "Point", "coordinates": [692930.5, 5333454.5]}}, {"type": "Feature", "properties": {"h": 3.4}, "geometry": {"type": "Point", "coordinates": [693972.5, 5333458.5]}}, {"type": "Feature", "properties": {"h": 7.4}, "geometry": {"type": "Point", "coordinates": [693974.5, 5333458.5]}}, {"type": "Feature", "properties": {"h": 20.4}, "geometry": {"type": "Point", "coordinates": [693985.5, 5333456.5]}}, {"type": "Feature", "properties": {"h": 33.2}, "geometry": {"type": "Point", "coordinates": [693991.5, 5333459.5]}}, {"type": "Feature", "properties": {"h": 25.1}, "geometry": {"type": "Point", "coordinates": [693997.5, 5333460.5]}}, {"type": "Feature", "properties": {"h": 25.9}, "geometry": {"type": "Point", "coordinates": [692386.5, 5333449.5]}}, {"type": "Feature", "properties": {"h": 29.3}, "geometry": {"type": "Point", "coordinates": [692398.5, 5333447.5]}}, {"type": "Feature", "properties": {"h": 28.9}, "geometry": {"type": "Point", "coordinates": [692399.5, 5333447.5]}}, {"type": "Feature", "properties": {"h": 25.0}, "geometry": {"type": "Point", "coordinates": [692410.5, 5333448.5]}}, {"type": "Feature", "properties": {"h": 24.3}, "geometry": {"type": "Point", "coordinates": [692413.5, 5333448.5]}}, {"type": "Feature", "properties": {"h": 21.0}, "geometry": {"type": "Point", "coordinates": [692424.5, 5333453.5]}}, {"type": "Feature", "properties": {"h": 18.8}, "geometry": {"type": "Point", "coordinates": [692427.5, 5333452.5]}}, {"type": "Feature", "properties": {"h": 10.5}, "geometry": {"type": "Point", "coordinates": [692434.5, 5333449.5]}}, {"type": "Feature", "properties": {"h": 17.5}, "geometry": {"type": "Point", "coordinates": [692846.5, 5333451.5]}}, {"type": "Feature", "properties": {"h": 17.5}, "geometry": {"type": "Point", "coordinates": [692847.5, 5333450.5]}}, {"type": "Feature", "properties": {"h": 13.7}, "geometry": {"type": "Point", "coordinates": [692916.5, 5333453.5]}}, {"type": "Feature", "properties": {"h": 17.1}, "geometry": {"type": "Point", "coordinates": [692922.5, 5333453.5]}}, {"type": "Feature", "properties": {"h": 15.5}, "geometry": {"type": "Point", "coordinates": [692924.5, 5333452.5]}}, {"type": "Feature", "properties": {"h": 11.9}, "geometry": {"type": "Point", "coordinates": [692931.5, 5333447.5]}}, {"type": "Feature", "properties": {"h": 17.0}, "geometry": {"type": "Point", "coordinates": [693980.5, 5333450.5]}}, {"type": "Feature", "properties": {"h": 21.6}, "geometry": {"type": "Point", "coordinates": [693982.5, 5333449.5]}}, {"type": "Feature", "properties": {"h": 7.0}, "geometry": {"type": "Point", "coordinates": [693990.5, 5333453.5]}}, {"type": "Feature", "properties": {"h": 25.6}, "geometry": {"type": "Point", "coordinates": [692391.5, 5333440.5]}}, {"type": "Feature", "properties": {"h": 30.0}, "geometry": {"type": "Point", "coordinates": [692398.5, 5333444.5]}}, {"type": "Feature", "properties": {"h": 30.0}, "geometry": {"type": "Point", "coordinates": [692399.5, 5333444.5]}}, {"type": "Feature", "properties": {"h": 26.9}, "geometry": {"type": "Point", "coordinates": [692406.5, 5333440.5]}}, {"type": "Feature", "properties": {"h": 24.6}, "geometry": {"type": "Point", "coordinates": [692413.5, 5333440.5]}}, {"type": "Feature", "properties": {"h": 19.0}, "geometry": {"type": "Point", "coordinates": [692420.5, 5333440.5]}}, {"type": "Feature", "properties": {"h": 17.9}, "geometry": {"type": "Point", "coordinates": [692427.5, 5333445.5]}}, {"type": "Feature", "properties": {"h": 8.6}, "geometry": {"type": "Point", "coordinates": [692434.5, 5333444.5]}}, {"type": "Feature", "properties": {"h": 11.0}, "geometry": {"type": "Point", "coordinates": [692839.5, 5333440.5]}}, {"type": "Feature", "properties": {"h": 11.0}, "geometry": {"type": "Point", "coordinates": [692840.5, 5333440.5]}}, {"type": "Feature", "properties": {"h": 7.2}, "geometry": {"type": "Point", "coordinates": [692923.5, 5333440.5]}}, {"type": "Feature", "properties": {"h": 13.0}, "geometry": {"type": "Point", "coordinates": [692930.5, 5333445.5]}}, {"type": "Feature", "properties": {"h": 13.0}, "geometry": {"type": "Point", "coordinates": [692931.5, 5333445.5]}}, {"type": "Feature", "properties": {"h": 25.5}, "geometry": {"type": "Point", "coordinates": [692391.5, 5333439.5]}}, {"type": "Feature", "properties": {"h": 31.1}, "geometry": {"type": "Point", "coordinates": [692398.5, 5333433.5]}}, {"type": "Feature", "properties": {"h": 30.9}, "geometry": {"type": "Point", "coordinates": [692399.5, 5333433.5]}}, {"type": "Feature", "properties": {"h": 27.0}, "geometry": {"type": "Point", "coordinates": [692406.5, 5333439.5]}}, {"type": "Feature", "properties": {"h": 25.7}, "geometry": {"type": "Point", "coordinates": [692413.5, 5333437.5]}}, {"type": "Feature", "properties": {"h": 20.2}, "geometry": {"type": "Point", "coordinates": [692420.5, 5333439.5]}}, {"type": "Feature", "properties": {"h": 6.3}, "geometry": {"type": "Point", "coordinates": [692429.5, 5333434.5]}}, {"type": "Feature", "properties": {"h": 14.4}, "geometry": {"type": "Point", "coordinates": [692839.5, 5333436.5]}}, {"type": "Feature", "properties": {"h": 14.9}, "geometry": {"type": "Point", "coordinates": [692841.5, 5333437.5]}}, {"type": "Feature", "properties": {"h": 13.5}, "geometry": {"type": "Point", "coordinates": [692923.5, 5333437.5]}}, {"type": "Feature", "properties": {"h": 15.4}, "geometry": {"type": "Point", "coordinates": [692930.5, 5333437.5]}}, {"type": "Feature", "properties": {"h": 15.5}, "geometry": {"type": "Point", "coordinates": [692931.5, 5333437.5]}}, {"type": "Feature", "properties": {"h": 26.4}, "geometry": {"type": "Point", "coordinates": [692391.5, 5333431.5]}}, {"type": "Feature", "properties": {"h": 32.0}, "geometry": {"type": "Point", "coordinates": [692397.5, 5333431.5]}}, {"type": "Feature", "properties": {"h": 31.3}, "geometry": {"type": "Point", "coordinates": [692399.5, 5333431.5]}}, {"type": "Feature", "properties": {"h": 27.2}, "geometry": {"type": "Point", "coordinates": [692406.5, 5333427.5]}}, {"type": "Feature", "properties": {"h": 24.9}, "geometry": {"type": "Point", "coordinates": [692417.5, 5333426.5]}}, {"type": "Feature", "properties": {"h": 23.0}, "geometry": {"type": "Point", "coordinates": [692420.5, 5333426.5]}}, {"type": "Feature", "properties": {"h": 20.4}, "geometry": {"type": "Point", "coordinates": [692427.5, 5333426.5]}}, {"type": "Feature", "properties": {"h": 6.7}, "geometry": {"type": "Point", "coordinates": [692434.5, 5333426.5]}}, {"type": "Feature", "properties": {"h": 19.0}, "geometry": {"type": "Point", "coordinates": [692837.5, 5333429.5]}}, {"type": "Feature", "properties": {"h": 16.9}, "geometry": {"type": "Point", "coordinates": [692840.5, 5333428.5]}}, {"type": "Feature", "properties": {"h": 5.9}, "geometry": {"type": "Point", "coordinates": [692923.5, 5333432.5]}}, {"type": "Feature", "properties": {"h": 11.3}, "geometry": {"type": "Point", "coordinates": [692930.5, 5333429.5]}}, {"type": "Feature", "properties": {"h": 11.5}, "geometry": {"type": "Point", "coordinates": [692931.5, 5333429.5]}}, {"type": "Feature", "properties": {"h": 24.3}, "geometry": {"type": "Point", "coordinates": [692390.5, 5333419.5]}}, {"type": "Feature", "properties": {"h": 31.2}, "geometry": {"type": "Point", "coordinates": [692395.5, 5333425.5]}}, {"type": "Feature", "properties": {"h": 29.7}, "geometry": {"type": "Point", "coordinates": [692399.5, 5333425.5]}}, {"type": "Feature", "properties": {"h": 27.1}, "geometry": {"type": "Point", "coordinates": [692407.5, 5333425.5]}}, {"type": "Feature", "properties": {"h": 26.3}, "geometry": {"type": "Point", "coordinates": [692415.5, 5333419.5]}}, {"type": "Feature", "properties": {"h": 24.5}, "geometry": {"type": "Point", "coordinates": [692420.5, 5333421.5]}}, {"type": "Feature", "properties": {"h": 21.4}, "geometry": {"type": "Point", "coordinates": [692427.5, 5333420.5]}}, {"type": "Feature", "properties": {"h": 18.1}, "geometry": {"type": "Point", "coordinates": [692838.5, 5333419.5]}}, {"type": "Feature", "properties": {"h": 16.4}, "geometry": {"type": "Point", "coordinates": [692840.5, 5333423.5]}}, {"type": "Feature", "properties": {"h": 9.9}, "geometry": {"type": "Point", "coordinates": [692930.5, 5333419.5]}}, {"type": "Feature", "properties": {"h": 9.7}, "geometry": {"type": "Point", "coordinates": [692931.5, 5333420.5]}}, {"type": "Feature", "properties": {"h": 26.2}, "geometry": {"type": "Point", "coordinates": [692391.5, 5333412.5]}}, {"type": "Feature", "properties": {"h": 29.7}, "geometry": {"type": "Point", "coordinates": [692396.5, 5333412.5]}}, {"type": "Feature", "properties": {"h": 30.1}, "geometry": {"type": "Point", "coordinates": [692401.5, 5333416.5]}}, {"type": "Feature", "properties": {"h": 26.8}, "geometry": {"type": "Point", "coordinates": [692410.5, 5333412.5]}}, {"type": "Feature", "properties": {"h": 26.3}, "geometry": {"type": "Point", "coordinates": [692415.5, 5333418.5]}}, {"type": "Feature", "properties": {"h": 22.5}, "geometry": {"type": "Point", "coordinates": [692424.5, 5333415.5]}}, {"type": "Feature", "properties": {"h": 21.0}, "geometry": {"type": "Point", "coordinates": [692427.5, 5333418.5]}}, {"type": "Feature", "properties": {"h": 21.5}, "geometry": {"type": "Point", "coordinates": [692837.5, 5333413.5]}}, {"type": "Feature", "properties": {"h": 13.5}, "geometry": {"type": "Point", "coordinates": [692840.5, 5333415.5]}}, {"type": "Feature", "properties": {"h": 13.9}, "geometry": {"type": "Point", "coordinates": [692923.5, 5333417.5]}}, {"type": "Feature", "properties": {"h": 14.3}, "geometry": {"type": "Point", "coordinates": [692930.5, 5333412.5]}}, {"type": "Feature", "properties": {"h": 15.4}, "geometry": {"type": "Point", "coordinates": [692932.5, 5333413.5]}}, {"type": "Feature", "properties": {"h": 31.9}, "geometry": {"type": "Point", "coordinates": [692391.5, 5333408.5]}}, {"type": "Feature", "properties": {"h": 32.4}, "geometry": {"type": "Point", "coordinates": [692392.5, 5333408.5]}}, {"type": "Feature", "properties": {"h": 29.8}, "geometry": {"type": "Point", "coordinates": [692405.5, 5333405.5]}}, {"type": "Feature", "properties": {"h": 31.0}, "geometry": {"type": "Point", "coordinates": [692407.5, 5333406.5]}}, {"type": "Feature", "properties": {"h": 28.4}, "geometry": {"type": "Point", "coordinates": [692413.5, 5333405.5]}}, {"type": "Feature", "properties": {"h": 22.8}, "geometry": {"type": "Point", "coordinates": [692420.5, 5333407.5]}}, {"type": "Feature", "properties": {"h": 19.0}, "geometry": {"type": "Point", "coordinates": [692427.5, 5333411.5]}}, {"type": "Feature", "properties": {"h": 18.9}, "geometry": {"type": "Point", "coordinates": [692832.5, 5333409.5]}}, {"type": "Feature", "properties": {"h": 21.1}, "geometry": {"type": "Point", "coordinates": [692837.5, 5333411.5]}}, {"type": "Feature", "properties": {"h": 8.5}, "geometry": {"type": "Point", "coordinates": [692923.5, 5333411.5]}}, {"type": "Feature", "properties": {"h": 13.4}, "geometry": {"type": "Point", "coordinates": [692930.5, 5333411.5]}}, {"type": "Feature", "properties": {"h": 14.3}, "geometry": {"type": "Point", "coordinates": [692932.5, 5333411.5]}}, {"type": "Feature", "properties": {"h": 23.0}, "geometry": {"type": "Point", "coordinates": [692390.5, 5333398.5]}}, {"type": "Feature", "properties": {"h": 20.6}, "geometry": {"type": "Point", "coordinates": [692393.5, 5333404.5]}}, {"type": "Feature", "properties": {"h": 30.6}, "geometry": {"type": "Point", "coordinates": [692405.5, 5333403.5]}}, {"type": "Feature", "properties": {"h": 30.9}, "geometry": {"type": "Point", "coordinates": [692408.5, 5333404.5]}}, {"type": "Feature", "properties": {"h": 28.5}, "geometry": {"type": "Point", "coordinates": [692413.5, 5333404.5]}}, {"type": "Feature", "properties": {"h": 20.9}, "geometry": {"type": "Point", "coordinates": [692421.5, 5333404.5]}}, {"type": "Feature", "properties": {"h": 17.1}, "geometry": {"type": "Point", "coordinates": [692427.5, 5333404.5]}}, {"type": "Feature", "properties": {"h": 14.8}, "geometry": {"type": "Point", "coordinates": [692830.5, 5333400.5]}}, {"type": "Feature", "properties": {"h": 15.2}, "geometry": {"type": "Point", "coordinates": [692834.5, 5333404.5]}}, {"type": "Feature", "properties": {"h": 3.1}, "geometry": {"type": "Point", "coordinates": [692923.5, 5333399.5]}}, {"type": "Feature", "properties": {"h": 12.7}, "geometry": {"type": "Point", "coordinates": [692930.5, 5333403.5]}}, {"type": "Feature", "properties": {"h": 13.0}, "geometry": {"type": "Point", "coordinates": [692931.5, 5333403.5]}}, {"type": "Feature", "properties": {"h": 23.3}, "geometry": {"type": "Point", "coordinates": [692389.5, 5333392.5]}}, {"type": "Feature", "properties": {"h": 23.3}, "geometry": {"type": "Point", "coordinates": [692395.5, 5333391.5]}}, {"type": "Feature", "properties": {"h": 25.5}, "geometry": {"type": "Point", "coordinates": [692401.5, 5333394.5]}}, {"type": "Feature", "properties": {"h": 26.8}, "geometry": {"type": "Point", "coordinates": [692408.5, 5333397.5]}}, {"type": "Feature", "properties": {"h": 23.2}, "geometry": {"type": "Point", "coordinates": [692413.5, 5333397.5]}}, {"type": "Feature", "properties": {"h": 14.3}, "geometry": {"type": "Point", "coordinates": [692420.5, 5333397.5]}}, {"type": "Feature", "properties": {"h": 15.3}, "geometry": {"type": "Point", "coordinates": [692831.5, 5333392.5]}}, {"type": "Feature", "properties": {"h": 15.2}, "geometry": {"type": "Point", "coordinates": [692833.5, 5333393.5]}}, {"type": "Feature", "properties": {"h": 12.8}, "geometry": {"type": "Point", "coordinates": [692930.5, 5333396.5]}}, {"type": "Feature", "properties": {"h": 13.5}, "geometry": {"type": "Point", "coordinates": [692931.5, 5333395.5]}}, {"type": "Feature", "properties": {"h": 21.8}, "geometry": {"type": "Point", "coordinates": [692389.5, 5333390.5]}}, {"type": "Feature", "properties": {"h": 23.0}, "geometry": {"type": "Point", "coordinates": [692397.5, 5333385.5]}}, {"type": "Feature", "properties": {"h": 24.7}, "geometry": {"type": "Point", "coordinates": [692403.5, 5333386.5]}}, {"type": "Feature", "properties": {"h": 23.3}, "geometry": {"type": "Point", "coordinates": [692412.5, 5333386.5]}}, {"type": "Feature", "properties": {"h": 22.7}, "geometry": {"type": "Point", "coordinates": [692413.5, 5333386.5]}}, {"type": "Feature", "properties": {"h": 15.4}, "geometry": {"type": "Point", "coordinates": [692420.5, 5333385.5]}}, {"type": "Feature", "properties": {"h": 15.4}, "geometry": {"type": "Point", "coordinates": [692828.5, 5333385.5]}}, {"type": "Feature", "properties": {"h": 9.1}, "geometry": {"type": "Point", "coordinates": [692916.5, 5333384.5]}}, {"type": "Feature", "properties": {"h": 10.0}, "geometry": {"type": "Point", "coordinates": [692922.5, 5333384.5]}}, {"type": "Feature", "properties": {"h": 9.7}, "geometry": {"type": "Point", "coordinates": [692924.5, 5333384.5]}}, {"type": "Feature", "properties": {"h": 16.5}, "geometry": {"type": "Point", "coordinates": [693559.5, 5333384.5]}}, {"type": "Feature", "properties": {"h": 20.7}, "geometry": {"type": "Point", "coordinates": [692386.5, 5333377.5]}}, {"type": "Feature", "properties": {"h": 24.4}, "geometry": {"type": "Point", "coordinates": [692393.5, 5333377.5]}}, {"type": "Feature", "properties": {"h": 21.3}, "geometry": {"type": "Point", "coordinates": [692399.5, 5333383.5]}}, {"type": "Feature", "properties": {"h": 20.8}, "geometry": {"type": "Point", "coordinates": [692412.5, 5333383.5]}}, {"type": "Feature", "properties": {"h": 21.0}, "geometry": {"type": "Point", "coordinates": [692413.5, 5333383.5]}}, {"type": "Feature", "properties": {"h": 15.4}, "geometry": {"type": "Point", "coordinates": [692420.5, 5333381.5]}}, {"type": "Feature", "properties": {"h": 10.7}, "geometry": {"type": "Point", "coordinates": [692825.5, 5333377.5]}}, {"type": "Feature", "properties": {"h": 14.9}, "geometry": {"type": "Point", "coordinates": [692828.5, 5333383.5]}}, {"type": "Feature", "properties": {"h": 9.1}, "geometry": {"type": "Point", "coordinates": [692916.5, 5333383.5]}}, {"type": "Feature", "properties": {"h": 10.7}, "geometry": {"type": "Point", "coordinates": [692923.5, 5333377.5]}}, {"type": "Feature", "properties": {"h": 12.7}, "geometry": {"type": "Point", "coordinates": [692930.5, 5333379.5]}}, {"type": "Feature", "properties": {"h": 14.3}, "geometry": {"type": "Point", "coordinates": [692933.5, 5333380.5]}}, {"type": "Feature", "properties": {"h": 20.6}, "geometry": {"type": "Point", "coordinates": [693558.5, 5333377.5]}}, {"type": "Feature", "properties": {"h": 22.0}, "geometry": {"type": "Point", "coordinates": [693567.5, 5333377.5]}}, {"type": "Feature", "properties": {"h": 22.5}, "geometry": {"type": "Point", "coordinates": [693568.5, 5333377.5]}}, {"type": "Feature", "properties": {"h": 21.6}, "geometry": {"type": "Point", "coordinates": [692384.5, 5333372.5]}}, {"type": "Feature", "properties": {"h": 25.7}, "geometry": {"type": "Point", "coordinates": [692391.5, 5333375.5]}}, {"type": "Feature", "properties": {"h": 26.5}, "geometry": {"type": "Point", "coordinates": [692393.5, 5333375.5]}}, {"type": "Feature", "properties": {"h": 19.3}, "geometry": {"type": "Point", "coordinates": [692401.5, 5333370.5]}}, {"type": "Feature", "properties": {"h": 24.2}, "geometry": {"type": "Point", "coordinates": [692412.5, 5333372.5]}}, {"type": "Feature", "properties": {"h": 24.4}, "geometry": {"type": "Point", "coordinates": [692413.5, 5333372.5]}}, {"type": "Feature", "properties": {"h": 16.3}, "geometry": {"type": "Point", "coordinates": [692420.5, 5333373.5]}}, {"type": "Feature", "properties": {"h": 13.5}, "geometry": {"type": "Point", "coordinates": [692824.5, 5333370.5]}}, {"type": "Feature", "properties": {"h": 10.8}, "geometry": {"type": "Point", "coordinates": [692826.5, 5333376.5]}}, {"type": "Feature", "properties": {"h": 15.1}, "geometry": {"type": "Point", "coordinates": [692911.5, 5333372.5]}}, {"type": "Feature", "properties": {"h": 10.7}, "geometry": {"type": "Point", "coordinates": [692923.5, 5333375.5]}}, {"type": "Feature", "properties": {"h": 12.7}, "geometry": {"type": "Point", "coordinates": [692930.5, 5333372.5]}}, {"type": "Feature", "properties": {"h": 13.3}, "geometry": {"type": "Point", "coordinates": [692931.5, 5333372.5]}}, {"type": "Feature", "properties": {"h": 23.7}, "geometry": {"type": "Point", "coordinates": [693559.5, 5333374.5]}}, {"type": "Feature", "properties": {"h": 25.0}, "geometry": {"type": "Point", "coordinates": [693567.5, 5333373.5]}}, {"type": "Feature", "properties": {"h": 25.8}, "geometry": {"type": "Point", "coordinates": [693569.5, 5333373.5]}}, {"type": "Feature", "properties": {"h": 24.0}, "geometry": {"type": "Point", "coordinates": [693575.5, 5333370.5]}}, {"type": "Feature", "properties": {"h": 21.0}, "geometry": {"type": "Point", "coordinates": [692383.5, 5333369.5]}}, {"type": "Feature", "properties": {"h": 23.6}, "geometry": {"type": "Point", "coordinates": [692388.5, 5333363.5]}}, {"type": "Feature", "properties": {"h": 24.0}, "geometry": {"type": "Point", "coordinates": [692398.5, 5333363.5]}}, {"type": "Feature", "properties": {"h": 25.3}, "geometry": {"type": "Point", "coordinates": [692399.5, 5333363.5]}}, {"type": "Feature", "properties": {"h": 19.6}, "geometry": {"type": "Point", "coordinates": [692409.5, 5333363.5]}}, {"type": "Feature", "properties": {"h": 23.4}, "geometry": {"type": "Point", "coordinates": [692413.5, 5333369.5]}}, {"type": "Feature", "properties": {"h": 15.2}, "geometry": {"type": "Point", "coordinates": [692420.5, 5333368.5]}}, {"type": "Feature", "properties": {"h": 13.7}, "geometry": {"type": "Point", "coordinates": [692824.5, 5333369.5]}}, {"type": "Feature", "properties": {"h": 12.2}, "geometry": {"type": "Point", "coordinates": [692826.5, 5333368.5]}}, {"type": "Feature", "properties": {"h": 10.6}, "geometry": {"type": "Point", "coordinates": [692909.5, 5333363.5]}}, {"type": "Feature", "properties": {"h": 13.0}, "geometry": {"type": "Point", "coordinates": [692912.5, 5333363.5]}}, {"type": "Feature", "properties": {"h": 10.4}, "geometry": {"type": "Point", "coordinates": [692922.5, 5333369.5]}}, {"type": "Feature", "properties": {"h": 10.6}, "geometry": {"type": "Point", "coordinates": [692930.5, 5333369.5]}}, {"type": "Feature", "properties": {"h": 12.2}, "geometry": {"type": "Point", "coordinates": [692932.5, 5333369.5]}}, {"type": "Feature", "properties": {"h": 26.0}, "geometry": {"type": "Point", "coordinates": [693553.5, 5333365.5]}}, {"type": "Feature", "properties": {"h": 26.1}, "geometry": {"type": "Point", "coordinates": [693555.5, 5333363.5]}}, {"type": "Feature", "properties": {"h": 21.8}, "geometry": {"type": "Point", "coordinates": [693567.5, 5333369.5]}}, {"type": "Feature", "properties": {"h": 24.2}, "geometry": {"type": "Point", "coordinates": [693574.5, 5333368.5]}}, {"type": "Feature", "properties": {"h": 24.6}, "geometry": {"type": "Point", "coordinates": [693576.5, 5333368.5]}}, {"type": "Feature", "properties": {"h": 24.5}, "geometry": {"type": "Point", "coordinates": [693584.5, 5333363.5]}}, {"type": "Feature", "properties": {"h": 22.6}, "geometry": {"type": "Point", "coordinates": [692377.5, 5333356.5]}}, {"type": "Feature", "properties": {"h": 22.8}, "geometry": {"type": "Point", "coordinates": [692378.5, 5333358.5]}}, {"type": "Feature", "properties": {"h": 28.8}, "geometry": {"type": "Point", "coordinates": [692391.5, 5333358.5]}}, {"type": "Feature", "properties": {"h": 29.0}, "geometry": {"type": "Point", "coordinates": [692396.5, 5333357.5]}}, {"type": "Feature", "properties": {"h": 27.8}, "geometry": {"type": "Point", "coordinates": [692399.5, 5333356.5]}}, {"type": "Feature", "properties": {"h": 20.4}, "geometry": {"type": "Point", "coordinates": [692408.5, 5333361.5]}}, {"type": "Feature", "properties": {"h": 15.8}, "geometry": {"type": "Point", "coordinates": [692413.5, 5333359.5]}}, {"type": "Feature", "properties": {"h": 9.0}, "geometry": {"type": "Point", "coordinates": [692822.5, 5333362.5]}}, {"type": "Feature", "properties": {"h": 9.8}, "geometry": {"type": "Point", "coordinates": [692909.5, 5333362.5]}}, {"type": "Feature", "properties": {"h": 12.8}, "geometry": {"type": "Point", "coordinates": [692912.5, 5333362.5]}}, {"type": "Feature", "properties": {"h": 10.5}, "geometry": {"type": "Point", "coordinates": [692923.5, 5333358.5]}}, {"type": "Feature", "properties": {"h": 10.8}, "geometry": {"type": "Point", "coordinates": [692930.5, 5333358.5]}}, {"type": "Feature", "properties": {"h": 12.9}, "geometry": {"type": "Point", "coordinates": [692933.5, 5333356.5]}}, {"type": "Feature", "properties": {"h": 25.4}, "geometry": {"type": "Point", "coordinates": [693553.5, 5333362.5]}}, {"type": "Feature", "properties": {"h": 26.8}, "geometry": {"type": "Point", "coordinates": [693555.5, 5333362.5]}}, {"type": "Feature", "properties": {"h": 21.9}, "geometry": {"type": "Point", "coordinates": [693561.5, 5333359.5]}}, {"type": "Feature", "properties": {"h": 18.3}, "geometry": {"type": "Point", "coordinates": [693574.5, 5333362.5]}}, {"type": "Feature", "properties": {"h": 25.3}, "geometry": {"type": "Point", "coordinates": [693581.5, 5333360.5]}}, {"type": "Feature", "properties": {"h": 27.6}, "geometry": {"type": "Point", "coordinates": [693586.5, 5333360.5]}}, {"type": "Feature", "properties": {"h": 25.2}, "geometry": {"type": "Point", "coordinates": [693589.5, 5333358.5]}}, {"type": "Feature", "properties": {"h": 29.6}, "geometry": {"type": "Point", "coordinates": [692377.5, 5333349.5]}}, {"type": "Feature", "properties": {"h": 29.3}, "geometry": {"type": "Point", "coordinates": [692378.5, 5333349.5]}}, {"type": "Feature", "properties": {"h": 31.6}, "geometry": {"type": "Point", "coordinates": [692387.5, 5333354.5]}}, {"type": "Feature", "properties": {"h": 28.7}, "geometry": {"type": "Point", "coordinates": [692398.5, 5333355.5]}}, {"type": "Feature", "properties": {"h": 28.1}, "geometry": {"type": "Point", "coordinates": [692399.5, 5333354.5]}}, {"type": "Feature", "properties": {"h": 20.8}, "geometry": {"type": "Point", "coordinates": [692406.5, 5333354.5]}}, {"type": "Feature", "properties": {"h": 13.9}, "geometry": {"type": "Point", "coordinates": [692414.5, 5333355.5]}}, {"type": "Feature", "properties": {"h": 11.3}, "geometry": {"type": "Point", "coordinates": [692821.5, 5333349.5]}}, {"type": "Feature", "properties": {"h": 9.7}, "geometry": {"type": "Point", "coordinates": [692909.5, 5333351.5]}}, {"type": "Feature", "properties": {"h": 12.1}, "geometry": {"type": "Point", "coordinates": [692913.5, 5333355.5]}}, {"type": "Feature", "properties": {"h": 10.5}, "geometry": {"type": "Point", "coordinates": [692923.5, 5333352.5]}}, {"type": "Feature", "properties": {"h": 10.4}, "geometry": {"type": "Point", "coordinates": [692930.5, 5333355.5]}}, {"type": "Feature", "properties": {"h": 13.0}, "geometry": {"type": "Point", "coordinates": [692932.5, 5333355.5]}}, {"type": "Feature", "properties": {"h": 21.6}, "geometry": {"type": "Point", "coordinates": [693553.5, 5333355.5]}}, {"type": "Feature", "properties": {"h": 22.8}, "geometry": {"type": "Point", "coordinates": [693555.5, 5333355.5]}}, {"type": "Feature", "properties": {"h": 19.3}, "geometry": {"type": "Point", "coordinates": [693564.5, 5333354.5]}}, {"type": "Feature", "properties": {"h": 15.8}, "geometry": {"type": "Point", "coordinates": [693572.5, 5333355.5]}}, {"type": "Feature", "properties": {"h": 22.4}, "geometry": {"type": "Point", "coordinates": [693581.5, 5333355.5]}}, {"type": "Feature", "properties": {"h": 25.3}, "geometry": {"type": "Point", "coordinates": [693586.5, 5333355.5]}}, {"type": "Feature", "properties": {"h": 24.7}, "geometry": {"type": "Point", "coordinates": [693589.5, 5333355.5]}}, {"type": "Feature", "properties": {"h": 26.3}, "geometry": {"type": "Point", "coordinates": [693599.5, 5333351.5]}}, {"type": "Feature", "properties": {"h": 24.9}, "geometry": {"type": "Point", "coordinates": [693603.5, 5333350.5]}}, {"type": "Feature", "properties": {"h": 34.1}, "geometry": {"type": "Point", "coordinates": [692370.5, 5333342.5]}}, {"type": "Feature", "properties": {"h": 33.8}, "geometry": {"type": "Point", "coordinates": [692371.5, 5333342.5]}}, {"type": "Feature", "properties": {"h": 32.7}, "geometry": {"type": "Point", "coordinates": [692378.5, 5333342.5]}}, {"type": "Feature", "properties": {"h": 27.9}, "geometry": {"type": "Point", "coordinates": [692390.5, 5333346.5]}}, {"type": "Feature", "properties": {"h": 27.3}, "geometry": {"type": "Point", "coordinates": [692392.5, 5333345.5]}}, {"type": "Feature", "properties": {"h": 22.8}, "geometry": {"type": "Point", "coordinates": [692399.5, 5333348.5]}}, {"type": "Feature", "properties": {"h": 16.3}, "geometry": {"type": "Point", "coordinates": [692406.5, 5333342.5]}}, {"type": "Feature", "properties": {"h": 12.0}, "geometry": {"type": "Point", "coordinates": [692817.5, 5333342.5]}}, {"type": "Feature", "properties": {"h": 14.1}, "geometry": {"type": "Point", "coordinates": [692820.5, 5333343.5]}}, {"type": "Feature", "properties": {"h": 5.0}, "geometry": {"type": "Point", "coordinates": [692902.5, 5333342.5]}}, {"type": "Feature", "properties": {"h": 10.1}, "geometry": {"type": "Point", "coordinates": [692905.5, 5333345.5]}}, {"type": "Feature", "properties": {"h": 10.6}, "geometry": {"type": "Point", "coordinates": [692912.5, 5333348.5]}}, {"type": "Feature", "properties": {"h": 9.9}, "geometry": {"type": "Point", "coordinates": [692923.5, 5333348.5]}}, {"type": "Feature", "properties": {"h": 9.9}, "geometry": {"type": "Point", "coordinates": [692924.5, 5333348.5]}}, {"type": "Feature", "properties": {"h": 10.0}, "geometry": {"type": "Point", "coordinates": [692932.5, 5333347.5]}}, {"type": "Feature", "properties": {"h": 9.6}, "geometry": {"type": "Point", "coordinates": [693552.5, 5333342.5]}}, {"type": "Feature", "properties": {"h": 10.2}, "geometry": {"type": "Point", "coordinates": [693557.5, 5333346.5]}}, {"type": "Feature", "properties": {"h": 15.5}, "geometry": {"type": "Point", "coordinates": [693562.5, 5333348.5]}}, {"type": "Feature", "properties": {"h": 16.7}, "geometry": {"type": "Point", "coordinates": [693573.5, 5333345.5]}}, {"type": "Feature", "properties": {"h": 18.5}, "geometry": {"type": "Point", "coordinates": [693581.5, 5333348.5]}}, {"type": "Feature", "properties": {"h": 22.9}, "geometry": {"type": "Point", "coordinates": [693587.5, 5333348.5]}}, {"type": "Feature", "properties": {"h": 24.9}, "geometry": {"type": "Point", "coordinates": [693595.5, 5333347.5]}}, {"type": "Feature", "properties": {"h": 25.7}, "geometry": {"type": "Point", "coordinates": [693598.5, 5333346.5]}}, {"type": "Feature", "properties": {"h": 27.9}, "geometry": {"type": "Point", "coordinates": [693607.5, 5333342.5]}}, {"type": "Feature", "properties": {"h": 26.0}, "geometry": {"type": "Point", "coordinates": [693610.5, 5333342.5]}}, {"type": "Feature", "properties": {"h": 30.6}, "geometry": {"type": "Point", "coordinates": [692363.5, 5333337.5]}}, {"type": "Feature", "properties": {"h": 34.1}, "geometry": {"type": "Point", "coordinates": [692367.5, 5333341.5]}}, {"type": "Feature", "properties": {"h": 33.8}, "geometry": {"type": "Point", "coordinates": [692371.5, 5333341.5]}}, {"type": "Feature", "properties": {"h": 32.7}, "geometry": {"type": "Point", "coordinates": [692378.5, 5333341.5]}}, {"type": "Feature", "properties": {"h": 28.0}, "geometry": {"type": "Point", "coordinates": [692385.5, 5333339.5]}}, {"type": "Feature", "properties": {"h": 26.3}, "geometry": {"type": "Point", "coordinates": [692392.5, 5333341.5]}}, {"type": "Feature", "properties": {"h": 21.8}, "geometry": {"type": "Point", "coordinates": [692399.5, 5333339.5]}}, {"type": "Feature", "properties": {"h": 16.3}, "geometry": {"type": "Point", "coordinates": [692406.5, 5333341.5]}}, {"type": "Feature", "properties": {"h": 12.6}, "geometry": {"type": "Point", "coordinates": [692817.5, 5333340.5]}}, {"type": "Feature", "properties": {"h": 7.9}, "geometry": {"type": "Point", "coordinates": [692819.5, 5333339.5]}}, {"type": "Feature", "properties": {"h": 17.8}, "geometry": {"type": "Point", "coordinates": [692899.5, 5333339.5]}}, {"type": "Feature", "properties": {"h": 17.7}, "geometry": {"type": "Point", "coordinates": [692909.5, 5333339.5]}}, {"type": "Feature", "properties": {"h": 18.2}, "geometry": {"type": "Point", "coordinates": [692914.5, 5333336.5]}}, {"type": "Feature", "properties": {"h": 17.7}, "geometry": {"type": "Point", "coordinates": [692921.5, 5333340.5]}}, {"type": "Feature", "properties": {"h": 17.7}, "geometry": {"type": "Point", "coordinates": [692927.5, 5333340.5]}}, {"type": "Feature", "properties": {"h": 12.8}, "geometry": {"type": "Point", "coordinates": [692933.5, 5333338.5]}}, {"type": "Feature", "properties": {"h": 20.1}, "geometry": {"type": "Point", "coordinates": [693551.5, 5333336.5]}}, {"type": "Feature", "properties": {"h": 16.5}, "geometry": {"type": "Point", "coordinates": [693555.5, 5333335.5]}}, {"type": "Feature", "properties": {"h": 15.5}, "geometry": {"type": "Point", "coordinates": [693562.5, 5333335.5]}}, {"type": "Feature", "properties": {"h": 16.2}, "geometry": {"type": "Point", "coordinates": [693571.5, 5333340.5]}}, {"type": "Feature", "properties": {"h": 16.9}, "geometry": {"type": "Point", "coordinates": [693581.5, 5333340.5]}}, {"type": "Feature", "properties": {"h": 23.7}, "geometry": {"type": "Point", "coordinates": [693588.5, 5333338.5]}}, {"type": "Feature", "properties": {"h": 26.4}, "geometry": {"type": "Point", "coordinates": [693592.5, 5333335.5]}}, {"type": "Feature", "properties": {"h": 25.3}, "geometry": {"type": "Point", "coordinates": [693601.5, 5333340.5]}}, {"type": "Feature", "properties": {"h": 27.8}, "geometry": {"type": "Point", "coordinates": [693607.5, 5333341.5]}}, {"type": "Feature", "properties": {"h": 26.5}, "geometry": {"type": "Point", "coordinates": [693610.5, 5333341.5]}}, {"type": "Feature", "properties": {"h": 24.5}, "geometry": {"type": "Point", "coordinates": [692356.5, 5333329.5]}}, {"type": "Feature", "properties": {"h": 27.9}, "geometry": {"type": "Point", "coordinates": [692363.5, 5333328.5]}}, {"type": "Feature", "properties": {"h": 29.3}, "geometry": {"type": "Point", "coordinates": [692368.5, 5333334.5]}}, {"type": "Feature", "properties": {"h": 30.7}, "geometry": {"type": "Point", "coordinates": [692376.5, 5333334.5]}}, {"type": "Feature", "properties": {"h": 30.1}, "geometry": {"type": "Point", "coordinates": [692378.5, 5333334.5]}}, {"type": "Feature", "properties": {"h": 28.6}, "geometry": {"type": "Point", "coordinates": [692391.5, 5333329.5]}}, {"type": "Feature", "properties": {"h": 28.1}, "geometry": {"type": "Point", "coordinates": [692392.5, 5333330.5]}}, {"type": "Feature", "properties": {"h": 19.8}, "geometry": {"type": "Point", "coordinates": [692399.5, 5333328.5]}}, {"type": "Feature", "properties": {"h": 14.1}, "geometry": {"type": "Point", "coordinates": [692814.5, 5333328.5]}}, {"type": "Feature", "properties": {"h": 10.2}, "geometry": {"type": "Point", "coordinates": [692819.5, 5333328.5]}}, {"type": "Feature", "properties": {"h": 11.9}, "geometry": {"type": "Point", "coordinates": [692895.5, 5333330.5]}}, {"type": "Feature", "properties": {"h": 17.7}, "geometry": {"type": "Point", "coordinates": [692899.5, 5333332.5]}}, {"type": "Feature", "properties": {"h": 17.8}, "geometry": {"type": "Point", "coordinates": [692909.5, 5333328.5]}}, {"type": "Feature", "properties": {"h": 18.3}, "geometry": {"type": "Point", "coordinates": [692915.5, 5333328.5]}}, {"type": "Feature", "properties": {"h": 17.8}, "geometry": {"type": "Point", "coordinates": [692917.5, 5333328.5]}}, {"type": "Feature", "properties": {"h": 17.6}, "geometry": {"type": "Point", "coordinates": [692924.5, 5333330.5]}}, {"type": "Feature", "properties": {"h": 12.6}, "geometry": {"type": "Point", "coordinates": [692933.5, 5333331.5]}}, {"type": "Feature", "properties": {"h": 28.2}, "geometry": {"type": "Point", "coordinates": [693551.5, 5333330.5]}}, {"type": "Feature", "properties": {"h": 16.8}, "geometry": {"type": "Point", "coordinates": [693556.5, 5333334.5]}}, {"type": "Feature", "properties": {"h": 16.0}, "geometry": {"type": "Point", "coordinates": [693561.5, 5333333.5]}}, {"type": "Feature", "properties": {"h": 6.9}, "geometry": {"type": "Point", "coordinates": [693568.5, 5333332.5]}}, {"type": "Feature", "properties": {"h": 11.0}, "geometry": {"type": "Point", "coordinates": [693581.5, 5333334.5]}}, {"type": "Feature", "properties": {"h": 23.8}, "geometry": {"type": "Point", "coordinates": [693588.5, 5333334.5]}}, {"type": "Feature", "properties": {"h": 26.6}, "geometry": {"type": "Point", "coordinates": [693592.5, 5333334.5]}}, {"type": "Feature", "properties": {"h": 24.6}, "geometry": {"type": "Point", "coordinates": [693596.5, 5333333.5]}}, {"type": "Feature", "properties": {"h": 24.5}, "geometry": {"type": "Point", "coordinates": [693607.5, 5333331.5]}}, {"type": "Feature", "properties": {"h": 23.1}, "geometry": {"type": "Point", "coordinates": [693610.5, 5333334.5]}}, {"type": "Feature", "properties": {"h": 13.5}, "geometry": {"type": "Point", "coordinates": [693623.5, 5333329.5]}}, {"type": "Feature", "properties": {"h": 13.9}, "geometry": {"type": "Point", "coordinates": [693626.5, 5333328.5]}}, {"type": "Feature", "properties": {"h": 22.1}, "geometry": {"type": "Point", "coordinates": [692351.5, 5333321.5]}}, {"type": "Feature", "properties": {"h": 29.8}, "geometry": {"type": "Point", "coordinates": [692363.5, 5333322.5]}}, {"type": "Feature", "properties": {"h": 30.0}, "geometry": {"type": "Point", "coordinates": [692367.5, 5333321.5]}}, {"type": "Feature", "properties": {"h": 29.7}, "geometry": {"type": "Point", "coordinates": [692372.5, 5333326.5]}}, {"type": "Feature", "properties": {"h": 27.6}, "geometry": {"type": "Point", "coordinates": [692379.5, 5333326.5]}}, {"type": "Feature", "properties": {"h": 27.7}, "geometry": {"type": "Point", "coordinates": [692391.5, 5333327.5]}}, {"type": "Feature", "properties": {"h": 27.3}, "geometry": {"type": "Point", "coordinates": [692392.5, 5333327.5]}}, {"type": "Feature", "properties": {"h": 21.1}, "geometry": {"type": "Point", "coordinates": [692399.5, 5333327.5]}}, {"type": "Feature", "properties": {"h": 17.2}, "geometry": {"type": "Point", "coordinates": [692813.5, 5333324.5]}}, {"type": "Feature", "properties": {"h": 10.2}, "geometry": {"type": "Point", "coordinates": [692819.5, 5333327.5]}}, {"type": "Feature", "properties": {"h": 11.9}, "geometry": {"type": "Point", "coordinates": [692894.5, 5333323.5]}}, {"type": "Feature", "properties": {"h": 17.7}, "geometry": {"type": "Point", "coordinates": [692899.5, 5333323.5]}}, {"type": "Feature", "properties": {"h": 17.8}, "geometry": {"type": "Point", "coordinates": [692909.5, 5333326.5]}}, {"type": "Feature", "properties": {"h": 18.3}, "geometry": {"type": "Point", "coordinates": [692915.5, 5333321.5]}}, {"type": "Feature", "properties": {"h": 17.8}, "geometry": {"type": "Point", "coordinates": [692917.5, 5333327.5]}}, {"type": "Feature", "properties": {"h": 17.6}, "geometry": {"type": "Point", "coordinates": [692928.5, 5333327.5]}}, {"type": "Feature", "properties": {"h": 12.2}, "geometry": {"type": "Point", "coordinates": [692933.5, 5333323.5]}}, {"type": "Feature", "properties": {"h": 33.7}, "geometry": {"type": "Point", "coordinates": [693552.5, 5333321.5]}}, {"type": "Feature", "properties": {"h": 32.2}, "geometry": {"type": "Point", "coordinates": [693554.5, 5333321.5]}}, {"type": "Feature", "properties": {"h": 11.6}, "geometry": {"type": "Point", "coordinates": [693561.5, 5333322.5]}}, {"type": "Feature", "properties": {"h": 14.2}, "geometry": {"type": "Point", "coordinates": [693574.5, 5333321.5]}}, {"type": "Feature", "properties": {"h": 16.6}, "geometry": {"type": "Point", "coordinates": [693577.5, 5333321.5]}}, {"type": "Feature", "properties": {"h": 12.1}, "geometry": {"type": "Point", "coordinates": [693582.5, 5333321.5]}}, {"type": "Feature", "properties": {"h": 17.9}, "geometry": {"type": "Point", "coordinates": [693595.5, 5333327.5]}}, {"type": "Feature", "properties": {"h": 22.8}, "geometry": {"type": "Point", "coordinates": [693602.5, 5333327.5]}}, {"type": "Feature", "properties": {"h": 22.8}, "geometry": {"type": "Point", "coordinates": [693603.5, 5333322.5]}}, {"type": "Feature", "properties": {"h": 22.8}, "geometry": {"type": "Point", "coordinates": [693613.5, 5333321.5]}}, {"type": "Feature", "properties": {"h": 22.5}, "geometry": {"type": "Point", "coordinates": [693619.5, 5333321.5]}}, {"type": "Feature", "properties": {"h": 21.0}, "geometry": {"type": "Point", "coordinates": [693630.5, 5333321.5]}}, {"type": "Feature", "properties": {"h": 22.4}, "geometry": {"type": "Point", "coordinates": [693631.5, 5333321.5]}}, {"type": "Feature", "properties": {"h": 21.5}, "geometry": {"type": "Point", "coordinates": [693638.5, 5333321.5]}}, {"type": "Feature", "properties": {"h": 22.3}, "geometry": {"type": "Point", "coordinates": [692347.5, 5333316.5]}}, {"type": "Feature", "properties": {"h": 21.9}, "geometry": {"type": "Point", "coordinates": [692350.5, 5333320.5]}}, {"type": "Feature", "properties": {"h": 29.4}, "geometry": {"type": "Point", "coordinates": [692363.5, 5333320.5]}}, {"type": "Feature", "properties": {"h": 29.8}, "geometry": {"type": "Point", "coordinates": [692367.5, 5333320.5]}}, {"type": "Feature", "properties": {"h": 28.3}, "geometry": {"type": "Point", "coordinates": [692371.5, 5333320.5]}}, {"type": "Feature", "properties": {"h": 25.3}, "geometry": {"type": "Point", "coordinates": [692379.5, 5333320.5]}}, {"type": "Feature", "properties": {"h": 22.5}, "geometry": {"type": "Point", "coordinates": [692385.5, 5333320.5]}}, {"type": "Feature", "properties": {"h": 17.5}, "geometry": {"type": "Point", "coordinates": [692392.5, 5333320.5]}}, {"type": "Feature", "properties": {"h": 15.1}, "geometry": {"type": "Point", "coordinates": [692811.5, 5333315.5]}}, {"type": "Feature", "properties": {"h": 18.1}, "geometry": {"type": "Point", "coordinates": [692812.5, 5333318.5]}}, {"type": "Feature", "properties": {"h": 7.8}, "geometry": {"type": "Point", "coordinates": [692820.5, 5333320.5]}}, {"type": "Feature", "properties": {"h": 11.9}, "geometry": {"type": "Point", "coordinates": [692894.5, 5333314.5]}}, {"type": "Feature", "properties": {"h": 17.6}, "geometry": {"type": "Point", "coordinates": [692900.5, 5333315.5]}}, {"type": "Feature", "properties": {"h": 17.7}, "geometry": {"type": "Point", "coordinates": [692909.5, 5333319.5]}}, {"type": "Feature", "properties": {"h": 18.4}, "geometry": {"type": "Point", "coordinates": [692915.5, 5333317.5]}}, {"type": "Feature", "properties": {"h": 17.8}, "geometry": {"type": "Point", "coordinates": [692917.5, 5333317.5]}}, {"type": "Feature", "properties": {"h": 17.6}, "geometry": {"type": "Point", "coordinates": [692924.5, 5333320.5]}}, {"type": "Feature", "properties": {"h": 12.7}, "geometry": {"type": "Point", "coordinates": [692934.5, 5333314.5]}}, {"type": "Feature", "properties": {"h": 33.4}, "geometry": {"type": "Point", "coordinates": [693551.5, 5333320.5]}}, {"type": "Feature", "properties": {"h": 32.0}, "geometry": {"type": "Point", "coordinates": [693554.5, 5333320.5]}}, {"type": "Feature", "properties": {"h": 22.1}, "geometry": {"type": "Point", "coordinates": [693567.5, 5333314.5]}}, {"type": "Feature", "properties": {"h": 23.7}, "geometry": {"type": "Point", "coordinates": [693574.5, 5333314.5]}}, {"type": "Feature", "properties": {"h": 23.6}, "geometry": {"type": "Point", "coordinates": [693575.5, 5333314.5]}}, {"type": "Feature", "properties": {"h": 20.6}, "geometry": {"type": "Point", "coordinates": [693588.5, 5333314.5]}}, {"type": "Feature", "properties": {"h": 20.6}, "geometry": {"type": "Point", "coordinates": [693589.5, 5333314.5]}}, {"type": "Feature", "properties": {"h": 21.3}, "geometry": {"type": "Point", "coordinates": [693602.5, 5333320.5]}}, {"type": "Feature", "properties": {"h": 21.8}, "geometry": {"type": "Point", "coordinates": [693604.5, 5333320.5]}}, {"type": "Feature", "properties": {"h": 23.1}, "geometry": {"type": "Point", "coordinates": [693614.5, 5333320.5]}}, {"type": "Feature", "properties": {"h": 22.9}, "geometry": {"type": "Point", "coordinates": [693619.5, 5333317.5]}}, {"type": "Feature", "properties": {"h": 23.5}, "geometry": {"type": "Point", "coordinates": [693630.5, 5333317.5]}}, {"type": "Feature", "properties": {"h": 27.6}, "geometry": {"type": "Point", "coordinates": [693636.5, 5333315.5]}}, {"type": "Feature", "properties": {"h": 27.7}, "geometry": {"type": "Point", "coordinates": [693640.5, 5333314.5]}}, {"type": "Feature", "properties": {"h": 19.7}, "geometry": {"type": "Point", "coordinates": [693646.5, 5333314.5]}}, {"type": "Feature", "properties": {"h": 21.8}, "geometry": {"type": "Point", "coordinates": [692342.5, 5333311.5]}}, {"type": "Feature", "properties": {"h": 21.9}, "geometry": {"type": "Point", "coordinates": [692344.5, 5333313.5]}}, {"type": "Feature", "properties": {"h": 26.5}, "geometry": {"type": "Point", "coordinates": [692356.5, 5333307.5]}}, {"type": "Feature", "properties": {"h": 27.9}, "geometry": {"type": "Point", "coordinates": [692359.5, 5333307.5]}}, {"type": "Feature", "properties": {"h": 28.8}, "geometry": {"type": "Point", "coordinates": [692367.5, 5333311.5]}}, {"type": "Feature", "properties": {"h": 26.4}, "geometry": {"type": "Point", "coordinates": [692371.5, 5333309.5]}}, {"type": "Feature", "properties": {"h": 24.7}, "geometry": {"type": "Point", "coordinates": [692378.5, 5333309.5]}}, {"type": "Feature", "properties": {"h": 18.9}, "geometry": {"type": "Point", "coordinates": [692385.5, 5333312.5]}}, {"type": "Feature", "properties": {"h": 16.8}, "geometry": {"type": "Point", "coordinates": [692392.5, 5333313.5]}}, {"type": "Feature", "properties": {"h": 15.1}, "geometry": {"type": "Point", "coordinates": [692810.5, 5333309.5]}}, {"type": "Feature", "properties": {"h": 14.3}, "geometry": {"type": "Point", "coordinates": [692817.5, 5333307.5]}}, {"type": "Feature", "properties": {"h": 14.3}, "geometry": {"type": "Point", "coordinates": [692819.5, 5333307.5]}}, {"type": "Feature", "properties": {"h": 4.6}, "geometry": {"type": "Point", "coordinates": [692831.5, 5333307.5]}}, {"type": "Feature", "properties": {"h": 3.2}, "geometry": {"type": "Point", "coordinates": [692833.5, 5333307.5]}}, {"type": "Feature", "properties": {"h": 11.9}, "geometry": {"type": "Point", "coordinates": [692894.5, 5333313.5]}}, {"type": "Feature", "properties": {"h": 17.6}, "geometry": {"type": "Point", "coordinates": [692899.5, 5333312.5]}}, {"type": "Feature", "properties": {"h": 17.7}, "geometry": {"type": "Point", "coordinates": [692909.5, 5333312.5]}}, {"type": "Feature", "properties": {"h": 18.3}, "geometry": {"type": "Point", "coordinates": [692915.5, 5333312.5]}}, {"type": "Feature", "properties": {"h": 17.8}, "geometry": {"type": "Point", "coordinates": [692917.5, 5333310.5]}}, {"type": "Feature", "properties": {"h": 17.5}, "geometry": {"type": "Point", "coordinates": [692924.5, 5333312.5]}}, {"type": "Feature", "properties": {"h": 12.3}, "geometry": {"type": "Point", "coordinates": [692934.5, 5333313.5]}}, {"type": "Feature", "properties": {"h": 20.0}, "geometry": {"type": "Point", "coordinates": [693550.5, 5333311.5]}}, {"type": "Feature", "properties": {"h": 19.0}, "geometry": {"type": "Point", "coordinates": [693560.5, 5333307.5]}}, {"type": "Feature", "properties": {"h": 23.3}, "geometry": {"type": "Point", "coordinates": [693566.5, 5333310.5]}}, {"type": "Feature", "properties": {"h": 23.9}, "geometry": {"type": "Point", "coordinates": [693574.5, 5333313.5]}}, {"type": "Feature", "properties": {"h": 25.3}, "geometry": {"type": "Point", "coordinates": [693579.5, 5333308.5]}}, {"type": "Feature", "properties": {"h": 24.5}, "geometry": {"type": "Point", "coordinates": [693588.5, 5333307.5]}}, {"type": "Feature", "properties": {"h": 24.2}, "geometry": {"type": "Point", "coordinates": [693589.5, 5333307.5]}}, {"type": "Feature", "properties": {"h": 19.8}, "geometry": {"type": "Point", "coordinates": [693598.5, 5333307.5]}}, {"type": "Feature", "properties": {"h": 22.4}, "geometry": {"type": "Point", "coordinates": [693608.5, 5333307.5]}}, {"type": "Feature", "properties": {"h": 22.6}, "geometry": {"type": "Point", "coordinates": [693616.5, 5333310.5]}}, {"type": "Feature", "properties": {"h": 22.6}, "geometry": {"type": "Point", "coordinates": [693617.5, 5333310.5]}}, {"type": "Feature", "properties": {"h": 25.0}, "geometry": {"type": "Point", "coordinates": [693630.5, 5333307.5]}}, {"type": "Feature", "properties": {"h": 27.5}, "geometry": {"type": "Point", "coordinates": [693637.5, 5333311.5]}}, {"type": "Feature", "properties": {"h": 27.9}, "geometry": {"type": "Point", "coordinates": [693641.5, 5333313.5]}}, {"type": "Feature", "properties": {"h": 22.5}, "geometry": {"type": "Point", "coordinates": [693651.5, 5333307.5]}}, {"type": "Feature", "properties": {"h": 22.4}, "geometry": {"type": "Point", "coordinates": [693652.5, 5333307.5]}}, {"type": "Feature", "properties": {"h": 9.8}, "geometry": {"type": "Point", "coordinates": [692335.5, 5333301.5]}}, {"type": "Feature", "properties": {"h": 20.0}, "geometry": {"type": "Point", "coordinates": [692340.5, 5333306.5]}}, {"type": "Feature", "properties": {"h": 23.8}, "geometry": {"type": "Point", "coordinates": [692349.5, 5333302.5]}}, {"type": "Feature", "properties": {"h": 27.4}, "geometry": {"type": "Point", "coordinates": [692356.5, 5333300.5]}}, {"type": "Feature", "properties": {"h": 28.5}, "geometry": {"type": "Point", "coordinates": [692359.5, 5333300.5]}}, {"type": "Feature", "properties": {"h": 27.6}, "geometry": {"type": "Point", "coordinates": [692370.5, 5333301.5]}}, {"type": "Feature", "properties": {"h": 27.5}, "geometry": {"type": "Point", "coordinates": [692371.5, 5333301.5]}}, {"type": "Feature", "properties": {"h": 22.8}, "geometry": {"type": "Point", "coordinates": [692378.5, 5333306.5]}}, {"type": "Feature", "properties": {"h": 16.7}, "geometry": {"type": "Point", "coordinates": [692385.5, 5333301.5]}}, {"type": "Feature", "properties": {"h": 13.8}, "geometry": {"type": "Point", "coordinates": [692732.5, 5333300.5]}}, {"type": "Feature", "properties": {"h": 12.5}, "geometry": {"type": "Point", "coordinates": [692735.5, 5333300.5]}}, {"type": "Feature", "properties": {"h": 8.0}, "geometry": {"type": "Point", "coordinates": [692742.5, 5333300.5]}}, {"type": "Feature", "properties": {"h": 15.4}, "geometry": {"type": "Point", "coordinates": [692811.5, 5333303.5]}}, {"type": "Feature", "properties": {"h": 16.2}, "geometry": {"type": "Point", "coordinates": [692816.5, 5333304.5]}}, {"type": "Feature", "properties": {"h": 14.8}, "geometry": {"type": "Point", "coordinates": [692819.5, 5333305.5]}}, {"type": "Feature", "properties": {"h": 16.3}, "geometry": {"type": "Point", "coordinates": [692828.5, 5333300.5]}}, {"type": "Feature", "properties": {"h": 13.7}, "geometry": {"type": "Point", "coordinates": [692835.5, 5333300.5]}}, {"type": "Feature", "properties": {"h": 12.0}, "geometry": {"type": "Point", "coordinates": [692842.5, 5333302.5]}}, {"type": "Feature", "properties": {"h": 15.0}, "geometry": {"type": "Point", "coordinates": [692848.5, 5333301.5]}}, {"type": "Feature", "properties": {"h": 10.6}, "geometry": {"type": "Point", "coordinates": [692859.5, 5333300.5]}}, {"type": "Feature", "properties": {"h": 10.5}, "geometry": {"type": "Point", "coordinates": [692861.5, 5333300.5]}}, {"type": "Feature", "properties": {"h": 6.3}, "geometry": {"type": "Point", "coordinates": [692870.5, 5333300.5]}}, {"type": "Feature", "properties": {"h": 3.7}, "geometry": {"type": "Point", "coordinates": [692879.5, 5333300.5]}}, {"type": "Feature", "properties": {"h": 4.1}, "geometry": {"type": "Point", "coordinates": [692883.5, 5333300.5]}}, {"type": "Feature", "properties": {"h": 11.9}, "geometry": {"type": "Point", "coordinates": [692895.5, 5333306.5]}}, {"type": "Feature", "properties": {"h": 17.5}, "geometry": {"type": "Point", "coordinates": [692900.5, 5333303.5]}}, {"type": "Feature", "properties": {"h": 17.7}, "geometry": {"type": "Point", "coordinates": [692909.5, 5333303.5]}}, {"type": "Feature", "properties": {"h": 18.2}, "geometry": {"type": "Point", "coordinates": [692915.5, 5333306.5]}}, {"type": "Feature", "properties": {"h": 17.7}, "geometry": {"type": "Point", "coordinates": [692917.5, 5333305.5]}}, {"type": "Feature", "properties": {"h": 17.5}, "geometry": {"type": "Point", "coordinates": [692929.5, 5333301.5]}}, {"type": "Feature", "properties": {"h": 11.9}, "geometry": {"type": "Point", "coordinates": [692934.5, 5333300.5]}}, {"type": "Feature", "properties": {"h": 23.2}, "geometry": {"type": "Point", "coordinates": [693549.5, 5333306.5]}}, {"type": "Feature", "properties": {"h": 20.9}, "geometry": {"type": "Point", "coordinates": [693559.5, 5333303.5]}}, {"type": "Feature", "properties": {"h": 21.2}, "geometry": {"type": "Point", "coordinates": [693567.5, 5333306.5]}}, {"type": "Feature", "properties": {"h": 22.6}, "geometry": {"type": "Point", "coordinates": [693570.5, 5333306.5]}}, {"type": "Feature", "properties": {"h": 24.7}, "geometry": {"type": "Point", "coordinates": [693579.5, 5333306.5]}}, {"type": "Feature", "properties": {"h": 24.6}, "geometry": {"type": "Point", "coordinates": [693588.5, 5333306.5]}}, {"type": "Feature", "properties": {"h": 24.4}, "geometry": {"type": "Point", "coordinates": [693589.5, 5333306.5]}}, {"type": "Feature", "properties": {"h": 21.4}, "geometry": {"type": "Point", "coordinates": [693598.5, 5333303.5]}}, {"type": "Feature", "properties": {"h": 22.8}, "geometry": {"type": "Point", "coordinates": [693608.5, 5333305.5]}}, {"type": "Feature", "properties": {"h": 22.6}, "geometry": {"type": "Point", "coordinates": [693612.5, 5333304.5]}}, {"type": "Feature", "properties": {"h": 21.7}, "geometry": {"type": "Point", "coordinates": [693623.5, 5333303.5]}}, {"type": "Feature", "properties": {"h": 25.6}, "geometry": {"type": "Point", "coordinates": [693630.5, 5333300.5]}}, {"type": "Feature", "properties": {"h": 27.7}, "geometry": {"type": "Point", "coordinates": [693635.5, 5333304.5]}}, {"type": "Feature", "properties": {"h": 27.5}, "geometry": {"type": "Point", "coordinates": [693640.5, 5333305.5]}}, {"type": "Feature", "properties": {"h": 26.7}, "geometry": {"type": "Point", "coordinates": [693645.5, 5333300.5]}}, {"type": "Feature", "properties": {"h": 23.3}, "geometry": {"type": "Point", "coordinates": [693653.5, 5333304.5]}}, {"type": "Feature", "properties": {"h": 22.8}, "geometry": {"type": "Point", "coordinates": [693659.5, 5333301.5]}}, {"type": "Feature", "properties": {"h": 9.5}, "geometry": {"type": "Point", "coordinates": [692334.5, 5333293.5]}}, {"type": "Feature", "properties": {"h": 5.9}, "geometry": {"type": "Point", "coordinates": [692336.5, 5333299.5]}}, {"type": "Feature", "properties": {"h": 26.4}, "geometry": {"type": "Point", "coordinates": [692349.5, 5333293.5]}}, {"type": "Feature", "properties": {"h": 29.2}, "geometry": {"type": "Point", "coordinates": [692356.5, 5333296.5]}}, {"type": "Feature", "properties": {"h": 28.9}, "geometry": {"type": "Point", "coordinates": [692357.5, 5333296.5]}}, {"type": "Feature", "properties": {"h": 28.4}, "geometry": {"type": "Point", "coordinates": [692367.5, 5333295.5]}}, {"type": "Feature", "properties": {"h": 27.3}, "geometry": {"type": "Point", "coordinates": [692371.5, 5333299.5]}}, {"type": "Feature", "properties": {"h": 19.3}, "geometry": {"type": "Point", "coordinates": [692378.5, 5333299.5]}}, {"type": "Feature", "properties": {"h": 15.6}, "geometry": {"type": "Point", "coordinates": [692385.5, 5333299.5]}}, {"type": "Feature", "properties": {"h": 12.4}, "geometry": {"type": "Point", "coordinates": [692727.5, 5333293.5]}}, {"type": "Feature", "properties": {"h": 14.2}, "geometry": {"type": "Point", "coordinates": [692732.5, 5333299.5]}}, {"type": "Feature", "properties": {"h": 12.5}, "geometry": {"type": "Point", "coordinates": [692735.5, 5333299.5]}}, {"type": "Feature", "properties": {"h": 14.1}, "geometry": {"type": "Point", "coordinates": [692746.5, 5333293.5]}}, {"type": "Feature", "properties": {"h": 11.5}, "geometry": {"type": "Point", "coordinates": [692749.5, 5333293.5]}}, {"type": "Feature", "properties": {"h": 11.8}, "geometry": {"type": "Point", "coordinates": [692811.5, 5333299.5]}}, {"type": "Feature", "properties": {"h": 13.8}, "geometry": {"type": "Point", "coordinates": [692815.5, 5333299.5]}}, {"type": "Feature", "properties": {"h": 14.0}, "geometry": {"type": "Point", "coordinates": [692821.5, 5333295.5]}}, {"type": "Feature", "properties": {"h": 16.1}, "geometry": {"type": "Point", "coordinates": [692829.5, 5333299.5]}}, {"type": "Feature", "properties": {"h": 12.8}, "geometry": {"type": "Point", "coordinates": [692833.5, 5333299.5]}}, {"type": "Feature", "properties": {"h": 13.6}, "geometry": {"type": "Point", "coordinates": [692844.5, 5333293.5]}}, {"type": "Feature", "properties": {"h": 10.1}, "geometry": {"type": "Point", "coordinates": [692849.5, 5333294.5]}}, {"type": "Feature", "properties": {"h": 12.5}, "geometry": {"type": "Point", "coordinates": [692857.5, 5333293.5]}}, {"type": "Feature", "properties": {"h": 11.2}, "geometry": {"type": "Point", "coordinates": [692864.5, 5333297.5]}}, {"type": "Feature", "properties": {"h": 14.8}, "geometry": {"type": "Point", "coordinates": [692872.5, 5333295.5]}}, {"type": "Feature", "properties": {"h": 14.8}, "geometry": {"type": "Point", "coordinates": [692876.5, 5333294.5]}}, {"type": "Feature", "properties": {"h": 14.3}, "geometry": {"type": "Point", "coordinates": [692882.5, 5333294.5]}}, {"type": "Feature", "properties": {"h": 14.8}, "geometry": {"type": "Point", "coordinates": [692890.5, 5333293.5]}}, {"type": "Feature", "properties": {"h": 17.4}, "geometry": {"type": "Point", "coordinates": [692900.5, 5333299.5]}}, {"type": "Feature", "properties": {"h": 17.7}, "geometry": {"type": "Point", "coordinates": [692908.5, 5333294.5]}}, {"type": "Feature", "properties": {"h": 18.1}, "geometry": {"type": "Point", "coordinates": [692915.5, 5333297.5]}}, {"type": "Feature", "properties": {"h": 17.8}, "geometry": {"type": "Point", "coordinates": [692917.5, 5333294.5]}}, {"type": "Feature", "properties": {"h": 17.5}, "geometry": {"type": "Point", "coordinates": [692927.5, 5333295.5]}}, {"type": "Feature", "properties": {"h": 12.2}, "geometry": {"type": "Point", "coordinates": [692935.5, 5333299.5]}}, {"type": "Feature", "properties": {"h": 18.4}, "geometry": {"type": "Point", "coordinates": [693548.5, 5333293.5]}}, {"type": "Feature", "properties": {"h": 20.2}, "geometry": {"type": "Point", "coordinates": [693558.5, 5333299.5]}}, {"type": "Feature", "properties": {"h": 20.1}, "geometry": {"type": "Point", "coordinates": [693563.5, 5333299.5]}}, {"type": "Feature", "properties": {"h": 22.0}, "geometry": {"type": "Point", "coordinates": [693574.5, 5333299.5]}}, {"type": "Feature", "properties": {"h": 21.7}, "geometry": {"type": "Point", "coordinates": [693575.5, 5333299.5]}}, {"type": "Feature", "properties": {"h": 21.2}, "geometry": {"type": "Point", "coordinates": [693586.5, 5333299.5]}}, {"type": "Feature", "properties": {"h": 20.4}, "geometry": {"type": "Point", "coordinates": [693589.5, 5333299.5]}}, {"type": "Feature", "properties": {"h": 18.5}, "geometry": {"type": "Point", "coordinates": [693596.5, 5333299.5]}}, {"type": "Feature", "properties": {"h": 17.1}, "geometry": {"type": "Point", "coordinates": [693609.5, 5333299.5]}}, {"type": "Feature", "properties": {"h": 18.9}, "geometry": {"type": "Point", "coordinates": [693612.5, 5333299.5]}}, {"type": "Feature", "properties": {"h": 18.2}, "geometry": {"type": "Point", "coordinates": [693622.5, 5333299.5]}}, {"type": "Feature", "properties": {"h": 25.5}, "geometry": {"type": "Point", "coordinates": [693630.5, 5333299.5]}}, {"type": "Feature", "properties": {"h": 26.7}, "geometry": {"type": "Point", "coordinates": [693634.5, 5333299.5]}}, {"type": "Feature", "properties": {"h": 26.9}, "geometry": {"type": "Point", "coordinates": [693640.5, 5333299.5]}}, {"type": "Feature", "properties": {"h": 27.0}, "geometry": {"type": "Point", "coordinates": [693645.5, 5333299.5]}}, {"type": "Feature", "properties": {"h": 21.8}, "geometry": {"type": "Point", "coordinates": [693658.5, 5333299.5]}}, {"type": "Feature", "properties": {"h": 23.2}, "geometry": {"type": "Point", "coordinates": [693662.5, 5333297.5]}}, {"type": "Feature", "properties": {"h": 18.6}, "geometry": {"type": "Point", "coordinates": [693666.5, 5333297.5]}}, {"type": "Feature", "properties": {"h": 18.9}, "geometry": {"type": "Point", "coordinates": [692327.5, 5333286.5]}}, {"type": "Feature", "properties": {"h": 18.1}, "geometry": {"type": "Point", "coordinates": [692329.5, 5333286.5]}}, {"type": "Feature", "properties": {"h": 17.3}, "geometry": {"type": "Point", "coordinates": [692340.5, 5333286.5]}}, {"type": "Feature", "properties": {"h": 29.6}, "geometry": {"type": "Point", "coordinates": [692349.5, 5333286.5]}}, {"type": "Feature", "properties": {"h": 30.9}, "geometry": {"type": "Point", "coordinates": [692356.5, 5333286.5]}}, {"type": "Feature", "properties": {"h": 30.8}, "geometry": {"type": "Point", "coordinates": [692357.5, 5333286.5]}}, {"type": "Feature", "properties": {"h": 27.2}, "geometry": {"type": "Point", "coordinates": [692368.5, 5333292.5]}}, {"type": "Feature", "properties": {"h": 26.2}, "geometry": {"type": "Point", "coordinates": [692371.5, 5333292.5]}}, {"type": "Feature", "properties": {"h": 18.5}, "geometry": {"type": "Point", "coordinates": [692378.5, 5333292.5]}}, {"type": "Feature", "properties": {"h": 12.5}, "geometry": {"type": "Point", "coordinates": [692727.5, 5333292.5]}}, {"type": "Feature", "properties": {"h": 12.7}, "geometry": {"type": "Point", "coordinates": [692728.5, 5333292.5]}}, {"type": "Feature", "properties": {"h": 13.9}, "geometry": {"type": "Point", "coordinates": [692737.5, 5333286.5]}}, {"type": "Feature", "properties": {"h": 14.2}, "geometry": {"type": "Point", "coordinates": [692747.5, 5333292.5]}}, {"type": "Feature", "properties": {"h": 11.9}, "geometry": {"type": "Point", "coordinates": [692749.5, 5333287.5]}}, {"type": "Feature", "properties": {"h": 8.0}, "geometry": {"type": "Point", "coordinates": [692757.5, 5333286.5]}}, {"type": "Feature", "properties": {"h": 11.3}, "geometry": {"type": "Point", "coordinates": [692824.5, 5333292.5]}}, {"type": "Feature", "properties": {"h": 10.4}, "geometry": {"type": "Point", "coordinates": [692828.5, 5333292.5]}}, {"type": "Feature", "properties": {"h": 10.7}, "geometry": {"type": "Point", "coordinates": [692839.5, 5333292.5]}}, {"type": "Feature", "properties": {"h": 13.6}, "geometry": {"type": "Point", "coordinates": [692844.5, 5333292.5]}}, {"type": "Feature", "properties": {"h": 11.9}, "geometry": {"type": "Point", "coordinates": [692851.5, 5333289.5]}}, {"type": "Feature", "properties": {"h": 13.8}, "geometry": {"type": "Point", "coordinates": [692858.5, 5333290.5]}}, {"type": "Feature", "properties": {"h": 11.6}, "geometry": {"type": "Point", "coordinates": [692865.5, 5333288.5]}}, {"type": "Feature", "properties": {"h": 13.6}, "geometry": {"type": "Point", "coordinates": [692871.5, 5333288.5]}}, {"type": "Feature", "properties": {"h": 12.9}, "geometry": {"type": "Point", "coordinates": [692875.5, 5333288.5]}}, {"type": "Feature", "properties": {"h": 14.5}, "geometry": {"type": "Point", "coordinates": [692886.5, 5333287.5]}}, {"type": "Feature", "properties": {"h": 14.2}, "geometry": {"type": "Point", "coordinates": [692890.5, 5333292.5]}}, {"type": "Feature", "properties": {"h": 4.3}, "geometry": {"type": "Point", "coordinates": [692896.5, 5333289.5]}}, {"type": "Feature", "properties": {"h": 13.9}, "geometry": {"type": "Point", "coordinates": [692909.5, 5333286.5]}}, {"type": "Feature", "properties": {"h": 13.7}, "geometry": {"type": "Point", "coordinates": [692910.5, 5333286.5]}}, {"type": "Feature", "properties": {"h": 13.1}, "geometry": {"type": "Point", "coordinates": [692917.5, 5333286.5]}}, {"type": "Feature", "properties": {"h": 11.3}, "geometry": {"type": "Point", "coordinates": [692925.5, 5333292.5]}}, {"type": "Feature", "properties": {"h": 9.9}, "geometry": {"type": "Point", "coordinates": [692935.5, 5333289.5]}}, {"type": "Feature", "properties": {"h": 24.9}, "geometry": {"type": "Point", "coordinates": [693548.5, 5333286.5]}}, {"type": "Feature", "properties": {"h": 21.6}, "geometry": {"type": "Point", "coordinates": [693555.5, 5333286.5]}}, {"type": "Feature", "properties": {"h": 16.8}, "geometry": {"type": "Point", "coordinates": [693561.5, 5333286.5]}}, {"type": "Feature", "properties": {"h": 15.6}, "geometry": {"type": "Point", "coordinates": [693572.5, 5333286.5]}}, {"type": "Feature", "properties": {"h": 12.8}, "geometry": {"type": "Point", "coordinates": [693576.5, 5333286.5]}}, {"type": "Feature", "properties": {"h": 9.8}, "geometry": {"type": "Point", "coordinates": [693582.5, 5333286.5]}}, {"type": "Feature", "properties": {"h": 9.1}, "geometry": {"type": "Point", "coordinates": [693589.5, 5333292.5]}}, {"type": "Feature", "properties": {"h": 8.8}, "geometry": {"type": "Point", "coordinates": [693602.5, 5333292.5]}}, {"type": "Feature", "properties": {"h": 15.7}, "geometry": {"type": "Point", "coordinates": [693608.5, 5333292.5]}}, {"type": "Feature", "properties": {"h": 14.5}, "geometry": {"type": "Point", "coordinates": [693610.5, 5333292.5]}}, {"type": "Feature", "properties": {"h": 14.3}, "geometry": {"type": "Point", "coordinates": [693630.5, 5333292.5]}}, {"type": "Feature", "properties": {"h": 20.5}, "geometry": {"type": "Point", "coordinates": [693637.5, 5333288.5]}}, {"type": "Feature", "properties": {"h": 26.0}, "geometry": {"type": "Point", "coordinates": [693642.5, 5333291.5]}}, {"type": "Feature", "properties": {"h": 24.9}, "geometry": {"type": "Point", "coordinates": [693651.5, 5333286.5]}}, {"type": "Feature", "properties": {"h": 25.8}, "geometry": {"type": "Point", "coordinates": [693653.5, 5333286.5]}}, {"type": "Feature", "properties": {"h": 26.1}, "geometry": {"type": "Point", "coordinates": [693660.5, 5333286.5]}}, {"type": "Feature", "properties": {"h": 23.5}, "geometry": {"type": "Point", "coordinates": [693672.5, 5333286.5]}}, {"type": "Feature", "properties": {"h": 24.3}, "geometry": {"type": "Point", "coordinates": [693674.5, 5333286.5]}}, {"type": "Feature", "properties": {"h": 22.9}, "geometry": {"type": "Point", "coordinates": [693680.5, 5333286.5]}}, {"type": "Feature", "properties": {"h": 23.8}, "geometry": {"type": "Point", "coordinates": [692328.5, 5333283.5]}}, {"type": "Feature", "properties": {"h": 23.7}, "geometry": {"type": "Point", "coordinates": [692329.5, 5333281.5]}}, {"type": "Feature", "properties": {"h": 25.4}, "geometry": {"type": "Point", "coordinates": [692341.5, 5333279.5]}}, {"type": "Feature", "properties": {"h": 30.6}, "geometry": {"type": "Point", "coordinates": [692349.5, 5333279.5]}}, {"type": "Feature", "properties": {"h": 32.6}, "geometry": {"type": "Point", "coordinates": [692351.5, 5333280.5]}}, {"type": "Feature", "properties": {"h": 30.7}, "geometry": {"type": "Point", "coordinates": [692357.5, 5333285.5]}}, {"type": "Feature", "properties": {"h": 25.6}, "geometry": {"type": "Point", "coordinates": [692366.5, 5333285.5]}}, {"type": "Feature", "properties": {"h": 23.1}, "geometry": {"type": "Point", "coordinates": [692371.5, 5333285.5]}}, {"type": "Feature", "properties": {"h": 17.5}, "geometry": {"type": "Point", "coordinates": [692378.5, 5333285.5]}}, {"type": "Feature", "properties": {"h": 11.6}, "geometry": {"type": "Point", "coordinates": [692727.5, 5333285.5]}}, {"type": "Feature", "properties": {"h": 13.2}, "geometry": {"type": "Point", "coordinates": [692734.5, 5333284.5]}}, {"type": "Feature", "properties": {"h": 14.2}, "geometry": {"type": "Point", "coordinates": [692737.5, 5333285.5]}}, {"type": "Feature", "properties": {"h": 15.1}, "geometry": {"type": "Point", "coordinates": [692746.5, 5333279.5]}}, {"type": "Feature", "properties": {"h": 11.3}, "geometry": {"type": "Point", "coordinates": [692749.5, 5333280.5]}}, {"type": "Feature", "properties": {"h": 7.6}, "geometry": {"type": "Point", "coordinates": [692757.5, 5333285.5]}}, {"type": "Feature", "properties": {"h": 7.6}, "geometry": {"type": "Point", "coordinates": [692875.5, 5333285.5]}}, {"type": "Feature", "properties": {"h": 13.9}, "geometry": {"type": "Point", "coordinates": [692887.5, 5333285.5]}}, {"type": "Feature", "properties": {"h": 9.6}, "geometry": {"type": "Point", "coordinates": [692889.5, 5333285.5]}}, {"type": "Feature", "properties": {"h": 14.3}, "geometry": {"type": "Point", "coordinates": [692909.5, 5333284.5]}}, {"type": "Feature", "properties": {"h": 14.2}, "geometry": {"type": "Point", "coordinates": [692910.5, 5333284.5]}}, {"type": "Feature", "properties": {"h": 13.8}, "geometry": {"type": "Point", "coordinates": [692917.5, 5333284.5]}}, {"type": "Feature", "properties": {"h": 11.8}, "geometry": {"type": "Point", "coordinates": [692929.5, 5333284.5]}}, {"type": "Feature", "properties": {"h": 10.3}, "geometry": {"type": "Point", "coordinates": [692931.5, 5333284.5]}}, {"type": "Feature", "properties": {"h": 25.0}, "geometry": {"type": "Point", "coordinates": [693548.5, 5333285.5]}}, {"type": "Feature", "properties": {"h": 22.9}, "geometry": {"type": "Point", "coordinates": [693555.5, 5333285.5]}}, {"type": "Feature", "properties": {"h": 19.8}, "geometry": {"type": "Point", "coordinates": [693567.5, 5333284.5]}}, {"type": "Feature", "properties": {"h": 20.7}, "geometry": {"type": "Point", "coordinates": [693569.5, 5333284.5]}}, {"type": "Feature", "properties": {"h": 14.9}, "geometry": {"type": "Point", "coordinates": [693575.5, 5333284.5]}}, {"type": "Feature", "properties": {"h": 10.4}, "geometry": {"type": "Point", "coordinates": [693582.5, 5333285.5]}}, {"type": "Feature", "properties": {"h": 10.0}, "geometry": {"type": "Point", "coordinates": [693590.5, 5333284.5]}}, {"type": "Feature", "properties": {"h": 9.4}, "geometry": {"type": "Point", "coordinates": [693607.5, 5333285.5]}}, {"type": "Feature", "properties": {"h": 28.6}, "geometry": {"type": "Point", "coordinates": [693616.5, 5333279.5]}}, {"type": "Feature", "properties": {"h": 29.8}, "geometry": {"type": "Point", "coordinates": [693622.5, 5333279.5]}}, {"type": "Feature", "properties": {"h": 27.9}, "geometry": {"type": "Point", "coordinates": [693624.5, 5333279.5]}}, {"type": "Feature", "properties": {"h": 19.1}, "geometry": {"type": "Point", "coordinates": [693637.5, 5333280.5]}}, {"type": "Feature", "properties": {"h": 21.0}, "geometry": {"type": "Point", "coordinates": [693643.5, 5333283.5]}}, {"type": "Feature", "properties": {"h": 25.6}, "geometry": {"type": "Point", "coordinates": [693648.5, 5333282.5]}}, {"type": "Feature", "properties": {"h": 27.4}, "geometry": {"type": "Point", "coordinates": [693657.5, 5333283.5]}}, {"type": "Feature", "properties": {"h": 26.7}, "geometry": {"type": "Point", "coordinates": [693659.5, 5333284.5]}}, {"type": "Feature", "properties": {"h": 24.3}, "geometry": {"type": "Point", "coordinates": [693672.5, 5333282.5]}}, {"type": "Feature", "properties": {"h": 24.6}, "geometry": {"type": "Point", "coordinates": [693675.5, 5333285.5]}}, {"type": "Feature", "properties": {"h": 23.8}, "geometry": {"type": "Point", "coordinates": [693680.5, 5333283.5]}}, {"type": "Feature", "properties": {"h": 5.1}, "geometry": {"type": "Point", "coordinates": [692321.5, 5333276.5]}}, {"type": "Feature", "properties": {"h": 24.7}, "geometry": {"type": "Point", "coordinates": [692327.5, 5333272.5]}}, {"type": "Feature", "properties": {"h": 31.9}, "geometry": {"type": "Point", "coordinates": [692335.5, 5333272.5]}}, {"type": "Feature", "properties": {"h": 32.1}, "geometry": {"type": "Point", "coordinates": [692337.5, 5333272.5]}}, {"type": "Feature", "properties": {"h": 30.1}, "geometry": {"type": "Point", "coordinates": [692349.5, 5333278.5]}}, {"type": "Feature", "properties": {"h": 32.1}, "geometry": {"type": "Point", "coordinates": [692351.5, 5333278.5]}}, {"type": "Feature", "properties": {"h": 29.6}, "geometry": {"type": "Point", "coordinates": [692357.5, 5333278.5]}}, {"type": "Feature", "properties": {"h": 23.0}, "geometry": {"type": "Point", "coordinates": [692364.5, 5333275.5]}}, {"type": "Feature", "properties": {"h": 19.0}, "geometry": {"type": "Point", "coordinates": [692371.5, 5333278.5]}}, {"type": "Feature", "properties": {"h": 8.1}, "geometry": {"type": "Point", "coordinates": [692741.5, 5333278.5]}}, {"type": "Feature", "properties": {"h": 14.7}, "geometry": {"type": "Point", "coordinates": [692746.5, 5333278.5]}}, {"type": "Feature", "properties": {"h": 7.8}, "geometry": {"type": "Point", "coordinates": [692755.5, 5333278.5]}}, {"type": "Feature", "properties": {"h": 7.7}, "geometry": {"type": "Point", "coordinates": [692756.5, 5333278.5]}}, {"type": "Feature", "properties": {"h": 9.8}, "geometry": {"type": "Point", "coordinates": [693581.5, 5333278.5]}}, {"type": "Feature", "properties": {"h": 12.5}, "geometry": {"type": "Point", "coordinates": [693584.5, 5333272.5]}}, {"type": "Feature", "properties": {"h": 7.6}, "geometry": {"type": "Point", "coordinates": [693589.5, 5333272.5]}}, {"type": "Feature", "properties": {"h": 29.1}, "geometry": {"type": "Point", "coordinates": [693609.5, 5333272.5]}}, {"type": "Feature", "properties": {"h": 31.0}, "geometry": {"type": "Point", "coordinates": [693612.5, 5333272.5]}}, {"type": "Feature", "properties": {"h": 29.9}, "geometry": {"type": "Point", "coordinates": [693617.5, 5333277.5]}}, {"type": "Feature", "properties": {"h": 29.5}, "geometry": {"type": "Point", "coordinates": [693624.5, 5333277.5]}}, {"type": "Feature", "properties": {"h": 23.9}, "geometry": {"type": "Point", "coordinates": [693633.5, 5333272.5]}}, {"type": "Feature", "properties": {"h": 21.1}, "geometry": {"type": "Point", "coordinates": [693643.5, 5333274.5]}}, {"type": "Feature", "properties": {"h": 25.5}, "geometry": {"type": "Point", "coordinates": [693651.5, 5333277.5]}}, {"type": "Feature", "properties": {"h": 27.1}, "geometry": {"type": "Point", "coordinates": [693657.5, 5333278.5]}}, {"type": "Feature", "properties": {"h": 26.0}, "geometry": {"type": "Point", "coordinates": [693659.5, 5333278.5]}}, {"type": "Feature", "properties": {"h": 25.3}, "geometry": {"type": "Point", "coordinates": [693667.5, 5333272.5]}}, {"type": "Feature", "properties": {"h": 23.8}, "geometry": {"type": "Point", "coordinates": [693673.5, 5333278.5]}}, {"type": "Feature", "properties": {"h": 20.3}, "geometry": {"type": "Point", "coordinates": [693680.5, 5333278.5]}}, {"type": "Feature", "properties": {"h": 18.9}, "geometry": {"type": "Point", "coordinates": [693692.5, 5333272.5]}}, {"type": "Feature", "properties": {"h": 16.6}, "geometry": {"type": "Point", "coordinates": [693694.5, 5333272.5]}}, {"type": "Feature", "properties": {"h": 31.3}, "geometry": {"type": "Point", "coordinates": [692328.5, 5333267.5]}}, {"type": "Feature", "properties": {"h": 33.8}, "geometry": {"type": "Point", "coordinates": [692335.5, 5333266.5]}}, {"type": "Feature", "properties": {"h": 33.9}, "geometry": {"type": "Point", "coordinates": [692337.5, 5333268.5]}}, {"type": "Feature", "properties": {"h": 30.5}, "geometry": {"type": "Point", "coordinates": [692343.5, 5333269.5]}}, {"type": "Feature", "properties": {"h": 29.2}, "geometry": {"type": "Point", "coordinates": [692351.5, 5333271.5]}}, {"type": "Feature", "properties": {"h": 25.6}, "geometry": {"type": "Point", "coordinates": [692357.5, 5333271.5]}}, {"type": "Feature", "properties": {"h": 21.6}, "geometry": {"type": "Point", "coordinates": [692364.5, 5333271.5]}}, {"type": "Feature", "properties": {"h": 15.6}, "geometry": {"type": "Point", "coordinates": [692371.5, 5333271.5]}}, {"type": "Feature", "properties": {"h": 14.7}, "geometry": {"type": "Point", "coordinates": [692972.5, 5333265.5]}}, {"type": "Feature", "properties": {"h": 15.6}, "geometry": {"type": "Point", "coordinates": [692974.5, 5333265.5]}}, {"type": "Feature", "properties": {"h": 6.5}, "geometry": {"type": "Point", "coordinates": [692986.5, 5333265.5]}}, {"type": "Feature", "properties": {"h": 13.4}, "geometry": {"type": "Point", "coordinates": [692993.5, 5333265.5]}}, {"type": "Feature", "properties": {"h": 15.8}, "geometry": {"type": "Point", "coordinates": [693000.5, 5333265.5]}}, {"type": "Feature", "properties": {"h": 18.1}, "geometry": {"type": "Point", "coordinates": [693004.5, 5333265.5]}}, {"type": "Feature", "properties": {"h": 16.0}, "geometry": {"type": "Point", "coordinates": [693008.5, 5333265.5]}}, {"type": "Feature", "properties": {"h": 12.8}, "geometry": {"type": "Point", "coordinates": [693028.5, 5333267.5]}}, {"type": "Feature", "properties": {"h": 14.4}, "geometry": {"type": "Point", "coordinates": [693035.5, 5333265.5]}}, {"type": "Feature", "properties": {"h": 16.3}, "geometry": {"type": "Point", "coordinates": [693037.5, 5333265.5]}}, {"type": "Feature", "properties": {"h": 9.4}, "geometry": {"type": "Point", "coordinates": [693063.5, 5333265.5]}}, {"type": "Feature", "properties": {"h": 10.1}, "geometry": {"type": "Point", "coordinates": [693066.5, 5333265.5]}}, {"type": "Feature", "properties": {"h": 9.3}, "geometry": {"type": "Point", "coordinates": [693581.5, 5333271.5]}}, {"type": "Feature", "properties": {"h": 12.1}, "geometry": {"type": "Point", "coordinates": [693584.5, 5333271.5]}}, {"type": "Feature", "properties": {"h": 6.4}, "geometry": {"type": "Point", "coordinates": [693589.5, 5333271.5]}}, {"type": "Feature", "properties": {"h": 29.2}, "geometry": {"type": "Point", "coordinates": [693609.5, 5333271.5]}}, {"type": "Feature", "properties": {"h": 30.9}, "geometry": {"type": "Point", "coordinates": [693612.5, 5333271.5]}}, {"type": "Feature", "properties": {"h": 29.6}, "geometry": {"type": "Point", "coordinates": [693620.5, 5333270.5]}}, {"type": "Feature", "properties": {"h": 30.6}, "geometry": {"type": "Point", "coordinates": [693626.5, 5333266.5]}}, {"type": "Feature", "properties": {"h": 30.0}, "geometry": {"type": "Point", "coordinates": [693631.5, 5333266.5]}}, {"type": "Feature", "properties": {"h": 20.3}, "geometry": {"type": "Point", "coordinates": [693644.5, 5333271.5]}}, {"type": "Feature", "properties": {"h": 22.1}, "geometry": {"type": "Point", "coordinates": [693651.5, 5333271.5]}}, {"type": "Feature", "properties": {"h": 24.2}, "geometry": {"type": "Point", "coordinates": [693655.5, 5333265.5]}}, {"type": "Feature", "properties": {"h": 25.2}, "geometry": {"type": "Point", "coordinates": [693665.5, 5333270.5]}}, {"type": "Feature", "properties": {"h": 25.3}, "geometry": {"type": "Point", "coordinates": [693666.5, 5333269.5]}}, {"type": "Feature", "properties": {"h": 20.1}, "geometry": {"type": "Point", "coordinates": [693675.5, 5333271.5]}}, {"type": "Feature", "properties": {"h": 16.7}, "geometry": {"type": "Point", "coordinates": [693685.5, 5333265.5]}}, {"type": "Feature", "properties": {"h": 25.7}, "geometry": {"type": "Point", "coordinates": [693692.5, 5333265.5]}}, {"type": "Feature", "properties": {"h": 25.4}, "geometry": {"type": "Point", "coordinates": [693697.5, 5333265.5]}}, {"type": "Feature", "properties": {"h": 12.3}, "geometry": {"type": "Point", "coordinates": [693703.5, 5333265.5]}}, {"type": "Feature", "properties": {"h": 31.2}, "geometry": {"type": "Point", "coordinates": [692328.5, 5333263.5]}}, {"type": "Feature", "properties": {"h": 32.8}, "geometry": {"type": "Point", "coordinates": [692335.5, 5333264.5]}}, {"type": "Feature", "properties": {"h": 32.7}, "geometry": {"type": "Point", "coordinates": [692337.5, 5333264.5]}}, {"type": "Feature", "properties": {"h": 29.3}, "geometry": {"type": "Point", "coordinates": [692343.5, 5333264.5]}}, {"type": "Feature", "properties": {"h": 22.6}, "geometry": {"type": "Point", "coordinates": [692352.5, 5333264.5]}}, {"type": "Feature", "properties": {"h": 19.8}, "geometry": {"type": "Point", "coordinates": [692357.5, 5333264.5]}}, {"type": "Feature", "properties": {"h": 14.9}, "geometry": {"type": "Point", "coordinates": [692364.5, 5333264.5]}}, {"type": "Feature", "properties": {"h": 7.9}, "geometry": {"type": "Point", "coordinates": [692965.5, 5333262.5]}}, {"type": "Feature", "properties": {"h": 16.0}, "geometry": {"type": "Point", "coordinates": [692972.5, 5333258.5]}}, {"type": "Feature", "properties": {"h": 16.5}, "geometry": {"type": "Point", "coordinates": [692974.5, 5333258.5]}}, {"type": "Feature", "properties": {"h": 16.2}, "geometry": {"type": "Point", "coordinates": [692986.5, 5333258.5]}}, {"type": "Feature", "properties": {"h": 21.9}, "geometry": {"type": "Point", "coordinates": [692992.5, 5333258.5]}}, {"type": "Feature", "properties": {"h": 21.6}, "geometry": {"type": "Point", "coordinates": [692994.5, 5333258.5]}}, {"type": "Feature", "properties": {"h": 18.0}, "geometry": {"type": "Point", "coordinates": [693005.5, 5333262.5]}}, {"type": "Feature", "properties": {"h": 16.5}, "geometry": {"type": "Point", "coordinates": [693008.5, 5333263.5]}}, {"type": "Feature", "properties": {"h": 13.4}, "geometry": {"type": "Point", "coordinates": [693018.5, 5333258.5]}}, {"type": "Feature", "properties": {"h": 13.5}, "geometry": {"type": "Point", "coordinates": [693026.5, 5333258.5]}}, {"type": "Feature", "properties": {"h": 14.6}, "geometry": {"type": "Point", "coordinates": [693035.5, 5333264.5]}}, {"type": "Feature", "properties": {"h": 16.3}, "geometry": {"type": "Point", "coordinates": [693038.5, 5333264.5]}}, {"type": "Feature", "properties": {"h": 15.3}, "geometry": {"type": "Point", "coordinates": [693043.5, 5333259.5]}}, {"type": "Feature", "properties": {"h": 12.1}, "geometry": {"type": "Point", "coordinates": [693050.5, 5333258.5]}}, {"type": "Feature", "properties": {"h": 10.3}, "geometry": {"type": "Point", "coordinates": [693063.5, 5333263.5]}}, {"type": "Feature", "properties": {"h": 10.5}, "geometry": {"type": "Point", "coordinates": [693064.5, 5333263.5]}}, {"type": "Feature", "properties": {"h": 4.8}, "geometry": {"type": "Point", "coordinates": [693071.5, 5333262.5]}}, {"type": "Feature", "properties": {"h": 16.5}, "geometry": {"type": "Point", "coordinates": [693581.5, 5333258.5]}}, {"type": "Feature", "properties": {"h": 19.7}, "geometry": {"type": "Point", "coordinates": [693585.5, 5333258.5]}}, {"type": "Feature", "properties": {"h": 16.9}, "geometry": {"type": "Point", "coordinates": [693589.5, 5333258.5]}}, {"type": "Feature", "properties": {"h": 12.7}, "geometry": {"type": "Point", "coordinates": [693598.5, 5333258.5]}}, {"type": "Feature", "properties": {"h": 27.9}, "geometry": {"type": "Point", "coordinates": [693608.5, 5333264.5]}}, {"type": "Feature", "properties": {"h": 29.2}, "geometry": {"type": "Point", "coordinates": [693615.5, 5333263.5]}}, {"type": "Feature", "properties": {"h": 28.2}, "geometry": {"type": "Point", "coordinates": [693617.5, 5333264.5]}}, {"type": "Feature", "properties": {"h": 30.5}, "geometry": {"type": "Point", "coordinates": [693629.5, 5333264.5]}}, {"type": "Feature", "properties": {"h": 29.9}, "geometry": {"type": "Point", "coordinates": [693631.5, 5333264.5]}}, {"type": "Feature", "properties": {"h": 17.6}, "geometry": {"type": "Point", "coordinates": [693644.5, 5333264.5]}}, {"type": "Feature", "properties": {"h": 18.4}, "geometry": {"type": "Point", "coordinates": [693646.5, 5333264.5]}}, {"type": "Feature", "properties": {"h": 25.1}, "geometry": {"type": "Point", "coordinates": [693655.5, 5333264.5]}}, {"type": "Feature", "properties": {"h": 20.7}, "geometry": {"type": "Point", "coordinates": [693664.5, 5333264.5]}}, {"type": "Feature", "properties": {"h": 19.5}, "geometry": {"type": "Point", "coordinates": [693668.5, 5333264.5]}}, {"type": "Feature", "properties": {"h": 18.3}, "geometry": {"type": "Point", "coordinates": [693673.5, 5333264.5]}}, {"type": "Feature", "properties": {"h": 17.0}, "geometry": {"type": "Point", "coordinates": [693686.5, 5333261.5]}}, {"type": "Feature", "properties": {"h": 26.2}, "geometry": {"type": "Point", "coordinates": [693693.5, 5333262.5]}}, {"type": "Feature", "properties": {"h": 26.3}, "geometry": {"type": "Point", "coordinates": [693694.5, 5333262.5]}}, {"type": "Feature", "properties": {"h": 21.9}, "geometry": {"type": "Point", "coordinates": [693703.5, 5333261.5]}}, {"type": "Feature", "properties": {"h": 16.8}, "geometry": {"type": "Point", "coordinates": [693708.5, 5333259.5]}}, {"type": "Feature", "properties": {"h": 28.0}, "geometry": {"type": "Point", "coordinates": [692307.5, 5333251.5]}}, {"type": "Feature", "properties": {"h": 27.8}, "geometry": {"type": "Point", "coordinates": [692308.5, 5333251.5]}}, {"type": "Feature", "properties": {"h": 25.6}, "geometry": {"type": "Point", "coordinates": [692321.5, 5333252.5]}}, {"type": "Feature", "properties": {"h": 30.1}, "geometry": {"type": "Point", "coordinates": [692328.5, 5333251.5]}}, {"type": "Feature", "properties": {"h": 30.3}, "geometry": {"type": "Point", "coordinates": [692329.5, 5333251.5]}}, {"type": "Feature", "properties": {"h": 27.8}, "geometry": {"type": "Point", "coordinates": [692337.5, 5333257.5]}}, {"type": "Feature", "properties": {"h": 24.0}, "geometry": {"type": "Point", "coordinates": [692347.5, 5333255.5]}}, {"type": "Feature", "properties": {"h": 23.4}, "geometry": {"type": "Point", "coordinates": [692350.5, 5333254.5]}}, {"type": "Feature", "properties": {"h": 18.1}, "geometry": {"type": "Point", "coordinates": [692361.5, 5333254.5]}}, {"type": "Feature", "properties": {"h": 3.8}, "geometry": {"type": "Point", "coordinates": [692965.5, 5333255.5]}}, {"type": "Feature", "properties": {"h": 16.1}, "geometry": {"type": "Point", "coordinates": [692972.5, 5333257.5]}}, {"type": "Feature", "properties": {"h": 16.8}, "geometry": {"type": "Point", "coordinates": [692974.5, 5333256.5]}}, {"type": "Feature", "properties": {"h": 17.0}, "geometry": {"type": "Point", "coordinates": [692986.5, 5333255.5]}}, {"type": "Feature", "properties": {"h": 22.6}, "geometry": {"type": "Point", "coordinates": [692992.5, 5333256.5]}}, {"type": "Feature", "properties": {"h": 22.1}, "geometry": {"type": "Point", "coordinates": [692994.5, 5333256.5]}}, {"type": "Feature", "properties": {"h": 13.4}, "geometry": {"type": "Point", "coordinates": [693005.5, 5333255.5]}}, {"type": "Feature", "properties": {"h": 13.9}, "geometry": {"type": "Point", "coordinates": [693012.5, 5333256.5]}}, {"type": "Feature", "properties": {"h": 13.6}, "geometry": {"type": "Point", "coordinates": [693018.5, 5333257.5]}}, {"type": "Feature", "properties": {"h": 14.6}, "geometry": {"type": "Point", "coordinates": [693028.5, 5333252.5]}}, {"type": "Feature", "properties": {"h": 14.2}, "geometry": {"type": "Point", "coordinates": [693029.5, 5333252.5]}}, {"type": "Feature", "properties": {"h": 16.0}, "geometry": {"type": "Point", "coordinates": [693042.5, 5333251.5]}}, {"type": "Feature", "properties": {"h": 15.8}, "geometry": {"type": "Point", "coordinates": [693043.5, 5333251.5]}}, {"type": "Feature", "properties": {"h": 14.0}, "geometry": {"type": "Point", "coordinates": [693050.5, 5333252.5]}}, {"type": "Feature", "properties": {"h": 3.8}, "geometry": {"type": "Point", "coordinates": [693065.5, 5333257.5]}}, {"type": "Feature", "properties": {"h": 15.9}, "geometry": {"type": "Point", "coordinates": [693098.5, 5333251.5]}}, {"type": "Feature", "properties": {"h": 17.6}, "geometry": {"type": "Point", "coordinates": [693102.5, 5333251.5]}}, {"type": "Feature", "properties": {"h": 3.9}, "geometry": {"type": "Point", "coordinates": [693106.5, 5333251.5]}}, {"type": "Feature", "properties": {"h": 17.5}, "geometry": {"type": "Point", "coordinates": [693581.5, 5333256.5]}}, {"type": "Feature", "properties": {"h": 19.8}, "geometry": {"type": "Point", "coordinates": [693585.5, 5333257.5]}}, {"type": "Feature", "properties": {"h": 21.6}, "geometry": {"type": "Point", "coordinates": [693595.5, 5333252.5]}}, {"type": "Feature", "properties": {"h": 21.3}, "geometry": {"type": "Point", "coordinates": [693596.5, 5333252.5]}}, {"type": "Feature", "properties": {"h": 15.4}, "geometry": {"type": "Point", "coordinates": [693603.5, 5333252.5]}}, {"type": "Feature", "properties": {"h": 17.3}, "geometry": {"type": "Point", "coordinates": [693615.5, 5333251.5]}}, {"type": "Feature", "properties": {"h": 17.3}, "geometry": {"type": "Point", "coordinates": [693618.5, 5333255.5]}}, {"type": "Feature", "properties": {"h": 14.5}, "geometry": {"type": "Point", "coordinates": [693624.5, 5333255.5]}}, {"type": "Feature", "properties": {"h": 17.0}, "geometry": {"type": "Point", "coordinates": [693637.5, 5333254.5]}}, {"type": "Feature", "properties": {"h": 19.1}, "geometry": {"type": "Point", "coordinates": [693641.5, 5333254.5]}}, {"type": "Feature", "properties": {"h": 16.9}, "geometry": {"type": "Point", "coordinates": [693650.5, 5333251.5]}}, {"type": "Feature", "properties": {"h": 16.1}, "geometry": {"type": "Point", "coordinates": [693653.5, 5333257.5]}}, {"type": "Feature", "properties": {"h": 15.1}, "geometry": {"type": "Point", "coordinates": [693665.5, 5333257.5]}}, {"type": "Feature", "properties": {"h": 15.8}, "geometry": {"type": "Point", "coordinates": [693667.5, 5333257.5]}}, {"type": "Feature", "properties": {"h": 12.9}, "geometry": {"type": "Point", "coordinates": [693686.5, 5333257.5]}}, {"type": "Feature", "properties": {"h": 18.1}, "geometry": {"type": "Point", "coordinates": [693693.5, 5333256.5]}}, {"type": "Feature", "properties": {"h": 20.3}, "geometry": {"type": "Point", "coordinates": [693699.5, 5333257.5]}}, {"type": "Feature", "properties": {"h": 22.5}, "geometry": {"type": "Point", "coordinates": [693702.5, 5333257.5]}}, {"type": "Feature", "properties": {"h": 16.9}, "geometry": {"type": "Point", "coordinates": [693714.5, 5333251.5]}}, {"type": "Feature", "properties": {"h": 16.9}, "geometry": {"type": "Point", "coordinates": [693720.5, 5333251.5]}}, {"type": "Feature", "properties": {"h": 8.3}, "geometry": {"type": "Point", "coordinates": [692293.5, 5333244.5]}}, {"type": "Feature", "properties": {"h": 28.2}, "geometry": {"type": "Point", "coordinates": [692300.5, 5333245.5]}}, {"type": "Feature", "properties": {"h": 28.4}, "geometry": {"type": "Point", "coordinates": [692307.5, 5333250.5]}}, {"type": "Feature", "properties": {"h": 28.5}, "geometry": {"type": "Point", "coordinates": [692308.5, 5333249.5]}}, {"type": "Feature", "properties": {"h": 26.9}, "geometry": {"type": "Point", "coordinates": [692315.5, 5333244.5]}}, {"type": "Feature", "properties": {"h": 30.9}, "geometry": {"type": "Point", "coordinates": [692328.5, 5333248.5]}}, {"type": "Feature", "properties": {"h": 30.9}, "geometry": {"type": "Point", "coordinates": [692329.5, 5333248.5]}}, {"type": "Feature", "properties": {"h": 26.8}, "geometry": {"type": "Point", "coordinates": [692336.5, 5333250.5]}}, {"type": "Feature", "properties": {"h": 22.0}, "geometry": {"type": "Point", "coordinates": [692347.5, 5333250.5]}}, {"type": "Feature", "properties": {"h": 22.2}, "geometry": {"type": "Point", "coordinates": [692350.5, 5333250.5]}}, {"type": "Feature", "properties": {"h": 16.8}, "geometry": {"type": "Point", "coordinates": [692357.5, 5333250.5]}}, {"type": "Feature", "properties": {"h": 8.6}, "geometry": {"type": "Point", "coordinates": [692972.5, 5333250.5]}}, {"type": "Feature", "properties": {"h": 10.5}, "geometry": {"type": "Point", "coordinates": [692973.5, 5333250.5]}}, {"type": "Feature", "properties": {"h": 17.4}, "geometry": {"type": "Point", "coordinates": [692986.5, 5333247.5]}}, {"type": "Feature", "properties": {"h": 17.8}, "geometry": {"type": "Point", "coordinates": [692993.5, 5333250.5]}}, {"type": "Feature", "properties": {"h": 18.9}, "geometry": {"type": "Point", "coordinates": [692994.5, 5333250.5]}}, {"type": "Feature", "properties": {"h": 15.1}, "geometry": {"type": "Point", "coordinates": [693001.5, 5333244.5]}}, {"type": "Feature", "properties": {"h": 13.8}, "geometry": {"type": "Point", "coordinates": [693014.5, 5333246.5]}}, {"type": "Feature", "properties": {"h": 13.9}, "geometry": {"type": "Point", "coordinates": [693015.5, 5333246.5]}}, {"type": "Feature", "properties": {"h": 13.6}, "geometry": {"type": "Point", "coordinates": [693027.5, 5333250.5]}}, {"type": "Feature", "properties": {"h": 14.0}, "geometry": {"type": "Point", "coordinates": [693035.5, 5333249.5]}}, {"type": "Feature", "properties": {"h": 15.7}, "geometry": {"type": "Point", "coordinates": [693042.5, 5333250.5]}}, {"type": "Feature", "properties": {"h": 15.5}, "geometry": {"type": "Point", "coordinates": [693043.5, 5333250.5]}}, {"type": "Feature", "properties": {"h": 13.3}, "geometry": {"type": "Point", "coordinates": [693050.5, 5333250.5]}}, {"type": "Feature", "properties": {"h": 5.3}, "geometry": {"type": "Point", "coordinates": [693075.5, 5333244.5]}}, {"type": "Feature", "properties": {"h": 15.2}, "geometry": {"type": "Point", "coordinates": [693081.5, 5333244.5]}}, {"type": "Feature", "properties": {"h": 14.6}, "geometry": {"type": "Point", "coordinates": [693085.5, 5333244.5]}}, {"type": "Feature", "properties": {"h": 16.5}, "geometry": {"type": "Point", "coordinates": [693098.5, 5333250.5]}}, {"type": "Feature", "properties": {"h": 19.4}, "geometry": {"type": "Point", "coordinates": [693101.5, 5333247.5]}}, {"type": "Feature", "properties": {"h": 15.2}, "geometry": {"type": "Point", "coordinates": [693106.5, 5333244.5]}}, {"type": "Feature", "properties": {"h": 9.1}, "geometry": {"type": "Point", "coordinates": [693574.5, 5333249.5]}}, {"type": "Feature", "properties": {"h": 11.4}, "geometry": {"type": "Point", "coordinates": [693581.5, 5333244.5]}}, {"type": "Feature", "properties": {"h": 18.9}, "geometry": {"type": "Point", "coordinates": [693588.5, 5333250.5]}}, {"type": "Feature", "properties": {"h": 21.2}, "geometry": {"type": "Point", "coordinates": [693594.5, 5333250.5]}}, {"type": "Feature", "properties": {"h": 20.4}, "geometry": {"type": "Point", "coordinates": [693596.5, 5333250.5]}}, {"type": "Feature", "properties": {"h": 16.6}, "geometry": {"type": "Point", "coordinates": [693603.5, 5333244.5]}}, {"type": "Feature", "properties": {"h": 19.4}, "geometry": {"type": "Point", "coordinates": [693613.5, 5333244.5]}}, {"type": "Feature", "properties": {"h": 19.0}, "geometry": {"type": "Point", "coordinates": [693617.5, 5333246.5]}}, {"type": "Feature", "properties": {"h": 18.4}, "geometry": {"type": "Point", "coordinates": [693624.5, 5333244.5]}}, {"type": "Feature", "properties": {"h": 15.5}, "geometry": {"type": "Point", "coordinates": [693634.5, 5333244.5]}}, {"type": "Feature", "properties": {"h": 17.8}, "geometry": {"type": "Point", "coordinates": [693643.5, 5333244.5]}}, {"type": "Feature", "properties": {"h": 17.6}, "geometry": {"type": "Point", "coordinates": [693650.5, 5333249.5]}}, {"type": "Feature", "properties": {"h": 17.4}, "geometry": {"type": "Point", "coordinates": [693654.5, 5333246.5]}}, {"type": "Feature", "properties": {"h": 10.4}, "geometry": {"type": "Point", "coordinates": [693659.5, 5333246.5]}}, {"type": "Feature", "properties": {"h": 12.0}, "geometry": {"type": "Point", "coordinates": [693693.5, 5333250.5]}}, {"type": "Feature", "properties": {"h": 18.5}, "geometry": {"type": "Point", "coordinates": [693700.5, 5333250.5]}}, {"type": "Feature", "properties": {"h": 18.5}, "geometry": {"type": "Point", "coordinates": [693701.5, 5333250.5]}}, {"type": "Feature", "properties": {"h": 20.2}, "geometry": {"type": "Point", "coordinates": [693714.5, 5333244.5]}}, {"type": "Feature", "properties": {"h": 23.2}, "geometry": {"type": "Point", "coordinates": [693721.5, 5333244.5]}}, {"type": "Feature", "properties": {"h": 23.7}, "geometry": {"type": "Point", "coordinates": [693723.5, 5333244.5]}}, {"type": "Feature", "properties": {"h": 21.4}, "geometry": {"type": "Point", "coordinates": [693729.5, 5333244.5]}}, {"type": "Feature", "properties": {"h": 13.3}, "geometry": {"type": "Point", "coordinates": [692286.5, 5333237.5]}}, {"type": "Feature", "properties": {"h": 21.0}, "geometry": {"type": "Point", "coordinates": [692292.5, 5333237.5]}}, {"type": "Feature", "properties": {"h": 27.5}, "geometry": {"type": "Point", "coordinates": [692298.5, 5333243.5]}}, {"type": "Feature", "properties": {"h": 27.0}, "geometry": {"type": "Point", "coordinates": [692307.5, 5333242.5]}}, {"type": "Feature", "properties": {"h": 28.7}, "geometry": {"type": "Point", "coordinates": [692313.5, 5333237.5]}}, {"type": "Feature", "properties": {"h": 27.8}, "geometry": {"type": "Point", "coordinates": [692315.5, 5333237.5]}}, {"type": "Feature", "properties": {"h": 28.7}, "geometry": {"type": "Point", "coordinates": [692327.5, 5333243.5]}}, {"type": "Feature", "properties": {"h": 28.9}, "geometry": {"type": "Point", "coordinates": [692329.5, 5333243.5]}}, {"type": "Feature", "properties": {"h": 22.4}, "geometry": {"type": "Point", "coordinates": [692336.5, 5333241.5]}}, {"type": "Feature", "properties": {"h": 15.9}, "geometry": {"type": "Point", "coordinates": [692343.5, 5333243.5]}}, {"type": "Feature", "properties": {"h": 14.9}, "geometry": {"type": "Point", "coordinates": [692353.5, 5333243.5]}}, {"type": "Feature", "properties": {"h": 4.6}, "geometry": {"type": "Point", "coordinates": [692969.5, 5333242.5]}}, {"type": "Feature", "properties": {"h": 13.8}, "geometry": {"type": "Point", "coordinates": [692978.5, 5333237.5]}}, {"type": "Feature", "properties": {"h": 14.4}, "geometry": {"type": "Point", "coordinates": [692986.5, 5333243.5]}}, {"type": "Feature", "properties": {"h": 14.7}, "geometry": {"type": "Point", "coordinates": [692988.5, 5333241.5]}}, {"type": "Feature", "properties": {"h": 16.1}, "geometry": {"type": "Point", "coordinates": [692997.5, 5333243.5]}}, {"type": "Feature", "properties": {"h": 15.2}, "geometry": {"type": "Point", "coordinates": [693001.5, 5333243.5]}}, {"type": "Feature", "properties": {"h": 11.2}, "geometry": {"type": "Point", "coordinates": [693012.5, 5333238.5]}}, {"type": "Feature", "properties": {"h": 12.5}, "geometry": {"type": "Point", "coordinates": [693018.5, 5333240.5]}}, {"type": "Feature", "properties": {"h": 10.0}, "geometry": {"type": "Point", "coordinates": [693023.5, 5333243.5]}}, {"type": "Feature", "properties": {"h": 8.5}, "geometry": {"type": "Point", "coordinates": [693030.5, 5333243.5]}}, {"type": "Feature", "properties": {"h": 14.5}, "geometry": {"type": "Point", "coordinates": [693063.5, 5333237.5]}}, {"type": "Feature", "properties": {"h": 17.5}, "geometry": {"type": "Point", "coordinates": [693070.5, 5333237.5]}}, {"type": "Feature", "properties": {"h": 18.1}, "geometry": {"type": "Point", "coordinates": [693072.5, 5333237.5]}}, {"type": "Feature", "properties": {"h": 15.6}, "geometry": {"type": "Point", "coordinates": [693079.5, 5333238.5]}}, {"type": "Feature", "properties": {"h": 15.0}, "geometry": {"type": "Point", "coordinates": [693091.5, 5333242.5]}}, {"type": "Feature", "properties": {"h": 14.8}, "geometry": {"type": "Point", "coordinates": [693092.5, 5333241.5]}}, {"type": "Feature", "properties": {"h": 18.1}, "geometry": {"type": "Point", "coordinates": [693101.5, 5333243.5]}}, {"type": "Feature", "properties": {"h": 13.4}, "geometry": {"type": "Point", "coordinates": [693106.5, 5333243.5]}}, {"type": "Feature", "properties": {"h": 19.6}, "geometry": {"type": "Point", "coordinates": [693551.5, 5333237.5]}}, {"type": "Feature", "properties": {"h": 20.3}, "geometry": {"type": "Point", "coordinates": [693559.5, 5333237.5]}}, {"type": "Feature", "properties": {"h": 19.9}, "geometry": {"type": "Point", "coordinates": [693564.5, 5333242.5]}}, {"type": "Feature", "properties": {"h": 19.8}, "geometry": {"type": "Point", "coordinates": [693574.5, 5333237.5]}}, {"type": "Feature", "properties": {"h": 20.4}, "geometry": {"type": "Point", "coordinates": [693577.5, 5333237.5]}}, {"type": "Feature", "properties": {"h": 19.0}, "geometry": {"type": "Point", "coordinates": [693587.5, 5333242.5]}}, {"type": "Feature", "properties": {"h": 19.2}, "geometry": {"type": "Point", "coordinates": [693595.5, 5333243.5]}}, {"type": "Feature", "properties": {"h": 19.2}, "geometry": {"type": "Point", "coordinates": [693599.5, 5333243.5]}}, {"type": "Feature", "properties": {"h": 16.9}, "geometry": {"type": "Point", "coordinates": [693604.5, 5333238.5]}}, {"type": "Feature", "properties": {"h": 19.5}, "geometry": {"type": "Point", "coordinates": [693613.5, 5333243.5]}}, {"type": "Feature", "properties": {"h": 18.7}, "geometry": {"type": "Point", "coordinates": [693620.5, 5333243.5]}}, {"type": "Feature", "properties": {"h": 19.1}, "geometry": {"type": "Point", "coordinates": [693626.5, 5333240.5]}}, {"type": "Feature", "properties": {"h": 17.6}, "geometry": {"type": "Point", "coordinates": [693637.5, 5333238.5]}}, {"type": "Feature", "properties": {"h": 18.3}, "geometry": {"type": "Point", "coordinates": [693639.5, 5333238.5]}}, {"type": "Feature", "properties": {"h": 18.3}, "geometry": {"type": "Point", "coordinates": [693645.5, 5333241.5]}}, {"type": "Feature", "properties": {"h": 15.3}, "geometry": {"type": "Point", "coordinates": [693653.5, 5333243.5]}}, {"type": "Feature", "properties": {"h": 5.2}, "geometry": {"type": "Point", "coordinates": [693659.5, 5333243.5]}}, {"type": "Feature", "properties": {"h": 4.5}, "geometry": {"type": "Point", "coordinates": [693693.5, 5333237.5]}}, {"type": "Feature", "properties": {"h": 10.8}, "geometry": {"type": "Point", "coordinates": [693700.5, 5333243.5]}}, {"type": "Feature", "properties": {"h": 13.4}, "geometry": {"type": "Point", "coordinates": [693707.5, 5333242.5]}}, {"type": "Feature", "properties": {"h": 25.0}, "geometry": {"type": "Point", "coordinates": [693714.5, 5333237.5]}}, {"type": "Feature", "properties": {"h": 25.2}, "geometry": {"type": "Point", "coordinates": [693715.5, 5333237.5]}}, {"type": "Feature", "properties": {"h": 24.2}, "geometry": {"type": "Point", "coordinates": [693722.5, 5333241.5]}}, {"type": "Feature", "properties": {"h": 22.9}, "geometry": {"type": "Point", "coordinates": [693729.5, 5333239.5]}}, {"type": "Feature", "properties": {"h": 18.8}, "geometry": {"type": "Point", "coordinates": [693736.5, 5333237.5]}}, {"type": "Feature", "properties": {"h": 13.4}, "geometry": {"type": "Point", "coordinates": [692279.5, 5333231.5]}}, {"type": "Feature", "properties": {"h": 19.1}, "geometry": {"type": "Point", "coordinates": [692286.5, 5333233.5]}}, {"type": "Feature", "properties": {"h": 24.5}, "geometry": {"type": "Point", "coordinates": [692293.5, 5333230.5]}}, {"type": "Feature", "properties": {"h": 24.2}, "geometry": {"type": "Point", "coordinates": [692294.5, 5333230.5]}}, {"type": "Feature", "properties": {"h": 25.0}, "geometry": {"type": "Point", "coordinates": [692307.5, 5333236.5]}}, {"type": "Feature", "properties": {"h": 29.1}, "geometry": {"type": "Point", "coordinates": [692311.5, 5333233.5]}}, {"type": "Feature", "properties": {"h": 28.3}, "geometry": {"type": "Point", "coordinates": [692315.5, 5333234.5]}}, {"type": "Feature", "properties": {"h": 25.0}, "geometry": {"type": "Point", "coordinates": [692322.5, 5333236.5]}}, {"type": "Feature", "properties": {"h": 24.0}, "geometry": {"type": "Point", "coordinates": [692329.5, 5333236.5]}}, {"type": "Feature", "properties": {"h": 19.4}, "geometry": {"type": "Point", "coordinates": [692336.5, 5333236.5]}}, {"type": "Feature", "properties": {"h": 12.3}, "geometry": {"type": "Point", "coordinates": [692344.5, 5333236.5]}}, {"type": "Feature", "properties": {"h": 3.4}, "geometry": {"type": "Point", "coordinates": [692350.5, 5333236.5]}}, {"type": "Feature", "properties": {"h": 3.7}, "geometry": {"type": "Point", "coordinates": [692972.5, 5333236.5]}}, {"type": "Feature", "properties": {"h": 13.9}, "geometry": {"type": "Point", "coordinates": [692978.5, 5333236.5]}}, {"type": "Feature", "properties": {"h": 13.0}, "geometry": {"type": "Point", "coordinates": [692980.5, 5333236.5]}}, {"type": "Feature", "properties": {"h": 13.3}, "geometry": {"type": "Point", "coordinates": [692992.5, 5333231.5]}}, {"type": "Feature", "properties": {"h": 13.4}, "geometry": {"type": "Point", "coordinates": [692995.5, 5333230.5]}}, {"type": "Feature", "properties": {"h": 11.0}, "geometry": {"type": "Point", "coordinates": [693001.5, 5333236.5]}}, {"type": "Feature", "properties": {"h": 10.0}, "geometry": {"type": "Point", "coordinates": [693012.5, 5333236.5]}}, {"type": "Feature", "properties": {"h": 6.4}, "geometry": {"type": "Point", "coordinates": [693015.5, 5333236.5]}}, {"type": "Feature", "properties": {"h": 10.9}, "geometry": {"type": "Point", "coordinates": [693049.5, 5333231.5]}}, {"type": "Feature", "properties": {"h": 17.5}, "geometry": {"type": "Point", "coordinates": [693056.5, 5333231.5]}}, {"type": "Feature", "properties": {"h": 18.9}, "geometry": {"type": "Point", "coordinates": [693058.5, 5333232.5]}}, {"type": "Feature", "properties": {"h": 17.4}, "geometry": {"type": "Point", "coordinates": [693070.5, 5333236.5]}}, {"type": "Feature", "properties": {"h": 19.0}, "geometry": {"type": "Point", "coordinates": [693073.5, 5333234.5]}}, {"type": "Feature", "properties": {"h": 17.0}, "geometry": {"type": "Point", "coordinates": [693078.5, 5333230.5]}}, {"type": "Feature", "properties": {"h": 14.3}, "geometry": {"type": "Point", "coordinates": [693085.5, 5333236.5]}}, {"type": "Feature", "properties": {"h": 9.9}, "geometry": {"type": "Point", "coordinates": [693092.5, 5333230.5]}}, {"type": "Feature", "properties": {"h": 10.8}, "geometry": {"type": "Point", "coordinates": [693105.5, 5333236.5]}}, {"type": "Feature", "properties": {"h": 13.2}, "geometry": {"type": "Point", "coordinates": [693112.5, 5333232.5]}}, {"type": "Feature", "properties": {"h": 13.9}, "geometry": {"type": "Point", "coordinates": [693115.5, 5333232.5]}}, {"type": "Feature", "properties": {"h": 19.0}, "geometry": {"type": "Point", "coordinates": [693552.5, 5333236.5]}}, {"type": "Feature", "properties": {"h": 22.5}, "geometry": {"type": "Point", "coordinates": [693559.5, 5333231.5]}}, {"type": "Feature", "properties": {"h": 22.3}, "geometry": {"type": "Point", "coordinates": [693561.5, 5333232.5]}}, {"type": "Feature", "properties": {"h": 21.4}, "geometry": {"type": "Point", "coordinates": [693574.5, 5333233.5]}}, {"type": "Feature", "properties": {"h": 21.8}, "geometry": {"type": "Point", "coordinates": [693578.5, 5333234.5]}}, {"type": "Feature", "properties": {"h": 18.5}, "geometry": {"type": "Point", "coordinates": [693582.5, 5333235.5]}}, {"type": "Feature", "properties": {"h": 11.6}, "geometry": {"type": "Point", "coordinates": [693589.5, 5333234.5]}}, {"type": "Feature", "properties": {"h": 14.6}, "geometry": {"type": "Point", "coordinates": [693602.5, 5333236.5]}}, {"type": "Feature", "properties": {"h": 16.0}, "geometry": {"type": "Point", "coordinates": [693606.5, 5333236.5]}}, {"type": "Feature", "properties": {"h": 10.9}, "geometry": {"type": "Point", "coordinates": [693610.5, 5333236.5]}}, {"type": "Feature", "properties": {"h": 14.6}, "geometry": {"type": "Point", "coordinates": [693623.5, 5333236.5]}}, {"type": "Feature", "properties": {"h": 16.2}, "geometry": {"type": "Point", "coordinates": [693625.5, 5333236.5]}}, {"type": "Feature", "properties": {"h": 17.0}, "geometry": {"type": "Point", "coordinates": [693637.5, 5333236.5]}}, {"type": "Feature", "properties": {"h": 17.7}, "geometry": {"type": "Point", "coordinates": [693639.5, 5333236.5]}}, {"type": "Feature", "properties": {"h": 7.8}, "geometry": {"type": "Point", "coordinates": [693645.5, 5333236.5]}}, {"type": "Feature", "properties": {"h": 11.1}, "geometry": {"type": "Point", "coordinates": [693700.5, 5333230.5]}}, {"type": "Feature", "properties": {"h": 13.6}, "geometry": {"type": "Point", "coordinates": [693706.5, 5333230.5]}}, {"type": "Feature", "properties": {"h": 24.8}, "geometry": {"type": "Point", "coordinates": [693714.5, 5333236.5]}}, {"type": "Feature", "properties": {"h": 25.1}, "geometry": {"type": "Point", "coordinates": [693715.5, 5333236.5]}}, {"type": "Feature", "properties": {"h": 25.3}, "geometry": {"type": "Point", "coordinates": [693724.5, 5333233.5]}}, {"type": "Feature", "properties": {"h": 21.6}, "geometry": {"type": "Point", "coordinates": [693729.5, 5333234.5]}}, {"type": "Feature", "properties": {"h": 20.6}, "geometry": {"type": "Point", "coordinates": [693739.5, 5333230.5]}}, {"type": "Feature", "properties": {"h": 17.0}, "geometry": {"type": "Point", "coordinates": [693743.5, 5333230.5]}}, {"type": "Feature", "properties": {"h": 17.3}, "geometry": {"type": "Point", "coordinates": [692272.5, 5333223.5]}}, {"type": "Feature", "properties": {"h": 25.8}, "geometry": {"type": "Point", "coordinates": [692279.5, 5333223.5]}}, {"type": "Feature", "properties": {"h": 27.1}, "geometry": {"type": "Point", "coordinates": [692283.5, 5333223.5]}}, {"type": "Feature", "properties": {"h": 29.1}, "geometry": {"type": "Point", "coordinates": [692292.5, 5333224.5]}}, {"type": "Feature", "properties": {"h": 28.4}, "geometry": {"type": "Point", "coordinates": [692294.5, 5333224.5]}}, {"type": "Feature", "properties": {"h": 23.5}, "geometry": {"type": "Point", "coordinates": [692306.5, 5333223.5]}}, {"type": "Feature", "properties": {"h": 24.2}, "geometry": {"type": "Point", "coordinates": [692312.5, 5333229.5]}}, {"type": "Feature", "properties": {"h": 23.3}, "geometry": {"type": "Point", "coordinates": [692315.5, 5333229.5]}}, {"type": "Feature", "properties": {"h": 21.8}, "geometry": {"type": "Point", "coordinates": [692323.5, 5333229.5]}}, {"type": "Feature", "properties": {"h": 20.7}, "geometry": {"type": "Point", "coordinates": [692331.5, 5333229.5]}}, {"type": "Feature", "properties": {"h": 16.8}, "geometry": {"type": "Point", "coordinates": [692336.5, 5333229.5]}}, {"type": "Feature", "properties": {"h": 8.6}, "geometry": {"type": "Point", "coordinates": [692345.5, 5333229.5]}}, {"type": "Feature", "properties": {"h": 3.5}, "geometry": {"type": "Point", "coordinates": [692972.5, 5333228.5]}}, {"type": "Feature", "properties": {"h": 10.2}, "geometry": {"type": "Point", "coordinates": [692979.5, 5333229.5]}}, {"type": "Feature", "properties": {"h": 10.4}, "geometry": {"type": "Point", "coordinates": [692981.5, 5333229.5]}}, {"type": "Feature", "properties": {"h": 13.0}, "geometry": {"type": "Point", "coordinates": [692993.5, 5333229.5]}}, {"type": "Feature", "properties": {"h": 13.4}, "geometry": {"type": "Point", "coordinates": [692995.5, 5333229.5]}}, {"type": "Feature", "properties": {"h": 4.8}, "geometry": {"type": "Point", "coordinates": [693001.5, 5333229.5]}}, {"type": "Feature", "properties": {"h": 16.8}, "geometry": {"type": "Point", "coordinates": [693035.5, 5333223.5]}}, {"type": "Feature", "properties": {"h": 16.7}, "geometry": {"type": "Point", "coordinates": [693038.5, 5333223.5]}}, {"type": "Feature", "properties": {"h": 20.3}, "geometry": {"type": "Point", "coordinates": [693049.5, 5333223.5]}}, {"type": "Feature", "properties": {"h": 21.6}, "geometry": {"type": "Point", "coordinates": [693052.5, 5333223.5]}}, {"type": "Feature", "properties": {"h": 18.8}, "geometry": {"type": "Point", "coordinates": [693058.5, 5333229.5]}}, {"type": "Feature", "properties": {"h": 17.5}, "geometry": {"type": "Point", "coordinates": [693070.5, 5333225.5]}}, {"type": "Feature", "properties": {"h": 18.6}, "geometry": {"type": "Point", "coordinates": [693073.5, 5333229.5]}}, {"type": "Feature", "properties": {"h": 17.0}, "geometry": {"type": "Point", "coordinates": [693078.5, 5333229.5]}}, {"type": "Feature", "properties": {"h": 10.8}, "geometry": {"type": "Point", "coordinates": [693090.5, 5333227.5]}}, {"type": "Feature", "properties": {"h": 10.0}, "geometry": {"type": "Point", "coordinates": [693092.5, 5333229.5]}}, {"type": "Feature", "properties": {"h": 5.5}, "geometry": {"type": "Point", "coordinates": [693105.5, 5333229.5]}}, {"type": "Feature", "properties": {"h": 12.3}, "geometry": {"type": "Point", "coordinates": [693112.5, 5333229.5]}}, {"type": "Feature", "properties": {"h": 12.3}, "geometry": {"type": "Point", "coordinates": [693113.5, 5333229.5]}}, {"type": "Feature", "properties": {"h": 17.7}, "geometry": {"type": "Point", "coordinates": [693553.5, 5333229.5]}}, {"type": "Feature", "properties": {"h": 22.1}, "geometry": {"type": "Point", "coordinates": [693560.5, 5333229.5]}}, {"type": "Feature", "properties": {"h": 21.8}, "geometry": {"type": "Point", "coordinates": [693561.5, 5333229.5]}}, {"type": "Feature", "properties": {"h": 20.4}, "geometry": {"type": "Point", "coordinates": [693574.5, 5333229.5]}}, {"type": "Feature", "properties": {"h": 20.4}, "geometry": {"type": "Point", "coordinates": [693575.5, 5333229.5]}}, {"type": "Feature", "properties": {"h": 14.1}, "geometry": {"type": "Point", "coordinates": [693582.5, 5333223.5]}}, {"type": "Feature", "properties": {"h": 10.2}, "geometry": {"type": "Point", "coordinates": [693589.5, 5333229.5]}}, {"type": "Feature", "properties": {"h": 7.4}, "geometry": {"type": "Point", "coordinates": [693596.5, 5333229.5]}}, {"type": "Feature", "properties": {"h": 10.3}, "geometry": {"type": "Point", "coordinates": [693606.5, 5333228.5]}}, {"type": "Feature", "properties": {"h": 4.4}, "geometry": {"type": "Point", "coordinates": [693611.5, 5333223.5]}}, {"type": "Feature", "properties": {"h": 11.3}, "geometry": {"type": "Point", "coordinates": [693620.5, 5333223.5]}}, {"type": "Feature", "properties": {"h": 10.1}, "geometry": {"type": "Point", "coordinates": [693630.5, 5333223.5]}}, {"type": "Feature", "properties": {"h": 15.1}, "geometry": {"type": "Point", "coordinates": [693636.5, 5333223.5]}}, {"type": "Feature", "properties": {"h": 14.4}, "geometry": {"type": "Point", "coordinates": [693638.5, 5333223.5]}}, {"type": "Feature", "properties": {"h": 12.6}, "geometry": {"type": "Point", "coordinates": [693700.5, 5333227.5]}}, {"type": "Feature", "properties": {"h": 15.0}, "geometry": {"type": "Point", "coordinates": [693707.5, 5333227.5]}}, {"type": "Feature", "properties": {"h": 16.0}, "geometry": {"type": "Point", "coordinates": [693714.5, 5333223.5]}}, {"type": "Feature", "properties": {"h": 19.1}, "geometry": {"type": "Point", "coordinates": [693718.5, 5333229.5]}}, {"type": "Feature", "properties": {"h": 19.7}, "geometry": {"type": "Point", "coordinates": [693724.5, 5333229.5]}}, {"type": "Feature", "properties": {"h": 26.4}, "geometry": {"type": "Point", "coordinates": [693734.5, 5333223.5]}}, {"type": "Feature", "properties": {"h": 25.8}, "geometry": {"type": "Point", "coordinates": [693737.5, 5333223.5]}}, {"type": "Feature", "properties": {"h": 19.9}, "geometry": {"type": "Point", "coordinates": [693743.5, 5333226.5]}}, {"type": "Feature", "properties": {"h": 18.4}, "geometry": {"type": "Point", "coordinates": [693751.5, 5333223.5]}}, {"type": "Feature", "properties": {"h": 13.3}, "geometry": {"type": "Point", "coordinates": [692263.5, 5333216.5]}}, {"type": "Feature", "properties": {"h": 23.2}, "geometry": {"type": "Point", "coordinates": [692272.5, 5333218.5]}}, {"type": "Feature", "properties": {"h": 28.4}, "geometry": {"type": "Point", "coordinates": [692279.5, 5333216.5]}}, {"type": "Feature", "properties": {"h": 28.7}, "geometry": {"type": "Point", "coordinates": [692282.5, 5333219.5]}}, {"type": "Feature", "properties": {"h": 28.7}, "geometry": {"type": "Point", "coordinates": [692292.5, 5333219.5]}}, {"type": "Feature", "properties": {"h": 28.1}, "geometry": {"type": "Point", "coordinates": [692294.5, 5333219.5]}}, {"type": "Feature", "properties": {"h": 24.0}, "geometry": {"type": "Point", "coordinates": [692301.5, 5333219.5]}}, {"type": "Feature", "properties": {"h": 21.3}, "geometry": {"type": "Point", "coordinates": [692308.5, 5333220.5]}}, {"type": "Feature", "properties": {"h": 19.9}, "geometry": {"type": "Point", "coordinates": [692317.5, 5333222.5]}}, {"type": "Feature", "properties": {"h": 19.2}, "geometry": {"type": "Point", "coordinates": [692322.5, 5333222.5]}}, {"type": "Feature", "properties": {"h": 16.7}, "geometry": {"type": "Point", "coordinates": [692329.5, 5333222.5]}}, {"type": "Feature", "properties": {"h": 5.3}, "geometry": {"type": "Point", "coordinates": [692338.5, 5333222.5]}}, {"type": "Feature", "properties": {"h": 3.1}, "geometry": {"type": "Point", "coordinates": [693011.5, 5333216.5]}}, {"type": "Feature", "properties": {"h": 18.3}, "geometry": {"type": "Point", "coordinates": [693021.5, 5333216.5]}}, {"type": "Feature", "properties": {"h": 18.9}, "geometry": {"type": "Point", "coordinates": [693024.5, 5333216.5]}}, {"type": "Feature", "properties": {"h": 19.2}, "geometry": {"type": "Point", "coordinates": [693035.5, 5333220.5]}}, {"type": "Feature", "properties": {"h": 19.0}, "geometry": {"type": "Point", "coordinates": [693036.5, 5333219.5]}}, {"type": "Feature", "properties": {"h": 21.6}, "geometry": {"type": "Point", "coordinates": [693049.5, 5333221.5]}}, {"type": "Feature", "properties": {"h": 22.2}, "geometry": {"type": "Point", "coordinates": [693051.5, 5333222.5]}}, {"type": "Feature", "properties": {"h": 13.5}, "geometry": {"type": "Point", "coordinates": [693063.5, 5333222.5]}}, {"type": "Feature", "properties": {"h": 14.4}, "geometry": {"type": "Point", "coordinates": [693070.5, 5333222.5]}}, {"type": "Feature", "properties": {"h": 15.8}, "geometry": {"type": "Point", "coordinates": [693072.5, 5333222.5]}}, {"type": "Feature", "properties": {"h": 10.6}, "geometry": {"type": "Point", "coordinates": [693078.5, 5333218.5]}}, {"type": "Feature", "properties": {"h": 4.8}, "geometry": {"type": "Point", "coordinates": [693085.5, 5333222.5]}}, {"type": "Feature", "properties": {"h": 4.1}, "geometry": {"type": "Point", "coordinates": [693098.5, 5333216.5]}}, {"type": "Feature", "properties": {"h": 11.9}, "geometry": {"type": "Point", "coordinates": [693105.5, 5333216.5]}}, {"type": "Feature", "properties": {"h": 18.4}, "geometry": {"type": "Point", "coordinates": [693112.5, 5333216.5]}}, {"type": "Feature", "properties": {"h": 19.5}, "geometry": {"type": "Point", "coordinates": [693114.5, 5333216.5]}}, {"type": "Feature", "properties": {"h": 15.2}, "geometry": {"type": "Point", "coordinates": [693120.5, 5333216.5]}}, {"type": "Feature", "properties": {"h": 19.7}, "geometry": {"type": "Point", "coordinates": [693553.5, 5333216.5]}}, {"type": "Feature", "properties": {"h": 20.0}, "geometry": {"type": "Point", "coordinates": [693555.5, 5333216.5]}}, {"type": "Feature", "properties": {"h": 17.9}, "geometry": {"type": "Point", "coordinates": [693561.5, 5333217.5]}}, {"type": "Feature", "properties": {"h": 14.8}, "geometry": {"type": "Point", "coordinates": [693574.5, 5333216.5]}}, {"type": "Feature", "properties": {"h": 18.8}, "geometry": {"type": "Point", "coordinates": [693579.5, 5333217.5]}}, {"type": "Feature", "properties": {"h": 18.2}, "geometry": {"type": "Point", "coordinates": [693582.5, 5333217.5]}}, {"type": "Feature", "properties": {"h": 12.3}, "geometry": {"type": "Point", "coordinates": [693589.5, 5333216.5]}}, {"type": "Feature", "properties": {"h": 11.7}, "geometry": {"type": "Point", "coordinates": [693596.5, 5333216.5]}}, {"type": "Feature", "properties": {"h": 6.0}, "geometry": {"type": "Point", "coordinates": [693609.5, 5333216.5]}}, {"type": "Feature", "properties": {"h": 7.0}, "geometry": {"type": "Point", "coordinates": [693611.5, 5333220.5]}}, {"type": "Feature", "properties": {"h": 14.2}, "geometry": {"type": "Point", "coordinates": [693620.5, 5333220.5]}}, {"type": "Feature", "properties": {"h": 11.8}, "geometry": {"type": "Point", "coordinates": [693630.5, 5333221.5]}}, {"type": "Feature", "properties": {"h": 16.0}, "geometry": {"type": "Point", "coordinates": [693637.5, 5333221.5]}}, {"type": "Feature", "properties": {"h": 16.1}, "geometry": {"type": "Point", "coordinates": [693638.5, 5333221.5]}}, {"type": "Feature", "properties": {"h": 3.0}, "geometry": {"type": "Point", "coordinates": [693645.5, 5333216.5]}}, {"type": "Feature", "properties": {"h": 9.8}, "geometry": {"type": "Point", "coordinates": [693700.5, 5333222.5]}}, {"type": "Feature", "properties": {"h": 13.5}, "geometry": {"type": "Point", "coordinates": [693707.5, 5333222.5]}}, {"type": "Feature", "properties": {"h": 19.1}, "geometry": {"type": "Point", "coordinates": [693714.5, 5333220.5]}}, {"type": "Feature", "properties": {"h": 19.1}, "geometry": {"type": "Point", "coordinates": [693715.5, 5333219.5]}}, {"type": "Feature", "properties": {"h": 17.2}, "geometry": {"type": "Point", "coordinates": [693727.5, 5333222.5]}}, {"type": "Feature", "properties": {"h": 26.1}, "geometry": {"type": "Point", "coordinates": [693735.5, 5333219.5]}}, {"type": "Feature", "properties": {"h": 26.8}, "geometry": {"type": "Point", "coordinates": [693742.5, 5333218.5]}}, {"type": "Feature", "properties": {"h": 26.8}, "geometry": {"type": "Point", "coordinates": [693747.5, 5333216.5]}}, {"type": "Feature", "properties": {"h": 19.4}, "geometry": {"type": "Point", "coordinates": [693750.5, 5333216.5]}}, {"type": "Feature", "properties": {"h": 16.0}, "geometry": {"type": "Point", "coordinates": [693758.5, 5333216.5]}}, {"type": "Feature", "properties": {"h": 16.1}, "geometry": {"type": "Point", "coordinates": [692251.5, 5333209.5]}}, {"type": "Feature", "properties": {"h": 22.7}, "geometry": {"type": "Point", "coordinates": [692258.5, 5333209.5]}}, {"type": "Feature", "properties": {"h": 23.0}, "geometry": {"type": "Point", "coordinates": [692260.5, 5333209.5]}}, {"type": "Feature", "properties": {"h": 24.8}, "geometry": {"type": "Point", "coordinates": [692270.5, 5333209.5]}}, {"type": "Feature", "properties": {"h": 28.1}, "geometry": {"type": "Point", "coordinates": [692279.5, 5333215.5]}}, {"type": "Feature", "properties": {"h": 28.1}, "geometry": {"type": "Point", "coordinates": [692280.5, 5333215.5]}}, {"type": "Feature", "properties": {"h": 27.4}, "geometry": {"type": "Point", "coordinates": [692289.5, 5333215.5]}}, {"type": "Feature", "properties": {"h": 26.8}, "geometry": {"type": "Point", "coordinates": [692294.5, 5333215.5]}}, {"type": "Feature", "properties": {"h": 21.1}, "geometry": {"type": "Point", "coordinates": [692301.5, 5333214.5]}}, {"type": "Feature", "properties": {"h": 19.6}, "geometry": {"type": "Point", "coordinates": [692308.5, 5333215.5]}}, {"type": "Feature", "properties": {"h": 18.2}, "geometry": {"type": "Point", "coordinates": [692315.5, 5333215.5]}}, {"type": "Feature", "properties": {"h": 13.6}, "geometry": {"type": "Point", "coordinates": [692322.5, 5333215.5]}}, {"type": "Feature", "properties": {"h": 15.3}, "geometry": {"type": "Point", "coordinates": [693000.5, 5333209.5]}}, {"type": "Feature", "properties": {"h": 18.4}, "geometry": {"type": "Point", "coordinates": [693006.5, 5333209.5]}}, {"type": "Feature", "properties": {"h": 17.4}, "geometry": {"type": "Point", "coordinates": [693008.5, 5333209.5]}}, {"type": "Feature", "properties": {"h": 18.5}, "geometry": {"type": "Point", "coordinates": [693019.5, 5333214.5]}}, {"type": "Feature", "properties": {"h": 19.3}, "geometry": {"type": "Point", "coordinates": [693024.5, 5333212.5]}}, {"type": "Feature", "properties": {"h": 17.4}, "geometry": {"type": "Point", "coordinates": [693029.5, 5333213.5]}}, {"type": "Feature", "properties": {"h": 16.2}, "geometry": {"type": "Point", "coordinates": [693037.5, 5333215.5]}}, {"type": "Feature", "properties": {"h": 13.9}, "geometry": {"type": "Point", "coordinates": [693047.5, 5333211.5]}}, {"type": "Feature", "properties": {"h": 15.7}, "geometry": {"type": "Point", "coordinates": [693052.5, 5333215.5]}}, {"type": "Feature", "properties": {"h": 4.0}, "geometry": {"type": "Point", "coordinates": [693063.5, 5333215.5]}}, {"type": "Feature", "properties": {"h": 6.5}, "geometry": {"type": "Point", "coordinates": [693065.5, 5333215.5]}}, {"type": "Feature", "properties": {"h": 10.3}, "geometry": {"type": "Point", "coordinates": [693075.5, 5333215.5]}}, {"type": "Feature", "properties": {"h": 7.2}, "geometry": {"type": "Point", "coordinates": [693078.5, 5333215.5]}}, {"type": "Feature", "properties": {"h": 5.1}, "geometry": {"type": "Point", "coordinates": [693098.5, 5333213.5]}}, {"type": "Feature", "properties": {"h": 12.8}, "geometry": {"type": "Point", "coordinates": [693105.5, 5333214.5]}}, {"type": "Feature", "properties": {"h": 20.1}, "geometry": {"type": "Point", "coordinates": [693112.5, 5333210.5]}}, {"type": "Feature", "properties": {"h": 20.9}, "geometry": {"type": "Point", "coordinates": [693114.5, 5333209.5]}}, {"type": "Feature", "properties": {"h": 19.9}, "geometry": {"type": "Point", "coordinates": [693120.5, 5333209.5]}}, {"type": "Feature", "properties": {"h": 4.5}, "geometry": {"type": "Point", "coordinates": [693127.5, 5333209.5]}}, {"type": "Feature", "properties": {"h": 26.2}, "geometry": {"type": "Point", "coordinates": [693552.5, 5333209.5]}}, {"type": "Feature", "properties": {"h": 23.9}, "geometry": {"type": "Point", "coordinates": [693554.5, 5333209.5]}}, {"type": "Feature", "properties": {"h": 23.4}, "geometry": {"type": "Point", "coordinates": [693561.5, 5333209.5]}}, {"type": "Feature", "properties": {"h": 19.8}, "geometry": {"type": "Point", "coordinates": [693568.5, 5333210.5]}}, {"type": "Feature", "properties": {"h": 19.9}, "geometry": {"type": "Point", "coordinates": [693577.5, 5333209.5]}}, {"type": "Feature", "properties": {"h": 18.0}, "geometry": {"type": "Point", "coordinates": [693582.5, 5333215.5]}}, {"type": "Feature", "properties": {"h": 12.6}, "geometry": {"type": "Point", "coordinates": [693595.5, 5333215.5]}}, {"type": "Feature", "properties": {"h": 12.3}, "geometry": {"type": "Point", "coordinates": [693596.5, 5333215.5]}}, {"type": "Feature", "properties": {"h": 12.6}, "geometry": {"type": "Point", "coordinates": [693608.5, 5333210.5]}}, {"type": "Feature", "properties": {"h": 14.1}, "geometry": {"type": "Point", "coordinates": [693616.5, 5333209.5]}}, {"type": "Feature", "properties": {"h": 13.8}, "geometry": {"type": "Point", "coordinates": [693617.5, 5333209.5]}}, {"type": "Feature", "properties": {"h": 13.8}, "geometry": {"type": "Point", "coordinates": [693637.5, 5333212.5]}}, {"type": "Feature", "properties": {"h": 16.9}, "geometry": {"type": "Point", "coordinates": [693640.5, 5333209.5]}}, {"type": "Feature", "properties": {"h": 11.7}, "geometry": {"type": "Point", "coordinates": [693645.5, 5333209.5]}}, {"type": "Feature", "properties": {"h": 5.5}, "geometry": {"type": "Point", "coordinates": [693685.5, 5333209.5]}}, {"type": "Feature", "properties": {"h": 5.9}, "geometry": {"type": "Point", "coordinates": [693693.5, 5333209.5]}}, {"type": "Feature", "properties": {"h": 5.6}, "geometry": {"type": "Point", "coordinates": [693694.5, 5333209.5]}}, {"type": "Feature", "properties": {"h": 17.6}, "geometry": {"type": "Point", "coordinates": [693714.5, 5333215.5]}}, {"type": "Feature", "properties": {"h": 17.5}, "geometry": {"type": "Point", "coordinates": [693715.5, 5333215.5]}}, {"type": "Feature", "properties": {"h": 25.1}, "geometry": {"type": "Point", "coordinates": [693735.5, 5333215.5]}}, {"type": "Feature", "properties": {"h": 26.1}, "geometry": {"type": "Point", "coordinates": [693742.5, 5333214.5]}}, {"type": "Feature", "properties": {"h": 26.9}, "geometry": {"type": "Point", "coordinates": [693743.5, 5333215.5]}}, {"type": "Feature", "properties": {"h": 20.4}, "geometry": {"type": "Point", "coordinates": [693750.5, 5333213.5]}}, {"type": "Feature", "properties": {"h": 16.7}, "geometry": {"type": "Point", "coordinates": [693757.5, 5333209.5]}}, {"type": "Feature", "properties": {"h": 16.0}, "geometry": {"type": "Point", "coordinates": [693764.5, 5333209.5]}}, {"type": "Feature", "properties": {"h": 16.9}, "geometry": {"type": "Point", "coordinates": [692251.5, 5333205.5]}}, {"type": "Feature", "properties": {"h": 23.2}, "geometry": {"type": "Point", "coordinates": [692258.5, 5333208.5]}}, {"type": "Feature", "properties": {"h": 23.3}, "geometry": {"type": "Point", "coordinates": [692259.5, 5333208.5]}}, {"type": "Feature", "properties": {"h": 25.5}, "geometry": {"type": "Point", "coordinates": [692269.5, 5333208.5]}}, {"type": "Feature", "properties": {"h": 25.6}, "geometry": {"type": "Point", "coordinates": [692278.5, 5333208.5]}}, {"type": "Feature", "properties": {"h": 24.6}, "geometry": {"type": "Point", "coordinates": [692285.5, 5333208.5]}}, {"type": "Feature", "properties": {"h": 24.5}, "geometry": {"type": "Point", "coordinates": [692287.5, 5333207.5]}}, {"type": "Feature", "properties": {"h": 22.6}, "geometry": {"type": "Point", "coordinates": [692294.5, 5333208.5]}}, {"type": "Feature", "properties": {"h": 17.7}, "geometry": {"type": "Point", "coordinates": [692301.5, 5333208.5]}}, {"type": "Feature", "properties": {"h": 15.6}, "geometry": {"type": "Point", "coordinates": [692308.5, 5333208.5]}}, {"type": "Feature", "properties": {"h": 11.1}, "geometry": {"type": "Point", "coordinates": [692315.5, 5333208.5]}}, {"type": "Feature", "properties": {"h": 3.1}, "geometry": {"type": "Point", "coordinates": [692369.5, 5333205.5]}}, {"type": "Feature", "properties": {"h": 15.8}, "geometry": {"type": "Point", "coordinates": [693000.5, 5333208.5]}}, {"type": "Feature", "properties": {"h": 18.3}, "geometry": {"type": "Point", "coordinates": [693006.5, 5333208.5]}}, {"type": "Feature", "properties": {"h": 17.3}, "geometry": {"type": "Point", "coordinates": [693008.5, 5333208.5]}}, {"type": "Feature", "properties": {"h": 16.0}, "geometry": {"type": "Point", "coordinates": [693021.5, 5333208.5]}}, {"type": "Feature", "properties": {"h": 16.2}, "geometry": {"type": "Point", "coordinates": [693025.5, 5333208.5]}}, {"type": "Feature", "properties": {"h": 12.5}, "geometry": {"type": "Point", "coordinates": [693029.5, 5333207.5]}}, {"type": "Feature", "properties": {"h": 12.6}, "geometry": {"type": "Point", "coordinates": [693042.5, 5333208.5]}}, {"type": "Feature", "properties": {"h": 13.4}, "geometry": {"type": "Point", "coordinates": [693044.5, 5333208.5]}}, {"type": "Feature", "properties": {"h": 10.6}, "geometry": {"type": "Point", "coordinates": [693050.5, 5333208.5]}}, {"type": "Feature", "properties": {"h": 8.5}, "geometry": {"type": "Point", "coordinates": [693105.5, 5333208.5]}}, {"type": "Feature", "properties": {"h": 19.9}, "geometry": {"type": "Point", "coordinates": [693112.5, 5333208.5]}}, {"type": "Feature", "properties": {"h": 21.4}, "geometry": {"type": "Point", "coordinates": [693118.5, 5333207.5]}}, {"type": "Feature", "properties": {"h": 20.9}, "geometry": {"type": "Point", "coordinates": [693120.5, 5333206.5]}}, {"type": "Feature", "properties": {"h": 13.8}, "geometry": {"type": "Point", "coordinates": [693127.5, 5333205.5]}}, {"type": "Feature", "properties": {"h": 26.6}, "geometry": {"type": "Point", "coordinates": [693551.5, 5333208.5]}}, {"type": "Feature", "properties": {"h": 24.9}, "geometry": {"type": "Point", "coordinates": [693554.5, 5333207.5]}}, {"type": "Feature", "properties": {"h": 23.5}, "geometry": {"type": "Point", "coordinates": [693561.5, 5333208.5]}}, {"type": "Feature", "properties": {"h": 19.4}, "geometry": {"type": "Point", "coordinates": [693568.5, 5333208.5]}}, {"type": "Feature", "properties": {"h": 20.8}, "geometry": {"type": "Point", "coordinates": [693578.5, 5333206.5]}}, {"type": "Feature", "properties": {"h": 19.1}, "geometry": {"type": "Point", "coordinates": [693582.5, 5333205.5]}}, {"type": "Feature", "properties": {"h": 13.5}, "geometry": {"type": "Point", "coordinates": [693589.5, 5333203.5]}}, {"type": "Feature", "properties": {"h": 11.5}, "geometry": {"type": "Point", "coordinates": [693609.5, 5333208.5]}}, {"type": "Feature", "properties": {"h": 14.3}, "geometry": {"type": "Point", "coordinates": [693616.5, 5333208.5]}}, {"type": "Feature", "properties": {"h": 14.2}, "geometry": {"type": "Point", "coordinates": [693617.5, 5333208.5]}}, {"type": "Feature", "properties": {"h": 13.5}, "geometry": {"type": "Point", "coordinates": [693630.5, 5333205.5]}}, {"type": "Feature", "properties": {"h": 15.5}, "geometry": {"type": "Point", "coordinates": [693637.5, 5333204.5]}}, {"type": "Feature", "properties": {"h": 17.3}, "geometry": {"type": "Point", "coordinates": [693644.5, 5333202.5]}}, {"type": "Feature", "properties": {"h": 17.2}, "geometry": {"type": "Point", "coordinates": [693645.5, 5333202.5]}}, {"type": "Feature", "properties": {"h": 17.7}, "geometry": {"type": "Point", "coordinates": [693679.5, 5333202.5]}}, {"type": "Feature", "properties": {"h": 20.6}, "geometry": {"type": "Point", "coordinates": [693680.5, 5333202.5]}}, {"type": "Feature", "properties": {"h": 14.6}, "geometry": {"type": "Point", "coordinates": [693687.5, 5333202.5]}}, {"type": "Feature", "properties": {"h": 8.9}, "geometry": {"type": "Point", "coordinates": [693694.5, 5333204.5]}}, {"type": "Feature", "properties": {"h": 4.1}, "geometry": {"type": "Point", "coordinates": [693701.5, 5333202.5]}}, {"type": "Feature", "properties": {"h": 14.1}, "geometry": {"type": "Point", "coordinates": [693728.5, 5333202.5]}}, {"type": "Feature", "properties": {"h": 21.2}, "geometry": {"type": "Point", "coordinates": [693735.5, 5333202.5]}}, {"type": "Feature", "properties": {"h": 23.3}, "geometry": {"type": "Point", "coordinates": [693742.5, 5333202.5]}}, {"type": "Feature", "properties": {"h": 23.4}, "geometry": {"type": "Point", "coordinates": [693743.5, 5333202.5]}}, {"type": "Feature", "properties": {"h": 20.0}, "geometry": {"type": "Point", "coordinates": [693750.5, 5333202.5]}}, {"type": "Feature", "properties": {"h": 19.2}, "geometry": {"type": "Point", "coordinates": [693762.5, 5333208.5]}}, {"type": "Feature", "properties": {"h": 17.9}, "geometry": {"type": "Point", "coordinates": [693764.5, 5333207.5]}}, {"type": "Feature", "properties": {"h": 8.8}, "geometry": {"type": "Point", "coordinates": [692233.5, 5333195.5]}}, {"type": "Feature", "properties": {"h": 15.8}, "geometry": {"type": "Point", "coordinates": [692244.5, 5333195.5]}}, {"type": "Feature", "properties": {"h": 22.3}, "geometry": {"type": "Point", "coordinates": [692251.5, 5333197.5]}}, {"type": "Feature", "properties": {"h": 25.6}, "geometry": {"type": "Point", "coordinates": [692258.5, 5333196.5]}}, {"type": "Feature", "properties": {"h": 26.3}, "geometry": {"type": "Point", "coordinates": [692260.5, 5333199.5]}}, {"type": "Feature", "properties": {"h": 24.8}, "geometry": {"type": "Point", "coordinates": [692267.5, 5333197.5]}}, {"type": "Feature", "properties": {"h": 22.6}, "geometry": {"type": "Point", "coordinates": [692273.5, 5333195.5]}}, {"type": "Feature", "properties": {"h": 23.2}, "geometry": {"type": "Point", "coordinates": [692283.5, 5333201.5]}}, {"type": "Feature", "properties": {"h": 22.7}, "geometry": {"type": "Point", "coordinates": [692287.5, 5333201.5]}}, {"type": "Feature", "properties": {"h": 20.3}, "geometry": {"type": "Point", "coordinates": [692294.5, 5333201.5]}}, {"type": "Feature", "properties": {"h": 10.2}, "geometry": {"type": "Point", "coordinates": [692301.5, 5333201.5]}}, {"type": "Feature", "properties": {"h": 9.0}, "geometry": {"type": "Point", "coordinates": [692993.5, 5333198.5]}}, {"type": "Feature", "properties": {"h": 16.5}, "geometry": {"type": "Point", "coordinates": [692998.5, 5333198.5]}}, {"type": "Feature", "properties": {"h": 14.9}, "geometry": {"type": "Point", "coordinates": [693001.5, 5333200.5]}}, {"type": "Feature", "properties": {"h": 12.7}, "geometry": {"type": "Point", "coordinates": [693012.5, 5333201.5]}}, {"type": "Feature", "properties": {"h": 14.9}, "geometry": {"type": "Point", "coordinates": [693021.5, 5333195.5]}}, {"type": "Feature", "properties": {"h": 14.7}, "geometry": {"type": "Point", "coordinates": [693022.5, 5333195.5]}}, {"type": "Feature", "properties": {"h": 9.2}, "geometry": {"type": "Point", "coordinates": [693029.5, 5333196.5]}}, {"type": "Feature", "properties": {"h": 7.2}, "geometry": {"type": "Point", "coordinates": [693042.5, 5333201.5]}}, {"type": "Feature", "properties": {"h": 6.9}, "geometry": {"type": "Point", "coordinates": [693043.5, 5333201.5]}}, {"type": "Feature", "properties": {"h": 7.6}, "geometry": {"type": "Point", "coordinates": [693105.5, 5333195.5]}}, {"type": "Feature", "properties": {"h": 15.2}, "geometry": {"type": "Point", "coordinates": [693112.5, 5333201.5]}}, {"type": "Feature", "properties": {"h": 20.1}, "geometry": {"type": "Point", "coordinates": [693119.5, 5333198.5]}}, {"type": "Feature", "properties": {"h": 20.1}, "geometry": {"type": "Point", "coordinates": [693120.5, 5333198.5]}}, {"type": "Feature", "properties": {"h": 15.9}, "geometry": {"type": "Point", "coordinates": [693129.5, 5333195.5]}}, {"type": "Feature", "properties": {"h": 13.8}, "geometry": {"type": "Point", "coordinates": [693546.5, 5333199.5]}}, {"type": "Feature", "properties": {"h": 22.1}, "geometry": {"type": "Point", "coordinates": [693553.5, 5333201.5]}}, {"type": "Feature", "properties": {"h": 25.1}, "geometry": {"type": "Point", "coordinates": [693560.5, 5333195.5]}}, {"type": "Feature", "properties": {"h": 25.2}, "geometry": {"type": "Point", "coordinates": [693562.5, 5333195.5]}}, {"type": "Feature", "properties": {"h": 23.5}, "geometry": {"type": "Point", "coordinates": [693568.5, 5333195.5]}}, {"type": "Feature", "properties": {"h": 20.5}, "geometry": {"type": "Point", "coordinates": [693575.5, 5333195.5]}}, {"type": "Feature", "properties": {"h": 17.0}, "geometry": {"type": "Point", "coordinates": [693582.5, 5333201.5]}}, {"type": "Feature", "properties": {"h": 12.7}, "geometry": {"type": "Point", "coordinates": [693589.5, 5333201.5]}}, {"type": "Feature", "properties": {"h": 12.7}, "geometry": {"type": "Point", "coordinates": [693609.5, 5333195.5]}}, {"type": "Feature", "properties": {"h": 16.0}, "geometry": {"type": "Point", "coordinates": [693613.5, 5333195.5]}}, {"type": "Feature", "properties": {"h": 15.0}, "geometry": {"type": "Point", "coordinates": [693617.5, 5333195.5]}}, {"type": "Feature", "properties": {"h": 9.8}, "geometry": {"type": "Point", "coordinates": [693630.5, 5333201.5]}}, {"type": "Feature", "properties": {"h": 14.5}, "geometry": {"type": "Point", "coordinates": [693637.5, 5333195.5]}}, {"type": "Feature", "properties": {"h": 17.5}, "geometry": {"type": "Point", "coordinates": [693644.5, 5333201.5]}}, {"type": "Feature", "properties": {"h": 17.4}, "geometry": {"type": "Point", "coordinates": [693645.5, 5333201.5]}}, {"type": "Feature", "properties": {"h": 15.6}, "geometry": {"type": "Point", "coordinates": [693658.5, 5333196.5]}}, {"type": "Feature", "properties": {"h": 16.8}, "geometry": {"type": "Point", "coordinates": [693662.5, 5333195.5]}}, {"type": "Feature", "properties": {"h": 17.2}, "geometry": {"type": "Point", "coordinates": [693669.5, 5333195.5]}}, {"type": "Feature", "properties": {"h": 21.6}, "geometry": {"type": "Point", "coordinates": [693679.5, 5333199.5]}}, {"type": "Feature", "properties": {"h": 23.5}, "geometry": {"type": "Point", "coordinates": [693683.5, 5333199.5]}}, {"type": "Feature", "properties": {"h": 19.3}, "geometry": {"type": "Point", "coordinates": [693687.5, 5333195.5]}}, {"type": "Feature", "properties": {"h": 8.1}, "geometry": {"type": "Point", "coordinates": [693694.5, 5333196.5]}}, {"type": "Feature", "properties": {"h": 3.8}, "geometry": {"type": "Point", "coordinates": [693714.5, 5333195.5]}}, {"type": "Feature", "properties": {"h": 21.3}, "geometry": {"type": "Point", "coordinates": [693721.5, 5333195.5]}}, {"type": "Feature", "properties": {"h": 22.5}, "geometry": {"type": "Point", "coordinates": [693724.5, 5333195.5]}}, {"type": "Feature", "properties": {"h": 26.4}, "geometry": {"type": "Point", "coordinates": [693735.5, 5333196.5]}}, {"type": "Feature", "properties": {"h": 26.7}, "geometry": {"type": "Point", "coordinates": [693736.5, 5333195.5]}}, {"type": "Feature", "properties": {"h": 24.8}, "geometry": {"type": "Point", "coordinates": [693744.5, 5333199.5]}}, {"type": "Feature", "properties": {"h": 20.5}, "geometry": {"type": "Point", "coordinates": [693750.5, 5333200.5]}}, {"type": "Feature", "properties": {"h": 9.6}, "geometry": {"type": "Point", "coordinates": [692230.5, 5333190.5]}}, {"type": "Feature", "properties": {"h": 14.1}, "geometry": {"type": "Point", "coordinates": [692237.5, 5333188.5]}}, {"type": "Feature", "properties": {"h": 22.1}, "geometry": {"type": "Point", "coordinates": [692244.5, 5333188.5]}}, {"type": "Feature", "properties": {"h": 21.8}, "geometry": {"type": "Point", "coordinates": [692245.5, 5333188.5]}}, {"type": "Feature", "properties": {"h": 24.4}, "geometry": {"type": "Point", "coordinates": [692258.5, 5333194.5]}}, {"type": "Feature", "properties": {"h": 24.7}, "geometry": {"type": "Point", "coordinates": [692261.5, 5333194.5]}}, {"type": "Feature", "properties": {"h": 24.7}, "geometry": {"type": "Point", "coordinates": [692267.5, 5333194.5]}}, {"type": "Feature", "properties": {"h": 22.6}, "geometry": {"type": "Point", "coordinates": [692273.5, 5333194.5]}}, {"type": "Feature", "properties": {"h": 17.7}, "geometry": {"type": "Point", "coordinates": [692281.5, 5333194.5]}}, {"type": "Feature", "properties": {"h": 16.2}, "geometry": {"type": "Point", "coordinates": [692289.5, 5333194.5]}}, {"type": "Feature", "properties": {"h": 16.8}, "geometry": {"type": "Point", "coordinates": [692998.5, 5333193.5]}}, {"type": "Feature", "properties": {"h": 15.9}, "geometry": {"type": "Point", "coordinates": [693001.5, 5333191.5]}}, {"type": "Feature", "properties": {"h": 8.4}, "geometry": {"type": "Point", "coordinates": [693008.5, 5333188.5]}}, {"type": "Feature", "properties": {"h": 14.7}, "geometry": {"type": "Point", "coordinates": [693021.5, 5333194.5]}}, {"type": "Feature", "properties": {"h": 14.5}, "geometry": {"type": "Point", "coordinates": [693022.5, 5333194.5]}}, {"type": "Feature", "properties": {"h": 9.2}, "geometry": {"type": "Point", "coordinates": [693029.5, 5333194.5]}}, {"type": "Feature", "properties": {"h": 12.9}, "geometry": {"type": "Point", "coordinates": [693105.5, 5333190.5]}}, {"type": "Feature", "properties": {"h": 13.4}, "geometry": {"type": "Point", "coordinates": [693107.5, 5333189.5]}}, {"type": "Feature", "properties": {"h": 20.2}, "geometry": {"type": "Point", "coordinates": [693119.5, 5333191.5]}}, {"type": "Feature", "properties": {"h": 22.0}, "geometry": {"type": "Point", "coordinates": [693124.5, 5333191.5]}}, {"type": "Feature", "properties": {"h": 21.0}, "geometry": {"type": "Point", "coordinates": [693127.5, 5333190.5]}}, {"type": "Feature", "properties": {"h": 4.9}, "geometry": {"type": "Point", "coordinates": [693134.5, 5333188.5]}}, {"type": "Feature", "properties": {"h": 22.1}, "geometry": {"type": "Point", "coordinates": [693546.5, 5333188.5]}}, {"type": "Feature", "properties": {"h": 22.9}, "geometry": {"type": "Point", "coordinates": [693547.5, 5333188.5]}}, {"type": "Feature", "properties": {"h": 26.5}, "geometry": {"type": "Point", "coordinates": [693560.5, 5333188.5]}}, {"type": "Feature", "properties": {"h": 27.1}, "geometry": {"type": "Point", "coordinates": [693563.5, 5333188.5]}}, {"type": "Feature", "properties": {"h": 26.5}, "geometry": {"type": "Point", "coordinates": [693568.5, 5333189.5]}}, {"type": "Feature", "properties": {"h": 24.6}, "geometry": {"type": "Point", "coordinates": [693576.5, 5333188.5]}}, {"type": "Feature", "properties": {"h": 13.3}, "geometry": {"type": "Point", "coordinates": [693582.5, 5333188.5]}}, {"type": "Feature", "properties": {"h": 12.5}, "geometry": {"type": "Point", "coordinates": [693601.5, 5333188.5]}}, {"type": "Feature", "properties": {"h": 20.9}, "geometry": {"type": "Point", "coordinates": [693605.5, 5333188.5]}}, {"type": "Feature", "properties": {"h": 21.9}, "geometry": {"type": "Point", "coordinates": [693616.5, 5333188.5]}}, {"type": "Feature", "properties": {"h": 22.0}, "geometry": {"type": "Point", "coordinates": [693617.5, 5333188.5]}}, {"type": "Feature", "properties": {"h": 17.7}, "geometry": {"type": "Point", "coordinates": [693624.5, 5333188.5]}}, {"type": "Feature", "properties": {"h": 20.0}, "geometry": {"type": "Point", "coordinates": [693637.5, 5333189.5]}}, {"type": "Feature", "properties": {"h": 19.9}, "geometry": {"type": "Point", "coordinates": [693638.5, 5333188.5]}}, {"type": "Feature", "properties": {"h": 19.8}, "geometry": {"type": "Point", "coordinates": [693651.5, 5333188.5]}}, {"type": "Feature", "properties": {"h": 22.4}, "geometry": {"type": "Point", "coordinates": [693658.5, 5333188.5]}}, {"type": "Feature", "properties": {"h": 24.4}, "geometry": {"type": "Point", "coordinates": [693665.5, 5333190.5]}}, {"type": "Feature", "properties": {"h": 25.3}, "geometry": {"type": "Point", "coordinates": [693669.5, 5333191.5]}}, {"type": "Feature", "properties": {"h": 17.5}, "geometry": {"type": "Point", "coordinates": [693673.5, 5333193.5]}}, {"type": "Feature", "properties": {"h": 18.8}, "geometry": {"type": "Point", "coordinates": [693684.5, 5333188.5]}}, {"type": "Feature", "properties": {"h": 19.5}, "geometry": {"type": "Point", "coordinates": [693687.5, 5333194.5]}}, {"type": "Feature", "properties": {"h": 18.0}, "geometry": {"type": "Point", "coordinates": [693695.5, 5333188.5]}}, {"type": "Feature", "properties": {"h": 20.5}, "geometry": {"type": "Point", "coordinates": [693705.5, 5333188.5]}}, {"type": "Feature", "properties": {"h": 20.3}, "geometry": {"type": "Point", "coordinates": [693714.5, 5333188.5]}}, {"type": "Feature", "properties": {"h": 24.0}, "geometry": {"type": "Point", "coordinates": [693721.5, 5333192.5]}}, {"type": "Feature", "properties": {"h": 29.4}, "geometry": {"type": "Point", "coordinates": [693728.5, 5333188.5]}}, {"type": "Feature", "properties": {"h": 29.4}, "geometry": {"type": "Point", "coordinates": [693729.5, 5333189.5]}}, {"type": "Feature", "properties": {"h": 27.0}, "geometry": {"type": "Point", "coordinates": [693737.5, 5333193.5]}}, {"type": "Feature", "properties": {"h": 12.8}, "geometry": {"type": "Point", "coordinates": [692230.5, 5333181.5]}}, {"type": "Feature", "properties": {"h": 23.8}, "geometry": {"type": "Point", "coordinates": [692237.5, 5333181.5]}}, {"type": "Feature", "properties": {"h": 25.8}, "geometry": {"type": "Point", "coordinates": [692241.5, 5333181.5]}}, {"type": "Feature", "properties": {"h": 23.0}, "geometry": {"type": "Point", "coordinates": [692251.5, 5333181.5]}}, {"type": "Feature", "properties": {"h": 24.0}, "geometry": {"type": "Point", "coordinates": [692254.5, 5333181.5]}}, {"type": "Feature", "properties": {"h": 24.3}, "geometry": {"type": "Point", "coordinates": [692265.5, 5333187.5]}}, {"type": "Feature", "properties": {"h": 23.8}, "geometry": {"type": "Point", "coordinates": [692266.5, 5333187.5]}}, {"type": "Feature", "properties": {"h": 19.3}, "geometry": {"type": "Point", "coordinates": [692273.5, 5333187.5]}}, {"type": "Feature", "properties": {"h": 12.8}, "geometry": {"type": "Point", "coordinates": [692280.5, 5333186.5]}}, {"type": "Feature", "properties": {"h": 13.5}, "geometry": {"type": "Point", "coordinates": [693000.5, 5333181.5]}}, {"type": "Feature", "properties": {"h": 13.8}, "geometry": {"type": "Point", "coordinates": [693001.5, 5333181.5]}}, {"type": "Feature", "properties": {"h": 12.2}, "geometry": {"type": "Point", "coordinates": [693014.5, 5333181.5]}}, {"type": "Feature", "properties": {"h": 12.9}, "geometry": {"type": "Point", "coordinates": [693016.5, 5333181.5]}}, {"type": "Feature", "properties": {"h": 9.4}, "geometry": {"type": "Point", "coordinates": [693022.5, 5333181.5]}}, {"type": "Feature", "properties": {"h": 11.9}, "geometry": {"type": "Point", "coordinates": [693063.5, 5333181.5]}}, {"type": "Feature", "properties": {"h": 13.8}, "geometry": {"type": "Point", "coordinates": [693065.5, 5333181.5]}}, {"type": "Feature", "properties": {"h": 8.2}, "geometry": {"type": "Point", "coordinates": [693071.5, 5333181.5]}}, {"type": "Feature", "properties": {"h": 12.5}, "geometry": {"type": "Point", "coordinates": [693098.5, 5333182.5]}}, {"type": "Feature", "properties": {"h": 12.6}, "geometry": {"type": "Point", "coordinates": [693099.5, 5333182.5]}}, {"type": "Feature", "properties": {"h": 11.6}, "geometry": {"type": "Point", "coordinates": [693106.5, 5333187.5]}}, {"type": "Feature", "properties": {"h": 19.9}, "geometry": {"type": "Point", "coordinates": [693119.5, 5333181.5]}}, {"type": "Feature", "properties": {"h": 22.1}, "geometry": {"type": "Point", "coordinates": [693126.5, 5333183.5]}}, {"type": "Feature", "properties": {"h": 22.8}, "geometry": {"type": "Point", "coordinates": [693129.5, 5333183.5]}}, {"type": "Feature", "properties": {"h": 19.8}, "geometry": {"type": "Point", "coordinates": [693134.5, 5333181.5]}}, {"type": "Feature", "properties": {"h": 24.2}, "geometry": {"type": "Point", "coordinates": [693546.5, 5333185.5]}}, {"type": "Feature", "properties": {"h": 24.8}, "geometry": {"type": "Point", "coordinates": [693547.5, 5333185.5]}}, {"type": "Feature", "properties": {"h": 28.0}, "geometry": {"type": "Point", "coordinates": [693560.5, 5333183.5]}}, {"type": "Feature", "properties": {"h": 28.8}, "geometry": {"type": "Point", "coordinates": [693563.5, 5333183.5]}}, {"type": "Feature", "properties": {"h": 27.4}, "geometry": {"type": "Point", "coordinates": [693568.5, 5333183.5]}}, {"type": "Feature", "properties": {"h": 26.7}, "geometry": {"type": "Point", "coordinates": [693577.5, 5333182.5]}}, {"type": "Feature", "properties": {"h": 20.1}, "geometry": {"type": "Point", "coordinates": [693582.5, 5333182.5]}}, {"type": "Feature", "properties": {"h": 13.3}, "geometry": {"type": "Point", "coordinates": [693589.5, 5333181.5]}}, {"type": "Feature", "properties": {"h": 21.5}, "geometry": {"type": "Point", "coordinates": [693602.5, 5333183.5]}}, {"type": "Feature", "properties": {"h": 24.5}, "geometry": {"type": "Point", "coordinates": [693609.5, 5333181.5]}}, {"type": "Feature", "properties": {"h": 24.5}, "geometry": {"type": "Point", "coordinates": [693610.5, 5333181.5]}}, {"type": "Feature", "properties": {"h": 23.1}, "geometry": {"type": "Point", "coordinates": [693617.5, 5333184.5]}}, {"type": "Feature", "properties": {"h": 20.2}, "geometry": {"type": "Point", "coordinates": [693624.5, 5333181.5]}}, {"type": "Feature", "properties": {"h": 20.0}, "geometry": {"type": "Point", "coordinates": [693637.5, 5333187.5]}}, {"type": "Feature", "properties": {"h": 20.5}, "geometry": {"type": "Point", "coordinates": [693644.5, 5333181.5]}}, {"type": "Feature", "properties": {"h": 22.3}, "geometry": {"type": "Point", "coordinates": [693651.5, 5333184.5]}}, {"type": "Feature", "properties": {"h": 23.6}, "geometry": {"type": "Point", "coordinates": [693657.5, 5333186.5]}}, {"type": "Feature", "properties": {"h": 22.9}, "geometry": {"type": "Point", "coordinates": [693659.5, 5333187.5]}}, {"type": "Feature", "properties": {"h": 24.1}, "geometry": {"type": "Point", "coordinates": [693686.5, 5333182.5]}}, {"type": "Feature", "properties": {"h": 24.0}, "geometry": {"type": "Point", "coordinates": [693691.5, 5333182.5]}}, {"type": "Feature", "properties": {"h": 22.3}, "geometry": {"type": "Point", "coordinates": [693694.5, 5333182.5]}}, {"type": "Feature", "properties": {"h": 25.0}, "geometry": {"type": "Point", "coordinates": [693706.5, 5333184.5]}}, {"type": "Feature", "properties": {"h": 24.1}, "geometry": {"type": "Point", "coordinates": [693708.5, 5333185.5]}}, {"type": "Feature", "properties": {"h": 25.7}, "geometry": {"type": "Point", "coordinates": [693721.5, 5333185.5]}}, {"type": "Feature", "properties": {"h": 28.1}, "geometry": {"type": "Point", "coordinates": [693726.5, 5333187.5]}}, {"type": "Feature", "properties": {"h": 15.7}, "geometry": {"type": "Point", "coordinates": [692209.5, 5333174.5]}}, {"type": "Feature", "properties": {"h": 24.7}, "geometry": {"type": "Point", "coordinates": [692215.5, 5333174.5]}}, {"type": "Feature", "properties": {"h": 23.9}, "geometry": {"type": "Point", "coordinates": [692217.5, 5333175.5]}}, {"type": "Feature", "properties": {"h": 23.4}, "geometry": {"type": "Point", "coordinates": [692230.5, 5333174.5]}}, {"type": "Feature", "properties": {"h": 25.8}, "geometry": {"type": "Point", "coordinates": [692237.5, 5333174.5]}}, {"type": "Feature", "properties": {"h": 27.5}, "geometry": {"type": "Point", "coordinates": [692242.5, 5333177.5]}}, {"type": "Feature", "properties": {"h": 26.2}, "geometry": {"type": "Point", "coordinates": [692245.5, 5333178.5]}}, {"type": "Feature", "properties": {"h": 24.1}, "geometry": {"type": "Point", "coordinates": [692253.5, 5333180.5]}}, {"type": "Feature", "properties": {"h": 21.7}, "geometry": {"type": "Point", "coordinates": [692259.5, 5333180.5]}}, {"type": "Feature", "properties": {"h": 15.7}, "geometry": {"type": "Point", "coordinates": [692268.5, 5333180.5]}}, {"type": "Feature", "properties": {"h": 4.2}, "geometry": {"type": "Point", "coordinates": [692273.5, 5333180.5]}}, {"type": "Feature", "properties": {"h": 14.6}, "geometry": {"type": "Point", "coordinates": [693000.5, 5333178.5]}}, {"type": "Feature", "properties": {"h": 14.8}, "geometry": {"type": "Point", "coordinates": [693001.5, 5333178.5]}}, {"type": "Feature", "properties": {"h": 13.8}, "geometry": {"type": "Point", "coordinates": [693008.5, 5333175.5]}}, {"type": "Feature", "properties": {"h": 12.7}, "geometry": {"type": "Point", "coordinates": [693016.5, 5333180.5]}}, {"type": "Feature", "properties": {"h": 10.4}, "geometry": {"type": "Point", "coordinates": [693022.5, 5333176.5]}}, {"type": "Feature", "properties": {"h": 13.9}, "geometry": {"type": "Point", "coordinates": [693063.5, 5333179.5]}}, {"type": "Feature", "properties": {"h": 14.3}, "geometry": {"type": "Point", "coordinates": [693065.5, 5333179.5]}}, {"type": "Feature", "properties": {"h": 10.6}, "geometry": {"type": "Point", "coordinates": [693071.5, 5333178.5]}}, {"type": "Feature", "properties": {"h": 13.4}, "geometry": {"type": "Point", "coordinates": [693098.5, 5333175.5]}}, {"type": "Feature", "properties": {"h": 13.9}, "geometry": {"type": "Point", "coordinates": [693099.5, 5333175.5]}}, {"type": "Feature", "properties": {"h": 15.9}, "geometry": {"type": "Point", "coordinates": [693109.5, 5333174.5]}}, {"type": "Feature", "properties": {"h": 20.2}, "geometry": {"type": "Point", "coordinates": [693119.5, 5333180.5]}}, {"type": "Feature", "properties": {"h": 21.9}, "geometry": {"type": "Point", "coordinates": [693126.5, 5333179.5]}}, {"type": "Feature", "properties": {"h": 22.5}, "geometry": {"type": "Point", "coordinates": [693128.5, 5333180.5]}}, {"type": "Feature", "properties": {"h": 19.7}, "geometry": {"type": "Point", "coordinates": [693134.5, 5333180.5]}}, {"type": "Feature", "properties": {"h": 22.0}, "geometry": {"type": "Point", "coordinates": [693546.5, 5333177.5]}}, {"type": "Feature", "properties": {"h": 21.9}, "geometry": {"type": "Point", "coordinates": [693547.5, 5333177.5]}}, {"type": "Feature", "properties": {"h": 26.8}, "geometry": {"type": "Point", "coordinates": [693560.5, 5333180.5]}}, {"type": "Feature", "properties": {"h": 28.5}, "geometry": {"type": "Point", "coordinates": [693564.5, 5333180.5]}}, {"type": "Feature", "properties": {"h": 27.8}, "geometry": {"type": "Point", "coordinates": [693568.5, 5333176.5]}}, {"type": "Feature", "properties": {"h": 26.2}, "geometry": {"type": "Point", "coordinates": [693576.5, 5333180.5]}}, {"type": "Feature", "properties": {"h": 20.4}, "geometry": {"type": "Point", "coordinates": [693582.5, 5333174.5]}}, {"type": "Feature", "properties": {"h": 21.3}, "geometry": {"type": "Point", "coordinates": [693591.5, 5333174.5]}}, {"type": "Feature", "properties": {"h": 21.3}, "geometry": {"type": "Point", "coordinates": [693602.5, 5333180.5]}}, {"type": "Feature", "properties": {"h": 24.7}, "geometry": {"type": "Point", "coordinates": [693609.5, 5333179.5]}}, {"type": "Feature", "properties": {"h": 24.6}, "geometry": {"type": "Point", "coordinates": [693610.5, 5333179.5]}}, {"type": "Feature", "properties": {"h": 24.1}, "geometry": {"type": "Point", "coordinates": [693617.5, 5333179.5]}}, {"type": "Feature", "properties": {"h": 23.3}, "geometry": {"type": "Point", "coordinates": [693625.5, 5333174.5]}}, {"type": "Feature", "properties": {"h": 20.4}, "geometry": {"type": "Point", "coordinates": [693637.5, 5333178.5]}}, {"type": "Feature", "properties": {"h": 21.4}, "geometry": {"type": "Point", "coordinates": [693640.5, 5333179.5]}}, {"type": "Feature", "properties": {"h": 29.4}, "geometry": {"type": "Point", "coordinates": [693692.5, 5333174.5]}}, {"type": "Feature", "properties": {"h": 28.1}, "geometry": {"type": "Point", "coordinates": [693694.5, 5333174.5]}}, {"type": "Feature", "properties": {"h": 22.9}, "geometry": {"type": "Point", "coordinates": [693707.5, 5333180.5]}}, {"type": "Feature", "properties": {"h": 22.3}, "geometry": {"type": "Point", "coordinates": [693708.5, 5333180.5]}}, {"type": "Feature", "properties": {"h": 22.0}, "geometry": {"type": "Point", "coordinates": [692209.5, 5333173.5]}}, {"type": "Feature", "properties": {"h": 24.4}, "geometry": {"type": "Point", "coordinates": [692214.5, 5333173.5]}}, {"type": "Feature", "properties": {"h": 23.7}, "geometry": {"type": "Point", "coordinates": [692217.5, 5333172.5]}}, {"type": "Feature", "properties": {"h": 24.9}, "geometry": {"type": "Point", "coordinates": [692230.5, 5333170.5]}}, {"type": "Feature", "properties": {"h": 25.7}, "geometry": {"type": "Point", "coordinates": [692237.5, 5333173.5]}}, {"type": "Feature", "properties": {"h": 26.7}, "geometry": {"type": "Point", "coordinates": [692240.5, 5333173.5]}}, {"type": "Feature", "properties": {"h": 25.7}, "geometry": {"type": "Point", "coordinates": [692245.5, 5333173.5]}}, {"type": "Feature", "properties": {"h": 21.1}, "geometry": {"type": "Point", "coordinates": [692253.5, 5333173.5]}}, {"type": "Feature", "properties": {"h": 15.1}, "geometry": {"type": "Point", "coordinates": [692262.5, 5333173.5]}}, {"type": "Feature", "properties": {"h": 3.5}, "geometry": {"type": "Point", "coordinates": [692375.5, 5333169.5]}}, {"type": "Feature", "properties": {"h": 12.1}, "geometry": {"type": "Point", "coordinates": [693000.5, 5333173.5]}}, {"type": "Feature", "properties": {"h": 14.0}, "geometry": {"type": "Point", "coordinates": [693005.5, 5333173.5]}}, {"type": "Feature", "properties": {"h": 12.5}, "geometry": {"type": "Point", "coordinates": [693008.5, 5333173.5]}}, {"type": "Feature", "properties": {"h": 11.4}, "geometry": {"type": "Point", "coordinates": [693020.5, 5333167.5]}}, {"type": "Feature", "properties": {"h": 10.6}, "geometry": {"type": "Point", "coordinates": [693024.5, 5333167.5]}}, {"type": "Feature", "properties": {"h": 5.2}, "geometry": {"type": "Point", "coordinates": [693034.5, 5333167.5]}}, {"type": "Feature", "properties": {"h": 6.1}, "geometry": {"type": "Point", "coordinates": [693037.5, 5333167.5]}}, {"type": "Feature", "properties": {"h": 10.5}, "geometry": {"type": "Point", "coordinates": [693063.5, 5333173.5]}}, {"type": "Feature", "properties": {"h": 12.5}, "geometry": {"type": "Point", "coordinates": [693067.5, 5333173.5]}}, {"type": "Feature", "properties": {"h": 7.6}, "geometry": {"type": "Point", "coordinates": [693071.5, 5333173.5]}}, {"type": "Feature", "properties": {"h": 5.5}, "geometry": {"type": "Point", "coordinates": [693091.5, 5333167.5]}}, {"type": "Feature", "properties": {"h": 19.5}, "geometry": {"type": "Point", "coordinates": [693098.5, 5333167.5]}}, {"type": "Feature", "properties": {"h": 19.3}, "geometry": {"type": "Point", "coordinates": [693099.5, 5333167.5]}}, {"type": "Feature", "properties": {"h": 21.0}, "geometry": {"type": "Point", "coordinates": [693111.5, 5333167.5]}}, {"type": "Feature", "properties": {"h": 21.0}, "geometry": {"type": "Point", "coordinates": [693117.5, 5333169.5]}}, {"type": "Feature", "properties": {"h": 21.2}, "geometry": {"type": "Point", "coordinates": [693126.5, 5333173.5]}}, {"type": "Feature", "properties": {"h": 21.4}, "geometry": {"type": "Point", "coordinates": [693127.5, 5333173.5]}}, {"type": "Feature", "properties": {"h": 14.6}, "geometry": {"type": "Point", "coordinates": [693136.5, 5333169.5]}}, {"type": "Feature", "properties": {"h": 14.6}, "geometry": {"type": "Point", "coordinates": [693545.5, 5333173.5]}}, {"type": "Feature", "properties": {"h": 13.6}, "geometry": {"type": "Point", "coordinates": [693547.5, 5333173.5]}}, {"type": "Feature", "properties": {"h": 21.4}, "geometry": {"type": "Point", "coordinates": [693556.5, 5333173.5]}}, {"type": "Feature", "properties": {"h": 27.5}, "geometry": {"type": "Point", "coordinates": [693565.5, 5333173.5]}}, {"type": "Feature", "properties": {"h": 26.6}, "geometry": {"type": "Point", "coordinates": [693568.5, 5333173.5]}}, {"type": "Feature", "properties": {"h": 24.1}, "geometry": {"type": "Point", "coordinates": [693575.5, 5333167.5]}}, {"type": "Feature", "properties": {"h": 22.2}, "geometry": {"type": "Point", "coordinates": [693582.5, 5333167.5]}}, {"type": "Feature", "properties": {"h": 23.6}, "geometry": {"type": "Point", "coordinates": [693593.5, 5333167.5]}}, {"type": "Feature", "properties": {"h": 27.0}, "geometry": {"type": "Point", "coordinates": [693599.5, 5333167.5]}}, {"type": "Feature", "properties": {"h": 25.6}, "geometry": {"type": "Point", "coordinates": [693603.5, 5333167.5]}}, {"type": "Feature", "properties": {"h": 24.3}, "geometry": {"type": "Point", "coordinates": [693610.5, 5333173.5]}}, {"type": "Feature", "properties": {"h": 24.0}, "geometry": {"type": "Point", "coordinates": [693623.5, 5333172.5]}}, {"type": "Feature", "properties": {"h": 23.9}, "geometry": {"type": "Point", "coordinates": [693625.5, 5333173.5]}}, {"type": "Feature", "properties": {"h": 29.5}, "geometry": {"type": "Point", "coordinates": [693692.5, 5333173.5]}}, {"type": "Feature", "properties": {"h": 28.4}, "geometry": {"type": "Point", "coordinates": [693694.5, 5333172.5]}}, {"type": "Feature", "properties": {"h": 4.3}, "geometry": {"type": "Point", "coordinates": [692170.5, 5333160.5]}}, {"type": "Feature", "properties": {"h": 18.3}, "geometry": {"type": "Point", "coordinates": [692188.5, 5333161.5]}}, {"type": "Feature", "properties": {"h": 20.6}, "geometry": {"type": "Point", "coordinates": [692195.5, 5333160.5]}}, {"type": "Feature", "properties": {"h": 22.9}, "geometry": {"type": "Point", "coordinates": [692201.5, 5333163.5]}}, {"type": "Feature", "properties": {"h": 24.4}, "geometry": {"type": "Point", "coordinates": [692207.5, 5333161.5]}}, {"type": "Feature", "properties": {"h": 24.3}, "geometry": {"type": "Point", "coordinates": [692212.5, 5333166.5]}}, {"type": "Feature", "properties": {"h": 23.6}, "geometry": {"type": "Point", "coordinates": [692217.5, 5333163.5]}}, {"type": "Feature", "properties": {"h": 22.5}, "geometry": {"type": "Point", "coordinates": [692229.5, 5333166.5]}}, {"type": "Feature", "properties": {"h": 22.0}, "geometry": {"type": "Point", "coordinates": [692231.5, 5333166.5]}}, {"type": "Feature", "properties": {"h": 16.8}, "geometry": {"type": "Point", "coordinates": [692238.5, 5333166.5]}}, {"type": "Feature", "properties": {"h": 13.3}, "geometry": {"type": "Point", "coordinates": [692245.5, 5333166.5]}}, {"type": "Feature", "properties": {"h": 13.1}, "geometry": {"type": "Point", "coordinates": [693007.5, 5333160.5]}}, {"type": "Feature", "properties": {"h": 13.8}, "geometry": {"type": "Point", "coordinates": [693009.5, 5333160.5]}}, {"type": "Feature", "properties": {"h": 19.2}, "geometry": {"type": "Point", "coordinates": [693021.5, 5333163.5]}}, {"type": "Feature", "properties": {"h": 19.8}, "geometry": {"type": "Point", "coordinates": [693023.5, 5333162.5]}}, {"type": "Feature", "properties": {"h": 17.7}, "geometry": {"type": "Point", "coordinates": [693029.5, 5333160.5]}}, {"type": "Feature", "properties": {"h": 12.4}, "geometry": {"type": "Point", "coordinates": [693037.5, 5333160.5]}}, {"type": "Feature", "properties": {"h": 6.9}, "geometry": {"type": "Point", "coordinates": [693043.5, 5333160.5]}}, {"type": "Feature", "properties": {"h": 11.6}, "geometry": {"type": "Point", "coordinates": [693052.5, 5333160.5]}}, {"type": "Feature", "properties": {"h": 9.6}, "geometry": {"type": "Point", "coordinates": [693070.5, 5333160.5]}}, {"type": "Feature", "properties": {"h": 13.2}, "geometry": {"type": "Point", "coordinates": [693077.5, 5333160.5]}}, {"type": "Feature", "properties": {"h": 15.4}, "geometry": {"type": "Point", "coordinates": [693080.5, 5333160.5]}}, {"type": "Feature", "properties": {"h": 21.0}, "geometry": {"type": "Point", "coordinates": [693091.5, 5333161.5]}}, {"type": "Feature", "properties": {"h": 23.3}, "geometry": {"type": "Point", "coordinates": [693097.5, 5333160.5]}}, {"type": "Feature", "properties": {"h": 22.9}, "geometry": {"type": "Point", "coordinates": [693099.5, 5333160.5]}}, {"type": "Feature", "properties": {"h": 21.3}, "geometry": {"type": "Point", "coordinates": [693110.5, 5333164.5]}}, {"type": "Feature", "properties": {"h": 20.9}, "geometry": {"type": "Point", "coordinates": [693113.5, 5333166.5]}}, {"type": "Feature", "properties": {"h": 16.9}, "geometry": {"type": "Point", "coordinates": [693120.5, 5333166.5]}}, {"type": "Feature", "properties": {"h": 14.1}, "geometry": {"type": "Point", "coordinates": [693130.5, 5333166.5]}}, {"type": "Feature", "properties": {"h": 12.6}, "geometry": {"type": "Point", "coordinates": [693134.5, 5333166.5]}}, {"type": "Feature", "properties": {"h": 21.0}, "geometry": {"type": "Point", "coordinates": [693545.5, 5333161.5]}}, {"type": "Feature", "properties": {"h": 18.7}, "geometry": {"type": "Point", "coordinates": [693547.5, 5333160.5]}}, {"type": "Feature", "properties": {"h": 21.3}, "geometry": {"type": "Point", "coordinates": [693560.5, 5333160.5]}}, {"type": "Feature", "properties": {"h": 23.7}, "geometry": {"type": "Point", "coordinates": [693567.5, 5333160.5]}}, {"type": "Feature", "properties": {"h": 25.1}, "geometry": {"type": "Point", "coordinates": [693573.5, 5333161.5]}}, {"type": "Feature", "properties": {"h": 26.8}, "geometry": {"type": "Point", "coordinates": [693581.5, 5333161.5]}}, {"type": "Feature", "properties": {"h": 27.1}, "geometry": {"type": "Point", "coordinates": [693584.5, 5333160.5]}}, {"type": "Feature", "properties": {"h": 27.7}, "geometry": {"type": "Point", "coordinates": [693595.5, 5333161.5]}}, {"type": "Feature", "properties": {"h": 27.5}, "geometry": {"type": "Point", "coordinates": [693596.5, 5333161.5]}}, {"type": "Feature", "properties": {"h": 26.2}, "geometry": {"type": "Point", "coordinates": [693603.5, 5333165.5]}}, {"type": "Feature", "properties": {"h": 13.5}, "geometry": {"type": "Point", "coordinates": [692174.5, 5333154.5]}}, {"type": "Feature", "properties": {"h": 15.2}, "geometry": {"type": "Point", "coordinates": [692181.5, 5333153.5]}}, {"type": "Feature", "properties": {"h": 18.2}, "geometry": {"type": "Point", "coordinates": [692187.5, 5333159.5]}}, {"type": "Feature", "properties": {"h": 21.8}, "geometry": {"type": "Point", "coordinates": [692195.5, 5333157.5]}}, {"type": "Feature", "properties": {"h": 21.9}, "geometry": {"type": "Point", "coordinates": [692202.5, 5333159.5]}}, {"type": "Feature", "properties": {"h": 24.0}, "geometry": {"type": "Point", "coordinates": [692206.5, 5333159.5]}}, {"type": "Feature", "properties": {"h": 23.5}, "geometry": {"type": "Point", "coordinates": [692210.5, 5333159.5]}}, {"type": "Feature", "properties": {"h": 20.9}, "geometry": {"type": "Point", "coordinates": [692217.5, 5333159.5]}}, {"type": "Feature", "properties": {"h": 17.5}, "geometry": {"type": "Point", "coordinates": [692224.5, 5333159.5]}}, {"type": "Feature", "properties": {"h": 13.8}, "geometry": {"type": "Point", "coordinates": [692231.5, 5333159.5]}}, {"type": "Feature", "properties": {"h": 12.8}, "geometry": {"type": "Point", "coordinates": [693007.5, 5333159.5]}}, {"type": "Feature", "properties": {"h": 13.4}, "geometry": {"type": "Point", "coordinates": [693009.5, 5333159.5]}}, {"type": "Feature", "properties": {"h": 17.0}, "geometry": {"type": "Point", "coordinates": [693021.5, 5333159.5]}}, {"type": "Feature", "properties": {"h": 19.7}, "geometry": {"type": "Point", "coordinates": [693028.5, 5333156.5]}}, {"type": "Feature", "properties": {"h": 20.0}, "geometry": {"type": "Point", "coordinates": [693029.5, 5333156.5]}}, {"type": "Feature", "properties": {"h": 12.9}, "geometry": {"type": "Point", "coordinates": [693037.5, 5333158.5]}}, {"type": "Feature", "properties": {"h": 9.3}, "geometry": {"type": "Point", "coordinates": [693049.5, 5333157.5]}}, {"type": "Feature", "properties": {"h": 11.7}, "geometry": {"type": "Point", "coordinates": [693053.5, 5333159.5]}}, {"type": "Feature", "properties": {"h": 11.2}, "geometry": {"type": "Point", "coordinates": [693063.5, 5333153.5]}}, {"type": "Feature", "properties": {"h": 18.2}, "geometry": {"type": "Point", "coordinates": [693070.5, 5333153.5]}}, {"type": "Feature", "properties": {"h": 19.6}, "geometry": {"type": "Point", "coordinates": [693077.5, 5333153.5]}}, {"type": "Feature", "properties": {"h": 19.7}, "geometry": {"type": "Point", "coordinates": [693078.5, 5333153.5]}}, {"type": "Feature", "properties": {"h": 20.3}, "geometry": {"type": "Point", "coordinates": [693091.5, 5333159.5]}}, {"type": "Feature", "properties": {"h": 23.5}, "geometry": {"type": "Point", "coordinates": [693096.5, 5333158.5]}}, {"type": "Feature", "properties": {"h": 22.9}, "geometry": {"type": "Point", "coordinates": [693099.5, 5333159.5]}}, {"type": "Feature", "properties": {"h": 16.8}, "geometry": {"type": "Point", "coordinates": [693109.5, 5333158.5]}}, {"type": "Feature", "properties": {"h": 18.1}, "geometry": {"type": "Point", "coordinates": [693116.5, 5333159.5]}}, {"type": "Feature", "properties": {"h": 22.8}, "geometry": {"type": "Point", "coordinates": [693546.5, 5333156.5]}}, {"type": "Feature", "properties": {"h": 23.4}, "geometry": {"type": "Point", "coordinates": [693547.5, 5333155.5]}}, {"type": "Feature", "properties": {"h": 21.1}, "geometry": {"type": "Point", "coordinates": [693560.5, 5333159.5]}}, {"type": "Feature", "properties": {"h": 23.8}, "geometry": {"type": "Point", "coordinates": [693567.5, 5333156.5]}}, {"type": "Feature", "properties": {"h": 25.2}, "geometry": {"type": "Point", "coordinates": [693570.5, 5333156.5]}}, {"type": "Feature", "properties": {"h": 26.2}, "geometry": {"type": "Point", "coordinates": [693581.5, 5333159.5]}}, {"type": "Feature", "properties": {"h": 26.8}, "geometry": {"type": "Point", "coordinates": [693584.5, 5333159.5]}}, {"type": "Feature", "properties": {"h": 25.8}, "geometry": {"type": "Point", "coordinates": [693591.5, 5333159.5]}}, {"type": "Feature", "properties": {"h": 21.3}, "geometry": {"type": "Point", "coordinates": [692173.5, 5333146.5]}}, {"type": "Feature", "properties": {"h": 23.1}, "geometry": {"type": "Point", "coordinates": [692181.5, 5333148.5]}}, {"type": "Feature", "properties": {"h": 24.4}, "geometry": {"type": "Point", "coordinates": [692188.5, 5333150.5]}}, {"type": "Feature", "properties": {"h": 25.2}, "geometry": {"type": "Point", "coordinates": [692189.5, 5333150.5]}}, {"type": "Feature", "properties": {"h": 21.9}, "geometry": {"type": "Point", "coordinates": [692202.5, 5333152.5]}}, {"type": "Feature", "properties": {"h": 23.6}, "geometry": {"type": "Point", "coordinates": [692207.5, 5333152.5]}}, {"type": "Feature", "properties": {"h": 22.2}, "geometry": {"type": "Point", "coordinates": [692210.5, 5333152.5]}}, {"type": "Feature", "properties": {"h": 16.9}, "geometry": {"type": "Point", "coordinates": [692217.5, 5333152.5]}}, {"type": "Feature", "properties": {"h": 8.7}, "geometry": {"type": "Point", "coordinates": [692224.5, 5333152.5]}}, {"type": "Feature", "properties": {"h": 9.9}, "geometry": {"type": "Point", "coordinates": [693014.5, 5333152.5]}}, {"type": "Feature", "properties": {"h": 10.6}, "geometry": {"type": "Point", "coordinates": [693015.5, 5333152.5]}}, {"type": "Feature", "properties": {"h": 14.9}, "geometry": {"type": "Point", "coordinates": [693028.5, 5333152.5]}}, {"type": "Feature", "properties": {"h": 15.3}, "geometry": {"type": "Point", "coordinates": [693030.5, 5333152.5]}}, {"type": "Feature", "properties": {"h": 3.6}, "geometry": {"type": "Point", "coordinates": [693036.5, 5333152.5]}}, {"type": "Feature", "properties": {"h": 12.9}, "geometry": {"type": "Point", "coordinates": [693050.5, 5333146.5]}}, {"type": "Feature", "properties": {"h": 14.2}, "geometry": {"type": "Point", "coordinates": [693063.5, 5333146.5]}}, {"type": "Feature", "properties": {"h": 18.3}, "geometry": {"type": "Point", "coordinates": [693070.5, 5333152.5]}}, {"type": "Feature", "properties": {"h": 19.7}, "geometry": {"type": "Point", "coordinates": [693077.5, 5333152.5]}}, {"type": "Feature", "properties": {"h": 19.8}, "geometry": {"type": "Point", "coordinates": [693078.5, 5333152.5]}}, {"type": "Feature", "properties": {"h": 19.9}, "geometry": {"type": "Point", "coordinates": [693087.5, 5333151.5]}}, {"type": "Feature", "properties": {"h": 18.1}, "geometry": {"type": "Point", "coordinates": [693092.5, 5333152.5]}}, {"type": "Feature", "properties": {"h": 15.2}, "geometry": {"type": "Point", "coordinates": [693546.5, 5333152.5]}}, {"type": "Feature", "properties": {"h": 18.5}, "geometry": {"type": "Point", "coordinates": [693553.5, 5333152.5]}}, {"type": "Feature", "properties": {"h": 20.2}, "geometry": {"type": "Point", "coordinates": [693560.5, 5333148.5]}}, {"type": "Feature", "properties": {"h": 22.5}, "geometry": {"type": "Point", "coordinates": [693567.5, 5333152.5]}}, {"type": "Feature", "properties": {"h": 22.7}, "geometry": {"type": "Point", "coordinates": [693568.5, 5333152.5]}}, {"type": "Feature", "properties": {"h": 20.4}, "geometry": {"type": "Point", "coordinates": [693575.5, 5333149.5]}}, {"type": "Feature", "properties": {"h": 23.2}, "geometry": {"type": "Point", "coordinates": [693585.5, 5333150.5]}}, {"type": "Feature", "properties": {"h": 19.9}, "geometry": {"type": "Point", "coordinates": [692167.5, 5333139.5]}}, {"type": "Feature", "properties": {"h": 24.8}, "geometry": {"type": "Point", "coordinates": [692174.5, 5333139.5]}}, {"type": "Feature", "properties": {"h": 24.8}, "geometry": {"type": "Point", "coordinates": [692175.5, 5333139.5]}}, {"type": "Feature", "properties": {"h": 23.9}, "geometry": {"type": "Point", "coordinates": [692185.5, 5333139.5]}}, {"type": "Feature", "properties": {"h": 24.1}, "geometry": {"type": "Point", "coordinates": [692189.5, 5333145.5]}}, {"type": "Feature", "properties": {"h": 21.7}, "geometry": {"type": "Point", "coordinates": [692202.5, 5333145.5]}}, {"type": "Feature", "properties": {"h": 21.6}, "geometry": {"type": "Point", "coordinates": [692203.5, 5333145.5]}}, {"type": "Feature", "properties": {"h": 13.1}, "geometry": {"type": "Point", "coordinates": [692210.5, 5333145.5]}}, {"type": "Feature", "properties": {"h": 6.1}, "geometry": {"type": "Point", "coordinates": [692217.5, 5333145.5]}}, {"type": "Feature", "properties": {"h": 7.1}, "geometry": {"type": "Point", "coordinates": [693014.5, 5333143.5]}}, {"type": "Feature", "properties": {"h": 10.3}, "geometry": {"type": "Point", "coordinates": [693018.5, 5333145.5]}}, {"type": "Feature", "properties": {"h": 14.5}, "geometry": {"type": "Point", "coordinates": [693028.5, 5333139.5]}}, {"type": "Feature", "properties": {"h": 14.9}, "geometry": {"type": "Point", "coordinates": [693029.5, 5333139.5]}}, {"type": "Feature", "properties": {"h": 8.8}, "geometry": {"type": "Point", "coordinates": [693042.5, 5333141.5]}}, {"type": "Feature", "properties": {"h": 13.2}, "geometry": {"type": "Point", "coordinates": [693049.5, 5333143.5]}}, {"type": "Feature", "properties": {"h": 16.0}, "geometry": {"type": "Point", "coordinates": [693056.5, 5333143.5]}}, {"type": "Feature", "properties": {"h": 15.7}, "geometry": {"type": "Point", "coordinates": [693057.5, 5333142.5]}}, {"type": "Feature", "properties": {"h": 16.7}, "geometry": {"type": "Point", "coordinates": [693070.5, 5333145.5]}}, {"type": "Feature", "properties": {"h": 17.8}, "geometry": {"type": "Point", "coordinates": [693072.5, 5333145.5]}}, {"type": "Feature", "properties": {"h": 14.4}, "geometry": {"type": "Point", "coordinates": [693553.5, 5333139.5]}}, {"type": "Feature", "properties": {"h": 15.6}, "geometry": {"type": "Point", "coordinates": [693557.5, 5333142.5]}}, {"type": "Feature", "properties": {"h": 20.6}, "geometry": {"type": "Point", "coordinates": [693566.5, 5333145.5]}}, {"type": "Feature", "properties": {"h": 20.1}, "geometry": {"type": "Point", "coordinates": [693568.5, 5333145.5]}}, {"type": "Feature", "properties": {"h": 19.0}, "geometry": {"type": "Point", "coordinates": [693575.5, 5333145.5]}}, {"type": "Feature", "properties": {"h": 13.7}, "geometry": {"type": "Point", "coordinates": [693582.5, 5333145.5]}}, {"type": "Feature", "properties": {"h": 21.5}, "geometry": {"type": "Point", "coordinates": [692167.5, 5333134.5]}}, {"type": "Feature", "properties": {"h": 25.0}, "geometry": {"type": "Point", "coordinates": [692173.5, 5333137.5]}}, {"type": "Feature", "properties": {"h": 29.0}, "geometry": {"type": "Point", "coordinates": [692179.5, 5333132.5]}}, {"type": "Feature", "properties": {"h": 27.8}, "geometry": {"type": "Point", "coordinates": [692182.5, 5333133.5]}}, {"type": "Feature", "properties": {"h": 22.7}, "geometry": {"type": "Point", "coordinates": [692190.5, 5333138.5]}}, {"type": "Feature", "properties": {"h": 18.8}, "geometry": {"type": "Point", "coordinates": [692196.5, 5333138.5]}}, {"type": "Feature", "properties": {"h": 17.3}, "geometry": {"type": "Point", "coordinates": [692203.5, 5333136.5]}}, {"type": "Feature", "properties": {"h": 6.8}, "geometry": {"type": "Point", "coordinates": [692210.5, 5333136.5]}}, {"type": "Feature", "properties": {"h": 3.5}, "geometry": {"type": "Point", "coordinates": [692377.5, 5333135.5]}}, {"type": "Feature", "properties": {"h": 14.7}, "geometry": {"type": "Point", "coordinates": [693021.5, 5333132.5]}}, {"type": "Feature", "properties": {"h": 15.1}, "geometry": {"type": "Point", "coordinates": [693025.5, 5333132.5]}}, {"type": "Feature", "properties": {"h": 15.5}, "geometry": {"type": "Point", "coordinates": [693030.5, 5333137.5]}}, {"type": "Feature", "properties": {"h": 13.2}, "geometry": {"type": "Point", "coordinates": [693041.5, 5333138.5]}}, {"type": "Feature", "properties": {"h": 13.0}, "geometry": {"type": "Point", "coordinates": [693043.5, 5333137.5]}}, {"type": "Feature", "properties": {"h": 13.8}, "geometry": {"type": "Point", "coordinates": [693050.5, 5333138.5]}}, {"type": "Feature", "properties": {"h": 14.0}, "geometry": {"type": "Point", "coordinates": [693553.5, 5333138.5]}}, {"type": "Feature", "properties": {"h": 14.5}, "geometry": {"type": "Point", "coordinates": [693554.5, 5333138.5]}}, {"type": "Feature", "properties": {"h": 11.4}, "geometry": {"type": "Point", "coordinates": [693561.5, 5333138.5]}}, {"type": "Feature", "properties": {"h": 20.4}, "geometry": {"type": "Point", "coordinates": [692167.5, 5333131.5]}}, {"type": "Feature", "properties": {"h": 30.7}, "geometry": {"type": "Point", "coordinates": [692174.5, 5333129.5]}}, {"type": "Feature", "properties": {"h": 31.7}, "geometry": {"type": "Point", "coordinates": [692177.5, 5333125.5]}}, {"type": "Feature", "properties": {"h": 27.4}, "geometry": {"type": "Point", "coordinates": [692182.5, 5333131.5]}}, {"type": "Feature", "properties": {"h": 21.4}, "geometry": {"type": "Point", "coordinates": [692191.5, 5333130.5]}}, {"type": "Feature", "properties": {"h": 17.1}, "geometry": {"type": "Point", "coordinates": [692196.5, 5333131.5]}}, {"type": "Feature", "properties": {"h": 15.4}, "geometry": {"type": "Point", "coordinates": [692203.5, 5333129.5]}}, {"type": "Feature", "properties": {"h": 14.7}, "geometry": {"type": "Point", "coordinates": [693021.5, 5333131.5]}}, {"type": "Feature", "properties": {"h": 15.3}, "geometry": {"type": "Point", "coordinates": [693025.5, 5333131.5]}}, {"type": "Feature", "properties": {"h": 15.0}, "geometry": {"type": "Point", "coordinates": [693030.5, 5333131.5]}}, {"type": "Feature", "properties": {"h": 17.1}, "geometry": {"type": "Point", "coordinates": [692165.5, 5333121.5]}}, {"type": "Feature", "properties": {"h": 25.3}, "geometry": {"type": "Point", "coordinates": [692174.5, 5333122.5]}}, {"type": "Feature", "properties": {"h": 28.8}, "geometry": {"type": "Point", "coordinates": [692177.5, 5333124.5]}}, {"type": "Feature", "properties": {"h": 24.1}, "geometry": {"type": "Point", "coordinates": [692182.5, 5333124.5]}}, {"type": "Feature", "properties": {"h": 16.3}, "geometry": {"type": "Point", "coordinates": [692189.5, 5333124.5]}}, {"type": "Feature", "properties": {"h": 13.1}, "geometry": {"type": "Point", "coordinates": [692197.5, 5333124.5]}}, {"type": "Feature", "properties": {"h": 15.7}, "geometry": {"type": "Point", "coordinates": [692167.5, 5333117.5]}}, {"type": "Feature", "properties": {"h": 18.3}, "geometry": {"type": "Point", "coordinates": [692171.5, 5333117.5]}}, {"type": "Feature", "properties": {"h": 22.1}, "geometry": {"type": "Point", "coordinates": [692181.5, 5333115.5]}}, {"type": "Feature", "properties": {"h": 22.4}, "geometry": {"type": "Point", "coordinates": [692183.5, 5333116.5]}}, {"type": "Feature", "properties": {"h": 15.1}, "geometry": {"type": "Point", "coordinates": [692189.5, 5333117.5]}}, {"type": "Feature", "properties": {"h": 3.1}, "geometry": {"type": "Point", "coordinates": [692361.5, 5333116.5]}}, {"type": "Feature", "properties": {"h": 13.4}, "geometry": {"type": "Point", "coordinates": [692164.5, 5333108.5]}}, {"type": "Feature", "properties": {"h": 14.9}, "geometry": {"type": "Point", "coordinates": [692172.5, 5333110.5]}}, {"type": "Feature", "properties": {"h": 15.7}, "geometry": {"type": "Point", "coordinates": [692179.5, 5333110.5]}}, {"type": "Feature", "properties": {"h": 13.5}, "geometry": {"type": "Point", "coordinates": [692182.5, 5333110.5]}}, {"type": "Feature", "properties": {"h": 3.6}, "geometry": {"type": "Point", "coordinates": [692355.5, 5333110.5]}}, {"type": "Feature", "properties": {"h": 11.9}, "geometry": {"type": "Point", "coordinates": [692159.5, 5333097.5]}}, {"type": "Feature", "properties": {"h": 13.1}, "geometry": {"type": "Point", "coordinates": [692164.5, 5333101.5]}}, {"type": "Feature", "properties": {"h": 7.0}, "geometry": {"type": "Point", "coordinates": [692170.5, 5333103.5]}}, {"type": "Feature", "properties": {"h": 4.3}, "geometry": {"type": "Point", "coordinates": [692211.5, 5333098.5]}}, {"type": "Feature", "properties": {"h": 4.7}, "geometry": {"type": "Point", "coordinates": [692328.5, 5333103.5]}}, {"type": "Feature", "properties": {"h": 13.1}, "geometry": {"type": "Point", "coordinates": [692159.5, 5333091.5]}}, {"type": "Feature", "properties": {"h": 14.4}, "geometry": {"type": "Point", "coordinates": [692161.5, 5333093.5]}}, {"type": "Feature", "properties": {"h": 8.2}, "geometry": {"type": "Point", "coordinates": [692168.5, 5333090.5]}}, {"type": "Feature", "properties": {"h": 13.3}, "geometry": {"type": "Point", "coordinates": [692158.5, 5333089.5]}}, {"type": "Feature", "properties": {"h": 12.6}, "geometry": {"type": "Point", "coordinates": [692162.5, 5333089.5]}}, {"type": "Feature", "properties": {"h": 8.2}, "geometry": {"type": "Point", "coordinates": [692168.5, 5333089.5]}}, {"type": "Feature", "properties": {"h": 4.0}, "geometry": {"type": "Point", "coordinates": [692327.5, 5333087.5]}}, {"type": "Feature", "properties": {"h": 3.9}, "geometry": {"type": "Point", "coordinates": [692332.5, 5333084.5]}}, {"type": "Feature", "properties": {"h": 11.4}, "geometry": {"type": "Point", "coordinates": [692153.5, 5333082.5]}}, {"type": "Feature", "properties": {"h": 13.4}, "geometry": {"type": "Point", "coordinates": [692160.5, 5333080.5]}}, {"type": "Feature", "properties": {"h": 14.2}, "geometry": {"type": "Point", "coordinates": [692161.5, 5333081.5]}}, {"type": "Feature", "properties": {"h": 3.4}, "geometry": {"type": "Point", "coordinates": [692334.5, 5333079.5]}}, {"type": "Feature", "properties": {"h": 16.0}, "geometry": {"type": "Point", "coordinates": [692150.5, 5333069.5]}}, {"type": "Feature", "properties": {"h": 9.6}, "geometry": {"type": "Point", "coordinates": [692154.5, 5333071.5]}}, {"type": "Feature", "properties": {"h": 5.1}, "geometry": {"type": "Point", "coordinates": [692161.5, 5333075.5]}}, {"type": "Feature", "properties": {"h": 4.1}, "geometry": {"type": "Point", "coordinates": [692230.5, 5333072.5]}}, {"type": "Feature", "properties": {"h": 4.2}, "geometry": {"type": "Point", "coordinates": [692234.5, 5333070.5]}}, {"type": "Feature", "properties": {"h": 16.9}, "geometry": {"type": "Point", "coordinates": [692146.5, 5333062.5]}}, {"type": "Feature", "properties": {"h": 16.8}, "geometry": {"type": "Point", "coordinates": [692150.5, 5333068.5]}}, {"type": "Feature", "properties": {"h": 16.4}, "geometry": {"type": "Point", "coordinates": [692154.5, 5333066.5]}}, {"type": "Feature", "properties": {"h": 10.1}, "geometry": {"type": "Point", "coordinates": [692161.5, 5333064.5]}}, {"type": "Feature", "properties": {"h": 4.0}, "geometry": {"type": "Point", "coordinates": [692236.5, 5333068.5]}}, {"type": "Feature", "properties": {"h": 8.5}, "geometry": {"type": "Point", "coordinates": [692244.5, 5333064.5]}}, {"type": "Feature", "properties": {"h": 8.8}, "geometry": {"type": "Point", "coordinates": [692246.5, 5333063.5]}}, {"type": "Feature", "properties": {"h": 16.1}, "geometry": {"type": "Point", "coordinates": [692146.5, 5333061.5]}}, {"type": "Feature", "properties": {"h": 11.8}, "geometry": {"type": "Point", "coordinates": [692147.5, 5333061.5]}}, {"type": "Feature", "properties": {"h": 11.5}, "geometry": {"type": "Point", "coordinates": [692156.5, 5333061.5]}}, {"type": "Feature", "properties": {"h": 8.7}, "geometry": {"type": "Point", "coordinates": [692250.5, 5333061.5]}}, {"type": "Feature", "properties": {"h": 8.7}, "geometry": {"type": "Point", "coordinates": [692253.5, 5333059.5]}}, {"type": "Feature", "properties": {"h": 8.6}, "geometry": {"type": "Point", "coordinates": [692260.5, 5333055.5]}}, {"type": "Feature", "properties": {"h": 3.0}, "geometry": {"type": "Point", "coordinates": [692332.5, 5333057.5]}}, {"type": "Feature", "properties": {"h": 10.1}, "geometry": {"type": "Point", "coordinates": [692112.5, 5333048.5]}}, {"type": "Feature", "properties": {"h": 9.4}, "geometry": {"type": "Point", "coordinates": [692139.5, 5333050.5]}}, {"type": "Feature", "properties": {"h": 13.2}, "geometry": {"type": "Point", "coordinates": [692143.5, 5333048.5]}}, {"type": "Feature", "properties": {"h": 11.9}, "geometry": {"type": "Point", "coordinates": [692147.5, 5333048.5]}}, {"type": "Feature", "properties": {"h": 8.7}, "geometry": {"type": "Point", "coordinates": [692262.5, 5333054.5]}}, {"type": "Feature", "properties": {"h": 8.6}, "geometry": {"type": "Point", "coordinates": [692272.5, 5333048.5]}}, {"type": "Feature", "properties": {"h": 6.1}, "geometry": {"type": "Point", "coordinates": [692273.5, 5333048.5]}}, {"type": "Feature", "properties": {"h": 19.2}, "geometry": {"type": "Point", "coordinates": [692090.5, 5333041.5]}}, {"type": "Feature", "properties": {"h": 19.8}, "geometry": {"type": "Point", "coordinates": [692092.5, 5333041.5]}}, {"type": "Feature", "properties": {"h": 15.6}, "geometry": {"type": "Point", "coordinates": [692099.5, 5333041.5]}}, {"type": "Feature", "properties": {"h": 17.7}, "geometry": {"type": "Point", "coordinates": [692108.5, 5333042.5]}}, {"type": "Feature", "properties": {"h": 17.2}, "geometry": {"type": "Point", "coordinates": [692112.5, 5333043.5]}}, {"type": "Feature", "properties": {"h": 15.2}, "geometry": {"type": "Point", "coordinates": [692119.5, 5333041.5]}}, {"type": "Feature", "properties": {"h": 11.5}, "geometry": {"type": "Point", "coordinates": [692139.5, 5333041.5]}}, {"type": "Feature", "properties": {"h": 13.9}, "geometry": {"type": "Point", "coordinates": [692144.5, 5333045.5]}}, {"type": "Feature", "properties": {"h": 12.2}, "geometry": {"type": "Point", "coordinates": [692147.5, 5333045.5]}}, {"type": "Feature", "properties": {"h": 8.5}, "geometry": {"type": "Point", "coordinates": [692274.5, 5333047.5]}}, {"type": "Feature", "properties": {"h": 8.6}, "geometry": {"type": "Point", "coordinates": [692283.5, 5333042.5]}}, {"type": "Feature", "properties": {"h": 8.2}, "geometry": {"type": "Point", "coordinates": [692300.5, 5333043.5]}}, {"type": "Feature", "properties": {"h": 9.2}, "geometry": {"type": "Point", "coordinates": [692301.5, 5333042.5]}}, {"type": "Feature", "properties": {"h": 4.3}, "geometry": {"type": "Point", "coordinates": [692308.5, 5333041.5]}}, {"type": "Feature", "properties": {"h": 19.5}, "geometry": {"type": "Point", "coordinates": [692076.5, 5333034.5]}}, {"type": "Feature", "properties": {"h": 21.5}, "geometry": {"type": "Point", "coordinates": [692080.5, 5333034.5]}}, {"type": "Feature", "properties": {"h": 19.7}, "geometry": {"type": "Point", "coordinates": [692090.5, 5333038.5]}}, {"type": "Feature", "properties": {"h": 20.3}, "geometry": {"type": "Point", "coordinates": [692093.5, 5333039.5]}}, {"type": "Feature", "properties": {"h": 20.9}, "geometry": {"type": "Point", "coordinates": [692101.5, 5333034.5]}}, {"type": "Feature", "properties": {"h": 18.7}, "geometry": {"type": "Point", "coordinates": [692105.5, 5333034.5]}}, {"type": "Feature", "properties": {"h": 17.4}, "geometry": {"type": "Point", "coordinates": [692112.5, 5333038.5]}}, {"type": "Feature", "properties": {"h": 15.3}, "geometry": {"type": "Point", "coordinates": [692119.5, 5333040.5]}}, {"type": "Feature", "properties": {"h": 16.6}, "geometry": {"type": "Point", "coordinates": [692138.5, 5333034.5]}}, {"type": "Feature", "properties": {"h": 15.1}, "geometry": {"type": "Point", "coordinates": [692140.5, 5333039.5]}}, {"type": "Feature", "properties": {"h": 5.4}, "geometry": {"type": "Point", "coordinates": [692147.5, 5333034.5]}}, {"type": "Feature", "properties": {"h": 8.3}, "geometry": {"type": "Point", "coordinates": [692286.5, 5333040.5]}}, {"type": "Feature", "properties": {"h": 6.1}, "geometry": {"type": "Point", "coordinates": [692288.5, 5333039.5]}}, {"type": "Feature", "properties": {"h": 3.6}, "geometry": {"type": "Point", "coordinates": [692296.5, 5333037.5]}}, {"type": "Feature", "properties": {"h": 4.8}, "geometry": {"type": "Point", "coordinates": [692307.5, 5333040.5]}}, {"type": "Feature", "properties": {"h": 4.8}, "geometry": {"type": "Point", "coordinates": [692308.5, 5333040.5]}}, {"type": "Feature", "properties": {"h": 19.2}, "geometry": {"type": "Point", "coordinates": [692076.5, 5333033.5]}}, {"type": "Feature", "properties": {"h": 21.1}, "geometry": {"type": "Point", "coordinates": [692080.5, 5333033.5]}}, {"type": "Feature", "properties": {"h": 20.9}, "geometry": {"type": "Point", "coordinates": [692088.5, 5333027.5]}}, {"type": "Feature", "properties": {"h": 19.8}, "geometry": {"type": "Point", "coordinates": [692091.5, 5333029.5]}}, {"type": "Feature", "properties": {"h": 21.1}, "geometry": {"type": "Point", "coordinates": [692101.5, 5333033.5]}}, {"type": "Feature", "properties": {"h": 18.8}, "geometry": {"type": "Point", "coordinates": [692105.5, 5333031.5]}}, {"type": "Feature", "properties": {"h": 14.7}, "geometry": {"type": "Point", "coordinates": [692113.5, 5333033.5]}}, {"type": "Feature", "properties": {"h": 5.1}, "geometry": {"type": "Point", "coordinates": [692132.5, 5333031.5]}}, {"type": "Feature", "properties": {"h": 16.8}, "geometry": {"type": "Point", "coordinates": [692138.5, 5333033.5]}}, {"type": "Feature", "properties": {"h": 14.1}, "geometry": {"type": "Point", "coordinates": [692140.5, 5333027.5]}}, {"type": "Feature", "properties": {"h": 10.2}, "geometry": {"type": "Point", "coordinates": [692147.5, 5333027.5]}}, {"type": "Feature", "properties": {"h": 3.5}, "geometry": {"type": "Point", "coordinates": [692307.5, 5333033.5]}}, {"type": "Feature", "properties": {"h": 3.5}, "geometry": {"type": "Point", "coordinates": [692308.5, 5333033.5]}}, {"type": "Feature", "properties": {"h": 6.7}, "geometry": {"type": "Point", "coordinates": [692318.5, 5333027.5]}}, {"type": "Feature", "properties": {"h": 3.0}, "geometry": {"type": "Point", "coordinates": [692325.5, 5333030.5]}}, {"type": "Feature", "properties": {"h": 17.8}, "geometry": {"type": "Point", "coordinates": [692082.5, 5333026.5]}}, {"type": "Feature", "properties": {"h": 20.5}, "geometry": {"type": "Point", "coordinates": [692088.5, 5333026.5]}}, {"type": "Feature", "properties": {"h": 19.3}, "geometry": {"type": "Point", "coordinates": [692091.5, 5333026.5]}}, {"type": "Feature", "properties": {"h": 18.2}, "geometry": {"type": "Point", "coordinates": [692103.5, 5333025.5]}}, {"type": "Feature", "properties": {"h": 17.5}, "geometry": {"type": "Point", "coordinates": [692105.5, 5333026.5]}}, {"type": "Feature", "properties": {"h": 5.4}, "geometry": {"type": "Point", "coordinates": [692112.5, 5333026.5]}}, {"type": "Feature", "properties": {"h": 19.2}, "geometry": {"type": "Point", "coordinates": [692129.5, 5333020.5]}}, {"type": "Feature", "properties": {"h": 18.0}, "geometry": {"type": "Point", "coordinates": [692139.5, 5333020.5]}}, {"type": "Feature", "properties": {"h": 17.6}, "geometry": {"type": "Point", "coordinates": [692140.5, 5333020.5]}}, {"type": "Feature", "properties": {"h": 10.7}, "geometry": {"type": "Point", "coordinates": [692147.5, 5333026.5]}}, {"type": "Feature", "properties": {"h": 7.2}, "geometry": {"type": "Point", "coordinates": [692318.5, 5333026.5]}}, {"type": "Feature", "properties": {"h": 18.0}, "geometry": {"type": "Point", "coordinates": [692081.5, 5333013.5]}}, {"type": "Feature", "properties": {"h": 18.3}, "geometry": {"type": "Point", "coordinates": [692087.5, 5333015.5]}}, {"type": "Feature", "properties": {"h": 19.1}, "geometry": {"type": "Point", "coordinates": [692093.5, 5333018.5]}}, {"type": "Feature", "properties": {"h": 18.6}, "geometry": {"type": "Point", "coordinates": [692103.5, 5333013.5]}}, {"type": "Feature", "properties": {"h": 17.6}, "geometry": {"type": "Point", "coordinates": [692105.5, 5333017.5]}}, {"type": "Feature", "properties": {"h": 18.8}, "geometry": {"type": "Point", "coordinates": [692125.5, 5333013.5]}}, {"type": "Feature", "properties": {"h": 19.6}, "geometry": {"type": "Point", "coordinates": [692127.5, 5333017.5]}}, {"type": "Feature", "properties": {"h": 18.1}, "geometry": {"type": "Point", "coordinates": [692139.5, 5333019.5]}}, {"type": "Feature", "properties": {"h": 17.7}, "geometry": {"type": "Point", "coordinates": [692140.5, 5333019.5]}}, {"type": "Feature", "properties": {"h": 16.4}, "geometry": {"type": "Point", "coordinates": [692076.5, 5333011.5]}}, {"type": "Feature", "properties": {"h": 18.0}, "geometry": {"type": "Point", "coordinates": [692080.5, 5333012.5]}}, {"type": "Feature", "properties": {"h": 17.1}, "geometry": {"type": "Point", "coordinates": [692087.5, 5333012.5]}}, {"type": "Feature", "properties": {"h": 15.6}, "geometry": {"type": "Point", "coordinates": [692097.5, 5333012.5]}}, {"type": "Feature", "properties": {"h": 19.0}, "geometry": {"type": "Point", "coordinates": [692103.5, 5333012.5]}}, {"type": "Feature", "properties": {"h": 16.5}, "geometry": {"type": "Point", "coordinates": [692105.5, 5333012.5]}}, {"type": "Feature", "properties": {"h": 20.0}, "geometry": {"type": "Point", "coordinates": [692125.5, 5333009.5]}}, {"type": "Feature", "properties": {"h": 19.8}, "geometry": {"type": "Point", "coordinates": [692126.5, 5333009.5]}}, {"type": "Feature", "properties": {"h": 17.8}, "geometry": {"type": "Point", "coordinates": [692133.5, 5333007.5]}}, {"type": "Feature", "properties": {"h": 14.4}, "geometry": {"type": "Point", "coordinates": [692140.5, 5333012.5]}}, {"type": "Feature", "properties": {"h": 9.2}, "geometry": {"type": "Point", "coordinates": [692147.5, 5333011.5]}}, {"type": "Feature", "properties": {"h": 15.6}, "geometry": {"type": "Point", "coordinates": [692068.5, 5333000.5]}}, {"type": "Feature", "properties": {"h": 15.5}, "geometry": {"type": "Point", "coordinates": [692076.5, 5333003.5]}}, {"type": "Feature", "properties": {"h": 17.0}, "geometry": {"type": "Point", "coordinates": [692081.5, 5333003.5]}}, {"type": "Feature", "properties": {"h": 16.8}, "geometry": {"type": "Point", "coordinates": [692084.5, 5333005.5]}}, {"type": "Feature", "properties": {"h": 17.7}, "geometry": {"type": "Point", "coordinates": [692096.5, 5332999.5]}}, {"type": "Feature", "properties": {"h": 16.6}, "geometry": {"type": "Point", "coordinates": [692098.5, 5333000.5]}}, {"type": "Feature", "properties": {"h": 10.5}, "geometry": {"type": "Point", "coordinates": [692105.5, 5333005.5]}}, {"type": "Feature", "properties": {"h": 18.3}, "geometry": {"type": "Point", "coordinates": [692124.5, 5333005.5]}}, {"type": "Feature", "properties": {"h": 18.4}, "geometry": {"type": "Point", "coordinates": [692127.5, 5333005.5]}}, {"type": "Feature", "properties": {"h": 16.6}, "geometry": {"type": "Point", "coordinates": [692133.5, 5333005.5]}}, {"type": "Feature", "properties": {"h": 15.1}, "geometry": {"type": "Point", "coordinates": [692140.5, 5332999.5]}}, {"type": "Feature", "properties": {"h": 15.2}, "geometry": {"type": "Point", "coordinates": [692067.5, 5332998.5]}}, {"type": "Feature", "properties": {"h": 14.7}, "geometry": {"type": "Point", "coordinates": [692070.5, 5332998.5]}}, {"type": "Feature", "properties": {"h": 13.8}, "geometry": {"type": "Point", "coordinates": [692083.5, 5332992.5]}}, {"type": "Feature", "properties": {"h": 15.2}, "geometry": {"type": "Point", "coordinates": [692090.5, 5332998.5]}}, {"type": "Feature", "properties": {"h": 17.5}, "geometry": {"type": "Point", "coordinates": [692095.5, 5332998.5]}}, {"type": "Feature", "properties": {"h": 16.1}, "geometry": {"type": "Point", "coordinates": [692098.5, 5332998.5]}}, {"type": "Feature", "properties": {"h": 5.7}, "geometry": {"type": "Point", "coordinates": [692118.5, 5332998.5]}}, {"type": "Feature", "properties": {"h": 13.1}, "geometry": {"type": "Point", "coordinates": [692125.5, 5332998.5]}}, {"type": "Feature", "properties": {"h": 12.9}, "geometry": {"type": "Point", "coordinates": [692126.5, 5332998.5]}}, {"type": "Feature", "properties": {"h": 16.2}, "geometry": {"type": "Point", "coordinates": [692138.5, 5332997.5]}}, {"type": "Feature", "properties": {"h": 15.8}, "geometry": {"type": "Point", "coordinates": [692140.5, 5332997.5]}}, {"type": "Feature", "properties": {"h": 10.4}, "geometry": {"type": "Point", "coordinates": [692076.5, 5332990.5]}}, {"type": "Feature", "properties": {"h": 16.5}, "geometry": {"type": "Point", "coordinates": [692081.5, 5332986.5]}}, {"type": "Feature", "properties": {"h": 17.2}, "geometry": {"type": "Point", "coordinates": [692083.5, 5332980.5]}}, {"type": "Feature", "properties": {"h": 16.3}, "geometry": {"type": "Point", "coordinates": [692084.5, 5332978.5]}}, {"type": "Feature", "properties": {"h": 5.5}, "geometry": {"type": "Point", "coordinates": [692060.5, 5332971.5]}}, {"type": "Feature", "properties": {"h": 3.5}, "geometry": {"type": "Point", "coordinates": [692063.5, 5332971.5]}}, {"type": "Feature", "properties": {"h": 15.8}, "geometry": {"type": "Point", "coordinates": [692082.5, 5332977.5]}}, {"type": "Feature", "properties": {"h": 16.6}, "geometry": {"type": "Point", "coordinates": [692090.5, 5332974.5]}}, {"type": "Feature", "properties": {"h": 19.3}, "geometry": {"type": "Point", "coordinates": [692095.5, 5332972.5]}}, {"type": "Feature", "properties": {"h": 20.2}, "geometry": {"type": "Point", "coordinates": [692100.5, 5332974.5]}}, {"type": "Feature", "properties": {"h": 15.2}, "geometry": {"type": "Point", "coordinates": [692118.5, 5332971.5]}}, {"type": "Feature", "properties": {"h": 17.6}, "geometry": {"type": "Point", "coordinates": [692121.5, 5332971.5]}}, {"type": "Feature", "properties": {"h": 18.3}, "geometry": {"type": "Point", "coordinates": [692131.5, 5332974.5]}}, {"type": "Feature", "properties": {"h": 17.2}, "geometry": {"type": "Point", "coordinates": [692136.5, 5332974.5]}}, {"type": "Feature", "properties": {"h": 12.7}, "geometry": {"type": "Point", "coordinates": [692140.5, 5332974.5]}}, {"type": "Feature", "properties": {"h": 6.3}, "geometry": {"type": "Point", "coordinates": [692058.5, 5332966.5]}}, {"type": "Feature", "properties": {"h": 3.5}, "geometry": {"type": "Point", "coordinates": [692063.5, 5332970.5]}}, {"type": "Feature", "properties": {"h": 16.7}, "geometry": {"type": "Point", "coordinates": [692079.5, 5332964.5]}}, {"type": "Feature", "properties": {"h": 14.0}, "geometry": {"type": "Point", "coordinates": [692090.5, 5332970.5]}}, {"type": "Feature", "properties": {"h": 19.5}, "geometry": {"type": "Point", "coordinates": [692097.5, 5332964.5]}}, {"type": "Feature", "properties": {"h": 20.3}, "geometry": {"type": "Point", "coordinates": [692099.5, 5332964.5]}}, {"type": "Feature", "properties": {"h": 19.5}, "geometry": {"type": "Point", "coordinates": [692118.5, 5332964.5]}}, {"type": "Feature", "properties": {"h": 21.0}, "geometry": {"type": "Point", "coordinates": [692121.5, 5332964.5]}}, {"type": "Feature", "properties": {"h": 19.1}, "geometry": {"type": "Point", "coordinates": [692131.5, 5332964.5]}}, {"type": "Feature", "properties": {"h": 18.3}, "geometry": {"type": "Point", "coordinates": [692133.5, 5332964.5]}}, {"type": "Feature", "properties": {"h": 14.8}, "geometry": {"type": "Point", "coordinates": [692140.5, 5332964.5]}}, {"type": "Feature", "properties": {"h": 20.9}, "geometry": {"type": "Point", "coordinates": [692062.5, 5332957.5]}}, {"type": "Feature", "properties": {"h": 21.0}, "geometry": {"type": "Point", "coordinates": [692063.5, 5332957.5]}}, {"type": "Feature", "properties": {"h": 11.3}, "geometry": {"type": "Point", "coordinates": [692070.5, 5332957.5]}}, {"type": "Feature", "properties": {"h": 16.9}, "geometry": {"type": "Point", "coordinates": [692079.5, 5332962.5]}}, {"type": "Feature", "properties": {"h": 13.7}, "geometry": {"type": "Point", "coordinates": [692090.5, 5332960.5]}}, {"type": "Feature", "properties": {"h": 19.4}, "geometry": {"type": "Point", "coordinates": [692097.5, 5332963.5]}}, {"type": "Feature", "properties": {"h": 19.9}, "geometry": {"type": "Point", "coordinates": [692098.5, 5332963.5]}}, {"type": "Feature", "properties": {"h": 5.0}, "geometry": {"type": "Point", "coordinates": [692105.5, 5332958.5]}}, {"type": "Feature", "properties": {"h": 20.0}, "geometry": {"type": "Point", "coordinates": [692118.5, 5332962.5]}}, {"type": "Feature", "properties": {"h": 21.7}, "geometry": {"type": "Point", "coordinates": [692120.5, 5332962.5]}}, {"type": "Feature", "properties": {"h": 21.6}, "geometry": {"type": "Point", "coordinates": [692132.5, 5332958.5]}}, {"type": "Feature", "properties": {"h": 22.1}, "geometry": {"type": "Point", "coordinates": [692134.5, 5332959.5]}}, {"type": "Feature", "properties": {"h": 16.8}, "geometry": {"type": "Point", "coordinates": [692140.5, 5332958.5]}}, {"type": "Feature", "properties": {"h": 16.7}, "geometry": {"type": "Point", "coordinates": [692053.5, 5332952.5]}}, {"type": "Feature", "properties": {"h": 20.9}, "geometry": {"type": "Point", "coordinates": [692062.5, 5332956.5]}}, {"type": "Feature", "properties": {"h": 21.1}, "geometry": {"type": "Point", "coordinates": [692063.5, 5332956.5]}}, {"type": "Feature", "properties": {"h": 19.8}, "geometry": {"type": "Point", "coordinates": [692070.5, 5332950.5]}}, {"type": "Feature", "properties": {"h": 16.5}, "geometry": {"type": "Point", "coordinates": [692079.5, 5332950.5]}}, {"type": "Feature", "properties": {"h": 13.8}, "geometry": {"type": "Point", "coordinates": [692090.5, 5332956.5]}}, {"type": "Feature", "properties": {"h": 20.1}, "geometry": {"type": "Point", "coordinates": [692097.5, 5332950.5]}}, {"type": "Feature", "properties": {"h": 24.2}, "geometry": {"type": "Point", "coordinates": [692104.5, 5332950.5]}}, {"type": "Feature", "properties": {"h": 24.0}, "geometry": {"type": "Point", "coordinates": [692105.5, 5332950.5]}}, {"type": "Feature", "properties": {"h": 17.7}, "geometry": {"type": "Point", "coordinates": [692123.5, 5332956.5]}}, {"type": "Feature", "properties": {"h": 20.5}, "geometry": {"type": "Point", "coordinates": [692132.5, 5332956.5]}}, {"type": "Feature", "properties": {"h": 21.5}, "geometry": {"type": "Point", "coordinates": [692137.5, 5332954.5]}}, {"type": "Feature", "properties": {"h": 15.8}, "geometry": {"type": "Point", "coordinates": [692140.5, 5332954.5]}}, {"type": "Feature", "properties": {"h": 21.3}, "geometry": {"type": "Point", "coordinates": [692013.5, 5332943.5]}}, {"type": "Feature", "properties": {"h": 25.9}, "geometry": {"type": "Point", "coordinates": [692020.5, 5332943.5]}}, {"type": "Feature", "properties": {"h": 28.1}, "geometry": {"type": "Point", "coordinates": [692026.5, 5332948.5]}}, {"type": "Feature", "properties": {"h": 27.9}, "geometry": {"type": "Point", "coordinates": [692029.5, 5332948.5]}}, {"type": "Feature", "properties": {"h": 22.9}, "geometry": {"type": "Point", "coordinates": [692035.5, 5332948.5]}}, {"type": "Feature", "properties": {"h": 17.8}, "geometry": {"type": "Point", "coordinates": [692042.5, 5332945.5]}}, {"type": "Feature", "properties": {"h": 16.7}, "geometry": {"type": "Point", "coordinates": [692049.5, 5332949.5]}}, {"type": "Feature", "properties": {"h": 19.4}, "geometry": {"type": "Point", "coordinates": [692062.5, 5332949.5]}}, {"type": "Feature", "properties": {"h": 21.2}, "geometry": {"type": "Point", "coordinates": [692068.5, 5332949.5]}}, {"type": "Feature", "properties": {"h": 20.7}, "geometry": {"type": "Point", "coordinates": [692070.5, 5332949.5]}}, {"type": "Feature", "properties": {"h": 19.5}, "geometry": {"type": "Point", "coordinates": [692077.5, 5332943.5]}}, {"type": "Feature", "properties": {"h": 17.0}, "geometry": {"type": "Point", "coordinates": [692084.5, 5332945.5]}}, {"type": "Feature", "properties": {"h": 20.4}, "geometry": {"type": "Point", "coordinates": [692097.5, 5332945.5]}}, {"type": "Feature", "properties": {"h": 25.0}, "geometry": {"type": "Point", "coordinates": [692103.5, 5332948.5]}}, {"type": "Feature", "properties": {"h": 24.6}, "geometry": {"type": "Point", "coordinates": [692105.5, 5332947.5]}}, {"type": "Feature", "properties": {"h": 12.6}, "geometry": {"type": "Point", "coordinates": [692125.5, 5332943.5]}}, {"type": "Feature", "properties": {"h": 17.4}, "geometry": {"type": "Point", "coordinates": [692130.5, 5332943.5]}}, {"type": "Feature", "properties": {"h": 16.4}, "geometry": {"type": "Point", "coordinates": [692133.5, 5332943.5]}}, {"type": "Feature", "properties": {"h": 8.9}, "geometry": {"type": "Point", "coordinates": [692140.5, 5332949.5]}}, {"type": "Feature", "properties": {"h": 22.8}, "geometry": {"type": "Point", "coordinates": [692013.5, 5332938.5]}}, {"type": "Feature", "properties": {"h": 26.0}, "geometry": {"type": "Point", "coordinates": [692016.5, 5332936.5]}}, {"type": "Feature", "properties": {"h": 26.3}, "geometry": {"type": "Point", "coordinates": [692021.5, 5332942.5]}}, {"type": "Feature", "properties": {"h": 25.4}, "geometry": {"type": "Point", "coordinates": [692028.5, 5332942.5]}}, {"type": "Feature", "properties": {"h": 21.8}, "geometry": {"type": "Point", "coordinates": [692035.5, 5332940.5]}}, {"type": "Feature", "properties": {"h": 16.9}, "geometry": {"type": "Point", "coordinates": [692042.5, 5332936.5]}}, {"type": "Feature", "properties": {"h": 12.6}, "geometry": {"type": "Point", "coordinates": [692052.5, 5332940.5]}}, {"type": "Feature", "properties": {"h": 10.6}, "geometry": {"type": "Point", "coordinates": [692059.5, 5332939.5]}}, {"type": "Feature", "properties": {"h": 18.0}, "geometry": {"type": "Point", "coordinates": [692069.5, 5332936.5]}}, {"type": "Feature", "properties": {"h": 19.7}, "geometry": {"type": "Point", "coordinates": [692076.5, 5332942.5]}}, {"type": "Feature", "properties": {"h": 19.8}, "geometry": {"type": "Point", "coordinates": [692079.5, 5332941.5]}}, {"type": "Feature", "properties": {"h": 17.1}, "geometry": {"type": "Point", "coordinates": [692086.5, 5332936.5]}}, {"type": "Feature", "properties": {"h": 19.9}, "geometry": {"type": "Point", "coordinates": [692097.5, 5332940.5]}}, {"type": "Feature", "properties": {"h": 21.6}, "geometry": {"type": "Point", "coordinates": [692103.5, 5332942.5]}}, {"type": "Feature", "properties": {"h": 21.0}, "geometry": {"type": "Point", "coordinates": [692105.5, 5332942.5]}}, {"type": "Feature", "properties": {"h": 12.2}, "geometry": {"type": "Point", "coordinates": [692112.5, 5332936.5]}}, {"type": "Feature", "properties": {"h": 15.8}, "geometry": {"type": "Point", "coordinates": [692125.5, 5332939.5]}}, {"type": "Feature", "properties": {"h": 18.1}, "geometry": {"type": "Point", "coordinates": [692130.5, 5332942.5]}}, {"type": "Feature", "properties": {"h": 17.0}, "geometry": {"type": "Point", "coordinates": [692133.5, 5332941.5]}}, {"type": "Feature", "properties": {"h": 14.5}, "geometry": {"type": "Point", "coordinates": [692140.5, 5332936.5]}}, {"type": "Feature", "properties": {"h": 22.0}, "geometry": {"type": "Point", "coordinates": [692013.5, 5332934.5]}}, {"type": "Feature", "properties": {"h": 26.0}, "geometry": {"type": "Point", "coordinates": [692016.5, 5332935.5]}}, {"type": "Feature", "properties": {"h": 23.4}, "geometry": {"type": "Point", "coordinates": [692021.5, 5332932.5]}}, {"type": "Feature", "properties": {"h": 24.4}, "geometry": {"type": "Point", "coordinates": [692030.5, 5332935.5]}}, {"type": "Feature", "properties": {"h": 20.8}, "geometry": {"type": "Point", "coordinates": [692041.5, 5332932.5]}}, {"type": "Feature", "properties": {"h": 20.9}, "geometry": {"type": "Point", "coordinates": [692042.5, 5332931.5]}}, {"type": "Feature", "properties": {"h": 14.2}, "geometry": {"type": "Point", "coordinates": [692049.5, 5332929.5]}}, {"type": "Feature", "properties": {"h": 19.1}, "geometry": {"type": "Point", "coordinates": [692069.5, 5332930.5]}}, {"type": "Feature", "properties": {"h": 21.9}, "geometry": {"type": "Point", "coordinates": [692073.5, 5332931.5]}}, {"type": "Feature", "properties": {"h": 20.7}, "geometry": {"type": "Point", "coordinates": [692077.5, 5332931.5]}}, {"type": "Feature", "properties": {"h": 18.9}, "geometry": {"type": "Point", "coordinates": [692086.5, 5332934.5]}}, {"type": "Feature", "properties": {"h": 20.0}, "geometry": {"type": "Point", "coordinates": [692095.5, 5332929.5]}}, {"type": "Feature", "properties": {"h": 19.2}, "geometry": {"type": "Point", "coordinates": [692098.5, 5332929.5]}}, {"type": "Feature", "properties": {"h": 13.5}, "geometry": {"type": "Point", "coordinates": [692110.5, 5332935.5]}}, {"type": "Feature", "properties": {"h": 13.5}, "geometry": {"type": "Point", "coordinates": [692114.5, 5332929.5]}}, {"type": "Feature", "properties": {"h": 16.0}, "geometry": {"type": "Point", "coordinates": [692127.5, 5332935.5]}}, {"type": "Feature", "properties": {"h": 14.7}, "geometry": {"type": "Point", "coordinates": [692133.5, 5332931.5]}}, {"type": "Feature", "properties": {"h": 14.6}, "geometry": {"type": "Point", "coordinates": [692141.5, 5332935.5]}}, {"type": "Feature", "properties": {"h": 20.2}, "geometry": {"type": "Point", "coordinates": [692013.5, 5332922.5]}}, {"type": "Feature", "properties": {"h": 26.1}, "geometry": {"type": "Point", "coordinates": [692019.5, 5332926.5]}}, {"type": "Feature", "properties": {"h": 25.4}, "geometry": {"type": "Point", "coordinates": [692021.5, 5332926.5]}}, {"type": "Feature", "properties": {"h": 22.6}, "geometry": {"type": "Point", "coordinates": [692028.5, 5332927.5]}}, {"type": "Feature", "properties": {"h": 19.8}, "geometry": {"type": "Point", "coordinates": [692039.5, 5332922.5]}}, {"type": "Feature", "properties": {"h": 19.6}, "geometry": {"type": "Point", "coordinates": [692042.5, 5332928.5]}}, {"type": "Feature", "properties": {"h": 15.0}, "geometry": {"type": "Point", "coordinates": [692050.5, 5332927.5]}}, {"type": "Feature", "properties": {"h": 18.7}, "geometry": {"type": "Point", "coordinates": [692069.5, 5332928.5]}}, {"type": "Feature", "properties": {"h": 21.0}, "geometry": {"type": "Point", "coordinates": [692073.5, 5332928.5]}}, {"type": "Feature", "properties": {"h": 19.3}, "geometry": {"type": "Point", "coordinates": [692077.5, 5332928.5]}}, {"type": "Feature", "properties": {"h": 18.6}, "geometry": {"type": "Point", "coordinates": [692087.5, 5332927.5]}}, {"type": "Feature", "properties": {"h": 21.0}, "geometry": {"type": "Point", "coordinates": [692096.5, 5332927.5]}}, {"type": "Feature", "properties": {"h": 21.2}, "geometry": {"type": "Point", "coordinates": [692100.5, 5332925.5]}}, {"type": "Feature", "properties": {"h": 17.7}, "geometry": {"type": "Point", "coordinates": [692105.5, 5332923.5]}}, {"type": "Feature", "properties": {"h": 17.4}, "geometry": {"type": "Point", "coordinates": [692116.5, 5332923.5]}}, {"type": "Feature", "properties": {"h": 14.8}, "geometry": {"type": "Point", "coordinates": [692119.5, 5332922.5]}}, {"type": "Feature", "properties": {"h": 12.9}, "geometry": {"type": "Point", "coordinates": [692132.5, 5332928.5]}}, {"type": "Feature", "properties": {"h": 12.8}, "geometry": {"type": "Point", "coordinates": [692134.5, 5332928.5]}}, {"type": "Feature", "properties": {"h": 9.3}, "geometry": {"type": "Point", "coordinates": [692140.5, 5332928.5]}}, {"type": "Feature", "properties": {"h": 25.3}, "geometry": {"type": "Point", "coordinates": [692013.5, 5332915.5]}}, {"type": "Feature", "properties": {"h": 25.0}, "geometry": {"type": "Point", "coordinates": [692014.5, 5332915.5]}}, {"type": "Feature", "properties": {"h": 22.5}, "geometry": {"type": "Point", "coordinates": [692025.5, 5332921.5]}}, {"type": "Feature", "properties": {"h": 19.7}, "geometry": {"type": "Point", "coordinates": [692028.5, 5332921.5]}}, {"type": "Feature", "properties": {"h": 20.0}, "geometry": {"type": "Point", "coordinates": [692038.5, 5332921.5]}}, {"type": "Feature", "properties": {"h": 18.7}, "geometry": {"type": "Point", "coordinates": [692044.5, 5332918.5]}}, {"type": "Feature", "properties": {"h": 4.0}, "geometry": {"type": "Point", "coordinates": [692049.5, 5332915.5]}}, {"type": "Feature", "properties": {"h": 15.6}, "geometry": {"type": "Point", "coordinates": [692083.5, 5332921.5]}}, {"type": "Feature", "properties": {"h": 16.4}, "geometry": {"type": "Point", "coordinates": [692084.5, 5332921.5]}}, {"type": "Feature", "properties": {"h": 18.0}, "geometry": {"type": "Point", "coordinates": [692095.5, 5332921.5]}}, {"type": "Feature", "properties": {"h": 20.0}, "geometry": {"type": "Point", "coordinates": [692104.5, 5332920.5]}}, {"type": "Feature", "properties": {"h": 20.1}, "geometry": {"type": "Point", "coordinates": [692105.5, 5332919.5]}}, {"type": "Feature", "properties": {"h": 18.0}, "geometry": {"type": "Point", "coordinates": [692112.5, 5332915.5]}}, {"type": "Feature", "properties": {"h": 14.5}, "geometry": {"type": "Point", "coordinates": [692119.5, 5332921.5]}}, {"type": "Feature", "properties": {"h": 22.8}, "geometry": {"type": "Point", "coordinates": [692006.5, 5332908.5]}}, {"type": "Feature", "properties": {"h": 26.1}, "geometry": {"type": "Point", "coordinates": [692010.5, 5332908.5]}}, {"type": "Feature", "properties": {"h": 25.8}, "geometry": {"type": "Point", "coordinates": [692014.5, 5332913.5]}}, {"type": "Feature", "properties": {"h": 21.1}, "geometry": {"type": "Point", "coordinates": [692021.5, 5332914.5]}}, {"type": "Feature", "properties": {"h": 19.6}, "geometry": {"type": "Point", "coordinates": [692034.5, 5332914.5]}}, {"type": "Feature", "properties": {"h": 19.6}, "geometry": {"type": "Point", "coordinates": [692035.5, 5332913.5]}}, {"type": "Feature", "properties": {"h": 17.8}, "geometry": {"type": "Point", "coordinates": [692045.5, 5332914.5]}}, {"type": "Feature", "properties": {"h": 5.1}, "geometry": {"type": "Point", "coordinates": [692049.5, 5332912.5]}}, {"type": "Feature", "properties": {"h": 8.4}, "geometry": {"type": "Point", "coordinates": [692083.5, 5332913.5]}}, {"type": "Feature", "properties": {"h": 17.0}, "geometry": {"type": "Point", "coordinates": [692090.5, 5332910.5]}}, {"type": "Feature", "properties": {"h": 17.3}, "geometry": {"type": "Point", "coordinates": [692092.5, 5332909.5]}}, {"type": "Feature", "properties": {"h": 12.7}, "geometry": {"type": "Point", "coordinates": [692104.5, 5332912.5]}}, {"type": "Feature", "properties": {"h": 16.9}, "geometry": {"type": "Point", "coordinates": [692108.5, 5332914.5]}}, {"type": "Feature", "properties": {"h": 15.4}, "geometry": {"type": "Point", "coordinates": [692112.5, 5332914.5]}}, {"type": "Feature", "properties": {"h": 15.5}, "geometry": {"type": "Point", "coordinates": [692125.5, 5332908.5]}}, {"type": "Feature", "properties": {"h": 20.0}, "geometry": {"type": "Point", "coordinates": [692127.5, 5332908.5]}}, {"type": "Feature", "properties": {"h": 25.3}, "geometry": {"type": "Point", "coordinates": [692006.5, 5332901.5]}}, {"type": "Feature", "properties": {"h": 26.8}, "geometry": {"type": "Point", "coordinates": [692010.5, 5332905.5]}}, {"type": "Feature", "properties": {"h": 25.8}, "geometry": {"type": "Point", "coordinates": [692014.5, 5332904.5]}}, {"type": "Feature", "properties": {"h": 22.2}, "geometry": {"type": "Point", "coordinates": [692021.5, 5332902.5]}}, {"type": "Feature", "properties": {"h": 17.6}, "geometry": {"type": "Point", "coordinates": [692028.5, 5332902.5]}}, {"type": "Feature", "properties": {"h": 14.6}, "geometry": {"type": "Point", "coordinates": [692036.5, 5332907.5]}}, {"type": "Feature", "properties": {"h": 11.0}, "geometry": {"type": "Point", "coordinates": [692042.5, 5332906.5]}}, {"type": "Feature", "properties": {"h": 18.5}, "geometry": {"type": "Point", "coordinates": [692090.5, 5332901.5]}}, {"type": "Feature", "properties": {"h": 19.4}, "geometry": {"type": "Point", "coordinates": [692094.5, 5332902.5]}}, {"type": "Feature", "properties": {"h": 18.2}, "geometry": {"type": "Point", "coordinates": [692098.5, 5332902.5]}}, {"type": "Feature", "properties": {"h": 18.0}, "geometry": {"type": "Point", "coordinates": [692111.5, 5332901.5]}}, {"type": "Feature", "properties": {"h": 18.4}, "geometry": {"type": "Point", "coordinates": [692112.5, 5332901.5]}}, {"type": "Feature", "properties": {"h": 17.4}, "geometry": {"type": "Point", "coordinates": [692124.5, 5332904.5]}}, {"type": "Feature", "properties": {"h": 19.9}, "geometry": {"type": "Point", "coordinates": [692128.5, 5332907.5]}}, {"type": "Feature", "properties": {"h": 18.1}, "geometry": {"type": "Point", "coordinates": [692133.5, 5332901.5]}}, {"type": "Feature", "properties": {"h": 26.8}, "geometry": {"type": "Point", "coordinates": [692006.5, 5332897.5]}}, {"type": "Feature", "properties": {"h": 26.7}, "geometry": {"type": "Point", "coordinates": [692007.5, 5332897.5]}}, {"type": "Feature", "properties": {"h": 24.4}, "geometry": {"type": "Point", "coordinates": [692014.5, 5332900.5]}}, {"type": "Feature", "properties": {"h": 21.4}, "geometry": {"type": "Point", "coordinates": [692023.5, 5332900.5]}}, {"type": "Feature", "properties": {"h": 16.9}, "geometry": {"type": "Point", "coordinates": [692028.5, 5332900.5]}}, {"type": "Feature", "properties": {"h": 13.9}, "geometry": {"type": "Point", "coordinates": [692037.5, 5332900.5]}}, {"type": "Feature", "properties": {"h": 5.2}, "geometry": {"type": "Point", "coordinates": [692047.5, 5332894.5]}}, {"type": "Feature", "properties": {"h": 13.5}, "geometry": {"type": "Point", "coordinates": [692055.5, 5332894.5]}}, {"type": "Feature", "properties": {"h": 13.6}, "geometry": {"type": "Point", "coordinates": [692056.5, 5332894.5]}}, {"type": "Feature", "properties": {"h": 18.5}, "geometry": {"type": "Point", "coordinates": [692090.5, 5332900.5]}}, {"type": "Feature", "properties": {"h": 19.0}, "geometry": {"type": "Point", "coordinates": [692094.5, 5332900.5]}}, {"type": "Feature", "properties": {"h": 17.5}, "geometry": {"type": "Point", "coordinates": [692098.5, 5332900.5]}}, {"type": "Feature", "properties": {"h": 19.1}, "geometry": {"type": "Point", "coordinates": [692111.5, 5332895.5]}}, {"type": "Feature", "properties": {"h": 20.9}, "geometry": {"type": "Point", "coordinates": [692118.5, 5332894.5]}}, {"type": "Feature", "properties": {"h": 21.1}, "geometry": {"type": "Point", "coordinates": [692119.5, 5332894.5]}}, {"type": "Feature", "properties": {"h": 15.8}, "geometry": {"type": "Point", "coordinates": [692130.5, 5332900.5]}}, {"type": "Feature", "properties": {"h": 19.9}, "geometry": {"type": "Point", "coordinates": [692136.5, 5332897.5]}}, {"type": "Feature", "properties": {"h": 15.5}, "geometry": {"type": "Point", "coordinates": [692140.5, 5332894.5]}}, {"type": "Feature", "properties": {"h": 25.3}, "geometry": {"type": "Point", "coordinates": [692007.5, 5332893.5]}}, {"type": "Feature", "properties": {"h": 18.5}, "geometry": {"type": "Point", "coordinates": [692015.5, 5332888.5]}}, {"type": "Feature", "properties": {"h": 16.6}, "geometry": {"type": "Point", "coordinates": [692025.5, 5332888.5]}}, {"type": "Feature", "properties": {"h": 16.5}, "geometry": {"type": "Point", "coordinates": [692028.5, 5332887.5]}}, {"type": "Feature", "properties": {"h": 14.9}, "geometry": {"type": "Point", "coordinates": [692041.5, 5332887.5]}}, {"type": "Feature", "properties": {"h": 15.2}, "geometry": {"type": "Point", "coordinates": [692042.5, 5332887.5]}}, {"type": "Feature", "properties": {"h": 15.0}, "geometry": {"type": "Point", "coordinates": [692051.5, 5332889.5]}}, {"type": "Feature", "properties": {"h": 13.4}, "geometry": {"type": "Point", "coordinates": [692057.5, 5332892.5]}}, {"type": "Feature", "properties": {"h": 17.5}, "geometry": {"type": "Point", "coordinates": [692066.5, 5332887.5]}}, {"type": "Feature", "properties": {"h": 16.1}, "geometry": {"type": "Point", "coordinates": [692070.5, 5332887.5]}}, {"type": "Feature", "properties": {"h": 17.4}, "geometry": {"type": "Point", "coordinates": [692090.5, 5332887.5]}}, {"type": "Feature", "properties": {"h": 19.6}, "geometry": {"type": "Point", "coordinates": [692094.5, 5332887.5]}}, {"type": "Feature", "properties": {"h": 18.1}, "geometry": {"type": "Point", "coordinates": [692103.5, 5332889.5]}}, {"type": "Feature", "properties": {"h": 18.4}, "geometry": {"type": "Point", "coordinates": [692111.5, 5332893.5]}}, {"type": "Feature", "properties": {"h": 21.7}, "geometry": {"type": "Point", "coordinates": [692118.5, 5332888.5]}}, {"type": "Feature", "properties": {"h": 21.7}, "geometry": {"type": "Point", "coordinates": [692119.5, 5332889.5]}}, {"type": "Feature", "properties": {"h": 21.0}, "geometry": {"type": "Point", "coordinates": [692131.5, 5332888.5]}}, {"type": "Feature", "properties": {"h": 20.5}, "geometry": {"type": "Point", "coordinates": [692133.5, 5332888.5]}}, {"type": "Feature", "properties": {"h": 17.0}, "geometry": {"type": "Point", "coordinates": [692142.5, 5332887.5]}}, {"type": "Feature", "properties": {"h": 19.8}, "geometry": {"type": "Point", "coordinates": [692015.5, 5332880.5]}}, {"type": "Feature", "properties": {"h": 17.2}, "geometry": {"type": "Point", "coordinates": [692021.5, 5332880.5]}}, {"type": "Feature", "properties": {"h": 16.2}, "geometry": {"type": "Point", "coordinates": [692028.5, 5332886.5]}}, {"type": "Feature", "properties": {"h": 20.0}, "geometry": {"type": "Point", "coordinates": [692041.5, 5332883.5]}}, {"type": "Feature", "properties": {"h": 20.3}, "geometry": {"type": "Point", "coordinates": [692043.5, 5332883.5]}}, {"type": "Feature", "properties": {"h": 19.2}, "geometry": {"type": "Point", "coordinates": [692049.5, 5332880.5]}}, {"type": "Feature", "properties": {"h": 17.4}, "geometry": {"type": "Point", "coordinates": [692062.5, 5332881.5]}}, {"type": "Feature", "properties": {"h": 20.6}, "geometry": {"type": "Point", "coordinates": [692069.5, 5332880.5]}}, {"type": "Feature", "properties": {"h": 20.6}, "geometry": {"type": "Point", "coordinates": [692070.5, 5332880.5]}}, {"type": "Feature", "properties": {"h": 8.5}, "geometry": {"type": "Point", "coordinates": [692083.5, 5332883.5]}}, {"type": "Feature", "properties": {"h": 21.8}, "geometry": {"type": "Point", "coordinates": [692090.5, 5332880.5]}}, {"type": "Feature", "properties": {"h": 23.1}, "geometry": {"type": "Point", "coordinates": [692094.5, 5332880.5]}}, {"type": "Feature", "properties": {"h": 22.5}, "geometry": {"type": "Point", "coordinates": [692099.5, 5332880.5]}}, {"type": "Feature", "properties": {"h": 21.5}, "geometry": {"type": "Point", "coordinates": [692111.5, 5332880.5]}}, {"type": "Feature", "properties": {"h": 21.4}, "geometry": {"type": "Point", "coordinates": [692118.5, 5332886.5]}}, {"type": "Feature", "properties": {"h": 21.2}, "geometry": {"type": "Point", "coordinates": [692119.5, 5332886.5]}}, {"type": "Feature", "properties": {"h": 20.5}, "geometry": {"type": "Point", "coordinates": [692131.5, 5332886.5]}}, {"type": "Feature", "properties": {"h": 19.9}, "geometry": {"type": "Point", "coordinates": [692133.5, 5332886.5]}}, {"type": "Feature", "properties": {"h": 19.9}, "geometry": {"type": "Point", "coordinates": [692145.5, 5332881.5]}}, {"type": "Feature", "properties": {"h": 19.0}, "geometry": {"type": "Point", "coordinates": [692147.5, 5332880.5]}}, {"type": "Feature", "properties": {"h": 13.6}, "geometry": {"type": "Point", "coordinates": [692013.5, 5332877.5]}}, {"type": "Feature", "properties": {"h": 19.7}, "geometry": {"type": "Point", "coordinates": [692016.5, 5332879.5]}}, {"type": "Feature", "properties": {"h": 19.9}, "geometry": {"type": "Point", "coordinates": [692026.5, 5332873.5]}}, {"type": "Feature", "properties": {"h": 18.8}, "geometry": {"type": "Point", "coordinates": [692028.5, 5332873.5]}}, {"type": "Feature", "properties": {"h": 19.9}, "geometry": {"type": "Point", "coordinates": [692040.5, 5332873.5]}}, {"type": "Feature", "properties": {"h": 20.0}, "geometry": {"type": "Point", "coordinates": [692043.5, 5332879.5]}}, {"type": "Feature", "properties": {"h": 19.0}, "geometry": {"type": "Point", "coordinates": [692049.5, 5332879.5]}}, {"type": "Feature", "properties": {"h": 17.0}, "geometry": {"type": "Point", "coordinates": [692062.5, 5332879.5]}}, {"type": "Feature", "properties": {"h": 20.3}, "geometry": {"type": "Point", "coordinates": [692069.5, 5332879.5]}}, {"type": "Feature", "properties": {"h": 20.3}, "geometry": {"type": "Point", "coordinates": [692070.5, 5332879.5]}}, {"type": "Feature", "properties": {"h": 17.0}, "geometry": {"type": "Point", "coordinates": [692083.5, 5332873.5]}}, {"type": "Feature", "properties": {"h": 22.2}, "geometry": {"type": "Point", "coordinates": [692090.5, 5332878.5]}}, {"type": "Feature", "properties": {"h": 23.5}, "geometry": {"type": "Point", "coordinates": [692094.5, 5332879.5]}}, {"type": "Feature", "properties": {"h": 22.8}, "geometry": {"type": "Point", "coordinates": [692098.5, 5332878.5]}}, {"type": "Feature", "properties": {"h": 21.7}, "geometry": {"type": "Point", "coordinates": [692105.5, 5332876.5]}}, {"type": "Feature", "properties": {"h": 21.2}, "geometry": {"type": "Point", "coordinates": [692112.5, 5332879.5]}}, {"type": "Feature", "properties": {"h": 16.3}, "geometry": {"type": "Point", "coordinates": [692119.5, 5332875.5]}}, {"type": "Feature", "properties": {"h": 14.1}, "geometry": {"type": "Point", "coordinates": [692130.5, 5332879.5]}}, {"type": "Feature", "properties": {"h": 19.9}, "geometry": {"type": "Point", "coordinates": [692139.5, 5332877.5]}}, {"type": "Feature", "properties": {"h": 19.7}, "geometry": {"type": "Point", "coordinates": [692140.5, 5332877.5]}}, {"type": "Feature", "properties": {"h": 19.7}, "geometry": {"type": "Point", "coordinates": [692147.5, 5332877.5]}}, {"type": "Feature", "properties": {"h": 10.9}, "geometry": {"type": "Point", "coordinates": [692010.5, 5332867.5]}}, {"type": "Feature", "properties": {"h": 18.1}, "geometry": {"type": "Point", "coordinates": [692020.5, 5332871.5]}}, {"type": "Feature", "properties": {"h": 20.1}, "geometry": {"type": "Point", "coordinates": [692026.5, 5332871.5]}}, {"type": "Feature", "properties": {"h": 18.9}, "geometry": {"type": "Point", "coordinates": [692028.5, 5332869.5]}}, {"type": "Feature", "properties": {"h": 19.5}, "geometry": {"type": "Point", "coordinates": [692041.5, 5332872.5]}}, {"type": "Feature", "properties": {"h": 19.5}, "geometry": {"type": "Point", "coordinates": [692043.5, 5332870.5]}}, {"type": "Feature", "properties": {"h": 16.9}, "geometry": {"type": "Point", "coordinates": [692049.5, 5332872.5]}}, {"type": "Feature", "properties": {"h": 16.5}, "geometry": {"type": "Point", "coordinates": [692056.5, 5332872.5]}}, {"type": "Feature", "properties": {"h": 14.2}, "geometry": {"type": "Point", "coordinates": [692063.5, 5332872.5]}}, {"type": "Feature", "properties": {"h": 21.1}, "geometry": {"type": "Point", "coordinates": [692076.5, 5332866.5]}}, {"type": "Feature", "properties": {"h": 21.8}, "geometry": {"type": "Point", "coordinates": [692077.5, 5332866.5]}}, {"type": "Feature", "properties": {"h": 17.5}, "geometry": {"type": "Point", "coordinates": [692084.5, 5332872.5]}}, {"type": "Feature", "properties": {"h": 21.0}, "geometry": {"type": "Point", "coordinates": [692097.5, 5332872.5]}}, {"type": "Feature", "properties": {"h": 21.0}, "geometry": {"type": "Point", "coordinates": [692098.5, 5332872.5]}}, {"type": "Feature", "properties": {"h": 20.5}, "geometry": {"type": "Point", "coordinates": [692105.5, 5332872.5]}}, {"type": "Feature", "properties": {"h": 20.3}, "geometry": {"type": "Point", "coordinates": [692114.5, 5332870.5]}}, {"type": "Feature", "properties": {"h": 15.5}, "geometry": {"type": "Point", "coordinates": [692119.5, 5332869.5]}}, {"type": "Feature", "properties": {"h": 12.4}, "geometry": {"type": "Point", "coordinates": [692131.5, 5332866.5]}}, {"type": "Feature", "properties": {"h": 17.5}, "geometry": {"type": "Point", "coordinates": [692139.5, 5332872.5]}}, {"type": "Feature", "properties": {"h": 18.0}, "geometry": {"type": "Point", "coordinates": [692142.5, 5332872.5]}}, {"type": "Feature", "properties": {"h": 19.7}, "geometry": {"type": "Point", "coordinates": [692150.5, 5332869.5]}}, {"type": "Feature", "properties": {"h": 16.4}, "geometry": {"type": "Point", "coordinates": [692006.5, 5332860.5]}}, {"type": "Feature", "properties": {"h": 16.7}, "geometry": {"type": "Point", "coordinates": [692010.5, 5332859.5]}}, {"type": "Feature", "properties": {"h": 18.6}, "geometry": {"type": "Point", "coordinates": [692020.5, 5332859.5]}}, {"type": "Feature", "properties": {"h": 21.3}, "geometry": {"type": "Point", "coordinates": [692025.5, 5332860.5]}}, {"type": "Feature", "properties": {"h": 20.0}, "geometry": {"type": "Point", "coordinates": [692028.5, 5332859.5]}}, {"type": "Feature", "properties": {"h": 15.5}, "geometry": {"type": "Point", "coordinates": [692035.5, 5332860.5]}}, {"type": "Feature", "properties": {"h": 12.4}, "geometry": {"type": "Point", "coordinates": [692048.5, 5332865.5]}}, {"type": "Feature", "properties": {"h": 13.7}, "geometry": {"type": "Point", "coordinates": [692051.5, 5332865.5]}}, {"type": "Feature", "properties": {"h": 14.4}, "geometry": {"type": "Point", "coordinates": [692061.5, 5332864.5]}}, {"type": "Feature", "properties": {"h": 14.5}, "geometry": {"type": "Point", "coordinates": [692063.5, 5332862.5]}}, {"type": "Feature", "properties": {"h": 21.5}, "geometry": {"type": "Point", "coordinates": [692076.5, 5332864.5]}}, {"type": "Feature", "properties": {"h": 22.2}, "geometry": {"type": "Point", "coordinates": [692078.5, 5332865.5]}}, {"type": "Feature", "properties": {"h": 5.8}, "geometry": {"type": "Point", "coordinates": [692089.5, 5332865.5]}}, {"type": "Feature", "properties": {"h": 5.5}, "geometry": {"type": "Point", "coordinates": [692091.5, 5332865.5]}}, {"type": "Feature", "properties": {"h": 19.3}, "geometry": {"type": "Point", "coordinates": [692104.5, 5332859.5]}}, {"type": "Feature", "properties": {"h": 19.3}, "geometry": {"type": "Point", "coordinates": [692105.5, 5332859.5]}}, {"type": "Feature", "properties": {"h": 19.1}, "geometry": {"type": "Point", "coordinates": [692112.5, 5332865.5]}}, {"type": "Feature", "properties": {"h": 14.6}, "geometry": {"type": "Point", "coordinates": [692119.5, 5332865.5]}}, {"type": "Feature", "properties": {"h": 18.7}, "geometry": {"type": "Point", "coordinates": [692132.5, 5332859.5]}}, {"type": "Feature", "properties": {"h": 19.1}, "geometry": {"type": "Point", "coordinates": [692134.5, 5332859.5]}}, {"type": "Feature", "properties": {"h": 16.8}, "geometry": {"type": "Point", "coordinates": [692143.5, 5332862.5]}}, {"type": "Feature", "properties": {"h": 18.8}, "geometry": {"type": "Point", "coordinates": [692149.5, 5332865.5]}}, {"type": "Feature", "properties": {"h": 15.4}, "geometry": {"type": "Point", "coordinates": [692004.5, 5332858.5]}}, {"type": "Feature", "properties": {"h": 16.5}, "geometry": {"type": "Point", "coordinates": [692013.5, 5332858.5]}}, {"type": "Feature", "properties": {"h": 18.5}, "geometry": {"type": "Point", "coordinates": [692020.5, 5332858.5]}}, {"type": "Feature", "properties": {"h": 20.9}, "geometry": {"type": "Point", "coordinates": [692026.5, 5332858.5]}}, {"type": "Feature", "properties": {"h": 20.0}, "geometry": {"type": "Point", "coordinates": [692028.5, 5332857.5]}}, {"type": "Feature", "properties": {"h": 15.2}, "geometry": {"type": "Point", "coordinates": [692035.5, 5332858.5]}}, {"type": "Feature", "properties": {"h": 15.4}, "geometry": {"type": "Point", "coordinates": [692045.5, 5332852.5]}}, {"type": "Feature", "properties": {"h": 5.1}, "geometry": {"type": "Point", "coordinates": [692059.5, 5332852.5]}}, {"type": "Feature", "properties": {"h": 20.4}, "geometry": {"type": "Point", "coordinates": [692065.5, 5332852.5]}}, {"type": "Feature", "properties": {"h": 13.4}, "geometry": {"type": "Point", "coordinates": [692074.5, 5332856.5]}}, {"type": "Feature", "properties": {"h": 13.6}, "geometry": {"type": "Point", "coordinates": [692078.5, 5332858.5]}}, {"type": "Feature", "properties": {"h": 6.1}, "geometry": {"type": "Point", "coordinates": [692087.5, 5332856.5]}}, {"type": "Feature", "properties": {"h": 19.5}, "geometry": {"type": "Point", "coordinates": [692104.5, 5332858.5]}}, {"type": "Feature", "properties": {"h": 19.4}, "geometry": {"type": "Point", "coordinates": [692105.5, 5332858.5]}}, {"type": "Feature", "properties": {"h": 18.2}, "geometry": {"type": "Point", "coordinates": [692114.5, 5332852.5]}}, {"type": "Feature", "properties": {"h": 17.4}, "geometry": {"type": "Point", "coordinates": [692125.5, 5332854.5]}}, {"type": "Feature", "properties": {"h": 18.8}, "geometry": {"type": "Point", "coordinates": [692132.5, 5332858.5]}}, {"type": "Feature", "properties": {"h": 19.1}, "geometry": {"type": "Point", "coordinates": [692133.5, 5332858.5]}}, {"type": "Feature", "properties": {"h": 16.5}, "geometry": {"type": "Point", "coordinates": [692140.5, 5332858.5]}}, {"type": "Feature", "properties": {"h": 15.0}, "geometry": {"type": "Point", "coordinates": [692149.5, 5332857.5]}}, {"type": "Feature", "properties": {"h": 15.4}, "geometry": {"type": "Point", "coordinates": [692000.5, 5332845.5]}}, {"type": "Feature", "properties": {"h": 14.0}, "geometry": {"type": "Point", "coordinates": [692013.5, 5332851.5]}}, {"type": "Feature", "properties": {"h": 17.6}, "geometry": {"type": "Point", "coordinates": [692020.5, 5332849.5]}}, {"type": "Feature", "properties": {"h": 17.5}, "geometry": {"type": "Point", "coordinates": [692021.5, 5332849.5]}}, {"type": "Feature", "properties": {"h": 11.0}, "geometry": {"type": "Point", "coordinates": [692028.5, 5332848.5]}}, {"type": "Feature", "properties": {"h": 17.1}, "geometry": {"type": "Point", "coordinates": [692041.5, 5332847.5]}}, {"type": "Feature", "properties": {"h": 19.7}, "geometry": {"type": "Point", "coordinates": [692045.5, 5332845.5]}}, {"type": "Feature", "properties": {"h": 18.0}, "geometry": {"type": "Point", "coordinates": [692049.5, 5332847.5]}}, {"type": "Feature", "properties": {"h": 12.2}, "geometry": {"type": "Point", "coordinates": [692059.5, 5332845.5]}}, {"type": "Feature", "properties": {"h": 20.7}, "geometry": {"type": "Point", "coordinates": [692065.5, 5332851.5]}}, {"type": "Feature", "properties": {"h": 15.8}, "geometry": {"type": "Point", "coordinates": [692070.5, 5332847.5]}}, {"type": "Feature", "properties": {"h": 13.9}, "geometry": {"type": "Point", "coordinates": [692083.5, 5332845.5]}}, {"type": "Feature", "properties": {"h": 19.8}, "geometry": {"type": "Point", "coordinates": [692086.5, 5332845.5]}}, {"type": "Feature", "properties": {"h": 17.2}, "geometry": {"type": "Point", "coordinates": [692094.5, 5332846.5]}}, {"type": "Feature", "properties": {"h": 11.3}, "geometry": {"type": "Point", "coordinates": [692104.5, 5332848.5]}}, {"type": "Feature", "properties": {"h": 16.8}, "geometry": {"type": "Point", "coordinates": [692107.5, 5332851.5]}}, {"type": "Feature", "properties": {"h": 18.6}, "geometry": {"type": "Point", "coordinates": [692114.5, 5332851.5]}}, {"type": "Feature", "properties": {"h": 13.4}, "geometry": {"type": "Point", "coordinates": [692119.5, 5332851.5]}}, {"type": "Feature", "properties": {"h": 17.0}, "geometry": {"type": "Point", "coordinates": [692128.5, 5332851.5]}}, {"type": "Feature", "properties": {"h": 15.5}, "geometry": {"type": "Point", "coordinates": [692133.5, 5332851.5]}}, {"type": "Feature", "properties": {"h": 5.6}, "geometry": {"type": "Point", "coordinates": [692153.5, 5332850.5]}}, {"type": "Feature", "properties": {"h": 6.3}, "geometry": {"type": "Point", "coordinates": [692154.5, 5332846.5]}}, {"type": "Feature", "properties": {"h": 15.5}, "geometry": {"type": "Point", "coordinates": [692000.5, 5332844.5]}}, {"type": "Feature", "properties": {"h": 13.2}, "geometry": {"type": "Point", "coordinates": [692013.5, 5332838.5]}}, {"type": "Feature", "properties": {"h": 19.7}, "geometry": {"type": "Point", "coordinates": [692020.5, 5332838.5]}}, {"type": "Feature", "properties": {"h": 19.5}, "geometry": {"type": "Point", "coordinates": [692021.5, 5332838.5]}}, {"type": "Feature", "properties": {"h": 7.4}, "geometry": {"type": "Point", "coordinates": [692034.5, 5332838.5]}}, {"type": "Feature", "properties": {"h": 17.0}, "geometry": {"type": "Point", "coordinates": [692041.5, 5332843.5]}}, {"type": "Feature", "properties": {"h": 19.7}, "geometry": {"type": "Point", "coordinates": [692045.5, 5332844.5]}}, {"type": "Feature", "properties": {"h": 17.5}, "geometry": {"type": "Point", "coordinates": [692049.5, 5332844.5]}}, {"type": "Feature", "properties": {"h": 19.5}, "geometry": {"type": "Point", "coordinates": [692062.5, 5332838.5]}}, {"type": "Feature", "properties": {"h": 20.0}, "geometry": {"type": "Point", "coordinates": [692067.5, 5332843.5]}}, {"type": "Feature", "properties": {"h": 8.1}, "geometry": {"type": "Point", "coordinates": [692070.5, 5332838.5]}}, {"type": "Feature", "properties": {"h": 17.9}, "geometry": {"type": "Point", "coordinates": [692083.5, 5332843.5]}}, {"type": "Feature", "properties": {"h": 21.2}, "geometry": {"type": "Point", "coordinates": [692086.5, 5332839.5]}}, {"type": "Feature", "properties": {"h": 15.6}, "geometry": {"type": "Point", "coordinates": [692094.5, 5332844.5]}}, {"type": "Feature", "properties": {"h": 3.4}, "geometry": {"type": "Point", "coordinates": [692152.5, 5332838.5]}}, {"type": "Feature", "properties": {"h": 6.3}, "geometry": {"type": "Point", "coordinates": [692155.5, 5332843.5]}}, {"type": "Feature", "properties": {"h": 4.1}, "geometry": {"type": "Point", "coordinates": [692005.5, 5332837.5]}}, {"type": "Feature", "properties": {"h": 13.1}, "geometry": {"type": "Point", "coordinates": [692013.5, 5332837.5]}}, {"type": "Feature", "properties": {"h": 19.7}, "geometry": {"type": "Point", "coordinates": [692019.5, 5332837.5]}}, {"type": "Feature", "properties": {"h": 19.3}, "geometry": {"type": "Point", "coordinates": [692021.5, 5332837.5]}}, {"type": "Feature", "properties": {"h": 18.8}, "geometry": {"type": "Point", "coordinates": [692030.5, 5332831.5]}}, {"type": "Feature", "properties": {"h": 14.8}, "geometry": {"type": "Point", "coordinates": [692038.5, 5332834.5]}}, {"type": "Feature", "properties": {"h": 16.5}, "geometry": {"type": "Point", "coordinates": [692048.5, 5332833.5]}}, {"type": "Feature", "properties": {"h": 16.3}, "geometry": {"type": "Point", "coordinates": [692049.5, 5332833.5]}}, {"type": "Feature", "properties": {"h": 21.5}, "geometry": {"type": "Point", "coordinates": [692062.5, 5332833.5]}}, {"type": "Feature", "properties": {"h": 21.4}, "geometry": {"type": "Point", "coordinates": [692063.5, 5332833.5]}}, {"type": "Feature", "properties": {"h": 8.6}, "geometry": {"type": "Point", "coordinates": [692071.5, 5332837.5]}}, {"type": "Feature", "properties": {"h": 6.8}, "geometry": {"type": "Point", "coordinates": [692079.5, 5332835.5]}}, {"type": "Feature", "properties": {"h": 10.0}, "geometry": {"type": "Point", "coordinates": [692088.5, 5332837.5]}}, {"type": "Feature", "properties": {"h": 3.3}, "geometry": {"type": "Point", "coordinates": [692091.5, 5332837.5]}}, {"type": "Feature", "properties": {"h": 4.1}, "geometry": {"type": "Point", "coordinates": [692157.5, 5332836.5]}}, {"type": "Feature", "properties": {"h": 12.8}, "geometry": {"type": "Point", "coordinates": [692001.5, 5332824.5]}}, {"type": "Feature", "properties": {"h": 11.4}, "geometry": {"type": "Point", "coordinates": [692013.5, 5332829.5]}}, {"type": "Feature", "properties": {"h": 17.1}, "geometry": {"type": "Point", "coordinates": [692017.5, 5332830.5]}}, {"type": "Feature", "properties": {"h": 16.1}, "geometry": {"type": "Point", "coordinates": [692021.5, 5332829.5]}}, {"type": "Feature", "properties": {"h": 18.2}, "geometry": {"type": "Point", "coordinates": [692030.5, 5332830.5]}}, {"type": "Feature", "properties": {"h": 12.9}, "geometry": {"type": "Point", "coordinates": [692035.5, 5332830.5]}}, {"type": "Feature", "properties": {"h": 16.5}, "geometry": {"type": "Point", "coordinates": [692048.5, 5332830.5]}}, {"type": "Feature", "properties": {"h": 15.6}, "geometry": {"type": "Point", "coordinates": [692049.5, 5332830.5]}}, {"type": "Feature", "properties": {"h": 7.3}, "geometry": {"type": "Point", "coordinates": [692062.5, 5332830.5]}}, {"type": "Feature", "properties": {"h": 5.5}, "geometry": {"type": "Point", "coordinates": [692063.5, 5332830.5]}}, {"type": "Feature", "properties": {"h": 12.0}, "geometry": {"type": "Point", "coordinates": [692132.5, 5332824.5]}}, {"type": "Feature", "properties": {"h": 19.2}, "geometry": {"type": "Point", "coordinates": [692138.5, 5332824.5]}}, {"type": "Feature", "properties": {"h": 19.5}, "geometry": {"type": "Point", "coordinates": [692146.5, 5332829.5]}}, {"type": "Feature", "properties": {"h": 19.4}, "geometry": {"type": "Point", "coordinates": [692147.5, 5332829.5]}}, {"type": "Feature", "properties": {"h": 13.7}, "geometry": {"type": "Point", "coordinates": [692154.5, 5332824.5]}}, {"type": "Feature", "properties": {"h": 5.6}, "geometry": {"type": "Point", "coordinates": [692001.5, 5332823.5]}}, {"type": "Feature", "properties": {"h": 4.5}, "geometry": {"type": "Point", "coordinates": [692011.5, 5332818.5]}}, {"type": "Feature", "properties": {"h": 3.2}, "geometry": {"type": "Point", "coordinates": [692014.5, 5332820.5]}}, {"type": "Feature", "properties": {"h": 5.1}, "geometry": {"type": "Point", "coordinates": [692027.5, 5332823.5]}}, {"type": "Feature", "properties": {"h": 6.5}, "geometry": {"type": "Point", "coordinates": [692032.5, 5332823.5]}}, {"type": "Feature", "properties": {"h": 4.3}, "geometry": {"type": "Point", "coordinates": [692037.5, 5332823.5]}}, {"type": "Feature", "properties": {"h": 7.8}, "geometry": {"type": "Point", "coordinates": [692090.5, 5332817.5]}}, {"type": "Feature", "properties": {"h": 10.9}, "geometry": {"type": "Point", "coordinates": [692091.5, 5332817.5]}}, {"type": "Feature", "properties": {"h": 21.8}, "geometry": {"type": "Point", "coordinates": [692101.5, 5332819.5]}}, {"type": "Feature", "properties": {"h": 17.2}, "geometry": {"type": "Point", "coordinates": [692105.5, 5332817.5]}}, {"type": "Feature", "properties": {"h": 21.7}, "geometry": {"type": "Point", "coordinates": [692118.5, 5332818.5]}}, {"type": "Feature", "properties": {"h": 21.2}, "geometry": {"type": "Point", "coordinates": [692119.5, 5332818.5]}}, {"type": "Feature", "properties": {"h": 16.7}, "geometry": {"type": "Point", "coordinates": [692128.5, 5332817.5]}}, {"type": "Feature", "properties": {"h": 19.7}, "geometry": {"type": "Point", "coordinates": [692138.5, 5332823.5]}}, {"type": "Feature", "properties": {"h": 18.9}, "geometry": {"type": "Point", "coordinates": [692140.5, 5332822.5]}}, {"type": "Feature", "properties": {"h": 16.7}, "geometry": {"type": "Point", "coordinates": [692152.5, 5332822.5]}}, {"type": "Feature", "properties": {"h": 15.8}, "geometry": {"type": "Point", "coordinates": [692154.5, 5332822.5]}}, {"type": "Feature", "properties": {"h": 11.0}, "geometry": {"type": "Point", "coordinates": [692164.5, 5332817.5]}}, {"type": "Feature", "properties": {"h": 6.2}, "geometry": {"type": "Point", "coordinates": [692000.5, 5332810.5]}}, {"type": "Feature", "properties": {"h": 3.3}, "geometry": {"type": "Point", "coordinates": [692008.5, 5332816.5]}}, {"type": "Feature", "properties": {"h": 21.5}, "geometry": {"type": "Point", "coordinates": [692072.5, 5332810.5]}}, {"type": "Feature", "properties": {"h": 19.8}, "geometry": {"type": "Point", "coordinates": [692077.5, 5332810.5]}}, {"type": "Feature", "properties": {"h": 20.4}, "geometry": {"type": "Point", "coordinates": [692089.5, 5332816.5]}}, {"type": "Feature", "properties": {"h": 19.8}, "geometry": {"type": "Point", "coordinates": [692091.5, 5332816.5]}}, {"type": "Feature", "properties": {"h": 17.3}, "geometry": {"type": "Point", "coordinates": [692103.5, 5332816.5]}}, {"type": "Feature", "properties": {"h": 15.1}, "geometry": {"type": "Point", "coordinates": [692109.5, 5332814.5]}}, {"type": "Feature", "properties": {"h": 21.0}, "geometry": {"type": "Point", "coordinates": [692117.5, 5332816.5]}}, {"type": "Feature", "properties": {"h": 20.7}, "geometry": {"type": "Point", "coordinates": [692119.5, 5332816.5]}}, {"type": "Feature", "properties": {"h": 17.7}, "geometry": {"type": "Point", "coordinates": [692126.5, 5332810.5]}}, {"type": "Feature", "properties": {"h": 19.3}, "geometry": {"type": "Point", "coordinates": [692135.5, 5332810.5]}}, {"type": "Feature", "properties": {"h": 19.5}, "geometry": {"type": "Point", "coordinates": [692143.5, 5332812.5]}}, {"type": "Feature", "properties": {"h": 17.9}, "geometry": {"type": "Point", "coordinates": [692148.5, 5332810.5]}}, {"type": "Feature", "properties": {"h": 14.7}, "geometry": {"type": "Point", "coordinates": [692155.5, 5332814.5]}}, {"type": "Feature", "properties": {"h": 12.3}, "geometry": {"type": "Point", "coordinates": [692161.5, 5332810.5]}}, {"type": "Feature", "properties": {"h": 7.6}, "geometry": {"type": "Point", "coordinates": [692000.5, 5332808.5]}}, {"type": "Feature", "properties": {"h": 20.1}, "geometry": {"type": "Point", "coordinates": [692052.5, 5332803.5]}}, {"type": "Feature", "properties": {"h": 19.2}, "geometry": {"type": "Point", "coordinates": [692057.5, 5332803.5]}}, {"type": "Feature", "properties": {"h": 19.0}, "geometry": {"type": "Point", "coordinates": [692069.5, 5332808.5]}}, {"type": "Feature", "properties": {"h": 21.8}, "geometry": {"type": "Point", "coordinates": [692072.5, 5332809.5]}}, {"type": "Feature", "properties": {"h": 19.5}, "geometry": {"type": "Point", "coordinates": [692077.5, 5332809.5]}}, {"type": "Feature", "properties": {"h": 15.3}, "geometry": {"type": "Point", "coordinates": [692089.5, 5332806.5]}}, {"type": "Feature", "properties": {"h": 17.0}, "geometry": {"type": "Point", "coordinates": [692096.5, 5332809.5]}}, {"type": "Feature", "properties": {"h": 18.6}, "geometry": {"type": "Point", "coordinates": [692101.5, 5332803.5]}}, {"type": "Feature", "properties": {"h": 12.9}, "geometry": {"type": "Point", "coordinates": [692111.5, 5332809.5]}}, {"type": "Feature", "properties": {"h": 16.6}, "geometry": {"type": "Point", "coordinates": [692118.5, 5332809.5]}}, {"type": "Feature", "properties": {"h": 17.7}, "geometry": {"type": "Point", "coordinates": [692125.5, 5332809.5]}}, {"type": "Feature", "properties": {"h": 18.3}, "geometry": {"type": "Point", "coordinates": [692127.5, 5332808.5]}}, {"type": "Feature", "properties": {"h": 19.5}, "geometry": {"type": "Point", "coordinates": [692135.5, 5332809.5]}}, {"type": "Feature", "properties": {"h": 18.4}, "geometry": {"type": "Point", "coordinates": [692140.5, 5332806.5]}}, {"type": "Feature", "properties": {"h": 18.2}, "geometry": {"type": "Point", "coordinates": [692148.5, 5332809.5]}}, {"type": "Feature", "properties": {"h": 13.5}, "geometry": {"type": "Point", "coordinates": [692154.5, 5332805.5]}}, {"type": "Feature", "properties": {"h": 12.5}, "geometry": {"type": "Point", "coordinates": [692161.5, 5332809.5]}}, {"type": "Feature", "properties": {"h": 15.2}, "geometry": {"type": "Point", "coordinates": [692034.5, 5332796.5]}}, {"type": "Feature", "properties": {"h": 20.6}, "geometry": {"type": "Point", "coordinates": [692037.5, 5332796.5]}}, {"type": "Feature", "properties": {"h": 21.8}, "geometry": {"type": "Point", "coordinates": [692047.5, 5332796.5]}}, {"type": "Feature", "properties": {"h": 21.4}, "geometry": {"type": "Point", "coordinates": [692049.5, 5332796.5]}}, {"type": "Feature", "properties": {"h": 20.6}, "geometry": {"type": "Point", "coordinates": [692056.5, 5332797.5]}}, {"type": "Feature", "properties": {"h": 12.0}, "geometry": {"type": "Point", "coordinates": [692063.5, 5332798.5]}}, {"type": "Feature", "properties": {"h": 13.8}, "geometry": {"type": "Point", "coordinates": [692076.5, 5332802.5]}}, {"type": "Feature", "properties": {"h": 16.8}, "geometry": {"type": "Point", "coordinates": [692079.5, 5332802.5]}}, {"type": "Feature", "properties": {"h": 17.7}, "geometry": {"type": "Point", "coordinates": [692090.5, 5332799.5]}}, {"type": "Feature", "properties": {"h": 20.3}, "geometry": {"type": "Point", "coordinates": [692094.5, 5332797.5]}}, {"type": "Feature", "properties": {"h": 19.9}, "geometry": {"type": "Point", "coordinates": [692101.5, 5332801.5]}}, {"type": "Feature", "properties": {"h": 19.8}, "geometry": {"type": "Point", "coordinates": [692107.5, 5332796.5]}}, {"type": "Feature", "properties": {"h": 19.9}, "geometry": {"type": "Point", "coordinates": [692116.5, 5332799.5]}}, {"type": "Feature", "properties": {"h": 14.9}, "geometry": {"type": "Point", "coordinates": [692124.5, 5332801.5]}}, {"type": "Feature", "properties": {"h": 17.0}, "geometry": {"type": "Point", "coordinates": [692132.5, 5332802.5]}}, {"type": "Feature", "properties": {"h": 16.3}, "geometry": {"type": "Point", "coordinates": [692133.5, 5332802.5]}}, {"type": "Feature", "properties": {"h": 13.3}, "geometry": {"type": "Point", "coordinates": [692141.5, 5332802.5]}}, {"type": "Feature", "properties": {"h": 13.1}, "geometry": {"type": "Point", "coordinates": [692152.5, 5332802.5]}}, {"type": "Feature", "properties": {"h": 12.5}, "geometry": {"type": "Point", "coordinates": [692154.5, 5332802.5]}}, {"type": "Feature", "properties": {"h": 21.5}, "geometry": {"type": "Point", "coordinates": [692013.5, 5332789.5]}}, {"type": "Feature", "properties": {"h": 22.1}, "geometry": {"type": "Point", "coordinates": [692014.5, 5332789.5]}}, {"type": "Feature", "properties": {"h": 20.0}, "geometry": {"type": "Point", "coordinates": [692026.5, 5332789.5]}}, {"type": "Feature", "properties": {"h": 21.8}, "geometry": {"type": "Point", "coordinates": [692034.5, 5332794.5]}}, {"type": "Feature", "properties": {"h": 22.3}, "geometry": {"type": "Point", "coordinates": [692035.5, 5332794.5]}}, {"type": "Feature", "properties": {"h": 22.0}, "geometry": {"type": "Point", "coordinates": [692045.5, 5332794.5]}}, {"type": "Feature", "properties": {"h": 21.1}, "geometry": {"type": "Point", "coordinates": [692049.5, 5332795.5]}}, {"type": "Feature", "properties": {"h": 19.9}, "geometry": {"type": "Point", "coordinates": [692056.5, 5332795.5]}}, {"type": "Feature", "properties": {"h": 20.7}, "geometry": {"type": "Point", "coordinates": [692069.5, 5332791.5]}}, {"type": "Feature", "properties": {"h": 20.6}, "geometry": {"type": "Point", "coordinates": [692070.5, 5332791.5]}}, {"type": "Feature", "properties": {"h": 21.6}, "geometry": {"type": "Point", "coordinates": [692083.5, 5332789.5]}}, {"type": "Feature", "properties": {"h": 21.9}, "geometry": {"type": "Point", "coordinates": [692084.5, 5332789.5]}}, {"type": "Feature", "properties": {"h": 19.3}, "geometry": {"type": "Point", "coordinates": [692094.5, 5332795.5]}}, {"type": "Feature", "properties": {"h": 18.5}, "geometry": {"type": "Point", "coordinates": [692101.5, 5332794.5]}}, {"type": "Feature", "properties": {"h": 3.4}, "geometry": {"type": "Point", "coordinates": [692146.5, 5332795.5]}}, {"type": "Feature", "properties": {"h": 12.7}, "geometry": {"type": "Point", "coordinates": [692150.5, 5332795.5]}}, {"type": "Feature", "properties": {"h": 9.6}, "geometry": {"type": "Point", "coordinates": [692154.5, 5332794.5]}}, {"type": "Feature", "properties": {"h": 19.7}, "geometry": {"type": "Point", "coordinates": [692004.5, 5332785.5]}}, {"type": "Feature", "properties": {"h": 20.8}, "geometry": {"type": "Point", "coordinates": [692013.5, 5332786.5]}}, {"type": "Feature", "properties": {"h": 23.5}, "geometry": {"type": "Point", "coordinates": [692016.5, 5332786.5]}}, {"type": "Feature", "properties": {"h": 20.4}, "geometry": {"type": "Point", "coordinates": [692027.5, 5332786.5]}}, {"type": "Feature", "properties": {"h": 20.1}, "geometry": {"type": "Point", "coordinates": [692028.5, 5332786.5]}}, {"type": "Feature", "properties": {"h": 21.0}, "geometry": {"type": "Point", "coordinates": [692040.5, 5332787.5]}}, {"type": "Feature", "properties": {"h": 19.8}, "geometry": {"type": "Point", "coordinates": [692042.5, 5332787.5]}}, {"type": "Feature", "properties": {"h": 18.1}, "geometry": {"type": "Point", "coordinates": [692049.5, 5332788.5]}}, {"type": "Feature", "properties": {"h": 10.9}, "geometry": {"type": "Point", "coordinates": [692056.5, 5332788.5]}}, {"type": "Feature", "properties": {"h": 9.2}, "geometry": {"type": "Point", "coordinates": [692067.5, 5332788.5]}}, {"type": "Feature", "properties": {"h": 21.0}, "geometry": {"type": "Point", "coordinates": [692075.5, 5332786.5]}}, {"type": "Feature", "properties": {"h": 21.2}, "geometry": {"type": "Point", "coordinates": [692083.5, 5332788.5]}}, {"type": "Feature", "properties": {"h": 21.0}, "geometry": {"type": "Point", "coordinates": [692000.5, 5332778.5]}}, {"type": "Feature", "properties": {"h": 19.5}, "geometry": {"type": "Point", "coordinates": [692007.5, 5332780.5]}}, {"type": "Feature", "properties": {"h": 18.9}, "geometry": {"type": "Point", "coordinates": [692020.5, 5332775.5]}}, {"type": "Feature", "properties": {"h": 19.3}, "geometry": {"type": "Point", "coordinates": [692021.5, 5332775.5]}}, {"type": "Feature", "properties": {"h": 21.0}, "geometry": {"type": "Point", "coordinates": [692030.5, 5332776.5]}}, {"type": "Feature", "properties": {"h": 20.2}, "geometry": {"type": "Point", "coordinates": [692041.5, 5332776.5]}}, {"type": "Feature", "properties": {"h": 20.2}, "geometry": {"type": "Point", "coordinates": [692042.5, 5332776.5]}}, {"type": "Feature", "properties": {"h": 19.3}, "geometry": {"type": "Point", "coordinates": [692050.5, 5332776.5]}}, {"type": "Feature", "properties": {"h": 7.9}, "geometry": {"type": "Point", "coordinates": [692059.5, 5332781.5]}}, {"type": "Feature", "properties": {"h": 19.7}, "geometry": {"type": "Point", "coordinates": [692003.5, 5332768.5]}}, {"type": "Feature", "properties": {"h": 19.9}, "geometry": {"type": "Point", "coordinates": [692013.5, 5332770.5]}}, {"type": "Feature", "properties": {"h": 19.6}, "geometry": {"type": "Point", "coordinates": [692014.5, 5332770.5]}}, {"type": "Feature", "properties": {"h": 19.9}, "geometry": {"type": "Point", "coordinates": [692022.5, 5332773.5]}}, {"type": "Feature", "properties": {"h": 19.7}, "geometry": {"type": "Point", "coordinates": [692031.5, 5332774.5]}}, {"type": "Feature", "properties": {"h": 20.4}, "geometry": {"type": "Point", "coordinates": [692036.5, 5332772.5]}}, {"type": "Feature", "properties": {"h": 18.9}, "geometry": {"type": "Point", "coordinates": [692042.5, 5332774.5]}}, {"type": "Feature", "properties": {"h": 20.1}, "geometry": {"type": "Point", "coordinates": [692003.5, 5332767.5]}}, {"type": "Feature", "properties": {"h": 19.8}, "geometry": {"type": "Point", "coordinates": [692010.5, 5332764.5]}}, {"type": "Feature", "properties": {"h": 20.1}, "geometry": {"type": "Point", "coordinates": [692019.5, 5332767.5]}}, {"type": "Feature", "properties": {"h": 18.4}, "geometry": {"type": "Point", "coordinates": [692021.5, 5332767.5]}}, {"type": "Feature", "properties": {"h": 18.5}, "geometry": {"type": "Point", "coordinates": [692001.5, 5332760.5]}}, {"type": "Feature", "properties": {"h": 5.5}, "geometry": {"type": "Point", "coordinates": [693443.5, 5332740.5]}}, {"type": "Feature", "properties": {"h": 14.7}, "geometry": {"type": "Point", "coordinates": [693434.5, 5332733.5]}}, {"type": "Feature", "properties": {"h": 19.2}, "geometry": {"type": "Point", "coordinates": [693439.5, 5332733.5]}}, {"type": "Feature", "properties": {"h": 10.9}, "geometry": {"type": "Point", "coordinates": [693442.5, 5332733.5]}}, {"type": "Feature", "properties": {"h": 16.6}, "geometry": {"type": "Point", "coordinates": [693413.5, 5332726.5]}}, {"type": "Feature", "properties": {"h": 17.9}, "geometry": {"type": "Point", "coordinates": [693420.5, 5332726.5]}}, {"type": "Feature", "properties": {"h": 19.7}, "geometry": {"type": "Point", "coordinates": [693423.5, 5332726.5]}}, {"type": "Feature", "properties": {"h": 19.6}, "geometry": {"type": "Point", "coordinates": [693431.5, 5332726.5]}}, {"type": "Feature", "properties": {"h": 21.2}, "geometry": {"type": "Point", "coordinates": [693439.5, 5332729.5]}}, {"type": "Feature", "properties": {"h": 19.8}, "geometry": {"type": "Point", "coordinates": [693442.5, 5332726.5]}}, {"type": "Feature", "properties": {"h": 15.3}, "geometry": {"type": "Point", "coordinates": [693392.5, 5332721.5]}}, {"type": "Feature", "properties": {"h": 15.8}, "geometry": {"type": "Point", "coordinates": [693398.5, 5332719.5]}}, {"type": "Feature", "properties": {"h": 19.1}, "geometry": {"type": "Point", "coordinates": [693406.5, 5332719.5]}}, {"type": "Feature", "properties": {"h": 19.5}, "geometry": {"type": "Point", "coordinates": [693413.5, 5332720.5]}}, {"type": "Feature", "properties": {"h": 20.5}, "geometry": {"type": "Point", "coordinates": [693416.5, 5332721.5]}}, {"type": "Feature", "properties": {"h": 20.5}, "geometry": {"type": "Point", "coordinates": [693423.5, 5332723.5]}}, {"type": "Feature", "properties": {"h": 19.7}, "geometry": {"type": "Point", "coordinates": [693431.5, 5332725.5]}}, {"type": "Feature", "properties": {"h": 20.7}, "geometry": {"type": "Point", "coordinates": [693441.5, 5332723.5]}}, {"type": "Feature", "properties": {"h": 20.5}, "geometry": {"type": "Point", "coordinates": [693442.5, 5332722.5]}}, {"type": "Feature", "properties": {"h": 5.8}, "geometry": {"type": "Point", "coordinates": [693449.5, 5332721.5]}}, {"type": "Feature", "properties": {"h": 14.4}, "geometry": {"type": "Point", "coordinates": [693392.5, 5332718.5]}}, {"type": "Feature", "properties": {"h": 19.1}, "geometry": {"type": "Point", "coordinates": [693399.5, 5332715.5]}}, {"type": "Feature", "properties": {"h": 19.4}, "geometry": {"type": "Point", "coordinates": [693400.5, 5332715.5]}}, {"type": "Feature", "properties": {"h": 19.8}, "geometry": {"type": "Point", "coordinates": [693409.5, 5332717.5]}}, {"type": "Feature", "properties": {"h": 18.8}, "geometry": {"type": "Point", "coordinates": [693418.5, 5332718.5]}}, {"type": "Feature", "properties": {"h": 10.0}, "geometry": {"type": "Point", "coordinates": [693423.5, 5332718.5]}}, {"type": "Feature", "properties": {"h": 19.0}, "geometry": {"type": "Point", "coordinates": [693441.5, 5332716.5]}}, {"type": "Feature", "properties": {"h": 20.1}, "geometry": {"type": "Point", "coordinates": [693444.5, 5332715.5]}}, {"type": "Feature", "properties": {"h": 14.2}, "geometry": {"type": "Point", "coordinates": [693449.5, 5332712.5]}}, {"type": "Feature", "properties": {"h": 14.0}, "geometry": {"type": "Point", "coordinates": [693399.5, 5332711.5]}}, {"type": "Feature", "properties": {"h": 18.1}, "geometry": {"type": "Point", "coordinates": [693402.5, 5332710.5]}}, {"type": "Feature", "properties": {"h": 15.0}, "geometry": {"type": "Point", "coordinates": [693407.5, 5332711.5]}}, {"type": "Feature", "properties": {"h": 12.0}, "geometry": {"type": "Point", "coordinates": [693441.5, 5332711.5]}}, {"type": "Feature", "properties": {"h": 20.5}, "geometry": {"type": "Point", "coordinates": [693446.5, 5332709.5]}}, {"type": "Feature", "properties": {"h": 18.0}, "geometry": {"type": "Point", "coordinates": [693449.5, 5332705.5]}}, {"type": "Feature", "properties": {"h": 15.5}, "geometry": {"type": "Point", "coordinates": [693406.5, 5332703.5]}}, {"type": "Feature", "properties": {"h": 16.0}, "geometry": {"type": "Point", "coordinates": [693407.5, 5332702.5]}}, {"type": "Feature", "properties": {"h": 7.1}, "geometry": {"type": "Point", "coordinates": [693414.5, 5332698.5]}}, {"type": "Feature", "properties": {"h": 18.8}, "geometry": {"type": "Point", "coordinates": [693448.5, 5332702.5]}}, {"type": "Feature", "properties": {"h": 18.8}, "geometry": {"type": "Point", "coordinates": [693449.5, 5332703.5]}}, {"type": "Feature", "properties": {"h": 13.3}, "geometry": {"type": "Point", "coordinates": [693406.5, 5332696.5]}}, {"type": "Feature", "properties": {"h": 16.6}, "geometry": {"type": "Point", "coordinates": [693410.5, 5332695.5]}}, {"type": "Feature", "properties": {"h": 16.3}, "geometry": {"type": "Point", "coordinates": [693414.5, 5332691.5]}}, {"type": "Feature", "properties": {"h": 5.8}, "geometry": {"type": "Point", "coordinates": [693432.5, 5332691.5]}}, {"type": "Feature", "properties": {"h": 6.5}, "geometry": {"type": "Point", "coordinates": [693440.5, 5332691.5]}}, {"type": "Feature", "properties": {"h": 15.2}, "geometry": {"type": "Point", "coordinates": [693448.5, 5332696.5]}}, {"type": "Feature", "properties": {"h": 17.2}, "geometry": {"type": "Point", "coordinates": [693451.5, 5332696.5]}}, {"type": "Feature", "properties": {"h": 3.1}, "geometry": {"type": "Point", "coordinates": [693456.5, 5332697.5]}}, {"type": "Feature", "properties": {"h": 4.2}, "geometry": {"type": "Point", "coordinates": [692418.5, 5332684.5]}}, {"type": "Feature", "properties": {"h": 7.9}, "geometry": {"type": "Point", "coordinates": [692423.5, 5332684.5]}}, {"type": "Feature", "properties": {"h": 16.6}, "geometry": {"type": "Point", "coordinates": [693413.5, 5332688.5]}}, {"type": "Feature", "properties": {"h": 16.5}, "geometry": {"type": "Point", "coordinates": [693414.5, 5332688.5]}}, {"type": "Feature", "properties": {"h": 12.2}, "geometry": {"type": "Point", "coordinates": [693421.5, 5332684.5]}}, {"type": "Feature", "properties": {"h": 10.5}, "geometry": {"type": "Point", "coordinates": [693432.5, 5332688.5]}}, {"type": "Feature", "properties": {"h": 7.4}, "geometry": {"type": "Point", "coordinates": [693440.5, 5332689.5]}}, {"type": "Feature", "properties": {"h": 5.5}, "geometry": {"type": "Point", "coordinates": [693442.5, 5332689.5]}}, {"type": "Feature", "properties": {"h": 14.0}, "geometry": {"type": "Point", "coordinates": [693450.5, 5332684.5]}}, {"type": "Feature", "properties": {"h": 13.3}, "geometry": {"type": "Point", "coordinates": [692097.5, 5332677.5]}}, {"type": "Feature", "properties": {"h": 12.9}, "geometry": {"type": "Point", "coordinates": [692098.5, 5332678.5]}}, {"type": "Feature", "properties": {"h": 15.2}, "geometry": {"type": "Point", "coordinates": [692111.5, 5332679.5]}}, {"type": "Feature", "properties": {"h": 15.3}, "geometry": {"type": "Point", "coordinates": [692112.5, 5332679.5]}}, {"type": "Feature", "properties": {"h": 13.9}, "geometry": {"type": "Point", "coordinates": [692119.5, 5332677.5]}}, {"type": "Feature", "properties": {"h": 8.5}, "geometry": {"type": "Point", "coordinates": [692405.5, 5332677.5]}}, {"type": "Feature", "properties": {"h": 14.7}, "geometry": {"type": "Point", "coordinates": [692412.5, 5332677.5]}}, {"type": "Feature", "properties": {"h": 15.2}, "geometry": {"type": "Point", "coordinates": [692413.5, 5332677.5]}}, {"type": "Feature", "properties": {"h": 11.2}, "geometry": {"type": "Point", "coordinates": [692422.5, 5332681.5]}}, {"type": "Feature", "properties": {"h": 10.5}, "geometry": {"type": "Point", "coordinates": [692427.5, 5332679.5]}}, {"type": "Feature", "properties": {"h": 9.2}, "geometry": {"type": "Point", "coordinates": [692434.5, 5332677.5]}}, {"type": "Feature", "properties": {"h": 13.3}, "geometry": {"type": "Point", "coordinates": [693413.5, 5332683.5]}}, {"type": "Feature", "properties": {"h": 16.2}, "geometry": {"type": "Point", "coordinates": [693416.5, 5332681.5]}}, {"type": "Feature", "properties": {"h": 13.7}, "geometry": {"type": "Point", "coordinates": [693421.5, 5332682.5]}}, {"type": "Feature", "properties": {"h": 15.7}, "geometry": {"type": "Point", "coordinates": [693448.5, 5332678.5]}}, {"type": "Feature", "properties": {"h": 19.2}, "geometry": {"type": "Point", "coordinates": [693452.5, 5332678.5]}}, {"type": "Feature", "properties": {"h": 16.3}, "geometry": {"type": "Point", "coordinates": [693456.5, 5332679.5]}}, {"type": "Feature", "properties": {"h": 14.4}, "geometry": {"type": "Point", "coordinates": [692093.5, 5332672.5]}}, {"type": "Feature", "properties": {"h": 12.3}, "geometry": {"type": "Point", "coordinates": [692098.5, 5332676.5]}}, {"type": "Feature", "properties": {"h": 16.8}, "geometry": {"type": "Point", "coordinates": [692111.5, 5332672.5]}}, {"type": "Feature", "properties": {"h": 17.8}, "geometry": {"type": "Point", "coordinates": [692113.5, 5332672.5]}}, {"type": "Feature", "properties": {"h": 15.4}, "geometry": {"type": "Point", "coordinates": [692125.5, 5332674.5]}}, {"type": "Feature", "properties": {"h": 15.1}, "geometry": {"type": "Point", "coordinates": [692132.5, 5332670.5]}}, {"type": "Feature", "properties": {"h": 15.0}, "geometry": {"type": "Point", "coordinates": [692133.5, 5332670.5]}}, {"type": "Feature", "properties": {"h": 13.3}, "geometry": {"type": "Point", "coordinates": [692404.5, 5332670.5]}}, {"type": "Feature", "properties": {"h": 14.9}, "geometry": {"type": "Point", "coordinates": [692412.5, 5332675.5]}}, {"type": "Feature", "properties": {"h": 15.5}, "geometry": {"type": "Point", "coordinates": [692413.5, 5332676.5]}}, {"type": "Feature", "properties": {"h": 16.2}, "geometry": {"type": "Point", "coordinates": [692424.5, 5332671.5]}}, {"type": "Feature", "properties": {"h": 14.4}, "geometry": {"type": "Point", "coordinates": [692427.5, 5332670.5]}}, {"type": "Feature", "properties": {"h": 11.2}, "geometry": {"type": "Point", "coordinates": [692436.5, 5332673.5]}}, {"type": "Feature", "properties": {"h": 12.1}, "geometry": {"type": "Point", "coordinates": [692447.5, 5332670.5]}}, {"type": "Feature", "properties": {"h": 12.2}, "geometry": {"type": "Point", "coordinates": [692448.5, 5332670.5]}}, {"type": "Feature", "properties": {"h": 15.2}, "geometry": {"type": "Point", "coordinates": [693420.5, 5332674.5]}}, {"type": "Feature", "properties": {"h": 15.6}, "geometry": {"type": "Point", "coordinates": [693423.5, 5332674.5]}}, {"type": "Feature", "properties": {"h": 9.3}, "geometry": {"type": "Point", "coordinates": [693428.5, 5332670.5]}}, {"type": "Feature", "properties": {"h": 15.3}, "geometry": {"type": "Point", "coordinates": [693448.5, 5332676.5]}}, {"type": "Feature", "properties": {"h": 19.2}, "geometry": {"type": "Point", "coordinates": [693455.5, 5332670.5]}}, {"type": "Feature", "properties": {"h": 19.0}, "geometry": {"type": "Point", "coordinates": [693456.5, 5332670.5]}}, {"type": "Feature", "properties": {"h": 14.5}, "geometry": {"type": "Point", "coordinates": [692089.5, 5332666.5]}}, {"type": "Feature", "properties": {"h": 13.4}, "geometry": {"type": "Point", "coordinates": [692091.5, 5332665.5]}}, {"type": "Feature", "properties": {"h": 13.5}, "geometry": {"type": "Point", "coordinates": [692110.5, 5332669.5]}}, {"type": "Feature", "properties": {"h": 17.4}, "geometry": {"type": "Point", "coordinates": [692115.5, 5332669.5]}}, {"type": "Feature", "properties": {"h": 13.3}, "geometry": {"type": "Point", "coordinates": [692125.5, 5332669.5]}}, {"type": "Feature", "properties": {"h": 15.8}, "geometry": {"type": "Point", "coordinates": [692132.5, 5332669.5]}}, {"type": "Feature", "properties": {"h": 15.8}, "geometry": {"type": "Point", "coordinates": [692133.5, 5332669.5]}}, {"type": "Feature", "properties": {"h": 14.8}, "geometry": {"type": "Point", "coordinates": [692398.5, 5332663.5]}}, {"type": "Feature", "properties": {"h": 15.5}, "geometry": {"type": "Point", "coordinates": [692400.5, 5332664.5]}}, {"type": "Feature", "properties": {"h": 12.4}, "geometry": {"type": "Point", "coordinates": [692406.5, 5332669.5]}}, {"type": "Feature", "properties": {"h": 15.0}, "geometry": {"type": "Point", "coordinates": [692425.5, 5332669.5]}}, {"type": "Feature", "properties": {"h": 15.6}, "geometry": {"type": "Point", "coordinates": [692430.5, 5332667.5]}}, {"type": "Feature", "properties": {"h": 12.2}, "geometry": {"type": "Point", "coordinates": [692434.5, 5332667.5]}}, {"type": "Feature", "properties": {"h": 14.7}, "geometry": {"type": "Point", "coordinates": [692447.5, 5332666.5]}}, {"type": "Feature", "properties": {"h": 14.6}, "geometry": {"type": "Point", "coordinates": [692448.5, 5332665.5]}}, {"type": "Feature", "properties": {"h": 7.4}, "geometry": {"type": "Point", "coordinates": [692461.5, 5332663.5]}}, {"type": "Feature", "properties": {"h": 8.2}, "geometry": {"type": "Point", "coordinates": [692462.5, 5332663.5]}}, {"type": "Feature", "properties": {"h": 12.1}, "geometry": {"type": "Point", "coordinates": [693420.5, 5332669.5]}}, {"type": "Feature", "properties": {"h": 17.5}, "geometry": {"type": "Point", "coordinates": [693424.5, 5332667.5]}}, {"type": "Feature", "properties": {"h": 16.8}, "geometry": {"type": "Point", "coordinates": [693429.5, 5332663.5]}}, {"type": "Feature", "properties": {"h": 9.2}, "geometry": {"type": "Point", "coordinates": [693448.5, 5332669.5]}}, {"type": "Feature", "properties": {"h": 19.4}, "geometry": {"type": "Point", "coordinates": [693455.5, 5332669.5]}}, {"type": "Feature", "properties": {"h": 19.2}, "geometry": {"type": "Point", "coordinates": [693456.5, 5332669.5]}}, {"type": "Feature", "properties": {"h": 16.2}, "geometry": {"type": "Point", "coordinates": [692090.5, 5332656.5]}}, {"type": "Feature", "properties": {"h": 17.3}, "geometry": {"type": "Point", "coordinates": [692094.5, 5332656.5]}}, {"type": "Feature", "properties": {"h": 14.3}, "geometry": {"type": "Point", "coordinates": [692098.5, 5332656.5]}}, {"type": "Feature", "properties": {"h": 11.1}, "geometry": {"type": "Point", "coordinates": [692105.5, 5332656.5]}}, {"type": "Feature", "properties": {"h": 9.8}, "geometry": {"type": "Point", "coordinates": [692114.5, 5332662.5]}}, {"type": "Feature", "properties": {"h": 10.9}, "geometry": {"type": "Point", "coordinates": [692124.5, 5332662.5]}}, {"type": "Feature", "properties": {"h": 13.9}, "geometry": {"type": "Point", "coordinates": [692130.5, 5332659.5]}}, {"type": "Feature", "properties": {"h": 13.1}, "geometry": {"type": "Point", "coordinates": [692133.5, 5332661.5]}}, {"type": "Feature", "properties": {"h": 8.7}, "geometry": {"type": "Point", "coordinates": [692391.5, 5332656.5]}}, {"type": "Feature", "properties": {"h": 16.8}, "geometry": {"type": "Point", "coordinates": [692397.5, 5332660.5]}}, {"type": "Feature", "properties": {"h": 15.6}, "geometry": {"type": "Point", "coordinates": [692399.5, 5332660.5]}}, {"type": "Feature", "properties": {"h": 13.5}, "geometry": {"type": "Point", "coordinates": [692439.5, 5332661.5]}}, {"type": "Feature", "properties": {"h": 17.9}, "geometry": {"type": "Point", "coordinates": [692445.5, 5332659.5]}}, {"type": "Feature", "properties": {"h": 17.7}, "geometry": {"type": "Point", "coordinates": [692451.5, 5332656.5]}}, {"type": "Feature", "properties": {"h": 12.1}, "geometry": {"type": "Point", "coordinates": [692455.5, 5332656.5]}}, {"type": "Feature", "properties": {"h": 11.5}, "geometry": {"type": "Point", "coordinates": [692468.5, 5332657.5]}}, {"type": "Feature", "properties": {"h": 12.2}, "geometry": {"type": "Point", "coordinates": [692469.5, 5332657.5]}}, {"type": "Feature", "properties": {"h": 17.5}, "geometry": {"type": "Point", "coordinates": [693427.5, 5332661.5]}}, {"type": "Feature", "properties": {"h": 18.6}, "geometry": {"type": "Point", "coordinates": [693429.5, 5332661.5]}}, {"type": "Feature", "properties": {"h": 15.4}, "geometry": {"type": "Point", "coordinates": [693435.5, 5332656.5]}}, {"type": "Feature", "properties": {"h": 15.7}, "geometry": {"type": "Point", "coordinates": [693455.5, 5332662.5]}}, {"type": "Feature", "properties": {"h": 17.8}, "geometry": {"type": "Point", "coordinates": [693461.5, 5332656.5]}}, {"type": "Feature", "properties": {"h": 16.5}, "geometry": {"type": "Point", "coordinates": [693463.5, 5332656.5]}}, {"type": "Feature", "properties": {"h": 16.0}, "geometry": {"type": "Point", "coordinates": [692090.5, 5332655.5]}}, {"type": "Feature", "properties": {"h": 18.2}, "geometry": {"type": "Point", "coordinates": [692094.5, 5332655.5]}}, {"type": "Feature", "properties": {"h": 13.9}, "geometry": {"type": "Point", "coordinates": [692098.5, 5332655.5]}}, {"type": "Feature", "properties": {"h": 13.6}, "geometry": {"type": "Point", "coordinates": [692107.5, 5332652.5]}}, {"type": "Feature", "properties": {"h": 15.8}, "geometry": {"type": "Point", "coordinates": [692117.5, 5332653.5]}}, {"type": "Feature", "properties": {"h": 14.1}, "geometry": {"type": "Point", "coordinates": [692119.5, 5332652.5]}}, {"type": "Feature", "properties": {"h": 13.0}, "geometry": {"type": "Point", "coordinates": [692126.5, 5332651.5]}}, {"type": "Feature", "properties": {"h": 12.0}, "geometry": {"type": "Point", "coordinates": [692133.5, 5332649.5]}}, {"type": "Feature", "properties": {"h": 15.0}, "geometry": {"type": "Point", "coordinates": [692391.5, 5332654.5]}}, {"type": "Feature", "properties": {"h": 15.6}, "geometry": {"type": "Point", "coordinates": [692393.5, 5332654.5]}}, {"type": "Feature", "properties": {"h": 3.4}, "geometry": {"type": "Point", "coordinates": [692401.5, 5332655.5]}}, {"type": "Feature", "properties": {"h": 15.1}, "geometry": {"type": "Point", "coordinates": [692447.5, 5332655.5]}}, {"type": "Feature", "properties": {"h": 17.4}, "geometry": {"type": "Point", "coordinates": [692451.5, 5332655.5]}}, {"type": "Feature", "properties": {"h": 15.3}, "geometry": {"type": "Point", "coordinates": [692461.5, 5332650.5]}}, {"type": "Feature", "properties": {"h": 15.3}, "geometry": {"type": "Point", "coordinates": [692462.5, 5332650.5]}}, {"type": "Feature", "properties": {"h": 11.8}, "geometry": {"type": "Point", "coordinates": [692469.5, 5332649.5]}}, {"type": "Feature", "properties": {"h": 9.0}, "geometry": {"type": "Point", "coordinates": [692478.5, 5332650.5]}}, {"type": "Feature", "properties": {"h": 12.2}, "geometry": {"type": "Point", "coordinates": [693427.5, 5332655.5]}}, {"type": "Feature", "properties": {"h": 17.0}, "geometry": {"type": "Point", "coordinates": [693432.5, 5332653.5]}}, {"type": "Feature", "properties": {"h": 16.7}, "geometry": {"type": "Point", "coordinates": [693435.5, 5332649.5]}}, {"type": "Feature", "properties": {"h": 11.9}, "geometry": {"type": "Point", "coordinates": [693455.5, 5332653.5]}}, {"type": "Feature", "properties": {"h": 19.8}, "geometry": {"type": "Point", "coordinates": [693462.5, 5332649.5]}}, {"type": "Feature", "properties": {"h": 20.4}, "geometry": {"type": "Point", "coordinates": [693464.5, 5332649.5]}}, {"type": "Feature", "properties": {"h": 9.6}, "geometry": {"type": "Point", "coordinates": [692111.5, 5332648.5]}}, {"type": "Feature", "properties": {"h": 14.0}, "geometry": {"type": "Point", "coordinates": [692118.5, 5332648.5]}}, {"type": "Feature", "properties": {"h": 14.0}, "geometry": {"type": "Point", "coordinates": [692119.5, 5332648.5]}}, {"type": "Feature", "properties": {"h": 12.0}, "geometry": {"type": "Point", "coordinates": [692126.5, 5332648.5]}}, {"type": "Feature", "properties": {"h": 11.8}, "geometry": {"type": "Point", "coordinates": [692133.5, 5332648.5]}}, {"type": "Feature", "properties": {"h": 15.8}, "geometry": {"type": "Point", "coordinates": [692384.5, 5332644.5]}}, {"type": "Feature", "properties": {"h": 16.7}, "geometry": {"type": "Point", "coordinates": [692387.5, 5332645.5]}}, {"type": "Feature", "properties": {"h": 6.4}, "geometry": {"type": "Point", "coordinates": [692392.5, 5332643.5]}}, {"type": "Feature", "properties": {"h": 13.2}, "geometry": {"type": "Point", "coordinates": [692461.5, 5332648.5]}}, {"type": "Feature", "properties": {"h": 14.8}, "geometry": {"type": "Point", "coordinates": [692467.5, 5332648.5]}}, {"type": "Feature", "properties": {"h": 13.1}, "geometry": {"type": "Point", "coordinates": [692469.5, 5332646.5]}}, {"type": "Feature", "properties": {"h": 13.3}, "geometry": {"type": "Point", "coordinates": [692476.5, 5332642.5]}}, {"type": "Feature", "properties": {"h": 12.2}, "geometry": {"type": "Point", "coordinates": [692484.5, 5332646.5]}}, {"type": "Feature", "properties": {"h": 4.3}, "geometry": {"type": "Point", "coordinates": [692490.5, 5332642.5]}}, {"type": "Feature", "properties": {"h": 17.7}, "geometry": {"type": "Point", "coordinates": [693434.5, 5332647.5]}}, {"type": "Feature", "properties": {"h": 17.9}, "geometry": {"type": "Point", "coordinates": [693435.5, 5332646.5]}}, {"type": "Feature", "properties": {"h": 13.0}, "geometry": {"type": "Point", "coordinates": [693442.5, 5332642.5]}}, {"type": "Feature", "properties": {"h": 9.2}, "geometry": {"type": "Point", "coordinates": [693455.5, 5332644.5]}}, {"type": "Feature", "properties": {"h": 19.8}, "geometry": {"type": "Point", "coordinates": [693462.5, 5332648.5]}}, {"type": "Feature", "properties": {"h": 20.6}, "geometry": {"type": "Point", "coordinates": [693466.5, 5332642.5]}}, {"type": "Feature", "properties": {"h": 17.8}, "geometry": {"type": "Point", "coordinates": [693470.5, 5332642.5]}}, {"type": "Feature", "properties": {"h": 13.1}, "geometry": {"type": "Point", "coordinates": [693477.5, 5332642.5]}}, {"type": "Feature", "properties": {"h": 13.9}, "geometry": {"type": "Point", "coordinates": [692377.5, 5332635.5]}}, {"type": "Feature", "properties": {"h": 15.6}, "geometry": {"type": "Point", "coordinates": [692381.5, 5332635.5]}}, {"type": "Feature", "properties": {"h": 14.4}, "geometry": {"type": "Point", "coordinates": [692385.5, 5332641.5]}}, {"type": "Feature", "properties": {"h": 13.7}, "geometry": {"type": "Point", "coordinates": [692475.5, 5332640.5]}}, {"type": "Feature", "properties": {"h": 14.6}, "geometry": {"type": "Point", "coordinates": [692477.5, 5332639.5]}}, {"type": "Feature", "properties": {"h": 13.0}, "geometry": {"type": "Point", "coordinates": [692483.5, 5332637.5]}}, {"type": "Feature", "properties": {"h": 12.8}, "geometry": {"type": "Point", "coordinates": [692496.5, 5332635.5]}}, {"type": "Feature", "properties": {"h": 13.5}, "geometry": {"type": "Point", "coordinates": [692498.5, 5332637.5]}}, {"type": "Feature", "properties": {"h": 7.1}, "geometry": {"type": "Point", "coordinates": [692504.5, 5332635.5]}}, {"type": "Feature", "properties": {"h": 11.8}, "geometry": {"type": "Point", "coordinates": [693434.5, 5332641.5]}}, {"type": "Feature", "properties": {"h": 16.6}, "geometry": {"type": "Point", "coordinates": [693438.5, 5332639.5]}}, {"type": "Feature", "properties": {"h": 15.8}, "geometry": {"type": "Point", "coordinates": [693442.5, 5332635.5]}}, {"type": "Feature", "properties": {"h": 13.8}, "geometry": {"type": "Point", "coordinates": [693454.5, 5332635.5]}}, {"type": "Feature", "properties": {"h": 17.9}, "geometry": {"type": "Point", "coordinates": [693462.5, 5332641.5]}}, {"type": "Feature", "properties": {"h": 20.5}, "geometry": {"type": "Point", "coordinates": [693466.5, 5332641.5]}}, {"type": "Feature", "properties": {"h": 19.6}, "geometry": {"type": "Point", "coordinates": [693470.5, 5332635.5]}}, {"type": "Feature", "properties": {"h": 4.8}, "geometry": {"type": "Point", "coordinates": [693477.5, 5332641.5]}}, {"type": "Feature", "properties": {"h": 15.6}, "geometry": {"type": "Point", "coordinates": [692376.5, 5332628.5]}}, {"type": "Feature", "properties": {"h": 15.5}, "geometry": {"type": "Point", "coordinates": [692381.5, 5332634.5]}}, {"type": "Feature", "properties": {"h": 5.9}, "geometry": {"type": "Point", "coordinates": [692385.5, 5332633.5]}}, {"type": "Feature", "properties": {"h": 10.2}, "geometry": {"type": "Point", "coordinates": [692482.5, 5332634.5]}}, {"type": "Feature", "properties": {"h": 12.6}, "geometry": {"type": "Point", "coordinates": [692488.5, 5332633.5]}}, {"type": "Feature", "properties": {"h": 13.9}, "geometry": {"type": "Point", "coordinates": [692493.5, 5332630.5]}}, {"type": "Feature", "properties": {"h": 14.0}, "geometry": {"type": "Point", "coordinates": [692503.5, 5332633.5]}}, {"type": "Feature", "properties": {"h": 13.6}, "geometry": {"type": "Point", "coordinates": [692504.5, 5332634.5]}}, {"type": "Feature", "properties": {"h": 12.3}, "geometry": {"type": "Point", "coordinates": [692511.5, 5332628.5]}}, {"type": "Feature", "properties": {"h": 16.9}, "geometry": {"type": "Point", "coordinates": [693441.5, 5332632.5]}}, {"type": "Feature", "properties": {"h": 17.0}, "geometry": {"type": "Point", "coordinates": [693442.5, 5332632.5]}}, {"type": "Feature", "properties": {"h": 17.7}, "geometry": {"type": "Point", "coordinates": [693454.5, 5332630.5]}}, {"type": "Feature", "properties": {"h": 19.3}, "geometry": {"type": "Point", "coordinates": [693462.5, 5332630.5]}}, {"type": "Feature", "properties": {"h": 19.6}, "geometry": {"type": "Point", "coordinates": [693469.5, 5332634.5]}}, {"type": "Feature", "properties": {"h": 19.7}, "geometry": {"type": "Point", "coordinates": [693470.5, 5332634.5]}}, {"type": "Feature", "properties": {"h": 12.9}, "geometry": {"type": "Point", "coordinates": [692370.5, 5332621.5]}}, {"type": "Feature", "properties": {"h": 16.2}, "geometry": {"type": "Point", "coordinates": [692372.5, 5332624.5]}}, {"type": "Feature", "properties": {"h": 13.6}, "geometry": {"type": "Point", "coordinates": [692378.5, 5332627.5]}}, {"type": "Feature", "properties": {"h": 5.4}, "geometry": {"type": "Point", "coordinates": [692492.5, 5332627.5]}}, {"type": "Feature", "properties": {"h": 14.9}, "geometry": {"type": "Point", "coordinates": [692502.5, 5332623.5]}}, {"type": "Feature", "properties": {"h": 13.3}, "geometry": {"type": "Point", "coordinates": [692504.5, 5332623.5]}}, {"type": "Feature", "properties": {"h": 14.8}, "geometry": {"type": "Point", "coordinates": [692515.5, 5332623.5]}}, {"type": "Feature", "properties": {"h": 13.3}, "geometry": {"type": "Point", "coordinates": [692518.5, 5332623.5]}}, {"type": "Feature", "properties": {"h": 6.2}, "geometry": {"type": "Point", "coordinates": [693441.5, 5332624.5]}}, {"type": "Feature", "properties": {"h": 16.5}, "geometry": {"type": "Point", "coordinates": [693446.5, 5332626.5]}}, {"type": "Feature", "properties": {"h": 16.3}, "geometry": {"type": "Point", "coordinates": [693455.5, 5332627.5]}}, {"type": "Feature", "properties": {"h": 16.4}, "geometry": {"type": "Point", "coordinates": [693462.5, 5332627.5]}}, {"type": "Feature", "properties": {"h": 15.8}, "geometry": {"type": "Point", "coordinates": [693463.5, 5332627.5]}}, {"type": "Feature", "properties": {"h": 8.8}, "geometry": {"type": "Point", "coordinates": [693470.5, 5332627.5]}}, {"type": "Feature", "properties": {"h": 8.4}, "geometry": {"type": "Point", "coordinates": [692363.5, 5332614.5]}}, {"type": "Feature", "properties": {"h": 14.9}, "geometry": {"type": "Point", "coordinates": [692370.5, 5332619.5]}}, {"type": "Feature", "properties": {"h": 14.4}, "geometry": {"type": "Point", "coordinates": [692371.5, 5332618.5]}}, {"type": "Feature", "properties": {"h": 13.2}, "geometry": {"type": "Point", "coordinates": [692502.5, 5332620.5]}}, {"type": "Feature", "properties": {"h": 13.8}, "geometry": {"type": "Point", "coordinates": [692507.5, 5332619.5]}}, {"type": "Feature", "properties": {"h": 13.4}, "geometry": {"type": "Point", "coordinates": [692515.5, 5332620.5]}}, {"type": "Feature", "properties": {"h": 13.1}, "geometry": {"type": "Point", "coordinates": [692524.5, 5332615.5]}}, {"type": "Feature", "properties": {"h": 13.4}, "geometry": {"type": "Point", "coordinates": [692525.5, 5332614.5]}}, {"type": "Feature", "properties": {"h": 11.3}, "geometry": {"type": "Point", "coordinates": [692363.5, 5332609.5]}}, {"type": "Feature", "properties": {"h": 14.2}, "geometry": {"type": "Point", "coordinates": [692367.5, 5332612.5]}}, {"type": "Feature", "properties": {"h": 11.3}, "geometry": {"type": "Point", "coordinates": [692517.5, 5332612.5]}}, {"type": "Feature", "properties": {"h": 15.4}, "geometry": {"type": "Point", "coordinates": [692522.5, 5332608.5]}}, {"type": "Feature", "properties": {"h": 13.7}, "geometry": {"type": "Point", "coordinates": [692525.5, 5332607.5]}}, {"type": "Feature", "properties": {"h": 9.1}, "geometry": {"type": "Point", "coordinates": [692536.5, 5332607.5]}}, {"type": "Feature", "properties": {"h": 4.8}, "geometry": {"type": "Point", "coordinates": [692543.5, 5332607.5]}}, {"type": "Feature", "properties": {"h": 11.2}, "geometry": {"type": "Point", "coordinates": [692356.5, 5332604.5]}}, {"type": "Feature", "properties": {"h": 14.3}, "geometry": {"type": "Point", "coordinates": [692359.5, 5332603.5]}}, {"type": "Feature", "properties": {"h": 10.1}, "geometry": {"type": "Point", "coordinates": [692364.5, 5332606.5]}}, {"type": "Feature", "properties": {"h": 14.9}, "geometry": {"type": "Point", "coordinates": [692523.5, 5332606.5]}}, {"type": "Feature", "properties": {"h": 16.9}, "geometry": {"type": "Point", "coordinates": [692531.5, 5332601.5]}}, {"type": "Feature", "properties": {"h": 17.4}, "geometry": {"type": "Point", "coordinates": [692533.5, 5332601.5]}}, {"type": "Feature", "properties": {"h": 13.3}, "geometry": {"type": "Point", "coordinates": [692541.5, 5332605.5]}}, {"type": "Feature", "properties": {"h": 12.5}, "geometry": {"type": "Point", "coordinates": [692548.5, 5332600.5]}}, {"type": "Feature", "properties": {"h": 12.0}, "geometry": {"type": "Point", "coordinates": [692354.5, 5332593.5]}}, {"type": "Feature", "properties": {"h": 10.3}, "geometry": {"type": "Point", "coordinates": [692359.5, 5332599.5]}}, {"type": "Feature", "properties": {"h": 16.2}, "geometry": {"type": "Point", "coordinates": [692531.5, 5332599.5]}}, {"type": "Feature", "properties": {"h": 16.6}, "geometry": {"type": "Point", "coordinates": [692532.5, 5332599.5]}}, {"type": "Feature", "properties": {"h": 12.3}, "geometry": {"type": "Point", "coordinates": [692539.5, 5332596.5]}}, {"type": "Feature", "properties": {"h": 12.6}, "geometry": {"type": "Point", "coordinates": [692549.5, 5332597.5]}}, {"type": "Feature", "properties": {"h": 9.1}, "geometry": {"type": "Point", "coordinates": [692558.5, 5332593.5]}}, {"type": "Feature", "properties": {"h": 9.3}, "geometry": {"type": "Point", "coordinates": [692349.5, 5332587.5]}}, {"type": "Feature", "properties": {"h": 12.2}, "geometry": {"type": "Point", "coordinates": [692354.5, 5332592.5]}}, {"type": "Feature", "properties": {"h": 8.0}, "geometry": {"type": "Point", "coordinates": [692357.5, 5332586.5]}}, {"type": "Feature", "properties": {"h": 15.2}, "geometry": {"type": "Point", "coordinates": [692549.5, 5332586.5]}}, {"type": "Feature", "properties": {"h": 14.6}, "geometry": {"type": "Point", "coordinates": [692553.5, 5332586.5]}}, {"type": "Feature", "properties": {"h": 14.0}, "geometry": {"type": "Point", "coordinates": [692564.5, 5332587.5]}}, {"type": "Feature", "properties": {"h": 12.2}, "geometry": {"type": "Point", "coordinates": [692567.5, 5332586.5]}}, {"type": "Feature", "properties": {"h": 8.3}, "geometry": {"type": "Point", "coordinates": [692349.5, 5332585.5]}}, {"type": "Feature", "properties": {"h": 9.2}, "geometry": {"type": "Point", "coordinates": [692356.5, 5332582.5]}}, {"type": "Feature", "properties": {"h": 10.9}, "geometry": {"type": "Point", "coordinates": [692363.5, 5332580.5]}}, {"type": "Feature", "properties": {"h": 11.3}, "geometry": {"type": "Point", "coordinates": [692364.5, 5332580.5]}}, {"type": "Feature", "properties": {"h": 10.9}, "geometry": {"type": "Point", "coordinates": [692372.5, 5332579.5]}}, {"type": "Feature", "properties": {"h": 9.8}, "geometry": {"type": "Point", "coordinates": [692378.5, 5332579.5]}}, {"type": "Feature", "properties": {"h": 17.3}, "geometry": {"type": "Point", "coordinates": [692545.5, 5332581.5]}}, {"type": "Feature", "properties": {"h": 18.8}, "geometry": {"type": "Point", "coordinates": [692548.5, 5332580.5]}}, {"type": "Feature", "properties": {"h": 17.7}, "geometry": {"type": "Point", "coordinates": [692559.5, 5332579.5]}}, {"type": "Feature", "properties": {"h": 17.3}, "geometry": {"type": "Point", "coordinates": [692560.5, 5332580.5]}}, {"type": "Feature", "properties": {"h": 10.8}, "geometry": {"type": "Point", "coordinates": [692567.5, 5332585.5]}}, {"type": "Feature", "properties": {"h": 8.2}, "geometry": {"type": "Point", "coordinates": [692574.5, 5332580.5]}}, {"type": "Feature", "properties": {"h": 10.0}, "geometry": {"type": "Point", "coordinates": [692363.5, 5332578.5]}}, {"type": "Feature", "properties": {"h": 10.6}, "geometry": {"type": "Point", "coordinates": [692370.5, 5332578.5]}}, {"type": "Feature", "properties": {"h": 10.9}, "geometry": {"type": "Point", "coordinates": [692371.5, 5332578.5]}}, {"type": "Feature", "properties": {"h": 10.9}, "geometry": {"type": "Point", "coordinates": [692384.5, 5332574.5]}}, {"type": "Feature", "properties": {"h": 10.8}, "geometry": {"type": "Point", "coordinates": [692385.5, 5332574.5]}}, {"type": "Feature", "properties": {"h": 10.2}, "geometry": {"type": "Point", "coordinates": [692392.5, 5332572.5]}}, {"type": "Feature", "properties": {"h": 9.5}, "geometry": {"type": "Point", "coordinates": [692399.5, 5332572.5]}}, {"type": "Feature", "properties": {"h": 5.9}, "geometry": {"type": "Point", "coordinates": [692406.5, 5332572.5]}}, {"type": "Feature", "properties": {"h": 13.5}, "geometry": {"type": "Point", "coordinates": [692538.5, 5332572.5]}}, {"type": "Feature", "properties": {"h": 17.0}, "geometry": {"type": "Point", "coordinates": [692545.5, 5332576.5]}}, {"type": "Feature", "properties": {"h": 17.9}, "geometry": {"type": "Point", "coordinates": [692549.5, 5332578.5]}}, {"type": "Feature", "properties": {"h": 17.6}, "geometry": {"type": "Point", "coordinates": [692558.5, 5332578.5]}}, {"type": "Feature", "properties": {"h": 17.2}, "geometry": {"type": "Point", "coordinates": [692560.5, 5332578.5]}}, {"type": "Feature", "properties": {"h": 14.6}, "geometry": {"type": "Point", "coordinates": [692569.5, 5332572.5]}}, {"type": "Feature", "properties": {"h": 10.0}, "geometry": {"type": "Point", "coordinates": [692574.5, 5332572.5]}}, {"type": "Feature", "properties": {"h": 12.9}, "geometry": {"type": "Point", "coordinates": [692585.5, 5332572.5]}}, {"type": "Feature", "properties": {"h": 12.4}, "geometry": {"type": "Point", "coordinates": [692588.5, 5332572.5]}}, {"type": "Feature", "properties": {"h": 10.1}, "geometry": {"type": "Point", "coordinates": [692391.5, 5332571.5]}}, {"type": "Feature", "properties": {"h": 10.0}, "geometry": {"type": "Point", "coordinates": [692398.5, 5332571.5]}}, {"type": "Feature", "properties": {"h": 9.8}, "geometry": {"type": "Point", "coordinates": [692399.5, 5332571.5]}}, {"type": "Feature", "properties": {"h": 10.1}, "geometry": {"type": "Point", "coordinates": [692411.5, 5332566.5]}}, {"type": "Feature", "properties": {"h": 11.0}, "geometry": {"type": "Point", "coordinates": [692417.5, 5332565.5]}}, {"type": "Feature", "properties": {"h": 9.9}, "geometry": {"type": "Point", "coordinates": [692425.5, 5332565.5]}}, {"type": "Feature", "properties": {"h": 8.2}, "geometry": {"type": "Point", "coordinates": [692427.5, 5332565.5]}}, {"type": "Feature", "properties": {"h": 16.1}, "geometry": {"type": "Point", "coordinates": [692538.5, 5332566.5]}}, {"type": "Feature", "properties": {"h": 16.9}, "geometry": {"type": "Point", "coordinates": [692540.5, 5332566.5]}}, {"type": "Feature", "properties": {"h": 14.8}, "geometry": {"type": "Point", "coordinates": [692546.5, 5332571.5]}}, {"type": "Feature", "properties": {"h": 13.1}, "geometry": {"type": "Point", "coordinates": [692566.5, 5332571.5]}}, {"type": "Feature", "properties": {"h": 14.3}, "geometry": {"type": "Point", "coordinates": [692570.5, 5332571.5]}}, {"type": "Feature", "properties": {"h": 15.2}, "geometry": {"type": "Point", "coordinates": [692580.5, 5332565.5]}}, {"type": "Feature", "properties": {"h": 14.8}, "geometry": {"type": "Point", "coordinates": [692581.5, 5332565.5]}}, {"type": "Feature", "properties": {"h": 12.7}, "geometry": {"type": "Point", "coordinates": [692588.5, 5332571.5]}}, {"type": "Feature", "properties": {"h": 8.3}, "geometry": {"type": "Point", "coordinates": [692411.5, 5332564.5]}}, {"type": "Feature", "properties": {"h": 10.8}, "geometry": {"type": "Point", "coordinates": [692417.5, 5332564.5]}}, {"type": "Feature", "properties": {"h": 10.5}, "geometry": {"type": "Point", "coordinates": [692424.5, 5332563.5]}}, {"type": "Feature", "properties": {"h": 9.4}, "geometry": {"type": "Point", "coordinates": [692431.5, 5332562.5]}}, {"type": "Feature", "properties": {"h": 11.2}, "geometry": {"type": "Point", "coordinates": [692438.5, 5332559.5]}}, {"type": "Feature", "properties": {"h": 10.3}, "geometry": {"type": "Point", "coordinates": [692443.5, 5332558.5]}}, {"type": "Feature", "properties": {"h": 9.1}, "geometry": {"type": "Point", "coordinates": [692450.5, 5332558.5]}}, {"type": "Feature", "properties": {"h": 7.6}, "geometry": {"type": "Point", "coordinates": [692457.5, 5332558.5]}}, {"type": "Feature", "properties": {"h": 5.6}, "geometry": {"type": "Point", "coordinates": [692531.5, 5332560.5]}}, {"type": "Feature", "properties": {"h": 15.6}, "geometry": {"type": "Point", "coordinates": [692538.5, 5332564.5]}}, {"type": "Feature", "properties": {"h": 16.4}, "geometry": {"type": "Point", "coordinates": [692540.5, 5332564.5]}}, {"type": "Feature", "properties": {"h": 13.9}, "geometry": {"type": "Point", "coordinates": [692559.5, 5332558.5]}}, {"type": "Feature", "properties": {"h": 13.9}, "geometry": {"type": "Point", "coordinates": [692560.5, 5332558.5]}}, {"type": "Feature", "properties": {"h": 15.5}, "geometry": {"type": "Point", "coordinates": [692580.5, 5332564.5]}}, {"type": "Feature", "properties": {"h": 15.2}, "geometry": {"type": "Point", "coordinates": [692581.5, 5332564.5]}}, {"type": "Feature", "properties": {"h": 12.7}, "geometry": {"type": "Point", "coordinates": [692589.5, 5332558.5]}}, {"type": "Feature", "properties": {"h": 6.9}, "geometry": {"type": "Point", "coordinates": [692595.5, 5332558.5]}}, {"type": "Feature", "properties": {"h": 15.6}, "geometry": {"type": "Point", "coordinates": [692615.5, 5332559.5]}}, {"type": "Feature", "properties": {"h": 19.1}, "geometry": {"type": "Point", "coordinates": [692620.5, 5332558.5]}}, {"type": "Feature", "properties": {"h": 17.8}, "geometry": {"type": "Point", "coordinates": [692623.5, 5332558.5]}}, {"type": "Feature", "properties": {"h": 10.2}, "geometry": {"type": "Point", "coordinates": [692438.5, 5332557.5]}}, {"type": "Feature", "properties": {"h": 10.3}, "geometry": {"type": "Point", "coordinates": [692443.5, 5332557.5]}}, {"type": "Feature", "properties": {"h": 10.2}, "geometry": {"type": "Point", "coordinates": [692451.5, 5332555.5]}}, {"type": "Feature", "properties": {"h": 10.6}, "geometry": {"type": "Point", "coordinates": [692461.5, 5332552.5]}}, {"type": "Feature", "properties": {"h": 11.1}, "geometry": {"type": "Point", "coordinates": [692462.5, 5332553.5]}}, {"type": "Feature", "properties": {"h": 7.8}, "geometry": {"type": "Point", "coordinates": [692469.5, 5332554.5]}}, {"type": "Feature", "properties": {"h": 10.2}, "geometry": {"type": "Point", "coordinates": [692531.5, 5332554.5]}}, {"type": "Feature", "properties": {"h": 14.7}, "geometry": {"type": "Point", "coordinates": [692535.5, 5332555.5]}}, {"type": "Feature", "properties": {"h": 13.0}, "geometry": {"type": "Point", "coordinates": [692539.5, 5332557.5]}}, {"type": "Feature", "properties": {"h": 11.1}, "geometry": {"type": "Point", "coordinates": [692552.5, 5332552.5]}}, {"type": "Feature", "properties": {"h": 18.1}, "geometry": {"type": "Point", "coordinates": [692559.5, 5332551.5]}}, {"type": "Feature", "properties": {"h": 17.7}, "geometry": {"type": "Point", "coordinates": [692560.5, 5332551.5]}}, {"type": "Feature", "properties": {"h": 13.6}, "geometry": {"type": "Point", "coordinates": [692573.5, 5332551.5]}}, {"type": "Feature", "properties": {"h": 15.1}, "geometry": {"type": "Point", "coordinates": [692576.5, 5332551.5]}}, {"type": "Feature", "properties": {"h": 13.4}, "geometry": {"type": "Point", "coordinates": [692581.5, 5332552.5]}}, {"type": "Feature", "properties": {"h": 12.5}, "geometry": {"type": "Point", "coordinates": [692591.5, 5332551.5]}}, {"type": "Feature", "properties": {"h": 11.1}, "geometry": {"type": "Point", "coordinates": [692599.5, 5332551.5]}}, {"type": "Feature", "properties": {"h": 4.5}, "geometry": {"type": "Point", "coordinates": [692602.5, 5332551.5]}}, {"type": "Feature", "properties": {"h": 14.7}, "geometry": {"type": "Point", "coordinates": [692615.5, 5332557.5]}}, {"type": "Feature", "properties": {"h": 19.2}, "geometry": {"type": "Point", "coordinates": [692620.5, 5332557.5]}}, {"type": "Feature", "properties": {"h": 18.4}, "geometry": {"type": "Point", "coordinates": [692623.5, 5332556.5]}}, {"type": "Feature", "properties": {"h": 15.6}, "geometry": {"type": "Point", "coordinates": [692634.5, 5332551.5]}}, {"type": "Feature", "properties": {"h": 14.3}, "geometry": {"type": "Point", "coordinates": [692637.5, 5332551.5]}}, {"type": "Feature", "properties": {"h": 10.5}, "geometry": {"type": "Point", "coordinates": [692647.5, 5332551.5]}}, {"type": "Feature", "properties": {"h": 10.2}, "geometry": {"type": "Point", "coordinates": [692461.5, 5332548.5]}}, {"type": "Feature", "properties": {"h": 10.5}, "geometry": {"type": "Point", "coordinates": [692462.5, 5332548.5]}}, {"type": "Feature", "properties": {"h": 9.5}, "geometry": {"type": "Point", "coordinates": [692469.5, 5332545.5]}}, {"type": "Feature", "properties": {"h": 4.2}, "geometry": {"type": "Point", "coordinates": [692476.5, 5332546.5]}}, {"type": "Feature", "properties": {"h": 9.2}, "geometry": {"type": "Point", "coordinates": [692487.5, 5332545.5]}}, {"type": "Feature", "properties": {"h": 9.1}, "geometry": {"type": "Point", "coordinates": [692535.5, 5332550.5]}}, {"type": "Feature", "properties": {"h": 4.0}, "geometry": {"type": "Point", "coordinates": [692545.5, 5332544.5]}}, {"type": "Feature", "properties": {"h": 11.1}, "geometry": {"type": "Point", "coordinates": [692552.5, 5332550.5]}}, {"type": "Feature", "properties": {"h": 18.2}, "geometry": {"type": "Point", "coordinates": [692559.5, 5332550.5]}}, {"type": "Feature", "properties": {"h": 17.7}, "geometry": {"type": "Point", "coordinates": [692560.5, 5332550.5]}}, {"type": "Feature", "properties": {"h": 15.4}, "geometry": {"type": "Point", "coordinates": [692573.5, 5332548.5]}}, {"type": "Feature", "properties": {"h": 15.9}, "geometry": {"type": "Point", "coordinates": [692575.5, 5332548.5]}}, {"type": "Feature", "properties": {"h": 10.1}, "geometry": {"type": "Point", "coordinates": [692581.5, 5332550.5]}}, {"type": "Feature", "properties": {"h": 16.3}, "geometry": {"type": "Point", "coordinates": [692592.5, 5332546.5]}}, {"type": "Feature", "properties": {"h": 13.6}, "geometry": {"type": "Point", "coordinates": [692595.5, 5332546.5]}}, {"type": "Feature", "properties": {"h": 6.2}, "geometry": {"type": "Point", "coordinates": [692602.5, 5332550.5]}}, {"type": "Feature", "properties": {"h": 13.1}, "geometry": {"type": "Point", "coordinates": [692615.5, 5332549.5]}}, {"type": "Feature", "properties": {"h": 16.7}, "geometry": {"type": "Point", "coordinates": [692618.5, 5332550.5]}}, {"type": "Feature", "properties": {"h": 15.4}, "geometry": {"type": "Point", "coordinates": [692623.5, 5332550.5]}}, {"type": "Feature", "properties": {"h": 15.7}, "geometry": {"type": "Point", "coordinates": [692633.5, 5332549.5]}}, {"type": "Feature", "properties": {"h": 14.4}, "geometry": {"type": "Point", "coordinates": [692637.5, 5332550.5]}}, {"type": "Feature", "properties": {"h": 13.2}, "geometry": {"type": "Point", "coordinates": [692646.5, 5332549.5]}}, {"type": "Feature", "properties": {"h": 11.4}, "geometry": {"type": "Point", "coordinates": [692678.5, 5332545.5]}}, {"type": "Feature", "properties": {"h": 15.0}, "geometry": {"type": "Point", "coordinates": [692682.5, 5332545.5]}}, {"type": "Feature", "properties": {"h": 11.2}, "geometry": {"type": "Point", "coordinates": [692686.5, 5332544.5]}}, {"type": "Feature", "properties": {"h": 12.1}, "geometry": {"type": "Point", "coordinates": [692706.5, 5332544.5]}}, {"type": "Feature", "properties": {"h": 17.0}, "geometry": {"type": "Point", "coordinates": [692709.5, 5332544.5]}}, {"type": "Feature", "properties": {"h": 9.3}, "geometry": {"type": "Point", "coordinates": [692461.5, 5332540.5]}}, {"type": "Feature", "properties": {"h": 10.2}, "geometry": {"type": "Point", "coordinates": [692463.5, 5332540.5]}}, {"type": "Feature", "properties": {"h": 8.3}, "geometry": {"type": "Point", "coordinates": [692469.5, 5332543.5]}}, {"type": "Feature", "properties": {"h": 4.2}, "geometry": {"type": "Point", "coordinates": [692477.5, 5332542.5]}}, {"type": "Feature", "properties": {"h": 8.7}, "geometry": {"type": "Point", "coordinates": [692487.5, 5332543.5]}}, {"type": "Feature", "properties": {"h": 3.3}, "geometry": {"type": "Point", "coordinates": [692492.5, 5332538.5]}}, {"type": "Feature", "properties": {"h": 3.9}, "geometry": {"type": "Point", "coordinates": [692498.5, 5332537.5]}}, {"type": "Feature", "properties": {"h": 4.4}, "geometry": {"type": "Point", "coordinates": [692545.5, 5332540.5]}}, {"type": "Feature", "properties": {"h": 4.9}, "geometry": {"type": "Point", "coordinates": [692552.5, 5332537.5]}}, {"type": "Feature", "properties": {"h": 11.6}, "geometry": {"type": "Point", "coordinates": [692558.5, 5332539.5]}}, {"type": "Feature", "properties": {"h": 8.7}, "geometry": {"type": "Point", "coordinates": [692560.5, 5332543.5]}}, {"type": "Feature", "properties": {"h": 12.0}, "geometry": {"type": "Point", "coordinates": [692576.5, 5332543.5]}}, {"type": "Feature", "properties": {"h": 13.4}, "geometry": {"type": "Point", "coordinates": [692587.5, 5332539.5]}}, {"type": "Feature", "properties": {"h": 15.3}, "geometry": {"type": "Point", "coordinates": [692590.5, 5332537.5]}}, {"type": "Feature", "properties": {"h": 11.5}, "geometry": {"type": "Point", "coordinates": [692595.5, 5332537.5]}}, {"type": "Feature", "properties": {"h": 8.4}, "geometry": {"type": "Point", "coordinates": [692614.5, 5332541.5]}}, {"type": "Feature", "properties": {"h": 8.4}, "geometry": {"type": "Point", "coordinates": [692616.5, 5332543.5]}}, {"type": "Feature", "properties": {"h": 8.2}, "geometry": {"type": "Point", "coordinates": [692629.5, 5332543.5]}}, {"type": "Feature", "properties": {"h": 10.5}, "geometry": {"type": "Point", "coordinates": [692636.5, 5332543.5]}}, {"type": "Feature", "properties": {"h": 10.6}, "geometry": {"type": "Point", "coordinates": [692637.5, 5332543.5]}}, {"type": "Feature", "properties": {"h": 5.5}, "geometry": {"type": "Point", "coordinates": [692644.5, 5332538.5]}}, {"type": "Feature", "properties": {"h": 10.0}, "geometry": {"type": "Point", "coordinates": [692678.5, 5332543.5]}}, {"type": "Feature", "properties": {"h": 14.7}, "geometry": {"type": "Point", "coordinates": [692681.5, 5332543.5]}}, {"type": "Feature", "properties": {"h": 11.4}, "geometry": {"type": "Point", "coordinates": [692686.5, 5332543.5]}}, {"type": "Feature", "properties": {"h": 17.6}, "geometry": {"type": "Point", "coordinates": [692706.5, 5332537.5]}}, {"type": "Feature", "properties": {"h": 19.7}, "geometry": {"type": "Point", "coordinates": [692710.5, 5332539.5]}}, {"type": "Feature", "properties": {"h": 15.2}, "geometry": {"type": "Point", "coordinates": [692714.5, 5332540.5]}}, {"type": "Feature", "properties": {"h": 10.2}, "geometry": {"type": "Point", "coordinates": [692461.5, 5332534.5]}}, {"type": "Feature", "properties": {"h": 11.0}, "geometry": {"type": "Point", "coordinates": [692463.5, 5332533.5]}}, {"type": "Feature", "properties": {"h": 8.5}, "geometry": {"type": "Point", "coordinates": [692469.5, 5332532.5]}}, {"type": "Feature", "properties": {"h": 4.1}, "geometry": {"type": "Point", "coordinates": [692478.5, 5332536.5]}}, {"type": "Feature", "properties": {"h": 3.8}, "geometry": {"type": "Point", "coordinates": [692488.5, 5332535.5]}}, {"type": "Feature", "properties": {"h": 3.9}, "geometry": {"type": "Point", "coordinates": [692496.5, 5332536.5]}}, {"type": "Feature", "properties": {"h": 4.2}, "geometry": {"type": "Point", "coordinates": [692497.5, 5332535.5]}}, {"type": "Feature", "properties": {"h": 4.6}, "geometry": {"type": "Point", "coordinates": [692535.5, 5332530.5]}}, {"type": "Feature", "properties": {"h": 4.1}, "geometry": {"type": "Point", "coordinates": [692545.5, 5332536.5]}}, {"type": "Feature", "properties": {"h": 14.1}, "geometry": {"type": "Point", "coordinates": [692552.5, 5332531.5]}}, {"type": "Feature", "properties": {"h": 14.2}, "geometry": {"type": "Point", "coordinates": [692553.5, 5332531.5]}}, {"type": "Feature", "properties": {"h": 5.1}, "geometry": {"type": "Point", "coordinates": [692563.5, 5332530.5]}}, {"type": "Feature", "properties": {"h": 13.7}, "geometry": {"type": "Point", "coordinates": [692572.5, 5332530.5]}}, {"type": "Feature", "properties": {"h": 15.5}, "geometry": {"type": "Point", "coordinates": [692579.5, 5332530.5]}}, {"type": "Feature", "properties": {"h": 13.9}, "geometry": {"type": "Point", "coordinates": [692587.5, 5332530.5]}}, {"type": "Feature", "properties": {"h": 15.1}, "geometry": {"type": "Point", "coordinates": [692590.5, 5332536.5]}}, {"type": "Feature", "properties": {"h": 10.9}, "geometry": {"type": "Point", "coordinates": [692595.5, 5332536.5]}}, {"type": "Feature", "properties": {"h": 13.9}, "geometry": {"type": "Point", "coordinates": [692608.5, 5332530.5]}}, {"type": "Feature", "properties": {"h": 15.9}, "geometry": {"type": "Point", "coordinates": [692615.5, 5332530.5]}}, {"type": "Feature", "properties": {"h": 16.7}, "geometry": {"type": "Point", "coordinates": [692618.5, 5332530.5]}}, {"type": "Feature", "properties": {"h": 15.7}, "geometry": {"type": "Point", "coordinates": [692628.5, 5332530.5]}}, {"type": "Feature", "properties": {"h": 14.8}, "geometry": {"type": "Point", "coordinates": [692630.5, 5332530.5]}}, {"type": "Feature", "properties": {"h": 8.4}, "geometry": {"type": "Point", "coordinates": [692641.5, 5332530.5]}}, {"type": "Feature", "properties": {"h": 5.9}, "geometry": {"type": "Point", "coordinates": [692644.5, 5332530.5]}}, {"type": "Feature", "properties": {"h": 3.7}, "geometry": {"type": "Point", "coordinates": [692678.5, 5332530.5]}}, {"type": "Feature", "properties": {"h": 6.1}, "geometry": {"type": "Point", "coordinates": [692680.5, 5332530.5]}}, {"type": "Feature", "properties": {"h": 17.2}, "geometry": {"type": "Point", "coordinates": [692706.5, 5332536.5]}}, {"type": "Feature", "properties": {"h": 18.2}, "geometry": {"type": "Point", "coordinates": [692711.5, 5332536.5]}}, {"type": "Feature", "properties": {"h": 15.9}, "geometry": {"type": "Point", "coordinates": [692714.5, 5332535.5]}}, {"type": "Feature", "properties": {"h": 10.2}, "geometry": {"type": "Point", "coordinates": [692461.5, 5332527.5]}}, {"type": "Feature", "properties": {"h": 11.6}, "geometry": {"type": "Point", "coordinates": [692464.5, 5332527.5]}}, {"type": "Feature", "properties": {"h": 8.5}, "geometry": {"type": "Point", "coordinates": [692469.5, 5332524.5]}}, {"type": "Feature", "properties": {"h": 5.6}, "geometry": {"type": "Point", "coordinates": [692476.5, 5332527.5]}}, {"type": "Feature", "properties": {"h": 4.4}, "geometry": {"type": "Point", "coordinates": [692483.5, 5332524.5]}}, {"type": "Feature", "properties": {"h": 4.7}, "geometry": {"type": "Point", "coordinates": [692491.5, 5332524.5]}}, {"type": "Feature", "properties": {"h": 4.8}, "geometry": {"type": "Point", "coordinates": [692499.5, 5332523.5]}}, {"type": "Feature", "properties": {"h": 4.5}, "geometry": {"type": "Point", "coordinates": [692504.5, 5332524.5]}}, {"type": "Feature", "properties": {"h": 12.2}, "geometry": {"type": "Point", "coordinates": [692517.5, 5332523.5]}}, {"type": "Feature", "properties": {"h": 13.7}, "geometry": {"type": "Point", "coordinates": [692523.5, 5332523.5]}}, {"type": "Feature", "properties": {"h": 13.3}, "geometry": {"type": "Point", "coordinates": [692531.5, 5332523.5]}}, {"type": "Feature", "properties": {"h": 16.5}, "geometry": {"type": "Point", "coordinates": [692534.5, 5332524.5]}}, {"type": "Feature", "properties": {"h": 12.7}, "geometry": {"type": "Point", "coordinates": [692539.5, 5332523.5]}}, {"type": "Feature", "properties": {"h": 12.8}, "geometry": {"type": "Point", "coordinates": [692552.5, 5332529.5]}}, {"type": "Feature", "properties": {"h": 14.0}, "geometry": {"type": "Point", "coordinates": [692556.5, 5332524.5]}}, {"type": "Feature", "properties": {"h": 11.1}, "geometry": {"type": "Point", "coordinates": [692563.5, 5332526.5]}}, {"type": "Feature", "properties": {"h": 17.8}, "geometry": {"type": "Point", "coordinates": [692572.5, 5332527.5]}}, {"type": "Feature", "properties": {"h": 16.9}, "geometry": {"type": "Point", "coordinates": [692580.5, 5332528.5]}}, {"type": "Feature", "properties": {"h": 16.4}, "geometry": {"type": "Point", "coordinates": [692581.5, 5332528.5]}}, {"type": "Feature", "properties": {"h": 15.4}, "geometry": {"type": "Point", "coordinates": [692589.5, 5332529.5]}}, {"type": "Feature", "properties": {"h": 10.8}, "geometry": {"type": "Point", "coordinates": [692597.5, 5332527.5]}}, {"type": "Feature", "properties": {"h": 14.2}, "geometry": {"type": "Point", "coordinates": [692608.5, 5332529.5]}}, {"type": "Feature", "properties": {"h": 15.8}, "geometry": {"type": "Point", "coordinates": [692615.5, 5332529.5]}}, {"type": "Feature", "properties": {"h": 16.8}, "geometry": {"type": "Point", "coordinates": [692618.5, 5332528.5]}}, {"type": "Feature", "properties": {"h": 17.2}, "geometry": {"type": "Point", "coordinates": [692626.5, 5332525.5]}}, {"type": "Feature", "properties": {"h": 16.6}, "geometry": {"type": "Point", "coordinates": [692630.5, 5332527.5]}}, {"type": "Feature", "properties": {"h": 14.0}, "geometry": {"type": "Point", "coordinates": [692642.5, 5332524.5]}}, {"type": "Feature", "properties": {"h": 14.6}, "geometry": {"type": "Point", "coordinates": [692648.5, 5332527.5]}}, {"type": "Feature", "properties": {"h": 13.1}, "geometry": {"type": "Point", "coordinates": [692651.5, 5332526.5]}}, {"type": "Feature", "properties": {"h": 8.8}, "geometry": {"type": "Point", "coordinates": [692678.5, 5332525.5]}}, {"type": "Feature", "properties": {"h": 16.1}, "geometry": {"type": "Point", "coordinates": [692685.5, 5332523.5]}}, {"type": "Feature", "properties": {"h": 18.0}, "geometry": {"type": "Point", "coordinates": [692688.5, 5332523.5]}}, {"type": "Feature", "properties": {"h": 16.9}, "geometry": {"type": "Point", "coordinates": [692693.5, 5332525.5]}}, {"type": "Feature", "properties": {"h": 8.7}, "geometry": {"type": "Point", "coordinates": [692712.5, 5332523.5]}}, {"type": "Feature", "properties": {"h": 5.5}, "geometry": {"type": "Point", "coordinates": [692714.5, 5332527.5]}}, {"type": "Feature", "properties": {"h": 8.8}, "geometry": {"type": "Point", "coordinates": [692461.5, 5332522.5]}}, {"type": "Feature", "properties": {"h": 11.4}, "geometry": {"type": "Point", "coordinates": [692465.5, 5332521.5]}}, {"type": "Feature", "properties": {"h": 12.7}, "geometry": {"type": "Point", "coordinates": [692475.5, 5332516.5]}}, {"type": "Feature", "properties": {"h": 14.0}, "geometry": {"type": "Point", "coordinates": [692482.5, 5332516.5]}}, {"type": "Feature", "properties": {"h": 14.7}, "geometry": {"type": "Point", "coordinates": [692489.5, 5332516.5]}}, {"type": "Feature", "properties": {"h": 14.4}, "geometry": {"type": "Point", "coordinates": [692490.5, 5332516.5]}}, {"type": "Feature", "properties": {"h": 12.5}, "geometry": {"type": "Point", "coordinates": [692499.5, 5332517.5]}}, {"type": "Feature", "properties": {"h": 15.2}, "geometry": {"type": "Point", "coordinates": [692506.5, 5332518.5]}}, {"type": "Feature", "properties": {"h": 14.4}, "geometry": {"type": "Point", "coordinates": [692516.5, 5332516.5]}}, {"type": "Feature", "properties": {"h": 16.5}, "geometry": {"type": "Point", "coordinates": [692523.5, 5332517.5]}}, {"type": "Feature", "properties": {"h": 16.9}, "geometry": {"type": "Point", "coordinates": [692531.5, 5332518.5]}}, {"type": "Feature", "properties": {"h": 17.2}, "geometry": {"type": "Point", "coordinates": [692535.5, 5332519.5]}}, {"type": "Feature", "properties": {"h": 15.5}, "geometry": {"type": "Point", "coordinates": [692539.5, 5332519.5]}}, {"type": "Feature", "properties": {"h": 12.8}, "geometry": {"type": "Point", "coordinates": [692549.5, 5332517.5]}}, {"type": "Feature", "properties": {"h": 12.3}, "geometry": {"type": "Point", "coordinates": [692555.5, 5332522.5]}}, {"type": "Feature", "properties": {"h": 14.5}, "geometry": {"type": "Point", "coordinates": [692566.5, 5332517.5]}}, {"type": "Feature", "properties": {"h": 15.0}, "geometry": {"type": "Point", "coordinates": [692567.5, 5332518.5]}}, {"type": "Feature", "properties": {"h": 13.1}, "geometry": {"type": "Point", "coordinates": [692574.5, 5332522.5]}}, {"type": "Feature", "properties": {"h": 17.5}, "geometry": {"type": "Point", "coordinates": [692586.5, 5332521.5]}}, {"type": "Feature", "properties": {"h": 12.7}, "geometry": {"type": "Point", "coordinates": [692588.5, 5332521.5]}}, {"type": "Feature", "properties": {"h": 7.5}, "geometry": {"type": "Point", "coordinates": [692612.5, 5332522.5]}}, {"type": "Feature", "properties": {"h": 11.8}, "geometry": {"type": "Point", "coordinates": [692620.5, 5332522.5]}}, {"type": "Feature", "properties": {"h": 15.0}, "geometry": {"type": "Point", "coordinates": [692628.5, 5332522.5]}}, {"type": "Feature", "properties": {"h": 14.2}, "geometry": {"type": "Point", "coordinates": [692630.5, 5332522.5]}}, {"type": "Feature", "properties": {"h": 13.0}, "geometry": {"type": "Point", "coordinates": [692643.5, 5332522.5]}}, {"type": "Feature", "properties": {"h": 12.9}, "geometry": {"type": "Point", "coordinates": [692644.5, 5332522.5]}}, {"type": "Feature", "properties": {"h": 5.3}, "geometry": {"type": "Point", "coordinates": [692651.5, 5332522.5]}}, {"type": "Feature", "properties": {"h": 6.1}, "geometry": {"type": "Point", "coordinates": [692678.5, 5332522.5]}}, {"type": "Feature", "properties": {"h": 16.0}, "geometry": {"type": "Point", "coordinates": [692685.5, 5332522.5]}}, {"type": "Feature", "properties": {"h": 17.7}, "geometry": {"type": "Point", "coordinates": [692689.5, 5332522.5]}}, {"type": "Feature", "properties": {"h": 11.8}, "geometry": {"type": "Point", "coordinates": [692699.5, 5332518.5]}}, {"type": "Feature", "properties": {"h": 13.0}, "geometry": {"type": "Point", "coordinates": [692700.5, 5332519.5]}}, {"type": "Feature", "properties": {"h": 17.2}, "geometry": {"type": "Point", "coordinates": [692711.5, 5332517.5]}}, {"type": "Feature", "properties": {"h": 10.1}, "geometry": {"type": "Point", "coordinates": [692714.5, 5332516.5]}}, {"type": "Feature", "properties": {"h": 7.5}, "geometry": {"type": "Point", "coordinates": [692461.5, 5332515.5]}}, {"type": "Feature", "properties": {"h": 10.1}, "geometry": {"type": "Point", "coordinates": [692465.5, 5332513.5]}}, {"type": "Feature", "properties": {"h": 12.6}, "geometry": {"type": "Point", "coordinates": [692475.5, 5332515.5]}}, {"type": "Feature", "properties": {"h": 13.8}, "geometry": {"type": "Point", "coordinates": [692482.5, 5332515.5]}}, {"type": "Feature", "properties": {"h": 14.4}, "geometry": {"type": "Point", "coordinates": [692489.5, 5332515.5]}}, {"type": "Feature", "properties": {"h": 14.0}, "geometry": {"type": "Point", "coordinates": [692490.5, 5332515.5]}}, {"type": "Feature", "properties": {"h": 11.6}, "geometry": {"type": "Point", "coordinates": [692497.5, 5332515.5]}}, {"type": "Feature", "properties": {"h": 13.3}, "geometry": {"type": "Point", "coordinates": [692507.5, 5332515.5]}}, {"type": "Feature", "properties": {"h": 14.1}, "geometry": {"type": "Point", "coordinates": [692516.5, 5332515.5]}}, {"type": "Feature", "properties": {"h": 15.5}, "geometry": {"type": "Point", "coordinates": [692523.5, 5332515.5]}}, {"type": "Feature", "properties": {"h": 15.4}, "geometry": {"type": "Point", "coordinates": [692530.5, 5332515.5]}}, {"type": "Feature", "properties": {"h": 14.4}, "geometry": {"type": "Point", "coordinates": [692532.5, 5332515.5]}}, {"type": "Feature", "properties": {"h": 13.3}, "geometry": {"type": "Point", "coordinates": [692543.5, 5332515.5]}}, {"type": "Feature", "properties": {"h": 12.1}, "geometry": {"type": "Point", "coordinates": [692549.5, 5332515.5]}}, {"type": "Feature", "properties": {"h": 9.5}, "geometry": {"type": "Point", "coordinates": [692555.5, 5332515.5]}}, {"type": "Feature", "properties": {"h": 13.4}, "geometry": {"type": "Point", "coordinates": [692566.5, 5332515.5]}}, {"type": "Feature", "properties": {"h": 13.3}, "geometry": {"type": "Point", "coordinates": [692567.5, 5332515.5]}}, {"type": "Feature", "properties": {"h": 13.6}, "geometry": {"type": "Point", "coordinates": [692685.5, 5332515.5]}}, {"type": "Feature", "properties": {"h": 14.7}, "geometry": {"type": "Point", "coordinates": [692686.5, 5332515.5]}}, {"type": "Feature", "properties": {"h": 8.9}, "geometry": {"type": "Point", "coordinates": [692699.5, 5332515.5]}}, {"type": "Feature", "properties": {"h": 9.8}, "geometry": {"type": "Point", "coordinates": [692701.5, 5332515.5]}}, {"type": "Feature", "properties": {"h": 16.5}, "geometry": {"type": "Point", "coordinates": [692711.5, 5332515.5]}}, {"type": "Feature", "properties": {"h": 10.9}, "geometry": {"type": "Point", "coordinates": [692714.5, 5332515.5]}}, {"type": "Feature", "properties": {"h": 10.1}, "geometry": {"type": "Point", "coordinates": [692465.5, 5332506.5]}}, {"type": "Feature", "properties": {"h": 7.9}, "geometry": {"type": "Point", "coordinates": [692472.5, 5332507.5]}}, {"type": "Feature", "properties": {"h": 6.5}, "geometry": {"type": "Point", "coordinates": [692481.5, 5332508.5]}}, {"type": "Feature", "properties": {"h": 12.2}, "geometry": {"type": "Point", "coordinates": [692489.5, 5332508.5]}}, {"type": "Feature", "properties": {"h": 11.1}, "geometry": {"type": "Point", "coordinates": [692490.5, 5332508.5]}}, {"type": "Feature", "properties": {"h": 9.0}, "geometry": {"type": "Point", "coordinates": [692497.5, 5332508.5]}}, {"type": "Feature", "properties": {"h": 11.9}, "geometry": {"type": "Point", "coordinates": [692506.5, 5332508.5]}}, {"type": "Feature", "properties": {"h": 7.5}, "geometry": {"type": "Point", "coordinates": [692513.5, 5332508.5]}}, {"type": "Feature", "properties": {"h": 3.6}, "geometry": {"type": "Point", "coordinates": [692523.5, 5332508.5]}}, {"type": "Feature", "properties": {"h": 12.3}, "geometry": {"type": "Point", "coordinates": [692898.5, 5332467.5]}}, {"type": "Feature", "properties": {"h": 17.0}, "geometry": {"type": "Point", "coordinates": [692907.5, 5332467.5]}}, {"type": "Feature", "properties": {"h": 19.2}, "geometry": {"type": "Point", "coordinates": [692914.5, 5332470.5]}}, {"type": "Feature", "properties": {"h": 17.9}, "geometry": {"type": "Point", "coordinates": [692923.5, 5332470.5]}}, {"type": "Feature", "properties": {"h": 17.5}, "geometry": {"type": "Point", "coordinates": [692924.5, 5332470.5]}}, {"type": "Feature", "properties": {"h": 17.5}, "geometry": {"type": "Point", "coordinates": [692932.5, 5332469.5]}}, {"type": "Feature", "properties": {"h": 19.1}, "geometry": {"type": "Point", "coordinates": [692939.5, 5332469.5]}}, {"type": "Feature", "properties": {"h": 13.0}, "geometry": {"type": "Point", "coordinates": [692945.5, 5332469.5]}}, {"type": "Feature", "properties": {"h": 16.3}, "geometry": {"type": "Point", "coordinates": [692955.5, 5332470.5]}}, {"type": "Feature", "properties": {"h": 9.2}, "geometry": {"type": "Point", "coordinates": [692959.5, 5332468.5]}}, {"type": "Feature", "properties": {"h": 12.2}, "geometry": {"type": "Point", "coordinates": [692893.5, 5332460.5]}}, {"type": "Feature", "properties": {"h": 18.0}, "geometry": {"type": "Point", "coordinates": [692900.5, 5332461.5]}}, {"type": "Feature", "properties": {"h": 18.2}, "geometry": {"type": "Point", "coordinates": [692908.5, 5332464.5]}}, {"type": "Feature", "properties": {"h": 17.0}, "geometry": {"type": "Point", "coordinates": [692910.5, 5332466.5]}}, {"type": "Feature", "properties": {"h": 17.3}, "geometry": {"type": "Point", "coordinates": [692922.5, 5332466.5]}}, {"type": "Feature", "properties": {"h": 16.5}, "geometry": {"type": "Point", "coordinates": [692924.5, 5332466.5]}}, {"type": "Feature", "properties": {"h": 16.7}, "geometry": {"type": "Point", "coordinates": [692932.5, 5332466.5]}}, {"type": "Feature", "properties": {"h": 17.0}, "geometry": {"type": "Point", "coordinates": [692939.5, 5332466.5]}}, {"type": "Feature", "properties": {"h": 9.2}, "geometry": {"type": "Point", "coordinates": [692949.5, 5332464.5]}}, {"type": "Feature", "properties": {"h": 13.3}, "geometry": {"type": "Point", "coordinates": [692956.5, 5332466.5]}}, {"type": "Feature", "properties": {"h": 8.5}, "geometry": {"type": "Point", "coordinates": [692959.5, 5332460.5]}}, {"type": "Feature", "properties": {"h": 14.1}, "geometry": {"type": "Point", "coordinates": [692881.5, 5332454.5]}}, {"type": "Feature", "properties": {"h": 17.6}, "geometry": {"type": "Point", "coordinates": [692885.5, 5332454.5]}}, {"type": "Feature", "properties": {"h": 16.9}, "geometry": {"type": "Point", "coordinates": [692889.5, 5332453.5]}}, {"type": "Feature", "properties": {"h": 17.2}, "geometry": {"type": "Point", "coordinates": [692899.5, 5332459.5]}}, {"type": "Feature", "properties": {"h": 12.5}, "geometry": {"type": "Point", "coordinates": [692906.5, 5332459.5]}}, {"type": "Feature", "properties": {"h": 18.1}, "geometry": {"type": "Point", "coordinates": [692958.5, 5332454.5]}}, {"type": "Feature", "properties": {"h": 18.5}, "geometry": {"type": "Point", "coordinates": [692959.5, 5332454.5]}}, {"type": "Feature", "properties": {"h": 13.5}, "geometry": {"type": "Point", "coordinates": [692881.5, 5332452.5]}}, {"type": "Feature", "properties": {"h": 17.6}, "geometry": {"type": "Point", "coordinates": [692888.5, 5332451.5]}}, {"type": "Feature", "properties": {"h": 17.3}, "geometry": {"type": "Point", "coordinates": [692889.5, 5332451.5]}}, {"type": "Feature", "properties": {"h": 14.0}, "geometry": {"type": "Point", "coordinates": [692896.5, 5332446.5]}}, {"type": "Feature", "properties": {"h": 17.2}, "geometry": {"type": "Point", "coordinates": [692958.5, 5332452.5]}}, {"type": "Feature", "properties": {"h": 17.3}, "geometry": {"type": "Point", "coordinates": [692959.5, 5332452.5]}}, {"type": "Feature", "properties": {"h": 13.7}, "geometry": {"type": "Point", "coordinates": [692881.5, 5332439.5]}}, {"type": "Feature", "properties": {"h": 17.2}, "geometry": {"type": "Point", "coordinates": [692888.5, 5332445.5]}}, {"type": "Feature", "properties": {"h": 18.2}, "geometry": {"type": "Point", "coordinates": [692895.5, 5332441.5]}}, {"type": "Feature", "properties": {"h": 18.3}, "geometry": {"type": "Point", "coordinates": [692896.5, 5332441.5]}}, {"type": "Feature", "properties": {"h": 6.1}, "geometry": {"type": "Point", "coordinates": [692903.5, 5332439.5]}}, {"type": "Feature", "properties": {"h": 13.2}, "geometry": {"type": "Point", "coordinates": [692944.5, 5332439.5]}}, {"type": "Feature", "properties": {"h": 17.2}, "geometry": {"type": "Point", "coordinates": [692948.5, 5332440.5]}}, {"type": "Feature", "properties": {"h": 17.7}, "geometry": {"type": "Point", "coordinates": [692958.5, 5332439.5]}}, {"type": "Feature", "properties": {"h": 17.9}, "geometry": {"type": "Point", "coordinates": [692959.5, 5332439.5]}}, {"type": "Feature", "properties": {"h": 10.0}, "geometry": {"type": "Point", "coordinates": [692881.5, 5332438.5]}}, {"type": "Feature", "properties": {"h": 17.6}, "geometry": {"type": "Point", "coordinates": [692884.5, 5332437.5]}}, {"type": "Feature", "properties": {"h": 15.2}, "geometry": {"type": "Point", "coordinates": [692895.5, 5332438.5]}}, {"type": "Feature", "properties": {"h": 15.5}, "geometry": {"type": "Point", "coordinates": [692896.5, 5332438.5]}}, {"type": "Feature", "properties": {"h": 7.0}, "geometry": {"type": "Point", "coordinates": [692904.5, 5332432.5]}}, {"type": "Feature", "properties": {"h": 12.6}, "geometry": {"type": "Point", "coordinates": [692915.5, 5332432.5]}}, {"type": "Feature", "properties": {"h": 6.3}, "geometry": {"type": "Point", "coordinates": [692917.5, 5332432.5]}}, {"type": "Feature", "properties": {"h": 12.8}, "geometry": {"type": "Point", "coordinates": [692944.5, 5332438.5]}}, {"type": "Feature", "properties": {"h": 16.9}, "geometry": {"type": "Point", "coordinates": [692949.5, 5332438.5]}}, {"type": "Feature", "properties": {"h": 17.4}, "geometry": {"type": "Point", "coordinates": [692958.5, 5332438.5]}}, {"type": "Feature", "properties": {"h": 17.6}, "geometry": {"type": "Point", "coordinates": [692959.5, 5332438.5]}}, {"type": "Feature", "properties": {"h": 14.5}, "geometry": {"type": "Point", "coordinates": [692888.5, 5332431.5]}}, {"type": "Feature", "properties": {"h": 15.6}, "geometry": {"type": "Point", "coordinates": [692890.5, 5332430.5]}}, {"type": "Feature", "properties": {"h": 12.3}, "geometry": {"type": "Point", "coordinates": [692896.5, 5332426.5]}}, {"type": "Feature", "properties": {"h": 14.4}, "geometry": {"type": "Point", "coordinates": [692909.5, 5332425.5]}}, {"type": "Feature", "properties": {"h": 19.0}, "geometry": {"type": "Point", "coordinates": [692915.5, 5332428.5]}}, {"type": "Feature", "properties": {"h": 17.6}, "geometry": {"type": "Point", "coordinates": [692917.5, 5332427.5]}}, {"type": "Feature", "properties": {"h": 11.2}, "geometry": {"type": "Point", "coordinates": [692937.5, 5332430.5]}}, {"type": "Feature", "properties": {"h": 19.7}, "geometry": {"type": "Point", "coordinates": [692942.5, 5332426.5]}}, {"type": "Feature", "properties": {"h": 16.6}, "geometry": {"type": "Point", "coordinates": [692945.5, 5332427.5]}}, {"type": "Feature", "properties": {"h": 16.0}, "geometry": {"type": "Point", "coordinates": [692958.5, 5332431.5]}}, {"type": "Feature", "properties": {"h": 16.3}, "geometry": {"type": "Point", "coordinates": [692959.5, 5332431.5]}}, {"type": "Feature", "properties": {"h": 13.6}, "geometry": {"type": "Point", "coordinates": [692894.5, 5332424.5]}}, {"type": "Feature", "properties": {"h": 13.5}, "geometry": {"type": "Point", "coordinates": [692901.5, 5332420.5]}}, {"type": "Feature", "properties": {"h": 17.1}, "geometry": {"type": "Point", "coordinates": [692909.5, 5332420.5]}}, {"type": "Feature", "properties": {"h": 18.1}, "geometry": {"type": "Point", "coordinates": [692913.5, 5332420.5]}}, {"type": "Feature", "properties": {"h": 18.2}, "geometry": {"type": "Point", "coordinates": [692919.5, 5332419.5]}}, {"type": "Feature", "properties": {"h": 3.2}, "geometry": {"type": "Point", "coordinates": [692924.5, 5332419.5]}}, {"type": "Feature", "properties": {"h": 18.1}, "geometry": {"type": "Point", "coordinates": [692933.5, 5332418.5]}}, {"type": "Feature", "properties": {"h": 19.1}, "geometry": {"type": "Point", "coordinates": [692940.5, 5332424.5]}}, {"type": "Feature", "properties": {"h": 16.1}, "geometry": {"type": "Point", "coordinates": [692948.5, 5332421.5]}}, {"type": "Feature", "properties": {"h": 13.7}, "geometry": {"type": "Point", "coordinates": [692952.5, 5332422.5]}}, {"type": "Feature", "properties": {"h": 5.0}, "geometry": {"type": "Point", "coordinates": [692959.5, 5332424.5]}}, {"type": "Feature", "properties": {"h": 5.5}, "geometry": {"type": "Point", "coordinates": [693679.5, 5332420.5]}}, {"type": "Feature", "properties": {"h": 10.6}, "geometry": {"type": "Point", "coordinates": [693682.5, 5332420.5]}}, {"type": "Feature", "properties": {"h": 17.4}, "geometry": {"type": "Point", "coordinates": [693693.5, 5332418.5]}}, {"type": "Feature", "properties": {"h": 17.5}, "geometry": {"type": "Point", "coordinates": [693700.5, 5332418.5]}}, {"type": "Feature", "properties": {"h": 17.3}, "geometry": {"type": "Point", "coordinates": [693701.5, 5332418.5]}}, {"type": "Feature", "properties": {"h": 14.0}, "geometry": {"type": "Point", "coordinates": [692902.5, 5332415.5]}}, {"type": "Feature", "properties": {"h": 15.3}, "geometry": {"type": "Point", "coordinates": [692909.5, 5332417.5]}}, {"type": "Feature", "properties": {"h": 16.9}, "geometry": {"type": "Point", "coordinates": [692916.5, 5332417.5]}}, {"type": "Feature", "properties": {"h": 17.8}, "geometry": {"type": "Point", "coordinates": [692919.5, 5332417.5]}}, {"type": "Feature", "properties": {"h": 10.9}, "geometry": {"type": "Point", "coordinates": [692930.5, 5332411.5]}}, {"type": "Feature", "properties": {"h": 19.3}, "geometry": {"type": "Point", "coordinates": [692934.5, 5332415.5]}}, {"type": "Feature", "properties": {"h": 15.1}, "geometry": {"type": "Point", "coordinates": [692938.5, 5332416.5]}}, {"type": "Feature", "properties": {"h": 12.7}, "geometry": {"type": "Point", "coordinates": [692946.5, 5332417.5]}}, {"type": "Feature", "properties": {"h": 14.9}, "geometry": {"type": "Point", "coordinates": [692955.5, 5332411.5]}}, {"type": "Feature", "properties": {"h": 4.1}, "geometry": {"type": "Point", "coordinates": [692960.5, 5332412.5]}}, {"type": "Feature", "properties": {"h": 9.6}, "geometry": {"type": "Point", "coordinates": [693683.5, 5332413.5]}}, {"type": "Feature", "properties": {"h": 17.4}, "geometry": {"type": "Point", "coordinates": [693693.5, 5332417.5]}}, {"type": "Feature", "properties": {"h": 17.7}, "geometry": {"type": "Point", "coordinates": [693699.5, 5332417.5]}}, {"type": "Feature", "properties": {"h": 17.2}, "geometry": {"type": "Point", "coordinates": [693701.5, 5332417.5]}}, {"type": "Feature", "properties": {"h": 4.8}, "geometry": {"type": "Point", "coordinates": [692909.5, 5332406.5]}}, {"type": "Feature", "properties": {"h": 13.8}, "geometry": {"type": "Point", "coordinates": [692913.5, 5332404.5]}}, {"type": "Feature", "properties": {"h": 12.1}, "geometry": {"type": "Point", "coordinates": [692917.5, 5332406.5]}}, {"type": "Feature", "properties": {"h": 12.9}, "geometry": {"type": "Point", "coordinates": [692930.5, 5332404.5]}}, {"type": "Feature", "properties": {"h": 19.7}, "geometry": {"type": "Point", "coordinates": [692935.5, 5332404.5]}}, {"type": "Feature", "properties": {"h": 19.3}, "geometry": {"type": "Point", "coordinates": [692938.5, 5332404.5]}}, {"type": "Feature", "properties": {"h": 19.1}, "geometry": {"type": "Point", "coordinates": [692947.5, 5332408.5]}}, {"type": "Feature", "properties": {"h": 15.1}, "geometry": {"type": "Point", "coordinates": [692956.5, 5332410.5]}}, {"type": "Feature", "properties": {"h": 13.7}, "geometry": {"type": "Point", "coordinates": [692913.5, 5332403.5]}}, {"type": "Feature", "properties": {"h": 10.8}, "geometry": {"type": "Point", "coordinates": [692917.5, 5332401.5]}}, {"type": "Feature", "properties": {"h": 12.8}, "geometry": {"type": "Point", "coordinates": [692930.5, 5332403.5]}}, {"type": "Feature", "properties": {"h": 19.5}, "geometry": {"type": "Point", "coordinates": [692937.5, 5332403.5]}}, {"type": "Feature", "properties": {"h": 19.5}, "geometry": {"type": "Point", "coordinates": [692938.5, 5332403.5]}}, {"type": "Feature", "properties": {"h": 18.4}, "geometry": {"type": "Point", "coordinates": [692945.5, 5332400.5]}}, {"type": "Feature", "properties": {"h": 15.6}, "geometry": {"type": "Point", "coordinates": [692952.5, 5332401.5]}}, {"type": "Feature", "properties": {"h": 10.9}, "geometry": {"type": "Point", "coordinates": [692959.5, 5332399.5]}}, {"type": "Feature", "properties": {"h": 7.8}, "geometry": {"type": "Point", "coordinates": [693685.5, 5332397.5]}}, {"type": "Feature", "properties": {"h": 12.5}, "geometry": {"type": "Point", "coordinates": [693693.5, 5332398.5]}}, {"type": "Feature", "properties": {"h": 15.0}, "geometry": {"type": "Point", "coordinates": [693698.5, 5332398.5]}}, {"type": "Feature", "properties": {"h": 14.2}, "geometry": {"type": "Point", "coordinates": [693701.5, 5332401.5]}}, {"type": "Feature", "properties": {"h": 16.0}, "geometry": {"type": "Point", "coordinates": [693712.5, 5332397.5]}}, {"type": "Feature", "properties": {"h": 15.2}, "geometry": {"type": "Point", "coordinates": [693715.5, 5332397.5]}}, {"type": "Feature", "properties": {"h": 10.8}, "geometry": {"type": "Point", "coordinates": [693725.5, 5332397.5]}}, {"type": "Feature", "properties": {"h": 9.6}, "geometry": {"type": "Point", "coordinates": [693735.5, 5332397.5]}}, {"type": "Feature", "properties": {"h": 17.8}, "geometry": {"type": "Point", "coordinates": [693738.5, 5332397.5]}}, {"type": "Feature", "properties": {"h": 8.7}, "geometry": {"type": "Point", "coordinates": [693743.5, 5332398.5]}}, {"type": "Feature", "properties": {"h": 10.8}, "geometry": {"type": "Point", "coordinates": [693753.5, 5332397.5]}}, {"type": "Feature", "properties": {"h": 15.0}, "geometry": {"type": "Point", "coordinates": [693763.5, 5332397.5]}}, {"type": "Feature", "properties": {"h": 19.3}, "geometry": {"type": "Point", "coordinates": [693770.5, 5332397.5]}}, {"type": "Feature", "properties": {"h": 19.5}, "geometry": {"type": "Point", "coordinates": [693771.5, 5332397.5]}}, {"type": "Feature", "properties": {"h": 4.9}, "geometry": {"type": "Point", "coordinates": [693955.5, 5332397.5]}}, {"type": "Feature", "properties": {"h": 5.0}, "geometry": {"type": "Point", "coordinates": [693973.5, 5332397.5]}}, {"type": "Feature", "properties": {"h": 13.1}, "geometry": {"type": "Point", "coordinates": [693976.5, 5332397.5]}}, {"type": "Feature", "properties": {"h": 12.4}, "geometry": {"type": "Point", "coordinates": [693982.5, 5332397.5]}}, {"type": "Feature", "properties": {"h": 15.9}, "geometry": {"type": "Point", "coordinates": [693994.5, 5332397.5]}}, {"type": "Feature", "properties": {"h": 17.3}, "geometry": {"type": "Point", "coordinates": [693999.5, 5332397.5]}}, {"type": "Feature", "properties": {"h": 13.0}, "geometry": {"type": "Point", "coordinates": [692923.5, 5332393.5]}}, {"type": "Feature", "properties": {"h": 12.8}, "geometry": {"type": "Point", "coordinates": [692924.5, 5332393.5]}}, {"type": "Feature", "properties": {"h": 13.5}, "geometry": {"type": "Point", "coordinates": [692937.5, 5332393.5]}}, {"type": "Feature", "properties": {"h": 14.9}, "geometry": {"type": "Point", "coordinates": [692940.5, 5332396.5]}}, {"type": "Feature", "properties": {"h": 13.7}, "geometry": {"type": "Point", "coordinates": [692951.5, 5332396.5]}}, {"type": "Feature", "properties": {"h": 14.3}, "geometry": {"type": "Point", "coordinates": [692955.5, 5332396.5]}}, {"type": "Feature", "properties": {"h": 9.7}, "geometry": {"type": "Point", "coordinates": [692959.5, 5332395.5]}}, {"type": "Feature", "properties": {"h": 3.1}, "geometry": {"type": "Point", "coordinates": [693685.5, 5332396.5]}}, {"type": "Feature", "properties": {"h": 14.8}, "geometry": {"type": "Point", "coordinates": [693698.5, 5332396.5]}}, {"type": "Feature", "properties": {"h": 14.0}, "geometry": {"type": "Point", "coordinates": [693701.5, 5332396.5]}}, {"type": "Feature", "properties": {"h": 16.4}, "geometry": {"type": "Point", "coordinates": [693710.5, 5332395.5]}}, {"type": "Feature", "properties": {"h": 19.4}, "geometry": {"type": "Point", "coordinates": [693719.5, 5332390.5]}}, {"type": "Feature", "properties": {"h": 19.0}, "geometry": {"type": "Point", "coordinates": [693722.5, 5332390.5]}}, {"type": "Feature", "properties": {"h": 15.3}, "geometry": {"type": "Point", "coordinates": [693735.5, 5332394.5]}}, {"type": "Feature", "properties": {"h": 18.7}, "geometry": {"type": "Point", "coordinates": [693739.5, 5332395.5]}}, {"type": "Feature", "properties": {"h": 11.2}, "geometry": {"type": "Point", "coordinates": [693747.5, 5332392.5]}}, {"type": "Feature", "properties": {"h": 15.4}, "geometry": {"type": "Point", "coordinates": [693756.5, 5332392.5]}}, {"type": "Feature", "properties": {"h": 16.1}, "geometry": {"type": "Point", "coordinates": [693758.5, 5332392.5]}}, {"type": "Feature", "properties": {"h": 19.7}, "geometry": {"type": "Point", "coordinates": [693770.5, 5332395.5]}}, {"type": "Feature", "properties": {"h": 20.2}, "geometry": {"type": "Point", "coordinates": [693775.5, 5332390.5]}}, {"type": "Feature", "properties": {"h": 15.7}, "geometry": {"type": "Point", "coordinates": [693778.5, 5332394.5]}}, {"type": "Feature", "properties": {"h": 16.6}, "geometry": {"type": "Point", "coordinates": [693787.5, 5332390.5]}}, {"type": "Feature", "properties": {"h": 18.1}, "geometry": {"type": "Point", "coordinates": [693798.5, 5332390.5]}}, {"type": "Feature", "properties": {"h": 20.5}, "geometry": {"type": "Point", "coordinates": [693803.5, 5332391.5]}}, {"type": "Feature", "properties": {"h": 20.2}, "geometry": {"type": "Point", "coordinates": [693807.5, 5332391.5]}}, {"type": "Feature", "properties": {"h": 5.0}, "geometry": {"type": "Point", "coordinates": [693917.5, 5332390.5]}}, {"type": "Feature", "properties": {"h": 14.3}, "geometry": {"type": "Point", "coordinates": [693924.5, 5332390.5]}}, {"type": "Feature", "properties": {"h": 14.6}, "geometry": {"type": "Point", "coordinates": [693925.5, 5332390.5]}}, {"type": "Feature", "properties": {"h": 16.0}, "geometry": {"type": "Point", "coordinates": [693937.5, 5332390.5]}}, {"type": "Feature", "properties": {"h": 15.7}, "geometry": {"type": "Point", "coordinates": [693939.5, 5332390.5]}}, {"type": "Feature", "properties": {"h": 16.3}, "geometry": {"type": "Point", "coordinates": [693950.5, 5332390.5]}}, {"type": "Feature", "properties": {"h": 16.8}, "geometry": {"type": "Point", "coordinates": [693959.5, 5332390.5]}}, {"type": "Feature", "properties": {"h": 18.4}, "geometry": {"type": "Point", "coordinates": [693966.5, 5332390.5]}}, {"type": "Feature", "properties": {"h": 22.0}, "geometry": {"type": "Point", "coordinates": [693970.5, 5332390.5]}}, {"type": "Feature", "properties": {"h": 22.0}, "geometry": {"type": "Point", "coordinates": [693975.5, 5332390.5]}}, {"type": "Feature", "properties": {"h": 18.8}, "geometry": {"type": "Point", "coordinates": [693986.5, 5332390.5]}}, {"type": "Feature", "properties": {"h": 18.0}, "geometry": {"type": "Point", "coordinates": [693994.5, 5332390.5]}}, {"type": "Feature", "properties": {"h": 19.9}, "geometry": {"type": "Point", "coordinates": [693999.5, 5332391.5]}}, {"type": "Feature", "properties": {"h": 12.5}, "geometry": {"type": "Point", "coordinates": [692928.5, 5332387.5]}}, {"type": "Feature", "properties": {"h": 13.4}, "geometry": {"type": "Point", "coordinates": [692937.5, 5332387.5]}}, {"type": "Feature", "properties": {"h": 14.2}, "geometry": {"type": "Point", "coordinates": [692941.5, 5332389.5]}}, {"type": "Feature", "properties": {"h": 12.4}, "geometry": {"type": "Point", "coordinates": [692945.5, 5332386.5]}}, {"type": "Feature", "properties": {"h": 6.0}, "geometry": {"type": "Point", "coordinates": [692952.5, 5332383.5]}}, {"type": "Feature", "properties": {"h": 17.2}, "geometry": {"type": "Point", "coordinates": [693693.5, 5332385.5]}}, {"type": "Feature", "properties": {"h": 17.6}, "geometry": {"type": "Point", "coordinates": [693694.5, 5332386.5]}}, {"type": "Feature", "properties": {"h": 16.1}, "geometry": {"type": "Point", "coordinates": [693701.5, 5332383.5]}}, {"type": "Feature", "properties": {"h": 14.0}, "geometry": {"type": "Point", "coordinates": [693714.5, 5332383.5]}}, {"type": "Feature", "properties": {"h": 19.7}, "geometry": {"type": "Point", "coordinates": [693719.5, 5332389.5]}}, {"type": "Feature", "properties": {"h": 19.0}, "geometry": {"type": "Point", "coordinates": [693722.5, 5332389.5]}}, {"type": "Feature", "properties": {"h": 5.7}, "geometry": {"type": "Point", "coordinates": [693729.5, 5332389.5]}}, {"type": "Feature", "properties": {"h": 9.2}, "geometry": {"type": "Point", "coordinates": [693739.5, 5332389.5]}}, {"type": "Feature", "properties": {"h": 9.9}, "geometry": {"type": "Point", "coordinates": [693747.5, 5332389.5]}}, {"type": "Feature", "properties": {"h": 8.7}, "geometry": {"type": "Point", "coordinates": [693750.5, 5332389.5]}}, {"type": "Feature", "properties": {"h": 11.5}, "geometry": {"type": "Point", "coordinates": [693761.5, 5332389.5]}}, {"type": "Feature", "properties": {"h": 19.8}, "geometry": {"type": "Point", "coordinates": [693770.5, 5332383.5]}}, {"type": "Feature", "properties": {"h": 20.7}, "geometry": {"type": "Point", "coordinates": [693772.5, 5332383.5]}}, {"type": "Feature", "properties": {"h": 18.5}, "geometry": {"type": "Point", "coordinates": [693778.5, 5332383.5]}}, {"type": "Feature", "properties": {"h": 17.0}, "geometry": {"type": "Point", "coordinates": [693786.5, 5332389.5]}}, {"type": "Feature", "properties": {"h": 18.7}, "geometry": {"type": "Point", "coordinates": [693798.5, 5332387.5]}}, {"type": "Feature", "properties": {"h": 20.7}, "geometry": {"type": "Point", "coordinates": [693805.5, 5332386.5]}}, {"type": "Feature", "properties": {"h": 20.7}, "geometry": {"type": "Point", "coordinates": [693806.5, 5332386.5]}}, {"type": "Feature", "properties": {"h": 16.0}, "geometry": {"type": "Point", "coordinates": [693889.5, 5332383.5]}}, {"type": "Feature", "properties": {"h": 14.9}, "geometry": {"type": "Point", "coordinates": [693890.5, 5332384.5]}}, {"type": "Feature", "properties": {"h": 6.4}, "geometry": {"type": "Point", "coordinates": [693901.5, 5332383.5]}}, {"type": "Feature", "properties": {"h": 5.2}, "geometry": {"type": "Point", "coordinates": [693904.5, 5332383.5]}}, {"type": "Feature", "properties": {"h": 11.9}, "geometry": {"type": "Point", "coordinates": [693917.5, 5332383.5]}}, {"type": "Feature", "properties": {"h": 17.1}, "geometry": {"type": "Point", "coordinates": [693922.5, 5332383.5]}}, {"type": "Feature", "properties": {"h": 14.5}, "geometry": {"type": "Point", "coordinates": [693925.5, 5332389.5]}}, {"type": "Feature", "properties": {"h": 16.0}, "geometry": {"type": "Point", "coordinates": [693937.5, 5332389.5]}}, {"type": "Feature", "properties": {"h": 15.7}, "geometry": {"type": "Point", "coordinates": [693939.5, 5332389.5]}}, {"type": "Feature", "properties": {"h": 17.6}, "geometry": {"type": "Point", "coordinates": [693950.5, 5332387.5]}}, {"type": "Feature", "properties": {"h": 18.1}, "geometry": {"type": "Point", "coordinates": [693959.5, 5332388.5]}}, {"type": "Feature", "properties": {"h": 18.6}, "geometry": {"type": "Point", "coordinates": [693961.5, 5332388.5]}}, {"type": "Feature", "properties": {"h": 22.0}, "geometry": {"type": "Point", "coordinates": [693971.5, 5332389.5]}}, {"type": "Feature", "properties": {"h": 21.9}, "geometry": {"type": "Point", "coordinates": [693974.5, 5332389.5]}}, {"type": "Feature", "properties": {"h": 18.7}, "geometry": {"type": "Point", "coordinates": [693981.5, 5332388.5]}}, {"type": "Feature", "properties": {"h": 18.8}, "geometry": {"type": "Point", "coordinates": [693994.5, 5332388.5]}}, {"type": "Feature", "properties": {"h": 20.0}, "geometry": {"type": "Point", "coordinates": [693997.5, 5332388.5]}}, {"type": "Feature", "properties": {"h": 13.9}, "geometry": {"type": "Point", "coordinates": [692933.5, 5332381.5]}}, {"type": "Feature", "properties": {"h": 12.7}, "geometry": {"type": "Point", "coordinates": [692939.5, 5332376.5]}}, {"type": "Feature", "properties": {"h": 10.5}, "geometry": {"type": "Point", "coordinates": [692947.5, 5332382.5]}}, {"type": "Feature", "properties": {"h": 9.7}, "geometry": {"type": "Point", "coordinates": [692955.5, 5332376.5]}}, {"type": "Feature", "properties": {"h": 6.2}, "geometry": {"type": "Point", "coordinates": [692959.5, 5332376.5]}}, {"type": "Feature", "properties": {"h": 15.1}, "geometry": {"type": "Point", "coordinates": [693693.5, 5332382.5]}}, {"type": "Feature", "properties": {"h": 17.3}, "geometry": {"type": "Point", "coordinates": [693697.5, 5332382.5]}}, {"type": "Feature", "properties": {"h": 15.7}, "geometry": {"type": "Point", "coordinates": [693701.5, 5332382.5]}}, {"type": "Feature", "properties": {"h": 16.0}, "geometry": {"type": "Point", "coordinates": [693714.5, 5332381.5]}}, {"type": "Feature", "properties": {"h": 18.1}, "geometry": {"type": "Point", "coordinates": [693717.5, 5332380.5]}}, {"type": "Feature", "properties": {"h": 20.0}, "geometry": {"type": "Point", "coordinates": [693770.5, 5332382.5]}}, {"type": "Feature", "properties": {"h": 21.1}, "geometry": {"type": "Point", "coordinates": [693775.5, 5332376.5]}}, {"type": "Feature", "properties": {"h": 19.8}, "geometry": {"type": "Point", "coordinates": [693778.5, 5332381.5]}}, {"type": "Feature", "properties": {"h": 18.2}, "geometry": {"type": "Point", "coordinates": [693786.5, 5332382.5]}}, {"type": "Feature", "properties": {"h": 14.9}, "geometry": {"type": "Point", "coordinates": [693798.5, 5332382.5]}}, {"type": "Feature", "properties": {"h": 18.4}, "geometry": {"type": "Point", "coordinates": [693802.5, 5332382.5]}}, {"type": "Feature", "properties": {"h": 18.6}, "geometry": {"type": "Point", "coordinates": [693809.5, 5332380.5]}}, {"type": "Feature", "properties": {"h": 19.3}, "geometry": {"type": "Point", "coordinates": [693888.5, 5332381.5]}}, {"type": "Feature", "properties": {"h": 17.4}, "geometry": {"type": "Point", "coordinates": [693890.5, 5332380.5]}}, {"type": "Feature", "properties": {"h": 16.3}, "geometry": {"type": "Point", "coordinates": [693898.5, 5332376.5]}}, {"type": "Feature", "properties": {"h": 5.3}, "geometry": {"type": "Point", "coordinates": [693904.5, 5332382.5]}}, {"type": "Feature", "properties": {"h": 12.6}, "geometry": {"type": "Point", "coordinates": [693917.5, 5332379.5]}}, {"type": "Feature", "properties": {"h": 18.3}, "geometry": {"type": "Point", "coordinates": [693924.5, 5332376.5]}}, {"type": "Feature", "properties": {"h": 18.9}, "geometry": {"type": "Point", "coordinates": [693925.5, 5332376.5]}}, {"type": "Feature", "properties": {"h": 18.4}, "geometry": {"type": "Point", "coordinates": [693938.5, 5332376.5]}}, {"type": "Feature", "properties": {"h": 18.4}, "geometry": {"type": "Point", "coordinates": [693939.5, 5332376.5]}}, {"type": "Feature", "properties": {"h": 18.0}, "geometry": {"type": "Point", "coordinates": [693952.5, 5332376.5]}}, {"type": "Feature", "properties": {"h": 18.3}, "geometry": {"type": "Point", "coordinates": [693953.5, 5332376.5]}}, {"type": "Feature", "properties": {"h": 16.1}, "geometry": {"type": "Point", "coordinates": [693966.5, 5332382.5]}}, {"type": "Feature", "properties": {"h": 27.8}, "geometry": {"type": "Point", "coordinates": [693972.5, 5332376.5]}}, {"type": "Feature", "properties": {"h": 26.4}, "geometry": {"type": "Point", "coordinates": [693980.5, 5332376.5]}}, {"type": "Feature", "properties": {"h": 25.6}, "geometry": {"type": "Point", "coordinates": [693981.5, 5332376.5]}}, {"type": "Feature", "properties": {"h": 10.3}, "geometry": {"type": "Point", "coordinates": [693988.5, 5332382.5]}}, {"type": "Feature", "properties": {"h": 10.6}, "geometry": {"type": "Point", "coordinates": [693995.5, 5332382.5]}}, {"type": "Feature", "properties": {"h": 11.3}, "geometry": {"type": "Point", "coordinates": [692937.5, 5332375.5]}}, {"type": "Feature", "properties": {"h": 13.2}, "geometry": {"type": "Point", "coordinates": [692939.5, 5332375.5]}}, {"type": "Feature", "properties": {"h": 11.5}, "geometry": {"type": "Point", "coordinates": [692945.5, 5332369.5]}}, {"type": "Feature", "properties": {"h": 10.5}, "geometry": {"type": "Point", "coordinates": [692955.5, 5332372.5]}}, {"type": "Feature", "properties": {"h": 8.1}, "geometry": {"type": "Point", "coordinates": [692959.5, 5332373.5]}}, {"type": "Feature", "properties": {"h": 13.4}, "geometry": {"type": "Point", "coordinates": [693690.5, 5332375.5]}}, {"type": "Feature", "properties": {"h": 17.6}, "geometry": {"type": "Point", "coordinates": [693700.5, 5332369.5]}}, {"type": "Feature", "properties": {"h": 17.3}, "geometry": {"type": "Point", "coordinates": [693701.5, 5332369.5]}}, {"type": "Feature", "properties": {"h": 13.5}, "geometry": {"type": "Point", "coordinates": [693708.5, 5332369.5]}}, {"type": "Feature", "properties": {"h": 7.5}, "geometry": {"type": "Point", "coordinates": [693715.5, 5332369.5]}}, {"type": "Feature", "properties": {"h": 18.8}, "geometry": {"type": "Point", "coordinates": [693770.5, 5332373.5]}}, {"type": "Feature", "properties": {"h": 20.4}, "geometry": {"type": "Point", "coordinates": [693775.5, 5332375.5]}}, {"type": "Feature", "properties": {"h": 18.5}, "geometry": {"type": "Point", "coordinates": [693781.5, 5332369.5]}}, {"type": "Feature", "properties": {"h": 13.8}, "geometry": {"type": "Point", "coordinates": [693798.5, 5332369.5]}}, {"type": "Feature", "properties": {"h": 16.5}, "geometry": {"type": "Point", "coordinates": [693805.5, 5332369.5]}}, {"type": "Feature", "properties": {"h": 18.2}, "geometry": {"type": "Point", "coordinates": [693808.5, 5332371.5]}}, {"type": "Feature", "properties": {"h": 16.3}, "geometry": {"type": "Point", "coordinates": [693888.5, 5332372.5]}}, {"type": "Feature", "properties": {"h": 17.3}, "geometry": {"type": "Point", "coordinates": [693896.5, 5332373.5]}}, {"type": "Feature", "properties": {"h": 18.3}, "geometry": {"type": "Point", "coordinates": [693898.5, 5332372.5]}}, {"type": "Feature", "properties": {"h": 11.6}, "geometry": {"type": "Point", "coordinates": [693904.5, 5332369.5]}}, {"type": "Feature", "properties": {"h": 13.8}, "geometry": {"type": "Point", "coordinates": [693917.5, 5332369.5]}}, {"type": "Feature", "properties": {"h": 20.4}, "geometry": {"type": "Point", "coordinates": [693924.5, 5332373.5]}}, {"type": "Feature", "properties": {"h": 21.1}, "geometry": {"type": "Point", "coordinates": [693926.5, 5332373.5]}}, {"type": "Feature", "properties": {"h": 20.8}, "geometry": {"type": "Point", "coordinates": [693938.5, 5332373.5]}}, {"type": "Feature", "properties": {"h": 21.1}, "geometry": {"type": "Point", "coordinates": [693940.5, 5332372.5]}}, {"type": "Feature", "properties": {"h": 18.4}, "geometry": {"type": "Point", "coordinates": [693952.5, 5332374.5]}}, {"type": "Feature", "properties": {"h": 18.7}, "geometry": {"type": "Point", "coordinates": [693953.5, 5332375.5]}}, {"type": "Feature", "properties": {"h": 29.0}, "geometry": {"type": "Point", "coordinates": [693966.5, 5332369.5]}}, {"type": "Feature", "properties": {"h": 30.3}, "geometry": {"type": "Point", "coordinates": [693973.5, 5332369.5]}}, {"type": "Feature", "properties": {"h": 30.4}, "geometry": {"type": "Point", "coordinates": [693974.5, 5332369.5]}}, {"type": "Feature", "properties": {"h": 29.0}, "geometry": {"type": "Point", "coordinates": [693982.5, 5332369.5]}}, {"type": "Feature", "properties": {"h": 25.7}, "geometry": {"type": "Point", "coordinates": [693988.5, 5332369.5]}}, {"type": "Feature", "properties": {"h": 18.6}, "geometry": {"type": "Point", "coordinates": [693995.5, 5332369.5]}}, {"type": "Feature", "properties": {"h": 12.3}, "geometry": {"type": "Point", "coordinates": [692943.5, 5332368.5]}}, {"type": "Feature", "properties": {"h": 11.7}, "geometry": {"type": "Point", "coordinates": [692945.5, 5332368.5]}}, {"type": "Feature", "properties": {"h": 8.8}, "geometry": {"type": "Point", "coordinates": [692956.5, 5332368.5]}}, {"type": "Feature", "properties": {"h": 16.9}, "geometry": {"type": "Point", "coordinates": [693693.5, 5332362.5]}}, {"type": "Feature", "properties": {"h": 18.1}, "geometry": {"type": "Point", "coordinates": [693697.5, 5332366.5]}}, {"type": "Feature", "properties": {"h": 17.8}, "geometry": {"type": "Point", "coordinates": [693701.5, 5332367.5]}}, {"type": "Feature", "properties": {"h": 18.9}, "geometry": {"type": "Point", "coordinates": [693712.5, 5332362.5]}}, {"type": "Feature", "properties": {"h": 12.0}, "geometry": {"type": "Point", "coordinates": [693715.5, 5332362.5]}}, {"type": "Feature", "properties": {"h": 12.6}, "geometry": {"type": "Point", "coordinates": [693770.5, 5332368.5]}}, {"type": "Feature", "properties": {"h": 18.4}, "geometry": {"type": "Point", "coordinates": [693774.5, 5332368.5]}}, {"type": "Feature", "properties": {"h": 18.8}, "geometry": {"type": "Point", "coordinates": [693782.5, 5332368.5]}}, {"type": "Feature", "properties": {"h": 8.1}, "geometry": {"type": "Point", "coordinates": [693785.5, 5332362.5]}}, {"type": "Feature", "properties": {"h": 15.6}, "geometry": {"type": "Point", "coordinates": [693798.5, 5332362.5]}}, {"type": "Feature", "properties": {"h": 16.5}, "geometry": {"type": "Point", "coordinates": [693805.5, 5332368.5]}}, {"type": "Feature", "properties": {"h": 17.4}, "geometry": {"type": "Point", "coordinates": [693806.5, 5332368.5]}}, {"type": "Feature", "properties": {"h": 15.8}, "geometry": {"type": "Point", "coordinates": [693888.5, 5332362.5]}}, {"type": "Feature", "properties": {"h": 16.8}, "geometry": {"type": "Point", "coordinates": [693896.5, 5332367.5]}}, {"type": "Feature", "properties": {"h": 16.9}, "geometry": {"type": "Point", "coordinates": [693899.5, 5332365.5]}}, {"type": "Feature", "properties": {"h": 14.0}, "geometry": {"type": "Point", "coordinates": [693904.5, 5332364.5]}}, {"type": "Feature", "properties": {"h": 19.9}, "geometry": {"type": "Point", "coordinates": [693917.5, 5332362.5]}}, {"type": "Feature", "properties": {"h": 20.2}, "geometry": {"type": "Point", "coordinates": [693920.5, 5332362.5]}}, {"type": "Feature", "properties": {"h": 18.6}, "geometry": {"type": "Point", "coordinates": [693925.5, 5332367.5]}}, {"type": "Feature", "properties": {"h": 16.9}, "geometry": {"type": "Point", "coordinates": [693938.5, 5332368.5]}}, {"type": "Feature", "properties": {"h": 20.0}, "geometry": {"type": "Point", "coordinates": [693945.5, 5332366.5]}}, {"type": "Feature", "properties": {"h": 19.8}, "geometry": {"type": "Point", "coordinates": [693946.5, 5332366.5]}}, {"type": "Feature", "properties": {"h": 16.2}, "geometry": {"type": "Point", "coordinates": [693953.5, 5332362.5]}}, {"type": "Feature", "properties": {"h": 29.4}, "geometry": {"type": "Point", "coordinates": [693966.5, 5332367.5]}}, {"type": "Feature", "properties": {"h": 30.9}, "geometry": {"type": "Point", "coordinates": [693973.5, 5332366.5]}}, {"type": "Feature", "properties": {"h": 30.9}, "geometry": {"type": "Point", "coordinates": [693974.5, 5332366.5]}}, {"type": "Feature", "properties": {"h": 28.9}, "geometry": {"type": "Point", "coordinates": [693982.5, 5332368.5]}}, {"type": "Feature", "properties": {"h": 26.4}, "geometry": {"type": "Point", "coordinates": [693988.5, 5332367.5]}}, {"type": "Feature", "properties": {"h": 14.9}, "geometry": {"type": "Point", "coordinates": [693995.5, 5332368.5]}}, {"type": "Feature", "properties": {"h": 8.0}, "geometry": {"type": "Point", "coordinates": [692948.5, 5332361.5]}}, {"type": "Feature", "properties": {"h": 17.0}, "geometry": {"type": "Point", "coordinates": [693693.5, 5332361.5]}}, {"type": "Feature", "properties": {"h": 17.4}, "geometry": {"type": "Point", "coordinates": [693695.5, 5332361.5]}}, {"type": "Feature", "properties": {"h": 18.7}, "geometry": {"type": "Point", "coordinates": [693707.5, 5332355.5]}}, {"type": "Feature", "properties": {"h": 21.1}, "geometry": {"type": "Point", "coordinates": [693712.5, 5332357.5]}}, {"type": "Feature", "properties": {"h": 20.2}, "geometry": {"type": "Point", "coordinates": [693715.5, 5332357.5]}}, {"type": "Feature", "properties": {"h": 12.0}, "geometry": {"type": "Point", "coordinates": [693772.5, 5332361.5]}}, {"type": "Feature", "properties": {"h": 14.6}, "geometry": {"type": "Point", "coordinates": [693783.5, 5332361.5]}}, {"type": "Feature", "properties": {"h": 15.3}, "geometry": {"type": "Point", "coordinates": [693798.5, 5332361.5]}}, {"type": "Feature", "properties": {"h": 15.7}, "geometry": {"type": "Point", "coordinates": [693799.5, 5332361.5]}}, {"type": "Feature", "properties": {"h": 17.5}, "geometry": {"type": "Point", "coordinates": [693808.5, 5332361.5]}}, {"type": "Feature", "properties": {"h": 19.4}, "geometry": {"type": "Point", "coordinates": [693886.5, 5332355.5]}}, {"type": "Feature", "properties": {"h": 18.9}, "geometry": {"type": "Point", "coordinates": [693890.5, 5332355.5]}}, {"type": "Feature", "properties": {"h": 19.5}, "geometry": {"type": "Point", "coordinates": [693901.5, 5332355.5]}}, {"type": "Feature", "properties": {"h": 17.5}, "geometry": {"type": "Point", "coordinates": [693910.5, 5332355.5]}}, {"type": "Feature", "properties": {"h": 22.9}, "geometry": {"type": "Point", "coordinates": [693916.5, 5332355.5]}}, {"type": "Feature", "properties": {"h": 22.7}, "geometry": {"type": "Point", "coordinates": [693918.5, 5332356.5]}}, {"type": "Feature", "properties": {"h": 22.1}, "geometry": {"type": "Point", "coordinates": [693925.5, 5332355.5]}}, {"type": "Feature", "properties": {"h": 17.0}, "geometry": {"type": "Point", "coordinates": [693937.5, 5332355.5]}}, {"type": "Feature", "properties": {"h": 18.3}, "geometry": {"type": "Point", "coordinates": [693945.5, 5332361.5]}}, {"type": "Feature", "properties": {"h": 23.0}, "geometry": {"type": "Point", "coordinates": [693952.5, 5332355.5]}}, {"type": "Feature", "properties": {"h": 23.2}, "geometry": {"type": "Point", "coordinates": [693953.5, 5332355.5]}}, {"type": "Feature", "properties": {"h": 25.8}, "geometry": {"type": "Point", "coordinates": [693966.5, 5332358.5]}}, {"type": "Feature", "properties": {"h": 29.8}, "geometry": {"type": "Point", "coordinates": [693973.5, 5332357.5]}}, {"type": "Feature", "properties": {"h": 30.4}, "geometry": {"type": "Point", "coordinates": [693975.5, 5332356.5]}}, {"type": "Feature", "properties": {"h": 27.6}, "geometry": {"type": "Point", "coordinates": [693981.5, 5332355.5]}}, {"type": "Feature", "properties": {"h": 26.0}, "geometry": {"type": "Point", "coordinates": [693990.5, 5332356.5]}}, {"type": "Feature", "properties": {"h": 20.4}, "geometry": {"type": "Point", "coordinates": [693995.5, 5332358.5]}}, {"type": "Feature", "properties": {"h": 20.5}, "geometry": {"type": "Point", "coordinates": [693697.5, 5332348.5]}}, {"type": "Feature", "properties": {"h": 21.7}, "geometry": {"type": "Point", "coordinates": [693704.5, 5332348.5]}}, {"type": "Feature", "properties": {"h": 20.7}, "geometry": {"type": "Point", "coordinates": [693712.5, 5332354.5]}}, {"type": "Feature", "properties": {"h": 17.4}, "geometry": {"type": "Point", "coordinates": [693715.5, 5332354.5]}}, {"type": "Feature", "properties": {"h": 15.5}, "geometry": {"type": "Point", "coordinates": [693784.5, 5332350.5]}}, {"type": "Feature", "properties": {"h": 17.0}, "geometry": {"type": "Point", "coordinates": [693788.5, 5332350.5]}}, {"type": "Feature", "properties": {"h": 11.4}, "geometry": {"type": "Point", "coordinates": [693792.5, 5332348.5]}}, {"type": "Feature", "properties": {"h": 17.0}, "geometry": {"type": "Point", "coordinates": [693805.5, 5332350.5]}}, {"type": "Feature", "properties": {"h": 19.9}, "geometry": {"type": "Point", "coordinates": [693809.5, 5332351.5]}}, {"type": "Feature", "properties": {"h": 19.6}, "geometry": {"type": "Point", "coordinates": [693886.5, 5332354.5]}}, {"type": "Feature", "properties": {"h": 18.9}, "geometry": {"type": "Point", "coordinates": [693890.5, 5332354.5]}}, {"type": "Feature", "properties": {"h": 20.3}, "geometry": {"type": "Point", "coordinates": [693900.5, 5332353.5]}}, {"type": "Feature", "properties": {"h": 20.2}, "geometry": {"type": "Point", "coordinates": [693910.5, 5332348.5]}}, {"type": "Feature", "properties": {"h": 24.0}, "geometry": {"type": "Point", "coordinates": [693916.5, 5332348.5]}}, {"type": "Feature", "properties": {"h": 28.0}, "geometry": {"type": "Point", "coordinates": [693924.5, 5332348.5]}}, {"type": "Feature", "properties": {"h": 28.4}, "geometry": {"type": "Point", "coordinates": [693926.5, 5332348.5]}}, {"type": "Feature", "properties": {"h": 22.4}, "geometry": {"type": "Point", "coordinates": [693932.5, 5332350.5]}}, {"type": "Feature", "properties": {"h": 20.0}, "geometry": {"type": "Point", "coordinates": [693941.5, 5332348.5]}}, {"type": "Feature", "properties": {"h": 23.1}, "geometry": {"type": "Point", "coordinates": [693952.5, 5332354.5]}}, {"type": "Feature", "properties": {"h": 23.3}, "geometry": {"type": "Point", "coordinates": [693953.5, 5332354.5]}}, {"type": "Feature", "properties": {"h": 24.6}, "geometry": {"type": "Point", "coordinates": [693966.5, 5332349.5]}}, {"type": "Feature", "properties": {"h": 27.7}, "geometry": {"type": "Point", "coordinates": [693973.5, 5332354.5]}}, {"type": "Feature", "properties": {"h": 28.0}, "geometry": {"type": "Point", "coordinates": [693978.5, 5332351.5]}}, {"type": "Feature", "properties": {"h": 27.5}, "geometry": {"type": "Point", "coordinates": [693981.5, 5332354.5]}}, {"type": "Feature", "properties": {"h": 25.0}, "geometry": {"type": "Point", "coordinates": [693988.5, 5332348.5]}}, {"type": "Feature", "properties": {"h": 21.4}, "geometry": {"type": "Point", "coordinates": [693995.5, 5332350.5]}}, {"type": "Feature", "properties": {"h": 20.7}, "geometry": {"type": "Point", "coordinates": [693697.5, 5332347.5]}}, {"type": "Feature", "properties": {"h": 22.2}, "geometry": {"type": "Point", "coordinates": [693704.5, 5332346.5]}}, {"type": "Feature", "properties": {"h": 21.5}, "geometry": {"type": "Point", "coordinates": [693709.5, 5332342.5]}}, {"type": "Feature", "properties": {"h": 20.9}, "geometry": {"type": "Point", "coordinates": [693717.5, 5332341.5]}}, {"type": "Feature", "properties": {"h": 15.3}, "geometry": {"type": "Point", "coordinates": [693722.5, 5332341.5]}}, {"type": "Feature", "properties": {"h": 14.5}, "geometry": {"type": "Point", "coordinates": [693784.5, 5332347.5]}}, {"type": "Feature", "properties": {"h": 15.1}, "geometry": {"type": "Point", "coordinates": [693787.5, 5332347.5]}}, {"type": "Feature", "properties": {"h": 10.4}, "geometry": {"type": "Point", "coordinates": [693792.5, 5332347.5]}}, {"type": "Feature", "properties": {"h": 15.8}, "geometry": {"type": "Point", "coordinates": [693805.5, 5332341.5]}}, {"type": "Feature", "properties": {"h": 15.8}, "geometry": {"type": "Point", "coordinates": [693806.5, 5332341.5]}}, {"type": "Feature", "properties": {"h": 18.8}, "geometry": {"type": "Point", "coordinates": [693889.5, 5332345.5]}}, {"type": "Feature", "properties": {"h": 19.8}, "geometry": {"type": "Point", "coordinates": [693891.5, 5332345.5]}}, {"type": "Feature", "properties": {"h": 15.9}, "geometry": {"type": "Point", "coordinates": [693902.5, 5332347.5]}}, {"type": "Feature", "properties": {"h": 20.2}, "geometry": {"type": "Point", "coordinates": [693910.5, 5332347.5]}}, {"type": "Feature", "properties": {"h": 24.5}, "geometry": {"type": "Point", "coordinates": [693915.5, 5332346.5]}}, {"type": "Feature", "properties": {"h": 27.7}, "geometry": {"type": "Point", "coordinates": [693924.5, 5332347.5]}}, {"type": "Feature", "properties": {"h": 28.3}, "geometry": {"type": "Point", "coordinates": [693926.5, 5332347.5]}}, {"type": "Feature", "properties": {"h": 22.7}, "geometry": {"type": "Point", "coordinates": [693932.5, 5332345.5]}}, {"type": "Feature", "properties": {"h": 20.0}, "geometry": {"type": "Point", "coordinates": [693941.5, 5332347.5]}}, {"type": "Feature", "properties": {"h": 21.4}, "geometry": {"type": "Point", "coordinates": [693952.5, 5332347.5]}}, {"type": "Feature", "properties": {"h": 22.9}, "geometry": {"type": "Point", "coordinates": [693959.5, 5332347.5]}}, {"type": "Feature", "properties": {"h": 24.2}, "geometry": {"type": "Point", "coordinates": [693966.5, 5332347.5]}}, {"type": "Feature", "properties": {"h": 25.7}, "geometry": {"type": "Point", "coordinates": [693968.5, 5332347.5]}}, {"type": "Feature", "properties": {"h": 26.3}, "geometry": {"type": "Point", "coordinates": [693979.5, 5332347.5]}}, {"type": "Feature", "properties": {"h": 27.9}, "geometry": {"type": "Point", "coordinates": [693987.5, 5332343.5]}}, {"type": "Feature", "properties": {"h": 29.2}, "geometry": {"type": "Point", "coordinates": [693989.5, 5332343.5]}}, {"type": "Feature", "properties": {"h": 22.5}, "geometry": {"type": "Point", "coordinates": [693995.5, 5332342.5]}}, {"type": "Feature", "properties": {"h": 10.4}, "geometry": {"type": "Point", "coordinates": [693700.5, 5332334.5]}}, {"type": "Feature", "properties": {"h": 18.2}, "geometry": {"type": "Point", "coordinates": [693707.5, 5332340.5]}}, {"type": "Feature", "properties": {"h": 20.8}, "geometry": {"type": "Point", "coordinates": [693710.5, 5332340.5]}}, {"type": "Feature", "properties": {"h": 24.2}, "geometry": {"type": "Point", "coordinates": [693719.5, 5332334.5]}}, {"type": "Feature", "properties": {"h": 23.4}, "geometry": {"type": "Point", "coordinates": [693722.5, 5332334.5]}}, {"type": "Feature", "properties": {"h": 21.5}, "geometry": {"type": "Point", "coordinates": [693729.5, 5332334.5]}}, {"type": "Feature", "properties": {"h": 14.3}, "geometry": {"type": "Point", "coordinates": [693791.5, 5332336.5]}}, {"type": "Feature", "properties": {"h": 15.9}, "geometry": {"type": "Point", "coordinates": [693796.5, 5332334.5]}}, {"type": "Feature", "properties": {"h": 16.2}, "geometry": {"type": "Point", "coordinates": [693805.5, 5332337.5]}}, {"type": "Feature", "properties": {"h": 21.3}, "geometry": {"type": "Point", "coordinates": [693812.5, 5332334.5]}}, {"type": "Feature", "properties": {"h": 21.8}, "geometry": {"type": "Point", "coordinates": [693814.5, 5332334.5]}}, {"type": "Feature", "properties": {"h": 19.1}, "geometry": {"type": "Point", "coordinates": [693888.5, 5332334.5]}}, {"type": "Feature", "properties": {"h": 18.6}, "geometry": {"type": "Point", "coordinates": [693890.5, 5332334.5]}}, {"type": "Feature", "properties": {"h": 7.8}, "geometry": {"type": "Point", "coordinates": [693900.5, 5332340.5]}}, {"type": "Feature", "properties": {"h": 14.8}, "geometry": {"type": "Point", "coordinates": [693910.5, 5332335.5]}}, {"type": "Feature", "properties": {"h": 23.7}, "geometry": {"type": "Point", "coordinates": [693917.5, 5332334.5]}}, {"type": "Feature", "properties": {"h": 24.3}, "geometry": {"type": "Point", "coordinates": [693919.5, 5332335.5]}}, {"type": "Feature", "properties": {"h": 22.6}, "geometry": {"type": "Point", "coordinates": [693925.5, 5332340.5]}}, {"type": "Feature", "properties": {"h": 18.0}, "geometry": {"type": "Point", "coordinates": [693932.5, 5332340.5]}}, {"type": "Feature", "properties": {"h": 16.6}, "geometry": {"type": "Point", "coordinates": [693945.5, 5332340.5]}}, {"type": "Feature", "properties": {"h": 17.7}, "geometry": {"type": "Point", "coordinates": [693947.5, 5332340.5]}}, {"type": "Feature", "properties": {"h": 17.8}, "geometry": {"type": "Point", "coordinates": [693959.5, 5332334.5]}}, {"type": "Feature", "properties": {"h": 28.2}, "geometry": {"type": "Point", "coordinates": [693966.5, 5332334.5]}}, {"type": "Feature", "properties": {"h": 28.5}, "geometry": {"type": "Point", "coordinates": [693968.5, 5332334.5]}}, {"type": "Feature", "properties": {"h": 29.6}, "geometry": {"type": "Point", "coordinates": [693977.5, 5332334.5]}}, {"type": "Feature", "properties": {"h": 30.5}, "geometry": {"type": "Point", "coordinates": [693984.5, 5332334.5]}}, {"type": "Feature", "properties": {"h": 29.7}, "geometry": {"type": "Point", "coordinates": [693990.5, 5332334.5]}}, {"type": "Feature", "properties": {"h": 28.8}, "geometry": {"type": "Point", "coordinates": [693996.5, 5332334.5]}}, {"type": "Feature", "properties": {"h": 11.9}, "geometry": {"type": "Point", "coordinates": [693700.5, 5332331.5]}}, {"type": "Feature", "properties": {"h": 18.3}, "geometry": {"type": "Point", "coordinates": [693707.5, 5332332.5]}}, {"type": "Feature", "properties": {"h": 19.7}, "geometry": {"type": "Point", "coordinates": [693710.5, 5332329.5]}}, {"type": "Feature", "properties": {"h": 24.3}, "geometry": {"type": "Point", "coordinates": [693720.5, 5332332.5]}}, {"type": "Feature", "properties": {"h": 23.9}, "geometry": {"type": "Point", "coordinates": [693722.5, 5332332.5]}}, {"type": "Feature", "properties": {"h": 21.9}, "geometry": {"type": "Point", "coordinates": [693729.5, 5332331.5]}}, {"type": "Feature", "properties": {"h": 5.2}, "geometry": {"type": "Point", "coordinates": [693742.5, 5332327.5]}}, {"type": "Feature", "properties": {"h": 6.5}, "geometry": {"type": "Point", "coordinates": [693744.5, 5332327.5]}}, {"type": "Feature", "properties": {"h": 5.1}, "geometry": {"type": "Point", "coordinates": [693763.5, 5332329.5]}}, {"type": "Feature", "properties": {"h": 8.3}, "geometry": {"type": "Point", "coordinates": [693765.5, 5332331.5]}}, {"type": "Feature", "properties": {"h": 10.1}, "geometry": {"type": "Point", "coordinates": [693788.5, 5332328.5]}}, {"type": "Feature", "properties": {"h": 15.8}, "geometry": {"type": "Point", "coordinates": [693796.5, 5332333.5]}}, {"type": "Feature", "properties": {"h": 12.6}, "geometry": {"type": "Point", "coordinates": [693799.5, 5332331.5]}}, {"type": "Feature", "properties": {"h": 22.1}, "geometry": {"type": "Point", "coordinates": [693812.5, 5332330.5]}}, {"type": "Feature", "properties": {"h": 23.1}, "geometry": {"type": "Point", "coordinates": [693815.5, 5332331.5]}}, {"type": "Feature", "properties": {"h": 21.1}, "geometry": {"type": "Point", "coordinates": [693884.5, 5332327.5]}}, {"type": "Feature", "properties": {"h": 18.3}, "geometry": {"type": "Point", "coordinates": [693890.5, 5332333.5]}}, {"type": "Feature", "properties": {"h": 16.2}, "geometry": {"type": "Point", "coordinates": [693910.5, 5332329.5]}}, {"type": "Feature", "properties": {"h": 25.8}, "geometry": {"type": "Point", "coordinates": [693916.5, 5332331.5]}}, {"type": "Feature", "properties": {"h": 25.1}, "geometry": {"type": "Point", "coordinates": [693918.5, 5332331.5]}}, {"type": "Feature", "properties": {"h": 23.0}, "geometry": {"type": "Point", "coordinates": [693925.5, 5332330.5]}}, {"type": "Feature", "properties": {"h": 20.8}, "geometry": {"type": "Point", "coordinates": [693932.5, 5332327.5]}}, {"type": "Feature", "properties": {"h": 14.7}, "geometry": {"type": "Point", "coordinates": [693945.5, 5332327.5]}}, {"type": "Feature", "properties": {"h": 13.2}, "geometry": {"type": "Point", "coordinates": [693946.5, 5332327.5]}}, {"type": "Feature", "properties": {"h": 19.5}, "geometry": {"type": "Point", "coordinates": [693959.5, 5332330.5]}}, {"type": "Feature", "properties": {"h": 28.5}, "geometry": {"type": "Point", "coordinates": [693966.5, 5332332.5]}}, {"type": "Feature", "properties": {"h": 28.9}, "geometry": {"type": "Point", "coordinates": [693969.5, 5332333.5]}}, {"type": "Feature", "properties": {"h": 31.0}, "geometry": {"type": "Point", "coordinates": [693978.5, 5332327.5]}}, {"type": "Feature", "properties": {"h": 30.6}, "geometry": {"type": "Point", "coordinates": [693981.5, 5332327.5]}}, {"type": "Feature", "properties": {"h": 30.2}, "geometry": {"type": "Point", "coordinates": [693988.5, 5332329.5]}}, {"type": "Feature", "properties": {"h": 29.1}, "geometry": {"type": "Point", "coordinates": [693996.5, 5332333.5]}}, {"type": "Feature", "properties": {"h": 13.9}, "geometry": {"type": "Point", "coordinates": [693672.5, 5332321.5]}}, {"type": "Feature", "properties": {"h": 17.1}, "geometry": {"type": "Point", "coordinates": [693676.5, 5332322.5]}}, {"type": "Feature", "properties": {"h": 15.4}, "geometry": {"type": "Point", "coordinates": [693680.5, 5332322.5]}}, {"type": "Feature", "properties": {"h": 17.4}, "geometry": {"type": "Point", "coordinates": [693700.5, 5332323.5]}}, {"type": "Feature", "properties": {"h": 17.9}, "geometry": {"type": "Point", "coordinates": [693703.5, 5332321.5]}}, {"type": "Feature", "properties": {"h": 19.4}, "geometry": {"type": "Point", "coordinates": [693710.5, 5332326.5]}}, {"type": "Feature", "properties": {"h": 20.2}, "geometry": {"type": "Point", "coordinates": [693721.5, 5332322.5]}}, {"type": "Feature", "properties": {"h": 21.3}, "geometry": {"type": "Point", "coordinates": [693724.5, 5332323.5]}}, {"type": "Feature", "properties": {"h": 21.3}, "geometry": {"type": "Point", "coordinates": [693730.5, 5332326.5]}}, {"type": "Feature", "properties": {"h": 14.3}, "geometry": {"type": "Point", "coordinates": [693736.5, 5332320.5]}}, {"type": "Feature", "properties": {"h": 10.6}, "geometry": {"type": "Point", "coordinates": [693745.5, 5332320.5]}}, {"type": "Feature", "properties": {"h": 9.1}, "geometry": {"type": "Point", "coordinates": [693752.5, 5332321.5]}}, {"type": "Feature", "properties": {"h": 4.2}, "geometry": {"type": "Point", "coordinates": [693757.5, 5332321.5]}}, {"type": "Feature", "properties": {"h": 7.0}, "geometry": {"type": "Point", "coordinates": [693770.5, 5332321.5]}}, {"type": "Feature", "properties": {"h": 18.3}, "geometry": {"type": "Point", "coordinates": [693776.5, 5332320.5]}}, {"type": "Feature", "properties": {"h": 17.3}, "geometry": {"type": "Point", "coordinates": [693778.5, 5332320.5]}}, {"type": "Feature", "properties": {"h": 9.4}, "geometry": {"type": "Point", "coordinates": [693787.5, 5332326.5]}}, {"type": "Feature", "properties": {"h": 7.5}, "geometry": {"type": "Point", "coordinates": [693798.5, 5332326.5]}}, {"type": "Feature", "properties": {"h": 9.3}, "geometry": {"type": "Point", "coordinates": [693805.5, 5332320.5]}}, {"type": "Feature", "properties": {"h": 15.4}, "geometry": {"type": "Point", "coordinates": [693812.5, 5332322.5]}}, {"type": "Feature", "properties": {"h": 23.0}, "geometry": {"type": "Point", "coordinates": [693816.5, 5332326.5]}}, {"type": "Feature", "properties": {"h": 22.0}, "geometry": {"type": "Point", "coordinates": [693882.5, 5332324.5]}}, {"type": "Feature", "properties": {"h": 21.9}, "geometry": {"type": "Point", "coordinates": [693883.5, 5332324.5]}}, {"type": "Feature", "properties": {"h": 19.8}, "geometry": {"type": "Point", "coordinates": [693893.5, 5332320.5]}}, {"type": "Feature", "properties": {"h": 18.4}, "geometry": {"type": "Point", "coordinates": [693897.5, 5332321.5]}}, {"type": "Feature", "properties": {"h": 17.2}, "geometry": {"type": "Point", "coordinates": [693906.5, 5332322.5]}}, {"type": "Feature", "properties": {"h": 25.0}, "geometry": {"type": "Point", "coordinates": [693917.5, 5332323.5]}}, {"type": "Feature", "properties": {"h": 25.3}, "geometry": {"type": "Point", "coordinates": [693918.5, 5332323.5]}}, {"type": "Feature", "properties": {"h": 23.8}, "geometry": {"type": "Point", "coordinates": [693925.5, 5332323.5]}}, {"type": "Feature", "properties": {"h": 21.5}, "geometry": {"type": "Point", "coordinates": [693932.5, 5332321.5]}}, {"type": "Feature", "properties": {"h": 21.6}, "geometry": {"type": "Point", "coordinates": [693943.5, 5332320.5]}}, {"type": "Feature", "properties": {"h": 22.3}, "geometry": {"type": "Point", "coordinates": [693951.5, 5332320.5]}}, {"type": "Feature", "properties": {"h": 23.0}, "geometry": {"type": "Point", "coordinates": [693956.5, 5332320.5]}}, {"type": "Feature", "properties": {"h": 22.2}, "geometry": {"type": "Point", "coordinates": [693964.5, 5332326.5]}}, {"type": "Feature", "properties": {"h": 29.9}, "geometry": {"type": "Point", "coordinates": [693973.5, 5332325.5]}}, {"type": "Feature", "properties": {"h": 31.6}, "geometry": {"type": "Point", "coordinates": [693978.5, 5332324.5]}}, {"type": "Feature", "properties": {"h": 30.7}, "geometry": {"type": "Point", "coordinates": [693981.5, 5332323.5]}}, {"type": "Feature", "properties": {"h": 29.8}, "geometry": {"type": "Point", "coordinates": [693988.5, 5332326.5]}}, {"type": "Feature", "properties": {"h": 28.6}, "geometry": {"type": "Point", "coordinates": [693995.5, 5332326.5]}}, {"type": "Feature", "properties": {"h": 9.8}, "geometry": {"type": "Point", "coordinates": [693648.5, 5332313.5]}}, {"type": "Feature", "properties": {"h": 11.7}, "geometry": {"type": "Point", "coordinates": [693658.5, 5332313.5]}}, {"type": "Feature", "properties": {"h": 12.9}, "geometry": {"type": "Point", "coordinates": [693665.5, 5332313.5]}}, {"type": "Feature", "properties": {"h": 13.5}, "geometry": {"type": "Point", "coordinates": [693668.5, 5332314.5]}}, {"type": "Feature", "properties": {"h": 15.9}, "geometry": {"type": "Point", "coordinates": [693676.5, 5332319.5]}}, {"type": "Feature", "properties": {"h": 17.5}, "geometry": {"type": "Point", "coordinates": [693683.5, 5332314.5]}}, {"type": "Feature", "properties": {"h": 15.4}, "geometry": {"type": "Point", "coordinates": [693687.5, 5332314.5]}}, {"type": "Feature", "properties": {"h": 11.3}, "geometry": {"type": "Point", "coordinates": [693700.5, 5332319.5]}}, {"type": "Feature", "properties": {"h": 14.8}, "geometry": {"type": "Point", "coordinates": [693703.5, 5332319.5]}}, {"type": "Feature", "properties": {"h": 13.2}, "geometry": {"type": "Point", "coordinates": [693708.5, 5332317.5]}}, {"type": "Feature", "properties": {"h": 20.4}, "geometry": {"type": "Point", "coordinates": [693727.5, 5332319.5]}}, {"type": "Feature", "properties": {"h": 20.0}, "geometry": {"type": "Point", "coordinates": [693729.5, 5332319.5]}}, {"type": "Feature", "properties": {"h": 14.3}, "geometry": {"type": "Point", "coordinates": [693736.5, 5332319.5]}}, {"type": "Feature", "properties": {"h": 10.8}, "geometry": {"type": "Point", "coordinates": [693745.5, 5332318.5]}}, {"type": "Feature", "properties": {"h": 12.4}, "geometry": {"type": "Point", "coordinates": [693756.5, 5332313.5]}}, {"type": "Feature", "properties": {"h": 17.4}, "geometry": {"type": "Point", "coordinates": [693763.5, 5332313.5]}}, {"type": "Feature", "properties": {"h": 20.4}, "geometry": {"type": "Point", "coordinates": [693767.5, 5332313.5]}}, {"type": "Feature", "properties": {"h": 19.1}, "geometry": {"type": "Point", "coordinates": [693777.5, 5332317.5]}}, {"type": "Feature", "properties": {"h": 19.2}, "geometry": {"type": "Point", "coordinates": [693778.5, 5332316.5]}}, {"type": "Feature", "properties": {"h": 23.2}, "geometry": {"type": "Point", "coordinates": [693791.5, 5332313.5]}}, {"type": "Feature", "properties": {"h": 23.3}, "geometry": {"type": "Point", "coordinates": [693792.5, 5332313.5]}}, {"type": "Feature", "properties": {"h": 18.0}, "geometry": {"type": "Point", "coordinates": [693805.5, 5332313.5]}}, {"type": "Feature", "properties": {"h": 18.4}, "geometry": {"type": "Point", "coordinates": [693810.5, 5332313.5]}}, {"type": "Feature", "properties": {"h": 22.8}, "geometry": {"type": "Point", "coordinates": [693818.5, 5332317.5]}}, {"type": "Feature", "properties": {"h": 20.4}, "geometry": {"type": "Point", "coordinates": [693820.5, 5332315.5]}}, {"type": "Feature", "properties": {"h": 22.4}, "geometry": {"type": "Point", "coordinates": [693882.5, 5332313.5]}}, {"type": "Feature", "properties": {"h": 23.7}, "geometry": {"type": "Point", "coordinates": [693888.5, 5332313.5]}}, {"type": "Feature", "properties": {"h": 23.0}, "geometry": {"type": "Point", "coordinates": [693890.5, 5332313.5]}}, {"type": "Feature", "properties": {"h": 21.8}, "geometry": {"type": "Point", "coordinates": [693903.5, 5332315.5]}}, {"type": "Feature", "properties": {"h": 21.9}, "geometry": {"type": "Point", "coordinates": [693904.5, 5332314.5]}}, {"type": "Feature", "properties": {"h": 23.5}, "geometry": {"type": "Point", "coordinates": [693914.5, 5332315.5]}}, {"type": "Feature", "properties": {"h": 23.2}, "geometry": {"type": "Point", "coordinates": [693919.5, 5332319.5]}}, {"type": "Feature", "properties": {"h": 22.1}, "geometry": {"type": "Point", "coordinates": [693925.5, 5332318.5]}}, {"type": "Feature", "properties": {"h": 21.7}, "geometry": {"type": "Point", "coordinates": [693938.5, 5332313.5]}}, {"type": "Feature", "properties": {"h": 22.6}, "geometry": {"type": "Point", "coordinates": [693945.5, 5332313.5]}}, {"type": "Feature", "properties": {"h": 24.0}, "geometry": {"type": "Point", "coordinates": [693952.5, 5332313.5]}}, {"type": "Feature", "properties": {"h": 27.6}, "geometry": {"type": "Point", "coordinates": [693957.5, 5332314.5]}}, {"type": "Feature", "properties": {"h": 27.7}, "geometry": {"type": "Point", "coordinates": [693960.5, 5332313.5]}}, {"type": "Feature", "properties": {"h": 25.5}, "geometry": {"type": "Point", "coordinates": [693973.5, 5332319.5]}}, {"type": "Feature", "properties": {"h": 27.8}, "geometry": {"type": "Point", "coordinates": [693979.5, 5332319.5]}}, {"type": "Feature", "properties": {"h": 15.3}, "geometry": {"type": "Point", "coordinates": [693620.5, 5332306.5]}}, {"type": "Feature", "properties": {"h": 9.3}, "geometry": {"type": "Point", "coordinates": [693630.5, 5332308.5]}}, {"type": "Feature", "properties": {"h": 13.8}, "geometry": {"type": "Point", "coordinates": [693637.5, 5332306.5]}}, {"type": "Feature", "properties": {"h": 17.2}, "geometry": {"type": "Point", "coordinates": [693644.5, 5332306.5]}}, {"type": "Feature", "properties": {"h": 18.0}, "geometry": {"type": "Point", "coordinates": [693646.5, 5332306.5]}}, {"type": "Feature", "properties": {"h": 15.8}, "geometry": {"type": "Point", "coordinates": [693655.5, 5332309.5]}}, {"type": "Feature", "properties": {"h": 17.0}, "geometry": {"type": "Point", "coordinates": [693662.5, 5332306.5]}}, {"type": "Feature", "properties": {"h": 15.8}, "geometry": {"type": "Point", "coordinates": [693666.5, 5332307.5]}}, {"type": "Feature", "properties": {"h": 14.7}, "geometry": {"type": "Point", "coordinates": [693679.5, 5332312.5]}}, {"type": "Feature", "properties": {"h": 17.5}, "geometry": {"type": "Point", "coordinates": [693684.5, 5332312.5]}}, {"type": "Feature", "properties": {"h": 15.5}, "geometry": {"type": "Point", "coordinates": [693687.5, 5332311.5]}}, {"type": "Feature", "properties": {"h": 8.9}, "geometry": {"type": "Point", "coordinates": [693707.5, 5332312.5]}}, {"type": "Feature", "properties": {"h": 10.9}, "geometry": {"type": "Point", "coordinates": [693711.5, 5332310.5]}}, {"type": "Feature", "properties": {"h": 9.4}, "geometry": {"type": "Point", "coordinates": [693715.5, 5332307.5]}}, {"type": "Feature", "properties": {"h": 8.8}, "geometry": {"type": "Point", "coordinates": [693732.5, 5332312.5]}}, {"type": "Feature", "properties": {"h": 12.9}, "geometry": {"type": "Point", "coordinates": [693742.5, 5332306.5]}}, {"type": "Feature", "properties": {"h": 15.8}, "geometry": {"type": "Point", "coordinates": [693748.5, 5332306.5]}}, {"type": "Feature", "properties": {"h": 15.0}, "geometry": {"type": "Point", "coordinates": [693750.5, 5332306.5]}}, {"type": "Feature", "properties": {"h": 17.9}, "geometry": {"type": "Point", "coordinates": [693763.5, 5332311.5]}}, {"type": "Feature", "properties": {"h": 20.7}, "geometry": {"type": "Point", "coordinates": [693766.5, 5332311.5]}}, {"type": "Feature", "properties": {"h": 21.0}, "geometry": {"type": "Point", "coordinates": [693775.5, 5332308.5]}}, {"type": "Feature", "properties": {"h": 22.6}, "geometry": {"type": "Point", "coordinates": [693784.5, 5332309.5]}}, {"type": "Feature", "properties": {"h": 25.4}, "geometry": {"type": "Point", "coordinates": [693791.5, 5332310.5]}}, {"type": "Feature", "properties": {"h": 25.1}, "geometry": {"type": "Point", "coordinates": [693792.5, 5332311.5]}}, {"type": "Feature", "properties": {"h": 18.3}, "geometry": {"type": "Point", "coordinates": [693799.5, 5332312.5]}}, {"type": "Feature", "properties": {"h": 29.6}, "geometry": {"type": "Point", "coordinates": [693880.5, 5332306.5]}}, {"type": "Feature", "properties": {"h": 27.6}, "geometry": {"type": "Point", "coordinates": [693883.5, 5332306.5]}}, {"type": "Feature", "properties": {"h": 22.9}, "geometry": {"type": "Point", "coordinates": [693890.5, 5332312.5]}}, {"type": "Feature", "properties": {"h": 21.4}, "geometry": {"type": "Point", "coordinates": [693903.5, 5332312.5]}}, {"type": "Feature", "properties": {"h": 21.6}, "geometry": {"type": "Point", "coordinates": [693905.5, 5332312.5]}}, {"type": "Feature", "properties": {"h": 22.5}, "geometry": {"type": "Point", "coordinates": [693917.5, 5332312.5]}}, {"type": "Feature", "properties": {"h": 22.8}, "geometry": {"type": "Point", "coordinates": [693919.5, 5332312.5]}}, {"type": "Feature", "properties": {"h": 18.5}, "geometry": {"type": "Point", "coordinates": [693931.5, 5332311.5]}}, {"type": "Feature", "properties": {"h": 22.0}, "geometry": {"type": "Point", "coordinates": [693938.5, 5332312.5]}}, {"type": "Feature", "properties": {"h": 23.3}, "geometry": {"type": "Point", "coordinates": [693945.5, 5332311.5]}}, {"type": "Feature", "properties": {"h": 23.8}, "geometry": {"type": "Point", "coordinates": [693952.5, 5332312.5]}}, {"type": "Feature", "properties": {"h": 27.3}, "geometry": {"type": "Point", "coordinates": [693957.5, 5332312.5]}}, {"type": "Feature", "properties": {"h": 27.2}, "geometry": {"type": "Point", "coordinates": [693960.5, 5332312.5]}}, {"type": "Feature", "properties": {"h": 21.3}, "geometry": {"type": "Point", "coordinates": [693595.5, 5332299.5]}}, {"type": "Feature", "properties": {"h": 24.4}, "geometry": {"type": "Point", "coordinates": [693602.5, 5332299.5]}}, {"type": "Feature", "properties": {"h": 24.3}, "geometry": {"type": "Point", "coordinates": [693603.5, 5332299.5]}}, {"type": "Feature", "properties": {"h": 24.7}, "geometry": {"type": "Point", "coordinates": [693615.5, 5332299.5]}}, {"type": "Feature", "properties": {"h": 24.4}, "geometry": {"type": "Point", "coordinates": [693617.5, 5332299.5]}}, {"type": "Feature", "properties": {"h": 15.1}, "geometry": {"type": "Point", "coordinates": [693624.5, 5332301.5]}}, {"type": "Feature", "properties": {"h": 14.0}, "geometry": {"type": "Point", "coordinates": [693637.5, 5332305.5]}}, {"type": "Feature", "properties": {"h": 17.5}, "geometry": {"type": "Point", "coordinates": [693644.5, 5332299.5]}}, {"type": "Feature", "properties": {"h": 17.6}, "geometry": {"type": "Point", "coordinates": [693646.5, 5332305.5]}}, {"type": "Feature", "properties": {"h": 17.0}, "geometry": {"type": "Point", "coordinates": [693658.5, 5332302.5]}}, {"type": "Feature", "properties": {"h": 18.6}, "geometry": {"type": "Point", "coordinates": [693663.5, 5332303.5]}}, {"type": "Feature", "properties": {"h": 17.0}, "geometry": {"type": "Point", "coordinates": [693666.5, 5332302.5]}}, {"type": "Feature", "properties": {"h": 12.1}, "geometry": {"type": "Point", "coordinates": [693679.5, 5332305.5]}}, {"type": "Feature", "properties": {"h": 12.5}, "geometry": {"type": "Point", "coordinates": [693680.5, 5332305.5]}}, {"type": "Feature", "properties": {"h": 13.7}, "geometry": {"type": "Point", "coordinates": [693687.5, 5332299.5]}}, {"type": "Feature", "properties": {"h": 7.4}, "geometry": {"type": "Point", "coordinates": [693707.5, 5332305.5]}}, {"type": "Feature", "properties": {"h": 20.5}, "geometry": {"type": "Point", "coordinates": [693714.5, 5332299.5]}}, {"type": "Feature", "properties": {"h": 21.6}, "geometry": {"type": "Point", "coordinates": [693719.5, 5332299.5]}}, {"type": "Feature", "properties": {"h": 12.4}, "geometry": {"type": "Point", "coordinates": [693724.5, 5332299.5]}}, {"type": "Feature", "properties": {"h": 15.4}, "geometry": {"type": "Point", "coordinates": [693742.5, 5332302.5]}}, {"type": "Feature", "properties": {"h": 16.8}, "geometry": {"type": "Point", "coordinates": [693747.5, 5332303.5]}}, {"type": "Feature", "properties": {"h": 15.8}, "geometry": {"type": "Point", "coordinates": [693750.5, 5332304.5]}}, {"type": "Feature", "properties": {"h": 11.5}, "geometry": {"type": "Point", "coordinates": [693761.5, 5332305.5]}}, {"type": "Feature", "properties": {"h": 29.6}, "geometry": {"type": "Point", "coordinates": [693880.5, 5332305.5]}}, {"type": "Feature", "properties": {"h": 28.7}, "geometry": {"type": "Point", "coordinates": [693883.5, 5332304.5]}}, {"type": "Feature", "properties": {"h": 20.7}, "geometry": {"type": "Point", "coordinates": [693890.5, 5332305.5]}}, {"type": "Feature", "properties": {"h": 15.1}, "geometry": {"type": "Point", "coordinates": [693567.5, 5332292.5]}}, {"type": "Feature", "properties": {"h": 14.8}, "geometry": {"type": "Point", "coordinates": [693568.5, 5332292.5]}}, {"type": "Feature", "properties": {"h": 14.7}, "geometry": {"type": "Point", "coordinates": [693581.5, 5332294.5]}}, {"type": "Feature", "properties": {"h": 17.1}, "geometry": {"type": "Point", "coordinates": [693588.5, 5332296.5]}}, {"type": "Feature", "properties": {"h": 21.5}, "geometry": {"type": "Point", "coordinates": [693594.5, 5332295.5]}}, {"type": "Feature", "properties": {"h": 24.3}, "geometry": {"type": "Point", "coordinates": [693602.5, 5332298.5]}}, {"type": "Feature", "properties": {"h": 24.3}, "geometry": {"type": "Point", "coordinates": [693603.5, 5332298.5]}}, {"type": "Feature", "properties": {"h": 24.8}, "geometry": {"type": "Point", "coordinates": [693615.5, 5332298.5]}}, {"type": "Feature", "properties": {"h": 24.5}, "geometry": {"type": "Point", "coordinates": [693617.5, 5332297.5]}}, {"type": "Feature", "properties": {"h": 19.9}, "geometry": {"type": "Point", "coordinates": [693624.5, 5332292.5]}}, {"type": "Feature", "properties": {"h": 12.0}, "geometry": {"type": "Point", "coordinates": [693637.5, 5332298.5]}}, {"type": "Feature", "properties": {"h": 17.6}, "geometry": {"type": "Point", "coordinates": [693644.5, 5332296.5]}}, {"type": "Feature", "properties": {"h": 17.7}, "geometry": {"type": "Point", "coordinates": [693645.5, 5332297.5]}}, {"type": "Feature", "properties": {"h": 13.9}, "geometry": {"type": "Point", "coordinates": [693658.5, 5332296.5]}}, {"type": "Feature", "properties": {"h": 15.0}, "geometry": {"type": "Point", "coordinates": [693661.5, 5332298.5]}}, {"type": "Feature", "properties": {"h": 13.4}, "geometry": {"type": "Point", "coordinates": [693672.5, 5332292.5]}}, {"type": "Feature", "properties": {"h": 16.8}, "geometry": {"type": "Point", "coordinates": [693677.5, 5332292.5]}}, {"type": "Feature", "properties": {"h": 22.6}, "geometry": {"type": "Point", "coordinates": [693684.5, 5332293.5]}}, {"type": "Feature", "properties": {"h": 21.2}, "geometry": {"type": "Point", "coordinates": [693687.5, 5332292.5]}}, {"type": "Feature", "properties": {"h": 21.3}, "geometry": {"type": "Point", "coordinates": [693714.5, 5332298.5]}}, {"type": "Feature", "properties": {"h": 22.6}, "geometry": {"type": "Point", "coordinates": [693717.5, 5332298.5]}}, {"type": "Feature", "properties": {"h": 12.7}, "geometry": {"type": "Point", "coordinates": [693536.5, 5332285.5]}}, {"type": "Feature", "properties": {"h": 13.7}, "geometry": {"type": "Point", "coordinates": [693545.5, 5332286.5]}}, {"type": "Feature", "properties": {"h": 13.5}, "geometry": {"type": "Point", "coordinates": [693547.5, 5332285.5]}}, {"type": "Feature", "properties": {"h": 15.5}, "geometry": {"type": "Point", "coordinates": [693560.5, 5332287.5]}}, {"type": "Feature", "properties": {"h": 16.0}, "geometry": {"type": "Point", "coordinates": [693561.5, 5332287.5]}}, {"type": "Feature", "properties": {"h": 15.2}, "geometry": {"type": "Point", "coordinates": [693569.5, 5332285.5]}}, {"type": "Feature", "properties": {"h": 13.7}, "geometry": {"type": "Point", "coordinates": [693581.5, 5332291.5]}}, {"type": "Feature", "properties": {"h": 16.6}, "geometry": {"type": "Point", "coordinates": [693588.5, 5332285.5]}}, {"type": "Feature", "properties": {"h": 21.9}, "geometry": {"type": "Point", "coordinates": [693594.5, 5332286.5]}}, {"type": "Feature", "properties": {"h": 24.9}, "geometry": {"type": "Point", "coordinates": [693602.5, 5332285.5]}}, {"type": "Feature", "properties": {"h": 25.5}, "geometry": {"type": "Point", "coordinates": [693603.5, 5332285.5]}}, {"type": "Feature", "properties": {"h": 22.5}, "geometry": {"type": "Point", "coordinates": [693610.5, 5332289.5]}}, {"type": "Feature", "properties": {"h": 21.3}, "geometry": {"type": "Point", "coordinates": [693622.5, 5332288.5]}}, {"type": "Feature", "properties": {"h": 21.3}, "geometry": {"type": "Point", "coordinates": [693624.5, 5332287.5]}}, {"type": "Feature", "properties": {"h": 21.3}, "geometry": {"type": "Point", "coordinates": [693643.5, 5332286.5]}}, {"type": "Feature", "properties": {"h": 21.0}, "geometry": {"type": "Point", "coordinates": [693645.5, 5332287.5]}}, {"type": "Feature", "properties": {"h": 11.9}, "geometry": {"type": "Point", "coordinates": [693657.5, 5332291.5]}}, {"type": "Feature", "properties": {"h": 13.5}, "geometry": {"type": "Point", "coordinates": [693665.5, 5332286.5]}}, {"type": "Feature", "properties": {"h": 22.3}, "geometry": {"type": "Point", "coordinates": [693672.5, 5332286.5]}}, {"type": "Feature", "properties": {"h": 22.2}, "geometry": {"type": "Point", "coordinates": [693678.5, 5332286.5]}}, {"type": "Feature", "properties": {"h": 21.9}, "geometry": {"type": "Point", "coordinates": [693685.5, 5332291.5]}}, {"type": "Feature", "properties": {"h": 21.0}, "geometry": {"type": "Point", "coordinates": [693687.5, 5332291.5]}}, {"type": "Feature", "properties": {"h": 13.7}, "geometry": {"type": "Point", "coordinates": [693511.5, 5332278.5]}}, {"type": "Feature", "properties": {"h": 14.2}, "geometry": {"type": "Point", "coordinates": [693512.5, 5332278.5]}}, {"type": "Feature", "properties": {"h": 14.7}, "geometry": {"type": "Point", "coordinates": [693525.5, 5332280.5]}}, {"type": "Feature", "properties": {"h": 14.6}, "geometry": {"type": "Point", "coordinates": [693526.5, 5332280.5]}}, {"type": "Feature", "properties": {"h": 14.8}, "geometry": {"type": "Point", "coordinates": [693533.5, 5332282.5]}}, {"type": "Feature", "properties": {"h": 13.7}, "geometry": {"type": "Point", "coordinates": [693546.5, 5332284.5]}}, {"type": "Feature", "properties": {"h": 16.4}, "geometry": {"type": "Point", "coordinates": [693553.5, 5332278.5]}}, {"type": "Feature", "properties": {"h": 18.4}, "geometry": {"type": "Point", "coordinates": [693560.5, 5332278.5]}}, {"type": "Feature", "properties": {"h": 19.1}, "geometry": {"type": "Point", "coordinates": [693563.5, 5332278.5]}}, {"type": "Feature", "properties": {"h": 18.6}, "geometry": {"type": "Point", "coordinates": [693568.5, 5332279.5]}}, {"type": "Feature", "properties": {"h": 20.3}, "geometry": {"type": "Point", "coordinates": [693581.5, 5332278.5]}}, {"type": "Feature", "properties": {"h": 22.0}, "geometry": {"type": "Point", "coordinates": [693588.5, 5332278.5]}}, {"type": "Feature", "properties": {"h": 22.6}, "geometry": {"type": "Point", "coordinates": [693595.5, 5332284.5]}}, {"type": "Feature", "properties": {"h": 24.9}, "geometry": {"type": "Point", "coordinates": [693602.5, 5332284.5]}}, {"type": "Feature", "properties": {"h": 25.5}, "geometry": {"type": "Point", "coordinates": [693604.5, 5332284.5]}}, {"type": "Feature", "properties": {"h": 22.0}, "geometry": {"type": "Point", "coordinates": [693610.5, 5332284.5]}}, {"type": "Feature", "properties": {"h": 19.5}, "geometry": {"type": "Point", "coordinates": [693621.5, 5332284.5]}}, {"type": "Feature", "properties": {"h": 18.7}, "geometry": {"type": "Point", "coordinates": [693624.5, 5332284.5]}}, {"type": "Feature", "properties": {"h": 20.9}, "geometry": {"type": "Point", "coordinates": [693642.5, 5332284.5]}}, {"type": "Feature", "properties": {"h": 20.5}, "geometry": {"type": "Point", "coordinates": [693645.5, 5332284.5]}}, {"type": "Feature", "properties": {"h": 12.8}, "geometry": {"type": "Point", "coordinates": [693665.5, 5332284.5]}}, {"type": "Feature", "properties": {"h": 21.7}, "geometry": {"type": "Point", "coordinates": [693672.5, 5332284.5]}}, {"type": "Feature", "properties": {"h": 21.9}, "geometry": {"type": "Point", "coordinates": [693678.5, 5332284.5]}}, {"type": "Feature", "properties": {"h": 21.4}, "geometry": {"type": "Point", "coordinates": [693680.5, 5332284.5]}}, {"type": "Feature", "properties": {"h": 14.4}, "geometry": {"type": "Point", "coordinates": [693511.5, 5332276.5]}}, {"type": "Feature", "properties": {"h": 14.8}, "geometry": {"type": "Point", "coordinates": [693518.5, 5332272.5]}}, {"type": "Feature", "properties": {"h": 18.3}, "geometry": {"type": "Point", "coordinates": [693525.5, 5332271.5]}}, {"type": "Feature", "properties": {"h": 18.6}, "geometry": {"type": "Point", "coordinates": [693527.5, 5332271.5]}}, {"type": "Feature", "properties": {"h": 16.2}, "geometry": {"type": "Point", "coordinates": [693534.5, 5332274.5]}}, {"type": "Feature", "properties": {"h": 17.0}, "geometry": {"type": "Point", "coordinates": [693546.5, 5332271.5]}}, {"type": "Feature", "properties": {"h": 20.1}, "geometry": {"type": "Point", "coordinates": [693552.5, 5332273.5]}}, {"type": "Feature", "properties": {"h": 19.7}, "geometry": {"type": "Point", "coordinates": [693554.5, 5332272.5]}}, {"type": "Feature", "properties": {"h": 20.4}, "geometry": {"type": "Point", "coordinates": [693564.5, 5332276.5]}}, {"type": "Feature", "properties": {"h": 19.5}, "geometry": {"type": "Point", "coordinates": [693568.5, 5332276.5]}}, {"type": "Feature", "properties": {"h": 21.0}, "geometry": {"type": "Point", "coordinates": [693581.5, 5332275.5]}}, {"type": "Feature", "properties": {"h": 25.5}, "geometry": {"type": "Point", "coordinates": [693588.5, 5332271.5]}}, {"type": "Feature", "properties": {"h": 26.0}, "geometry": {"type": "Point", "coordinates": [693591.5, 5332271.5]}}, {"type": "Feature", "properties": {"h": 23.1}, "geometry": {"type": "Point", "coordinates": [693596.5, 5332271.5]}}, {"type": "Feature", "properties": {"h": 21.4}, "geometry": {"type": "Point", "coordinates": [693603.5, 5332275.5]}}, {"type": "Feature", "properties": {"h": 21.3}, "geometry": {"type": "Point", "coordinates": [693614.5, 5332273.5]}}, {"type": "Feature", "properties": {"h": 21.2}, "geometry": {"type": "Point", "coordinates": [693619.5, 5332273.5]}}, {"type": "Feature", "properties": {"h": 11.0}, "geometry": {"type": "Point", "coordinates": [693628.5, 5332271.5]}}, {"type": "Feature", "properties": {"h": 8.9}, "geometry": {"type": "Point", "coordinates": [693631.5, 5332271.5]}}, {"type": "Feature", "properties": {"h": 3.1}, "geometry": {"type": "Point", "coordinates": [693643.5, 5332277.5]}}, {"type": "Feature", "properties": {"h": 8.2}, "geometry": {"type": "Point", "coordinates": [693665.5, 5332277.5]}}, {"type": "Feature", "properties": {"h": 18.4}, "geometry": {"type": "Point", "coordinates": [693672.5, 5332277.5]}}, {"type": "Feature", "properties": {"h": 18.7}, "geometry": {"type": "Point", "coordinates": [693674.5, 5332277.5]}}, {"type": "Feature", "properties": {"h": 20.2}, "geometry": {"type": "Point", "coordinates": [693685.5, 5332271.5]}}, {"type": "Feature", "properties": {"h": 20.3}, "geometry": {"type": "Point", "coordinates": [693688.5, 5332273.5]}}, {"type": "Feature", "properties": {"h": 10.3}, "geometry": {"type": "Point", "coordinates": [693694.5, 5332271.5]}}, {"type": "Feature", "properties": {"h": 14.1}, "geometry": {"type": "Point", "coordinates": [693511.5, 5332264.5]}}, {"type": "Feature", "properties": {"h": 14.4}, "geometry": {"type": "Point", "coordinates": [693514.5, 5332264.5]}}, {"type": "Feature", "properties": {"h": 19.3}, "geometry": {"type": "Point", "coordinates": [693525.5, 5332269.5]}}, {"type": "Feature", "properties": {"h": 19.4}, "geometry": {"type": "Point", "coordinates": [693526.5, 5332269.5]}}, {"type": "Feature", "properties": {"h": 17.4}, "geometry": {"type": "Point", "coordinates": [693539.5, 5332267.5]}}, {"type": "Feature", "properties": {"h": 18.8}, "geometry": {"type": "Point", "coordinates": [693541.5, 5332266.5]}}, {"type": "Feature", "properties": {"h": 19.8}, "geometry": {"type": "Point", "coordinates": [693552.5, 5332270.5]}}, {"type": "Feature", "properties": {"h": 19.4}, "geometry": {"type": "Point", "coordinates": [693554.5, 5332270.5]}}, {"type": "Feature", "properties": {"h": 13.4}, "geometry": {"type": "Point", "coordinates": [693566.5, 5332270.5]}}, {"type": "Feature", "properties": {"h": 20.0}, "geometry": {"type": "Point", "coordinates": [693574.5, 5332268.5]}}, {"type": "Feature", "properties": {"h": 23.1}, "geometry": {"type": "Point", "coordinates": [693578.5, 5332264.5]}}, {"type": "Feature", "properties": {"h": 25.5}, "geometry": {"type": "Point", "coordinates": [693588.5, 5332270.5]}}, {"type": "Feature", "properties": {"h": 25.9}, "geometry": {"type": "Point", "coordinates": [693591.5, 5332270.5]}}, {"type": "Feature", "properties": {"h": 23.0}, "geometry": {"type": "Point", "coordinates": [693596.5, 5332270.5]}}, {"type": "Feature", "properties": {"h": 18.6}, "geometry": {"type": "Point", "coordinates": [693603.5, 5332270.5]}}, {"type": "Feature", "properties": {"h": 20.6}, "geometry": {"type": "Point", "coordinates": [693615.5, 5332270.5]}}, {"type": "Feature", "properties": {"h": 17.9}, "geometry": {"type": "Point", "coordinates": [693617.5, 5332270.5]}}, {"type": "Feature", "properties": {"h": 15.1}, "geometry": {"type": "Point", "coordinates": [693625.5, 5332267.5]}}, {"type": "Feature", "properties": {"h": 11.8}, "geometry": {"type": "Point", "coordinates": [693631.5, 5332265.5]}}, {"type": "Feature", "properties": {"h": 14.2}, "geometry": {"type": "Point", "coordinates": [693672.5, 5332270.5]}}, {"type": "Feature", "properties": {"h": 15.3}, "geometry": {"type": "Point", "coordinates": [693674.5, 5332270.5]}}, {"type": "Feature", "properties": {"h": 20.1}, "geometry": {"type": "Point", "coordinates": [693686.5, 5332270.5]}}, {"type": "Feature", "properties": {"h": 20.8}, "geometry": {"type": "Point", "coordinates": [693693.5, 5332264.5]}}, {"type": "Feature", "properties": {"h": 20.4}, "geometry": {"type": "Point", "coordinates": [693694.5, 5332264.5]}}, {"type": "Feature", "properties": {"h": 15.0}, "geometry": {"type": "Point", "coordinates": [693511.5, 5332261.5]}}, {"type": "Feature", "properties": {"h": 16.3}, "geometry": {"type": "Point", "coordinates": [693514.5, 5332258.5]}}, {"type": "Feature", "properties": {"h": 12.6}, "geometry": {"type": "Point", "coordinates": [693519.5, 5332262.5]}}, {"type": "Feature", "properties": {"h": 14.1}, "geometry": {"type": "Point", "coordinates": [693529.5, 5332263.5]}}, {"type": "Feature", "properties": {"h": 15.2}, "geometry": {"type": "Point", "coordinates": [693539.5, 5332263.5]}}, {"type": "Feature", "properties": {"h": 17.3}, "geometry": {"type": "Point", "coordinates": [693542.5, 5332263.5]}}, {"type": "Feature", "properties": {"h": 17.1}, "geometry": {"type": "Point", "coordinates": [693553.5, 5332257.5]}}, {"type": "Feature", "properties": {"h": 17.4}, "geometry": {"type": "Point", "coordinates": [693554.5, 5332257.5]}}, {"type": "Feature", "properties": {"h": 10.0}, "geometry": {"type": "Point", "coordinates": [693566.5, 5332260.5]}}, {"type": "Feature", "properties": {"h": 17.7}, "geometry": {"type": "Point", "coordinates": [693574.5, 5332257.5]}}, {"type": "Feature", "properties": {"h": 22.9}, "geometry": {"type": "Point", "coordinates": [693578.5, 5332263.5]}}, {"type": "Feature", "properties": {"h": 23.0}, "geometry": {"type": "Point", "coordinates": [693588.5, 5332263.5]}}, {"type": "Feature", "properties": {"h": 23.9}, "geometry": {"type": "Point", "coordinates": [693592.5, 5332260.5]}}, {"type": "Feature", "properties": {"h": 22.2}, "geometry": {"type": "Point", "coordinates": [693596.5, 5332261.5]}}, {"type": "Feature", "properties": {"h": 10.6}, "geometry": {"type": "Point", "coordinates": [693603.5, 5332257.5]}}, {"type": "Feature", "properties": {"h": 4.5}, "geometry": {"type": "Point", "coordinates": [693610.5, 5332257.5]}}, {"type": "Feature", "properties": {"h": 12.2}, "geometry": {"type": "Point", "coordinates": [693623.5, 5332263.5]}}, {"type": "Feature", "properties": {"h": 13.4}, "geometry": {"type": "Point", "coordinates": [693626.5, 5332263.5]}}, {"type": "Feature", "properties": {"h": 10.2}, "geometry": {"type": "Point", "coordinates": [693631.5, 5332263.5]}}, {"type": "Feature", "properties": {"h": 8.5}, "geometry": {"type": "Point", "coordinates": [693672.5, 5332263.5]}}, {"type": "Feature", "properties": {"h": 11.0}, "geometry": {"type": "Point", "coordinates": [693677.5, 5332263.5]}}, {"type": "Feature", "properties": {"h": 19.5}, "geometry": {"type": "Point", "coordinates": [693686.5, 5332263.5]}}, {"type": "Feature", "properties": {"h": 21.1}, "geometry": {"type": "Point", "coordinates": [693692.5, 5332263.5]}}, {"type": "Feature", "properties": {"h": 20.6}, "geometry": {"type": "Point", "coordinates": [693694.5, 5332263.5]}}, {"type": "Feature", "properties": {"h": 13.1}, "geometry": {"type": "Point", "coordinates": [693511.5, 5332256.5]}}, {"type": "Feature", "properties": {"h": 15.2}, "geometry": {"type": "Point", "coordinates": [693515.5, 5332256.5]}}, {"type": "Feature", "properties": {"h": 11.8}, "geometry": {"type": "Point", "coordinates": [693519.5, 5332256.5]}}, {"type": "Feature", "properties": {"h": 17.8}, "geometry": {"type": "Point", "coordinates": [693553.5, 5332256.5]}}, {"type": "Feature", "properties": {"h": 18.4}, "geometry": {"type": "Point", "coordinates": [693554.5, 5332255.5]}}, {"type": "Feature", "properties": {"h": 20.8}, "geometry": {"type": "Point", "coordinates": [693567.5, 5332250.5]}}, {"type": "Feature", "properties": {"h": 25.4}, "geometry": {"type": "Point", "coordinates": [693574.5, 5332250.5]}}, {"type": "Feature", "properties": {"h": 26.3}, "geometry": {"type": "Point", "coordinates": [693577.5, 5332250.5]}}, {"type": "Feature", "properties": {"h": 26.1}, "geometry": {"type": "Point", "coordinates": [693582.5, 5332251.5]}}, {"type": "Feature", "properties": {"h": 24.5}, "geometry": {"type": "Point", "coordinates": [693589.5, 5332252.5]}}, {"type": "Feature", "properties": {"h": 20.7}, "geometry": {"type": "Point", "coordinates": [693596.5, 5332256.5]}}, {"type": "Feature", "properties": {"h": 13.0}, "geometry": {"type": "Point", "coordinates": [693609.5, 5332251.5]}}, {"type": "Feature", "properties": {"h": 13.9}, "geometry": {"type": "Point", "coordinates": [693612.5, 5332250.5]}}, {"type": "Feature", "properties": {"h": 12.4}, "geometry": {"type": "Point", "coordinates": [693623.5, 5332250.5]}}, {"type": "Feature", "properties": {"h": 12.4}, "geometry": {"type": "Point", "coordinates": [693624.5, 5332250.5]}}, {"type": "Feature", "properties": {"h": 18.6}, "geometry": {"type": "Point", "coordinates": [693686.5, 5332256.5]}}, {"type": "Feature", "properties": {"h": 21.6}, "geometry": {"type": "Point", "coordinates": [693691.5, 5332255.5]}}, {"type": "Feature", "properties": {"h": 20.1}, "geometry": {"type": "Point", "coordinates": [693694.5, 5332256.5]}}, {"type": "Feature", "properties": {"h": 13.8}, "geometry": {"type": "Point", "coordinates": [693510.5, 5332245.5]}}, {"type": "Feature", "properties": {"h": 14.7}, "geometry": {"type": "Point", "coordinates": [693517.5, 5332246.5]}}, {"type": "Feature", "properties": {"h": 14.2}, "geometry": {"type": "Point", "coordinates": [693520.5, 5332243.5]}}, {"type": "Feature", "properties": {"h": 4.1}, "geometry": {"type": "Point", "coordinates": [693526.5, 5332243.5]}}, {"type": "Feature", "properties": {"h": 8.2}, "geometry": {"type": "Point", "coordinates": [693551.5, 5332249.5]}}, {"type": "Feature", "properties": {"h": 21.8}, "geometry": {"type": "Point", "coordinates": [693567.5, 5332247.5]}}, {"type": "Feature", "properties": {"h": 25.4}, "geometry": {"type": "Point", "coordinates": [693574.5, 5332249.5]}}, {"type": "Feature", "properties": {"h": 26.3}, "geometry": {"type": "Point", "coordinates": [693577.5, 5332249.5]}}, {"type": "Feature", "properties": {"h": 25.9}, "geometry": {"type": "Point", "coordinates": [693582.5, 5332249.5]}}, {"type": "Feature", "properties": {"h": 24.1}, "geometry": {"type": "Point", "coordinates": [693589.5, 5332243.5]}}, {"type": "Feature", "properties": {"h": 19.5}, "geometry": {"type": "Point", "coordinates": [693596.5, 5332243.5]}}, {"type": "Feature", "properties": {"h": 12.0}, "geometry": {"type": "Point", "coordinates": [693609.5, 5332249.5]}}, {"type": "Feature", "properties": {"h": 17.8}, "geometry": {"type": "Point", "coordinates": [693615.5, 5332245.5]}}, {"type": "Feature", "properties": {"h": 13.8}, "geometry": {"type": "Point", "coordinates": [693617.5, 5332244.5]}}, {"type": "Feature", "properties": {"h": 13.2}, "geometry": {"type": "Point", "coordinates": [693624.5, 5332248.5]}}, {"type": "Feature", "properties": {"h": 19.6}, "geometry": {"type": "Point", "coordinates": [693685.5, 5332243.5]}}, {"type": "Feature", "properties": {"h": 20.5}, "geometry": {"type": "Point", "coordinates": [693693.5, 5332246.5]}}, {"type": "Feature", "properties": {"h": 20.6}, "geometry": {"type": "Point", "coordinates": [693694.5, 5332245.5]}}, {"type": "Feature", "properties": {"h": 13.3}, "geometry": {"type": "Point", "coordinates": [693511.5, 5332242.5]}}, {"type": "Feature", "properties": {"h": 16.2}, "geometry": {"type": "Point", "coordinates": [693518.5, 5332236.5]}}, {"type": "Feature", "properties": {"h": 15.9}, "geometry": {"type": "Point", "coordinates": [693519.5, 5332236.5]}}, {"type": "Feature", "properties": {"h": 15.2}, "geometry": {"type": "Point", "coordinates": [693532.5, 5332236.5]}}, {"type": "Feature", "properties": {"h": 15.0}, "geometry": {"type": "Point", "coordinates": [693533.5, 5332236.5]}}, {"type": "Feature", "properties": {"h": 11.7}, "geometry": {"type": "Point", "coordinates": [693546.5, 5332238.5]}}, {"type": "Feature", "properties": {"h": 15.8}, "geometry": {"type": "Point", "coordinates": [693553.5, 5332236.5]}}, {"type": "Feature", "properties": {"h": 23.1}, "geometry": {"type": "Point", "coordinates": [693560.5, 5332236.5]}}, {"type": "Feature", "properties": {"h": 23.2}, "geometry": {"type": "Point", "coordinates": [693561.5, 5332236.5]}}, {"type": "Feature", "properties": {"h": 18.6}, "geometry": {"type": "Point", "coordinates": [693573.5, 5332242.5]}}, {"type": "Feature", "properties": {"h": 24.1}, "geometry": {"type": "Point", "coordinates": [693577.5, 5332242.5]}}, {"type": "Feature", "properties": {"h": 24.4}, "geometry": {"type": "Point", "coordinates": [693588.5, 5332242.5]}}, {"type": "Feature", "properties": {"h": 24.3}, "geometry": {"type": "Point", "coordinates": [693589.5, 5332242.5]}}, {"type": "Feature", "properties": {"h": 21.5}, "geometry": {"type": "Point", "coordinates": [693596.5, 5332236.5]}}, {"type": "Feature", "properties": {"h": 16.6}, "geometry": {"type": "Point", "coordinates": [693603.5, 5332238.5]}}, {"type": "Feature", "properties": {"h": 13.1}, "geometry": {"type": "Point", "coordinates": [693616.5, 5332242.5]}}, {"type": "Feature", "properties": {"h": 13.0}, "geometry": {"type": "Point", "coordinates": [693617.5, 5332242.5]}}, {"type": "Feature", "properties": {"h": 8.6}, "geometry": {"type": "Point", "coordinates": [693679.5, 5332238.5]}}, {"type": "Feature", "properties": {"h": 20.5}, "geometry": {"type": "Point", "coordinates": [693686.5, 5332241.5]}}, {"type": "Feature", "properties": {"h": 20.3}, "geometry": {"type": "Point", "coordinates": [693687.5, 5332241.5]}}, {"type": "Feature", "properties": {"h": 19.7}, "geometry": {"type": "Point", "coordinates": [693696.5, 5332241.5]}}, {"type": "Feature", "properties": {"h": 13.4}, "geometry": {"type": "Point", "coordinates": [693701.5, 5332240.5]}}, {"type": "Feature", "properties": {"h": 15.8}, "geometry": {"type": "Point", "coordinates": [693511.5, 5332229.5]}}, {"type": "Feature", "properties": {"h": 17.5}, "geometry": {"type": "Point", "coordinates": [693515.5, 5332229.5]}}, {"type": "Feature", "properties": {"h": 16.5}, "geometry": {"type": "Point", "coordinates": [693519.5, 5332229.5]}}, {"type": "Feature", "properties": {"h": 15.2}, "geometry": {"type": "Point", "coordinates": [693532.5, 5332235.5]}}, {"type": "Feature", "properties": {"h": 15.4}, "geometry": {"type": "Point", "coordinates": [693534.5, 5332233.5]}}, {"type": "Feature", "properties": {"h": 11.2}, "geometry": {"type": "Point", "coordinates": [693546.5, 5332235.5]}}, {"type": "Feature", "properties": {"h": 22.1}, "geometry": {"type": "Point", "coordinates": [693553.5, 5332229.5]}}, {"type": "Feature", "properties": {"h": 24.2}, "geometry": {"type": "Point", "coordinates": [693560.5, 5332232.5]}}, {"type": "Feature", "properties": {"h": 24.3}, "geometry": {"type": "Point", "coordinates": [693561.5, 5332232.5]}}, {"type": "Feature", "properties": {"h": 9.5}, "geometry": {"type": "Point", "coordinates": [693568.5, 5332232.5]}}, {"type": "Feature", "properties": {"h": 23.0}, "geometry": {"type": "Point", "coordinates": [693581.5, 5332229.5]}}, {"type": "Feature", "properties": {"h": 22.4}, "geometry": {"type": "Point", "coordinates": [693582.5, 5332229.5]}}, {"type": "Feature", "properties": {"h": 22.7}, "geometry": {"type": "Point", "coordinates": [693593.5, 5332235.5]}}, {"type": "Feature", "properties": {"h": 21.7}, "geometry": {"type": "Point", "coordinates": [693596.5, 5332235.5]}}, {"type": "Feature", "properties": {"h": 15.9}, "geometry": {"type": "Point", "coordinates": [693603.5, 5332235.5]}}, {"type": "Feature", "properties": {"h": 21.4}, "geometry": {"type": "Point", "coordinates": [693658.5, 5332229.5]}}, {"type": "Feature", "properties": {"h": 21.4}, "geometry": {"type": "Point", "coordinates": [693659.5, 5332229.5]}}, {"type": "Feature", "properties": {"h": 9.0}, "geometry": {"type": "Point", "coordinates": [693678.5, 5332229.5]}}, {"type": "Feature", "properties": {"h": 19.1}, "geometry": {"type": "Point", "coordinates": [693686.5, 5332235.5]}}, {"type": "Feature", "properties": {"h": 19.3}, "geometry": {"type": "Point", "coordinates": [693687.5, 5332235.5]}}, {"type": "Feature", "properties": {"h": 16.2}, "geometry": {"type": "Point", "coordinates": [693694.5, 5332235.5]}}, {"type": "Feature", "properties": {"h": 19.9}, "geometry": {"type": "Point", "coordinates": [693511.5, 5332224.5]}}, {"type": "Feature", "properties": {"h": 19.9}, "geometry": {"type": "Point", "coordinates": [693512.5, 5332223.5]}}, {"type": "Feature", "properties": {"h": 16.3}, "geometry": {"type": "Point", "coordinates": [693519.5, 5332228.5]}}, {"type": "Feature", "properties": {"h": 6.4}, "geometry": {"type": "Point", "coordinates": [693531.5, 5332228.5]}}, {"type": "Feature", "properties": {"h": 13.6}, "geometry": {"type": "Point", "coordinates": [693543.5, 5332222.5]}}, {"type": "Feature", "properties": {"h": 22.5}, "geometry": {"type": "Point", "coordinates": [693552.5, 5332226.5]}}, {"type": "Feature", "properties": {"h": 26.9}, "geometry": {"type": "Point", "coordinates": [693559.5, 5332224.5]}}, {"type": "Feature", "properties": {"h": 25.3}, "geometry": {"type": "Point", "coordinates": [693561.5, 5332224.5]}}, {"type": "Feature", "properties": {"h": 23.8}, "geometry": {"type": "Point", "coordinates": [693574.5, 5332222.5]}}, {"type": "Feature", "properties": {"h": 23.6}, "geometry": {"type": "Point", "coordinates": [693575.5, 5332222.5]}}, {"type": "Feature", "properties": {"h": 22.8}, "geometry": {"type": "Point", "coordinates": [693582.5, 5332225.5]}}, {"type": "Feature", "properties": {"h": 22.4}, "geometry": {"type": "Point", "coordinates": [693590.5, 5332222.5]}}, {"type": "Feature", "properties": {"h": 22.9}, "geometry": {"type": "Point", "coordinates": [693600.5, 5332222.5]}}, {"type": "Feature", "properties": {"h": 14.9}, "geometry": {"type": "Point", "coordinates": [693603.5, 5332222.5]}}, {"type": "Feature", "properties": {"h": 15.8}, "geometry": {"type": "Point", "coordinates": [693623.5, 5332222.5]}}, {"type": "Feature", "properties": {"h": 21.1}, "geometry": {"type": "Point", "coordinates": [693630.5, 5332222.5]}}, {"type": "Feature", "properties": {"h": 23.8}, "geometry": {"type": "Point", "coordinates": [693637.5, 5332222.5]}}, {"type": "Feature", "properties": {"h": 25.2}, "geometry": {"type": "Point", "coordinates": [693641.5, 5332222.5]}}, {"type": "Feature", "properties": {"h": 24.3}, "geometry": {"type": "Point", "coordinates": [693646.5, 5332222.5]}}, {"type": "Feature", "properties": {"h": 25.2}, "geometry": {"type": "Point", "coordinates": [693658.5, 5332223.5]}}, {"type": "Feature", "properties": {"h": 25.2}, "geometry": {"type": "Point", "coordinates": [693659.5, 5332223.5]}}, {"type": "Feature", "properties": {"h": 21.7}, "geometry": {"type": "Point", "coordinates": [693671.5, 5332222.5]}}, {"type": "Feature", "properties": {"h": 21.5}, "geometry": {"type": "Point", "coordinates": [693673.5, 5332222.5]}}, {"type": "Feature", "properties": {"h": 15.5}, "geometry": {"type": "Point", "coordinates": [693685.5, 5332224.5]}}, {"type": "Feature", "properties": {"h": 16.4}, "geometry": {"type": "Point", "coordinates": [693691.5, 5332222.5]}}, {"type": "Feature", "properties": {"h": 13.1}, "geometry": {"type": "Point", "coordinates": [693694.5, 5332222.5]}}, {"type": "Feature", "properties": {"h": 10.2}, "geometry": {"type": "Point", "coordinates": [693701.5, 5332227.5]}}, {"type": "Feature", "properties": {"h": 20.1}, "geometry": {"type": "Point", "coordinates": [693514.5, 5332220.5]}}, {"type": "Feature", "properties": {"h": 14.3}, "geometry": {"type": "Point", "coordinates": [693520.5, 5332215.5]}}, {"type": "Feature", "properties": {"h": 9.3}, "geometry": {"type": "Point", "coordinates": [693532.5, 5332216.5]}}, {"type": "Feature", "properties": {"h": 13.7}, "geometry": {"type": "Point", "coordinates": [693539.5, 5332217.5]}}, {"type": "Feature", "properties": {"h": 17.1}, "geometry": {"type": "Point", "coordinates": [693544.5, 5332218.5]}}, {"type": "Feature", "properties": {"h": 20.9}, "geometry": {"type": "Point", "coordinates": [693553.5, 5332215.5]}}, {"type": "Feature", "properties": {"h": 24.5}, "geometry": {"type": "Point", "coordinates": [693560.5, 5332221.5]}}, {"type": "Feature", "properties": {"h": 25.8}, "geometry": {"type": "Point", "coordinates": [693565.5, 5332216.5]}}, {"type": "Feature", "properties": {"h": 26.0}, "geometry": {"type": "Point", "coordinates": [693572.5, 5332217.5]}}, {"type": "Feature", "properties": {"h": 25.7}, "geometry": {"type": "Point", "coordinates": [693575.5, 5332215.5]}}, {"type": "Feature", "properties": {"h": 23.6}, "geometry": {"type": "Point", "coordinates": [693588.5, 5332215.5]}}, {"type": "Feature", "properties": {"h": 24.3}, "geometry": {"type": "Point", "coordinates": [693595.5, 5332215.5]}}, {"type": "Feature", "properties": {"h": 25.3}, "geometry": {"type": "Point", "coordinates": [693599.5, 5332215.5]}}, {"type": "Feature", "properties": {"h": 25.7}, "geometry": {"type": "Point", "coordinates": [693605.5, 5332215.5]}}, {"type": "Feature", "properties": {"h": 24.8}, "geometry": {"type": "Point", "coordinates": [693610.5, 5332215.5]}}, {"type": "Feature", "properties": {"h": 17.7}, "geometry": {"type": "Point", "coordinates": [693623.5, 5332220.5]}}, {"type": "Feature", "properties": {"h": 25.8}, "geometry": {"type": "Point", "coordinates": [693630.5, 5332216.5]}}, {"type": "Feature", "properties": {"h": 26.8}, "geometry": {"type": "Point", "coordinates": [693637.5, 5332215.5]}}, {"type": "Feature", "properties": {"h": 28.0}, "geometry": {"type": "Point", "coordinates": [693642.5, 5332215.5]}}, {"type": "Feature", "properties": {"h": 27.6}, "geometry": {"type": "Point", "coordinates": [693645.5, 5332215.5]}}, {"type": "Feature", "properties": {"h": 25.6}, "geometry": {"type": "Point", "coordinates": [693652.5, 5332215.5]}}, {"type": "Feature", "properties": {"h": 25.0}, "geometry": {"type": "Point", "coordinates": [693661.5, 5332221.5]}}, {"type": "Feature", "properties": {"h": 22.1}, "geometry": {"type": "Point", "coordinates": [693670.5, 5332217.5]}}, {"type": "Feature", "properties": {"h": 21.4}, "geometry": {"type": "Point", "coordinates": [693673.5, 5332221.5]}}, {"type": "Feature", "properties": {"h": 19.5}, "geometry": {"type": "Point", "coordinates": [693686.5, 5332216.5]}}, {"type": "Feature", "properties": {"h": 21.6}, "geometry": {"type": "Point", "coordinates": [693690.5, 5332215.5]}}, {"type": "Feature", "properties": {"h": 20.7}, "geometry": {"type": "Point", "coordinates": [693694.5, 5332215.5]}}, {"type": "Feature", "properties": {"h": 14.9}, "geometry": {"type": "Point", "coordinates": [693701.5, 5332215.5]}}, {"type": "Feature", "properties": {"h": 15.9}, "geometry": {"type": "Point", "coordinates": [693518.5, 5332212.5]}}, {"type": "Feature", "properties": {"h": 17.0}, "geometry": {"type": "Point", "coordinates": [693523.5, 5332208.5]}}, {"type": "Feature", "properties": {"h": 20.2}, "geometry": {"type": "Point", "coordinates": [693531.5, 5332208.5]}}, {"type": "Feature", "properties": {"h": 19.3}, "geometry": {"type": "Point", "coordinates": [693533.5, 5332208.5]}}, {"type": "Feature", "properties": {"h": 20.7}, "geometry": {"type": "Point", "coordinates": [693546.5, 5332209.5]}}, {"type": "Feature", "properties": {"h": 22.5}, "geometry": {"type": "Point", "coordinates": [693553.5, 5332212.5]}}, {"type": "Feature", "properties": {"h": 22.9}, "geometry": {"type": "Point", "coordinates": [693555.5, 5332213.5]}}, {"type": "Feature", "properties": {"h": 26.4}, "geometry": {"type": "Point", "coordinates": [693564.5, 5332213.5]}}, {"type": "Feature", "properties": {"h": 25.5}, "geometry": {"type": "Point", "coordinates": [693574.5, 5332214.5]}}, {"type": "Feature", "properties": {"h": 25.7}, "geometry": {"type": "Point", "coordinates": [693575.5, 5332214.5]}}, {"type": "Feature", "properties": {"h": 24.8}, "geometry": {"type": "Point", "coordinates": [693586.5, 5332211.5]}}, {"type": "Feature", "properties": {"h": 25.5}, "geometry": {"type": "Point", "coordinates": [693595.5, 5332213.5]}}, {"type": "Feature", "properties": {"h": 26.8}, "geometry": {"type": "Point", "coordinates": [693600.5, 5332212.5]}}, {"type": "Feature", "properties": {"h": 25.8}, "geometry": {"type": "Point", "coordinates": [693605.5, 5332214.5]}}, {"type": "Feature", "properties": {"h": 24.7}, "geometry": {"type": "Point", "coordinates": [693610.5, 5332210.5]}}, {"type": "Feature", "properties": {"h": 25.7}, "geometry": {"type": "Point", "coordinates": [693622.5, 5332208.5]}}, {"type": "Feature", "properties": {"h": 25.2}, "geometry": {"type": "Point", "coordinates": [693630.5, 5332214.5]}}, {"type": "Feature", "properties": {"h": 27.1}, "geometry": {"type": "Point", "coordinates": [693637.5, 5332213.5]}}, {"type": "Feature", "properties": {"h": 28.3}, "geometry": {"type": "Point", "coordinates": [693641.5, 5332213.5]}}, {"type": "Feature", "properties": {"h": 27.5}, "geometry": {"type": "Point", "coordinates": [693650.5, 5332209.5]}}, {"type": "Feature", "properties": {"h": 27.2}, "geometry": {"type": "Point", "coordinates": [693652.5, 5332209.5]}}, {"type": "Feature", "properties": {"h": 20.4}, "geometry": {"type": "Point", "coordinates": [693662.5, 5332208.5]}}, {"type": "Feature", "properties": {"h": 20.7}, "geometry": {"type": "Point", "coordinates": [693670.5, 5332214.5]}}, {"type": "Feature", "properties": {"h": 20.3}, "geometry": {"type": "Point", "coordinates": [693676.5, 5332211.5]}}, {"type": "Feature", "properties": {"h": 20.0}, "geometry": {"type": "Point", "coordinates": [693680.5, 5332210.5]}}, {"type": "Feature", "properties": {"h": 21.8}, "geometry": {"type": "Point", "coordinates": [693690.5, 5332214.5]}}, {"type": "Feature", "properties": {"h": 21.0}, "geometry": {"type": "Point", "coordinates": [693694.5, 5332212.5]}}, {"type": "Feature", "properties": {"h": 15.0}, "geometry": {"type": "Point", "coordinates": [693701.5, 5332214.5]}}, {"type": "Feature", "properties": {"h": 17.7}, "geometry": {"type": "Point", "coordinates": [693514.5, 5332201.5]}}, {"type": "Feature", "properties": {"h": 19.2}, "geometry": {"type": "Point", "coordinates": [693524.5, 5332201.5]}}, {"type": "Feature", "properties": {"h": 21.8}, "geometry": {"type": "Point", "coordinates": [693530.5, 5332204.5]}}, {"type": "Feature", "properties": {"h": 20.1}, "geometry": {"type": "Point", "coordinates": [693533.5, 5332201.5]}}, {"type": "Feature", "properties": {"h": 23.8}, "geometry": {"type": "Point", "coordinates": [693546.5, 5332201.5]}}, {"type": "Feature", "properties": {"h": 26.5}, "geometry": {"type": "Point", "coordinates": [693553.5, 5332202.5]}}, {"type": "Feature", "properties": {"h": 26.2}, "geometry": {"type": "Point", "coordinates": [693554.5, 5332202.5]}}, {"type": "Feature", "properties": {"h": 24.7}, "geometry": {"type": "Point", "coordinates": [693567.5, 5332204.5]}}, {"type": "Feature", "properties": {"h": 24.8}, "geometry": {"type": "Point", "coordinates": [693568.5, 5332205.5]}}, {"type": "Feature", "properties": {"h": 21.0}, "geometry": {"type": "Point", "coordinates": [693575.5, 5332201.5]}}, {"type": "Feature", "properties": {"h": 23.7}, "geometry": {"type": "Point", "coordinates": [693587.5, 5332205.5]}}, {"type": "Feature", "properties": {"h": 23.7}, "geometry": {"type": "Point", "coordinates": [693592.5, 5332202.5]}}, {"type": "Feature", "properties": {"h": 22.2}, "geometry": {"type": "Point", "coordinates": [693596.5, 5332207.5]}}, {"type": "Feature", "properties": {"h": 23.8}, "geometry": {"type": "Point", "coordinates": [693608.5, 5332207.5]}}, {"type": "Feature", "properties": {"h": 23.0}, "geometry": {"type": "Point", "coordinates": [693610.5, 5332207.5]}}, {"type": "Feature", "properties": {"h": 25.5}, "geometry": {"type": "Point", "coordinates": [693622.5, 5332207.5]}}, {"type": "Feature", "properties": {"h": 24.9}, "geometry": {"type": "Point", "coordinates": [693624.5, 5332207.5]}}, {"type": "Feature", "properties": {"h": 28.2}, "geometry": {"type": "Point", "coordinates": [693637.5, 5332202.5]}}, {"type": "Feature", "properties": {"h": 27.8}, "geometry": {"type": "Point", "coordinates": [693638.5, 5332201.5]}}, {"type": "Feature", "properties": {"h": 27.0}, "geometry": {"type": "Point", "coordinates": [693650.5, 5332207.5]}}, {"type": "Feature", "properties": {"h": 26.8}, "geometry": {"type": "Point", "coordinates": [693652.5, 5332207.5]}}, {"type": "Feature", "properties": {"h": 25.2}, "geometry": {"type": "Point", "coordinates": [693659.5, 5332202.5]}}, {"type": "Feature", "properties": {"h": 20.0}, "geometry": {"type": "Point", "coordinates": [693672.5, 5332206.5]}}, {"type": "Feature", "properties": {"h": 20.2}, "geometry": {"type": "Point", "coordinates": [693675.5, 5332207.5]}}, {"type": "Feature", "properties": {"h": 20.3}, "geometry": {"type": "Point", "coordinates": [693686.5, 5332201.5]}}, {"type": "Feature", "properties": {"h": 22.4}, "geometry": {"type": "Point", "coordinates": [693690.5, 5332204.5]}}, {"type": "Feature", "properties": {"h": 21.2}, "geometry": {"type": "Point", "coordinates": [693694.5, 5332205.5]}}, {"type": "Feature", "properties": {"h": 11.8}, "geometry": {"type": "Point", "coordinates": [693701.5, 5332206.5]}}, {"type": "Feature", "properties": {"h": 12.4}, "geometry": {"type": "Point", "coordinates": [692096.5, 5332194.5]}}, {"type": "Feature", "properties": {"h": 10.6}, "geometry": {"type": "Point", "coordinates": [692098.5, 5332194.5]}}, {"type": "Feature", "properties": {"h": 17.5}, "geometry": {"type": "Point", "coordinates": [693514.5, 5332200.5]}}, {"type": "Feature", "properties": {"h": 21.1}, "geometry": {"type": "Point", "coordinates": [693524.5, 5332198.5]}}, {"type": "Feature", "properties": {"h": 20.9}, "geometry": {"type": "Point", "coordinates": [693531.5, 5332200.5]}}, {"type": "Feature", "properties": {"h": 23.8}, "geometry": {"type": "Point", "coordinates": [693537.5, 5332194.5]}}, {"type": "Feature", "properties": {"h": 25.3}, "geometry": {"type": "Point", "coordinates": [693546.5, 5332198.5]}}, {"type": "Feature", "properties": {"h": 26.0}, "geometry": {"type": "Point", "coordinates": [693553.5, 5332200.5]}}, {"type": "Feature", "properties": {"h": 26.0}, "geometry": {"type": "Point", "coordinates": [693554.5, 5332200.5]}}, {"type": "Feature", "properties": {"h": 23.3}, "geometry": {"type": "Point", "coordinates": [693567.5, 5332200.5]}}, {"type": "Feature", "properties": {"h": 24.5}, "geometry": {"type": "Point", "coordinates": [693570.5, 5332194.5]}}, {"type": "Feature", "properties": {"h": 24.0}, "geometry": {"type": "Point", "coordinates": [693579.5, 5332194.5]}}, {"type": "Feature", "properties": {"h": 12.5}, "geometry": {"type": "Point", "coordinates": [693588.5, 5332200.5]}}, {"type": "Feature", "properties": {"h": 21.2}, "geometry": {"type": "Point", "coordinates": [693591.5, 5332200.5]}}, {"type": "Feature", "properties": {"h": 13.6}, "geometry": {"type": "Point", "coordinates": [693596.5, 5332200.5]}}, {"type": "Feature", "properties": {"h": 3.5}, "geometry": {"type": "Point", "coordinates": [693608.5, 5332200.5]}}, {"type": "Feature", "properties": {"h": 21.9}, "geometry": {"type": "Point", "coordinates": [693630.5, 5332200.5]}}, {"type": "Feature", "properties": {"h": 27.8}, "geometry": {"type": "Point", "coordinates": [693637.5, 5332200.5]}}, {"type": "Feature", "properties": {"h": 27.5}, "geometry": {"type": "Point", "coordinates": [693638.5, 5332200.5]}}, {"type": "Feature", "properties": {"h": 26.1}, "geometry": {"type": "Point", "coordinates": [693645.5, 5332200.5]}}, {"type": "Feature", "properties": {"h": 25.2}, "geometry": {"type": "Point", "coordinates": [693654.5, 5332200.5]}}, {"type": "Feature", "properties": {"h": 24.1}, "geometry": {"type": "Point", "coordinates": [693659.5, 5332200.5]}}, {"type": "Feature", "properties": {"h": 12.9}, "geometry": {"type": "Point", "coordinates": [693667.5, 5332200.5]}}, {"type": "Feature", "properties": {"h": 12.8}, "geometry": {"type": "Point", "coordinates": [693674.5, 5332200.5]}}, {"type": "Feature", "properties": {"h": 20.3}, "geometry": {"type": "Point", "coordinates": [693686.5, 5332200.5]}}, {"type": "Feature", "properties": {"h": 21.5}, "geometry": {"type": "Point", "coordinates": [693690.5, 5332200.5]}}, {"type": "Feature", "properties": {"h": 18.9}, "geometry": {"type": "Point", "coordinates": [693694.5, 5332200.5]}}, {"type": "Feature", "properties": {"h": 8.7}, "geometry": {"type": "Point", "coordinates": [693701.5, 5332200.5]}}, {"type": "Feature", "properties": {"h": 10.4}, "geometry": {"type": "Point", "coordinates": [692090.5, 5332187.5]}}, {"type": "Feature", "properties": {"h": 12.7}, "geometry": {"type": "Point", "coordinates": [692095.5, 5332193.5]}}, {"type": "Feature", "properties": {"h": 11.1}, "geometry": {"type": "Point", "coordinates": [692098.5, 5332192.5]}}, {"type": "Feature", "properties": {"h": 13.8}, "geometry": {"type": "Point", "coordinates": [692108.5, 5332187.5]}}, {"type": "Feature", "properties": {"h": 10.6}, "geometry": {"type": "Point", "coordinates": [692112.5, 5332187.5]}}, {"type": "Feature", "properties": {"h": 13.4}, "geometry": {"type": "Point", "coordinates": [693516.5, 5332193.5]}}, {"type": "Feature", "properties": {"h": 16.8}, "geometry": {"type": "Point", "coordinates": [693522.5, 5332193.5]}}, {"type": "Feature", "properties": {"h": 18.2}, "geometry": {"type": "Point", "coordinates": [693532.5, 5332193.5]}}, {"type": "Feature", "properties": {"h": 23.2}, "geometry": {"type": "Point", "coordinates": [693537.5, 5332193.5]}}, {"type": "Feature", "properties": {"h": 24.9}, "geometry": {"type": "Point", "coordinates": [693546.5, 5332189.5]}}, {"type": "Feature", "properties": {"h": 26.1}, "geometry": {"type": "Point", "coordinates": [693551.5, 5332189.5]}}, {"type": "Feature", "properties": {"h": 24.4}, "geometry": {"type": "Point", "coordinates": [693554.5, 5332188.5]}}, {"type": "Feature", "properties": {"h": 26.1}, "geometry": {"type": "Point", "coordinates": [693564.5, 5332187.5]}}, {"type": "Feature", "properties": {"h": 25.5}, "geometry": {"type": "Point", "coordinates": [693568.5, 5332187.5]}}, {"type": "Feature", "properties": {"h": 25.2}, "geometry": {"type": "Point", "coordinates": [693577.5, 5332192.5]}}, {"type": "Feature", "properties": {"h": 5.6}, "geometry": {"type": "Point", "coordinates": [693622.5, 5332187.5]}}, {"type": "Feature", "properties": {"h": 22.6}, "geometry": {"type": "Point", "coordinates": [693629.5, 5332187.5]}}, {"type": "Feature", "properties": {"h": 24.8}, "geometry": {"type": "Point", "coordinates": [693637.5, 5332187.5]}}, {"type": "Feature", "properties": {"h": 25.5}, "geometry": {"type": "Point", "coordinates": [693638.5, 5332187.5]}}, {"type": "Feature", "properties": {"h": 22.4}, "geometry": {"type": "Point", "coordinates": [693650.5, 5332193.5]}}, {"type": "Feature", "properties": {"h": 25.8}, "geometry": {"type": "Point", "coordinates": [693654.5, 5332187.5]}}, {"type": "Feature", "properties": {"h": 15.7}, "geometry": {"type": "Point", "coordinates": [693661.5, 5332193.5]}}, {"type": "Feature", "properties": {"h": 9.7}, "geometry": {"type": "Point", "coordinates": [693670.5, 5332193.5]}}, {"type": "Feature", "properties": {"h": 8.0}, "geometry": {"type": "Point", "coordinates": [693673.5, 5332193.5]}}, {"type": "Feature", "properties": {"h": 9.6}, "geometry": {"type": "Point", "coordinates": [693700.5, 5332187.5]}}, {"type": "Feature", "properties": {"h": 10.6}, "geometry": {"type": "Point", "coordinates": [693703.5, 5332187.5]}}, {"type": "Feature", "properties": {"h": 3.9}, "geometry": {"type": "Point", "coordinates": [693708.5, 5332188.5]}}, {"type": "Feature", "properties": {"h": 10.0}, "geometry": {"type": "Point", "coordinates": [692083.5, 5332180.5]}}, {"type": "Feature", "properties": {"h": 16.4}, "geometry": {"type": "Point", "coordinates": [692090.5, 5332183.5]}}, {"type": "Feature", "properties": {"h": 16.5}, "geometry": {"type": "Point", "coordinates": [692091.5, 5332183.5]}}, {"type": "Feature", "properties": {"h": 4.7}, "geometry": {"type": "Point", "coordinates": [692104.5, 5332186.5]}}, {"type": "Feature", "properties": {"h": 13.9}, "geometry": {"type": "Point", "coordinates": [692108.5, 5332186.5]}}, {"type": "Feature", "properties": {"h": 12.0}, "geometry": {"type": "Point", "coordinates": [692112.5, 5332185.5]}}, {"type": "Feature", "properties": {"h": 11.8}, "geometry": {"type": "Point", "coordinates": [692125.5, 5332180.5]}}, {"type": "Feature", "properties": {"h": 12.7}, "geometry": {"type": "Point", "coordinates": [692128.5, 5332182.5]}}, {"type": "Feature", "properties": {"h": 4.4}, "geometry": {"type": "Point", "coordinates": [692133.5, 5332180.5]}}, {"type": "Feature", "properties": {"h": 7.6}, "geometry": {"type": "Point", "coordinates": [692141.5, 5332180.5]}}, {"type": "Feature", "properties": {"h": 16.8}, "geometry": {"type": "Point", "coordinates": [693518.5, 5332181.5]}}, {"type": "Feature", "properties": {"h": 17.8}, "geometry": {"type": "Point", "coordinates": [693521.5, 5332180.5]}}, {"type": "Feature", "properties": {"h": 21.8}, "geometry": {"type": "Point", "coordinates": [693529.5, 5332183.5]}}, {"type": "Feature", "properties": {"h": 20.9}, "geometry": {"type": "Point", "coordinates": [693536.5, 5332182.5]}}, {"type": "Feature", "properties": {"h": 24.0}, "geometry": {"type": "Point", "coordinates": [693546.5, 5332186.5]}}, {"type": "Feature", "properties": {"h": 25.4}, "geometry": {"type": "Point", "coordinates": [693551.5, 5332186.5]}}, {"type": "Feature", "properties": {"h": 24.2}, "geometry": {"type": "Point", "coordinates": [693554.5, 5332186.5]}}, {"type": "Feature", "properties": {"h": 26.1}, "geometry": {"type": "Point", "coordinates": [693564.5, 5332186.5]}}, {"type": "Feature", "properties": {"h": 25.6}, "geometry": {"type": "Point", "coordinates": [693568.5, 5332186.5]}}, {"type": "Feature", "properties": {"h": 20.9}, "geometry": {"type": "Point", "coordinates": [693575.5, 5332184.5]}}, {"type": "Feature", "properties": {"h": 11.8}, "geometry": {"type": "Point", "coordinates": [693623.5, 5332185.5]}}, {"type": "Feature", "properties": {"h": 25.4}, "geometry": {"type": "Point", "coordinates": [693630.5, 5332181.5]}}, {"type": "Feature", "properties": {"h": 28.5}, "geometry": {"type": "Point", "coordinates": [693636.5, 5332182.5]}}, {"type": "Feature", "properties": {"h": 27.5}, "geometry": {"type": "Point", "coordinates": [693638.5, 5332180.5]}}, {"type": "Feature", "properties": {"h": 28.0}, "geometry": {"type": "Point", "coordinates": [693650.5, 5332180.5]}}, {"type": "Feature", "properties": {"h": 27.4}, "geometry": {"type": "Point", "coordinates": [693652.5, 5332180.5]}}, {"type": "Feature", "properties": {"h": 4.9}, "geometry": {"type": "Point", "coordinates": [693659.5, 5332182.5]}}, {"type": "Feature", "properties": {"h": 10.0}, "geometry": {"type": "Point", "coordinates": [693700.5, 5332185.5]}}, {"type": "Feature", "properties": {"h": 16.7}, "geometry": {"type": "Point", "coordinates": [693707.5, 5332180.5]}}, {"type": "Feature", "properties": {"h": 16.6}, "geometry": {"type": "Point", "coordinates": [693708.5, 5332180.5]}}, {"type": "Feature", "properties": {"h": 15.1}, "geometry": {"type": "Point", "coordinates": [692083.5, 5332176.5]}}, {"type": "Feature", "properties": {"h": 16.0}, "geometry": {"type": "Point", "coordinates": [692085.5, 5332176.5]}}, {"type": "Feature", "properties": {"h": 14.1}, "geometry": {"type": "Point", "coordinates": [692091.5, 5332179.5]}}, {"type": "Feature", "properties": {"h": 9.8}, "geometry": {"type": "Point", "coordinates": [692118.5, 5332173.5]}}, {"type": "Feature", "properties": {"h": 11.6}, "geometry": {"type": "Point", "coordinates": [692125.5, 5332179.5]}}, {"type": "Feature", "properties": {"h": 10.8}, "geometry": {"type": "Point", "coordinates": [692126.5, 5332179.5]}}, {"type": "Feature", "properties": {"h": 9.6}, "geometry": {"type": "Point", "coordinates": [692144.5, 5332179.5]}}, {"type": "Feature", "properties": {"h": 8.7}, "geometry": {"type": "Point", "coordinates": [692153.5, 5332176.5]}}, {"type": "Feature", "properties": {"h": 10.1}, "geometry": {"type": "Point", "coordinates": [692156.5, 5332175.5]}}, {"type": "Feature", "properties": {"h": 8.0}, "geometry": {"type": "Point", "coordinates": [692163.5, 5332173.5]}}, {"type": "Feature", "properties": {"h": 16.3}, "geometry": {"type": "Point", "coordinates": [693518.5, 5332179.5]}}, {"type": "Feature", "properties": {"h": 20.1}, "geometry": {"type": "Point", "coordinates": [693523.5, 5332173.5]}}, {"type": "Feature", "properties": {"h": 17.9}, "geometry": {"type": "Point", "coordinates": [693532.5, 5332179.5]}}, {"type": "Feature", "properties": {"h": 20.3}, "geometry": {"type": "Point", "coordinates": [693539.5, 5332179.5]}}, {"type": "Feature", "properties": {"h": 20.4}, "geometry": {"type": "Point", "coordinates": [693540.5, 5332179.5]}}, {"type": "Feature", "properties": {"h": 10.3}, "geometry": {"type": "Point", "coordinates": [693547.5, 5332173.5]}}, {"type": "Feature", "properties": {"h": 10.4}, "geometry": {"type": "Point", "coordinates": [693557.5, 5332179.5]}}, {"type": "Feature", "properties": {"h": 20.9}, "geometry": {"type": "Point", "coordinates": [693567.5, 5332179.5]}}, {"type": "Feature", "properties": {"h": 21.0}, "geometry": {"type": "Point", "coordinates": [693568.5, 5332179.5]}}, {"type": "Feature", "properties": {"h": 16.2}, "geometry": {"type": "Point", "coordinates": [693575.5, 5332179.5]}}, {"type": "Feature", "properties": {"h": 25.6}, "geometry": {"type": "Point", "coordinates": [693623.5, 5332173.5]}}, {"type": "Feature", "properties": {"h": 28.8}, "geometry": {"type": "Point", "coordinates": [693628.5, 5332178.5]}}, {"type": "Feature", "properties": {"h": 28.5}, "geometry": {"type": "Point", "coordinates": [693633.5, 5332177.5]}}, {"type": "Feature", "properties": {"h": 27.7}, "geometry": {"type": "Point", "coordinates": [693638.5, 5332179.5]}}, {"type": "Feature", "properties": {"h": 28.0}, "geometry": {"type": "Point", "coordinates": [693651.5, 5332179.5]}}, {"type": "Feature", "properties": {"h": 27.2}, "geometry": {"type": "Point", "coordinates": [693652.5, 5332179.5]}}, {"type": "Feature", "properties": {"h": 12.2}, "geometry": {"type": "Point", "coordinates": [693659.5, 5332173.5]}}, {"type": "Feature", "properties": {"h": 9.8}, "geometry": {"type": "Point", "coordinates": [693700.5, 5332179.5]}}, {"type": "Feature", "properties": {"h": 16.7}, "geometry": {"type": "Point", "coordinates": [693706.5, 5332179.5]}}, {"type": "Feature", "properties": {"h": 16.5}, "geometry": {"type": "Point", "coordinates": [693708.5, 5332179.5]}}, {"type": "Feature", "properties": {"h": 10.2}, "geometry": {"type": "Point", "coordinates": [692076.5, 5332167.5]}}, {"type": "Feature", "properties": {"h": 12.4}, "geometry": {"type": "Point", "coordinates": [692078.5, 5332168.5]}}, {"type": "Feature", "properties": {"h": 11.0}, "geometry": {"type": "Point", "coordinates": [692087.5, 5332166.5]}}, {"type": "Feature", "properties": {"h": 10.8}, "geometry": {"type": "Point", "coordinates": [692092.5, 5332166.5]}}, {"type": "Feature", "properties": {"h": 10.1}, "geometry": {"type": "Point", "coordinates": [692098.5, 5332166.5]}}, {"type": "Feature", "properties": {"h": 4.8}, "geometry": {"type": "Point", "coordinates": [692107.5, 5332169.5]}}, {"type": "Feature", "properties": {"h": 10.2}, "geometry": {"type": "Point", "coordinates": [692118.5, 5332172.5]}}, {"type": "Feature", "properties": {"h": 11.9}, "geometry": {"type": "Point", "coordinates": [692120.5, 5332171.5]}}, {"type": "Feature", "properties": {"h": 7.4}, "geometry": {"type": "Point", "coordinates": [692156.5, 5332172.5]}}, {"type": "Feature", "properties": {"h": 3.7}, "geometry": {"type": "Point", "coordinates": [692164.5, 5332172.5]}}, {"type": "Feature", "properties": {"h": 8.4}, "geometry": {"type": "Point", "coordinates": [692172.5, 5332170.5]}}, {"type": "Feature", "properties": {"h": 5.4}, "geometry": {"type": "Point", "coordinates": [692175.5, 5332169.5]}}, {"type": "Feature", "properties": {"h": 4.9}, "geometry": {"type": "Point", "coordinates": [692182.5, 5332167.5]}}, {"type": "Feature", "properties": {"h": 13.8}, "geometry": {"type": "Point", "coordinates": [693518.5, 5332172.5]}}, {"type": "Feature", "properties": {"h": 23.7}, "geometry": {"type": "Point", "coordinates": [693524.5, 5332172.5]}}, {"type": "Feature", "properties": {"h": 17.8}, "geometry": {"type": "Point", "coordinates": [693526.5, 5332170.5]}}, {"type": "Feature", "properties": {"h": 15.2}, "geometry": {"type": "Point", "coordinates": [693537.5, 5332168.5]}}, {"type": "Feature", "properties": {"h": 20.6}, "geometry": {"type": "Point", "coordinates": [693545.5, 5332166.5]}}, {"type": "Feature", "properties": {"h": 24.6}, "geometry": {"type": "Point", "coordinates": [693553.5, 5332166.5]}}, {"type": "Feature", "properties": {"h": 18.1}, "geometry": {"type": "Point", "coordinates": [693554.5, 5332166.5]}}, {"type": "Feature", "properties": {"h": 22.7}, "geometry": {"type": "Point", "coordinates": [693595.5, 5332167.5]}}, {"type": "Feature", "properties": {"h": 24.1}, "geometry": {"type": "Point", "coordinates": [693602.5, 5332167.5]}}, {"type": "Feature", "properties": {"h": 24.5}, "geometry": {"type": "Point", "coordinates": [693603.5, 5332168.5]}}, {"type": "Feature", "properties": {"h": 14.3}, "geometry": {"type": "Point", "coordinates": [693616.5, 5332166.5]}}, {"type": "Feature", "properties": {"h": 28.5}, "geometry": {"type": "Point", "coordinates": [693622.5, 5332169.5]}}, {"type": "Feature", "properties": {"h": 28.0}, "geometry": {"type": "Point", "coordinates": [693624.5, 5332169.5]}}, {"type": "Feature", "properties": {"h": 7.2}, "geometry": {"type": "Point", "coordinates": [693631.5, 5332168.5]}}, {"type": "Feature", "properties": {"h": 10.7}, "geometry": {"type": "Point", "coordinates": [693644.5, 5332168.5]}}, {"type": "Feature", "properties": {"h": 21.2}, "geometry": {"type": "Point", "coordinates": [693650.5, 5332168.5]}}, {"type": "Feature", "properties": {"h": 18.2}, "geometry": {"type": "Point", "coordinates": [693656.5, 5332170.5]}}, {"type": "Feature", "properties": {"h": 14.9}, "geometry": {"type": "Point", "coordinates": [693659.5, 5332170.5]}}, {"type": "Feature", "properties": {"h": 5.8}, "geometry": {"type": "Point", "coordinates": [693672.5, 5332166.5]}}, {"type": "Feature", "properties": {"h": 10.2}, "geometry": {"type": "Point", "coordinates": [693678.5, 5332166.5]}}, {"type": "Feature", "properties": {"h": 3.3}, "geometry": {"type": "Point", "coordinates": [693680.5, 5332166.5]}}, {"type": "Feature", "properties": {"h": 13.2}, "geometry": {"type": "Point", "coordinates": [693706.5, 5332171.5]}}, {"type": "Feature", "properties": {"h": 12.8}, "geometry": {"type": "Point", "coordinates": [693708.5, 5332168.5]}}, {"type": "Feature", "properties": {"h": 9.7}, "geometry": {"type": "Point", "coordinates": [692076.5, 5332165.5]}}, {"type": "Feature", "properties": {"h": 8.8}, "geometry": {"type": "Point", "coordinates": [692077.5, 5332165.5]}}, {"type": "Feature", "properties": {"h": 16.6}, "geometry": {"type": "Point", "coordinates": [692090.5, 5332162.5]}}, {"type": "Feature", "properties": {"h": 16.3}, "geometry": {"type": "Point", "coordinates": [692091.5, 5332161.5]}}, {"type": "Feature", "properties": {"h": 14.7}, "geometry": {"type": "Point", "coordinates": [692102.5, 5332159.5]}}, {"type": "Feature", "properties": {"h": 15.1}, "geometry": {"type": "Point", "coordinates": [692111.5, 5332159.5]}}, {"type": "Feature", "properties": {"h": 15.0}, "geometry": {"type": "Point", "coordinates": [692112.5, 5332159.5]}}, {"type": "Feature", "properties": {"h": 11.3}, "geometry": {"type": "Point", "coordinates": [692119.5, 5332163.5]}}, {"type": "Feature", "properties": {"h": 3.3}, "geometry": {"type": "Point", "coordinates": [692126.5, 5332159.5]}}, {"type": "Feature", "properties": {"h": 6.3}, "geometry": {"type": "Point", "coordinates": [692181.5, 5332161.5]}}, {"type": "Feature", "properties": {"h": 8.1}, "geometry": {"type": "Point", "coordinates": [692188.5, 5332159.5]}}, {"type": "Feature", "properties": {"h": 8.3}, "geometry": {"type": "Point", "coordinates": [692189.5, 5332159.5]}}, {"type": "Feature", "properties": {"h": 12.6}, "geometry": {"type": "Point", "coordinates": [693518.5, 5332164.5]}}, {"type": "Feature", "properties": {"h": 15.7}, "geometry": {"type": "Point", "coordinates": [693524.5, 5332163.5]}}, {"type": "Feature", "properties": {"h": 16.8}, "geometry": {"type": "Point", "coordinates": [693532.5, 5332161.5]}}, {"type": "Feature", "properties": {"h": 17.3}, "geometry": {"type": "Point", "coordinates": [693534.5, 5332161.5]}}, {"type": "Feature", "properties": {"h": 24.6}, "geometry": {"type": "Point", "coordinates": [693546.5, 5332159.5]}}, {"type": "Feature", "properties": {"h": 26.6}, "geometry": {"type": "Point", "coordinates": [693552.5, 5332162.5]}}, {"type": "Feature", "properties": {"h": 25.5}, "geometry": {"type": "Point", "coordinates": [693554.5, 5332164.5]}}, {"type": "Feature", "properties": {"h": 7.9}, "geometry": {"type": "Point", "coordinates": [693588.5, 5332159.5]}}, {"type": "Feature", "properties": {"h": 21.5}, "geometry": {"type": "Point", "coordinates": [693595.5, 5332165.5]}}, {"type": "Feature", "properties": {"h": 23.8}, "geometry": {"type": "Point", "coordinates": [693602.5, 5332165.5]}}, {"type": "Feature", "properties": {"h": 25.9}, "geometry": {"type": "Point", "coordinates": [693606.5, 5332164.5]}}, {"type": "Feature", "properties": {"h": 24.9}, "geometry": {"type": "Point", "coordinates": [693616.5, 5332161.5]}}, {"type": "Feature", "properties": {"h": 25.5}, "geometry": {"type": "Point", "coordinates": [693617.5, 5332160.5]}}, {"type": "Feature", "properties": {"h": 24.9}, "geometry": {"type": "Point", "coordinates": [693626.5, 5332165.5]}}, {"type": "Feature", "properties": {"h": 23.0}, "geometry": {"type": "Point", "coordinates": [693631.5, 5332159.5]}}, {"type": "Feature", "properties": {"h": 12.2}, "geometry": {"type": "Point", "coordinates": [693640.5, 5332159.5]}}, {"type": "Feature", "properties": {"h": 8.5}, "geometry": {"type": "Point", "coordinates": [693645.5, 5332165.5]}}, {"type": "Feature", "properties": {"h": 16.2}, "geometry": {"type": "Point", "coordinates": [693672.5, 5332162.5]}}, {"type": "Feature", "properties": {"h": 17.8}, "geometry": {"type": "Point", "coordinates": [693675.5, 5332162.5]}}, {"type": "Feature", "properties": {"h": 11.7}, "geometry": {"type": "Point", "coordinates": [693680.5, 5332160.5]}}, {"type": "Feature", "properties": {"h": 3.9}, "geometry": {"type": "Point", "coordinates": [693687.5, 5332159.5]}}, {"type": "Feature", "properties": {"h": 11.5}, "geometry": {"type": "Point", "coordinates": [693707.5, 5332160.5]}}, {"type": "Feature", "properties": {"h": 14.1}, "geometry": {"type": "Point", "coordinates": [693710.5, 5332161.5]}}, {"type": "Feature", "properties": {"h": 9.5}, "geometry": {"type": "Point", "coordinates": [693715.5, 5332159.5]}}, {"type": "Feature", "properties": {"h": 13.6}, "geometry": {"type": "Point", "coordinates": [692090.5, 5332158.5]}}, {"type": "Feature", "properties": {"h": 14.8}, "geometry": {"type": "Point", "coordinates": [692095.5, 5332158.5]}}, {"type": "Feature", "properties": {"h": 15.0}, "geometry": {"type": "Point", "coordinates": [692102.5, 5332158.5]}}, {"type": "Feature", "properties": {"h": 15.0}, "geometry": {"type": "Point", "coordinates": [692110.5, 5332158.5]}}, {"type": "Feature", "properties": {"h": 17.0}, "geometry": {"type": "Point", "coordinates": [692114.5, 5332153.5]}}, {"type": "Feature", "properties": {"h": 12.5}, "geometry": {"type": "Point", "coordinates": [692121.5, 5332154.5]}}, {"type": "Feature", "properties": {"h": 7.5}, "geometry": {"type": "Point", "coordinates": [692126.5, 5332152.5]}}, {"type": "Feature", "properties": {"h": 15.2}, "geometry": {"type": "Point", "coordinates": [692179.5, 5332152.5]}}, {"type": "Feature", "properties": {"h": 14.8}, "geometry": {"type": "Point", "coordinates": [692182.5, 5332153.5]}}, {"type": "Feature", "properties": {"h": 13.4}, "geometry": {"type": "Point", "coordinates": [692190.5, 5332155.5]}}, {"type": "Feature", "properties": {"h": 16.2}, "geometry": {"type": "Point", "coordinates": [693522.5, 5332152.5]}}, {"type": "Feature", "properties": {"h": 16.2}, "geometry": {"type": "Point", "coordinates": [693532.5, 5332158.5]}}, {"type": "Feature", "properties": {"h": 18.1}, "geometry": {"type": "Point", "coordinates": [693535.5, 5332155.5]}}, {"type": "Feature", "properties": {"h": 25.5}, "geometry": {"type": "Point", "coordinates": [693546.5, 5332157.5]}}, {"type": "Feature", "properties": {"h": 25.8}, "geometry": {"type": "Point", "coordinates": [693547.5, 5332157.5]}}, {"type": "Feature", "properties": {"h": 24.7}, "geometry": {"type": "Point", "coordinates": [693554.5, 5332156.5]}}, {"type": "Feature", "properties": {"h": 5.6}, "geometry": {"type": "Point", "coordinates": [693576.5, 5332152.5]}}, {"type": "Feature", "properties": {"h": 14.1}, "geometry": {"type": "Point", "coordinates": [693588.5, 5332156.5]}}, {"type": "Feature", "properties": {"h": 21.8}, "geometry": {"type": "Point", "coordinates": [693594.5, 5332152.5]}}, {"type": "Feature", "properties": {"h": 22.1}, "geometry": {"type": "Point", "coordinates": [693600.5, 5332158.5]}}, {"type": "Feature", "properties": {"h": 24.3}, "geometry": {"type": "Point", "coordinates": [693609.5, 5332153.5]}}, {"type": "Feature", "properties": {"h": 25.9}, "geometry": {"type": "Point", "coordinates": [693616.5, 5332155.5]}}, {"type": "Feature", "properties": {"h": 27.1}, "geometry": {"type": "Point", "coordinates": [693619.5, 5332152.5]}}, {"type": "Feature", "properties": {"h": 24.7}, "geometry": {"type": "Point", "coordinates": [693630.5, 5332157.5]}}, {"type": "Feature", "properties": {"h": 24.8}, "geometry": {"type": "Point", "coordinates": [693631.5, 5332157.5]}}, {"type": "Feature", "properties": {"h": 14.5}, "geometry": {"type": "Point", "coordinates": [693638.5, 5332152.5]}}, {"type": "Feature", "properties": {"h": 10.1}, "geometry": {"type": "Point", "coordinates": [693672.5, 5332158.5]}}, {"type": "Feature", "properties": {"h": 12.9}, "geometry": {"type": "Point", "coordinates": [693675.5, 5332158.5]}}, {"type": "Feature", "properties": {"h": 18.8}, "geometry": {"type": "Point", "coordinates": [693686.5, 5332152.5]}}, {"type": "Feature", "properties": {"h": 19.0}, "geometry": {"type": "Point", "coordinates": [693688.5, 5332152.5]}}, {"type": "Feature", "properties": {"h": 17.5}, "geometry": {"type": "Point", "coordinates": [693694.5, 5332152.5]}}, {"type": "Feature", "properties": {"h": 11.2}, "geometry": {"type": "Point", "coordinates": [693702.5, 5332156.5]}}, {"type": "Feature", "properties": {"h": 13.3}, "geometry": {"type": "Point", "coordinates": [693711.5, 5332158.5]}}, {"type": "Feature", "properties": {"h": 9.4}, "geometry": {"type": "Point", "coordinates": [693715.5, 5332158.5]}}, {"type": "Feature", "properties": {"h": 5.8}, "geometry": {"type": "Point", "coordinates": [692103.5, 5332151.5]}}, {"type": "Feature", "properties": {"h": 10.5}, "geometry": {"type": "Point", "coordinates": [692111.5, 5332151.5]}}, {"type": "Feature", "properties": {"h": 14.2}, "geometry": {"type": "Point", "coordinates": [692114.5, 5332151.5]}}, {"type": "Feature", "properties": {"h": 14.9}, "geometry": {"type": "Point", "coordinates": [692124.5, 5332145.5]}}, {"type": "Feature", "properties": {"h": 14.8}, "geometry": {"type": "Point", "coordinates": [692128.5, 5332145.5]}}, {"type": "Feature", "properties": {"h": 17.5}, "geometry": {"type": "Point", "coordinates": [692137.5, 5332145.5]}}, {"type": "Feature", "properties": {"h": 12.3}, "geometry": {"type": "Point", "coordinates": [692140.5, 5332147.5]}}, {"type": "Feature", "properties": {"h": 7.8}, "geometry": {"type": "Point", "coordinates": [692147.5, 5332145.5]}}, {"type": "Feature", "properties": {"h": 14.6}, "geometry": {"type": "Point", "coordinates": [692179.5, 5332151.5]}}, {"type": "Feature", "properties": {"h": 13.9}, "geometry": {"type": "Point", "coordinates": [692182.5, 5332150.5]}}, {"type": "Feature", "properties": {"h": 11.3}, "geometry": {"type": "Point", "coordinates": [692189.5, 5332148.5]}}, {"type": "Feature", "properties": {"h": 20.0}, "geometry": {"type": "Point", "coordinates": [693522.5, 5332145.5]}}, {"type": "Feature", "properties": {"h": 18.5}, "geometry": {"type": "Point", "coordinates": [693526.5, 5332145.5]}}, {"type": "Feature", "properties": {"h": 17.5}, "geometry": {"type": "Point", "coordinates": [693539.5, 5332148.5]}}, {"type": "Feature", "properties": {"h": 17.4}, "geometry": {"type": "Point", "coordinates": [693540.5, 5332148.5]}}, {"type": "Feature", "properties": {"h": 21.8}, "geometry": {"type": "Point", "coordinates": [693552.5, 5332151.5]}}, {"type": "Feature", "properties": {"h": 19.5}, "geometry": {"type": "Point", "coordinates": [693555.5, 5332151.5]}}, {"type": "Feature", "properties": {"h": 19.3}, "geometry": {"type": "Point", "coordinates": [693567.5, 5332145.5]}}, {"type": "Feature", "properties": {"h": 25.5}, "geometry": {"type": "Point", "coordinates": [693574.5, 5332145.5]}}, {"type": "Feature", "properties": {"h": 25.7}, "geometry": {"type": "Point", "coordinates": [693576.5, 5332145.5]}}, {"type": "Feature", "properties": {"h": 23.5}, "geometry": {"type": "Point", "coordinates": [693582.5, 5332145.5]}}, {"type": "Feature", "properties": {"h": 22.4}, "geometry": {"type": "Point", "coordinates": [693595.5, 5332149.5]}}, {"type": "Feature", "properties": {"h": 24.4}, "geometry": {"type": "Point", "coordinates": [693602.5, 5332147.5]}}, {"type": "Feature", "properties": {"h": 26.0}, "geometry": {"type": "Point", "coordinates": [693605.5, 5332146.5]}}, {"type": "Feature", "properties": {"h": 27.0}, "geometry": {"type": "Point", "coordinates": [693612.5, 5332148.5]}}, {"type": "Feature", "properties": {"h": 27.2}, "geometry": {"type": "Point", "coordinates": [693619.5, 5332151.5]}}, {"type": "Feature", "properties": {"h": 23.8}, "geometry": {"type": "Point", "coordinates": [693628.5, 5332151.5]}}, {"type": "Feature", "properties": {"h": 17.3}, "geometry": {"type": "Point", "coordinates": [693635.5, 5332145.5]}}, {"type": "Feature", "properties": {"h": 16.0}, "geometry": {"type": "Point", "coordinates": [693638.5, 5332145.5]}}, {"type": "Feature", "properties": {"h": 6.5}, "geometry": {"type": "Point", "coordinates": [693645.5, 5332146.5]}}, {"type": "Feature", "properties": {"h": 14.8}, "geometry": {"type": "Point", "coordinates": [693658.5, 5332145.5]}}, {"type": "Feature", "properties": {"h": 15.4}, "geometry": {"type": "Point", "coordinates": [693660.5, 5332145.5]}}, {"type": "Feature", "properties": {"h": 12.4}, "geometry": {"type": "Point", "coordinates": [693666.5, 5332145.5]}}, {"type": "Feature", "properties": {"h": 16.0}, "geometry": {"type": "Point", "coordinates": [693679.5, 5332149.5]}}, {"type": "Feature", "properties": {"h": 19.0}, "geometry": {"type": "Point", "coordinates": [693686.5, 5332149.5]}}, {"type": "Feature", "properties": {"h": 19.2}, "geometry": {"type": "Point", "coordinates": [693688.5, 5332146.5]}}, {"type": "Feature", "properties": {"h": 17.9}, "geometry": {"type": "Point", "coordinates": [693694.5, 5332149.5]}}, {"type": "Feature", "properties": {"h": 15.7}, "geometry": {"type": "Point", "coordinates": [693707.5, 5332146.5]}}, {"type": "Feature", "properties": {"h": 17.2}, "geometry": {"type": "Point", "coordinates": [693714.5, 5332145.5]}}, {"type": "Feature", "properties": {"h": 17.0}, "geometry": {"type": "Point", "coordinates": [693715.5, 5332145.5]}}, {"type": "Feature", "properties": {"h": 14.9}, "geometry": {"type": "Point", "coordinates": [692124.5, 5332144.5]}}, {"type": "Feature", "properties": {"h": 20.3}, "geometry": {"type": "Point", "coordinates": [692130.5, 5332142.5]}}, {"type": "Feature", "properties": {"h": 17.8}, "geometry": {"type": "Point", "coordinates": [692137.5, 5332143.5]}}, {"type": "Feature", "properties": {"h": 14.2}, "geometry": {"type": "Point", "coordinates": [692144.5, 5332138.5]}}, {"type": "Feature", "properties": {"h": 13.8}, "geometry": {"type": "Point", "coordinates": [692147.5, 5332138.5]}}, {"type": "Feature", "properties": {"h": 16.3}, "geometry": {"type": "Point", "coordinates": [692157.5, 5332138.5]}}, {"type": "Feature", "properties": {"h": 16.6}, "geometry": {"type": "Point", "coordinates": [692167.5, 5332138.5]}}, {"type": "Feature", "properties": {"h": 19.0}, "geometry": {"type": "Point", "coordinates": [692174.5, 5332140.5]}}, {"type": "Feature", "properties": {"h": 19.6}, "geometry": {"type": "Point", "coordinates": [692175.5, 5332141.5]}}, {"type": "Feature", "properties": {"h": 13.3}, "geometry": {"type": "Point", "coordinates": [692185.5, 5332140.5]}}, {"type": "Feature", "properties": {"h": 22.2}, "geometry": {"type": "Point", "coordinates": [693521.5, 5332138.5]}}, {"type": "Feature", "properties": {"h": 20.5}, "geometry": {"type": "Point", "coordinates": [693526.5, 5332141.5]}}, {"type": "Feature", "properties": {"h": 10.9}, "geometry": {"type": "Point", "coordinates": [693536.5, 5332138.5]}}, {"type": "Feature", "properties": {"h": 14.9}, "geometry": {"type": "Point", "coordinates": [693546.5, 5332139.5]}}, {"type": "Feature", "properties": {"h": 15.9}, "geometry": {"type": "Point", "coordinates": [693548.5, 5332138.5]}}, {"type": "Feature", "properties": {"h": 18.5}, "geometry": {"type": "Point", "coordinates": [693560.5, 5332138.5]}}, {"type": "Feature", "properties": {"h": 23.8}, "geometry": {"type": "Point", "coordinates": [693567.5, 5332139.5]}}, {"type": "Feature", "properties": {"h": 25.7}, "geometry": {"type": "Point", "coordinates": [693574.5, 5332144.5]}}, {"type": "Feature", "properties": {"h": 26.4}, "geometry": {"type": "Point", "coordinates": [693581.5, 5332140.5]}}, {"type": "Feature", "properties": {"h": 27.0}, "geometry": {"type": "Point", "coordinates": [693584.5, 5332139.5]}}, {"type": "Feature", "properties": {"h": 21.1}, "geometry": {"type": "Point", "coordinates": [693595.5, 5332144.5]}}, {"type": "Feature", "properties": {"h": 25.7}, "geometry": {"type": "Point", "coordinates": [693602.5, 5332141.5]}}, {"type": "Feature", "properties": {"h": 26.8}, "geometry": {"type": "Point", "coordinates": [693606.5, 5332138.5]}}, {"type": "Feature", "properties": {"h": 23.6}, "geometry": {"type": "Point", "coordinates": [693616.5, 5332139.5]}}, {"type": "Feature", "properties": {"h": 26.5}, "geometry": {"type": "Point", "coordinates": [693623.5, 5332144.5]}}, {"type": "Feature", "properties": {"h": 25.0}, "geometry": {"type": "Point", "coordinates": [693624.5, 5332144.5]}}, {"type": "Feature", "properties": {"h": 17.1}, "geometry": {"type": "Point", "coordinates": [693635.5, 5332144.5]}}, {"type": "Feature", "properties": {"h": 15.9}, "geometry": {"type": "Point", "coordinates": [693638.5, 5332144.5]}}, {"type": "Feature", "properties": {"h": 7.4}, "geometry": {"type": "Point", "coordinates": [693651.5, 5332138.5]}}, {"type": "Feature", "properties": {"h": 15.6}, "geometry": {"type": "Point", "coordinates": [693658.5, 5332143.5]}}, {"type": "Feature", "properties": {"h": 16.6}, "geometry": {"type": "Point", "coordinates": [693665.5, 5332138.5]}}, {"type": "Feature", "properties": {"h": 18.4}, "geometry": {"type": "Point", "coordinates": [693669.5, 5332138.5]}}, {"type": "Feature", "properties": {"h": 16.2}, "geometry": {"type": "Point", "coordinates": [693676.5, 5332138.5]}}, {"type": "Feature", "properties": {"h": 18.6}, "geometry": {"type": "Point", "coordinates": [693686.5, 5332144.5]}}, {"type": "Feature", "properties": {"h": 19.9}, "geometry": {"type": "Point", "coordinates": [693688.5, 5332138.5]}}, {"type": "Feature", "properties": {"h": 18.9}, "geometry": {"type": "Point", "coordinates": [693694.5, 5332138.5]}}, {"type": "Feature", "properties": {"h": 15.1}, "geometry": {"type": "Point", "coordinates": [693707.5, 5332144.5]}}, {"type": "Feature", "properties": {"h": 16.9}, "geometry": {"type": "Point", "coordinates": [693714.5, 5332144.5]}}, {"type": "Feature", "properties": {"h": 16.8}, "geometry": {"type": "Point", "coordinates": [693715.5, 5332144.5]}}, {"type": "Feature", "properties": {"h": 13.3}, "geometry": {"type": "Point", "coordinates": [693722.5, 5332138.5]}}, {"type": "Feature", "properties": {"h": 10.2}, "geometry": {"type": "Point", "coordinates": [692138.5, 5332137.5]}}, {"type": "Feature", "properties": {"h": 14.5}, "geometry": {"type": "Point", "coordinates": [692145.5, 5332137.5]}}, {"type": "Feature", "properties": {"h": 13.9}, "geometry": {"type": "Point", "coordinates": [692147.5, 5332137.5]}}, {"type": "Feature", "properties": {"h": 17.4}, "geometry": {"type": "Point", "coordinates": [692157.5, 5332136.5]}}, {"type": "Feature", "properties": {"h": 18.2}, "geometry": {"type": "Point", "coordinates": [692167.5, 5332135.5]}}, {"type": "Feature", "properties": {"h": 19.1}, "geometry": {"type": "Point", "coordinates": [692172.5, 5332137.5]}}, {"type": "Feature", "properties": {"h": 18.7}, "geometry": {"type": "Point", "coordinates": [692178.5, 5332135.5]}}, {"type": "Feature", "properties": {"h": 15.0}, "geometry": {"type": "Point", "coordinates": [692182.5, 5332134.5]}}, {"type": "Feature", "properties": {"h": 22.3}, "geometry": {"type": "Point", "coordinates": [693521.5, 5332136.5]}}, {"type": "Feature", "properties": {"h": 18.1}, "geometry": {"type": "Point", "coordinates": [693526.5, 5332137.5]}}, {"type": "Feature", "properties": {"h": 17.0}, "geometry": {"type": "Point", "coordinates": [693539.5, 5332131.5]}}, {"type": "Feature", "properties": {"h": 17.1}, "geometry": {"type": "Point", "coordinates": [693540.5, 5332131.5]}}, {"type": "Feature", "properties": {"h": 15.5}, "geometry": {"type": "Point", "coordinates": [693549.5, 5332137.5]}}, {"type": "Feature", "properties": {"h": 20.3}, "geometry": {"type": "Point", "coordinates": [693560.5, 5332134.5]}}, {"type": "Feature", "properties": {"h": 23.4}, "geometry": {"type": "Point", "coordinates": [693567.5, 5332137.5]}}, {"type": "Feature", "properties": {"h": 23.5}, "geometry": {"type": "Point", "coordinates": [693568.5, 5332137.5]}}, {"type": "Feature", "properties": {"h": 26.1}, "geometry": {"type": "Point", "coordinates": [693581.5, 5332137.5]}}, {"type": "Feature", "properties": {"h": 26.9}, "geometry": {"type": "Point", "coordinates": [693584.5, 5332137.5]}}, {"type": "Feature", "properties": {"h": 24.8}, "geometry": {"type": "Point", "coordinates": [693589.5, 5332132.5]}}, {"type": "Feature", "properties": {"h": 26.5}, "geometry": {"type": "Point", "coordinates": [693602.5, 5332133.5]}}, {"type": "Feature", "properties": {"h": 26.9}, "geometry": {"type": "Point", "coordinates": [693606.5, 5332137.5]}}, {"type": "Feature", "properties": {"h": 23.3}, "geometry": {"type": "Point", "coordinates": [693612.5, 5332132.5]}}, {"type": "Feature", "properties": {"h": 24.5}, "geometry": {"type": "Point", "coordinates": [693619.5, 5332137.5]}}, {"type": "Feature", "properties": {"h": 16.3}, "geometry": {"type": "Point", "coordinates": [693630.5, 5332133.5]}}, {"type": "Feature", "properties": {"h": 18.2}, "geometry": {"type": "Point", "coordinates": [693632.5, 5332133.5]}}, {"type": "Feature", "properties": {"h": 19.8}, "geometry": {"type": "Point", "coordinates": [693641.5, 5332133.5]}}, {"type": "Feature", "properties": {"h": 21.9}, "geometry": {"type": "Point", "coordinates": [693649.5, 5332133.5]}}, {"type": "Feature", "properties": {"h": 22.8}, "geometry": {"type": "Point", "coordinates": [693654.5, 5332131.5]}}, {"type": "Feature", "properties": {"h": 19.9}, "geometry": {"type": "Point", "coordinates": [693663.5, 5332131.5]}}, {"type": "Feature", "properties": {"h": 20.4}, "geometry": {"type": "Point", "coordinates": [693670.5, 5332134.5]}}, {"type": "Feature", "properties": {"h": 18.2}, "geometry": {"type": "Point", "coordinates": [693679.5, 5332133.5]}}, {"type": "Feature", "properties": {"h": 19.8}, "geometry": {"type": "Point", "coordinates": [693686.5, 5332135.5]}}, {"type": "Feature", "properties": {"h": 20.0}, "geometry": {"type": "Point", "coordinates": [693688.5, 5332135.5]}}, {"type": "Feature", "properties": {"h": 18.8}, "geometry": {"type": "Point", "coordinates": [693694.5, 5332137.5]}}, {"type": "Feature", "properties": {"h": 16.8}, "geometry": {"type": "Point", "coordinates": [693703.5, 5332131.5]}}, {"type": "Feature", "properties": {"h": 15.8}, "geometry": {"type": "Point", "coordinates": [693713.5, 5332137.5]}}, {"type": "Feature", "properties": {"h": 15.6}, "geometry": {"type": "Point", "coordinates": [693716.5, 5332133.5]}}, {"type": "Feature", "properties": {"h": 13.0}, "geometry": {"type": "Point", "coordinates": [693722.5, 5332137.5]}}, {"type": "Feature", "properties": {"h": 13.1}, "geometry": {"type": "Point", "coordinates": [692152.5, 5332130.5]}}, {"type": "Feature", "properties": {"h": 11.6}, "geometry": {"type": "Point", "coordinates": [692154.5, 5332130.5]}}, {"type": "Feature", "properties": {"h": 15.2}, "geometry": {"type": "Point", "coordinates": [692167.5, 5332130.5]}}, {"type": "Feature", "properties": {"h": 17.0}, "geometry": {"type": "Point", "coordinates": [692172.5, 5332130.5]}}, {"type": "Feature", "properties": {"h": 16.6}, "geometry": {"type": "Point", "coordinates": [692177.5, 5332130.5]}}, {"type": "Feature", "properties": {"h": 12.6}, "geometry": {"type": "Point", "coordinates": [692182.5, 5332130.5]}}, {"type": "Feature", "properties": {"h": 20.4}, "geometry": {"type": "Point", "coordinates": [693523.5, 5332124.5]}}, {"type": "Feature", "properties": {"h": 19.4}, "geometry": {"type": "Point", "coordinates": [693526.5, 5332124.5]}}, {"type": "Feature", "properties": {"h": 17.3}, "geometry": {"type": "Point", "coordinates": [693539.5, 5332130.5]}}, {"type": "Feature", "properties": {"h": 18.1}, "geometry": {"type": "Point", "coordinates": [693546.5, 5332124.5]}}, {"type": "Feature", "properties": {"h": 17.8}, "geometry": {"type": "Point", "coordinates": [693547.5, 5332124.5]}}, {"type": "Feature", "properties": {"h": 21.7}, "geometry": {"type": "Point", "coordinates": [693560.5, 5332127.5]}}, {"type": "Feature", "properties": {"h": 23.3}, "geometry": {"type": "Point", "coordinates": [693566.5, 5332128.5]}}, {"type": "Feature", "properties": {"h": 22.7}, "geometry": {"type": "Point", "coordinates": [693568.5, 5332129.5]}}, {"type": "Feature", "properties": {"h": 25.2}, "geometry": {"type": "Point", "coordinates": [693581.5, 5332130.5]}}, {"type": "Feature", "properties": {"h": 25.5}, "geometry": {"type": "Point", "coordinates": [693583.5, 5332130.5]}}, {"type": "Feature", "properties": {"h": 24.5}, "geometry": {"type": "Point", "coordinates": [693589.5, 5332130.5]}}, {"type": "Feature", "properties": {"h": 25.7}, "geometry": {"type": "Point", "coordinates": [693599.5, 5332129.5]}}, {"type": "Feature", "properties": {"h": 25.7}, "geometry": {"type": "Point", "coordinates": [693603.5, 5332129.5]}}, {"type": "Feature", "properties": {"h": 23.0}, "geometry": {"type": "Point", "coordinates": [693611.5, 5332130.5]}}, {"type": "Feature", "properties": {"h": 21.0}, "geometry": {"type": "Point", "coordinates": [693617.5, 5332130.5]}}, {"type": "Feature", "properties": {"h": 18.7}, "geometry": {"type": "Point", "coordinates": [693630.5, 5332129.5]}}, {"type": "Feature", "properties": {"h": 23.5}, "geometry": {"type": "Point", "coordinates": [693637.5, 5332124.5]}}, {"type": "Feature", "properties": {"h": 24.1}, "geometry": {"type": "Point", "coordinates": [693644.5, 5332124.5]}}, {"type": "Feature", "properties": {"h": 24.4}, "geometry": {"type": "Point", "coordinates": [693648.5, 5332125.5]}}, {"type": "Feature", "properties": {"h": 23.8}, "geometry": {"type": "Point", "coordinates": [693655.5, 5332127.5]}}, {"type": "Feature", "properties": {"h": 20.3}, "geometry": {"type": "Point", "coordinates": [693663.5, 5332130.5]}}, {"type": "Feature", "properties": {"h": 19.7}, "geometry": {"type": "Point", "coordinates": [693669.5, 5332130.5]}}, {"type": "Feature", "properties": {"h": 17.1}, "geometry": {"type": "Point", "coordinates": [693673.5, 5332130.5]}}, {"type": "Feature", "properties": {"h": 18.5}, "geometry": {"type": "Point", "coordinates": [693686.5, 5332130.5]}}, {"type": "Feature", "properties": {"h": 18.4}, "geometry": {"type": "Point", "coordinates": [693687.5, 5332130.5]}}, {"type": "Feature", "properties": {"h": 19.7}, "geometry": {"type": "Point", "coordinates": [693698.5, 5332126.5]}}, {"type": "Feature", "properties": {"h": 19.8}, "geometry": {"type": "Point", "coordinates": [693702.5, 5332127.5]}}, {"type": "Feature", "properties": {"h": 13.8}, "geometry": {"type": "Point", "coordinates": [693713.5, 5332129.5]}}, {"type": "Feature", "properties": {"h": 15.4}, "geometry": {"type": "Point", "coordinates": [693715.5, 5332130.5]}}, {"type": "Feature", "properties": {"h": 7.1}, "geometry": {"type": "Point", "coordinates": [692180.5, 5332123.5]}}, {"type": "Feature", "properties": {"h": 21.0}, "geometry": {"type": "Point", "coordinates": [693523.5, 5332123.5]}}, {"type": "Feature", "properties": {"h": 19.7}, "geometry": {"type": "Point", "coordinates": [693526.5, 5332123.5]}}, {"type": "Feature", "properties": {"h": 14.6}, "geometry": {"type": "Point", "coordinates": [693533.5, 5332117.5]}}, {"type": "Feature", "properties": {"h": 18.3}, "geometry": {"type": "Point", "coordinates": [693546.5, 5332123.5]}}, {"type": "Feature", "properties": {"h": 18.0}, "geometry": {"type": "Point", "coordinates": [693547.5, 5332123.5]}}, {"type": "Feature", "properties": {"h": 17.9}, "geometry": {"type": "Point", "coordinates": [693560.5, 5332121.5]}}, {"type": "Feature", "properties": {"h": 20.0}, "geometry": {"type": "Point", "coordinates": [693564.5, 5332122.5]}}, {"type": "Feature", "properties": {"h": 17.8}, "geometry": {"type": "Point", "coordinates": [693568.5, 5332123.5]}}, {"type": "Feature", "properties": {"h": 17.0}, "geometry": {"type": "Point", "coordinates": [693575.5, 5332123.5]}}, {"type": "Feature", "properties": {"h": 22.0}, "geometry": {"type": "Point", "coordinates": [693588.5, 5332123.5]}}, {"type": "Feature", "properties": {"h": 23.1}, "geometry": {"type": "Point", "coordinates": [693593.5, 5332123.5]}}, {"type": "Feature", "properties": {"h": 24.2}, "geometry": {"type": "Point", "coordinates": [693599.5, 5332123.5]}}, {"type": "Feature", "properties": {"h": 23.5}, "geometry": {"type": "Point", "coordinates": [693603.5, 5332123.5]}}, {"type": "Feature", "properties": {"h": 21.5}, "geometry": {"type": "Point", "coordinates": [693611.5, 5332123.5]}}, {"type": "Feature", "properties": {"h": 21.8}, "geometry": {"type": "Point", "coordinates": [693619.5, 5332120.5]}}, {"type": "Feature", "properties": {"h": 20.2}, "geometry": {"type": "Point", "coordinates": [693630.5, 5332118.5]}}, {"type": "Feature", "properties": {"h": 23.6}, "geometry": {"type": "Point", "coordinates": [693637.5, 5332123.5]}}, {"type": "Feature", "properties": {"h": 24.1}, "geometry": {"type": "Point", "coordinates": [693641.5, 5332123.5]}}, {"type": "Feature", "properties": {"h": 24.0}, "geometry": {"type": "Point", "coordinates": [693645.5, 5332123.5]}}, {"type": "Feature", "properties": {"h": 23.6}, "geometry": {"type": "Point", "coordinates": [693652.5, 5332123.5]}}, {"type": "Feature", "properties": {"h": 18.1}, "geometry": {"type": "Point", "coordinates": [693659.5, 5332123.5]}}, {"type": "Feature", "properties": {"h": 16.7}, "geometry": {"type": "Point", "coordinates": [693672.5, 5332122.5]}}, {"type": "Feature", "properties": {"h": 16.5}, "geometry": {"type": "Point", "coordinates": [693673.5, 5332123.5]}}, {"type": "Feature", "properties": {"h": 12.3}, "geometry": {"type": "Point", "coordinates": [693680.5, 5332123.5]}}, {"type": "Feature", "properties": {"h": 15.9}, "geometry": {"type": "Point", "coordinates": [693693.5, 5332123.5]}}, {"type": "Feature", "properties": {"h": 17.3}, "geometry": {"type": "Point", "coordinates": [693523.5, 5332116.5]}}, {"type": "Feature", "properties": {"h": 17.8}, "geometry": {"type": "Point", "coordinates": [693530.5, 5332114.5]}}, {"type": "Feature", "properties": {"h": 16.3}, "geometry": {"type": "Point", "coordinates": [693533.5, 5332111.5]}}, {"type": "Feature", "properties": {"h": 17.5}, "geometry": {"type": "Point", "coordinates": [693540.5, 5332110.5]}}, {"type": "Feature", "properties": {"h": 17.0}, "geometry": {"type": "Point", "coordinates": [693550.5, 5332110.5]}}, {"type": "Feature", "properties": {"h": 20.1}, "geometry": {"type": "Point", "coordinates": [693560.5, 5332112.5]}}, {"type": "Feature", "properties": {"h": 22.0}, "geometry": {"type": "Point", "coordinates": [693566.5, 5332111.5]}}, {"type": "Feature", "properties": {"h": 21.8}, "geometry": {"type": "Point", "coordinates": [693571.5, 5332110.5]}}, {"type": "Feature", "properties": {"h": 16.9}, "geometry": {"type": "Point", "coordinates": [693581.5, 5332114.5]}}, {"type": "Feature", "properties": {"h": 20.6}, "geometry": {"type": "Point", "coordinates": [693588.5, 5332116.5]}}, {"type": "Feature", "properties": {"h": 22.8}, "geometry": {"type": "Point", "coordinates": [693592.5, 5332114.5]}}, {"type": "Feature", "properties": {"h": 22.7}, "geometry": {"type": "Point", "coordinates": [693598.5, 5332113.5]}}, {"type": "Feature", "properties": {"h": 19.8}, "geometry": {"type": "Point", "coordinates": [693609.5, 5332110.5]}}, {"type": "Feature", "properties": {"h": 20.3}, "geometry": {"type": "Point", "coordinates": [693615.5, 5332116.5]}}, {"type": "Feature", "properties": {"h": 19.9}, "geometry": {"type": "Point", "coordinates": [693617.5, 5332116.5]}}, {"type": "Feature", "properties": {"h": 19.9}, "geometry": {"type": "Point", "coordinates": [693628.5, 5332116.5]}}, {"type": "Feature", "properties": {"h": 20.3}, "geometry": {"type": "Point", "coordinates": [693637.5, 5332116.5]}}, {"type": "Feature", "properties": {"h": 20.1}, "geometry": {"type": "Point", "coordinates": [693638.5, 5332116.5]}}, {"type": "Feature", "properties": {"h": 19.5}, "geometry": {"type": "Point", "coordinates": [693650.5, 5332116.5]}}, {"type": "Feature", "properties": {"h": 19.2}, "geometry": {"type": "Point", "coordinates": [693652.5, 5332116.5]}}, {"type": "Feature", "properties": {"h": 10.8}, "geometry": {"type": "Point", "coordinates": [693659.5, 5332116.5]}}, {"type": "Feature", "properties": {"h": 18.3}, "geometry": {"type": "Point", "coordinates": [693525.5, 5332104.5]}}, {"type": "Feature", "properties": {"h": 22.6}, "geometry": {"type": "Point", "coordinates": [693532.5, 5332103.5]}}, {"type": "Feature", "properties": {"h": 23.4}, "geometry": {"type": "Point", "coordinates": [693535.5, 5332103.5]}}, {"type": "Feature", "properties": {"h": 23.5}, "geometry": {"type": "Point", "coordinates": [693540.5, 5332105.5]}}, {"type": "Feature", "properties": {"h": 21.9}, "geometry": {"type": "Point", "coordinates": [693551.5, 5332107.5]}}, {"type": "Feature", "properties": {"h": 21.2}, "geometry": {"type": "Point", "coordinates": [693554.5, 5332103.5]}}, {"type": "Feature", "properties": {"h": 22.0}, "geometry": {"type": "Point", "coordinates": [693567.5, 5332108.5]}}, {"type": "Feature", "properties": {"h": 22.2}, "geometry": {"type": "Point", "coordinates": [693571.5, 5332108.5]}}, {"type": "Feature", "properties": {"h": 16.0}, "geometry": {"type": "Point", "coordinates": [693575.5, 5332108.5]}}, {"type": "Feature", "properties": {"h": 16.5}, "geometry": {"type": "Point", "coordinates": [693583.5, 5332107.5]}}, {"type": "Feature", "properties": {"h": 21.3}, "geometry": {"type": "Point", "coordinates": [693595.5, 5332109.5]}}, {"type": "Feature", "properties": {"h": 21.4}, "geometry": {"type": "Point", "coordinates": [693596.5, 5332109.5]}}, {"type": "Feature", "properties": {"h": 21.4}, "geometry": {"type": "Point", "coordinates": [693606.5, 5332106.5]}}, {"type": "Feature", "properties": {"h": 20.3}, "geometry": {"type": "Point", "coordinates": [693610.5, 5332107.5]}}, {"type": "Feature", "properties": {"h": 14.7}, "geometry": {"type": "Point", "coordinates": [693617.5, 5332109.5]}}, {"type": "Feature", "properties": {"h": 12.1}, "geometry": {"type": "Point", "coordinates": [693624.5, 5332109.5]}}, {"type": "Feature", "properties": {"h": 6.0}, "geometry": {"type": "Point", "coordinates": [693631.5, 5332109.5]}}, {"type": "Feature", "properties": {"h": 17.4}, "geometry": {"type": "Point", "coordinates": [692727.5, 5332096.5]}}, {"type": "Feature", "properties": {"h": 17.4}, "geometry": {"type": "Point", "coordinates": [692728.5, 5332096.5]}}, {"type": "Feature", "properties": {"h": 19.1}, "geometry": {"type": "Point", "coordinates": [693525.5, 5332101.5]}}, {"type": "Feature", "properties": {"h": 24.1}, "geometry": {"type": "Point", "coordinates": [693532.5, 5332100.5]}}, {"type": "Feature", "properties": {"h": 24.1}, "geometry": {"type": "Point", "coordinates": [693533.5, 5332101.5]}}, {"type": "Feature", "properties": {"h": 23.3}, "geometry": {"type": "Point", "coordinates": [693542.5, 5332102.5]}}, {"type": "Feature", "properties": {"h": 21.6}, "geometry": {"type": "Point", "coordinates": [693553.5, 5332102.5]}}, {"type": "Feature", "properties": {"h": 21.4}, "geometry": {"type": "Point", "coordinates": [693554.5, 5332102.5]}}, {"type": "Feature", "properties": {"h": 15.9}, "geometry": {"type": "Point", "coordinates": [693566.5, 5332102.5]}}, {"type": "Feature", "properties": {"h": 15.4}, "geometry": {"type": "Point", "coordinates": [693568.5, 5332102.5]}}, {"type": "Feature", "properties": {"h": 13.4}, "geometry": {"type": "Point", "coordinates": [693575.5, 5332102.5]}}, {"type": "Feature", "properties": {"h": 14.4}, "geometry": {"type": "Point", "coordinates": [693586.5, 5332102.5]}}, {"type": "Feature", "properties": {"h": 13.7}, "geometry": {"type": "Point", "coordinates": [693589.5, 5332102.5]}}, {"type": "Feature", "properties": {"h": 11.0}, "geometry": {"type": "Point", "coordinates": [693598.5, 5332102.5]}}, {"type": "Feature", "properties": {"h": 20.2}, "geometry": {"type": "Point", "coordinates": [692713.5, 5332089.5]}}, {"type": "Feature", "properties": {"h": 21.7}, "geometry": {"type": "Point", "coordinates": [692717.5, 5332090.5]}}, {"type": "Feature", "properties": {"h": 17.4}, "geometry": {"type": "Point", "coordinates": [692725.5, 5332094.5]}}, {"type": "Feature", "properties": {"h": 17.4}, "geometry": {"type": "Point", "coordinates": [692729.5, 5332095.5]}}, {"type": "Feature", "properties": {"h": 21.9}, "geometry": {"type": "Point", "coordinates": [693532.5, 5332095.5]}}, {"type": "Feature", "properties": {"h": 22.2}, "geometry": {"type": "Point", "coordinates": [693535.5, 5332095.5]}}, {"type": "Feature", "properties": {"h": 14.8}, "geometry": {"type": "Point", "coordinates": [693541.5, 5332094.5]}}, {"type": "Feature", "properties": {"h": 18.8}, "geometry": {"type": "Point", "coordinates": [693550.5, 5332095.5]}}, {"type": "Feature", "properties": {"h": 15.1}, "geometry": {"type": "Point", "coordinates": [693554.5, 5332095.5]}}, {"type": "Feature", "properties": {"h": 14.8}, "geometry": {"type": "Point", "coordinates": [693561.5, 5332095.5]}}, {"type": "Feature", "properties": {"h": 13.1}, "geometry": {"type": "Point", "coordinates": [692282.5, 5332082.5]}}, {"type": "Feature", "properties": {"h": 9.1}, "geometry": {"type": "Point", "coordinates": [692706.5, 5332083.5]}}, {"type": "Feature", "properties": {"h": 21.5}, "geometry": {"type": "Point", "coordinates": [692713.5, 5332088.5]}}, {"type": "Feature", "properties": {"h": 21.7}, "geometry": {"type": "Point", "coordinates": [692715.5, 5332088.5]}}, {"type": "Feature", "properties": {"h": 21.6}, "geometry": {"type": "Point", "coordinates": [692721.5, 5332088.5]}}, {"type": "Feature", "properties": {"h": 21.7}, "geometry": {"type": "Point", "coordinates": [692730.5, 5332082.5]}}, {"type": "Feature", "properties": {"h": 10.9}, "geometry": {"type": "Point", "coordinates": [692757.5, 5332084.5]}}, {"type": "Feature", "properties": {"h": 8.1}, "geometry": {"type": "Point", "coordinates": [692763.5, 5332082.5]}}, {"type": "Feature", "properties": {"h": 13.6}, "geometry": {"type": "Point", "coordinates": [692277.5, 5332075.5]}}, {"type": "Feature", "properties": {"h": 13.0}, "geometry": {"type": "Point", "coordinates": [692283.5, 5332081.5]}}, {"type": "Feature", "properties": {"h": 17.3}, "geometry": {"type": "Point", "coordinates": [692293.5, 5332075.5]}}, {"type": "Feature", "properties": {"h": 19.5}, "geometry": {"type": "Point", "coordinates": [692298.5, 5332075.5]}}, {"type": "Feature", "properties": {"h": 3.7}, "geometry": {"type": "Point", "coordinates": [692699.5, 5332075.5]}}, {"type": "Feature", "properties": {"h": 20.5}, "geometry": {"type": "Point", "coordinates": [692706.5, 5332075.5]}}, {"type": "Feature", "properties": {"h": 25.2}, "geometry": {"type": "Point", "coordinates": [692711.5, 5332075.5]}}, {"type": "Feature", "properties": {"h": 25.3}, "geometry": {"type": "Point", "coordinates": [692719.5, 5332075.5]}}, {"type": "Feature", "properties": {"h": 24.6}, "geometry": {"type": "Point", "coordinates": [692721.5, 5332075.5]}}, {"type": "Feature", "properties": {"h": 21.6}, "geometry": {"type": "Point", "coordinates": [692730.5, 5332081.5]}}, {"type": "Feature", "properties": {"h": 11.1}, "geometry": {"type": "Point", "coordinates": [692761.5, 5332080.5]}}, {"type": "Feature", "properties": {"h": 9.8}, "geometry": {"type": "Point", "coordinates": [692763.5, 5332079.5]}}, {"type": "Feature", "properties": {"h": 4.1}, "geometry": {"type": "Point", "coordinates": [692770.5, 5332077.5]}}, {"type": "Feature", "properties": {"h": 14.5}, "geometry": {"type": "Point", "coordinates": [692274.5, 5332068.5]}}, {"type": "Feature", "properties": {"h": 13.8}, "geometry": {"type": "Point", "coordinates": [692282.5, 5332068.5]}}, {"type": "Feature", "properties": {"h": 17.1}, "geometry": {"type": "Point", "coordinates": [692293.5, 5332074.5]}}, {"type": "Feature", "properties": {"h": 20.8}, "geometry": {"type": "Point", "coordinates": [692300.5, 5332073.5]}}, {"type": "Feature", "properties": {"h": 22.1}, "geometry": {"type": "Point", "coordinates": [692307.5, 5332071.5]}}, {"type": "Feature", "properties": {"h": 23.6}, "geometry": {"type": "Point", "coordinates": [692312.5, 5332069.5]}}, {"type": "Feature", "properties": {"h": 25.0}, "geometry": {"type": "Point", "coordinates": [692699.5, 5332068.5]}}, {"type": "Feature", "properties": {"h": 25.7}, "geometry": {"type": "Point", "coordinates": [692702.5, 5332068.5]}}, {"type": "Feature", "properties": {"h": 25.8}, "geometry": {"type": "Point", "coordinates": [692711.5, 5332068.5]}}, {"type": "Feature", "properties": {"h": 25.3}, "geometry": {"type": "Point", "coordinates": [692719.5, 5332074.5]}}, {"type": "Feature", "properties": {"h": 25.2}, "geometry": {"type": "Point", "coordinates": [692721.5, 5332071.5]}}, {"type": "Feature", "properties": {"h": 21.5}, "geometry": {"type": "Point", "coordinates": [692730.5, 5332071.5]}}, {"type": "Feature", "properties": {"h": 16.9}, "geometry": {"type": "Point", "coordinates": [692735.5, 5332069.5]}}, {"type": "Feature", "properties": {"h": 13.1}, "geometry": {"type": "Point", "coordinates": [692766.5, 5332068.5]}}, {"type": "Feature", "properties": {"h": 6.6}, "geometry": {"type": "Point", "coordinates": [692770.5, 5332070.5]}}, {"type": "Feature", "properties": {"h": 17.7}, "geometry": {"type": "Point", "coordinates": [692272.5, 5332061.5]}}, {"type": "Feature", "properties": {"h": 18.8}, "geometry": {"type": "Point", "coordinates": [692277.5, 5332061.5]}}, {"type": "Feature", "properties": {"h": 16.2}, "geometry": {"type": "Point", "coordinates": [692280.5, 5332061.5]}}, {"type": "Feature", "properties": {"h": 3.2}, "geometry": {"type": "Point", "coordinates": [692287.5, 5332064.5]}}, {"type": "Feature", "properties": {"h": 17.2}, "geometry": {"type": "Point", "coordinates": [692300.5, 5332067.5]}}, {"type": "Feature", "properties": {"h": 19.1}, "geometry": {"type": "Point", "coordinates": [692307.5, 5332067.5]}}, {"type": "Feature", "properties": {"h": 23.0}, "geometry": {"type": "Point", "coordinates": [692313.5, 5332067.5]}}, {"type": "Feature", "properties": {"h": 19.9}, "geometry": {"type": "Point", "coordinates": [692315.5, 5332066.5]}}, {"type": "Feature", "properties": {"h": 17.3}, "geometry": {"type": "Point", "coordinates": [692325.5, 5332061.5]}}, {"type": "Feature", "properties": {"h": 15.9}, "geometry": {"type": "Point", "coordinates": [692329.5, 5332061.5]}}, {"type": "Feature", "properties": {"h": 3.1}, "geometry": {"type": "Point", "coordinates": [692688.5, 5332066.5]}}, {"type": "Feature", "properties": {"h": 25.1}, "geometry": {"type": "Point", "coordinates": [692699.5, 5332064.5]}}, {"type": "Feature", "properties": {"h": 26.2}, "geometry": {"type": "Point", "coordinates": [692702.5, 5332067.5]}}, {"type": "Feature", "properties": {"h": 26.7}, "geometry": {"type": "Point", "coordinates": [692712.5, 5332065.5]}}, {"type": "Feature", "properties": {"h": 26.1}, "geometry": {"type": "Point", "coordinates": [692714.5, 5332065.5]}}, {"type": "Feature", "properties": {"h": 25.3}, "geometry": {"type": "Point", "coordinates": [692721.5, 5332061.5]}}, {"type": "Feature", "properties": {"h": 21.4}, "geometry": {"type": "Point", "coordinates": [692730.5, 5332063.5]}}, {"type": "Feature", "properties": {"h": 16.9}, "geometry": {"type": "Point", "coordinates": [692736.5, 5332065.5]}}, {"type": "Feature", "properties": {"h": 16.8}, "geometry": {"type": "Point", "coordinates": [692747.5, 5332062.5]}}, {"type": "Feature", "properties": {"h": 13.6}, "geometry": {"type": "Point", "coordinates": [692762.5, 5332062.5]}}, {"type": "Feature", "properties": {"h": 15.1}, "geometry": {"type": "Point", "coordinates": [692764.5, 5332062.5]}}, {"type": "Feature", "properties": {"h": 12.1}, "geometry": {"type": "Point", "coordinates": [692773.5, 5332061.5]}}, {"type": "Feature", "properties": {"h": 11.5}, "geometry": {"type": "Point", "coordinates": [692778.5, 5332063.5]}}, {"type": "Feature", "properties": {"h": 17.8}, "geometry": {"type": "Point", "coordinates": [692272.5, 5332060.5]}}, {"type": "Feature", "properties": {"h": 19.4}, "geometry": {"type": "Point", "coordinates": [692276.5, 5332058.5]}}, {"type": "Feature", "properties": {"h": 16.6}, "geometry": {"type": "Point", "coordinates": [692280.5, 5332060.5]}}, {"type": "Feature", "properties": {"h": 3.4}, "geometry": {"type": "Point", "coordinates": [692293.5, 5332057.5]}}, {"type": "Feature", "properties": {"h": 17.2}, "geometry": {"type": "Point", "coordinates": [692300.5, 5332056.5]}}, {"type": "Feature", "properties": {"h": 19.0}, "geometry": {"type": "Point", "coordinates": [692304.5, 5332056.5]}}, {"type": "Feature", "properties": {"h": 19.9}, "geometry": {"type": "Point", "coordinates": [692311.5, 5332056.5]}}, {"type": "Feature", "properties": {"h": 17.1}, "geometry": {"type": "Point", "coordinates": [692321.5, 5332054.5]}}, {"type": "Feature", "properties": {"h": 18.9}, "geometry": {"type": "Point", "coordinates": [692328.5, 5332054.5]}}, {"type": "Feature", "properties": {"h": 19.2}, "geometry": {"type": "Point", "coordinates": [692330.5, 5332054.5]}}, {"type": "Feature", "properties": {"h": 14.9}, "geometry": {"type": "Point", "coordinates": [692336.5, 5332057.5]}}, {"type": "Feature", "properties": {"h": 11.4}, "geometry": {"type": "Point", "coordinates": [692344.5, 5332054.5]}}, {"type": "Feature", "properties": {"h": 9.7}, "geometry": {"type": "Point", "coordinates": [692650.5, 5332054.5]}}, {"type": "Feature", "properties": {"h": 8.7}, "geometry": {"type": "Point", "coordinates": [692651.5, 5332054.5]}}, {"type": "Feature", "properties": {"h": 23.1}, "geometry": {"type": "Point", "coordinates": [692699.5, 5332060.5]}}, {"type": "Feature", "properties": {"h": 25.3}, "geometry": {"type": "Point", "coordinates": [692703.5, 5332059.5]}}, {"type": "Feature", "properties": {"h": 25.6}, "geometry": {"type": "Point", "coordinates": [692713.5, 5332057.5]}}, {"type": "Feature", "properties": {"h": 26.3}, "geometry": {"type": "Point", "coordinates": [692715.5, 5332057.5]}}, {"type": "Feature", "properties": {"h": 25.3}, "geometry": {"type": "Point", "coordinates": [692721.5, 5332058.5]}}, {"type": "Feature", "properties": {"h": 21.3}, "geometry": {"type": "Point", "coordinates": [692730.5, 5332060.5]}}, {"type": "Feature", "properties": {"h": 17.0}, "geometry": {"type": "Point", "coordinates": [692737.5, 5332054.5]}}, {"type": "Feature", "properties": {"h": 16.9}, "geometry": {"type": "Point", "coordinates": [692745.5, 5332054.5]}}, {"type": "Feature", "properties": {"h": 12.9}, "geometry": {"type": "Point", "coordinates": [692761.5, 5332054.5]}}, {"type": "Feature", "properties": {"h": 8.2}, "geometry": {"type": "Point", "coordinates": [692763.5, 5332060.5]}}, {"type": "Feature", "properties": {"h": 20.2}, "geometry": {"type": "Point", "coordinates": [692773.5, 5332060.5]}}, {"type": "Feature", "properties": {"h": 24.1}, "geometry": {"type": "Point", "coordinates": [692781.5, 5332056.5]}}, {"type": "Feature", "properties": {"h": 11.4}, "geometry": {"type": "Point", "coordinates": [692789.5, 5332058.5]}}, {"type": "Feature", "properties": {"h": 11.3}, "geometry": {"type": "Point", "coordinates": [692791.5, 5332057.5]}}, {"type": "Feature", "properties": {"h": 11.3}, "geometry": {"type": "Point", "coordinates": [692798.5, 5332054.5]}}, {"type": "Feature", "properties": {"h": 14.6}, "geometry": {"type": "Point", "coordinates": [692269.5, 5332053.5]}}, {"type": "Feature", "properties": {"h": 14.6}, "geometry": {"type": "Point", "coordinates": [692276.5, 5332053.5]}}, {"type": "Feature", "properties": {"h": 10.7}, "geometry": {"type": "Point", "coordinates": [692280.5, 5332053.5]}}, {"type": "Feature", "properties": {"h": 13.8}, "geometry": {"type": "Point", "coordinates": [692300.5, 5332053.5]}}, {"type": "Feature", "properties": {"h": 16.3}, "geometry": {"type": "Point", "coordinates": [692303.5, 5332053.5]}}, {"type": "Feature", "properties": {"h": 16.0}, "geometry": {"type": "Point", "coordinates": [692311.5, 5332053.5]}}, {"type": "Feature", "properties": {"h": 17.6}, "geometry": {"type": "Point", "coordinates": [692321.5, 5332052.5]}}, {"type": "Feature", "properties": {"h": 19.2}, "geometry": {"type": "Point", "coordinates": [692324.5, 5332052.5]}}, {"type": "Feature", "properties": {"h": 19.3}, "geometry": {"type": "Point", "coordinates": [692330.5, 5332053.5]}}, {"type": "Feature", "properties": {"h": 15.1}, "geometry": {"type": "Point", "coordinates": [692336.5, 5332051.5]}}, {"type": "Feature", "properties": {"h": 14.4}, "geometry": {"type": "Point", "coordinates": [692349.5, 5332047.5]}}, {"type": "Feature", "properties": {"h": 16.4}, "geometry": {"type": "Point", "coordinates": [692356.5, 5332048.5]}}, {"type": "Feature", "properties": {"h": 15.7}, "geometry": {"type": "Point", "coordinates": [692357.5, 5332047.5]}}, {"type": "Feature", "properties": {"h": 14.8}, "geometry": {"type": "Point", "coordinates": [692643.5, 5332047.5]}}, {"type": "Feature", "properties": {"h": 15.9}, "geometry": {"type": "Point", "coordinates": [692645.5, 5332047.5]}}, {"type": "Feature", "properties": {"h": 10.7}, "geometry": {"type": "Point", "coordinates": [692651.5, 5332051.5]}}, {"type": "Feature", "properties": {"h": 24.9}, "geometry": {"type": "Point", "coordinates": [692713.5, 5332053.5]}}, {"type": "Feature", "properties": {"h": 25.2}, "geometry": {"type": "Point", "coordinates": [692715.5, 5332053.5]}}, {"type": "Feature", "properties": {"h": 21.7}, "geometry": {"type": "Point", "coordinates": [692727.5, 5332047.5]}}, {"type": "Feature", "properties": {"h": 22.0}, "geometry": {"type": "Point", "coordinates": [692729.5, 5332047.5]}}, {"type": "Feature", "properties": {"h": 17.2}, "geometry": {"type": "Point", "coordinates": [692740.5, 5332048.5]}}, {"type": "Feature", "properties": {"h": 17.1}, "geometry": {"type": "Point", "coordinates": [692742.5, 5332050.5]}}, {"type": "Feature", "properties": {"h": 9.0}, "geometry": {"type": "Point", "coordinates": [692755.5, 5332047.5]}}, {"type": "Feature", "properties": {"h": 15.2}, "geometry": {"type": "Point", "coordinates": [692762.5, 5332047.5]}}, {"type": "Feature", "properties": {"h": 16.4}, "geometry": {"type": "Point", "coordinates": [692765.5, 5332047.5]}}, {"type": "Feature", "properties": {"h": 4.9}, "geometry": {"type": "Point", "coordinates": [692772.5, 5332052.5]}}, {"type": "Feature", "properties": {"h": 4.8}, "geometry": {"type": "Point", "coordinates": [692782.5, 5332047.5]}}, {"type": "Feature", "properties": {"h": 4.6}, "geometry": {"type": "Point", "coordinates": [692784.5, 5332047.5]}}, {"type": "Feature", "properties": {"h": 15.7}, "geometry": {"type": "Point", "coordinates": [692792.5, 5332052.5]}}, {"type": "Feature", "properties": {"h": 16.7}, "geometry": {"type": "Point", "coordinates": [692802.5, 5332047.5]}}, {"type": "Feature", "properties": {"h": 17.7}, "geometry": {"type": "Point", "coordinates": [692811.5, 5332047.5]}}, {"type": "Feature", "properties": {"h": 23.4}, "geometry": {"type": "Point", "coordinates": [692813.5, 5332047.5]}}, {"type": "Feature", "properties": {"h": 13.3}, "geometry": {"type": "Point", "coordinates": [692264.5, 5332042.5]}}, {"type": "Feature", "properties": {"h": 13.0}, "geometry": {"type": "Point", "coordinates": [692271.5, 5332046.5]}}, {"type": "Feature", "properties": {"h": 12.6}, "geometry": {"type": "Point", "coordinates": [692273.5, 5332045.5]}}, {"type": "Feature", "properties": {"h": 14.4}, "geometry": {"type": "Point", "coordinates": [692321.5, 5332046.5]}}, {"type": "Feature", "properties": {"h": 16.3}, "geometry": {"type": "Point", "coordinates": [692324.5, 5332046.5]}}, {"type": "Feature", "properties": {"h": 15.7}, "geometry": {"type": "Point", "coordinates": [692329.5, 5332046.5]}}, {"type": "Feature", "properties": {"h": 9.6}, "geometry": {"type": "Point", "coordinates": [692336.5, 5332046.5]}}, {"type": "Feature", "properties": {"h": 17.8}, "geometry": {"type": "Point", "coordinates": [692349.5, 5332042.5]}}, {"type": "Feature", "properties": {"h": 18.2}, "geometry": {"type": "Point", "coordinates": [692354.5, 5332041.5]}}, {"type": "Feature", "properties": {"h": 16.8}, "geometry": {"type": "Point", "coordinates": [692357.5, 5332040.5]}}, {"type": "Feature", "properties": {"h": 18.9}, "geometry": {"type": "Point", "coordinates": [692370.5, 5332041.5]}}, {"type": "Feature", "properties": {"h": 19.5}, "geometry": {"type": "Point", "coordinates": [692372.5, 5332040.5]}}, {"type": "Feature", "properties": {"h": 17.3}, "geometry": {"type": "Point", "coordinates": [692640.5, 5332040.5]}}, {"type": "Feature", "properties": {"h": 17.3}, "geometry": {"type": "Point", "coordinates": [692645.5, 5332044.5]}}, {"type": "Feature", "properties": {"h": 5.5}, "geometry": {"type": "Point", "coordinates": [692660.5, 5332040.5]}}, {"type": "Feature", "properties": {"h": 3.3}, "geometry": {"type": "Point", "coordinates": [692669.5, 5332044.5]}}, {"type": "Feature", "properties": {"h": 4.3}, "geometry": {"type": "Point", "coordinates": [692720.5, 5332046.5]}}, {"type": "Feature", "properties": {"h": 21.9}, "geometry": {"type": "Point", "coordinates": [692727.5, 5332046.5]}}, {"type": "Feature", "properties": {"h": 21.6}, "geometry": {"type": "Point", "coordinates": [692728.5, 5332046.5]}}, {"type": "Feature", "properties": {"h": 17.2}, "geometry": {"type": "Point", "coordinates": [692737.5, 5332046.5]}}, {"type": "Feature", "properties": {"h": 3.4}, "geometry": {"type": "Point", "coordinates": [692748.5, 5332040.5]}}, {"type": "Feature", "properties": {"h": 12.2}, "geometry": {"type": "Point", "coordinates": [692755.5, 5332040.5]}}, {"type": "Feature", "properties": {"h": 19.5}, "geometry": {"type": "Point", "coordinates": [692762.5, 5332040.5]}}, {"type": "Feature", "properties": {"h": 19.7}, "geometry": {"type": "Point", "coordinates": [692764.5, 5332040.5]}}, {"type": "Feature", "properties": {"h": 19.5}, "geometry": {"type": "Point", "coordinates": [692770.5, 5332040.5]}}, {"type": "Feature", "properties": {"h": 18.0}, "geometry": {"type": "Point", "coordinates": [692779.5, 5332040.5]}}, {"type": "Feature", "properties": {"h": 4.9}, "geometry": {"type": "Point", "coordinates": [692784.5, 5332044.5]}}, {"type": "Feature", "properties": {"h": 4.9}, "geometry": {"type": "Point", "coordinates": [692791.5, 5332040.5]}}, {"type": "Feature", "properties": {"h": 6.1}, "geometry": {"type": "Point", "coordinates": [692802.5, 5332046.5]}}, {"type": "Feature", "properties": {"h": 20.6}, "geometry": {"type": "Point", "coordinates": [692811.5, 5332046.5]}}, {"type": "Feature", "properties": {"h": 25.3}, "geometry": {"type": "Point", "coordinates": [692815.5, 5332045.5]}}, {"type": "Feature", "properties": {"h": 21.8}, "geometry": {"type": "Point", "coordinates": [692819.5, 5332042.5]}}, {"type": "Feature", "properties": {"h": 13.4}, "geometry": {"type": "Point", "coordinates": [692260.5, 5332033.5]}}, {"type": "Feature", "properties": {"h": 12.3}, "geometry": {"type": "Point", "coordinates": [692266.5, 5332037.5]}}, {"type": "Feature", "properties": {"h": 10.0}, "geometry": {"type": "Point", "coordinates": [692273.5, 5332039.5]}}, {"type": "Feature", "properties": {"h": 4.9}, "geometry": {"type": "Point", "coordinates": [692339.5, 5332039.5]}}, {"type": "Feature", "properties": {"h": 17.2}, "geometry": {"type": "Point", "coordinates": [692349.5, 5332039.5]}}, {"type": "Feature", "properties": {"h": 17.9}, "geometry": {"type": "Point", "coordinates": [692353.5, 5332039.5]}}, {"type": "Feature", "properties": {"h": 17.2}, "geometry": {"type": "Point", "coordinates": [692363.5, 5332035.5]}}, {"type": "Feature", "properties": {"h": 18.5}, "geometry": {"type": "Point", "coordinates": [692370.5, 5332039.5]}}, {"type": "Feature", "properties": {"h": 19.4}, "geometry": {"type": "Point", "coordinates": [692372.5, 5332039.5]}}, {"type": "Feature", "properties": {"h": 15.7}, "geometry": {"type": "Point", "coordinates": [692378.5, 5332037.5]}}, {"type": "Feature", "properties": {"h": 13.3}, "geometry": {"type": "Point", "coordinates": [692385.5, 5332034.5]}}, {"type": "Feature", "properties": {"h": 16.3}, "geometry": {"type": "Point", "coordinates": [692636.5, 5332038.5]}}, {"type": "Feature", "properties": {"h": 17.5}, "geometry": {"type": "Point", "coordinates": [692640.5, 5332037.5]}}, {"type": "Feature", "properties": {"h": 17.1}, "geometry": {"type": "Point", "coordinates": [692650.5, 5332033.5]}}, {"type": "Feature", "properties": {"h": 17.3}, "geometry": {"type": "Point", "coordinates": [692655.5, 5332033.5]}}, {"type": "Feature", "properties": {"h": 16.2}, "geometry": {"type": "Point", "coordinates": [692658.5, 5332033.5]}}, {"type": "Feature", "properties": {"h": 13.1}, "geometry": {"type": "Point", "coordinates": [692738.5, 5332033.5]}}, {"type": "Feature", "properties": {"h": 15.7}, "geometry": {"type": "Point", "coordinates": [692747.5, 5332033.5]}}, {"type": "Feature", "properties": {"h": 16.9}, "geometry": {"type": "Point", "coordinates": [692755.5, 5332033.5]}}, {"type": "Feature", "properties": {"h": 19.9}, "geometry": {"type": "Point", "coordinates": [692762.5, 5332036.5]}}, {"type": "Feature", "properties": {"h": 20.6}, "geometry": {"type": "Point", "coordinates": [692765.5, 5332035.5]}}, {"type": "Feature", "properties": {"h": 22.5}, "geometry": {"type": "Point", "coordinates": [692776.5, 5332034.5]}}, {"type": "Feature", "properties": {"h": 22.4}, "geometry": {"type": "Point", "coordinates": [692778.5, 5332039.5]}}, {"type": "Feature", "properties": {"h": 22.1}, "geometry": {"type": "Point", "coordinates": [692784.5, 5332036.5]}}, {"type": "Feature", "properties": {"h": 4.9}, "geometry": {"type": "Point", "coordinates": [692792.5, 5332039.5]}}, {"type": "Feature", "properties": {"h": 4.9}, "geometry": {"type": "Point", "coordinates": [692799.5, 5332034.5]}}, {"type": "Feature", "properties": {"h": 6.6}, "geometry": {"type": "Point", "coordinates": [692809.5, 5332033.5]}}, {"type": "Feature", "properties": {"h": 17.8}, "geometry": {"type": "Point", "coordinates": [692816.5, 5332039.5]}}, {"type": "Feature", "properties": {"h": 11.9}, "geometry": {"type": "Point", "coordinates": [692258.5, 5332026.5]}}, {"type": "Feature", "properties": {"h": 15.0}, "geometry": {"type": "Point", "coordinates": [692264.5, 5332030.5]}}, {"type": "Feature", "properties": {"h": 14.3}, "geometry": {"type": "Point", "coordinates": [692266.5, 5332030.5]}}, {"type": "Feature", "properties": {"h": 13.1}, "geometry": {"type": "Point", "coordinates": [692279.5, 5332026.5]}}, {"type": "Feature", "properties": {"h": 12.8}, "geometry": {"type": "Point", "coordinates": [692280.5, 5332026.5]}}, {"type": "Feature", "properties": {"h": 11.9}, "geometry": {"type": "Point", "coordinates": [692287.5, 5332026.5]}}, {"type": "Feature", "properties": {"h": 20.3}, "geometry": {"type": "Point", "coordinates": [692356.5, 5332026.5]}}, {"type": "Feature", "properties": {"h": 22.1}, "geometry": {"type": "Point", "coordinates": [692363.5, 5332027.5]}}, {"type": "Feature", "properties": {"h": 22.1}, "geometry": {"type": "Point", "coordinates": [692364.5, 5332026.5]}}, {"type": "Feature", "properties": {"h": 16.2}, "geometry": {"type": "Point", "coordinates": [692371.5, 5332032.5]}}, {"type": "Feature", "properties": {"h": 13.3}, "geometry": {"type": "Point", "coordinates": [692380.5, 5332026.5]}}, {"type": "Feature", "properties": {"h": 12.7}, "geometry": {"type": "Point", "coordinates": [692391.5, 5332031.5]}}, {"type": "Feature", "properties": {"h": 13.1}, "geometry": {"type": "Point", "coordinates": [692397.5, 5332028.5]}}, {"type": "Feature", "properties": {"h": 11.7}, "geometry": {"type": "Point", "coordinates": [692402.5, 5332026.5]}}, {"type": "Feature", "properties": {"h": 12.3}, "geometry": {"type": "Point", "coordinates": [692636.5, 5332032.5]}}, {"type": "Feature", "properties": {"h": 12.4}, "geometry": {"type": "Point", "coordinates": [692637.5, 5332032.5]}}, {"type": "Feature", "properties": {"h": 17.2}, "geometry": {"type": "Point", "coordinates": [692650.5, 5332031.5]}}, {"type": "Feature", "properties": {"h": 17.7}, "geometry": {"type": "Point", "coordinates": [692653.5, 5332030.5]}}, {"type": "Feature", "properties": {"h": 16.4}, "geometry": {"type": "Point", "coordinates": [692658.5, 5332028.5]}}, {"type": "Feature", "properties": {"h": 13.0}, "geometry": {"type": "Point", "coordinates": [692665.5, 5332028.5]}}, {"type": "Feature", "properties": {"h": 12.2}, "geometry": {"type": "Point", "coordinates": [692734.5, 5332027.5]}}, {"type": "Feature", "properties": {"h": 14.3}, "geometry": {"type": "Point", "coordinates": [692739.5, 5332031.5]}}, {"type": "Feature", "properties": {"h": 16.6}, "geometry": {"type": "Point", "coordinates": [692747.5, 5332032.5]}}, {"type": "Feature", "properties": {"h": 19.1}, "geometry": {"type": "Point", "coordinates": [692755.5, 5332029.5]}}, {"type": "Feature", "properties": {"h": 19.4}, "geometry": {"type": "Point", "coordinates": [692762.5, 5332030.5]}}, {"type": "Feature", "properties": {"h": 20.6}, "geometry": {"type": "Point", "coordinates": [692769.5, 5332031.5]}}, {"type": "Feature", "properties": {"h": 22.5}, "geometry": {"type": "Point", "coordinates": [692775.5, 5332032.5]}}, {"type": "Feature", "properties": {"h": 22.4}, "geometry": {"type": "Point", "coordinates": [692779.5, 5332030.5]}}, {"type": "Feature", "properties": {"h": 20.2}, "geometry": {"type": "Point", "coordinates": [692784.5, 5332032.5]}}, {"type": "Feature", "properties": {"h": 19.4}, "geometry": {"type": "Point", "coordinates": [692791.5, 5332026.5]}}, {"type": "Feature", "properties": {"h": 10.1}, "geometry": {"type": "Point", "coordinates": [692798.5, 5332026.5]}}, {"type": "Feature", "properties": {"h": 7.3}, "geometry": {"type": "Point", "coordinates": [692810.5, 5332031.5]}}, {"type": "Feature", "properties": {"h": 4.6}, "geometry": {"type": "Point", "coordinates": [692812.5, 5332032.5]}}, {"type": "Feature", "properties": {"h": 12.2}, "geometry": {"type": "Point", "coordinates": [692257.5, 5332025.5]}}, {"type": "Feature", "properties": {"h": 11.3}, "geometry": {"type": "Point", "coordinates": [692260.5, 5332024.5]}}, {"type": "Feature", "properties": {"h": 11.5}, "geometry": {"type": "Point", "coordinates": [692272.5, 5332019.5]}}, {"type": "Feature", "properties": {"h": 13.2}, "geometry": {"type": "Point", "coordinates": [692279.5, 5332025.5]}}, {"type": "Feature", "properties": {"h": 17.5}, "geometry": {"type": "Point", "coordinates": [692286.5, 5332021.5]}}, {"type": "Feature", "properties": {"h": 18.3}, "geometry": {"type": "Point", "coordinates": [692288.5, 5332021.5]}}, {"type": "Feature", "properties": {"h": 6.3}, "geometry": {"type": "Point", "coordinates": [692294.5, 5332021.5]}}, {"type": "Feature", "properties": {"h": 20.4}, "geometry": {"type": "Point", "coordinates": [692356.5, 5332025.5]}}, {"type": "Feature", "properties": {"h": 22.5}, "geometry": {"type": "Point", "coordinates": [692360.5, 5332023.5]}}, {"type": "Feature", "properties": {"h": 22.1}, "geometry": {"type": "Point", "coordinates": [692364.5, 5332025.5]}}, {"type": "Feature", "properties": {"h": 15.9}, "geometry": {"type": "Point", "coordinates": [692375.5, 5332024.5]}}, {"type": "Feature", "properties": {"h": 14.8}, "geometry": {"type": "Point", "coordinates": [692380.5, 5332024.5]}}, {"type": "Feature", "properties": {"h": 17.6}, "geometry": {"type": "Point", "coordinates": [692398.5, 5332021.5]}}, {"type": "Feature", "properties": {"h": 18.5}, "geometry": {"type": "Point", "coordinates": [692400.5, 5332021.5]}}, {"type": "Feature", "properties": {"h": 12.8}, "geometry": {"type": "Point", "coordinates": [692406.5, 5332022.5]}}, {"type": "Feature", "properties": {"h": 13.5}, "geometry": {"type": "Point", "coordinates": [692650.5, 5332025.5]}}, {"type": "Feature", "properties": {"h": 14.7}, "geometry": {"type": "Point", "coordinates": [692654.5, 5332025.5]}}, {"type": "Feature", "properties": {"h": 15.0}, "geometry": {"type": "Point", "coordinates": [692661.5, 5332025.5]}}, {"type": "Feature", "properties": {"h": 11.8}, "geometry": {"type": "Point", "coordinates": [692671.5, 5332019.5]}}, {"type": "Feature", "properties": {"h": 13.3}, "geometry": {"type": "Point", "coordinates": [692674.5, 5332019.5]}}, {"type": "Feature", "properties": {"h": 12.9}, "geometry": {"type": "Point", "coordinates": [692682.5, 5332019.5]}}, {"type": "Feature", "properties": {"h": 10.5}, "geometry": {"type": "Point", "coordinates": [692686.5, 5332019.5]}}, {"type": "Feature", "properties": {"h": 6.3}, "geometry": {"type": "Point", "coordinates": [692727.5, 5332019.5]}}, {"type": "Feature", "properties": {"h": 11.5}, "geometry": {"type": "Point", "coordinates": [692734.5, 5332025.5]}}, {"type": "Feature", "properties": {"h": 11.8}, "geometry": {"type": "Point", "coordinates": [692736.5, 5332025.5]}}, {"type": "Feature", "properties": {"h": 18.0}, "geometry": {"type": "Point", "coordinates": [692748.5, 5332019.5]}}, {"type": "Feature", "properties": {"h": 18.7}, "geometry": {"type": "Point", "coordinates": [692755.5, 5332025.5]}}, {"type": "Feature", "properties": {"h": 18.8}, "geometry": {"type": "Point", "coordinates": [692757.5, 5332025.5]}}, {"type": "Feature", "properties": {"h": 18.9}, "geometry": {"type": "Point", "coordinates": [692769.5, 5332025.5]}}, {"type": "Feature", "properties": {"h": 21.6}, "geometry": {"type": "Point", "coordinates": [692776.5, 5332024.5]}}, {"type": "Feature", "properties": {"h": 22.1}, "geometry": {"type": "Point", "coordinates": [692777.5, 5332025.5]}}, {"type": "Feature", "properties": {"h": 19.4}, "geometry": {"type": "Point", "coordinates": [692786.5, 5332021.5]}}, {"type": "Feature", "properties": {"h": 19.4}, "geometry": {"type": "Point", "coordinates": [692792.5, 5332025.5]}}, {"type": "Feature", "properties": {"h": 15.6}, "geometry": {"type": "Point", "coordinates": [692798.5, 5332025.5]}}, {"type": "Feature", "properties": {"h": 11.8}, "geometry": {"type": "Point", "coordinates": [692805.5, 5332022.5]}}, {"type": "Feature", "properties": {"h": 13.3}, "geometry": {"type": "Point", "coordinates": [692257.5, 5332013.5]}}, {"type": "Feature", "properties": {"h": 14.8}, "geometry": {"type": "Point", "coordinates": [692265.5, 5332015.5]}}, {"type": "Feature", "properties": {"h": 14.7}, "geometry": {"type": "Point", "coordinates": [692266.5, 5332016.5]}}, {"type": "Feature", "properties": {"h": 14.1}, "geometry": {"type": "Point", "coordinates": [692273.5, 5332013.5]}}, {"type": "Feature", "properties": {"h": 16.6}, "geometry": {"type": "Point", "coordinates": [692286.5, 5332012.5]}}, {"type": "Feature", "properties": {"h": 17.5}, "geometry": {"type": "Point", "coordinates": [692290.5, 5332012.5]}}, {"type": "Feature", "properties": {"h": 14.8}, "geometry": {"type": "Point", "coordinates": [692294.5, 5332012.5]}}, {"type": "Feature", "properties": {"h": 8.0}, "geometry": {"type": "Point", "coordinates": [692303.5, 5332012.5]}}, {"type": "Feature", "properties": {"h": 15.0}, "geometry": {"type": "Point", "coordinates": [692356.5, 5332018.5]}}, {"type": "Feature", "properties": {"h": 19.3}, "geometry": {"type": "Point", "coordinates": [692362.5, 5332018.5]}}, {"type": "Feature", "properties": {"h": 16.6}, "geometry": {"type": "Point", "coordinates": [692364.5, 5332018.5]}}, {"type": "Feature", "properties": {"h": 15.1}, "geometry": {"type": "Point", "coordinates": [692371.5, 5332016.5]}}, {"type": "Feature", "properties": {"h": 17.2}, "geometry": {"type": "Point", "coordinates": [692398.5, 5332017.5]}}, {"type": "Feature", "properties": {"h": 17.4}, "geometry": {"type": "Point", "coordinates": [692400.5, 5332016.5]}}, {"type": "Feature", "properties": {"h": 12.8}, "geometry": {"type": "Point", "coordinates": [692409.5, 5332016.5]}}, {"type": "Feature", "properties": {"h": 9.9}, "geometry": {"type": "Point", "coordinates": [692657.5, 5332018.5]}}, {"type": "Feature", "properties": {"h": 12.4}, "geometry": {"type": "Point", "coordinates": [692664.5, 5332016.5]}}, {"type": "Feature", "properties": {"h": 13.3}, "geometry": {"type": "Point", "coordinates": [692667.5, 5332015.5]}}, {"type": "Feature", "properties": {"h": 13.1}, "geometry": {"type": "Point", "coordinates": [692675.5, 5332018.5]}}, {"type": "Feature", "properties": {"h": 13.2}, "geometry": {"type": "Point", "coordinates": [692681.5, 5332015.5]}}, {"type": "Feature", "properties": {"h": 11.5}, "geometry": {"type": "Point", "coordinates": [692686.5, 5332017.5]}}, {"type": "Feature", "properties": {"h": 13.8}, "geometry": {"type": "Point", "coordinates": [692727.5, 5332016.5]}}, {"type": "Feature", "properties": {"h": 19.3}, "geometry": {"type": "Point", "coordinates": [692732.5, 5332012.5]}}, {"type": "Feature", "properties": {"h": 14.9}, "geometry": {"type": "Point", "coordinates": [692741.5, 5332012.5]}}, {"type": "Feature", "properties": {"h": 18.0}, "geometry": {"type": "Point", "coordinates": [692748.5, 5332018.5]}}, {"type": "Feature", "properties": {"h": 18.1}, "geometry": {"type": "Point", "coordinates": [692753.5, 5332018.5]}}, {"type": "Feature", "properties": {"h": 9.8}, "geometry": {"type": "Point", "coordinates": [692756.5, 5332018.5]}}, {"type": "Feature", "properties": {"h": 18.2}, "geometry": {"type": "Point", "coordinates": [692769.5, 5332012.5]}}, {"type": "Feature", "properties": {"h": 19.2}, "geometry": {"type": "Point", "coordinates": [692776.5, 5332018.5]}}, {"type": "Feature", "properties": {"h": 19.4}, "geometry": {"type": "Point", "coordinates": [692783.5, 5332017.5]}}, {"type": "Feature", "properties": {"h": 19.4}, "geometry": {"type": "Point", "coordinates": [692784.5, 5332017.5]}}, {"type": "Feature", "properties": {"h": 18.2}, "geometry": {"type": "Point", "coordinates": [692791.5, 5332018.5]}}, {"type": "Feature", "properties": {"h": 14.6}, "geometry": {"type": "Point", "coordinates": [692799.5, 5332016.5]}}, {"type": "Feature", "properties": {"h": 12.4}, "geometry": {"type": "Point", "coordinates": [692258.5, 5332011.5]}}, {"type": "Feature", "properties": {"h": 14.1}, "geometry": {"type": "Point", "coordinates": [692262.5, 5332011.5]}}, {"type": "Feature", "properties": {"h": 13.9}, "geometry": {"type": "Point", "coordinates": [692272.5, 5332011.5]}}, {"type": "Feature", "properties": {"h": 15.9}, "geometry": {"type": "Point", "coordinates": [692277.5, 5332005.5]}}, {"type": "Feature", "properties": {"h": 16.8}, "geometry": {"type": "Point", "coordinates": [692285.5, 5332011.5]}}, {"type": "Feature", "properties": {"h": 17.4}, "geometry": {"type": "Point", "coordinates": [692290.5, 5332011.5]}}, {"type": "Feature", "properties": {"h": 17.3}, "geometry": {"type": "Point", "coordinates": [692300.5, 5332006.5]}}, {"type": "Feature", "properties": {"h": 17.8}, "geometry": {"type": "Point", "coordinates": [692302.5, 5332005.5]}}, {"type": "Feature", "properties": {"h": 18.6}, "geometry": {"type": "Point", "coordinates": [692310.5, 5332005.5]}}, {"type": "Feature", "properties": {"h": 9.0}, "geometry": {"type": "Point", "coordinates": [692315.5, 5332006.5]}}, {"type": "Feature", "properties": {"h": 6.9}, "geometry": {"type": "Point", "coordinates": [692322.5, 5332005.5]}}, {"type": "Feature", "properties": {"h": 4.8}, "geometry": {"type": "Point", "coordinates": [692368.5, 5332011.5]}}, {"type": "Feature", "properties": {"h": 6.9}, "geometry": {"type": "Point", "coordinates": [692372.5, 5332011.5]}}, {"type": "Feature", "properties": {"h": 8.3}, "geometry": {"type": "Point", "coordinates": [692384.5, 5332005.5]}}, {"type": "Feature", "properties": {"h": 17.1}, "geometry": {"type": "Point", "coordinates": [692390.5, 5332005.5]}}, {"type": "Feature", "properties": {"h": 17.8}, "geometry": {"type": "Point", "coordinates": [692398.5, 5332006.5]}}, {"type": "Feature", "properties": {"h": 20.9}, "geometry": {"type": "Point", "coordinates": [692405.5, 5332005.5]}}, {"type": "Feature", "properties": {"h": 19.5}, "geometry": {"type": "Point", "coordinates": [692406.5, 5332007.5]}}, {"type": "Feature", "properties": {"h": 11.2}, "geometry": {"type": "Point", "coordinates": [692678.5, 5332009.5]}}, {"type": "Feature", "properties": {"h": 13.1}, "geometry": {"type": "Point", "coordinates": [692682.5, 5332011.5]}}, {"type": "Feature", "properties": {"h": 11.1}, "geometry": {"type": "Point", "coordinates": [692689.5, 5332007.5]}}, {"type": "Feature", "properties": {"h": 3.4}, "geometry": {"type": "Point", "coordinates": [692693.5, 5332009.5]}}, {"type": "Feature", "properties": {"h": 9.9}, "geometry": {"type": "Point", "coordinates": [692713.5, 5332005.5]}}, {"type": "Feature", "properties": {"h": 10.5}, "geometry": {"type": "Point", "coordinates": [692715.5, 5332005.5]}}, {"type": "Feature", "properties": {"h": 23.4}, "geometry": {"type": "Point", "coordinates": [692727.5, 5332005.5]}}, {"type": "Feature", "properties": {"h": 25.0}, "geometry": {"type": "Point", "coordinates": [692729.5, 5332006.5]}}, {"type": "Feature", "properties": {"h": 17.2}, "geometry": {"type": "Point", "coordinates": [692741.5, 5332007.5]}}, {"type": "Feature", "properties": {"h": 19.8}, "geometry": {"type": "Point", "coordinates": [692745.5, 5332009.5]}}, {"type": "Feature", "properties": {"h": 17.5}, "geometry": {"type": "Point", "coordinates": [692754.5, 5332006.5]}}, {"type": "Feature", "properties": {"h": 17.4}, "geometry": {"type": "Point", "coordinates": [692759.5, 5332005.5]}}, {"type": "Feature", "properties": {"h": 18.1}, "geometry": {"type": "Point", "coordinates": [692769.5, 5332011.5]}}, {"type": "Feature", "properties": {"h": 18.7}, "geometry": {"type": "Point", "coordinates": [692776.5, 5332011.5]}}, {"type": "Feature", "properties": {"h": 19.0}, "geometry": {"type": "Point", "coordinates": [692783.5, 5332011.5]}}, {"type": "Feature", "properties": {"h": 19.0}, "geometry": {"type": "Point", "coordinates": [692784.5, 5332011.5]}}, {"type": "Feature", "properties": {"h": 12.1}, "geometry": {"type": "Point", "coordinates": [692791.5, 5332011.5]}}, {"type": "Feature", "properties": {"h": 3.6}, "geometry": {"type": "Point", "coordinates": [693615.5, 5332005.5]}}, {"type": "Feature", "properties": {"h": 3.6}, "geometry": {"type": "Point", "coordinates": [693621.5, 5332005.5]}}, {"type": "Feature", "properties": {"h": 5.8}, "geometry": {"type": "Point", "coordinates": [693630.5, 5332005.5]}}, {"type": "Feature", "properties": {"h": 7.5}, "geometry": {"type": "Point", "coordinates": [693637.5, 5332005.5]}}, {"type": "Feature", "properties": {"h": 10.6}, "geometry": {"type": "Point", "coordinates": [693643.5, 5332005.5]}}, {"type": "Feature", "properties": {"h": 10.0}, "geometry": {"type": "Point", "coordinates": [693645.5, 5332005.5]}}, {"type": "Feature", "properties": {"h": 13.8}, "geometry": {"type": "Point", "coordinates": [693656.5, 5332005.5]}}, {"type": "Feature", "properties": {"h": 11.5}, "geometry": {"type": "Point", "coordinates": [693659.5, 5332005.5]}}, {"type": "Feature", "properties": {"h": 3.9}, "geometry": {"type": "Point", "coordinates": [692272.5, 5332004.5]}}, {"type": "Feature", "properties": {"h": 16.5}, "geometry": {"type": "Point", "coordinates": [692276.5, 5332003.5]}}, {"type": "Feature", "properties": {"h": 15.6}, "geometry": {"type": "Point", "coordinates": [692286.5, 5332001.5]}}, {"type": "Feature", "properties": {"h": 15.5}, "geometry": {"type": "Point", "coordinates": [692287.5, 5332000.5]}}, {"type": "Feature", "properties": {"h": 17.1}, "geometry": {"type": "Point", "coordinates": [692300.5, 5332004.5]}}, {"type": "Feature", "properties": {"h": 17.6}, "geometry": {"type": "Point", "coordinates": [692302.5, 5332004.5]}}, {"type": "Feature", "properties": {"h": 19.1}, "geometry": {"type": "Point", "coordinates": [692310.5, 5332004.5]}}, {"type": "Feature", "properties": {"h": 13.1}, "geometry": {"type": "Point", "coordinates": [692315.5, 5332002.5]}}, {"type": "Feature", "properties": {"h": 9.5}, "geometry": {"type": "Point", "coordinates": [692322.5, 5332000.5]}}, {"type": "Feature", "properties": {"h": 6.2}, "geometry": {"type": "Point", "coordinates": [692329.5, 5332000.5]}}, {"type": "Feature", "properties": {"h": 19.4}, "geometry": {"type": "Point", "coordinates": [692348.5, 5332000.5]}}, {"type": "Feature", "properties": {"h": 19.7}, "geometry": {"type": "Point", "coordinates": [692354.5, 5332000.5]}}, {"type": "Feature", "properties": {"h": 17.7}, "geometry": {"type": "Point", "coordinates": [692357.5, 5332000.5]}}, {"type": "Feature", "properties": {"h": 9.8}, "geometry": {"type": "Point", "coordinates": [692384.5, 5332002.5]}}, {"type": "Feature", "properties": {"h": 17.7}, "geometry": {"type": "Point", "coordinates": [692390.5, 5332004.5]}}, {"type": "Feature", "properties": {"h": 17.5}, "geometry": {"type": "Point", "coordinates": [692398.5, 5332004.5]}}, {"type": "Feature", "properties": {"h": 21.2}, "geometry": {"type": "Point", "coordinates": [692404.5, 5332004.5]}}, {"type": "Feature", "properties": {"h": 7.3}, "geometry": {"type": "Point", "coordinates": [692685.5, 5332004.5]}}, {"type": "Feature", "properties": {"h": 9.8}, "geometry": {"type": "Point", "coordinates": [692689.5, 5332004.5]}}, {"type": "Feature", "properties": {"h": 11.3}, "geometry": {"type": "Point", "coordinates": [692699.5, 5332000.5]}}, {"type": "Feature", "properties": {"h": 12.5}, "geometry": {"type": "Point", "coordinates": [692700.5, 5332000.5]}}, {"type": "Feature", "properties": {"h": 13.1}, "geometry": {"type": "Point", "coordinates": [692713.5, 5332000.5]}}, {"type": "Feature", "properties": {"h": 13.4}, "geometry": {"type": "Point", "coordinates": [692715.5, 5332001.5]}}, {"type": "Feature", "properties": {"h": 22.9}, "geometry": {"type": "Point", "coordinates": [692727.5, 5332004.5]}}, {"type": "Feature", "properties": {"h": 24.1}, "geometry": {"type": "Point", "coordinates": [692728.5, 5332004.5]}}, {"type": "Feature", "properties": {"h": 16.5}, "geometry": {"type": "Point", "coordinates": [692741.5, 5332004.5]}}, {"type": "Feature", "properties": {"h": 17.5}, "geometry": {"type": "Point", "coordinates": [692745.5, 5332004.5]}}, {"type": "Feature", "properties": {"h": 17.4}, "geometry": {"type": "Point", "coordinates": [692755.5, 5332004.5]}}, {"type": "Feature", "properties": {"h": 17.5}, "geometry": {"type": "Point", "coordinates": [692762.5, 5332004.5]}}, {"type": "Feature", "properties": {"h": 17.9}, "geometry": {"type": "Point", "coordinates": [692769.5, 5332004.5]}}, {"type": "Feature", "properties": {"h": 18.1}, "geometry": {"type": "Point", "coordinates": [692776.5, 5332004.5]}}, {"type": "Feature", "properties": {"h": 18.3}, "geometry": {"type": "Point", "coordinates": [692779.5, 5332004.5]}}, {"type": "Feature", "properties": {"h": 22.3}, "geometry": {"type": "Point", "coordinates": [692789.5, 5332001.5]}}, {"type": "Feature", "properties": {"h": 18.5}, "geometry": {"type": "Point", "coordinates": [692791.5, 5332002.5]}}, {"type": "Feature", "properties": {"h": 8.4}, "geometry": {"type": "Point", "coordinates": [693581.5, 5332000.5]}}, {"type": "Feature", "properties": {"h": 9.2}, "geometry": {"type": "Point", "coordinates": [693583.5, 5332000.5]}}, {"type": "Feature", "properties": {"h": 8.2}, "geometry": {"type": "Point", "coordinates": [693589.5, 5332000.5]}}, {"type": "Feature", "properties": {"h": 10.0}, "geometry": {"type": "Point", "coordinates": [693602.5, 5332001.5]}}, {"type": "Feature", "properties": {"h": 10.3}, "geometry": {"type": "Point", "coordinates": [693604.5, 5332001.5]}}, {"type": "Feature", "properties": {"h": 7.4}, "geometry": {"type": "Point", "coordinates": [693610.5, 5332002.5]}}, {"type": "Feature", "properties": {"h": 9.1}, "geometry": {"type": "Point", "coordinates": [693620.5, 5332000.5]}}, {"type": "Feature", "properties": {"h": 9.8}, "geometry": {"type": "Point", "coordinates": [693630.5, 5332000.5]}}, {"type": "Feature", "properties": {"h": 9.7}, "geometry": {"type": "Point", "coordinates": [693631.5, 5332000.5]}}, {"type": "Feature", "properties": {"h": 13.7}, "geometry": {"type": "Point", "coordinates": [693641.5, 5332000.5]}}, {"type": "Feature", "properties": {"h": 13.5}, "geometry": {"type": "Point", "coordinates": [693645.5, 5332000.5]}}, {"type": "Feature", "properties": {"h": 14.1}, "geometry": {"type": "Point", "coordinates": [693654.5, 5332003.5]}}, {"type": "Feature", "properties": {"h": 11.8}, "geometry": {"type": "Point", "coordinates": [693659.5, 5332004.5]}}]}