{"type": "FeatureCollection", "attribution": "\u00a9 OpenStreetMap contributors (ODbL)", "crs": {"type": "name", "properties": {"name": "urn:ogc:def:crs:EPSG::25832"}}, "features": [{"type": "Feature", "properties": {"k": "signal", "a": 15}, "geometry": {"type": "Point", "coordinates": [693525.63, 5335187.96]}}, {"type": "Feature", "properties": {"k": "signal", "a": 195}, "geometry": {"type": "Point", "coordinates": [692816.75, 5335373.65]}}, {"type": "Feature", "properties": {"k": "signal", "a": 191}, "geometry": {"type": "Point", "coordinates": [692990.29, 5335315.37]}}, {"type": "Feature", "properties": {"k": "signal", "a": 277}, "geometry": {"type": "Point", "coordinates": [693803.53, 5334377.31]}}, {"type": "Feature", "properties": {"k": "signal", "a": 291}, "geometry": {"type": "Point", "coordinates": [693565.89, 5334439.37]}}, {"type": "Feature", "properties": {"k": "signal", "a": 185}, "geometry": {"type": "Point", "coordinates": [693622.35, 5334640.6]}}, {"type": "Feature", "properties": {"k": "signal", "a": 329}, "geometry": {"type": "Point", "coordinates": [692136.6, 5334090.26]}}, {"type": "Feature", "properties": {"k": "signal", "a": 266}, "geometry": {"type": "Point", "coordinates": [693177.45, 5334261.86]}}, {"type": "Feature", "properties": {"k": "signal", "a": 200}, "geometry": {"type": "Point", "coordinates": [692251.34, 5335527.15]}}, {"type": "Feature", "properties": {"k": "signal", "a": 87}, "geometry": {"type": "Point", "coordinates": [692223.68, 5335515.76]}}, {"type": "Feature", "properties": {"k": "signal", "a": 233}, "geometry": {"type": "Point", "coordinates": [692286.89, 5335025.29]}}, {"type": "Feature", "properties": {"k": "bollard"}, "geometry": {"type": "Point", "coordinates": [693130.02, 5334521.19]}}, {"type": "Feature", "properties": {"k": "bollard", "metal": true}, "geometry": {"type": "Point", "coordinates": [693372.99, 5334514.93]}}, {"type": "Feature", "properties": {"k": "signal", "a": 9}, "geometry": {"type": "Point", "coordinates": [692757.09, 5335193.97]}}, {"type": "Feature", "properties": {"k": "signal", "a": 32}, "geometry": {"type": "Point", "coordinates": [692724.69, 5335030.84]}}, {"type": "Feature", "properties": {"k": "signal", "a": 118}, "geometry": {"type": "Point", "coordinates": [692530.29, 5334569.19]}}, {"type": "Feature", "properties": {"k": "signal", "a": 243}, "geometry": {"type": "Point", "coordinates": [692791.3, 5334303.0]}}, {"type": "Feature", "properties": {"k": "bollard"}, "geometry": {"type": "Point", "coordinates": [693461.6, 5335991.98]}}, {"type": "Feature", "properties": {"k": "signal", "a": 60}, "geometry": {"type": "Point", "coordinates": [692218.31, 5334329.39]}}, {"type": "Feature", "properties": {"k": "signal", "a": 195}, "geometry": {"type": "Point", "coordinates": [693269.73, 5335236.53]}}, {"type": "Feature", "properties": {"k": "signal", "a": 349}, "geometry": {"type": "Point", "coordinates": [692538.35, 5334171.46]}}, {"type": "Feature", "properties": {"k": "signal", "a": 13}, "geometry": {"type": "Point", "coordinates": [693275.55, 5335258.41]}}, {"type": "Feature", "properties": {"k": "signal", "a": 299}, "geometry": {"type": "Point", "coordinates": [692545.17, 5334561.79]}}, {"type": "Feature", "properties": {"k": "postbox", "a": 214}, "geometry": {"type": "Point", "coordinates": [692276.56, 5334251.44]}}, {"type": "Feature", "properties": {"k": "postbox", "a": 178}, "geometry": {"type": "Point", "coordinates": [692979.62, 5334263.15]}}, {"type": "Feature", "properties": {"k": "signal", "a": 15}, "geometry": {"type": "Point", "coordinates": [692555.77, 5335453.39]}}, {"type": "Feature", "properties": {"k": "postbox", "a": 135}, "geometry": {"type": "Point", "coordinates": [692707.01, 5334854.75]}}, {"type": "Feature", "properties": {"k": "postbox", "a": 107}, "geometry": {"type": "Point", "coordinates": [692444.84, 5335038.16]}}, {"type": "Feature", "properties": {"k": "postbox", "a": 88}, "geometry": {"type": "Point", "coordinates": [692276.76, 5335209.66]}}, {"type": "Feature", "properties": {"k": "signal", "a": 106}, "geometry": {"type": "Point", "coordinates": [692622.59, 5334845.1]}}, {"type": "Feature", "properties": {"k": "postbox", "a": 97}, "geometry": {"type": "Point", "coordinates": [693053.71, 5335716.25]}}, {"type": "Feature", "properties": {"k": "postbox", "a": 118}, "geometry": {"type": "Point", "coordinates": [692989.68, 5335870.17]}}, {"type": "Feature", "properties": {"k": "signal", "a": 62}, "geometry": {"type": "Point", "coordinates": [692186.19, 5334387.88]}}, {"type": "Feature", "properties": {"k": "postbox", "a": 301}, "geometry": {"type": "Point", "coordinates": [692447.14, 5334579.33]}}, {"type": "Feature", "properties": {"k": "bench", "a": 274}, "geometry": {"type": "Point", "coordinates": [693087.63, 5335826.02]}}, {"type": "Feature", "properties": {"k": "bench", "a": 276}, "geometry": {"type": "Point", "coordinates": [693079.82, 5335741.97]}}, {"type": "Feature", "properties": {"k": "bench", "a": 276}, "geometry": {"type": "Point", "coordinates": [693072.16, 5335672.42]}}, {"type": "Feature", "properties": {"k": "bench", "a": 276}, "geometry": {"type": "Point", "coordinates": [693065.41, 5335584.19]}}, {"type": "Feature", "properties": {"k": "bench", "a": 318}, "geometry": {"type": "Point", "coordinates": [693038.47, 5335423.5]}}, {"type": "Feature", "properties": {"k": "bench", "a": 285}, "geometry": {"type": "Point", "coordinates": [693025.95, 5335370.86]}}, {"type": "Feature", "properties": {"k": "bench", "a": 288}, "geometry": {"type": "Point", "coordinates": [692975.72, 5335151.81]}}, {"type": "Feature", "properties": {"k": "bench", "a": 24}, "geometry": {"type": "Point", "coordinates": [692978.1, 5335156.61]}}, {"type": "Feature", "properties": {"k": "bench", "a": 297}, "geometry": {"type": "Point", "coordinates": [692948.45, 5335101.69]}}, {"type": "Feature", "properties": {"k": "bench", "a": 298}, "geometry": {"type": "Point", "coordinates": [692930.43, 5335067.35]}}, {"type": "Feature", "properties": {"k": "bench", "a": 304}, "geometry": {"type": "Point", "coordinates": [692914.06, 5335037.89]}}, {"type": "Feature", "properties": {"k": "bench", "a": 304}, "geometry": {"type": "Point", "coordinates": [692893.04, 5335007.3]}}, {"type": "Feature", "properties": {"k": "bench", "a": 314}, "geometry": {"type": "Point", "coordinates": [692889.59, 5335003.35]}}, {"type": "Feature", "properties": {"k": "bench", "a": 314}, "geometry": {"type": "Point", "coordinates": [692875.32, 5334983.94]}}, {"type": "Feature", "properties": {"k": "bench", "a": 314}, "geometry": {"type": "Point", "coordinates": [692873.49, 5334985.89]}}, {"type": "Feature", "properties": {"k": "bench", "a": 315}, "geometry": {"type": "Point", "coordinates": [692851.47, 5334956.66]}}, {"type": "Feature", "properties": {"k": "bench", "a": 315}, "geometry": {"type": "Point", "coordinates": [692807.15, 5334912.89]}}, {"type": "Feature", "properties": {"k": "bench", "a": 315}, "geometry": {"type": "Point", "coordinates": [692806.34, 5334914.05]}}, {"type": "Feature", "properties": {"k": "bench", "a": 315}, "geometry": {"type": "Point", "coordinates": [692769.39, 5334876.73]}}, {"type": "Feature", "properties": {"k": "bench", "a": 315}, "geometry": {"type": "Point", "coordinates": [692766.86, 5334873.92]}}, {"type": "Feature", "properties": {"k": "bench", "a": 315}, "geometry": {"type": "Point", "coordinates": [692723.73, 5334832.46]}}, {"type": "Feature", "properties": {"k": "bench", "a": 315}, "geometry": {"type": "Point", "coordinates": [692721.02, 5334829.64]}}, {"type": "Feature", "properties": {"k": "bench", "a": 133}, "geometry": {"type": "Point", "coordinates": [692667.94, 5334815.67]}}, {"type": "Feature", "properties": {"k": "bench", "a": 195}, "geometry": {"type": "Point", "coordinates": [692638.44, 5334816.82]}}, {"type": "Feature", "properties": {"k": "bench", "a": 195}, "geometry": {"type": "Point", "coordinates": [692639.47, 5334820.74]}}, {"type": "Feature", "properties": {"k": "bench", "a": 195}, "geometry": {"type": "Point", "coordinates": [692627.34, 5334820.85]}}, {"type": "Feature", "properties": {"k": "bench", "a": 196}, "geometry": {"type": "Point", "coordinates": [692596.98, 5335022.3]}}, {"type": "Feature", "properties": {"k": "bench", "a": 202}, "geometry": {"type": "Point", "coordinates": [692595.25, 5335024.8]}}, {"type": "Feature", "properties": {"k": "bench", "a": 345}, "geometry": {"type": "Point", "coordinates": [692587.4, 5335046.92]}}, {"type": "Feature", "properties": {"k": "bench", "a": 164}, "geometry": {"type": "Point", "coordinates": [692516.37, 5335125.25]}}, {"type": "Feature", "properties": {"k": "bench", "a": 158}, "geometry": {"type": "Point", "coordinates": [692485.6, 5335113.03]}}, {"type": "Feature", "properties": {"k": "bench", "a": 179}, "geometry": {"type": "Point", "coordinates": [692467.78, 5335108.36]}}, {"type": "Feature", "properties": {"k": "bench", "a": 6}, "geometry": {"type": "Point", "coordinates": [692454.51, 5335087.61]}}, {"type": "Feature", "properties": {"k": "bench", "a": 237}, "geometry": {"type": "Point", "coordinates": [692438.78, 5335095.76]}}, {"type": "Feature", "properties": {"k": "bench", "a": 143}, "geometry": {"type": "Point", "coordinates": [692414.9, 5335113.52]}}, {"type": "Feature", "properties": {"k": "bench", "a": 270}, "geometry": {"type": "Point", "coordinates": [692393.92, 5335128.32]}}, {"type": "Feature", "properties": {"k": "bench", "a": 268}, "geometry": {"type": "Point", "coordinates": [692397.39, 5335111.12]}}, {"type": "Feature", "properties": {"k": "bench", "a": 166}, "geometry": {"type": "Point", "coordinates": [692407.54, 5335131.75]}}, {"type": "Feature", "properties": {"k": "bench", "a": 252}, "geometry": {"type": "Point", "coordinates": [692418.01, 5335140.94]}}, {"type": "Feature", "properties": {"k": "bench", "a": 252}, "geometry": {"type": "Point", "coordinates": [692418.94, 5335137.5]}}, {"type": "Feature", "properties": {"k": "bench", "a": 11}, "geometry": {"type": "Point", "coordinates": [692376.81, 5335258.95]}}, {"type": "Feature", "properties": {"k": "bench", "a": 194}, "geometry": {"type": "Point", "coordinates": [692406.91, 5334891.05]}}, {"type": "Feature", "properties": {"k": "bench", "a": 194}, "geometry": {"type": "Point", "coordinates": [692417.53, 5334888.38]}}, {"type": "Feature", "properties": {"k": "bench", "a": 194}, "geometry": {"type": "Point", "coordinates": [692420.92, 5334887.41]}}, {"type": "Feature", "properties": {"k": "bench", "a": 194}, "geometry": {"type": "Point", "coordinates": [692490.51, 5334865.89]}}, {"type": "Feature", "properties": {"k": "bench", "a": 194}, "geometry": {"type": "Point", "coordinates": [692494.12, 5334865.02]}}, {"type": "Feature", "properties": {"k": "bench", "a": 239}, "geometry": {"type": "Point", "coordinates": [692471.28, 5334871.38]}}, {"type": "Feature", "properties": {"k": "bench", "a": 14}, "geometry": {"type": "Point", "coordinates": [692155.17, 5334916.75]}}, {"type": "Feature", "properties": {"k": "bench", "a": 14}, "geometry": {"type": "Point", "coordinates": [692166.17, 5334930.7]}}, {"type": "Feature", "properties": {"k": "postbox", "a": 191}, "geometry": {"type": "Point", "coordinates": [692444.69, 5335329.37]}}, {"type": "Feature", "properties": {"k": "signal", "a": 255}, "geometry": {"type": "Point", "coordinates": [692220.62, 5335541.58]}}, {"type": "Feature", "properties": {"k": "postbox", "a": 13}, "geometry": {"type": "Point", "coordinates": [692236.37, 5334919.41]}}, {"type": "Feature", "properties": {"k": "postbox", "a": 132}, "geometry": {"type": "Point", "coordinates": [693333.08, 5334013.76]}}, {"type": "Feature", "properties": {"k": "postbox", "a": 225}, "geometry": {"type": "Point", "coordinates": [692727.38, 5334097.85]}}, {"type": "Feature", "properties": {"k": "bollard"}, "geometry": {"type": "Point", "coordinates": [693941.59, 5334192.12]}}, {"type": "Feature", "properties": {"k": "postbox", "a": 210}, "geometry": {"type": "Point", "coordinates": [692549.68, 5334928.17]}}, {"type": "Feature", "properties": {"k": "postbox", "a": 76}, "geometry": {"type": "Point", "coordinates": [692167.81, 5334433.09]}}, {"type": "Feature", "properties": {"k": "postbox", "a": 333}, "geometry": {"type": "Point", "coordinates": [692874.63, 5334334.34]}}, {"type": "Feature", "properties": {"k": "bench", "a": 288}, "geometry": {"type": "Point", "coordinates": [693441.42, 5335949.97]}}, {"type": "Feature", "properties": {"k": "bench", "a": 288}, "geometry": {"type": "Point", "coordinates": [693438.9, 5335946.61]}}, {"type": "Feature", "properties": {"k": "bench", "a": 292}, "geometry": {"type": "Point", "coordinates": [693432.02, 5335934.9]}}, {"type": "Feature", "properties": {"k": "bench", "a": 292}, "geometry": {"type": "Point", "coordinates": [693430.35, 5335931.06]}}, {"type": "Feature", "properties": {"k": "bench", "a": 292}, "geometry": {"type": "Point", "coordinates": [693429.01, 5335928.0]}}, {"type": "Feature", "properties": {"k": "bench", "a": 292}, "geometry": {"type": "Point", "coordinates": [693427.56, 5335924.98]}}, {"type": "Feature", "properties": {"k": "bench", "a": 292}, "geometry": {"type": "Point", "coordinates": [693426.44, 5335921.74]}}, {"type": "Feature", "properties": {"k": "bench", "a": 292}, "geometry": {"type": "Point", "coordinates": [693424.78, 5335917.71]}}, {"type": "Feature", "properties": {"k": "bench", "a": 294}, "geometry": {"type": "Point", "coordinates": [693418.27, 5335902.31]}}, {"type": "Feature", "properties": {"k": "bench", "a": 299}, "geometry": {"type": "Point", "coordinates": [693416.43, 5335898.7]}}, {"type": "Feature", "properties": {"k": "bench", "a": 307}, "geometry": {"type": "Point", "coordinates": [692795.8, 5335990.17]}}, {"type": "Feature", "properties": {"k": "bench", "a": 316}, "geometry": {"type": "Point", "coordinates": [692786.79, 5335974.27]}}, {"type": "Feature", "properties": {"k": "bench", "a": 319}, "geometry": {"type": "Point", "coordinates": [692773.3, 5335951.03]}}, {"type": "Feature", "properties": {"k": "bench", "a": 320}, "geometry": {"type": "Point", "coordinates": [692754.14, 5335928.02]}}, {"type": "Feature", "properties": {"k": "bench", "a": 248}, "geometry": {"type": "Point", "coordinates": [692773.02, 5335844.3]}}, {"type": "Feature", "properties": {"k": "bench", "a": 96}, "geometry": {"type": "Point", "coordinates": [693072.01, 5335706.07]}}, {"type": "Feature", "properties": {"k": "bench", "a": 95}, "geometry": {"type": "Point", "coordinates": [693079.25, 5335773.58]}}, {"type": "Feature", "properties": {"k": "bench", "a": 276}, "geometry": {"type": "Point", "coordinates": [693098.28, 5335911.27]}}, {"type": "Feature", "properties": {"k": "bench", "a": 272}, "geometry": {"type": "Point", "coordinates": [692875.98, 5335813.53]}}, {"type": "Feature", "properties": {"k": "bench", "a": 44}, "geometry": {"type": "Point", "coordinates": [693137.69, 5334793.18]}}, {"type": "Feature", "properties": {"k": "bench", "a": 54}, "geometry": {"type": "Point", "coordinates": [693141.59, 5334789.68]}}, {"type": "Feature", "properties": {"k": "bench", "a": 60}, "geometry": {"type": "Point", "coordinates": [693085.26, 5334853.34]}}, {"type": "Feature", "properties": {"k": "bench", "a": 18}, "geometry": {"type": "Point", "coordinates": [693087.76, 5334851.47]}}, {"type": "Feature", "properties": {"k": "bench", "a": 53}, "geometry": {"type": "Point", "coordinates": [693083.42, 5334851.3]}}, {"type": "Feature", "properties": {"k": "bench", "a": 131}, "geometry": {"type": "Point", "coordinates": [693175.15, 5334884.73]}}, {"type": "Feature", "properties": {"k": "bench", "a": 131}, "geometry": {"type": "Point", "coordinates": [693176.4, 5334888.33]}}, {"type": "Feature", "properties": {"k": "bench", "a": 131}, "geometry": {"type": "Point", "coordinates": [693179.72, 5334891.46]}}, {"type": "Feature", "properties": {"k": "bench", "a": 96}, "geometry": {"type": "Point", "coordinates": [693167.68, 5335072.37]}}, {"type": "Feature", "properties": {"k": "bench", "a": 96}, "geometry": {"type": "Point", "coordinates": [693166.75, 5335075.67]}}, {"type": "Feature", "properties": {"k": "bench", "a": 96}, "geometry": {"type": "Point", "coordinates": [693168.09, 5335079.46]}}, {"type": "Feature", "properties": {"k": "bench", "a": 233}, "geometry": {"type": "Point", "coordinates": [693088.81, 5335150.56]}}, {"type": "Feature", "properties": {"k": "bench", "a": 293}, "geometry": {"type": "Point", "coordinates": [692708.62, 5334280.38]}}, {"type": "Feature", "properties": {"k": "bench", "a": 293}, "geometry": {"type": "Point", "coordinates": [692705.98, 5334275.1]}}, {"type": "Feature", "properties": {"k": "bench", "a": 293}, "geometry": {"type": "Point", "coordinates": [692709.12, 5334274.65]}}, {"type": "Feature", "properties": {"k": "bench", "a": 293}, "geometry": {"type": "Point", "coordinates": [692711.47, 5334279.14]}}, {"type": "Feature", "properties": {"k": "bench", "a": 295}, "geometry": {"type": "Point", "coordinates": [692710.81, 5334291.57]}}, {"type": "Feature", "properties": {"k": "bench", "a": 295}, "geometry": {"type": "Point", "coordinates": [692720.01, 5334312.79]}}, {"type": "Feature", "properties": {"k": "bench", "a": 120}, "geometry": {"type": "Point", "coordinates": [692734.91, 5334360.96]}}, {"type": "Feature", "properties": {"k": "bench", "a": 30}, "geometry": {"type": "Point", "coordinates": [692729.78, 5334310.78]}}, {"type": "Feature", "properties": {"k": "bench", "a": 69}, "geometry": {"type": "Point", "coordinates": [692752.11, 5334294.74]}}, {"type": "Feature", "properties": {"k": "bench", "a": 67}, "geometry": {"type": "Point", "coordinates": [692749.53, 5334297.75]}}, {"type": "Feature", "properties": {"k": "bench", "a": 299}, "geometry": {"type": "Point", "coordinates": [692752.14, 5334375.85]}}, {"type": "Feature", "properties": {"k": "bench", "a": 290}, "geometry": {"type": "Point", "coordinates": [692792.0, 5334461.6]}}, {"type": "Feature", "properties": {"k": "bench", "a": 296}, "geometry": {"type": "Point", "coordinates": [692807.46, 5334499.99]}}, {"type": "Feature", "properties": {"k": "bench", "a": 296}, "geometry": {"type": "Point", "coordinates": [692819.35, 5334524.3]}}, {"type": "Feature", "properties": {"k": "bench", "a": 113}, "geometry": {"type": "Point", "coordinates": [693017.4, 5334969.32]}}, {"type": "Feature", "properties": {"k": "bench", "a": 113}, "geometry": {"type": "Point", "coordinates": [693019.76, 5334973.93]}}, {"type": "Feature", "properties": {"k": "bench", "a": 115}, "geometry": {"type": "Point", "coordinates": [693022.86, 5334979.32]}}, {"type": "Feature", "properties": {"k": "bench", "a": 59}, "geometry": {"type": "Point", "coordinates": [693048.71, 5335109.48]}}, {"type": "Feature", "properties": {"k": "bench", "back": false, "a": 105}, "geometry": {"type": "Point", "coordinates": [692986.82, 5335301.28]}}, {"type": "Feature", "properties": {"k": "bench", "a": 269}, "geometry": {"type": "Point", "coordinates": [692567.38, 5335820.69]}}, {"type": "Feature", "properties": {"k": "bench", "a": 273}, "geometry": {"type": "Point", "coordinates": [692832.22, 5335802.63]}}, {"type": "Feature", "properties": {"k": "bike", "n": 4, "a": 182}, "geometry": {"type": "Point", "coordinates": [693461.77, 5334279.09]}}, {"type": "Feature", "properties": {"k": "signal", "a": 193}, "geometry": {"type": "Point", "coordinates": [692543.69, 5335428.03]}}, {"type": "Feature", "properties": {"k": "signal", "a": 345}, "geometry": {"type": "Point", "coordinates": [692574.28, 5335244.41]}}, {"type": "Feature", "properties": {"k": "postbox", "a": 170}, "geometry": {"type": "Point", "coordinates": [693533.91, 5334998.06]}}, {"type": "Feature", "properties": {"k": "bollard"}, "geometry": {"type": "Point", "coordinates": [693710.79, 5334631.02]}}, {"type": "Feature", "properties": {"k": "signal", "a": 14}, "geometry": {"type": "Point", "coordinates": [693420.09, 5335216.05]}}, {"type": "Feature", "properties": {"k": "postbox", "a": 128}, "geometry": {"type": "Point", "coordinates": [692009.79, 5334941.18]}}, {"type": "Feature", "properties": {"k": "signal", "a": 263}, "geometry": {"type": "Point", "coordinates": [692173.16, 5334419.35]}}, {"type": "Feature", "properties": {"k": "postbox", "a": 157}, "geometry": {"type": "Point", "coordinates": [693107.3, 5334461.31]}}, {"type": "Feature", "properties": {"k": "water", "a": 276}, "geometry": {"type": "Point", "coordinates": [693162.61, 5334129.04]}}, {"type": "Feature", "properties": {"k": "bollard"}, "geometry": {"type": "Point", "coordinates": [692100.95, 5335950.32]}}, {"type": "Feature", "properties": {"k": "postbox", "a": 280}, "geometry": {"type": "Point", "coordinates": [693547.09, 5334244.28]}}, {"type": "Feature", "properties": {"k": "postbox", "a": 230}, "geometry": {"type": "Point", "coordinates": [693942.26, 5335647.19]}}, {"type": "Feature", "properties": {"k": "postbox", "a": 91}, "geometry": {"type": "Point", "coordinates": [693814.33, 5334828.02]}}, {"type": "Feature", "properties": {"k": "signal", "a": 194}, "geometry": {"type": "Point", "coordinates": [693414.34, 5335204.16]}}, {"type": "Feature", "properties": {"k": "signal", "a": 225}, "geometry": {"type": "Point", "coordinates": [693271.43, 5334221.92]}}, {"type": "Feature", "properties": {"k": "signal", "a": 9}, "geometry": {"type": "Point", "coordinates": [693584.39, 5334451.53]}}, {"type": "Feature", "properties": {"k": "signal", "a": 31}, "geometry": {"type": "Point", "coordinates": [692301.33, 5334240.09]}}, {"type": "Feature", "properties": {"k": "signal", "a": 300}, "geometry": {"type": "Point", "coordinates": [692390.06, 5334188.75]}}, {"type": "Feature", "properties": {"k": "postbox", "a": 205}, "geometry": {"type": "Point", "coordinates": [693292.91, 5335216.54]}}, {"type": "Feature", "properties": {"k": "bollard"}, "geometry": {"type": "Point", "coordinates": [692011.03, 5335293.91]}}, {"type": "Feature", "properties": {"k": "postbox", "a": 42}, "geometry": {"type": "Point", "coordinates": [693185.27, 5334123.92]}}, {"type": "Feature", "properties": {"k": "bollard"}, "geometry": {"type": "Point", "coordinates": [693385.12, 5334439.31]}}, {"type": "Feature", "properties": {"k": "bollard"}, "geometry": {"type": "Point", "coordinates": [693736.7, 5334696.35]}}, {"type": "Feature", "properties": {"k": "postbox", "a": 64}, "geometry": {"type": "Point", "coordinates": [693264.99, 5334231.31]}}, {"type": "Feature", "properties": {"k": "bollard"}, "geometry": {"type": "Point", "coordinates": [693163.83, 5334223.04]}}, {"type": "Feature", "properties": {"k": "bollard", "metal": true}, "geometry": {"type": "Point", "coordinates": [693399.88, 5334503.41]}}, {"type": "Feature", "properties": {"k": "bench", "a": 255}, "geometry": {"type": "Point", "coordinates": [693944.03, 5335106.82]}}, {"type": "Feature", "properties": {"k": "bench", "a": 5}, "geometry": {"type": "Point", "coordinates": [693949.65, 5335106.21]}}, {"type": "Feature", "properties": {"k": "bench", "a": 5}, "geometry": {"type": "Point", "coordinates": [693955.07, 5335105.6]}}, {"type": "Feature", "properties": {"k": "bench", "a": 101}, "geometry": {"type": "Point", "coordinates": [693972.59, 5335083.49]}}, {"type": "Feature", "properties": {"k": "bench", "a": 101}, "geometry": {"type": "Point", "coordinates": [693974.66, 5335093.31]}}, {"type": "Feature", "properties": {"k": "bench", "a": 197}, "geometry": {"type": "Point", "coordinates": [693969.83, 5335076.43]}}, {"type": "Feature", "properties": {"k": "signal", "a": 138}, "geometry": {"type": "Point", "coordinates": [693646.94, 5335821.58]}}, {"type": "Feature", "properties": {"k": "signal", "a": 139}, "geometry": {"type": "Point", "coordinates": [693639.08, 5335829.35]}}, {"type": "Feature", "properties": {"k": "postbox", "a": 293}, "geometry": {"type": "Point", "coordinates": [693452.37, 5335643.16]}}, {"type": "Feature", "properties": {"k": "postbox", "a": 92}, "geometry": {"type": "Point", "coordinates": [693756.24, 5335421.28]}}, {"type": "Feature", "properties": {"k": "bollard"}, "geometry": {"type": "Point", "coordinates": [692014.15, 5335260.56]}}, {"type": "Feature", "properties": {"k": "postbox", "a": 184}, "geometry": {"type": "Point", "coordinates": [693631.9, 5334650.52]}}, {"type": "Feature", "properties": {"k": "signal", "a": 118}, "geometry": {"type": "Point", "coordinates": [692202.84, 5334595.27]}}, {"type": "Feature", "properties": {"k": "signal", "a": 29}, "geometry": {"type": "Point", "coordinates": [693964.41, 5335036.62]}}, {"type": "Feature", "properties": {"k": "signal", "a": 180}, "geometry": {"type": "Point", "coordinates": [692508.53, 5334849.48]}}, {"type": "Feature", "properties": {"k": "signal", "a": 185}, "geometry": {"type": "Point", "coordinates": [692660.61, 5334171.69]}}, {"type": "Feature", "properties": {"k": "signal", "a": 321}, "geometry": {"type": "Point", "coordinates": [692673.81, 5334204.64]}}, {"type": "Feature", "properties": {"k": "signal", "a": 141}, "geometry": {"type": "Point", "coordinates": [692737.44, 5334273.09]}}, {"type": "Feature", "properties": {"k": "signal", "a": 76}, "geometry": {"type": "Point", "coordinates": [693169.68, 5334483.91]}}, {"type": "Feature", "properties": {"k": "signal", "a": 339}, "geometry": {"type": "Point", "coordinates": [692551.95, 5334161.04]}}, {"type": "Feature", "properties": {"k": "signal", "a": 152}, "geometry": {"type": "Point", "coordinates": [692167.24, 5334377.9]}}, {"type": "Feature", "properties": {"k": "signal", "a": 57}, "geometry": {"type": "Point", "coordinates": [692152.77, 5334400.63]}}, {"type": "Feature", "properties": {"k": "postbox", "a": 343}, "geometry": {"type": "Point", "coordinates": [692767.42, 5335181.23]}}, {"type": "Feature", "properties": {"k": "bench", "a": 96}, "geometry": {"type": "Point", "coordinates": [692299.81, 5335893.82]}}, {"type": "Feature", "properties": {"k": "bench", "a": 91}, "geometry": {"type": "Point", "coordinates": [692301.45, 5335916.42]}}, {"type": "Feature", "properties": {"k": "signal", "a": 175}, "geometry": {"type": "Point", "coordinates": [693600.5, 5334651.74]}}, {"type": "Feature", "properties": {"k": "hydrant"}, "geometry": {"type": "Point", "coordinates": [692207.21, 5334027.26]}}, {"type": "Feature", "properties": {"k": "hydrant"}, "geometry": {"type": "Point", "coordinates": [692072.26, 5334034.45]}}, {"type": "Feature", "properties": {"k": "hydrantsign", "a": 223}, "geometry": {"type": "Point", "coordinates": [693460.2, 5334046.24]}}, {"type": "Feature", "properties": {"k": "signal", "a": 319}, "geometry": {"type": "Point", "coordinates": [692674.55, 5334205.38]}}, {"type": "Feature", "properties": {"k": "hydrant"}, "geometry": {"type": "Point", "coordinates": [692995.85, 5335341.86]}}, {"type": "Feature", "properties": {"k": "hydrantsign", "a": 14}, "geometry": {"type": "Point", "coordinates": [692881.09, 5335366.85]}}, {"type": "Feature", "properties": {"k": "hydrantsign", "a": 14}, "geometry": {"type": "Point", "coordinates": [692791.22, 5335390.89]}}, {"type": "Feature", "properties": {"k": "hydrantsign", "a": 285}, "geometry": {"type": "Point", "coordinates": [692715.2, 5335436.48]}}, {"type": "Feature", "properties": {"k": "hydrant"}, "geometry": {"type": "Point", "coordinates": [692569.16, 5335461.26]}}, {"type": "Feature", "properties": {"k": "hydrantsign", "a": 190}, "geometry": {"type": "Point", "coordinates": [692178.82, 5335592.27]}}, {"type": "Feature", "properties": {"k": "hydrantsign", "a": 195}, "geometry": {"type": "Point", "coordinates": [692072.53, 5335622.27]}}, {"type": "Feature", "properties": {"k": "signal", "a": 140}, "geometry": {"type": "Point", "coordinates": [692700.52, 5334115.89]}}, {"type": "Feature", "properties": {"k": "signal", "a": 318}, "geometry": {"type": "Point", "coordinates": [692734.58, 5334120.39]}}, {"type": "Feature", "properties": {"k": "signal", "a": 47}, "geometry": {"type": "Point", "coordinates": [692699.29, 5334130.36]}}, {"type": "Feature", "properties": {"k": "signal", "a": 267}, "geometry": {"type": "Point", "coordinates": [693252.39, 5334264.86]}}, {"type": "Feature", "properties": {"k": "hydrantsign", "a": 140}, "geometry": {"type": "Point", "coordinates": [692138.82, 5334566.19]}}, {"type": "Feature", "properties": {"k": "hydrantsign", "a": 282}, "geometry": {"type": "Point", "coordinates": [692256.38, 5334856.9]}}, {"type": "Feature", "properties": {"k": "hydrantsign", "a": 42}, "geometry": {"type": "Point", "coordinates": [692008.0, 5335255.84]}}, {"type": "Feature", "properties": {"k": "signal", "a": 240}, "geometry": {"type": "Point", "coordinates": [692197.36, 5334315.81]}}, {"type": "Feature", "properties": {"k": "hydrant"}, "geometry": {"type": "Point", "coordinates": [692253.16, 5334064.57]}}, {"type": "Feature", "properties": {"k": "hydrant"}, "geometry": {"type": "Point", "coordinates": [692323.43, 5334118.14]}}, {"type": "Feature", "properties": {"k": "hydrant"}, "geometry": {"type": "Point", "coordinates": [692358.46, 5334151.96]}}, {"type": "Feature", "properties": {"k": "hydrantsign", "a": 104}, "geometry": {"type": "Point", "coordinates": [692322.8, 5334220.42]}}, {"type": "Feature", "properties": {"k": "hydrant"}, "geometry": {"type": "Point", "coordinates": [692294.32, 5334240.03]}}, {"type": "Feature", "properties": {"k": "hydrant"}, "geometry": {"type": "Point", "coordinates": [692243.43, 5334273.33]}}, {"type": "Feature", "properties": {"k": "hydrantsign", "a": 59}, "geometry": {"type": "Point", "coordinates": [692198.83, 5334310.08]}}, {"type": "Feature", "properties": {"k": "hydrantsign", "a": 63}, "geometry": {"type": "Point", "coordinates": [692157.67, 5334390.83]}}, {"type": "Feature", "properties": {"k": "hydrantsign", "a": 59}, "geometry": {"type": "Point", "coordinates": [692097.64, 5334474.09]}}, {"type": "Feature", "properties": {"k": "hydrantsign", "a": 280}, "geometry": {"type": "Point", "coordinates": [692046.04, 5334543.14]}}, {"type": "Feature", "properties": {"k": "hydrantsign", "a": 204}, "geometry": {"type": "Point", "coordinates": [692000.39, 5334583.54]}}, {"type": "Feature", "properties": {"k": "hydrant"}, "geometry": {"type": "Point", "coordinates": [692823.62, 5334034.0]}}, {"type": "Feature", "properties": {"k": "hydrantsign", "a": 45}, "geometry": {"type": "Point", "coordinates": [692787.92, 5334069.38]}}, {"type": "Feature", "properties": {"k": "hydrant"}, "geometry": {"type": "Point", "coordinates": [692742.66, 5334115.51]}}, {"type": "Feature", "properties": {"k": "hydrantsign", "a": 140}, "geometry": {"type": "Point", "coordinates": [692197.0, 5334140.01]}}, {"type": "Feature", "properties": {"k": "hydrantsign", "a": 354}, "geometry": {"type": "Point", "coordinates": [692568.44, 5334179.43]}}, {"type": "Feature", "properties": {"k": "hydrantsign", "a": 174}, "geometry": {"type": "Point", "coordinates": [692566.37, 5334179.42]}}, {"type": "Feature", "properties": {"k": "hydrantsign", "a": 192}, "geometry": {"type": "Point", "coordinates": [692688.0, 5334184.8]}}, {"type": "Feature", "properties": {"k": "hydrant"}, "geometry": {"type": "Point", "coordinates": [692252.28, 5334183.56]}}, {"type": "Feature", "properties": {"k": "hydrantsign", "a": 144}, "geometry": {"type": "Point", "coordinates": [692135.68, 5334094.04]}}, {"type": "Feature", "properties": {"k": "signal", "a": 149}, "geometry": {"type": "Point", "coordinates": [692199.47, 5334319.19]}}, {"type": "Feature", "properties": {"k": "signal", "a": 193}, "geometry": {"type": "Point", "coordinates": [692872.31, 5335844.08]}}, {"type": "Feature", "properties": {"k": "bike", "n": 12, "a": 20}, "geometry": {"type": "Point", "coordinates": [692560.36, 5334193.68]}}, {"type": "Feature", "properties": {"k": "bike", "n": 12, "a": 62}, "geometry": {"type": "Point", "coordinates": [692985.16, 5334442.9]}}, {"type": "Feature", "properties": {"k": "bike", "n": 3, "a": 51}, "geometry": {"type": "Point", "coordinates": [693106.42, 5334473.04]}}, {"type": "Feature", "properties": {"k": "bike", "n": 4, "a": 51}, "geometry": {"type": "Point", "coordinates": [693105.09, 5334478.01]}}, {"type": "Feature", "properties": {"k": "bike", "n": 10, "a": 316}, "geometry": {"type": "Point", "coordinates": [693113.22, 5334496.35]}}, {"type": "Feature", "properties": {"k": "bike", "n": 8, "a": 136}, "geometry": {"type": "Point", "coordinates": [693112.69, 5334505.06]}}, {"type": "Feature", "properties": {"k": "bike", "n": 5, "a": 12}, "geometry": {"type": "Point", "coordinates": [692012.39, 5335162.21]}}, {"type": "Feature", "properties": {"k": "bike", "n": 3, "a": 107}, "geometry": {"type": "Point", "coordinates": [692103.04, 5335187.81]}}, {"type": "Feature", "properties": {"k": "bike", "n": 3, "a": 107}, "geometry": {"type": "Point", "coordinates": [692105.36, 5335195.32]}}, {"type": "Feature", "properties": {"k": "bike", "n": 3, "a": 107}, "geometry": {"type": "Point", "coordinates": [692107.85, 5335203.27]}}, {"type": "Feature", "properties": {"k": "bike", "n": 6, "a": 107}, "geometry": {"type": "Point", "coordinates": [692109.11, 5335210.3]}}, {"type": "Feature", "properties": {"k": "bench", "a": 202}, "geometry": {"type": "Point", "coordinates": [693961.15, 5335408.26]}}, {"type": "Feature", "properties": {"k": "bench", "a": 183}, "geometry": {"type": "Point", "coordinates": [693929.35, 5335414.42]}}, {"type": "Feature", "properties": {"k": "bench", "a": 183}, "geometry": {"type": "Point", "coordinates": [693954.35, 5335410.8]}}, {"type": "Feature", "properties": {"k": "bench", "a": 109}, "geometry": {"type": "Point", "coordinates": [693916.42, 5335472.94]}}, {"type": "Feature", "properties": {"k": "bench", "a": 179}, "geometry": {"type": "Point", "coordinates": [693921.97, 5335477.37]}}, {"type": "Feature", "properties": {"k": "bench", "a": 179}, "geometry": {"type": "Point", "coordinates": [693939.49, 5335479.04]}}, {"type": "Feature", "properties": {"k": "bench", "a": 179}, "geometry": {"type": "Point", "coordinates": [693961.24, 5335480.26]}}, {"type": "Feature", "properties": {"k": "bench", "a": 169}, "geometry": {"type": "Point", "coordinates": [693947.55, 5335409.9]}}, {"type": "Feature", "properties": {"k": "column"}, "geometry": {"type": "Point", "coordinates": [692038.78, 5334582.45]}}, {"type": "Feature", "properties": {"k": "bench", "a": 276}, "geometry": {"type": "Point", "coordinates": [692926.23, 5334848.81]}}, {"type": "Feature", "properties": {"k": "bench", "a": 239}, "geometry": {"type": "Point", "coordinates": [692926.91, 5334845.01]}}, {"type": "Feature", "properties": {"k": "bench", "a": 276}, "geometry": {"type": "Point", "coordinates": [692926.15, 5334850.49]}}, {"type": "Feature", "properties": {"k": "bench", "a": 276}, "geometry": {"type": "Point", "coordinates": [692926.17, 5334853.43]}}, {"type": "Feature", "properties": {"k": "bench", "a": 276}, "geometry": {"type": "Point", "coordinates": [692926.28, 5334855.1]}}, {"type": "Feature", "properties": {"k": "bike", "n": 8, "a": 60}, "geometry": {"type": "Point", "coordinates": [692123.34, 5334444.35]}}, {"type": "Feature", "properties": {"k": "bike", "n": 5, "a": 42}, "geometry": {"type": "Point", "coordinates": [692135.61, 5334567.43]}}, {"type": "Feature", "properties": {"k": "bench", "a": 118}, "geometry": {"type": "Point", "coordinates": [692424.53, 5334231.97]}}, {"type": "Feature", "properties": {"k": "bench", "a": 118}, "geometry": {"type": "Point", "coordinates": [692426.99, 5334236.51]}}, {"type": "Feature", "properties": {"k": "bench", "a": 118}, "geometry": {"type": "Point", "coordinates": [692434.71, 5334250.46]}}, {"type": "Feature", "properties": {"k": "bench", "a": 118}, "geometry": {"type": "Point", "coordinates": [692437.17, 5334254.86]}}, {"type": "Feature", "properties": {"k": "bench", "a": 29}, "geometry": {"type": "Point", "coordinates": [692472.28, 5334278.63]}}, {"type": "Feature", "properties": {"k": "bench", "a": 29}, "geometry": {"type": "Point", "coordinates": [692469.95, 5334279.83]}}, {"type": "Feature", "properties": {"k": "bench", "a": 29}, "geometry": {"type": "Point", "coordinates": [692459.27, 5334285.49]}}, {"type": "Feature", "properties": {"k": "bench", "a": 29}, "geometry": {"type": "Point", "coordinates": [692456.76, 5334286.81]}}, {"type": "Feature", "properties": {"k": "bollard"}, "geometry": {"type": "Point", "coordinates": [693012.83, 5334087.76]}}, {"type": "Feature", "properties": {"k": "bollard"}, "geometry": {"type": "Point", "coordinates": [692871.13, 5334155.53]}}, {"type": "Feature", "properties": {"k": "bike", "n": 12, "a": 205}, "geometry": {"type": "Point", "coordinates": [692851.32, 5334173.87]}}, {"type": "Feature", "properties": {"k": "bollard"}, "geometry": {"type": "Point", "coordinates": [692822.41, 5334193.9]}}, {"type": "Feature", "properties": {"k": "bollard"}, "geometry": {"type": "Point", "coordinates": [692980.79, 5334590.29]}}, {"type": "Feature", "properties": {"k": "bench", "a": 151}, "geometry": {"type": "Point", "coordinates": [692987.91, 5334508.87]}}, {"type": "Feature", "properties": {"k": "bench", "a": 317}, "geometry": {"type": "Point", "coordinates": [693013.54, 5334526.67]}}, {"type": "Feature", "properties": {"k": "bench", "a": 272}, "geometry": {"type": "Point", "coordinates": [693020.86, 5334543.03]}}, {"type": "Feature", "properties": {"k": "bin"}, "geometry": {"type": "Point", "coordinates": [693020.16, 5334546.0]}}, {"type": "Feature", "properties": {"k": "bench", "a": 238}, "geometry": {"type": "Point", "coordinates": [693020.54, 5334548.78]}}, {"type": "Feature", "properties": {"k": "bollard"}, "geometry": {"type": "Point", "coordinates": [693012.08, 5334606.08]}}, {"type": "Feature", "properties": {"k": "bollard"}, "geometry": {"type": "Point", "coordinates": [693023.01, 5334606.74]}}, {"type": "Feature", "properties": {"k": "bike", "n": 12, "a": 49}, "geometry": {"type": "Point", "coordinates": [692959.56, 5334495.9]}}, {"type": "Feature", "properties": {"k": "bin"}, "geometry": {"type": "Point", "coordinates": [692958.34, 5334531.44]}}, {"type": "Feature", "properties": {"k": "bench", "a": 102}, "geometry": {"type": "Point", "coordinates": [692959.06, 5334533.42]}}, {"type": "Feature", "properties": {"k": "bench", "a": 102}, "geometry": {"type": "Point", "coordinates": [692962.61, 5334549.45]}}, {"type": "Feature", "properties": {"k": "bike", "n": 1, "a": 244}, "geometry": {"type": "Point", "coordinates": [692852.54, 5334379.11]}}, {"type": "Feature", "properties": {"k": "bike", "n": 1, "a": 242}, "geometry": {"type": "Point", "coordinates": [692895.5, 5334405.15]}}, {"type": "Feature", "properties": {"k": "bollard"}, "geometry": {"type": "Point", "coordinates": [692939.03, 5334038.26]}}, {"type": "Feature", "properties": {"k": "hydrant"}, "geometry": {"type": "Point", "coordinates": [692932.17, 5334059.59]}}, {"type": "Feature", "properties": {"k": "bike", "n": 1, "a": 9}, "geometry": {"type": "Point", "coordinates": [692074.17, 5335873.3]}}, {"type": "Feature", "properties": {"k": "bike", "n": 10, "a": 175}, "geometry": {"type": "Point", "coordinates": [693460.89, 5334661.69]}}, {"type": "Feature", "properties": {"k": "bollard"}, "geometry": {"type": "Point", "coordinates": [692216.33, 5335680.97]}}, {"type": "Feature", "properties": {"k": "bollard"}, "geometry": {"type": "Point", "coordinates": [692119.68, 5335611.48]}}, {"type": "Feature", "properties": {"k": "bollard"}, "geometry": {"type": "Point", "coordinates": [692121.79, 5335611.09]}}, {"type": "Feature", "properties": {"k": "bollard"}, "geometry": {"type": "Point", "coordinates": [692113.27, 5335607.37]}}, {"type": "Feature", "properties": {"k": "bollard"}, "geometry": {"type": "Point", "coordinates": [692121.34, 5335608.64]}}, {"type": "Feature", "properties": {"k": "bollard"}, "geometry": {"type": "Point", "coordinates": [692119.09, 5335609.05]}}, {"type": "Feature", "properties": {"k": "bollard"}, "geometry": {"type": "Point", "coordinates": [692116.3, 5335606.67]}}, {"type": "Feature", "properties": {"k": "bollard"}, "geometry": {"type": "Point", "coordinates": [692122.56, 5335605.2]}}, {"type": "Feature", "properties": {"k": "bollard"}, "geometry": {"type": "Point", "coordinates": [692118.3, 5335605.92]}}, {"type": "Feature", "properties": {"k": "bollard"}, "geometry": {"type": "Point", "coordinates": [692110.35, 5335608.05]}}, {"type": "Feature", "properties": {"k": "bollard"}, "geometry": {"type": "Point", "coordinates": [692120.5, 5335605.42]}}, {"type": "Feature", "properties": {"k": "bollard"}, "geometry": {"type": "Point", "coordinates": [692129.76, 5335603.52]}}, {"type": "Feature", "properties": {"k": "bollard"}, "geometry": {"type": "Point", "coordinates": [692125.98, 5335604.4]}}, {"type": "Feature", "properties": {"k": "bollard"}, "geometry": {"type": "Point", "coordinates": [692133.78, 5335602.58]}}, {"type": "Feature", "properties": {"k": "bollard"}, "geometry": {"type": "Point", "coordinates": [692137.67, 5335601.68]}}, {"type": "Feature", "properties": {"k": "bollard"}, "geometry": {"type": "Point", "coordinates": [692141.93, 5335600.68]}}, {"type": "Feature", "properties": {"k": "bollard"}, "geometry": {"type": "Point", "coordinates": [692146.06, 5335599.71]}}, {"type": "Feature", "properties": {"k": "bollard"}, "geometry": {"type": "Point", "coordinates": [692150.3, 5335598.73]}}, {"type": "Feature", "properties": {"k": "bollard"}, "geometry": {"type": "Point", "coordinates": [692154.06, 5335597.85]}}, {"type": "Feature", "properties": {"k": "bollard"}, "geometry": {"type": "Point", "coordinates": [692158.05, 5335596.92]}}, {"type": "Feature", "properties": {"k": "bollard"}, "geometry": {"type": "Point", "coordinates": [692162.12, 5335595.97]}}, {"type": "Feature", "properties": {"k": "bollard"}, "geometry": {"type": "Point", "coordinates": [692165.95, 5335595.07]}}, {"type": "Feature", "properties": {"k": "bollard"}, "geometry": {"type": "Point", "coordinates": [692169.58, 5335594.23]}}, {"type": "Feature", "properties": {"k": "bollard"}, "geometry": {"type": "Point", "coordinates": [692174.47, 5335598.31]}}, {"type": "Feature", "properties": {"k": "bollard"}, "geometry": {"type": "Point", "coordinates": [692176.99, 5335597.66]}}, {"type": "Feature", "properties": {"k": "bollard"}, "geometry": {"type": "Point", "coordinates": [692172.83, 5335595.21]}}, {"type": "Feature", "properties": {"k": "bollard"}, "geometry": {"type": "Point", "coordinates": [692179.57, 5335597.0]}}, {"type": "Feature", "properties": {"k": "bollard"}, "geometry": {"type": "Point", "coordinates": [692180.79, 5335601.21]}}, {"type": "Feature", "properties": {"k": "bollard"}, "geometry": {"type": "Point", "coordinates": [692181.63, 5335604.98]}}, {"type": "Feature", "properties": {"k": "bollard"}, "geometry": {"type": "Point", "coordinates": [692182.63, 5335608.47]}}, {"type": "Feature", "properties": {"k": "bollard"}, "geometry": {"type": "Point", "coordinates": [692185.18, 5335618.05]}}, {"type": "Feature", "properties": {"k": "bollard"}, "geometry": {"type": "Point", "coordinates": [692186.94, 5335624.64]}}, {"type": "Feature", "properties": {"k": "bollard"}, "geometry": {"type": "Point", "coordinates": [692187.79, 5335627.83]}}, {"type": "Feature", "properties": {"k": "bollard"}, "geometry": {"type": "Point", "coordinates": [692183.41, 5335611.4]}}, {"type": "Feature", "properties": {"k": "bollard"}, "geometry": {"type": "Point", "coordinates": [692184.29, 5335614.7]}}, {"type": "Feature", "properties": {"k": "bollard"}, "geometry": {"type": "Point", "coordinates": [692186.07, 5335621.38]}}, {"type": "Feature", "properties": {"k": "bollard"}, "geometry": {"type": "Point", "coordinates": [692188.67, 5335631.15]}}, {"type": "Feature", "properties": {"k": "bollard"}, "geometry": {"type": "Point", "coordinates": [692190.72, 5335638.81]}}, {"type": "Feature", "properties": {"k": "bollard"}, "geometry": {"type": "Point", "coordinates": [692191.86, 5335643.11]}}, {"type": "Feature", "properties": {"k": "bollard"}, "geometry": {"type": "Point", "coordinates": [692194.35, 5335652.45]}}, {"type": "Feature", "properties": {"k": "bollard"}, "geometry": {"type": "Point", "coordinates": [692196.87, 5335661.89]}}, {"type": "Feature", "properties": {"k": "bollard"}, "geometry": {"type": "Point", "coordinates": [692195.57, 5335657.02]}}, {"type": "Feature", "properties": {"k": "bollard"}, "geometry": {"type": "Point", "coordinates": [692193.01, 5335647.41]}}, {"type": "Feature", "properties": {"k": "bollard"}, "geometry": {"type": "Point", "coordinates": [692189.64, 5335634.75]}}, {"type": "Feature", "properties": {"k": "bollard"}, "geometry": {"type": "Point", "coordinates": [692198.2, 5335666.87]}}, {"type": "Feature", "properties": {"k": "bollard"}, "geometry": {"type": "Point", "coordinates": [692200.55, 5335675.7]}}, {"type": "Feature", "properties": {"k": "bollard"}, "geometry": {"type": "Point", "coordinates": [692201.72, 5335680.11]}}, {"type": "Feature", "properties": {"k": "bollard"}, "geometry": {"type": "Point", "coordinates": [692199.45, 5335671.58]}}, {"type": "Feature", "properties": {"k": "bollard"}, "geometry": {"type": "Point", "coordinates": [692203.87, 5335688.38]}}, {"type": "Feature", "properties": {"k": "bollard"}, "geometry": {"type": "Point", "coordinates": [692202.82, 5335684.2]}}, {"type": "Feature", "properties": {"k": "bollard"}, "geometry": {"type": "Point", "coordinates": [692143.23, 5335700.51]}}, {"type": "Feature", "properties": {"k": "bollard"}, "geometry": {"type": "Point", "coordinates": [692154.42, 5335698.8]}}, {"type": "Feature", "properties": {"k": "bollard"}, "geometry": {"type": "Point", "coordinates": [692158.95, 5335698.11]}}, {"type": "Feature", "properties": {"k": "bollard"}, "geometry": {"type": "Point", "coordinates": [692170.84, 5335696.3]}}, {"type": "Feature", "properties": {"k": "bollard"}, "geometry": {"type": "Point", "coordinates": [692176.29, 5335695.47]}}, {"type": "Feature", "properties": {"k": "bollard"}, "geometry": {"type": "Point", "coordinates": [692182.66, 5335694.49]}}, {"type": "Feature", "properties": {"k": "bollard"}, "geometry": {"type": "Point", "coordinates": [692188.25, 5335693.64]}}, {"type": "Feature", "properties": {"k": "bollard"}, "geometry": {"type": "Point", "coordinates": [692194.35, 5335692.71]}}, {"type": "Feature", "properties": {"k": "bollard"}, "geometry": {"type": "Point", "coordinates": [692199.88, 5335691.86]}}, {"type": "Feature", "properties": {"k": "bollard"}, "geometry": {"type": "Point", "coordinates": [692142.9, 5335698.85]}}, {"type": "Feature", "properties": {"k": "bollard"}, "geometry": {"type": "Point", "coordinates": [692151.66, 5335697.45]}}, {"type": "Feature", "properties": {"k": "bollard"}, "geometry": {"type": "Point", "coordinates": [692139.41, 5335701.09]}}, {"type": "Feature", "properties": {"k": "bollard"}, "geometry": {"type": "Point", "coordinates": [692165.17, 5335697.16]}}, {"type": "Feature", "properties": {"k": "bollard"}, "geometry": {"type": "Point", "coordinates": [692151.96, 5335699.18]}}, {"type": "Feature", "properties": {"k": "bollard"}, "geometry": {"type": "Point", "coordinates": [692135.59, 5335701.68]}}, {"type": "Feature", "properties": {"k": "bollard"}, "geometry": {"type": "Point", "coordinates": [692142.73, 5335697.0]}}, {"type": "Feature", "properties": {"k": "bollard"}, "geometry": {"type": "Point", "coordinates": [692151.54, 5335695.46]}}, {"type": "Feature", "properties": {"k": "bench", "a": 199}, "geometry": {"type": "Point", "coordinates": [692588.71, 5334801.42]}}, {"type": "Feature", "properties": {"k": "bench", "a": 194}, "geometry": {"type": "Point", "coordinates": [692599.62, 5334798.71]}}, {"type": "Feature", "properties": {"k": "bench", "back": false, "a": 104}, "geometry": {"type": "Point", "coordinates": [693340.89, 5334469.75]}}, {"type": "Feature", "properties": {"k": "bike", "n": 6, "a": 85}, "geometry": {"type": "Point", "coordinates": [693345.09, 5334514.09]}}, {"type": "Feature", "properties": {"k": "bollard"}, "geometry": {"type": "Point", "coordinates": [692821.25, 5334044.93]}}, {"type": "Feature", "properties": {"k": "bin"}, "geometry": {"type": "Point", "coordinates": [692238.57, 5334373.32]}}, {"type": "Feature", "properties": {"k": "bench", "a": 153}, "geometry": {"type": "Point", "coordinates": [692191.9, 5334417.74]}}, {"type": "Feature", "properties": {"k": "bench", "a": 99}, "geometry": {"type": "Point", "coordinates": [692153.18, 5334477.73]}}, {"type": "Feature", "properties": {"k": "bin"}, "geometry": {"type": "Point", "coordinates": [692187.93, 5334435.56]}}, {"type": "Feature", "properties": {"k": "postbox", "a": 117}, "geometry": {"type": "Point", "coordinates": [693963.88, 5335123.36]}}, {"type": "Feature", "properties": {"k": "signal", "a": 322}, "geometry": {"type": "Point", "coordinates": [692573.56, 5334801.42]}}, {"type": "Feature", "properties": {"k": "bench", "a": 340}, "geometry": {"type": "Point", "coordinates": [693125.61, 5335178.94]}}, {"type": "Feature", "properties": {"k": "bench", "a": 306}, "geometry": {"type": "Point", "coordinates": [693134.54, 5335184.16]}}, {"type": "Feature", "properties": {"k": "bench", "a": 48}, "geometry": {"type": "Point", "coordinates": [693109.13, 5335183.58]}}, {"type": "Feature", "properties": {"k": "bench", "a": 83}, "geometry": {"type": "Point", "coordinates": [693104.95, 5335192.24]}}, {"type": "Feature", "properties": {"k": "bench", "a": 285}, "geometry": {"type": "Point", "coordinates": [693145.35, 5335220.66]}}, {"type": "Feature", "properties": {"k": "bench", "a": 105}, "geometry": {"type": "Point", "coordinates": [693110.59, 5335230.27]}}, {"type": "Feature", "properties": {"k": "bench", "a": 14}, "geometry": {"type": "Point", "coordinates": [693140.78, 5335262.38]}}, {"type": "Feature", "properties": {"k": "bench", "a": 26}, "geometry": {"type": "Point", "coordinates": [693135.15, 5335263.81]}}, {"type": "Feature", "properties": {"k": "bench", "a": 285}, "geometry": {"type": "Point", "coordinates": [693178.46, 5335341.74]}}, {"type": "Feature", "properties": {"k": "bench", "a": 105}, "geometry": {"type": "Point", "coordinates": [693142.64, 5335351.78]}}, {"type": "Feature", "properties": {"k": "bench", "a": 252}, "geometry": {"type": "Point", "coordinates": [693179.74, 5335375.88]}}, {"type": "Feature", "properties": {"k": "bench", "a": 217}, "geometry": {"type": "Point", "coordinates": [693175.45, 5335381.35]}}, {"type": "Feature", "properties": {"k": "bench", "a": 145}, "geometry": {"type": "Point", "coordinates": [693157.52, 5335381.69]}}, {"type": "Feature", "properties": {"k": "bench", "a": 164}, "geometry": {"type": "Point", "coordinates": [693163.47, 5335384.44]}}, {"type": "Feature", "properties": {"k": "signal", "a": 313}, "geometry": {"type": "Point", "coordinates": [692501.39, 5334852.42]}}, {"type": "Feature", "properties": {"k": "bench", "a": 105}, "geometry": {"type": "Point", "coordinates": [692552.09, 5335415.61]}}, {"type": "Feature", "properties": {"k": "bench", "a": 221}, "geometry": {"type": "Point", "coordinates": [692558.14, 5335474.73]}}, {"type": "Feature", "properties": {"k": "bench", "a": 73}, "geometry": {"type": "Point", "coordinates": [692562.99, 5335059.74]}}, {"type": "Feature", "properties": {"k": "bike", "n": 1, "a": 297}, "geometry": {"type": "Point", "coordinates": [692536.22, 5334012.22]}}, {"type": "Feature", "properties": {"k": "hydrantsign", "a": 306}, "geometry": {"type": "Point", "coordinates": [692441.03, 5334015.84]}}, {"type": "Feature", "properties": {"k": "bollard", "metal": true}, "geometry": {"type": "Point", "coordinates": [693757.9, 5334808.65]}}, {"type": "Feature", "properties": {"k": "hydrantsign", "a": 313}, "geometry": {"type": "Point", "coordinates": [693973.68, 5334090.91]}}, {"type": "Feature", "properties": {"k": "hydrantsign", "a": 313}, "geometry": {"type": "Point", "coordinates": [693949.46, 5334062.87]}}, {"type": "Feature", "properties": {"k": "hydrantsign", "a": 292}, "geometry": {"type": "Point", "coordinates": [693996.43, 5334262.58]}}, {"type": "Feature", "properties": {"k": "hydrantsign", "a": 180}, "geometry": {"type": "Point", "coordinates": [693847.15, 5334250.22]}}, {"type": "Feature", "properties": {"k": "hydrantsign", "a": 134}, "geometry": {"type": "Point", "coordinates": [693929.96, 5334170.56]}}, {"type": "Feature", "properties": {"k": "hydrantsign", "a": 223}, "geometry": {"type": "Point", "coordinates": [693918.04, 5334188.21]}}, {"type": "Feature", "properties": {"k": "hydrantsign", "a": 177}, "geometry": {"type": "Point", "coordinates": [693815.01, 5334086.33]}}, {"type": "Feature", "properties": {"k": "hydrantsign", "a": 134}, "geometry": {"type": "Point", "coordinates": [693858.67, 5334098.82]}}, {"type": "Feature", "properties": {"k": "hydrant"}, "geometry": {"type": "Point", "coordinates": [693817.39, 5334193.56]}}, {"type": "Feature", "properties": {"k": "hydrantsign", "a": 268}, "geometry": {"type": "Point", "coordinates": [693822.88, 5334121.05]}}, {"type": "Feature", "properties": {"k": "hydrantsign", "a": 88}, "geometry": {"type": "Point", "coordinates": [693830.9, 5334179.48]}}, {"type": "Feature", "properties": {"k": "hydrantsign", "a": 274}, "geometry": {"type": "Point", "coordinates": [693816.11, 5334309.45]}}, {"type": "Feature", "properties": {"k": "hydrantsign", "a": 6}, "geometry": {"type": "Point", "coordinates": [693806.01, 5334373.51]}}, {"type": "Feature", "properties": {"k": "hydrant"}, "geometry": {"type": "Point", "coordinates": [693734.55, 5334396.34]}}, {"type": "Feature", "properties": {"k": "hydrantsign", "a": 19}, "geometry": {"type": "Point", "coordinates": [693726.68, 5334385.75]}}, {"type": "Feature", "properties": {"k": "hydrantsign", "a": 100}, "geometry": {"type": "Point", "coordinates": [693740.23, 5334339.28]}}, {"type": "Feature", "properties": {"k": "bike", "n": 3, "a": 223}, "geometry": {"type": "Point", "coordinates": [693875.74, 5334264.16]}}, {"type": "Feature", "properties": {"k": "bench", "a": 7}, "geometry": {"type": "Point", "coordinates": [692458.05, 5334564.82]}}, {"type": "Feature", "properties": {"k": "bench", "back": false, "a": 301}, "geometry": {"type": "Point", "coordinates": [692440.12, 5334566.41]}}, {"type": "Feature", "properties": {"k": "bench", "a": 183}, "geometry": {"type": "Point", "coordinates": [692501.04, 5334860.27]}}, {"type": "Feature", "properties": {"k": "signal", "a": 149}, "geometry": {"type": "Point", "coordinates": [692153.47, 5334424.09]}}, {"type": "Feature", "properties": {"k": "signal", "a": 65}, "geometry": {"type": "Point", "coordinates": [692153.34, 5334426.69]}}, {"type": "Feature", "properties": {"k": "bench", "a": 211}, "geometry": {"type": "Point", "coordinates": [692582.14, 5335052.33]}}, {"type": "Feature", "properties": {"k": "bench", "a": 113}, "geometry": {"type": "Point", "coordinates": [692865.37, 5335808.01]}}, {"type": "Feature", "properties": {"k": "bench", "a": 92}, "geometry": {"type": "Point", "coordinates": [692866.39, 5335813.69]}}, {"type": "Feature", "properties": {"k": "bench", "back": false, "a": 317}, "geometry": {"type": "Point", "coordinates": [693274.1, 5334217.2]}}, {"type": "Feature", "properties": {"k": "bench", "back": false, "a": 318}, "geometry": {"type": "Point", "coordinates": [693257.01, 5334219.69]}}, {"type": "Feature", "properties": {"k": "bench", "back": false, "a": 267}, "geometry": {"type": "Point", "coordinates": [693268.14, 5334235.75]}}, {"type": "Feature", "properties": {"k": "bench", "back": false, "a": 224}, "geometry": {"type": "Point", "coordinates": [693309.85, 5334211.41]}}, {"type": "Feature", "properties": {"k": "bench", "a": 44}, "geometry": {"type": "Point", "coordinates": [693310.5, 5334233.68]}}, {"type": "Feature", "properties": {"k": "bench", "a": 312}, "geometry": {"type": "Point", "coordinates": [693302.75, 5334498.71]}}, {"type": "Feature", "properties": {"k": "bench", "a": 311}, "geometry": {"type": "Point", "coordinates": [693287.54, 5334506.88]}}, {"type": "Feature", "properties": {"k": "bench", "a": 2}, "geometry": {"type": "Point", "coordinates": [693345.99, 5334646.67]}}, {"type": "Feature", "properties": {"k": "bench", "a": 359}, "geometry": {"type": "Point", "coordinates": [693334.63, 5334647.04]}}, {"type": "Feature", "properties": {"k": "bench", "a": 130}, "geometry": {"type": "Point", "coordinates": [693614.91, 5335788.3]}}, {"type": "Feature", "properties": {"k": "bench", "a": 136}, "geometry": {"type": "Point", "coordinates": [693653.68, 5335847.52]}}, {"type": "Feature", "properties": {"k": "bench", "a": 89}, "geometry": {"type": "Point", "coordinates": [693510.24, 5335466.1]}}, {"type": "Feature", "properties": {"k": "bench", "a": 89}, "geometry": {"type": "Point", "coordinates": [693491.94, 5335519.99]}}, {"type": "Feature", "properties": {"k": "bench", "a": 12}, "geometry": {"type": "Point", "coordinates": [693420.06, 5335187.21]}}, {"type": "Feature", "properties": {"k": "signal", "a": 15}, "geometry": {"type": "Point", "coordinates": [693429.45, 5335214.37]}}, {"type": "Feature", "properties": {"k": "signal", "a": 15}, "geometry": {"type": "Point", "coordinates": [693410.7, 5335219.14]}}, {"type": "Feature", "properties": {"k": "bench", "back": false, "a": 294}, "geometry": {"type": "Point", "coordinates": [693422.81, 5335235.76]}}, {"type": "Feature", "properties": {"k": "bench", "back": false, "a": 341}, "geometry": {"type": "Point", "coordinates": [693129.49, 5334457.05]}}, {"type": "Feature", "properties": {"k": "bench", "a": 162}, "geometry": {"type": "Point", "coordinates": [693115.24, 5334467.33]}}, {"type": "Feature", "properties": {"k": "bench", "back": false, "a": 152}, "geometry": {"type": "Point", "coordinates": [692819.96, 5334308.72]}}, {"type": "Feature", "properties": {"k": "bench", "back": false, "a": 154}, "geometry": {"type": "Point", "coordinates": [692817.29, 5334321.28]}}, {"type": "Feature", "properties": {"k": "bench", "back": false, "a": 200}, "geometry": {"type": "Point", "coordinates": [692407.43, 5334187.59]}}, {"type": "Feature", "properties": {"k": "bench", "back": false, "a": 202}, "geometry": {"type": "Point", "coordinates": [692412.71, 5334206.44]}}, {"type": "Feature", "properties": {"k": "bench", "a": 182}, "geometry": {"type": "Point", "coordinates": [693126.5, 5334676.37]}}, {"type": "Feature", "properties": {"k": "bench", "a": 31}, "geometry": {"type": "Point", "coordinates": [693120.39, 5334692.87]}}, {"type": "Feature", "properties": {"k": "bin"}, "geometry": {"type": "Point", "coordinates": [692509.77, 5335468.83]}}, {"type": "Feature", "properties": {"k": "bench", "a": 197}, "geometry": {"type": "Point", "coordinates": [692507.65, 5335469.44]}}, {"type": "Feature", "properties": {"k": "signal", "a": 169}, "geometry": {"type": "Point", "coordinates": [693995.93, 5335014.0]}}, {"type": "Feature", "properties": {"k": "signal", "a": 216}, "geometry": {"type": "Point", "coordinates": [693916.88, 5335102.15]}}, {"type": "Feature", "properties": {"k": "signal", "a": 198}, "geometry": {"type": "Point", "coordinates": [693889.01, 5335095.9]}}, {"type": "Feature", "properties": {"k": "signal", "a": 359}, "geometry": {"type": "Point", "coordinates": [693904.33, 5335121.54]}}, {"type": "Feature", "properties": {"k": "bollard"}, "geometry": {"type": "Point", "coordinates": [692556.57, 5334046.92]}}, {"type": "Feature", "properties": {"k": "bollard"}, "geometry": {"type": "Point", "coordinates": [692185.83, 5335594.36]}}, {"type": "Feature", "properties": {"k": "hydrant"}, "geometry": {"type": "Point", "coordinates": [692325.73, 5334265.55]}}, {"type": "Feature", "properties": {"k": "hydrantsign", "a": 214}, "geometry": {"type": "Point", "coordinates": [692259.29, 5334292.57]}}, {"type": "Feature", "properties": {"k": "hydrantsign", "a": 201}, "geometry": {"type": "Point", "coordinates": [692402.32, 5334182.41]}}, {"type": "Feature", "properties": {"k": "bench", "a": 298}, "geometry": {"type": "Point", "coordinates": [692443.84, 5334223.48]}}, {"type": "Feature", "properties": {"k": "bin"}, "geometry": {"type": "Point", "coordinates": [692445.07, 5334225.74]}}, {"type": "Feature", "properties": {"k": "bench", "a": 298}, "geometry": {"type": "Point", "coordinates": [692446.3, 5334228.01]}}, {"type": "Feature", "properties": {"k": "bin"}, "geometry": {"type": "Point", "coordinates": [692425.76, 5334234.24]}}, {"type": "Feature", "properties": {"k": "bench", "a": 298}, "geometry": {"type": "Point", "coordinates": [692454.02, 5334241.97]}}, {"type": "Feature", "properties": {"k": "bin"}, "geometry": {"type": "Point", "coordinates": [692455.25, 5334244.17]}}, {"type": "Feature", "properties": {"k": "bench", "a": 298}, "geometry": {"type": "Point", "coordinates": [692456.48, 5334246.37]}}, {"type": "Feature", "properties": {"k": "bin"}, "geometry": {"type": "Point", "coordinates": [692435.94, 5334252.66]}}, {"type": "Feature", "properties": {"k": "bench", "a": 18}, "geometry": {"type": "Point", "coordinates": [692029.24, 5335800.03]}}, {"type": "Feature", "properties": {"k": "hydrantsign", "a": 319}, "geometry": {"type": "Point", "coordinates": [692072.29, 5335483.11]}}, {"type": "Feature", "properties": {"k": "bench", "a": 74}, "geometry": {"type": "Point", "coordinates": [692485.05, 5335724.43]}}, {"type": "Feature", "properties": {"k": "bench", "a": 87}, "geometry": {"type": "Point", "coordinates": [693254.33, 5335439.79]}}, {"type": "Feature", "properties": {"k": "bench", "a": 90}, "geometry": {"type": "Point", "coordinates": [693206.98, 5335477.91]}}, {"type": "Feature", "properties": {"k": "bench", "a": 90}, "geometry": {"type": "Point", "coordinates": [693206.56, 5335481.44]}}, {"type": "Feature", "properties": {"k": "bench", "a": 90}, "geometry": {"type": "Point", "coordinates": [693208.27, 5335484.42]}}, {"type": "Feature", "properties": {"k": "bench", "a": 226}, "geometry": {"type": "Point", "coordinates": [693171.87, 5335550.38]}}, {"type": "Feature", "properties": {"k": "hydrantsign", "a": 2}, "geometry": {"type": "Point", "coordinates": [693448.56, 5334270.92]}}, {"type": "Feature", "properties": {"k": "bench", "a": 194}, "geometry": {"type": "Point", "coordinates": [692457.35, 5334820.94]}}, {"type": "Feature", "properties": {"k": "bench", "a": 45}, "geometry": {"type": "Point", "coordinates": [692389.07, 5334836.32]}}, {"type": "Feature", "properties": {"k": "bench", "a": 43}, "geometry": {"type": "Point", "coordinates": [693954.2, 5334338.92]}}, {"type": "Feature", "properties": {"k": "bench", "a": 313}, "geometry": {"type": "Point", "coordinates": [693955.26, 5334315.03]}}, {"type": "Feature", "properties": {"k": "bench", "a": 43}, "geometry": {"type": "Point", "coordinates": [693928.03, 5334314.6]}}, {"type": "Feature", "properties": {"k": "bench", "a": 43}, "geometry": {"type": "Point", "coordinates": [693950.58, 5334315.24]}}, {"type": "Feature", "properties": {"k": "bench", "a": 313}, "geometry": {"type": "Point", "coordinates": [693956.18, 5334315.96]}}, {"type": "Feature", "properties": {"k": "bench", "a": 43}, "geometry": {"type": "Point", "coordinates": [693926.95, 5334315.47]}}, {"type": "Feature", "properties": {"k": "bench", "a": 223}, "geometry": {"type": "Point", "coordinates": [693956.19, 5334320.24]}}, {"type": "Feature", "properties": {"k": "bench", "a": 133}, "geometry": {"type": "Point", "coordinates": [693926.85, 5334319.39]}}, {"type": "Feature", "properties": {"k": "bench", "a": 223}, "geometry": {"type": "Point", "coordinates": [693933.42, 5334319.91]}}, {"type": "Feature", "properties": {"k": "bench", "a": 223}, "geometry": {"type": "Point", "coordinates": [693955.11, 5334321.1]}}, {"type": "Feature", "properties": {"k": "bench", "a": 133}, "geometry": {"type": "Point", "coordinates": [693927.76, 5334320.32]}}, {"type": "Feature", "properties": {"k": "bench", "a": 223}, "geometry": {"type": "Point", "coordinates": [693932.34, 5334320.78]}}, {"type": "Feature", "properties": {"k": "bench", "a": 43}, "geometry": {"type": "Point", "coordinates": [693944.55, 5334332.04]}}, {"type": "Feature", "properties": {"k": "bench", "a": 43}, "geometry": {"type": "Point", "coordinates": [693943.47, 5334332.9]}}, {"type": "Feature", "properties": {"k": "bench", "a": 223}, "geometry": {"type": "Point", "coordinates": [693950.02, 5334337.11]}}, {"type": "Feature", "properties": {"k": "bench", "a": 133}, "geometry": {"type": "Point", "coordinates": [693943.85, 5334337.04]}}, {"type": "Feature", "properties": {"k": "bench", "a": 223}, "geometry": {"type": "Point", "coordinates": [693948.94, 5334337.97]}}, {"type": "Feature", "properties": {"k": "bench", "a": 133}, "geometry": {"type": "Point", "coordinates": [693944.77, 5334337.98]}}, {"type": "Feature", "properties": {"k": "postbox", "a": 183}, "geometry": {"type": "Point", "coordinates": [693286.73, 5334664.06]}}, {"type": "Feature", "properties": {"k": "column"}, "geometry": {"type": "Point", "coordinates": [693839.3, 5334247.96]}}, {"type": "Feature", "properties": {"k": "bench", "a": 228}, "geometry": {"type": "Point", "coordinates": [693835.61, 5334268.23]}}, {"type": "Feature", "properties": {"k": "bench", "a": 215}, "geometry": {"type": "Point", "coordinates": [693834.23, 5334268.76]}}, {"type": "Feature", "properties": {"k": "bench", "a": 231}, "geometry": {"type": "Point", "coordinates": [693836.73, 5334268.7]}}, {"type": "Feature", "properties": {"k": "bench", "a": 203}, "geometry": {"type": "Point", "coordinates": [693833.61, 5334270.14]}}, {"type": "Feature", "properties": {"k": "bench", "a": 227}, "geometry": {"type": "Point", "coordinates": [693837.32, 5334269.95]}}, {"type": "Feature", "properties": {"k": "bench", "a": 203}, "geometry": {"type": "Point", "coordinates": [693834.08, 5334271.48]}}, {"type": "Feature", "properties": {"k": "bench", "a": 219}, "geometry": {"type": "Point", "coordinates": [693836.8, 5334271.18]}}, {"type": "Feature", "properties": {"k": "bench", "a": 209}, "geometry": {"type": "Point", "coordinates": [693835.34, 5334271.97]}}, {"type": "Feature", "properties": {"k": "bench", "a": 43}, "geometry": {"type": "Point", "coordinates": [693949.74, 5334316.12]}}, {"type": "Feature", "properties": {"k": "bench", "a": 43}, "geometry": {"type": "Point", "coordinates": [693952.04, 5334340.9]}}, {"type": "Feature", "properties": {"k": "postbox", "a": 269}, "geometry": {"type": "Point", "coordinates": [693832.06, 5334315.53]}}, {"type": "Feature", "properties": {"k": "bench", "a": 43}, "geometry": {"type": "Point", "coordinates": [693949.77, 5334343.12]}}, {"type": "Feature", "properties": {"k": "postbox", "a": 318}, "geometry": {"type": "Point", "coordinates": [693658.04, 5335822.74]}}, {"type": "Feature", "properties": {"k": "bench", "a": 88}, "geometry": {"type": "Point", "coordinates": [692874.98, 5335821.52]}}, {"type": "Feature", "properties": {"k": "bench", "a": 43}, "geometry": {"type": "Point", "coordinates": [693951.68, 5335031.85]}}, {"type": "Feature", "properties": {"k": "bench", "a": 130}, "geometry": {"type": "Point", "coordinates": [693928.81, 5335103.97]}}, {"type": "Feature", "properties": {"k": "bike", "n": 7, "a": 271}, "geometry": {"type": "Point", "coordinates": [693932.84, 5335112.76]}}, {"type": "Feature", "properties": {"k": "bench", "a": 144}, "geometry": {"type": "Point", "coordinates": [693929.19, 5335698.18]}}, {"type": "Feature", "properties": {"k": "postbox", "a": 277}, "geometry": {"type": "Point", "coordinates": [693337.44, 5334803.5]}}, {"type": "Feature", "properties": {"k": "bike", "n": 5, "a": 69}, "geometry": {"type": "Point", "coordinates": [692117.16, 5334560.04]}}, {"type": "Feature", "properties": {"k": "bin"}, "geometry": {"type": "Point", "coordinates": [692026.9, 5335802.25]}}, {"type": "Feature", "properties": {"k": "bench", "a": 281}, "geometry": {"type": "Point", "coordinates": [693753.67, 5334417.25]}}, {"type": "Feature", "properties": {"k": "bench", "a": 265}, "geometry": {"type": "Point", "coordinates": [693739.58, 5334410.8]}}, {"type": "Feature", "properties": {"k": "bench", "a": 258}, "geometry": {"type": "Point", "coordinates": [693739.74, 5334415.1]}}, {"type": "Feature", "properties": {"k": "bin"}, "geometry": {"type": "Point", "coordinates": [693748.82, 5334416.74]}}, {"type": "Feature", "properties": {"k": "bench", "a": 302}, "geometry": {"type": "Point", "coordinates": [693798.99, 5334407.12]}}, {"type": "Feature", "properties": {"k": "bin"}, "geometry": {"type": "Point", "coordinates": [693802.36, 5334411.21]}}, {"type": "Feature", "properties": {"k": "bench", "a": 12}, "geometry": {"type": "Point", "coordinates": [693749.88, 5334464.96]}}, {"type": "Feature", "properties": {"k": "bin"}, "geometry": {"type": "Point", "coordinates": [693768.44, 5334489.09]}}, {"type": "Feature", "properties": {"k": "bin"}, "geometry": {"type": "Point", "coordinates": [693780.52, 5334468.79]}}, {"type": "Feature", "properties": {"k": "bin"}, "geometry": {"type": "Point", "coordinates": [693789.47, 5334458.23]}}, {"type": "Feature", "properties": {"k": "bench", "a": 7}, "geometry": {"type": "Point", "coordinates": [693785.68, 5334457.9]}}, {"type": "Feature", "properties": {"k": "bench", "a": 9}, "geometry": {"type": "Point", "coordinates": [693778.46, 5334458.66]}}, {"type": "Feature", "properties": {"k": "bench", "a": 278}, "geometry": {"type": "Point", "coordinates": [693786.81, 5334465.91]}}, {"type": "Feature", "properties": {"k": "bin"}, "geometry": {"type": "Point", "coordinates": [693810.03, 5334505.55]}}, {"type": "Feature", "properties": {"k": "bench", "a": 8}, "geometry": {"type": "Point", "coordinates": [693779.61, 5334510.94]}}, {"type": "Feature", "properties": {"k": "bin"}, "geometry": {"type": "Point", "coordinates": [693764.33, 5334514.01]}}, {"type": "Feature", "properties": {"k": "bin"}, "geometry": {"type": "Point", "coordinates": [693737.56, 5334472.87]}}, {"type": "Feature", "properties": {"k": "bin"}, "geometry": {"type": "Point", "coordinates": [693726.71, 5334474.5]}}, {"type": "Feature", "properties": {"k": "bin"}, "geometry": {"type": "Point", "coordinates": [693797.78, 5334558.74]}}, {"type": "Feature", "properties": {"k": "bench", "a": 4}, "geometry": {"type": "Point", "coordinates": [693805.87, 5334596.85]}}, {"type": "Feature", "properties": {"k": "bin"}, "geometry": {"type": "Point", "coordinates": [693802.06, 5334597.31]}}, {"type": "Feature", "properties": {"k": "bin"}, "geometry": {"type": "Point", "coordinates": [693747.6, 5334524.17]}}, {"type": "Feature", "properties": {"k": "bench", "a": 188}, "geometry": {"type": "Point", "coordinates": [693736.79, 5334525.0]}}, {"type": "Feature", "properties": {"k": "bin"}, "geometry": {"type": "Point", "coordinates": [693733.4, 5334566.11]}}, {"type": "Feature", "properties": {"k": "bench", "a": 99}, "geometry": {"type": "Point", "coordinates": [693726.34, 5334556.12]}}, {"type": "Feature", "properties": {"k": "bench", "a": 284}, "geometry": {"type": "Point", "coordinates": [693743.26, 5334614.64]}}, {"type": "Feature", "properties": {"k": "bench", "a": 186}, "geometry": {"type": "Point", "coordinates": [693776.63, 5334606.13]}}, {"type": "Feature", "properties": {"k": "bench", "a": 96}, "geometry": {"type": "Point", "coordinates": [693780.05, 5334609.51]}}, {"type": "Feature", "properties": {"k": "bin"}, "geometry": {"type": "Point", "coordinates": [693786.44, 5334603.44]}}, {"type": "Feature", "properties": {"k": "bin"}, "geometry": {"type": "Point", "coordinates": [693415.37, 5334640.78]}}, {"type": "Feature", "properties": {"k": "bin"}, "geometry": {"type": "Point", "coordinates": [693256.19, 5334219.04]}}, {"type": "Feature", "properties": {"k": "bike", "n": 3, "a": 101}, "geometry": {"type": "Point", "coordinates": [692998.51, 5334271.73]}}, {"type": "Feature", "properties": {"k": "signal", "a": 167}, "geometry": {"type": "Point", "coordinates": [693164.71, 5334461.71]}}, {"type": "Feature", "properties": {"k": "bench", "a": 101}, "geometry": {"type": "Point", "coordinates": [692263.49, 5335749.12]}}, {"type": "Feature", "properties": {"k": "bench", "a": 240}, "geometry": {"type": "Point", "coordinates": [692576.45, 5335842.8]}}, {"type": "Feature", "properties": {"k": "postbox", "a": 8}, "geometry": {"type": "Point", "coordinates": [692018.92, 5335719.4]}}, {"type": "Feature", "properties": {"k": "bollard"}, "geometry": {"type": "Point", "coordinates": [692029.43, 5335967.51]}}, {"type": "Feature", "properties": {"k": "bench", "a": 82}, "geometry": {"type": "Point", "coordinates": [692047.51, 5335821.58]}}, {"type": "Feature", "properties": {"k": "bike", "n": 6, "a": 280}, "geometry": {"type": "Point", "coordinates": [692126.59, 5335819.8]}}, {"type": "Feature", "properties": {"k": "hydrantsign", "a": 44}, "geometry": {"type": "Point", "coordinates": [693487.94, 5334081.82]}}, {"type": "Feature", "properties": {"k": "bench", "a": 123}, "geometry": {"type": "Point", "coordinates": [692352.27, 5334247.06]}}, {"type": "Feature", "properties": {"k": "bench", "a": 303}, "geometry": {"type": "Point", "coordinates": [692355.36, 5334245.62]}}, {"type": "Feature", "properties": {"k": "column"}, "geometry": {"type": "Point", "coordinates": [692823.43, 5335346.57]}}, {"type": "Feature", "properties": {"k": "column"}, "geometry": {"type": "Point", "coordinates": [692801.26, 5335358.71]}}, {"type": "Feature", "properties": {"k": "column"}, "geometry": {"type": "Point", "coordinates": [693919.05, 5335070.62]}}, {"type": "Feature", "properties": {"k": "bench", "a": 276}, "geometry": {"type": "Point", "coordinates": [693912.65, 5335041.5]}}, {"type": "Feature", "properties": {"k": "bin"}, "geometry": {"type": "Point", "coordinates": [693912.64, 5335043.12]}}, {"type": "Feature", "properties": {"k": "column"}, "geometry": {"type": "Point", "coordinates": [692693.71, 5334192.84]}}, {"type": "Feature", "properties": {"k": "bin"}, "geometry": {"type": "Point", "coordinates": [692514.18, 5335749.16]}}, {"type": "Feature", "properties": {"k": "bin"}, "geometry": {"type": "Point", "coordinates": [692490.81, 5335810.24]}}, {"type": "Feature", "properties": {"k": "bin"}, "geometry": {"type": "Point", "coordinates": [692480.09, 5335855.78]}}, {"type": "Feature", "properties": {"k": "bench", "a": 258}, "geometry": {"type": "Point", "coordinates": [692916.8, 5334812.54]}}, {"type": "Feature", "properties": {"k": "bench", "a": 265}, "geometry": {"type": "Point", "coordinates": [692918.9, 5334805.13]}}, {"type": "Feature", "properties": {"k": "bench", "a": 84}, "geometry": {"type": "Point", "coordinates": [692969.38, 5334924.76]}}, {"type": "Feature", "properties": {"k": "bench", "a": 290}, "geometry": {"type": "Point", "coordinates": [692963.87, 5334926.12]}}, {"type": "Feature", "properties": {"k": "bench", "a": 290}, "geometry": {"type": "Point", "coordinates": [692958.89, 5334927.51]}}, {"type": "Feature", "properties": {"k": "bin"}, "geometry": {"type": "Point", "coordinates": [693104.14, 5334896.18]}}, {"type": "Feature", "properties": {"k": "bench", "a": 313}, "geometry": {"type": "Point", "coordinates": [693115.05, 5334899.51]}}, {"type": "Feature", "properties": {"k": "bench", "a": 307}, "geometry": {"type": "Point", "coordinates": [693114.86, 5334887.4]}}, {"type": "Feature", "properties": {"k": "bench", "a": 307}, "geometry": {"type": "Point", "coordinates": [693103.26, 5334883.72]}}, {"type": "Feature", "properties": {"k": "bench", "a": 127}, "geometry": {"type": "Point", "coordinates": [693149.38, 5334950.99]}}, {"type": "Feature", "properties": {"k": "bench", "a": 227}, "geometry": {"type": "Point", "coordinates": [693197.08, 5334969.25]}}, {"type": "Feature", "properties": {"k": "bench", "a": 47}, "geometry": {"type": "Point", "coordinates": [693181.9, 5334955.2]}}, {"type": "Feature", "properties": {"k": "bench", "a": 29}, "geometry": {"type": "Point", "coordinates": [693085.65, 5334849.27]}}, {"type": "Feature", "properties": {"k": "bench", "a": 246}, "geometry": {"type": "Point", "coordinates": [692724.28, 5334490.36]}}, {"type": "Feature", "properties": {"k": "bench", "a": 134}, "geometry": {"type": "Point", "coordinates": [692741.3, 5334537.55]}}, {"type": "Feature", "properties": {"k": "bench", "a": 156}, "geometry": {"type": "Point", "coordinates": [692748.62, 5334541.8]}}, {"type": "Feature", "properties": {"k": "bench", "a": 107}, "geometry": {"type": "Point", "coordinates": [692748.58, 5334526.22]}}, {"type": "Feature", "properties": {"k": "bench", "a": 107}, "geometry": {"type": "Point", "coordinates": [692750.33, 5334532.12]}}, {"type": "Feature", "properties": {"k": "bench", "a": 125}, "geometry": {"type": "Point", "coordinates": [692709.68, 5334503.76]}}, {"type": "Feature", "properties": {"k": "bench", "a": 125}, "geometry": {"type": "Point", "coordinates": [692707.75, 5334500.65]}}, {"type": "Feature", "properties": {"k": "bench", "a": 125}, "geometry": {"type": "Point", "coordinates": [692705.62, 5334497.22]}}, {"type": "Feature", "properties": {"k": "bench", "a": 277}, "geometry": {"type": "Point", "coordinates": [693189.37, 5335787.11]}}, {"type": "Feature", "properties": {"k": "bin"}, "geometry": {"type": "Point", "coordinates": [693190.65, 5335796.52]}}, {"type": "Feature", "properties": {"k": "bin"}, "geometry": {"type": "Point", "coordinates": [693127.16, 5335417.41]}}, {"type": "Feature", "properties": {"k": "bench", "a": 127}, "geometry": {"type": "Point", "coordinates": [693127.37, 5335419.91]}}, {"type": "Feature", "properties": {"k": "column"}, "geometry": {"type": "Point", "coordinates": [693499.71, 5334669.08]}}, {"type": "Feature", "properties": {"k": "bin"}, "geometry": {"type": "Point", "coordinates": [692723.34, 5334489.44]}}, {"type": "Feature", "properties": {"k": "bench", "a": 331}, "geometry": {"type": "Point", "coordinates": [692721.56, 5334469.37]}}, {"type": "Feature", "properties": {"k": "bin"}, "geometry": {"type": "Point", "coordinates": [693024.69, 5334260.74]}}, {"type": "Feature", "properties": {"k": "bin"}, "geometry": {"type": "Point", "coordinates": [692991.83, 5334260.32]}}, {"type": "Feature", "properties": {"k": "bike", "n": 10, "a": 306}, "geometry": {"type": "Point", "coordinates": [692244.47, 5334314.43]}}, {"type": "Feature", "properties": {"k": "signal", "a": 352}, "geometry": {"type": "Point", "coordinates": [693846.06, 5334667.55]}}, {"type": "Feature", "properties": {"k": "signal", "a": 182}, "geometry": {"type": "Point", "coordinates": [693810.18, 5334643.39]}}, {"type": "Feature", "properties": {"k": "signal", "a": 273}, "geometry": {"type": "Point", "coordinates": [693828.19, 5334629.88]}}, {"type": "Feature", "properties": {"k": "signal", "a": 357}, "geometry": {"type": "Point", "coordinates": [693823.63, 5334673.56]}}, {"type": "Feature", "properties": {"k": "signal", "a": 346}, "geometry": {"type": "Point", "coordinates": [693609.3, 5334679.78]}}, {"type": "Feature", "properties": {"k": "signal", "a": 182}, "geometry": {"type": "Point", "coordinates": [693348.72, 5334631.9]}}, {"type": "Feature", "properties": {"k": "signal", "a": 2}, "geometry": {"type": "Point", "coordinates": [693384.89, 5334653.75]}}, {"type": "Feature", "properties": {"k": "signal", "a": 3}, "geometry": {"type": "Point", "coordinates": [693271.84, 5334664.3]}}, {"type": "Feature", "properties": {"k": "signal", "a": 97}, "geometry": {"type": "Point", "coordinates": [693272.27, 5334623.97]}}, {"type": "Feature", "properties": {"k": "signal", "a": 193}, "geometry": {"type": "Point", "coordinates": [693253.5, 5334641.04]}}, {"type": "Feature", "properties": {"k": "signal", "a": 270}, "geometry": {"type": "Point", "coordinates": [693297.68, 5334655.1]}}, {"type": "Feature", "properties": {"k": "signal", "a": 192}, "geometry": {"type": "Point", "coordinates": [693144.56, 5334669.4]}}, {"type": "Feature", "properties": {"k": "signal", "a": 193}, "geometry": {"type": "Point", "coordinates": [693163.8, 5334658.08]}}, {"type": "Feature", "properties": {"k": "signal", "a": 107}, "geometry": {"type": "Point", "coordinates": [693177.84, 5334677.79]}}, {"type": "Feature", "properties": {"k": "signal", "a": 17}, "geometry": {"type": "Point", "coordinates": [693163.23, 5334686.2]}}, {"type": "Feature", "properties": {"k": "signal", "a": 284}, "geometry": {"type": "Point", "coordinates": [692640.89, 5334795.43]}}, {"type": "Feature", "properties": {"k": "signal", "a": 285}, "geometry": {"type": "Point", "coordinates": [692604.91, 5334804.12]}}, {"type": "Feature", "properties": {"k": "signal", "a": 195}, "geometry": {"type": "Point", "coordinates": [692627.69, 5334820.46]}}, {"type": "Feature", "properties": {"k": "signal", "a": 105}, "geometry": {"type": "Point", "coordinates": [692632.23, 5334814.43]}}, {"type": "Feature", "properties": {"k": "signal", "a": 119}, "geometry": {"type": "Point", "coordinates": [692594.74, 5334823.14]}}, {"type": "Feature", "properties": {"k": "signal", "a": 194}, "geometry": {"type": "Point", "coordinates": [692480.26, 5334835.3]}}, {"type": "Feature", "properties": {"k": "signal", "a": 103}, "geometry": {"type": "Point", "coordinates": [692300.15, 5334898.84]}}, {"type": "Feature", "properties": {"k": "signal", "a": 100}, "geometry": {"type": "Point", "coordinates": [692267.29, 5334922.49]}}, {"type": "Feature", "properties": {"k": "signal", "a": 280}, "geometry": {"type": "Point", "coordinates": [692280.23, 5334869.98]}}, {"type": "Feature", "properties": {"k": "signal", "a": 284}, "geometry": {"type": "Point", "coordinates": [692244.18, 5334899.27]}}, {"type": "Feature", "properties": {"k": "hydrant"}, "geometry": {"type": "Point", "coordinates": [692975.35, 5334627.55]}}, {"type": "Feature", "properties": {"k": "hydrantsign", "a": 44}, "geometry": {"type": "Point", "coordinates": [693285.24, 5334045.21]}}, {"type": "Feature", "properties": {"k": "hydrantsign", "a": 43}, "geometry": {"type": "Point", "coordinates": [693224.59, 5334102.12]}}, {"type": "Feature", "properties": {"k": "hydrantsign", "a": 279}, "geometry": {"type": "Point", "coordinates": [693161.51, 5334188.2]}}, {"type": "Feature", "properties": {"k": "hydrantsign", "a": 77}, "geometry": {"type": "Point", "coordinates": [693157.76, 5334364.02]}}, {"type": "Feature", "properties": {"k": "hydrantsign", "a": 89}, "geometry": {"type": "Point", "coordinates": [693152.87, 5334390.58]}}, {"type": "Feature", "properties": {"k": "hydrantsign", "a": 14}, "geometry": {"type": "Point", "coordinates": [692754.97, 5334765.1]}}, {"type": "Feature", "properties": {"k": "hydrant"}, "geometry": {"type": "Point", "coordinates": [692925.85, 5334676.49]}}, {"type": "Feature", "properties": {"k": "hydrantsign", "a": 269}, "geometry": {"type": "Point", "coordinates": [692920.11, 5334705.28]}}, {"type": "Feature", "properties": {"k": "hydrantsign", "a": 89}, "geometry": {"type": "Point", "coordinates": [692915.62, 5334703.82]}}, {"type": "Feature", "properties": {"k": "column"}, "geometry": {"type": "Point", "coordinates": [693174.38, 5334490.81]}}, {"type": "Feature", "properties": {"k": "signal", "a": 251}, "geometry": {"type": "Point", "coordinates": [693146.85, 5334466.45]}}, {"type": "Feature", "properties": {"k": "bike", "n": 1, "a": 17}, "geometry": {"type": "Point", "coordinates": [692811.26, 5335563.99]}}, {"type": "Feature", "properties": {"k": "bin"}, "geometry": {"type": "Point", "coordinates": [693129.06, 5334675.86]}}, {"type": "Feature", "properties": {"k": "bin"}, "geometry": {"type": "Point", "coordinates": [693118.08, 5334694.38]}}, {"type": "Feature", "properties": {"k": "bin"}, "geometry": {"type": "Point", "coordinates": [693305.33, 5334501.79]}}, {"type": "Feature", "properties": {"k": "bin"}, "geometry": {"type": "Point", "coordinates": [693312.4, 5334231.89]}}, {"type": "Feature", "properties": {"k": "bin"}, "geometry": {"type": "Point", "coordinates": [693329.67, 5334646.73]}}, {"type": "Feature", "properties": {"k": "bin"}, "geometry": {"type": "Point", "coordinates": [693932.38, 5335094.47]}}, {"type": "Feature", "properties": {"k": "bench", "a": 302}, "geometry": {"type": "Point", "coordinates": [692643.64, 5335960.35]}}, {"type": "Feature", "properties": {"k": "bench", "a": 284}, "geometry": {"type": "Point", "coordinates": [692605.35, 5335882.97]}}, {"type": "Feature", "properties": {"k": "bench", "a": 284}, "geometry": {"type": "Point", "coordinates": [692604.97, 5335881.09]}}, {"type": "Feature", "properties": {"k": "bench", "a": 303}, "geometry": {"type": "Point", "coordinates": [692533.72, 5335806.76]}}, {"type": "Feature", "properties": {"k": "bench", "a": 309}, "geometry": {"type": "Point", "coordinates": [692536.6, 5335810.29]}}, {"type": "Feature", "properties": {"k": "bench", "a": 66}, "geometry": {"type": "Point", "coordinates": [692899.51, 5335484.41]}}, {"type": "Feature", "properties": {"k": "bench", "a": 331}, "geometry": {"type": "Point", "coordinates": [692903.75, 5335483.12]}}, {"type": "Feature", "properties": {"k": "bench", "a": 245}, "geometry": {"type": "Point", "coordinates": [692905.04, 5335487.0]}}, {"type": "Feature", "properties": {"k": "bench", "a": 160}, "geometry": {"type": "Point", "coordinates": [692901.08, 5335488.6]}}, {"type": "Feature", "properties": {"k": "bench", "back": false, "a": 211}, "geometry": {"type": "Point", "coordinates": [693804.18, 5334399.81]}}, {"type": "Feature", "properties": {"k": "bin"}, "geometry": {"type": "Point", "coordinates": [693819.16, 5334074.83]}}, {"type": "Feature", "properties": {"k": "bin"}, "geometry": {"type": "Point", "coordinates": [693842.87, 5334093.11]}}, {"type": "Feature", "properties": {"k": "bin"}, "geometry": {"type": "Point", "coordinates": [692435.06, 5335998.78]}}, {"type": "Feature", "properties": {"k": "bench", "a": 84}, "geometry": {"type": "Point", "coordinates": [693695.8, 5334060.42]}}, {"type": "Feature", "properties": {"k": "bench", "a": 268}, "geometry": {"type": "Point", "coordinates": [693839.18, 5334095.37]}}, {"type": "Feature", "properties": {"k": "bench", "a": 164}, "geometry": {"type": "Point", "coordinates": [692519.31, 5335122.2]}}, {"type": "Feature", "properties": {"k": "bin"}, "geometry": {"type": "Point", "coordinates": [692418.51, 5335135.72]}}, {"type": "Feature", "properties": {"k": "bench", "a": 228}, "geometry": {"type": "Point", "coordinates": [692632.62, 5335593.48]}}, {"type": "Feature", "properties": {"k": "bin"}, "geometry": {"type": "Point", "coordinates": [693370.3, 5334680.91]}}, {"type": "Feature", "properties": {"k": "bin"}, "geometry": {"type": "Point", "coordinates": [693385.33, 5334692.7]}}, {"type": "Feature", "properties": {"k": "bin"}, "geometry": {"type": "Point", "coordinates": [693386.0, 5334686.07]}}, {"type": "Feature", "properties": {"k": "column"}, "geometry": {"type": "Point", "coordinates": [693656.74, 5334648.18]}}, {"type": "Feature", "properties": {"k": "hydrant"}, "geometry": {"type": "Point", "coordinates": [693787.0, 5334980.89]}}, {"type": "Feature", "properties": {"k": "column"}, "geometry": {"type": "Point", "coordinates": [693623.77, 5334683.17]}}, {"type": "Feature", "properties": {"k": "bench", "a": 249}, "geometry": {"type": "Point", "coordinates": [693624.74, 5334678.79]}}, {"type": "Feature", "properties": {"k": "bollard"}, "geometry": {"type": "Point", "coordinates": [693741.71, 5334743.27]}}, {"type": "Feature", "properties": {"k": "bin"}, "geometry": {"type": "Point", "coordinates": [693300.62, 5334663.46]}}, {"type": "Feature", "properties": {"k": "bike", "n": 4, "a": 179}, "geometry": {"type": "Point", "coordinates": [693322.71, 5334658.74]}}, {"type": "Feature", "properties": {"k": "bike", "n": 4, "a": 268}, "geometry": {"type": "Point", "coordinates": [693358.31, 5334669.75]}}, {"type": "Feature", "properties": {"k": "hydrant"}, "geometry": {"type": "Point", "coordinates": [693336.07, 5334897.96]}}, {"type": "Feature", "properties": {"k": "bike", "n": 12, "a": 284}, "geometry": {"type": "Point", "coordinates": [693367.12, 5334992.69]}}, {"type": "Feature", "properties": {"k": "hydrant"}, "geometry": {"type": "Point", "coordinates": [693373.38, 5335008.48]}}, {"type": "Feature", "properties": {"k": "signal", "a": 195}, "geometry": {"type": "Point", "coordinates": [693305.08, 5334799.14]}}, {"type": "Feature", "properties": {"k": "bollard", "metal": true}, "geometry": {"type": "Point", "coordinates": [693315.16, 5334802.34]}}, {"type": "Feature", "properties": {"k": "bin"}, "geometry": {"type": "Point", "coordinates": [693316.89, 5334829.12]}}, {"type": "Feature", "properties": {"k": "bollard"}, "geometry": {"type": "Point", "coordinates": [693496.58, 5334977.1]}}, {"type": "Feature", "properties": {"k": "column"}, "geometry": {"type": "Point", "coordinates": [692137.34, 5334514.94]}}, {"type": "Feature", "properties": {"k": "signal", "a": 121}, "geometry": {"type": "Point", "coordinates": [692750.61, 5334251.38]}}, {"type": "Feature", "properties": {"k": "signal", "a": 129}, "geometry": {"type": "Point", "coordinates": [692732.13, 5334240.9]}}, {"type": "Feature", "properties": {"k": "bollard"}, "geometry": {"type": "Point", "coordinates": [693550.8, 5334911.89]}}, {"type": "Feature", "properties": {"k": "bike", "n": 10, "a": 16}, "geometry": {"type": "Point", "coordinates": [692688.82, 5335445.9]}}, {"type": "Feature", "properties": {"k": "column"}, "geometry": {"type": "Point", "coordinates": [692444.82, 5335447.95]}}, {"type": "Feature", "properties": {"k": "signal", "a": 220}, "geometry": {"type": "Point", "coordinates": [692316.03, 5334219.24]}}, {"type": "Feature", "properties": {"k": "signal", "a": 40}, "geometry": {"type": "Point", "coordinates": [692344.0, 5334239.87]}}, {"type": "Feature", "properties": {"k": "signal", "a": 36}, "geometry": {"type": "Point", "coordinates": [692329.39, 5334261.3]}}, {"type": "Feature", "properties": {"k": "bike", "n": 1, "a": 101}, "geometry": {"type": "Point", "coordinates": [692543.86, 5335194.58]}}, {"type": "Feature", "properties": {"k": "signal", "a": 247}, "geometry": {"type": "Point", "coordinates": [692065.39, 5334521.81]}}, {"type": "Feature", "properties": {"k": "signal", "a": 57}, "geometry": {"type": "Point", "coordinates": [692125.3, 5334545.06]}}, {"type": "Feature", "properties": {"k": "signal", "a": 162}, "geometry": {"type": "Point", "coordinates": [692134.58, 5334508.87]}}, {"type": "Feature", "properties": {"k": "signal", "a": 250}, "geometry": {"type": "Point", "coordinates": [692070.85, 5334492.87]}}, {"type": "Feature", "properties": {"k": "bin"}, "geometry": {"type": "Point", "coordinates": [693828.26, 5334276.16]}}, {"type": "Feature", "properties": {"k": "hydrant"}, "geometry": {"type": "Point", "coordinates": [693895.69, 5335404.01]}}, {"type": "Feature", "properties": {"k": "bin"}, "geometry": {"type": "Point", "coordinates": [692138.27, 5334565.94]}}, {"type": "Feature", "properties": {"k": "column"}, "geometry": {"type": "Point", "coordinates": [692143.45, 5334572.72]}}, {"type": "Feature", "properties": {"k": "hydrantsign", "a": 43}, "geometry": {"type": "Point", "coordinates": [693989.7, 5334123.11]}}, {"type": "Feature", "properties": {"k": "bench", "a": 299}, "geometry": {"type": "Point", "coordinates": [692757.58, 5334387.43]}}, {"type": "Feature", "properties": {"k": "hydrantsign", "a": 92}, "geometry": {"type": "Point", "coordinates": [693833.11, 5334639.02]}}, {"type": "Feature", "properties": {"k": "hydrantsign", "a": 4}, "geometry": {"type": "Point", "coordinates": [692970.79, 5334592.89]}}, {"type": "Feature", "properties": {"k": "hydrant"}, "geometry": {"type": "Point", "coordinates": [693134.32, 5334534.55]}}, {"type": "Feature", "properties": {"k": "hydrant"}, "geometry": {"type": "Point", "coordinates": [693819.72, 5334725.35]}}, {"type": "Feature", "properties": {"k": "bin"}, "geometry": {"type": "Point", "coordinates": [693011.15, 5334558.15]}}, {"type": "Feature", "properties": {"k": "bench", "a": 216}, "geometry": {"type": "Point", "coordinates": [693013.8, 5334556.55]}}, {"type": "Feature", "properties": {"k": "bench", "a": 257}, "geometry": {"type": "Point", "coordinates": [693008.61, 5334558.85]}}, {"type": "Feature", "properties": {"k": "bollard"}, "geometry": {"type": "Point", "coordinates": [693908.76, 5334222.12]}}, {"type": "Feature", "properties": {"k": "hydrant"}, "geometry": {"type": "Point", "coordinates": [693523.6, 5334558.7]}}, {"type": "Feature", "properties": {"k": "hydrant"}, "geometry": {"type": "Point", "coordinates": [693722.48, 5334909.97]}}, {"type": "Feature", "properties": {"k": "hydrant"}, "geometry": {"type": "Point", "coordinates": [693672.32, 5334607.15]}}, {"type": "Feature", "properties": {"k": "hydrant"}, "geometry": {"type": "Point", "coordinates": [693956.07, 5335110.12]}}, {"type": "Feature", "properties": {"k": "hydrant"}, "geometry": {"type": "Point", "coordinates": [693906.98, 5335031.42]}}, {"type": "Feature", "properties": {"k": "hydrant"}, "geometry": {"type": "Point", "coordinates": [693446.78, 5335637.78]}}, {"type": "Feature", "properties": {"k": "hydrant"}, "geometry": {"type": "Point", "coordinates": [693426.16, 5335585.8]}}, {"type": "Feature", "properties": {"k": "bollard"}, "geometry": {"type": "Point", "coordinates": [693702.88, 5334079.87]}}, {"type": "Feature", "properties": {"k": "bollard"}, "geometry": {"type": "Point", "coordinates": [693692.46, 5334078.17]}}, {"type": "Feature", "properties": {"k": "bollard"}, "geometry": {"type": "Point", "coordinates": [693995.1, 5334749.08]}}, {"type": "Feature", "properties": {"k": "bin"}, "geometry": {"type": "Point", "coordinates": [692865.73, 5334979.12]}}, {"type": "Feature", "properties": {"k": "bin"}, "geometry": {"type": "Point", "coordinates": [692840.26, 5334951.22]}}, {"type": "Feature", "properties": {"k": "bin"}, "geometry": {"type": "Point", "coordinates": [692903.46, 5335023.06]}}, {"type": "Feature", "properties": {"k": "bin"}, "geometry": {"type": "Point", "coordinates": [692917.29, 5335045.13]}}, {"type": "Feature", "properties": {"k": "bin"}, "geometry": {"type": "Point", "coordinates": [692967.93, 5335153.33]}}, {"type": "Feature", "properties": {"k": "bin"}, "geometry": {"type": "Point", "coordinates": [693039.58, 5335096.52]}}, {"type": "Feature", "properties": {"k": "bin"}, "geometry": {"type": "Point", "coordinates": [692926.82, 5334860.05]}}, {"type": "Feature", "properties": {"k": "bin"}, "geometry": {"type": "Point", "coordinates": [692988.52, 5334813.88]}}, {"type": "Feature", "properties": {"k": "bin"}, "geometry": {"type": "Point", "coordinates": [692805.72, 5334847.26]}}, {"type": "Feature", "properties": {"k": "bin"}, "geometry": {"type": "Point", "coordinates": [692811.82, 5334925.24]}}, {"type": "Feature", "properties": {"k": "bin"}, "geometry": {"type": "Point", "coordinates": [692584.03, 5335022.02]}}, {"type": "Feature", "properties": {"k": "bin"}, "geometry": {"type": "Point", "coordinates": [692749.38, 5334764.23]}}, {"type": "Feature", "properties": {"k": "bin"}, "geometry": {"type": "Point", "coordinates": [692637.78, 5334816.81]}}, {"type": "Feature", "properties": {"k": "hydrantsign", "a": 182}, "geometry": {"type": "Point", "coordinates": [693732.29, 5334642.77]}}, {"type": "Feature", "properties": {"k": "hydrantsign", "a": 340}, "geometry": {"type": "Point", "coordinates": [693816.32, 5334669.87]}}, {"type": "Feature", "properties": {"k": "picnic", "a": 87}, "geometry": {"type": "Point", "coordinates": [693794.86, 5334273.95]}}, {"type": "Feature", "properties": {"k": "bench", "back": false, "a": 114}, "geometry": {"type": "Point", "coordinates": [693164.39, 5334124.71]}}, {"type": "Feature", "properties": {"k": "bench", "back": false, "a": 117}, "geometry": {"type": "Point", "coordinates": [693166.79, 5334129.27]}}, {"type": "Feature", "properties": {"k": "bench", "a": 88}, "geometry": {"type": "Point", "coordinates": [693795.88, 5334172.78]}}, {"type": "Feature", "properties": {"k": "bench", "a": 104}, "geometry": {"type": "Point", "coordinates": [693644.61, 5334437.46]}}, {"type": "Feature", "properties": {"k": "bench", "a": 213}, "geometry": {"type": "Point", "coordinates": [693027.95, 5334106.66]}}, {"type": "Feature", "properties": {"k": "bench", "a": 267}, "geometry": {"type": "Point", "coordinates": [693805.55, 5334288.19]}}, {"type": "Feature", "properties": {"k": "bench", "a": 194}, "geometry": {"type": "Point", "coordinates": [693667.16, 5334426.73]}}, {"type": "Feature", "properties": {"k": "bench", "a": 182}, "geometry": {"type": "Point", "coordinates": [693792.52, 5334172.68]}}, {"type": "Feature", "properties": {"k": "bench", "a": 268}, "geometry": {"type": "Point", "coordinates": [693808.18, 5334209.12]}}, {"type": "Feature", "properties": {"k": "bench", "a": 194}, "geometry": {"type": "Point", "coordinates": [693655.83, 5334429.5]}}, {"type": "Feature", "properties": {"k": "bench", "a": 194}, "geometry": {"type": "Point", "coordinates": [693666.98, 5334425.92]}}, {"type": "Feature", "properties": {"k": "bench", "a": 11}, "geometry": {"type": "Point", "coordinates": [693636.99, 5334446.37]}}, {"type": "Feature", "properties": {"k": "bench", "a": 194}, "geometry": {"type": "Point", "coordinates": [693655.61, 5334428.76]}}, {"type": "Feature", "properties": {"k": "bench", "a": 192}, "geometry": {"type": "Point", "coordinates": [693796.11, 5334314.4]}}, {"type": "Feature", "properties": {"k": "picnic", "a": 87}, "geometry": {"type": "Point", "coordinates": [693791.51, 5334273.78]}}, {"type": "Feature", "properties": {"k": "bench", "a": 268}, "geometry": {"type": "Point", "coordinates": [693808.1, 5334213.24]}}, {"type": "Feature", "properties": {"k": "bench", "a": 268}, "geometry": {"type": "Point", "coordinates": [693808.47, 5334196.71]}}, {"type": "Feature", "properties": {"k": "bench", "a": 267}, "geometry": {"type": "Point", "coordinates": [693803.3, 5334261.85]}}, {"type": "Feature", "properties": {"k": "bench", "back": false, "a": 87}, "geometry": {"type": "Point", "coordinates": [693784.01, 5334282.78]}}, {"type": "Feature", "properties": {"k": "bench", "a": 104}, "geometry": {"type": "Point", "coordinates": [693645.38, 5334440.76]}}, {"type": "Feature", "properties": {"k": "bench", "a": 179}, "geometry": {"type": "Point", "coordinates": [693750.98, 5334313.12]}}, {"type": "Feature", "properties": {"k": "bench", "a": 179}, "geometry": {"type": "Point", "coordinates": [693781.7, 5334313.88]}}, {"type": "Feature", "properties": {"k": "bin"}, "geometry": {"type": "Point", "coordinates": [692771.83, 5334568.33]}}, {"type": "Feature", "properties": {"k": "bin"}, "geometry": {"type": "Point", "coordinates": [693150.1, 5335306.95]}}, {"type": "Feature", "properties": {"k": "bin"}, "geometry": {"type": "Point", "coordinates": [693136.85, 5335261.56]}}, {"type": "Feature", "properties": {"k": "bench", "back": false, "a": 182}, "geometry": {"type": "Point", "coordinates": [693770.43, 5334184.2]}}, {"type": "Feature", "properties": {"k": "bench", "back": false, "a": 182}, "geometry": {"type": "Point", "coordinates": [693770.38, 5334187.3]}}, {"type": "Feature", "properties": {"k": "bench", "back": false, "a": 358}, "geometry": {"type": "Point", "coordinates": [693770.17, 5334201.4]}}, {"type": "Feature", "properties": {"k": "bench", "back": false, "a": 358}, "geometry": {"type": "Point", "coordinates": [693770.13, 5334204.42]}}, {"type": "Feature", "properties": {"k": "bin"}, "geometry": {"type": "Point", "coordinates": [692754.57, 5334897.1]}}, {"type": "Feature", "properties": {"k": "bike", "n": 8, "a": 86}, "geometry": {"type": "Point", "coordinates": [693328.83, 5334659.04]}}, {"type": "Feature", "properties": {"k": "hydrant"}, "geometry": {"type": "Point", "coordinates": [692778.71, 5334238.94]}}, {"type": "Feature", "properties": {"k": "column"}, "geometry": {"type": "Point", "coordinates": [693658.13, 5334422.24]}}, {"type": "Feature", "properties": {"k": "bench", "a": 96}, "geometry": {"type": "Point", "coordinates": [693796.84, 5335089.88]}}, {"type": "Feature", "properties": {"k": "column"}, "geometry": {"type": "Point", "coordinates": [693736.41, 5335107.75]}}, {"type": "Feature", "properties": {"k": "bench", "a": 280}, "geometry": {"type": "Point", "coordinates": [693738.5, 5335097.06]}}, {"type": "Feature", "properties": {"k": "bench", "a": 280}, "geometry": {"type": "Point", "coordinates": [693737.57, 5335092.66]}}, {"type": "Feature", "properties": {"k": "bench", "a": 96}, "geometry": {"type": "Point", "coordinates": [693796.45, 5335085.07]}}, {"type": "Feature", "properties": {"k": "bench", "back": false, "a": 141}, "geometry": {"type": "Point", "coordinates": [692225.98, 5334056.83]}}, {"type": "Feature", "properties": {"k": "bench", "back": false, "a": 141}, "geometry": {"type": "Point", "coordinates": [692223.57, 5334054.95]}}, {"type": "Feature", "properties": {"k": "bench", "back": false, "a": 141}, "geometry": {"type": "Point", "coordinates": [692228.15, 5334058.49]}}, {"type": "Feature", "properties": {"k": "bench", "back": false, "a": 141}, "geometry": {"type": "Point", "coordinates": [692290.76, 5334106.58]}}, {"type": "Feature", "properties": {"k": "bench", "back": false, "a": 141}, "geometry": {"type": "Point", "coordinates": [692274.96, 5334094.49]}}, {"type": "Feature", "properties": {"k": "bench", "back": false, "a": 141}, "geometry": {"type": "Point", "coordinates": [692257.18, 5334080.44]}}, {"type": "Feature", "properties": {"k": "bench", "back": false, "a": 141}, "geometry": {"type": "Point", "coordinates": [692253.54, 5334077.62]}}, {"type": "Feature", "properties": {"k": "bike", "n": 5, "a": 194}, "geometry": {"type": "Point", "coordinates": [693666.0, 5334408.64]}}, {"type": "Feature", "properties": {"k": "bike", "n": 4, "a": 184}, "geometry": {"type": "Point", "coordinates": [693306.73, 5334659.78]}}, {"type": "Feature", "properties": {"k": "hydrant"}, "geometry": {"type": "Point", "coordinates": [693824.19, 5334465.2]}}, {"type": "Feature", "properties": {"k": "bike", "n": 2, "a": 193}, "geometry": {"type": "Point", "coordinates": [693402.4, 5334597.24]}}, {"type": "Feature", "properties": {"k": "bin"}, "geometry": {"type": "Point", "coordinates": [693400.34, 5334589.26]}}, {"type": "Feature", "properties": {"k": "bike", "n": 2, "a": 93}, "geometry": {"type": "Point", "coordinates": [693392.99, 5334595.82]}}, {"type": "Feature", "properties": {"k": "bike", "n": 5, "a": 283}, "geometry": {"type": "Point", "coordinates": [693400.53, 5334601.06]}}, {"type": "Feature", "properties": {"k": "hydrantsign", "a": 178}, "geometry": {"type": "Point", "coordinates": [693334.81, 5334659.63]}}, {"type": "Feature", "properties": {"k": "column"}, "geometry": {"type": "Point", "coordinates": [693544.75, 5334372.25]}}, {"type": "Feature", "properties": {"k": "column"}, "geometry": {"type": "Point", "coordinates": [693543.13, 5334267.3]}}, {"type": "Feature", "properties": {"k": "bench", "a": 99}, "geometry": {"type": "Point", "coordinates": [693552.4, 5334359.32]}}, {"type": "Feature", "properties": {"k": "bench", "a": 99}, "geometry": {"type": "Point", "coordinates": [693552.66, 5334360.72]}}, {"type": "Feature", "properties": {"k": "bollard"}, "geometry": {"type": "Point", "coordinates": [693553.86, 5334728.72]}}, {"type": "Feature", "properties": {"k": "bollard"}, "geometry": {"type": "Point", "coordinates": [693546.17, 5334711.7]}}, {"type": "Feature", "properties": {"k": "signal", "a": 180}, "geometry": {"type": "Point", "coordinates": [692657.36, 5334170.87]}}, {"type": "Feature", "properties": {"k": "bench", "a": 173}, "geometry": {"type": "Point", "coordinates": [693691.41, 5334940.36]}}, {"type": "Feature", "properties": {"k": "bench", "a": 178}, "geometry": {"type": "Point", "coordinates": [693696.8, 5334940.55]}}, {"type": "Feature", "properties": {"k": "bench", "a": 188}, "geometry": {"type": "Point", "coordinates": [693547.02, 5334266.2]}}, {"type": "Feature", "properties": {"k": "hydrant"}, "geometry": {"type": "Point", "coordinates": [693456.53, 5335010.1]}}, {"type": "Feature", "properties": {"k": "bench", "back": false, "a": 193}, "geometry": {"type": "Point", "coordinates": [693510.52, 5334567.8]}}, {"type": "Feature", "properties": {"k": "bench", "a": 188}, "geometry": {"type": "Point", "coordinates": [693559.86, 5334550.52]}}, {"type": "Feature", "properties": {"k": "bench", "a": 104}, "geometry": {"type": "Point", "coordinates": [693513.05, 5334549.23]}}, {"type": "Feature", "properties": {"k": "bench", "a": 195}, "geometry": {"type": "Point", "coordinates": [693507.47, 5334550.57]}}, {"type": "Feature", "properties": {"k": "bench", "a": 104}, "geometry": {"type": "Point", "coordinates": [693510.02, 5334549.9]}}, {"type": "Feature", "properties": {"k": "bench", "back": false, "a": 193}, "geometry": {"type": "Point", "coordinates": [693519.99, 5334565.11]}}, {"type": "Feature", "properties": {"k": "bench", "a": 8}, "geometry": {"type": "Point", "coordinates": [693560.24, 5334553.9]}}, {"type": "Feature", "properties": {"k": "bench", "back": false, "a": 193}, "geometry": {"type": "Point", "coordinates": [693507.61, 5334568.44]}}, {"type": "Feature", "properties": {"k": "bench", "back": false, "a": 193}, "geometry": {"type": "Point", "coordinates": [693516.84, 5334565.82]}}, {"type": "Feature", "properties": {"k": "bench", "a": 104}, "geometry": {"type": "Point", "coordinates": [693515.51, 5334546.12]}}, {"type": "Feature", "properties": {"k": "bench", "a": 195}, "geometry": {"type": "Point", "coordinates": [693503.21, 5334549.22]}}, {"type": "Feature", "properties": {"k": "column"}, "geometry": {"type": "Point", "coordinates": [693588.48, 5334674.59]}}, {"type": "Feature", "properties": {"k": "bench", "a": 104}, "geometry": {"type": "Point", "coordinates": [693989.31, 5334464.61]}}, {"type": "Feature", "properties": {"k": "column"}, "geometry": {"type": "Point", "coordinates": [693972.47, 5334701.66]}}, {"type": "Feature", "properties": {"k": "bollard"}, "geometry": {"type": "Point", "coordinates": [693711.5, 5334813.54]}}, {"type": "Feature", "properties": {"k": "bench", "a": 174}, "geometry": {"type": "Point", "coordinates": [693493.58, 5334639.0]}}, {"type": "Feature", "properties": {"k": "bench", "a": 191}, "geometry": {"type": "Point", "coordinates": [693977.81, 5334456.59]}}, {"type": "Feature", "properties": {"k": "bench", "a": 263}, "geometry": {"type": "Point", "coordinates": [693520.29, 5334622.62]}}, {"type": "Feature", "properties": {"k": "bench", "a": 108}, "geometry": {"type": "Point", "coordinates": [693476.26, 5334923.49]}}, {"type": "Feature", "properties": {"k": "bollard"}, "geometry": {"type": "Point", "coordinates": [693762.32, 5334805.88]}}, {"type": "Feature", "properties": {"k": "hydrant"}, "geometry": {"type": "Point", "coordinates": [693460.67, 5334893.52]}}, {"type": "Feature", "properties": {"k": "bench", "a": 108}, "geometry": {"type": "Point", "coordinates": [693477.12, 5334921.84]}}, {"type": "Feature", "properties": {"k": "column"}, "geometry": {"type": "Point", "coordinates": [693814.29, 5334781.88]}}, {"type": "Feature", "properties": {"k": "bench", "back": false, "a": 185}, "geometry": {"type": "Point", "coordinates": [693772.98, 5334816.24]}}, {"type": "Feature", "properties": {"k": "picnic", "a": 68}, "geometry": {"type": "Point", "coordinates": [693985.91, 5334803.92]}}, {"type": "Feature", "properties": {"k": "column"}, "geometry": {"type": "Point", "coordinates": [693517.49, 5335159.96]}}, {"type": "Feature", "properties": {"k": "hydrant"}, "geometry": {"type": "Point", "coordinates": [693660.33, 5334815.62]}}, {"type": "Feature", "properties": {"k": "hydrantsign", "a": 95}, "geometry": {"type": "Point", "coordinates": [693174.72, 5334754.18]}}, {"type": "Feature", "properties": {"k": "bollard"}, "geometry": {"type": "Point", "coordinates": [693440.05, 5335055.85]}}, {"type": "Feature", "properties": {"k": "bollard"}, "geometry": {"type": "Point", "coordinates": [693494.64, 5335000.26]}}, {"type": "Feature", "properties": {"k": "hydrant"}, "geometry": {"type": "Point", "coordinates": [693504.6, 5334959.34]}}, {"type": "Feature", "properties": {"k": "hydrant"}, "geometry": {"type": "Point", "coordinates": [693433.69, 5334782.2]}}, {"type": "Feature", "properties": {"k": "bike", "n": 1, "a": 78}, "geometry": {"type": "Point", "coordinates": [693543.59, 5334961.04]}}, {"type": "Feature", "properties": {"k": "hydrant"}, "geometry": {"type": "Point", "coordinates": [693671.83, 5334261.24]}}, {"type": "Feature", "properties": {"k": "hydrant"}, "geometry": {"type": "Point", "coordinates": [692846.8, 5334394.54]}}, {"type": "Feature", "properties": {"k": "hydrant"}, "geometry": {"type": "Point", "coordinates": [692930.77, 5334453.02]}}, {"type": "Feature", "properties": {"k": "hydrantsign", "a": 353}, "geometry": {"type": "Point", "coordinates": [693510.88, 5334673.47]}}, {"type": "Feature", "properties": {"k": "hydrant"}, "geometry": {"type": "Point", "coordinates": [693584.89, 5334350.38]}}, {"type": "Feature", "properties": {"k": "bench", "a": 226}, "geometry": {"type": "Point", "coordinates": [693549.66, 5334927.72]}}, {"type": "Feature", "properties": {"k": "hydrantsign", "a": 85}, "geometry": {"type": "Point", "coordinates": [693718.08, 5334020.62]}}, {"type": "Feature", "properties": {"k": "bike", "n": 1, "a": 78}, "geometry": {"type": "Point", "coordinates": [693544.42, 5334955.12]}}, {"type": "Feature", "properties": {"k": "hydrantsign", "a": 10}, "geometry": {"type": "Point", "coordinates": [693531.16, 5334259.06]}}, {"type": "Feature", "properties": {"k": "hydrant"}, "geometry": {"type": "Point", "coordinates": [692956.35, 5334144.98]}}, {"type": "Feature", "properties": {"k": "bike", "n": 1, "a": 78}, "geometry": {"type": "Point", "coordinates": [693541.54, 5334950.9]}}, {"type": "Feature", "properties": {"k": "hydrant"}, "geometry": {"type": "Point", "coordinates": [693435.46, 5335057.02]}}, {"type": "Feature", "properties": {"k": "hydrant"}, "geometry": {"type": "Point", "coordinates": [693329.9, 5334194.54]}}, {"type": "Feature", "properties": {"k": "hydrantsign", "a": 164}, "geometry": {"type": "Point", "coordinates": [693554.54, 5334369.41]}}, {"type": "Feature", "properties": {"k": "hydrant"}, "geometry": {"type": "Point", "coordinates": [693687.78, 5334522.97]}}, {"type": "Feature", "properties": {"k": "bike", "n": 5, "a": 284}, "geometry": {"type": "Point", "coordinates": [693096.53, 5334689.55]}}, {"type": "Feature", "properties": {"k": "hydrant"}, "geometry": {"type": "Point", "coordinates": [693582.84, 5334251.69]}}, {"type": "Feature", "properties": {"k": "hydrant"}, "geometry": {"type": "Point", "coordinates": [692270.01, 5334288.38]}}, {"type": "Feature", "properties": {"k": "hydrantsign", "a": 148}, "geometry": {"type": "Point", "coordinates": [693688.03, 5334062.34]}}, {"type": "Feature", "properties": {"k": "hydrant"}, "geometry": {"type": "Point", "coordinates": [693673.95, 5334310.2]}}, {"type": "Feature", "properties": {"k": "hydrantsign", "a": 176}, "geometry": {"type": "Point", "coordinates": [693724.8, 5334080.96]}}, {"type": "Feature", "properties": {"k": "hydrant"}, "geometry": {"type": "Point", "coordinates": [693994.71, 5335594.24]}}, {"type": "Feature", "properties": {"k": "bin"}, "geometry": {"type": "Point", "coordinates": [693814.04, 5334832.07]}}, {"type": "Feature", "properties": {"k": "hydrant"}, "geometry": {"type": "Point", "coordinates": [692736.78, 5334239.15]}}, {"type": "Feature", "properties": {"k": "hydrant"}, "geometry": {"type": "Point", "coordinates": [693217.83, 5334272.86]}}, {"type": "Feature", "properties": {"k": "bench", "a": 295}, "geometry": {"type": "Point", "coordinates": [693091.43, 5335001.99]}}, {"type": "Feature", "properties": {"k": "hydrant"}, "geometry": {"type": "Point", "coordinates": [693218.05, 5334905.81]}}, {"type": "Feature", "properties": {"k": "hydrantsign", "a": 116}, "geometry": {"type": "Point", "coordinates": [693472.39, 5335694.51]}}, {"type": "Feature", "properties": {"k": "hydrant"}, "geometry": {"type": "Point", "coordinates": [693505.33, 5335759.03]}}, {"type": "Feature", "properties": {"k": "hydrant"}, "geometry": {"type": "Point", "coordinates": [693264.87, 5334986.95]}}, {"type": "Feature", "properties": {"k": "hydrantsign", "a": 205}, "geometry": {"type": "Point", "coordinates": [693569.31, 5335868.47]}}, {"type": "Feature", "properties": {"k": "hydrant"}, "geometry": {"type": "Point", "coordinates": [693401.06, 5335474.59]}}, {"type": "Feature", "properties": {"k": "hydrant"}, "geometry": {"type": "Point", "coordinates": [693366.48, 5335313.82]}}, {"type": "Feature", "properties": {"k": "hydrant"}, "geometry": {"type": "Point", "coordinates": [693572.06, 5335870.62]}}, {"type": "Feature", "properties": {"k": "hydrant"}, "geometry": {"type": "Point", "coordinates": [693298.15, 5335091.88]}}, {"type": "Feature", "properties": {"k": "hydrantsign", "a": 165}, "geometry": {"type": "Point", "coordinates": [693796.72, 5334387.1]}}, {"type": "Feature", "properties": {"k": "signal", "a": 229}, "geometry": {"type": "Point", "coordinates": [692686.2, 5334175.01]}}, {"type": "Feature", "properties": {"k": "signal", "a": 359}, "geometry": {"type": "Point", "coordinates": [693629.52, 5334673.98]}}, {"type": "Feature", "properties": {"k": "bench", "back": false, "a": 286}, "geometry": {"type": "Point", "coordinates": [693504.12, 5334888.07]}}, {"type": "Feature", "properties": {"k": "bike", "n": 10, "a": 349}, "geometry": {"type": "Point", "coordinates": [693132.63, 5334130.23]}}, {"type": "Feature", "properties": {"k": "hydrantsign", "a": 127}, "geometry": {"type": "Point", "coordinates": [692243.03, 5334320.79]}}, {"type": "Feature", "properties": {"k": "hydrant"}, "geometry": {"type": "Point", "coordinates": [693909.26, 5334969.66]}}, {"type": "Feature", "properties": {"k": "hydrantsign", "a": 198}, "geometry": {"type": "Point", "coordinates": [693573.5, 5334449.87]}}, {"type": "Feature", "properties": {"k": "column"}, "geometry": {"type": "Point", "coordinates": [692570.51, 5335421.7]}}, {"type": "Feature", "properties": {"k": "bench", "a": 252}, "geometry": {"type": "Point", "coordinates": [692574.25, 5335061.58]}}, {"type": "Feature", "properties": {"k": "bike", "n": 12, "a": 146}, "geometry": {"type": "Point", "coordinates": [692082.09, 5334375.51]}}, {"type": "Feature", "properties": {"k": "hydrant"}, "geometry": {"type": "Point", "coordinates": [693403.83, 5335205.54]}}, {"type": "Feature", "properties": {"k": "bin"}, "geometry": {"type": "Point", "coordinates": [692660.81, 5334198.23]}}, {"type": "Feature", "properties": {"k": "bin"}, "geometry": {"type": "Point", "coordinates": [693310.36, 5334659.37]}}, {"type": "Feature", "properties": {"k": "bin"}, "geometry": {"type": "Point", "coordinates": [692240.87, 5334305.95]}}, {"type": "Feature", "properties": {"k": "bench", "a": 108}, "geometry": {"type": "Point", "coordinates": [692277.17, 5335799.29]}}, {"type": "Feature", "properties": {"k": "bench", "a": 108}, "geometry": {"type": "Point", "coordinates": [692276.56, 5335797.1]}}, {"type": "Feature", "properties": {"k": "bench", "a": 108}, "geometry": {"type": "Point", "coordinates": [692268.91, 5335775.03]}}, {"type": "Feature", "properties": {"k": "bench", "a": 108}, "geometry": {"type": "Point", "coordinates": [692268.2, 5335772.21]}}, {"type": "Feature", "properties": {"k": "bench", "a": 89}, "geometry": {"type": "Point", "coordinates": [692263.35, 5335746.39]}}, {"type": "Feature", "properties": {"k": "bench", "a": 88}, "geometry": {"type": "Point", "coordinates": [692301.26, 5335958.91]}}, {"type": "Feature", "properties": {"k": "bench", "a": 91}, "geometry": {"type": "Point", "coordinates": [692301.68, 5335917.99]}}, {"type": "Feature", "properties": {"k": "bench", "a": 335}, "geometry": {"type": "Point", "coordinates": [693938.72, 5334844.78]}}, {"type": "Feature", "properties": {"k": "bollard", "metal": true}, "geometry": {"type": "Point", "coordinates": [693540.07, 5334266.0]}}, {"type": "Feature", "properties": {"k": "hydrantsign", "a": 14}, "geometry": {"type": "Point", "coordinates": [692675.04, 5334785.34]}}, {"type": "Feature", "properties": {"k": "hydrantsign", "a": 18}, "geometry": {"type": "Point", "coordinates": [692441.57, 5335451.47]}}, {"type": "Feature", "properties": {"k": "hydrantsign", "a": 86}, "geometry": {"type": "Point", "coordinates": [692541.03, 5335406.99]}}, {"type": "Feature", "properties": {"k": "hydrantsign", "a": 13}, "geometry": {"type": "Point", "coordinates": [692391.46, 5335455.82]}}, {"type": "Feature", "properties": {"k": "hydrantsign", "a": 105}, "geometry": {"type": "Point", "coordinates": [692589.67, 5335217.91]}}, {"type": "Feature", "properties": {"k": "hydrantsign", "a": 189}, "geometry": {"type": "Point", "coordinates": [692472.47, 5335447.77]}}, {"type": "Feature", "properties": {"k": "hydrantsign", "a": 13}, "geometry": {"type": "Point", "coordinates": [693245.78, 5334642.11]}}, {"type": "Feature", "properties": {"k": "hydrantsign", "a": 255}, "geometry": {"type": "Point", "coordinates": [692557.81, 5335295.25]}}, {"type": "Feature", "properties": {"k": "bollard", "metal": true}, "geometry": {"type": "Point", "coordinates": [693557.86, 5334384.1]}}, {"type": "Feature", "properties": {"k": "bench", "a": 152}, "geometry": {"type": "Point", "coordinates": [693766.92, 5334405.84]}}, {"type": "Feature", "properties": {"k": "bin"}, "geometry": {"type": "Point", "coordinates": [692456.51, 5334561.8]}}, {"type": "Feature", "properties": {"k": "bin"}, "geometry": {"type": "Point", "coordinates": [692419.02, 5334887.97]}}, {"type": "Feature", "properties": {"k": "bin"}, "geometry": {"type": "Point", "coordinates": [692405.48, 5334891.07]}}, {"type": "Feature", "properties": {"k": "bench", "a": 153}, "geometry": {"type": "Point", "coordinates": [692404.33, 5334890.47]}}, {"type": "Feature", "properties": {"k": "bench", "a": 23}, "geometry": {"type": "Point", "coordinates": [692588.62, 5335020.48]}}, {"type": "Feature", "properties": {"k": "hydrantsign", "a": 194}, "geometry": {"type": "Point", "coordinates": [692437.34, 5334896.55]}}, {"type": "Feature", "properties": {"k": "hydrantsign", "a": 194}, "geometry": {"type": "Point", "coordinates": [692426.69, 5334899.75]}}, {"type": "Feature", "properties": {"k": "hydrant"}, "geometry": {"type": "Point", "coordinates": [692465.15, 5334877.22]}}, {"type": "Feature", "properties": {"k": "bin"}, "geometry": {"type": "Point", "coordinates": [692470.49, 5334872.78]}}, {"type": "Feature", "properties": {"k": "bin"}, "geometry": {"type": "Point", "coordinates": [692503.87, 5334863.24]}}, {"type": "Feature", "properties": {"k": "bin"}, "geometry": {"type": "Point", "coordinates": [692492.43, 5334865.61]}}, {"type": "Feature", "properties": {"k": "signal", "a": 75}, "geometry": {"type": "Point", "coordinates": [692216.87, 5334436.76]}}, {"type": "Feature", "properties": {"k": "hydrantsign", "a": 280}, "geometry": {"type": "Point", "coordinates": [692553.22, 5334145.63]}}, {"type": "Feature", "properties": {"k": "hydrant"}, "geometry": {"type": "Point", "coordinates": [692003.35, 5335891.81]}}, {"type": "Feature", "properties": {"k": "bike", "n": 6, "a": 43}, "geometry": {"type": "Point", "coordinates": [693420.49, 5334087.24]}}, {"type": "Feature", "properties": {"k": "hydrantsign", "a": 97}, "geometry": {"type": "Point", "coordinates": [693799.92, 5334881.27]}}, {"type": "Feature", "properties": {"k": "hydrant"}, "geometry": {"type": "Point", "coordinates": [692493.03, 5334518.7]}}, {"type": "Feature", "properties": {"k": "hydrant"}, "geometry": {"type": "Point", "coordinates": [693235.21, 5335251.99]}}, {"type": "Feature", "properties": {"k": "bike", "n": 3, "a": 357}, "geometry": {"type": "Point", "coordinates": [693577.31, 5334444.29]}}, {"type": "Feature", "properties": {"k": "hydrant"}, "geometry": {"type": "Point", "coordinates": [692807.02, 5334949.59]}}, {"type": "Feature", "properties": {"k": "bench", "back": false, "a": 277}, "geometry": {"type": "Point", "coordinates": [693814.87, 5335089.59]}}, {"type": "Feature", "properties": {"k": "hydrant"}, "geometry": {"type": "Point", "coordinates": [692796.94, 5335003.29]}}, {"type": "Feature", "properties": {"k": "hydrant"}, "geometry": {"type": "Point", "coordinates": [693975.81, 5335826.72]}}, {"type": "Feature", "properties": {"k": "hydrantsign", "a": 298}, "geometry": {"type": "Point", "coordinates": [692972.74, 5334265.72]}}, {"type": "Feature", "properties": {"k": "hydrant"}, "geometry": {"type": "Point", "coordinates": [693378.61, 5334517.33]}}, {"type": "Feature", "properties": {"k": "hydrant"}, "geometry": {"type": "Point", "coordinates": [692534.35, 5334588.8]}}, {"type": "Feature", "properties": {"k": "bike", "n": 5, "a": 205}, "geometry": {"type": "Point", "coordinates": [693416.17, 5334133.41]}}, {"type": "Feature", "properties": {"k": "hydrant"}, "geometry": {"type": "Point", "coordinates": [692672.29, 5335271.04]}}, {"type": "Feature", "properties": {"k": "bike", "n": 5, "a": 152}, "geometry": {"type": "Point", "coordinates": [693531.98, 5334363.45]}}, {"type": "Feature", "properties": {"k": "hydrant"}, "geometry": {"type": "Point", "coordinates": [693862.15, 5335174.42]}}, {"type": "Feature", "properties": {"k": "hydrant"}, "geometry": {"type": "Point", "coordinates": [692665.67, 5334813.44]}}, {"type": "Feature", "properties": {"k": "bike", "n": 6, "a": 62}, "geometry": {"type": "Point", "coordinates": [693528.27, 5334360.99]}}, {"type": "Feature", "properties": {"k": "hydrantsign", "a": 270}, "geometry": {"type": "Point", "coordinates": [693293.81, 5335211.5]}}, {"type": "Feature", "properties": {"k": "hydrant"}, "geometry": {"type": "Point", "coordinates": [692566.36, 5334596.51]}}, {"type": "Feature", "properties": {"k": "hydrantsign", "a": 270}, "geometry": {"type": "Point", "coordinates": [693293.84, 5335207.22]}}, {"type": "Feature", "properties": {"k": "hydrant"}, "geometry": {"type": "Point", "coordinates": [693897.3, 5335304.77]}}, {"type": "Feature", "properties": {"k": "hydrant"}, "geometry": {"type": "Point", "coordinates": [693789.42, 5335065.56]}}, {"type": "Feature", "properties": {"k": "bike", "n": 2, "a": 138}, "geometry": {"type": "Point", "coordinates": [693315.73, 5334015.91]}}, {"type": "Feature", "properties": {"k": "bike", "n": 2, "a": 132}, "geometry": {"type": "Point", "coordinates": [693328.98, 5334012.63]}}, {"type": "Feature", "properties": {"k": "bike", "n": 2, "a": 138}, "geometry": {"type": "Point", "coordinates": [693311.3, 5334010.68]}}, {"type": "Feature", "properties": {"k": "bike", "n": 2, "a": 313}, "geometry": {"type": "Point", "coordinates": [693323.15, 5334017.91]}}, {"type": "Feature", "properties": {"k": "bike", "n": 1, "a": 313}, "geometry": {"type": "Point", "coordinates": [693312.07, 5334005.9]}}, {"type": "Feature", "properties": {"k": "bike", "n": 1, "a": 313}, "geometry": {"type": "Point", "coordinates": [693316.76, 5334001.06]}}, {"type": "Feature", "properties": {"k": "bike", "n": 1, "a": 43}, "geometry": {"type": "Point", "coordinates": [693321.07, 5334001.97]}}, {"type": "Feature", "properties": {"k": "bike", "n": 1, "a": 43}, "geometry": {"type": "Point", "coordinates": [693326.87, 5334005.64]}}, {"type": "Feature", "properties": {"k": "hydrantsign", "a": 351}, "geometry": {"type": "Point", "coordinates": [692652.73, 5334162.78]}}, {"type": "Feature", "properties": {"k": "bin"}, "geometry": {"type": "Point", "coordinates": [692769.18, 5334759.14]}}, {"type": "Feature", "properties": {"k": "hydrant"}, "geometry": {"type": "Point", "coordinates": [692753.35, 5334896.22]}}, {"type": "Feature", "properties": {"k": "hydrantsign", "a": 135}, "geometry": {"type": "Point", "coordinates": [692686.63, 5334835.25]}}, {"type": "Feature", "properties": {"k": "hydrantsign", "a": 90}, "geometry": {"type": "Point", "coordinates": [692353.89, 5335298.66]}}, {"type": "Feature", "properties": {"k": "bench", "a": 14}, "geometry": {"type": "Point", "coordinates": [692774.09, 5334755.18]}}, {"type": "Feature", "properties": {"k": "bench", "a": 14}, "geometry": {"type": "Point", "coordinates": [692750.14, 5334762.49]}}, {"type": "Feature", "properties": {"k": "hydrantsign", "a": 99}, "geometry": {"type": "Point", "coordinates": [693623.44, 5334644.39]}}, {"type": "Feature", "properties": {"k": "bench", "a": 14}, "geometry": {"type": "Point", "coordinates": [692757.73, 5334760.45]}}, {"type": "Feature", "properties": {"k": "bench", "a": 14}, "geometry": {"type": "Point", "coordinates": [692770.01, 5334756.28]}}, {"type": "Feature", "properties": {"k": "hydrantsign", "a": 129}, "geometry": {"type": "Point", "coordinates": [692429.98, 5335431.26]}}, {"type": "Feature", "properties": {"k": "bench", "a": 135}, "geometry": {"type": "Point", "coordinates": [692692.7, 5334844.03]}}, {"type": "Feature", "properties": {"k": "bike", "n": 1, "a": 279}, "geometry": {"type": "Point", "coordinates": [693589.97, 5334478.61]}}, {"type": "Feature", "properties": {"k": "hydrant"}, "geometry": {"type": "Point", "coordinates": [693324.94, 5334224.34]}}, {"type": "Feature", "properties": {"k": "column"}, "geometry": {"type": "Point", "coordinates": [692224.37, 5334288.21]}}, {"type": "Feature", "properties": {"k": "column"}, "geometry": {"type": "Point", "coordinates": [692130.58, 5334442.51]}}, {"type": "Feature", "properties": {"k": "column"}, "geometry": {"type": "Point", "coordinates": [692016.55, 5334507.24]}}, {"type": "Feature", "properties": {"k": "column"}, "geometry": {"type": "Point", "coordinates": [692080.14, 5334371.36]}}, {"type": "Feature", "properties": {"k": "bike", "n": 12, "a": 2}, "geometry": {"type": "Point", "coordinates": [693162.83, 5334136.69]}}, {"type": "Feature", "properties": {"k": "hydrantsign", "a": 169}, "geometry": {"type": "Point", "coordinates": [692569.21, 5334151.4]}}, {"type": "Feature", "properties": {"k": "hydrantsign", "a": 195}, "geometry": {"type": "Point", "coordinates": [693720.93, 5335122.13]}}, {"type": "Feature", "properties": {"k": "hydrantsign", "a": 195}, "geometry": {"type": "Point", "coordinates": [693643.25, 5335141.4]}}, {"type": "Feature", "properties": {"k": "hydrantsign", "a": 10}, "geometry": {"type": "Point", "coordinates": [693816.89, 5335105.2]}}, {"type": "Feature", "properties": {"k": "hydrantsign", "a": 105}, "geometry": {"type": "Point", "coordinates": [692907.02, 5335327.53]}}, {"type": "Feature", "properties": {"k": "hydrantsign", "a": 195}, "geometry": {"type": "Point", "coordinates": [693562.77, 5335162.95]}}, {"type": "Feature", "properties": {"k": "bike", "n": 12, "a": 349}, "geometry": {"type": "Point", "coordinates": [693064.26, 5334115.94]}}, {"type": "Feature", "properties": {"k": "hydrantsign", "a": 16}, "geometry": {"type": "Point", "coordinates": [693481.45, 5335184.0]}}, {"type": "Feature", "properties": {"k": "bike", "n": 5, "a": 215}, "geometry": {"type": "Point", "coordinates": [692075.22, 5334132.44]}}, {"type": "Feature", "properties": {"k": "bin"}, "geometry": {"type": "Point", "coordinates": [692593.98, 5334800.36]}}, {"type": "Feature", "properties": {"k": "bin"}, "geometry": {"type": "Point", "coordinates": [692604.63, 5334797.78]}}, {"type": "Feature", "properties": {"k": "bench", "back": false, "a": 273}, "geometry": {"type": "Point", "coordinates": [693687.11, 5334309.72]}}, {"type": "Feature", "properties": {"k": "bench", "back": false, "a": 273}, "geometry": {"type": "Point", "coordinates": [693700.6, 5334307.32]}}, {"type": "Feature", "properties": {"k": "bike", "n": 10, "a": 93}, "geometry": {"type": "Point", "coordinates": [693672.99, 5334304.89]}}, {"type": "Feature", "properties": {"k": "bike", "n": 4, "a": 178}, "geometry": {"type": "Point", "coordinates": [692821.17, 5334244.4]}}, {"type": "Feature", "properties": {"k": "bike", "n": 1, "a": 170}, "geometry": {"type": "Point", "coordinates": [692600.37, 5334192.87]}}, {"type": "Feature", "properties": {"k": "bike", "n": 4, "a": 176}, "geometry": {"type": "Point", "coordinates": [692804.38, 5334249.15]}}, {"type": "Feature", "properties": {"k": "hydrant"}, "geometry": {"type": "Point", "coordinates": [692600.4, 5334227.43]}}, {"type": "Feature", "properties": {"k": "bike", "n": 7, "a": 222}, "geometry": {"type": "Point", "coordinates": [693189.32, 5334125.09]}}, {"type": "Feature", "properties": {"k": "bike", "n": 8, "a": 280}, "geometry": {"type": "Point", "coordinates": [692047.83, 5334547.43]}}, {"type": "Feature", "properties": {"k": "bike", "n": 5, "a": 209}, "geometry": {"type": "Point", "coordinates": [692033.9, 5334570.06]}}, {"type": "Feature", "properties": {"k": "bike", "n": 5, "a": 24}, "geometry": {"type": "Point", "coordinates": [692037.48, 5334579.82]}}, {"type": "Feature", "properties": {"k": "bike", "n": 4, "a": 223}, "geometry": {"type": "Point", "coordinates": [693254.74, 5334073.23]}}, {"type": "Feature", "properties": {"k": "bike", "n": 4, "a": 29}, "geometry": {"type": "Point", "coordinates": [693006.57, 5334117.15]}}, {"type": "Feature", "properties": {"k": "bike", "n": 3, "a": 26}, "geometry": {"type": "Point", "coordinates": [692921.7, 5334162.68]}}, {"type": "Feature", "properties": {"k": "bike", "n": 3, "a": 28}, "geometry": {"type": "Point", "coordinates": [692933.65, 5334149.06]}}, {"type": "Feature", "properties": {"k": "bench", "back": false, "a": 350}, "geometry": {"type": "Point", "coordinates": [692014.82, 5334027.58]}}, {"type": "Feature", "properties": {"k": "bike", "n": 5, "a": 223}, "geometry": {"type": "Point", "coordinates": [693224.98, 5334477.4]}}, {"type": "Feature", "properties": {"k": "column"}, "geometry": {"type": "Point", "coordinates": [692316.53, 5335480.92]}}, {"type": "Feature", "properties": {"k": "hydrantsign", "a": 195}, "geometry": {"type": "Point", "coordinates": [692985.57, 5335342.4]}}, {"type": "Feature", "properties": {"k": "bike", "n": 1, "a": 138}, "geometry": {"type": "Point", "coordinates": [693653.09, 5335828.77]}}, {"type": "Feature", "properties": {"k": "bench", "a": 336}, "geometry": {"type": "Point", "coordinates": [692599.07, 5335525.41]}}, {"type": "Feature", "properties": {"k": "bench", "a": 337}, "geometry": {"type": "Point", "coordinates": [692598.26, 5335524.63]}}, {"type": "Feature", "properties": {"k": "bin"}, "geometry": {"type": "Point", "coordinates": [692597.61, 5335523.86]}}, {"type": "Feature", "properties": {"k": "bike", "n": 4, "a": 223}, "geometry": {"type": "Point", "coordinates": [693241.07, 5334085.62]}}, {"type": "Feature", "properties": {"k": "bike", "n": 2, "a": 14}, "geometry": {"type": "Point", "coordinates": [692427.86, 5334558.33]}}, {"type": "Feature", "properties": {"k": "bike", "n": 5, "a": 177}, "geometry": {"type": "Point", "coordinates": [693817.76, 5334072.84]}}, {"type": "Feature", "properties": {"k": "signal", "a": 16}, "geometry": {"type": "Point", "coordinates": [693303.47, 5334817.81]}}, {"type": "Feature", "properties": {"k": "hydrantsign", "a": 124}, "geometry": {"type": "Point", "coordinates": [692944.71, 5335946.21]}}, {"type": "Feature", "properties": {"k": "hydrantsign", "a": 28}, "geometry": {"type": "Point", "coordinates": [692950.66, 5335930.91]}}, {"type": "Feature", "properties": {"k": "hydrantsign", "a": 219}, "geometry": {"type": "Point", "coordinates": [693811.96, 5335910.39]}}, {"type": "Feature", "properties": {"k": "hydrantsign", "a": 303}, "geometry": {"type": "Point", "coordinates": [693728.72, 5335973.76]}}, {"type": "Feature", "properties": {"k": "hydrantsign", "a": 123}, "geometry": {"type": "Point", "coordinates": [693743.19, 5335972.8]}}, {"type": "Feature", "properties": {"k": "hydrantsign", "a": 54}, "geometry": {"type": "Point", "coordinates": [693810.3, 5335820.43]}}, {"type": "Feature", "properties": {"k": "bike", "n": 3, "a": 320}, "geometry": {"type": "Point", "coordinates": [692446.12, 5334574.52]}}, {"type": "Feature", "properties": {"k": "bike", "n": 5, "a": 46}, "geometry": {"type": "Point", "coordinates": [692497.78, 5334618.28]}}, {"type": "Feature", "properties": {"k": "hydrantsign", "a": 288}, "geometry": {"type": "Point", "coordinates": [693407.31, 5335199.86]}}, {"type": "Feature", "properties": {"k": "bike", "n": 10, "a": 223}, "geometry": {"type": "Point", "coordinates": [692817.37, 5334007.92]}}, {"type": "Feature", "properties": {"k": "bike", "n": 5, "a": 290}, "geometry": {"type": "Point", "coordinates": [692944.81, 5334203.26]}}, {"type": "Feature", "properties": {"k": "bike", "n": 10, "a": 225}, "geometry": {"type": "Point", "coordinates": [692796.98, 5334027.79]}}, {"type": "Feature", "properties": {"k": "hydrant"}, "geometry": {"type": "Point", "coordinates": [693431.92, 5335924.88]}}, {"type": "Feature", "properties": {"k": "bike", "n": 3, "a": 37}, "geometry": {"type": "Point", "coordinates": [693134.45, 5334034.86]}}, {"type": "Feature", "properties": {"k": "hydrantsign", "a": 282}, "geometry": {"type": "Point", "coordinates": [692244.57, 5334797.83]}}, {"type": "Feature", "properties": {"k": "hydrantsign", "a": 184}, "geometry": {"type": "Point", "coordinates": [692179.5, 5334803.38]}}, {"type": "Feature", "properties": {"k": "hydrantsign", "a": 187}, "geometry": {"type": "Point", "coordinates": [692155.68, 5334806.76]}}, {"type": "Feature", "properties": {"k": "hydrantsign", "a": 188}, "geometry": {"type": "Point", "coordinates": [692060.44, 5334818.71]}}, {"type": "Feature", "properties": {"k": "bench", "back": false, "a": 276}, "geometry": {"type": "Point", "coordinates": [693161.0, 5334132.46]}}, {"type": "Feature", "properties": {"k": "bench", "a": 276}, "geometry": {"type": "Point", "coordinates": [693159.4, 5334127.88]}}, {"type": "Feature", "properties": {"k": "bench", "back": false, "a": 2}, "geometry": {"type": "Point", "coordinates": [693164.68, 5334132.0]}}, {"type": "Feature", "properties": {"k": "hydrant"}, "geometry": {"type": "Point", "coordinates": [693623.93, 5335193.22]}}, {"type": "Feature", "properties": {"k": "clock", "a": 96}, "geometry": {"type": "Point", "coordinates": [693284.27, 5334612.3]}}, {"type": "Feature", "properties": {"k": "hydrant"}, "geometry": {"type": "Point", "coordinates": [693418.92, 5334910.48]}}, {"type": "Feature", "properties": {"k": "bike", "n": 5, "a": 194}, "geometry": {"type": "Point", "coordinates": [693631.91, 5334417.84]}}, {"type": "Feature", "properties": {"k": "bench", "a": 279}, "geometry": {"type": "Point", "coordinates": [692281.75, 5334783.01]}}, {"type": "Feature", "properties": {"k": "bench", "a": 257}, "geometry": {"type": "Point", "coordinates": [692281.1, 5334779.19]}}, {"type": "Feature", "properties": {"k": "bin"}, "geometry": {"type": "Point", "coordinates": [692277.66, 5334784.32]}}, {"type": "Feature", "properties": {"k": "bike", "n": 5, "a": 110}, "geometry": {"type": "Point", "coordinates": [692259.33, 5334667.09]}}, {"type": "Feature", "properties": {"k": "bin"}, "geometry": {"type": "Point", "coordinates": [692646.52, 5335965.91]}}, {"type": "Feature", "properties": {"k": "bench", "a": 302}, "geometry": {"type": "Point", "coordinates": [692644.88, 5335963.2]}}, {"type": "Feature", "properties": {"k": "bin"}, "geometry": {"type": "Point", "coordinates": [692595.02, 5335860.95]}}, {"type": "Feature", "properties": {"k": "bench", "a": 302}, "geometry": {"type": "Point", "coordinates": [692639.11, 5335953.96]}}, {"type": "Feature", "properties": {"k": "bin"}, "geometry": {"type": "Point", "coordinates": [692528.47, 5335796.78]}}, {"type": "Feature", "properties": {"k": "bench", "a": 324}, "geometry": {"type": "Point", "coordinates": [692579.6, 5335844.83]}}, {"type": "Feature", "properties": {"k": "bench", "a": 60}, "geometry": {"type": "Point", "coordinates": [692572.34, 5335840.57]}}, {"type": "Feature", "properties": {"k": "bench", "a": 302}, "geometry": {"type": "Point", "coordinates": [692641.56, 5335957.66]}}, {"type": "Feature", "properties": {"k": "bench", "a": 315}, "geometry": {"type": "Point", "coordinates": [692589.35, 5335855.25]}}, {"type": "Feature", "properties": {"k": "bench", "a": 298}, "geometry": {"type": "Point", "coordinates": [692993.76, 5335020.15]}}, {"type": "Feature", "properties": {"k": "hydrant"}, "geometry": {"type": "Point", "coordinates": [692661.87, 5334062.57]}}, {"type": "Feature", "properties": {"k": "hydrantsign", "a": 225}, "geometry": {"type": "Point", "coordinates": [692743.84, 5334079.0]}}, {"type": "Feature", "properties": {"k": "signal", "a": 304}, "geometry": {"type": "Point", "coordinates": [692195.74, 5334613.94]}}, {"type": "Feature", "properties": {"k": "signal", "a": 280}, "geometry": {"type": "Point", "coordinates": [692270.65, 5334815.43]}}, {"type": "Feature", "properties": {"k": "signal", "a": 53}, "geometry": {"type": "Point", "coordinates": [692268.77, 5335024.99]}}, {"type": "Feature", "properties": {"k": "column"}, "geometry": {"type": "Point", "coordinates": [692166.04, 5335217.05]}}, {"type": "Feature", "properties": {"k": "signal", "a": 106}, "geometry": {"type": "Point", "coordinates": [692144.55, 5335238.42]}}, {"type": "Feature", "properties": {"k": "signal", "a": 281}, "geometry": {"type": "Point", "coordinates": [692138.68, 5335237.37]}}, {"type": "Feature", "properties": {"k": "bin"}, "geometry": {"type": "Point", "coordinates": [692015.91, 5335420.66]}}, {"type": "Feature", "properties": {"k": "bin"}, "geometry": {"type": "Point", "coordinates": [692455.83, 5335734.94]}}, {"type": "Feature", "properties": {"k": "bench", "a": 285}, "geometry": {"type": "Point", "coordinates": [692019.33, 5335435.9]}}, {"type": "Feature", "properties": {"k": "bin"}, "geometry": {"type": "Point", "coordinates": [692050.33, 5335448.29]}}, {"type": "Feature", "properties": {"k": "bench", "a": 285}, "geometry": {"type": "Point", "coordinates": [692011.11, 5335404.55]}}, {"type": "Feature", "properties": {"k": "bench", "a": 285}, "geometry": {"type": "Point", "coordinates": [692016.07, 5335427.17]}}, {"type": "Feature", "properties": {"k": "bench", "a": 285}, "geometry": {"type": "Point", "coordinates": [692013.34, 5335416.43]}}, {"type": "Feature", "properties": {"k": "bin"}, "geometry": {"type": "Point", "coordinates": [692162.72, 5335508.21]}}, {"type": "Feature", "properties": {"k": "bin"}, "geometry": {"type": "Point", "coordinates": [692360.34, 5335724.69]}}, {"type": "Feature", "properties": {"k": "bench", "a": 256}, "geometry": {"type": "Point", "coordinates": [692463.55, 5335730.5]}}, {"type": "Feature", "properties": {"k": "hydrant"}, "geometry": {"type": "Point", "coordinates": [692470.93, 5335247.08]}}, {"type": "Feature", "properties": {"k": "hydrantsign", "a": 10}, "geometry": {"type": "Point", "coordinates": [692524.91, 5335232.54]}}, {"type": "Feature", "properties": {"k": "bench", "a": 235}, "geometry": {"type": "Point", "coordinates": [692784.84, 5334782.68]}}, {"type": "Feature", "properties": {"k": "bench", "a": 145}, "geometry": {"type": "Point", "coordinates": [692779.51, 5334783.88]}}, {"type": "Feature", "properties": {"k": "bin"}, "geometry": {"type": "Point", "coordinates": [692019.38, 5334517.89]}}, {"type": "Feature", "properties": {"k": "bollard"}, "geometry": {"type": "Point", "coordinates": [692362.44, 5334153.92]}}, {"type": "Feature", "properties": {"k": "column"}, "geometry": {"type": "Point", "coordinates": [692328.17, 5334121.55]}}, {"type": "Feature", "properties": {"k": "bench", "a": 248}, "geometry": {"type": "Point", "coordinates": [693095.13, 5334588.9]}}, {"type": "Feature", "properties": {"k": "bike", "n": 5, "a": 24}, "geometry": {"type": "Point", "coordinates": [693217.48, 5334386.23]}}, {"type": "Feature", "properties": {"k": "bench", "a": 110}, "geometry": {"type": "Point", "coordinates": [692386.53, 5334838.66]}}, {"type": "Feature", "properties": {"k": "bench", "a": 268}, "geometry": {"type": "Point", "coordinates": [693101.6, 5334613.69]}}, {"type": "Feature", "properties": {"k": "picnic", "a": 284}, "geometry": {"type": "Point", "coordinates": [693092.42, 5334628.76]}}, {"type": "Feature", "properties": {"k": "bench", "a": 259}, "geometry": {"type": "Point", "coordinates": [693090.98, 5334598.34]}}, {"type": "Feature", "properties": {"k": "bike", "n": 4, "a": 113}, "geometry": {"type": "Point", "coordinates": [693347.28, 5334364.09]}}, {"type": "Feature", "properties": {"k": "bike", "n": 4, "a": 115}, "geometry": {"type": "Point", "coordinates": [693351.49, 5334373.44]}}, {"type": "Feature", "properties": {"k": "bin"}, "geometry": {"type": "Point", "coordinates": [692578.93, 5335987.15]}}, {"type": "Feature", "properties": {"k": "column"}, "geometry": {"type": "Point", "coordinates": [693800.69, 5335016.96]}}, {"type": "Feature", "properties": {"k": "bin"}, "geometry": {"type": "Point", "coordinates": [693154.67, 5335124.26]}}, {"type": "Feature", "properties": {"k": "bench", "a": 14}, "geometry": {"type": "Point", "coordinates": [693138.41, 5335261.19]}}, {"type": "Feature", "properties": {"k": "bin"}, "geometry": {"type": "Point", "coordinates": [693771.24, 5334907.14]}}, {"type": "Feature", "properties": {"k": "bin"}, "geometry": {"type": "Point", "coordinates": [693172.06, 5335267.49]}}, {"type": "Feature", "properties": {"k": "bench", "a": 187}, "geometry": {"type": "Point", "coordinates": [693147.58, 5335306.35]}}, {"type": "Feature", "properties": {"k": "bin"}, "geometry": {"type": "Point", "coordinates": [693206.84, 5335203.3]}}, {"type": "Feature", "properties": {"k": "bin"}, "geometry": {"type": "Point", "coordinates": [693087.53, 5335151.92]}}, {"type": "Feature", "properties": {"k": "bench", "a": 201}, "geometry": {"type": "Point", "coordinates": [693151.56, 5335304.91]}}, {"type": "Feature", "properties": {"k": "picnic", "a": 273}, "geometry": {"type": "Point", "coordinates": [693841.23, 5334604.44]}}, {"type": "Feature", "properties": {"k": "column"}, "geometry": {"type": "Point", "coordinates": [692830.12, 5335412.74]}}, {"type": "Feature", "properties": {"k": "bike", "n": 1, "a": 86}, "geometry": {"type": "Point", "coordinates": [693519.18, 5335161.97]}}, {"type": "Feature", "properties": {"k": "bin"}, "geometry": {"type": "Point", "coordinates": [693825.96, 5334493.94]}}, {"type": "Feature", "properties": {"k": "bike", "n": 1, "a": 27}, "geometry": {"type": "Point", "coordinates": [693515.12, 5335167.71]}}, {"type": "Feature", "properties": {"k": "bin"}, "geometry": {"type": "Point", "coordinates": [693175.13, 5335279.29]}}, {"type": "Feature", "properties": {"k": "bench", "a": 179}, "geometry": {"type": "Point", "coordinates": [693145.38, 5335304.71]}}, {"type": "Feature", "properties": {"k": "bench", "a": 121}, "geometry": {"type": "Point", "coordinates": [692494.76, 5334461.79]}}, {"type": "Feature", "properties": {"k": "bench", "a": 121}, "geometry": {"type": "Point", "coordinates": [692514.38, 5334492.31]}}, {"type": "Feature", "properties": {"k": "bench", "a": 123}, "geometry": {"type": "Point", "coordinates": [692468.7, 5334420.03]}}, {"type": "Feature", "properties": {"k": "bench", "a": 121}, "geometry": {"type": "Point", "coordinates": [692524.73, 5334510.8]}}, {"type": "Feature", "properties": {"k": "bench", "a": 120}, "geometry": {"type": "Point", "coordinates": [692593.5, 5334635.38]}}, {"type": "Feature", "properties": {"k": "bench", "a": 118}, "geometry": {"type": "Point", "coordinates": [692531.35, 5334522.39]}}, {"type": "Feature", "properties": {"k": "bench", "a": 118}, "geometry": {"type": "Point", "coordinates": [692575.83, 5334601.13]}}, {"type": "Feature", "properties": {"k": "bench", "a": 119}, "geometry": {"type": "Point", "coordinates": [692612.42, 5334670.05]}}, {"type": "Feature", "properties": {"k": "bench", "a": 123}, "geometry": {"type": "Point", "coordinates": [692463.79, 5334411.36]}}, {"type": "Feature", "properties": {"k": "bench", "a": 121}, "geometry": {"type": "Point", "coordinates": [692500.84, 5334470.84]}}, {"type": "Feature", "properties": {"k": "bench", "back": false, "a": 118}, "geometry": {"type": "Point", "coordinates": [692541.6, 5334541.83]}}, {"type": "Feature", "properties": {"k": "bench", "a": 117}, "geometry": {"type": "Point", "coordinates": [692570.6, 5334591.72]}}, {"type": "Feature", "properties": {"k": "bin"}, "geometry": {"type": "Point", "coordinates": [693144.21, 5335432.38]}}, {"type": "Feature", "properties": {"k": "bin"}, "geometry": {"type": "Point", "coordinates": [692995.81, 5335022.35]}}, {"type": "Feature", "properties": {"k": "bench", "a": 258}, "geometry": {"type": "Point", "coordinates": [692915.73, 5334817.86]}}, {"type": "Feature", "properties": {"k": "bench", "a": 291}, "geometry": {"type": "Point", "coordinates": [692227.78, 5335714.52]}}, {"type": "Feature", "properties": {"k": "bench", "a": 291}, "geometry": {"type": "Point", "coordinates": [692233.46, 5335728.64]}}, {"type": "Feature", "properties": {"k": "bike", "n": 12, "a": 225}, "geometry": {"type": "Point", "coordinates": [692781.6, 5334082.74]}}, {"type": "Feature", "properties": {"k": "column"}, "geometry": {"type": "Point", "coordinates": [692860.51, 5335836.35]}}, {"type": "Feature", "properties": {"k": "bench", "a": 130}, "geometry": {"type": "Point", "coordinates": [692440.12, 5334043.32]}}, {"type": "Feature", "properties": {"k": "bin"}, "geometry": {"type": "Point", "coordinates": [692625.12, 5335780.84]}}, {"type": "Feature", "properties": {"k": "bench", "a": 314}, "geometry": {"type": "Point", "coordinates": [692724.1, 5335895.65]}}, {"type": "Feature", "properties": {"k": "bin"}, "geometry": {"type": "Point", "coordinates": [692797.29, 5335993.88]}}, {"type": "Feature", "properties": {"k": "bench", "a": 114}, "geometry": {"type": "Point", "coordinates": [693159.63, 5334113.71]}}, {"type": "Feature", "properties": {"k": "bin"}, "geometry": {"type": "Point", "coordinates": [693162.87, 5334132.19]}}, {"type": "Feature", "properties": {"k": "bin"}, "geometry": {"type": "Point", "coordinates": [693159.29, 5334130.03]}}, {"type": "Feature", "properties": {"k": "bin"}, "geometry": {"type": "Point", "coordinates": [693165.43, 5334126.73]}}, {"type": "Feature", "properties": {"k": "hydrantsign", "a": 31}, "geometry": {"type": "Point", "coordinates": [692575.03, 5335068.02]}}, {"type": "Feature", "properties": {"k": "hydrantsign", "a": 117}, "geometry": {"type": "Point", "coordinates": [692895.51, 5335981.69]}}, {"type": "Feature", "properties": {"k": "bin"}, "geometry": {"type": "Point", "coordinates": [693259.17, 5335006.38]}}, {"type": "Feature", "properties": {"k": "bench", "a": 229}, "geometry": {"type": "Point", "coordinates": [693308.56, 5335744.54]}}, {"type": "Feature", "properties": {"k": "bin"}, "geometry": {"type": "Point", "coordinates": [693363.63, 5335835.37]}}, {"type": "Feature", "properties": {"k": "bin"}, "geometry": {"type": "Point", "coordinates": [693348.48, 5335815.47]}}, {"type": "Feature", "properties": {"k": "bin"}, "geometry": {"type": "Point", "coordinates": [693266.9, 5335212.68]}}, {"type": "Feature", "properties": {"k": "bin"}, "geometry": {"type": "Point", "coordinates": [693285.14, 5335375.01]}}, {"type": "Feature", "properties": {"k": "bench", "a": 131}, "geometry": {"type": "Point", "coordinates": [693366.91, 5335840.58]}}, {"type": "Feature", "properties": {"k": "bench", "a": 140}, "geometry": {"type": "Point", "coordinates": [693363.42, 5335947.58]}}, {"type": "Feature", "properties": {"k": "bin"}, "geometry": {"type": "Point", "coordinates": [693234.21, 5335487.91]}}, {"type": "Feature", "properties": {"k": "bench", "a": 296}, "geometry": {"type": "Point", "coordinates": [693297.45, 5335690.48]}}, {"type": "Feature", "properties": {"k": "bin"}, "geometry": {"type": "Point", "coordinates": [693267.55, 5335553.74]}}, {"type": "Feature", "properties": {"k": "bin"}, "geometry": {"type": "Point", "coordinates": [693320.54, 5335734.12]}}, {"type": "Feature", "properties": {"k": "bench", "a": 296}, "geometry": {"type": "Point", "coordinates": [693300.96, 5335696.68]}}, {"type": "Feature", "properties": {"k": "bench", "a": 305}, "geometry": {"type": "Point", "coordinates": [693356.26, 5335827.27]}}, {"type": "Feature", "properties": {"k": "bench", "a": 140}, "geometry": {"type": "Point", "coordinates": [693348.28, 5335933.9]}}, {"type": "Feature", "properties": {"k": "bench", "a": 83}, "geometry": {"type": "Point", "coordinates": [693274.53, 5335287.96]}}, {"type": "Feature", "properties": {"k": "bin"}, "geometry": {"type": "Point", "coordinates": [693370.26, 5335954.59]}}, {"type": "Feature", "properties": {"k": "bin"}, "geometry": {"type": "Point", "coordinates": [693280.05, 5335277.45]}}, {"type": "Feature", "properties": {"k": "bench", "a": 324}, "geometry": {"type": "Point", "coordinates": [693342.52, 5335812.01]}}, {"type": "Feature", "properties": {"k": "bin"}, "geometry": {"type": "Point", "coordinates": [693300.34, 5335743.76]}}, {"type": "Feature", "properties": {"k": "bin"}, "geometry": {"type": "Point", "coordinates": [693220.69, 5334978.83]}}, {"type": "Feature", "properties": {"k": "bin"}, "geometry": {"type": "Point", "coordinates": [693256.46, 5335438.32]}}, {"type": "Feature", "properties": {"k": "bench", "a": 324}, "geometry": {"type": "Point", "coordinates": [693338.69, 5335809.29]}}, {"type": "Feature", "properties": {"k": "bin"}, "geometry": {"type": "Point", "coordinates": [693580.21, 5335938.61]}}, {"type": "Feature", "properties": {"k": "bin"}, "geometry": {"type": "Point", "coordinates": [693290.91, 5335685.52]}}, {"type": "Feature", "properties": {"k": "bench", "a": 305}, "geometry": {"type": "Point", "coordinates": [693354.63, 5335822.29]}}, {"type": "Feature", "properties": {"k": "bench", "a": 134}, "geometry": {"type": "Point", "coordinates": [693384.89, 5335967.06]}}, {"type": "Feature", "properties": {"k": "bench", "a": 157}, "geometry": {"type": "Point", "coordinates": [692198.1, 5334443.08]}}, {"type": "Feature", "properties": {"k": "column"}, "geometry": {"type": "Point", "coordinates": [692621.21, 5334768.02]}}, {"type": "Feature", "properties": {"k": "bench", "back": false, "a": 123}, "geometry": {"type": "Point", "coordinates": [692679.92, 5334702.65]}}, {"type": "Feature", "properties": {"k": "bench", "back": false, "a": 123}, "geometry": {"type": "Point", "coordinates": [692677.91, 5334699.16]}}, {"type": "Feature", "properties": {"k": "bench", "back": false, "a": 123}, "geometry": {"type": "Point", "coordinates": [692663.53, 5334677.13]}}, {"type": "Feature", "properties": {"k": "bench", "back": false, "a": 123}, "geometry": {"type": "Point", "coordinates": [692665.54, 5334680.63]}}, {"type": "Feature", "properties": {"k": "bench", "back": false, "a": 121}, "geometry": {"type": "Point", "coordinates": [692631.45, 5334625.99]}}, {"type": "Feature", "properties": {"k": "bench", "back": false, "a": 121}, "geometry": {"type": "Point", "coordinates": [692633.46, 5334629.48]}}, {"type": "Feature", "properties": {"k": "bench", "back": false, "a": 118}, "geometry": {"type": "Point", "coordinates": [692606.76, 5334583.09]}}, {"type": "Feature", "properties": {"k": "bench", "back": false, "a": 118}, "geometry": {"type": "Point", "coordinates": [692608.77, 5334586.58]}}, {"type": "Feature", "properties": {"k": "bench", "a": 246}, "geometry": {"type": "Point", "coordinates": [692505.3, 5334344.08]}}, {"type": "Feature", "properties": {"k": "bench", "a": 246}, "geometry": {"type": "Point", "coordinates": [692504.22, 5334346.46]}}, {"type": "Feature", "properties": {"k": "bench", "a": 246}, "geometry": {"type": "Point", "coordinates": [692506.35, 5334341.77]}}, {"type": "Feature", "properties": {"k": "bench", "a": 246}, "geometry": {"type": "Point", "coordinates": [692507.32, 5334339.61]}}, {"type": "Feature", "properties": {"k": "bin"}, "geometry": {"type": "Point", "coordinates": [692507.13, 5334341.29]}}, {"type": "Feature", "properties": {"k": "bin"}, "geometry": {"type": "Point", "coordinates": [692002.51, 5334515.31]}}, {"type": "Feature", "properties": {"k": "column"}, "geometry": {"type": "Point", "coordinates": [693044.94, 5334791.24]}}, {"type": "Feature", "properties": {"k": "column"}, "geometry": {"type": "Point", "coordinates": [692932.86, 5334756.94]}}, {"type": "Feature", "properties": {"k": "column"}, "geometry": {"type": "Point", "coordinates": [692920.19, 5334704.51]}}, {"type": "Feature", "properties": {"k": "column"}, "geometry": {"type": "Point", "coordinates": [692969.58, 5334632.73]}}, {"type": "Feature", "properties": {"k": "bin"}, "geometry": {"type": "Point", "coordinates": [692205.84, 5335100.59]}}, {"type": "Feature", "properties": {"k": "bin"}, "geometry": {"type": "Point", "coordinates": [692192.64, 5335119.57]}}, {"type": "Feature", "properties": {"k": "hydrantsign", "a": 67}, "geometry": {"type": "Point", "coordinates": [692263.9, 5335016.34]}}, {"type": "Feature", "properties": {"k": "bike", "n": 3, "a": 106}, "geometry": {"type": "Point", "coordinates": [692100.75, 5335180.26]}}, {"type": "Feature", "properties": {"k": "hydrantsign", "a": 284}, "geometry": {"type": "Point", "coordinates": [692267.32, 5334946.53]}}, {"type": "Feature", "properties": {"k": "bin"}, "geometry": {"type": "Point", "coordinates": [692223.75, 5335078.52]}}, {"type": "Feature", "properties": {"k": "bin"}, "geometry": {"type": "Point", "coordinates": [693423.14, 5335913.51]}}, {"type": "Feature", "properties": {"k": "bin"}, "geometry": {"type": "Point", "coordinates": [693433.76, 5335936.96]}}, {"type": "Feature", "properties": {"k": "bin"}, "geometry": {"type": "Point", "coordinates": [693444.31, 5335953.49]}}, {"type": "Feature", "properties": {"k": "bench", "a": 324}, "geometry": {"type": "Point", "coordinates": [692610.75, 5335771.48]}}, {"type": "Feature", "properties": {"k": "bench", "a": 128}, "geometry": {"type": "Point", "coordinates": [692462.45, 5334069.89]}}, {"type": "Feature", "properties": {"k": "bike", "n": 12, "a": 83}, "geometry": {"type": "Point", "coordinates": [693985.84, 5334595.79]}}, {"type": "Feature", "properties": {"k": "signal", "a": 100}, "geometry": {"type": "Point", "coordinates": [692596.0, 5335228.36]}}, {"type": "Feature", "properties": {"k": "signal", "a": 280}, "geometry": {"type": "Point", "coordinates": [692563.45, 5335227.79]}}, {"type": "Feature", "properties": {"k": "bike", "n": 10, "a": 70}, "geometry": {"type": "Point", "coordinates": [692205.27, 5334451.05]}}, {"type": "Feature", "properties": {"k": "bin"}, "geometry": {"type": "Point", "coordinates": [692291.84, 5335654.7]}}, {"type": "Feature", "properties": {"k": "bench", "a": 6}, "geometry": {"type": "Point", "coordinates": [692316.04, 5335649.61]}}, {"type": "Feature", "properties": {"k": "bench", "a": 6}, "geometry": {"type": "Point", "coordinates": [692308.97, 5335649.74]}}, {"type": "Feature", "properties": {"k": "bin"}, "geometry": {"type": "Point", "coordinates": [692531.58, 5335614.85]}}, {"type": "Feature", "properties": {"k": "bike", "n": 1, "a": 184}, "geometry": {"type": "Point", "coordinates": [693313.09, 5334212.6]}}, {"type": "Feature", "properties": {"k": "hydrantsign", "a": 320}, "geometry": {"type": "Point", "coordinates": [692704.74, 5335549.62]}}, {"type": "Feature", "properties": {"k": "hydrantsign", "a": 125}, "geometry": {"type": "Point", "coordinates": [692809.2, 5335664.15]}}, {"type": "Feature", "properties": {"k": "hydrantsign", "a": 114}, "geometry": {"type": "Point", "coordinates": [692857.02, 5335752.47]}}, {"type": "Feature", "properties": {"k": "hydrant"}, "geometry": {"type": "Point", "coordinates": [692623.18, 5335499.97]}}, {"type": "Feature", "properties": {"k": "picnic", "a": 212}, "geometry": {"type": "Point", "coordinates": [692574.32, 5335613.47]}}, {"type": "Feature", "properties": {"k": "bin"}, "geometry": {"type": "Point", "coordinates": [692598.67, 5335629.24]}}, {"type": "Feature", "properties": {"k": "bench"}, "geometry": {"type": "Point", "coordinates": [692570.84, 5335668.4]}}, {"type": "Feature", "properties": {"k": "bin"}, "geometry": {"type": "Point", "coordinates": [692550.45, 5335653.11]}}, {"type": "Feature", "properties": {"k": "bin"}, "geometry": {"type": "Point", "coordinates": [692584.03, 5335613.11]}}, {"type": "Feature", "properties": {"k": "bench"}, "geometry": {"type": "Point", "coordinates": [692594.12, 5335650.5]}}, {"type": "Feature", "properties": {"k": "column"}, "geometry": {"type": "Point", "coordinates": [692882.14, 5335804.84]}}, {"type": "Feature", "properties": {"k": "hydrantsign", "a": 89}, "geometry": {"type": "Point", "coordinates": [692252.53, 5335988.45]}}, {"type": "Feature", "properties": {"k": "hydrantsign", "a": 189}, "geometry": {"type": "Point", "coordinates": [692107.81, 5335713.27]}}, {"type": "Feature", "properties": {"k": "hydrantsign", "a": 100}, "geometry": {"type": "Point", "coordinates": [692110.65, 5335800.77]}}, {"type": "Feature", "properties": {"k": "hydrantsign", "a": 100}, "geometry": {"type": "Point", "coordinates": [692132.03, 5335918.41]}}, {"type": "Feature", "properties": {"k": "bike", "n": 1, "a": 153}, "geometry": {"type": "Point", "coordinates": [692587.71, 5335481.87]}}, {"type": "Feature", "properties": {"k": "bench", "a": 130}, "geometry": {"type": "Point", "coordinates": [692822.41, 5334818.92]}}, {"type": "Feature", "properties": {"k": "bench", "a": 130}, "geometry": {"type": "Point", "coordinates": [692821.1, 5334817.32]}}, {"type": "Feature", "properties": {"k": "bench", "a": 130}, "geometry": {"type": "Point", "coordinates": [692819.8, 5334815.71]}}, {"type": "Feature", "properties": {"k": "bench", "a": 140}, "geometry": {"type": "Point", "coordinates": [692803.29, 5334844.51]}}, {"type": "Feature", "properties": {"k": "bench", "a": 139}, "geometry": {"type": "Point", "coordinates": [692804.23, 5334845.61]}}, {"type": "Feature", "properties": {"k": "bike", "n": 1, "a": 16}, "geometry": {"type": "Point", "coordinates": [692224.61, 5335394.18]}}, {"type": "Feature", "properties": {"k": "bike", "n": 10, "a": 223}, "geometry": {"type": "Point", "coordinates": [693921.29, 5334187.26]}}, {"type": "Feature", "properties": {"k": "bench", "a": 293}, "geometry": {"type": "Point", "coordinates": [693110.33, 5335042.18]}}, {"type": "Feature", "properties": {"k": "hydrantsign", "a": 281}, "geometry": {"type": "Point", "coordinates": [692251.48, 5335880.45]}}, {"type": "Feature", "properties": {"k": "bench", "a": 143}, "geometry": {"type": "Point", "coordinates": [693239.61, 5335336.24]}}, {"type": "Feature", "properties": {"k": "bin"}, "geometry": {"type": "Point", "coordinates": [693144.23, 5334786.17]}}, {"type": "Feature", "properties": {"k": "bench", "a": 67}, "geometry": {"type": "Point", "coordinates": [693205.05, 5335110.91]}}, {"type": "Feature", "properties": {"k": "bin"}, "geometry": {"type": "Point", "coordinates": [693612.98, 5335990.43]}}, {"type": "Feature", "properties": {"k": "column"}, "geometry": {"type": "Point", "coordinates": [693319.17, 5334227.77]}}, {"type": "Feature", "properties": {"k": "bench", "a": 223}, "geometry": {"type": "Point", "coordinates": [693294.49, 5334263.35]}}, {"type": "Feature", "properties": {"k": "bin"}, "geometry": {"type": "Point", "coordinates": [693093.25, 5334858.72]}}, {"type": "Feature", "properties": {"k": "bench", "a": 67}, "geometry": {"type": "Point", "coordinates": [693207.44, 5335100.3]}}, {"type": "Feature", "properties": {"k": "bench", "a": 106}, "geometry": {"type": "Point", "coordinates": [693125.83, 5334633.18]}}, {"type": "Feature", "properties": {"k": "bench", "a": 102}, "geometry": {"type": "Point", "coordinates": [693613.88, 5335995.43]}}, {"type": "Feature", "properties": {"k": "bin"}, "geometry": {"type": "Point", "coordinates": [693121.38, 5334817.72]}}, {"type": "Feature", "properties": {"k": "bench", "a": 102}, "geometry": {"type": "Point", "coordinates": [693612.41, 5335985.21]}}, {"type": "Feature", "properties": {"k": "column"}, "geometry": {"type": "Point", "coordinates": [693290.87, 5334262.71]}}, {"type": "Feature", "properties": {"k": "bin"}, "geometry": {"type": "Point", "coordinates": [693214.1, 5335092.35]}}, {"type": "Feature", "properties": {"k": "bin"}, "geometry": {"type": "Point", "coordinates": [693122.42, 5334606.78]}}, {"type": "Feature", "properties": {"k": "column"}, "geometry": {"type": "Point", "coordinates": [693310.25, 5334344.23]}}, {"type": "Feature", "properties": {"k": "bench", "a": 110}, "geometry": {"type": "Point", "coordinates": [693124.09, 5334611.46]}}, {"type": "Feature", "properties": {"k": "bench", "a": 143}, "geometry": {"type": "Point", "coordinates": [693251.27, 5335349.25]}}, {"type": "Feature", "properties": {"k": "bench", "a": 121}, "geometry": {"type": "Point", "coordinates": [693121.67, 5334603.43]}}, {"type": "Feature", "properties": {"k": "bin"}, "geometry": {"type": "Point", "coordinates": [693242.84, 5335342.5]}}, {"type": "Feature", "properties": {"k": "hydrantsign", "a": 43}, "geometry": {"type": "Point", "coordinates": [692812.39, 5334009.57]}}, {"type": "Feature", "properties": {"k": "hydrantsign", "a": 169}, "geometry": {"type": "Point", "coordinates": [693061.65, 5334124.05]}}, {"type": "Feature", "properties": {"k": "hydrantsign", "a": 163}, "geometry": {"type": "Point", "coordinates": [693148.96, 5334463.14]}}, {"type": "Feature", "properties": {"k": "bike", "n": 7, "a": 294}, "geometry": {"type": "Point", "coordinates": [693221.02, 5334372.62]}}, {"type": "Feature", "properties": {"k": "hydrantsign", "a": 357}, "geometry": {"type": "Point", "coordinates": [693254.48, 5334263.95]}}, {"type": "Feature", "properties": {"k": "hydrantsign", "a": 96}, "geometry": {"type": "Point", "coordinates": [693150.29, 5334130.76]}}, {"type": "Feature", "properties": {"k": "hydrantsign", "a": 348}, "geometry": {"type": "Point", "coordinates": [693186.7, 5334472.8]}}, {"type": "Feature", "properties": {"k": "hydrantsign", "a": 292}, "geometry": {"type": "Point", "coordinates": [693231.73, 5334401.92]}}, {"type": "Feature", "properties": {"k": "bike", "n": 1, "a": 127}, "geometry": {"type": "Point", "coordinates": [692289.11, 5334397.6]}}, {"type": "Feature", "properties": {"k": "bench", "back": false, "a": 356}, "geometry": {"type": "Point", "coordinates": [692083.4, 5335887.72]}}, {"type": "Feature", "properties": {"k": "hydrantsign", "a": 271}, "geometry": {"type": "Point", "coordinates": [692022.12, 5334822.3]}}, {"type": "Feature", "properties": {"k": "column"}, "geometry": {"type": "Point", "coordinates": [692530.26, 5334087.1]}}, {"type": "Feature", "properties": {"k": "bench", "a": 327}, "geometry": {"type": "Point", "coordinates": [692165.9, 5334084.19]}}, {"type": "Feature", "properties": {"k": "column"}, "geometry": {"type": "Point", "coordinates": [693078.1, 5335947.67]}}, {"type": "Feature", "properties": {"k": "column"}, "geometry": {"type": "Point", "coordinates": [692785.44, 5335292.13]}}, {"type": "Feature", "properties": {"k": "column"}, "geometry": {"type": "Point", "coordinates": [693002.1, 5335849.99]}}, {"type": "Feature", "properties": {"k": "bench", "a": 110}, "geometry": {"type": "Point", "coordinates": [692753.59, 5335214.98]}}, {"type": "Feature", "properties": {"k": "bin"}, "geometry": {"type": "Point", "coordinates": [692747.08, 5335206.6]}}, {"type": "Feature", "properties": {"k": "hydrantsign", "a": 279}, "geometry": {"type": "Point", "coordinates": [692914.93, 5335648.66]}}, {"type": "Feature", "properties": {"k": "hydrantsign", "a": 131}, "geometry": {"type": "Point", "coordinates": [692884.8, 5335582.7]}}, {"type": "Feature", "properties": {"k": "hydrantsign", "a": 17}, "geometry": {"type": "Point", "coordinates": [692816.63, 5335494.21]}}, {"type": "Feature", "properties": {"k": "hydrantsign", "a": 279}, "geometry": {"type": "Point", "coordinates": [692904.09, 5335571.93]}}, {"type": "Feature", "properties": {"k": "hydrantsign", "a": 97}, "geometry": {"type": "Point", "coordinates": [692896.85, 5335602.75]}}, {"type": "Feature", "properties": {"k": "hydrantsign", "a": 104}, "geometry": {"type": "Point", "coordinates": [692905.01, 5335688.08]}}, {"type": "Feature", "properties": {"k": "hydrantsign", "a": 8}, "geometry": {"type": "Point", "coordinates": [692906.97, 5335735.07]}}, {"type": "Feature", "properties": {"k": "hydrantsign", "a": 80}, "geometry": {"type": "Point", "coordinates": [692889.52, 5335765.31]}}, {"type": "Feature", "properties": {"k": "hydrantsign", "a": 117}, "geometry": {"type": "Point", "coordinates": [692946.72, 5335777.78]}}, {"type": "Feature", "properties": {"k": "hydrantsign", "a": 1}, "geometry": {"type": "Point", "coordinates": [692970.32, 5335837.53]}}, {"type": "Feature", "properties": {"k": "hydrantsign", "a": 28}, "geometry": {"type": "Point", "coordinates": [693005.9, 5335899.68]}}, {"type": "Feature", "properties": {"k": "hydrantsign", "a": 118}, "geometry": {"type": "Point", "coordinates": [693034.79, 5335952.51]}}, {"type": "Feature", "properties": {"k": "hydrantsign", "a": 212}, "geometry": {"type": "Point", "coordinates": [692995.52, 5335991.68]}}, {"type": "Feature", "properties": {"k": "hydrantsign", "a": 124}, "geometry": {"type": "Point", "coordinates": [692898.56, 5335880.06]}}, {"type": "Feature", "properties": {"k": "hydrantsign", "a": 224}, "geometry": {"type": "Point", "coordinates": [692838.19, 5335854.4]}}, {"type": "Feature", "properties": {"k": "hydrantsign", "a": 219}, "geometry": {"type": "Point", "coordinates": [692795.79, 5335895.32]}}, {"type": "Feature", "properties": {"k": "hydrantsign", "a": 301}, "geometry": {"type": "Point", "coordinates": [692623.67, 5335055.32]}}, {"type": "Feature", "properties": {"k": "hydrantsign", "a": 15}, "geometry": {"type": "Point", "coordinates": [692798.86, 5335359.24]}}, {"type": "Feature", "properties": {"k": "hydrantsign", "a": 15}, "geometry": {"type": "Point", "coordinates": [692846.09, 5335347.85]}}, {"type": "Feature", "properties": {"k": "hydrantsign", "a": 291}, "geometry": {"type": "Point", "coordinates": [692820.22, 5335341.69]}}, {"type": "Feature", "properties": {"k": "hydrantsign", "a": 315}, "geometry": {"type": "Point", "coordinates": [692785.14, 5335295.1]}}, {"type": "Feature", "properties": {"k": "hydrantsign", "a": 289}, "geometry": {"type": "Point", "coordinates": [692793.58, 5335268.46]}}, {"type": "Feature", "properties": {"k": "hydrantsign", "a": 241}, "geometry": {"type": "Point", "coordinates": [692769.24, 5335188.55]}}, {"type": "Feature", "properties": {"k": "hydrantsign", "a": 340}, "geometry": {"type": "Point", "coordinates": [692771.93, 5335200.47]}}, {"type": "Feature", "properties": {"k": "hydrantsign", "a": 9}, "geometry": {"type": "Point", "coordinates": [692719.94, 5335211.9]}}, {"type": "Feature", "properties": {"k": "hydrantsign", "a": 190}, "geometry": {"type": "Point", "coordinates": [692726.67, 5335196.01]}}, {"type": "Feature", "properties": {"k": "hydrantsign", "a": 301}, "geometry": {"type": "Point", "coordinates": [692673.9, 5335126.42]}}, {"type": "Feature", "properties": {"k": "hydrantsign", "a": 15}, "geometry": {"type": "Point", "coordinates": [692567.67, 5335422.2]}}, {"type": "Feature", "properties": {"k": "hydrant"}, "geometry": {"type": "Point", "coordinates": [692560.01, 5335355.37]}}, {"type": "Feature", "properties": {"k": "column"}, "geometry": {"type": "Point", "coordinates": [692975.08, 5335724.77]}}, {"type": "Feature", "properties": {"k": "column"}, "geometry": {"type": "Point", "coordinates": [693073.45, 5335716.23]}}, {"type": "Feature", "properties": {"k": "column"}, "geometry": {"type": "Point", "coordinates": [692731.33, 5335011.75]}}, {"type": "Feature", "properties": {"k": "column"}, "geometry": {"type": "Point", "coordinates": [692978.67, 5335557.62]}}, {"type": "Feature", "properties": {"k": "column"}, "geometry": {"type": "Point", "coordinates": [692949.97, 5335720.19]}}, {"type": "Feature", "properties": {"k": "hydrant"}, "geometry": {"type": "Point", "coordinates": [692927.49, 5335390.37]}}, {"type": "Feature", "properties": {"k": "hydrantsign", "a": 100}, "geometry": {"type": "Point", "coordinates": [692944.32, 5335467.11]}}, {"type": "Feature", "properties": {"k": "hydrantsign", "a": 98}, "geometry": {"type": "Point", "coordinates": [692967.09, 5335616.62]}}, {"type": "Feature", "properties": {"k": "hydrant"}, "geometry": {"type": "Point", "coordinates": [692976.5, 5335710.52]}}, {"type": "Feature", "properties": {"k": "hydrant"}, "geometry": {"type": "Point", "coordinates": [693020.21, 5335439.19]}}, {"type": "Feature", "properties": {"k": "hydrant"}, "geometry": {"type": "Point", "coordinates": [693035.87, 5335527.24]}}, {"type": "Feature", "properties": {"k": "hydrant"}, "geometry": {"type": "Point", "coordinates": [693046.43, 5335624.07]}}, {"type": "Feature", "properties": {"k": "hydrant"}, "geometry": {"type": "Point", "coordinates": [693067.14, 5335821.22]}}, {"type": "Feature", "properties": {"k": "hydrantsign", "a": 95}, "geometry": {"type": "Point", "coordinates": [693073.44, 5335896.5]}}, {"type": "Feature", "properties": {"k": "bin"}, "geometry": {"type": "Point", "coordinates": [693064.72, 5335843.83]}}, {"type": "Feature", "properties": {"k": "bench", "a": 15}, "geometry": {"type": "Point", "coordinates": [692837.4, 5335352.13]}}, {"type": "Feature", "properties": {"k": "bin"}, "geometry": {"type": "Point", "coordinates": [692867.85, 5335182.04]}}, {"type": "Feature", "properties": {"k": "hydrantsign", "a": 104}, "geometry": {"type": "Point", "coordinates": [692572.56, 5334994.71]}}, {"type": "Feature", "properties": {"k": "hydrantsign", "a": 289}, "geometry": {"type": "Point", "coordinates": [692733.71, 5335013.72]}}, {"type": "Feature", "properties": {"k": "hydrantsign", "a": 121}, "geometry": {"type": "Point", "coordinates": [692848.98, 5335075.52]}}, {"type": "Feature", "properties": {"k": "hydrantsign", "a": 11}, "geometry": {"type": "Point", "coordinates": [692883.28, 5335167.31]}}, {"type": "Feature", "properties": {"k": "hydrantsign", "a": 101}, "geometry": {"type": "Point", "coordinates": [692884.2, 5335240.74]}}, {"type": "Feature", "properties": {"k": "hydrantsign", "a": 16}, "geometry": {"type": "Point", "coordinates": [692958.7, 5335317.87]}}, {"type": "Feature", "properties": {"k": "hydrantsign", "a": 11}, "geometry": {"type": "Point", "coordinates": [692983.51, 5335310.51]}}, {"type": "Feature", "properties": {"k": "hydrantsign", "a": 360}, "geometry": {"type": "Point", "coordinates": [692540.26, 5335312.64]}}, {"type": "Feature", "properties": {"k": "hydrantsign", "a": 11}, "geometry": {"type": "Point", "coordinates": [692452.07, 5335314.08]}}, {"type": "Feature", "properties": {"k": "hydrantsign", "a": 37}, "geometry": {"type": "Point", "coordinates": [692380.23, 5335352.96]}}, {"type": "Feature", "properties": {"k": "hydrantsign", "a": 133}, "geometry": {"type": "Point", "coordinates": [692395.98, 5335395.4]}}, {"type": "Feature", "properties": {"k": "hydrantsign", "a": 215}, "geometry": {"type": "Point", "coordinates": [692662.61, 5334995.56]}}, {"type": "Feature", "properties": {"k": "hydrantsign", "a": 304}, "geometry": {"type": "Point", "coordinates": [692671.97, 5334912.94]}}, {"type": "Feature", "properties": {"k": "hydrantsign", "a": 124}, "geometry": {"type": "Point", "coordinates": [692643.29, 5334889.25]}}, {"type": "Feature", "properties": {"k": "hydrantsign", "a": 194}, "geometry": {"type": "Point", "coordinates": [692615.85, 5334823.12]}}, {"type": "Feature", "properties": {"k": "hydrantsign", "a": 195}, "geometry": {"type": "Point", "coordinates": [692628.17, 5334817.06]}}, {"type": "Feature", "properties": {"k": "hydrantsign", "a": 135}, "geometry": {"type": "Point", "coordinates": [692864.66, 5335007.75]}}, {"type": "Feature", "properties": {"k": "hydrantsign", "a": 112}, "geometry": {"type": "Point", "coordinates": [692942.23, 5335145.16]}}, {"type": "Feature", "properties": {"k": "hydrantsign", "a": 106}, "geometry": {"type": "Point", "coordinates": [692961.91, 5335211.23]}}, {"type": "Feature", "properties": {"k": "hydrantsign", "a": 104}, "geometry": {"type": "Point", "coordinates": [692982.28, 5335290.58]}}, {"type": "Feature", "properties": {"k": "hydrant"}, "geometry": {"type": "Point", "coordinates": [693056.95, 5335714.46]}}, {"type": "Feature", "properties": {"k": "bin"}, "geometry": {"type": "Point", "coordinates": [692952.41, 5335174.33]}}, {"type": "Feature", "properties": {"k": "column"}, "geometry": {"type": "Point", "coordinates": [692702.83, 5334823.93]}}, {"type": "Feature", "properties": {"k": "bin"}, "geometry": {"type": "Point", "coordinates": [693021.03, 5334976.98]}}, {"type": "Feature", "properties": {"k": "bin"}, "geometry": {"type": "Point", "coordinates": [693018.5, 5334971.79]}}, {"type": "Feature", "properties": {"k": "hydrant"}, "geometry": {"type": "Point", "coordinates": [692041.3, 5335118.78]}}, {"type": "Feature", "properties": {"k": "hydrantsign", "a": 308}, "geometry": {"type": "Point", "coordinates": [692022.6, 5334945.23]}}, {"type": "Feature", "properties": {"k": "hydrantsign", "a": 258}, "geometry": {"type": "Point", "coordinates": [692020.64, 5334902.91]}}, {"type": "Feature", "properties": {"k": "bin"}, "geometry": {"type": "Point", "coordinates": [692301.08, 5334225.11]}}, {"type": "Feature", "properties": {"k": "bike", "n": 1, "a": 194}, "geometry": {"type": "Point", "coordinates": [692367.26, 5334842.32]}}, {"type": "Feature", "properties": {"k": "hydrantsign", "a": 103}, "geometry": {"type": "Point", "coordinates": [692595.17, 5334736.35]}}, {"type": "Feature", "properties": {"k": "hydrantsign", "a": 308}, "geometry": {"type": "Point", "coordinates": [692161.5, 5334525.57]}}, {"type": "Feature", "properties": {"k": "hydrantsign", "a": 113}, "geometry": {"type": "Point", "coordinates": [692169.29, 5334536.54]}}, {"type": "Feature", "properties": {"k": "hydrantsign", "a": 337}, "geometry": {"type": "Point", "coordinates": [692202.42, 5334360.86]}}, {"type": "Feature", "properties": {"k": "hydrantsign", "a": 238}, "geometry": {"type": "Point", "coordinates": [692224.46, 5334322.97]}}, {"type": "Feature", "properties": {"k": "hydrantsign", "a": 306}, "geometry": {"type": "Point", "coordinates": [692345.38, 5334290.06]}}, {"type": "Feature", "properties": {"k": "hydrantsign", "a": 306}, "geometry": {"type": "Point", "coordinates": [692359.06, 5334312.31]}}, {"type": "Feature", "properties": {"k": "hydrantsign", "a": 307}, "geometry": {"type": "Point", "coordinates": [692390.4, 5334356.47]}}, {"type": "Feature", "properties": {"k": "hydrantsign", "a": 45}, "geometry": {"type": "Point", "coordinates": [692371.75, 5334433.22]}}, {"type": "Feature", "properties": {"k": "hydrantsign", "a": 304}, "geometry": {"type": "Point", "coordinates": [692428.38, 5334404.11]}}, {"type": "Feature", "properties": {"k": "hydrantsign", "a": 302}, "geometry": {"type": "Point", "coordinates": [692471.36, 5334469.65]}}, {"type": "Feature", "properties": {"k": "hydrantsign", "a": 193}, "geometry": {"type": "Point", "coordinates": [692627.62, 5334798.26]}}, {"type": "Feature", "properties": {"k": "hydrantsign", "a": 283}, "geometry": {"type": "Point", "coordinates": [692609.81, 5334792.8]}}, {"type": "Feature", "properties": {"k": "hydrantsign", "a": 104}, "geometry": {"type": "Point", "coordinates": [692522.41, 5334747.34]}}, {"type": "Feature", "properties": {"k": "hydrantsign", "a": 283}, "geometry": {"type": "Point", "coordinates": [692502.67, 5334721.8]}}, {"type": "Feature", "properties": {"k": "hydrantsign", "a": 104}, "geometry": {"type": "Point", "coordinates": [692482.91, 5334641.26]}}, {"type": "Feature", "properties": {"k": "hydrantsign", "a": 300}, "geometry": {"type": "Point", "coordinates": [692473.48, 5334593.0]}}, {"type": "Feature", "properties": {"k": "hydrantsign", "a": 301}, "geometry": {"type": "Point", "coordinates": [692447.41, 5334581.91]}}, {"type": "Feature", "properties": {"k": "hydrantsign", "a": 300}, "geometry": {"type": "Point", "coordinates": [692413.57, 5334494.02]}}, {"type": "Feature", "properties": {"k": "hydrantsign", "a": 164}, "geometry": {"type": "Point", "coordinates": [692271.58, 5334454.13]}}, {"type": "Feature", "properties": {"k": "hydrantsign", "a": 164}, "geometry": {"type": "Point", "coordinates": [692252.26, 5334448.83]}}, {"type": "Feature", "properties": {"k": "hydrantsign", "a": 164}, "geometry": {"type": "Point", "coordinates": [692237.64, 5334433.15]}}, {"type": "Feature", "properties": {"k": "hydrantsign", "a": 134}, "geometry": {"type": "Point", "coordinates": [692178.81, 5334411.14]}}, {"type": "Feature", "properties": {"k": "hydrantsign", "a": 62}, "geometry": {"type": "Point", "coordinates": [692180.63, 5334399.94]}}, {"type": "Feature", "properties": {"k": "hydrantsign", "a": 220}, "geometry": {"type": "Point", "coordinates": [692423.25, 5334547.02]}}, {"type": "Feature", "properties": {"k": "hydrantsign", "a": 300}, "geometry": {"type": "Point", "coordinates": [692404.42, 5334503.05]}}, {"type": "Feature", "properties": {"k": "hydrantsign", "a": 164}, "geometry": {"type": "Point", "coordinates": [692314.59, 5334454.16]}}, {"type": "Feature", "properties": {"k": "column"}, "geometry": {"type": "Point", "coordinates": [692164.95, 5334526.8]}}, {"type": "Feature", "properties": {"k": "column"}, "geometry": {"type": "Point", "coordinates": [692341.42, 5334284.4]}}, {"type": "Feature", "properties": {"k": "column"}, "geometry": {"type": "Point", "coordinates": [692553.37, 5334570.21]}}, {"type": "Feature", "properties": {"k": "column"}, "geometry": {"type": "Point", "coordinates": [692404.91, 5334576.34]}}, {"type": "Feature", "properties": {"k": "column"}, "geometry": {"type": "Point", "coordinates": [692164.53, 5334435.81]}}, {"type": "Feature", "properties": {"k": "signal", "a": 26}, "geometry": {"type": "Point", "coordinates": [692988.49, 5335862.87]}}, {"type": "Feature", "properties": {"k": "bin"}, "geometry": {"type": "Point", "coordinates": [692232.79, 5335727.25]}}, {"type": "Feature", "properties": {"k": "bin"}, "geometry": {"type": "Point", "coordinates": [692257.61, 5335817.86]}}, {"type": "Feature", "properties": {"k": "bin"}, "geometry": {"type": "Point", "coordinates": [692301.66, 5335905.63]}}, {"type": "Feature", "properties": {"k": "bench", "a": 291}, "geometry": {"type": "Point", "coordinates": [692062.66, 5335497.81]}}, {"type": "Feature", "properties": {"k": "bench", "a": 53}, "geometry": {"type": "Point", "coordinates": [692018.27, 5335505.53]}}, {"type": "Feature", "properties": {"k": "bench", "a": 20}, "geometry": {"type": "Point", "coordinates": [692033.69, 5335499.54]}}, {"type": "Feature", "properties": {"k": "bench", "a": 291}, "geometry": {"type": "Point", "coordinates": [692062.99, 5335500.38]}}, {"type": "Feature", "properties": {"k": "column"}, "geometry": {"type": "Point", "coordinates": [692122.06, 5335216.81]}}, {"type": "Feature", "properties": {"k": "bin"}, "geometry": {"type": "Point", "coordinates": [692169.56, 5335227.7]}}, {"type": "Feature", "properties": {"k": "bin"}, "geometry": {"type": "Point", "coordinates": [692169.56, 5335221.62]}}, {"type": "Feature", "properties": {"k": "bike", "n": 5, "a": 156}, "geometry": {"type": "Point", "coordinates": [693994.23, 5334680.27]}}, {"type": "Feature", "properties": {"k": "bike", "n": 11, "a": 110}, "geometry": {"type": "Point", "coordinates": [692863.19, 5335507.61]}}, {"type": "Feature", "properties": {"k": "bollard"}, "geometry": {"type": "Point", "coordinates": [692841.08, 5335577.03]}}, {"type": "Feature", "properties": {"k": "bollard"}, "geometry": {"type": "Point", "coordinates": [692809.57, 5335350.16]}}, {"type": "Feature", "properties": {"k": "bollard"}, "geometry": {"type": "Point", "coordinates": [692807.8, 5335350.69]}}, {"type": "Feature", "properties": {"k": "bollard"}, "geometry": {"type": "Point", "coordinates": [692810.06, 5335351.47]}}, {"type": "Feature", "properties": {"k": "bollard"}, "geometry": {"type": "Point", "coordinates": [692810.3, 5335352.77]}}, {"type": "Feature", "properties": {"k": "bollard"}, "geometry": {"type": "Point", "coordinates": [692810.43, 5335354.22]}}, {"type": "Feature", "properties": {"k": "bollard"}, "geometry": {"type": "Point", "coordinates": [692810.33, 5335356.0]}}, {"type": "Feature", "properties": {"k": "bin"}, "geometry": {"type": "Point", "coordinates": [692280.87, 5335257.66]}}, {"type": "Feature", "properties": {"k": "bin"}, "geometry": {"type": "Point", "coordinates": [692381.6, 5335255.78]}}, {"type": "Feature", "properties": {"k": "bin"}, "geometry": {"type": "Point", "coordinates": [692386.78, 5335256.05]}}, {"type": "Feature", "properties": {"k": "bin"}, "geometry": {"type": "Point", "coordinates": [692656.19, 5335218.77]}}, {"type": "Feature", "properties": {"k": "bin"}, "geometry": {"type": "Point", "coordinates": [692295.46, 5335485.97]}}, {"type": "Feature", "properties": {"k": "bin"}, "geometry": {"type": "Point", "coordinates": [692306.67, 5335387.37]}}, {"type": "Feature", "properties": {"k": "bin"}, "geometry": {"type": "Point", "coordinates": [692569.7, 5335044.04]}}, {"type": "Feature", "properties": {"k": "bin"}, "geometry": {"type": "Point", "coordinates": [692579.9, 5335049.47]}}, {"type": "Feature", "properties": {"k": "bin"}, "geometry": {"type": "Point", "coordinates": [692565.86, 5335235.1]}}, {"type": "Feature", "properties": {"k": "bin"}, "geometry": {"type": "Point", "coordinates": [692552.1, 5335413.65]}}, {"type": "Feature", "properties": {"k": "bin"}, "geometry": {"type": "Point", "coordinates": [692556.3, 5335472.94]}}, {"type": "Feature", "properties": {"k": "bin"}, "geometry": {"type": "Point", "coordinates": [692769.71, 5335613.85]}}, {"type": "Feature", "properties": {"k": "bin"}, "geometry": {"type": "Point", "coordinates": [692873.36, 5335815.27]}}, {"type": "Feature", "properties": {"k": "bin"}, "geometry": {"type": "Point", "coordinates": [692866.4, 5335817.23]}}, {"type": "Feature", "properties": {"k": "bin"}, "geometry": {"type": "Point", "coordinates": [692888.04, 5335853.6]}}, {"type": "Feature", "properties": {"k": "bin"}, "geometry": {"type": "Point", "coordinates": [692974.32, 5335844.61]}}, {"type": "Feature", "properties": {"k": "bin"}, "geometry": {"type": "Point", "coordinates": [692117.68, 5334459.6]}}, {"type": "Feature", "properties": {"k": "bin"}, "geometry": {"type": "Point", "coordinates": [692180.87, 5334506.79]}}, {"type": "Feature", "properties": {"k": "bin"}, "geometry": {"type": "Point", "coordinates": [692186.55, 5334619.91]}}, {"type": "Feature", "properties": {"k": "bin"}, "geometry": {"type": "Point", "coordinates": [692216.33, 5334673.14]}}, {"type": "Feature", "properties": {"k": "bin"}, "geometry": {"type": "Point", "coordinates": [692223.02, 5334691.04]}}, {"type": "Feature", "properties": {"k": "bin"}, "geometry": {"type": "Point", "coordinates": [692521.87, 5334841.89]}}, {"type": "Feature", "properties": {"k": "bin"}, "geometry": {"type": "Point", "coordinates": [692566.99, 5334792.32]}}, {"type": "Feature", "properties": {"k": "bin"}, "geometry": {"type": "Point", "coordinates": [692387.3, 5334837.07]}}, {"type": "Feature", "properties": {"k": "bin"}, "geometry": {"type": "Point", "coordinates": [692339.36, 5334462.83]}}, {"type": "Feature", "properties": {"k": "bin"}, "geometry": {"type": "Point", "coordinates": [692477.01, 5334432.8]}}, {"type": "Feature", "properties": {"k": "bin"}, "geometry": {"type": "Point", "coordinates": [692571.99, 5334594.88]}}, {"type": "Feature", "properties": {"k": "bin"}, "geometry": {"type": "Point", "coordinates": [692604.38, 5334654.77]}}, {"type": "Feature", "properties": {"k": "bin"}, "geometry": {"type": "Point", "coordinates": [692766.45, 5334880.9]}}, {"type": "Feature", "properties": {"k": "bin"}, "geometry": {"type": "Point", "coordinates": [692935.42, 5335328.7]}}, {"type": "Feature", "properties": {"k": "bin"}, "geometry": {"type": "Point", "coordinates": [693025.05, 5335368.57]}}, {"type": "Feature", "properties": {"k": "bin"}, "geometry": {"type": "Point", "coordinates": [693038.04, 5335421.67]}}, {"type": "Feature", "properties": {"k": "bin"}, "geometry": {"type": "Point", "coordinates": [693058.19, 5335582.06]}}, {"type": "Feature", "properties": {"k": "bin"}, "geometry": {"type": "Point", "coordinates": [693079.42, 5335775.34]}}, {"type": "Feature", "properties": {"k": "bin"}, "geometry": {"type": "Point", "coordinates": [693087.69, 5335835.25]}}, {"type": "Feature", "properties": {"k": "bin"}, "geometry": {"type": "Point", "coordinates": [693094.07, 5335891.61]}}, {"type": "Feature", "properties": {"k": "bin"}, "geometry": {"type": "Point", "coordinates": [692015.23, 5334951.22]}}, {"type": "Feature", "properties": {"k": "bin"}, "geometry": {"type": "Point", "coordinates": [692035.0, 5334963.13]}}, {"type": "Feature", "properties": {"k": "bin"}, "geometry": {"type": "Point", "coordinates": [692057.03, 5334940.68]}}, {"type": "Feature", "properties": {"k": "bin"}, "geometry": {"type": "Point", "coordinates": [692091.8, 5334946.03]}}, {"type": "Feature", "properties": {"k": "bin"}, "geometry": {"type": "Point", "coordinates": [692158.02, 5334916.39]}}, {"type": "Feature", "properties": {"k": "bin"}, "geometry": {"type": "Point", "coordinates": [692163.98, 5334930.67]}}, {"type": "Feature", "properties": {"k": "bin"}, "geometry": {"type": "Point", "coordinates": [692234.29, 5334920.34]}}, {"type": "Feature", "properties": {"k": "bin"}, "geometry": {"type": "Point", "coordinates": [692219.96, 5334897.75]}}, {"type": "Feature", "properties": {"k": "bin"}, "geometry": {"type": "Point", "coordinates": [692273.92, 5335532.73]}}, {"type": "Feature", "properties": {"k": "bin"}, "geometry": {"type": "Point", "coordinates": [692600.25, 5335417.77]}}, {"type": "Feature", "properties": {"k": "bin"}, "geometry": {"type": "Point", "coordinates": [692944.3, 5335346.72]}}, {"type": "Feature", "properties": {"k": "bin"}, "geometry": {"type": "Point", "coordinates": [692022.01, 5334728.2]}}, {"type": "Feature", "properties": {"k": "hydrantsign", "a": 9}, "geometry": {"type": "Point", "coordinates": [692061.05, 5335475.4]}}, {"type": "Feature", "properties": {"k": "hydrantsign", "a": 106}, "geometry": {"type": "Point", "coordinates": [692233.85, 5335482.71]}}, {"type": "Feature", "properties": {"k": "hydrantsign", "a": 15}, "geometry": {"type": "Point", "coordinates": [692297.36, 5335473.88]}}, {"type": "Feature", "properties": {"k": "hydrantsign", "a": 119}, "geometry": {"type": "Point", "coordinates": [692330.76, 5335451.8]}}, {"type": "Feature", "properties": {"k": "hydrantsign", "a": 15}, "geometry": {"type": "Point", "coordinates": [692640.03, 5335402.83]}}, {"type": "Feature", "properties": {"k": "hydrantsign", "a": 15}, "geometry": {"type": "Point", "coordinates": [692718.94, 5335381.43]}}, {"type": "Feature", "properties": {"k": "bike", "n": 1, "a": 357}, "geometry": {"type": "Point", "coordinates": [693369.13, 5334273.59]}}, {"type": "Feature", "properties": {"k": "column"}, "geometry": {"type": "Point", "coordinates": [693948.36, 5335665.05]}}, {"type": "Feature", "properties": {"k": "hydrantsign", "a": 124}, "geometry": {"type": "Point", "coordinates": [693227.02, 5334517.03]}}, {"type": "Feature", "properties": {"k": "hydrantsign", "a": 114}, "geometry": {"type": "Point", "coordinates": [693175.89, 5334499.54]}}, {"type": "Feature", "properties": {"k": "hydrantsign", "a": 153}, "geometry": {"type": "Point", "coordinates": [692964.88, 5334381.85]}}, {"type": "Feature", "properties": {"k": "hydrantsign", "a": 333}, "geometry": {"type": "Point", "coordinates": [692876.08, 5334335.89]}}, {"type": "Feature", "properties": {"k": "bench", "a": 202}, "geometry": {"type": "Point", "coordinates": [693165.04, 5334503.37]}}, {"type": "Feature", "properties": {"k": "bench", "a": 114}, "geometry": {"type": "Point", "coordinates": [693173.62, 5334499.85]}}, {"type": "Feature", "properties": {"k": "bench", "back": false, "a": 166}, "geometry": {"type": "Point", "coordinates": [693171.55, 5334487.48]}}, {"type": "Feature", "properties": {"k": "column"}, "geometry": {"type": "Point", "coordinates": [693020.12, 5334424.91]}}, {"type": "Feature", "properties": {"k": "hydrantsign", "a": 288}, "geometry": {"type": "Point", "coordinates": [693412.13, 5335166.49]}}, {"type": "Feature", "properties": {"k": "hydrantsign", "a": 287}, "geometry": {"type": "Point", "coordinates": [693388.79, 5335087.27]}}, {"type": "Feature", "properties": {"k": "hydrantsign", "a": 284}, "geometry": {"type": "Point", "coordinates": [693363.57, 5334997.63]}}, {"type": "Feature", "properties": {"k": "hydrantsign", "a": 285}, "geometry": {"type": "Point", "coordinates": [693336.43, 5334955.86]}}, {"type": "Feature", "properties": {"k": "hydrantsign", "a": 285}, "geometry": {"type": "Point", "coordinates": [693294.95, 5334798.47]}}, {"type": "Feature", "properties": {"k": "hydrantsign", "a": 275}, "geometry": {"type": "Point", "coordinates": [693261.53, 5334600.54]}}, {"type": "Feature", "properties": {"k": "hydrantsign", "a": 276}, "geometry": {"type": "Point", "coordinates": [693259.63, 5334588.18]}}, {"type": "Feature", "properties": {"k": "column"}, "geometry": {"type": "Point", "coordinates": [693305.82, 5334628.45]}}, {"type": "Feature", "properties": {"k": "column"}, "geometry": {"type": "Point", "coordinates": [693340.41, 5334659.61]}}, {"type": "Feature", "properties": {"k": "hydrantsign", "a": 310}, "geometry": {"type": "Point", "coordinates": [693609.79, 5335777.86]}}, {"type": "Feature", "properties": {"k": "hydrantsign", "a": 122}, "geometry": {"type": "Point", "coordinates": [693563.85, 5335714.94]}}, {"type": "Feature", "properties": {"k": "hydrantsign", "a": 285}, "geometry": {"type": "Point", "coordinates": [693527.15, 5335635.83]}}, {"type": "Feature", "properties": {"k": "hydrantsign", "a": 274}, "geometry": {"type": "Point", "coordinates": [693509.04, 5335555.4]}}, {"type": "Feature", "properties": {"k": "hydrantsign", "a": 269}, "geometry": {"type": "Point", "coordinates": [693493.36, 5335511.81]}}, {"type": "Feature", "properties": {"k": "hydrantsign", "a": 89}, "geometry": {"type": "Point", "coordinates": [693510.07, 5335467.32]}}, {"type": "Feature", "properties": {"k": "hydrantsign", "a": 269}, "geometry": {"type": "Point", "coordinates": [693513.63, 5335377.12]}}, {"type": "Feature", "properties": {"k": "hydrantsign", "a": 294}, "geometry": {"type": "Point", "coordinates": [693492.81, 5335348.92]}}, {"type": "Feature", "properties": {"k": "hydrantsign", "a": 294}, "geometry": {"type": "Point", "coordinates": [693476.78, 5335314.99]}}, {"type": "Feature", "properties": {"k": "hydrantsign", "a": 113}, "geometry": {"type": "Point", "coordinates": [693446.78, 5335249.27]}}, {"type": "Feature", "properties": {"k": "hydrantsign", "a": 299}, "geometry": {"type": "Point", "coordinates": [693421.21, 5335229.37]}}, {"type": "Feature", "properties": {"k": "bin"}, "geometry": {"type": "Point", "coordinates": [693507.2, 5335353.41]}}, {"type": "Feature", "properties": {"k": "column"}, "geometry": {"type": "Point", "coordinates": [693518.66, 5335354.13]}}, {"type": "Feature", "properties": {"k": "hydrant"}, "geometry": {"type": "Point", "coordinates": [692016.85, 5334964.78]}}, {"type": "Feature", "properties": {"k": "hydrantsign", "a": 85}, "geometry": {"type": "Point", "coordinates": [693305.09, 5335279.99]}}, {"type": "Feature", "properties": {"k": "hydrantsign", "a": 207}, "geometry": {"type": "Point", "coordinates": [693317.68, 5335267.27]}}, {"type": "Feature", "properties": {"k": "hydrantsign", "a": 310}, "geometry": {"type": "Point", "coordinates": [693322.01, 5335264.94]}}, {"type": "Feature", "properties": {"k": "hydrantsign", "a": 312}, "geometry": {"type": "Point", "coordinates": [693328.78, 5335251.38]}}, {"type": "Feature", "properties": {"k": "hydrantsign", "a": 195}, "geometry": {"type": "Point", "coordinates": [693347.08, 5335237.24]}}, {"type": "Feature", "properties": {"k": "hydrantsign", "a": 194}, "geometry": {"type": "Point", "coordinates": [693492.5, 5335198.86]}}, {"type": "Feature", "properties": {"k": "hydrantsign", "a": 268}, "geometry": {"type": "Point", "coordinates": [693525.52, 5335213.01]}}, {"type": "Feature", "properties": {"k": "hydrantsign", "a": 16}, "geometry": {"type": "Point", "coordinates": [693546.11, 5335187.32]}}, {"type": "Feature", "properties": {"k": "hydrantsign", "a": 195}, "geometry": {"type": "Point", "coordinates": [693603.77, 5335173.74]}}, {"type": "Feature", "properties": {"k": "hydrantsign", "a": 195}, "geometry": {"type": "Point", "coordinates": [693686.54, 5335151.73]}}, {"type": "Feature", "properties": {"k": "hydrantsign", "a": 187}, "geometry": {"type": "Point", "coordinates": [693775.71, 5335133.99]}}, {"type": "Feature", "properties": {"k": "hydrantsign", "a": 211}, "geometry": {"type": "Point", "coordinates": [693853.13, 5335122.68]}}, {"type": "Feature", "properties": {"k": "hydrantsign", "a": 191}, "geometry": {"type": "Point", "coordinates": [693985.92, 5335049.14]}}, {"type": "Feature", "properties": {"k": "column"}, "geometry": {"type": "Point", "coordinates": [693571.17, 5335184.0]}}, {"type": "Feature", "properties": {"k": "column"}, "geometry": {"type": "Point", "coordinates": [693921.46, 5335108.69]}}, {"type": "Feature", "properties": {"k": "hydrantsign", "a": 130}, "geometry": {"type": "Point", "coordinates": [693989.82, 5335124.78]}}, {"type": "Feature", "properties": {"k": "hydrantsign", "a": 124}, "geometry": {"type": "Point", "coordinates": [692221.13, 5335061.91]}}, {"type": "Feature", "properties": {"k": "hydrantsign", "a": 105}, "geometry": {"type": "Point", "coordinates": [692184.19, 5334993.94]}}, {"type": "Feature", "properties": {"k": "hydrantsign", "a": 53}, "geometry": {"type": "Point", "coordinates": [692286.14, 5335035.87]}}, {"type": "Feature", "properties": {"k": "hydrantsign", "a": 52}, "geometry": {"type": "Point", "coordinates": [692235.04, 5335103.79]}}, {"type": "Feature", "properties": {"k": "hydrantsign", "a": 52}, "geometry": {"type": "Point", "coordinates": [692180.78, 5335172.43]}}, {"type": "Feature", "properties": {"k": "hydrantsign", "a": 287}, "geometry": {"type": "Point", "coordinates": [692165.98, 5335239.12]}}, {"type": "Feature", "properties": {"k": "hydrantsign", "a": 106}, "geometry": {"type": "Point", "coordinates": [692181.49, 5335296.85]}}, {"type": "Feature", "properties": {"k": "hydrantsign", "a": 285}, "geometry": {"type": "Point", "coordinates": [692222.89, 5335365.8]}}, {"type": "Feature", "properties": {"k": "hydrantsign", "a": 285}, "geometry": {"type": "Point", "coordinates": [692208.32, 5335390.03]}}, {"type": "Feature", "properties": {"k": "column"}, "geometry": {"type": "Point", "coordinates": [692314.66, 5335017.9]}}, {"type": "Feature", "properties": {"k": "column"}, "geometry": {"type": "Point", "coordinates": [692282.85, 5335035.33]}}, {"type": "Feature", "properties": {"k": "column"}, "geometry": {"type": "Point", "coordinates": [692135.74, 5335208.41]}}, {"type": "Feature", "properties": {"k": "column"}, "geometry": {"type": "Point", "coordinates": [692181.59, 5335315.54]}}, {"type": "Feature", "properties": {"k": "bin"}, "geometry": {"type": "Point", "coordinates": [692239.24, 5334315.4]}}, {"type": "Feature", "properties": {"k": "bench", "a": 344}, "geometry": {"type": "Point", "coordinates": [692336.87, 5334453.91]}}, {"type": "Feature", "properties": {"k": "bench", "a": 255}, "geometry": {"type": "Point", "coordinates": [692330.77, 5334446.75]}}, {"type": "Feature", "properties": {"k": "bench", "a": 248}, "geometry": {"type": "Point", "coordinates": [692330.1, 5334450.06]}}, {"type": "Feature", "properties": {"k": "bench", "a": 320}, "geometry": {"type": "Point", "coordinates": [692388.04, 5335073.41]}}, {"type": "Feature", "properties": {"k": "hydrantsign", "a": 32}, "geometry": {"type": "Point", "coordinates": [693582.0, 5335869.77]}}, {"type": "Feature", "properties": {"k": "hydrantsign", "a": 215}, "geometry": {"type": "Point", "coordinates": [692023.6, 5334173.17]}}, {"type": "Feature", "properties": {"k": "hydrantsign", "a": 230}, "geometry": {"type": "Point", "coordinates": [692714.12, 5334110.54]}}, {"type": "Feature", "properties": {"k": "bin"}, "geometry": {"type": "Point", "coordinates": [692714.03, 5334111.7]}}, {"type": "Feature", "properties": {"k": "hydrantsign", "a": 104}, "geometry": {"type": "Point", "coordinates": [693128.59, 5334562.8]}}, {"type": "Feature", "properties": {"k": "bench", "a": 237}, "geometry": {"type": "Point", "coordinates": [692429.82, 5335109.6]}}, {"type": "Feature", "properties": {"k": "bench", "a": 237}, "geometry": {"type": "Point", "coordinates": [692430.51, 5335107.45]}}, {"type": "Feature", "properties": {"k": "bench", "a": 237}, "geometry": {"type": "Point", "coordinates": [692432.23, 5335104.29]}}, {"type": "Feature", "properties": {"k": "bin"}, "geometry": {"type": "Point", "coordinates": [692505.23, 5334345.49]}}, {"type": "Feature", "properties": {"k": "bike", "n": 5, "a": 225}, "geometry": {"type": "Point", "coordinates": [692232.05, 5334313.51]}}, {"type": "Feature", "properties": {"k": "clock", "a": 186}, "geometry": {"type": "Point", "coordinates": [693914.6, 5335067.62]}}, {"type": "Feature", "properties": {"k": "hydrantsign", "a": 257}, "geometry": {"type": "Point", "coordinates": [693164.31, 5334285.56]}}, {"type": "Feature", "properties": {"k": "hydrantsign", "a": 257}, "geometry": {"type": "Point", "coordinates": [693164.46, 5334284.15]}}, {"type": "Feature", "properties": {"k": "hydrantsign", "a": 27}, "geometry": {"type": "Point", "coordinates": [693476.64, 5335980.35]}}, {"type": "Feature", "properties": {"k": "hydrantsign", "a": 27}, "geometry": {"type": "Point", "coordinates": [693483.64, 5335976.89]}}, {"type": "Feature", "properties": {"k": "signal", "a": 174}, "geometry": {"type": "Point", "coordinates": [693821.49, 5334367.53]}}, {"type": "Feature", "properties": {"k": "signal", "a": 92}, "geometry": {"type": "Point", "coordinates": [693832.87, 5334383.45]}}, {"type": "Feature", "properties": {"k": "signal", "a": 2}, "geometry": {"type": "Point", "coordinates": [693813.54, 5334394.0]}}, {"type": "Feature", "properties": {"k": "signal", "a": 104}, "geometry": {"type": "Point", "coordinates": [693598.1, 5334432.49]}}, {"type": "Feature", "properties": {"k": "signal", "a": 197}, "geometry": {"type": "Point", "coordinates": [693572.9, 5334424.57]}}, {"type": "Feature", "properties": {"k": "signal", "a": 86}, "geometry": {"type": "Point", "coordinates": [693285.25, 5334273.51]}}, {"type": "Feature", "properties": {"k": "signal", "a": 349}, "geometry": {"type": "Point", "coordinates": [693258.47, 5334280.59]}}, {"type": "Feature", "properties": {"k": "signal", "a": 133}, "geometry": {"type": "Point", "coordinates": [693278.98, 5334257.74]}}, {"type": "Feature", "properties": {"k": "signal", "a": 134}, "geometry": {"type": "Point", "coordinates": [693299.83, 5334237.64]}}, {"type": "Feature", "properties": {"k": "signal", "a": 185}, "geometry": {"type": "Point", "coordinates": [692547.59, 5334136.98]}}, {"type": "Feature", "properties": {"k": "signal", "a": 22}, "geometry": {"type": "Point", "coordinates": [692406.84, 5334203.97]}}, {"type": "Feature", "properties": {"k": "signal", "a": 308}, "geometry": {"type": "Point", "coordinates": [692933.07, 5334749.55]}}, {"type": "Feature", "properties": {"k": "hydrantsign", "a": 169}, "geometry": {"type": "Point", "coordinates": [693147.45, 5334140.91]}}, {"type": "Feature", "properties": {"k": "bench", "a": 197}, "geometry": {"type": "Point", "coordinates": [692099.84, 5335435.48]}}, {"type": "Feature", "properties": {"k": "bench", "a": 106}, "geometry": {"type": "Point", "coordinates": [692052.02, 5335382.63]}}, {"type": "Feature", "properties": {"k": "bench", "a": 16}, "geometry": {"type": "Point", "coordinates": [692042.59, 5335290.17]}}, {"type": "Feature", "properties": {"k": "bench", "a": 106}, "geometry": {"type": "Point", "coordinates": [692034.08, 5335319.49]}}, {"type": "Feature", "properties": {"k": "bench", "a": 106}, "geometry": {"type": "Point", "coordinates": [692062.23, 5335418.2]}}, {"type": "Feature", "properties": {"k": "bin"}, "geometry": {"type": "Point", "coordinates": [692027.03, 5335295.42]}}, {"type": "Feature", "properties": {"k": "bench", "a": 106}, "geometry": {"type": "Point", "coordinates": [692029.23, 5335304.59]}}, {"type": "Feature", "properties": {"k": "bench", "a": 106}, "geometry": {"type": "Point", "coordinates": [692058.0, 5335403.06]}}, {"type": "Feature", "properties": {"k": "bench", "a": 197}, "geometry": {"type": "Point", "coordinates": [692092.47, 5335437.74]}}, {"type": "Feature", "properties": {"k": "bench", "a": 106}, "geometry": {"type": "Point", "coordinates": [692066.64, 5335433.62]}}, {"type": "Feature", "properties": {"k": "bench", "a": 106}, "geometry": {"type": "Point", "coordinates": [692037.52, 5335332.15]}}, {"type": "Feature", "properties": {"k": "bench", "a": 16}, "geometry": {"type": "Point", "coordinates": [692046.62, 5335288.81]}}, {"type": "Feature", "properties": {"k": "bench", "a": 197}, "geometry": {"type": "Point", "coordinates": [692107.93, 5335433.17]}}, {"type": "Feature", "properties": {"k": "bin"}, "geometry": {"type": "Point", "coordinates": [692072.99, 5335444.5]}}, {"type": "Feature", "properties": {"k": "bench", "a": 16}, "geometry": {"type": "Point", "coordinates": [692066.92, 5335284.22]}}, {"type": "Feature", "properties": {"k": "bench", "a": 106}, "geometry": {"type": "Point", "coordinates": [692049.34, 5335370.68]}}, {"type": "Feature", "properties": {"k": "bench", "a": 106}, "geometry": {"type": "Point", "coordinates": [692045.46, 5335358.82]}}, {"type": "Feature", "properties": {"k": "hydrant"}, "geometry": {"type": "Point", "coordinates": [692176.08, 5335468.27]}}, {"type": "Feature", "properties": {"k": "bench", "a": 197}, "geometry": {"type": "Point", "coordinates": [692084.95, 5335440.92]}}, {"type": "Feature", "properties": {"k": "bench", "a": 158}, "geometry": {"type": "Point", "coordinates": [692449.3, 5335688.39]}}, {"type": "Feature", "properties": {"k": "bin"}, "geometry": {"type": "Point", "coordinates": [692276.43, 5335705.06]}}, {"type": "Feature", "properties": {"k": "bin"}, "geometry": {"type": "Point", "coordinates": [692267.92, 5335765.82]}}, {"type": "Feature", "properties": {"k": "bench", "a": 88}, "geometry": {"type": "Point", "coordinates": [692460.12, 5335697.74]}}, {"type": "Feature", "properties": {"k": "bench", "a": 131}, "geometry": {"type": "Point", "coordinates": [692458.51, 5335693.54]}}, {"type": "Feature", "properties": {"k": "bench", "a": 199}, "geometry": {"type": "Point", "coordinates": [692390.77, 5335714.34]}}, {"type": "Feature", "properties": {"k": "bench", "a": 88}, "geometry": {"type": "Point", "coordinates": [692460.44, 5335701.75]}}, {"type": "Feature", "properties": {"k": "bin"}, "geometry": {"type": "Point", "coordinates": [692563.13, 5335835.3]}}, {"type": "Feature", "properties": {"k": "hydrantsign", "a": 350}, "geometry": {"type": "Point", "coordinates": [693537.56, 5334989.22]}}, {"type": "Feature", "properties": {"k": "bin"}, "geometry": {"type": "Point", "coordinates": [692520.22, 5334137.16]}}, {"type": "Feature", "properties": {"k": "water", "a": 295}, "geometry": {"type": "Point", "coordinates": [693348.74, 5334498.76]}}, {"type": "Feature", "properties": {"k": "bench", "a": 324}, "geometry": {"type": "Point", "coordinates": [693326.33, 5335800.66]}}, {"type": "Feature", "properties": {"k": "bench", "back": false, "a": 278}, "geometry": {"type": "Point", "coordinates": [693392.18, 5335403.31]}}, {"type": "Feature", "properties": {"k": "bench", "back": false, "a": 278}, "geometry": {"type": "Point", "coordinates": [693392.33, 5335404.31]}}, {"type": "Feature", "properties": {"k": "bench", "back": false, "a": 278}, "geometry": {"type": "Point", "coordinates": [693392.46, 5335405.18]}}, {"type": "Feature", "properties": {"k": "water", "a": 60}, "geometry": {"type": "Point", "coordinates": [693797.67, 5334300.22]}}, {"type": "Feature", "properties": {"k": "bench", "a": 335}, "geometry": {"type": "Point", "coordinates": [693293.36, 5334610.7]}}, {"type": "Feature", "properties": {"k": "bench", "a": 275}, "geometry": {"type": "Point", "coordinates": [693286.03, 5334622.15]}}, {"type": "Feature", "properties": {"k": "bin"}, "geometry": {"type": "Point", "coordinates": [693286.32, 5334615.24]}}, {"type": "Feature", "properties": {"k": "bin"}, "geometry": {"type": "Point", "coordinates": [693398.42, 5335388.18]}}, {"type": "Feature", "properties": {"k": "bike", "n": 4, "a": 10}, "geometry": {"type": "Point", "coordinates": [693398.36, 5335390.61]}}, {"type": "Feature", "properties": {"k": "bin"}, "geometry": {"type": "Point", "coordinates": [692056.3, 5334100.96]}}, {"type": "Feature", "properties": {"k": "bike", "n": 1, "a": 13}, "geometry": {"type": "Point", "coordinates": [693986.58, 5334308.88]}}, {"type": "Feature", "properties": {"k": "bike", "n": 1, "a": 28}, "geometry": {"type": "Point", "coordinates": [693982.02, 5334256.84]}}, {"type": "Feature", "properties": {"k": "column"}, "geometry": {"type": "Point", "coordinates": [692575.15, 5335014.65]}}, {"type": "Feature", "properties": {"k": "bench", "back": false, "a": 23}, "geometry": {"type": "Point", "coordinates": [692406.53, 5334174.95]}}, {"type": "Feature", "properties": {"k": "bench", "back": false, "a": 23}, "geometry": {"type": "Point", "coordinates": [692409.29, 5334174.08]}}, {"type": "Feature", "properties": {"k": "bench", "back": false, "a": 23}, "geometry": {"type": "Point", "coordinates": [692399.35, 5334178.11]}}, {"type": "Feature", "properties": {"k": "bench", "back": false, "a": 21}, "geometry": {"type": "Point", "coordinates": [692401.77, 5334177.19]}}, {"type": "Feature", "properties": {"k": "bench", "a": 340}, "geometry": {"type": "Point", "coordinates": [693298.78, 5335785.51]}}, {"type": "Feature", "properties": {"k": "bin"}, "geometry": {"type": "Point", "coordinates": [693301.19, 5335786.85]}}, {"type": "Feature", "properties": {"k": "bike", "n": 5, "a": 310}, "geometry": {"type": "Point", "coordinates": [692505.63, 5334099.41]}}, {"type": "Feature", "properties": {"k": "stop", "a": 126}, "geometry": {"type": "Point", "coordinates": [692345.64, 5334274.18]}}, {"type": "Feature", "properties": {"k": "stop", "a": 181}, "geometry": {"type": "Point", "coordinates": [692556.13, 5334808.01]}}, {"type": "Feature", "properties": {"k": "stop", "a": 12}, "geometry": {"type": "Point", "coordinates": [693137.49, 5334669.26]}}, {"type": "Feature", "properties": {"k": "stop", "a": 209}, "geometry": {"type": "Point", "coordinates": [693139.77, 5334693.49]}}, {"type": "Feature", "properties": {"k": "stop", "a": 70}, "geometry": {"type": "Point", "coordinates": [692494.67, 5334816.18]}}, {"type": "Feature", "properties": {"k": "bench", "a": 91, "l": 8.0, "back": false}, "geometry": {"type": "Point", "coordinates": [692538.84, 5334041.68]}}, {"type": "Feature", "properties": {"k": "bench", "a": 199, "l": 8.0, "back": false}, "geometry": {"type": "Point", "coordinates": [692762.65, 5335423.59]}}, {"type": "Feature", "properties": {"k": "bench", "a": 281, "l": 1.8, "back": false}, "geometry": {"type": "Point", "coordinates": [693396.87, 5335396.35]}}, {"type": "Feature", "properties": {"k": "bench", "a": 257, "l": 1.8}, "geometry": {"type": "Point", "coordinates": [693314.04, 5335740.54]}}, {"type": "Feature", "properties": {"k": "bench", "a": 229, "l": 1.8}, "geometry": {"type": "Point", "coordinates": [693312.58, 5335743.49]}}, {"type": "Feature", "properties": {"k": "playground"}, "geometry": {"type": "Polygon", "coordinates": [[[692775.96, 5334419.6], [692766.12, 5334400.05], [692778.47, 5334373.59], [692814.9, 5334396.85], [692804.71, 5334406.9], [692775.96, 5334419.6]]]}}, {"type": "Feature", "properties": {"k": "playground"}, "geometry": {"type": "Polygon", "coordinates": [[[692381.35, 5335072.69], [692381.93, 5335060.32], [692405.66, 5335059.88], [692394.38, 5335078.69], [692381.35, 5335072.69]]]}}, {"type": "Feature", "properties": {"k": "playground"}, "geometry": {"type": "Polygon", "coordinates": [[[692957.22, 5335490.44], [692950.14, 5335450.22], [692971.14, 5335446.96], [692975.81, 5335487.34], [692957.22, 5335490.44]]]}}, {"type": "Feature", "properties": {"k": "playground"}, "geometry": {"type": "Polygon", "coordinates": [[[692449.82, 5334547.3], [692459.15, 5334563.25], [692466.42, 5334550.4], [692484.45, 5334539.92], [692489.33, 5334545.53], [692497.71, 5334541.03], [692500.44, 5334533.8], [692506.16, 5334530.5], [692498.92, 5334517.61], [692449.82, 5334547.3]]]}}, {"type": "Feature", "properties": {"k": "playground"}, "geometry": {"type": "Polygon", "coordinates": [[[693597.04, 5334452.27], [693625.93, 5334445.7], [693637.23, 5334448.27], [693645.78, 5334446.55], [693642.26, 5334432.49], [693595.09, 5334445.04], [693597.04, 5334452.27]]]}}, {"type": "Feature", "properties": {"k": "playground"}, "geometry": {"type": "Polygon", "coordinates": [[[693776.64, 5334835.18], [693809.88, 5334832.92], [693809.35, 5334814.27], [693774.29, 5334816.19], [693776.64, 5334835.18]]]}}, {"type": "Feature", "properties": {"k": "playground"}, "geometry": {"type": "Polygon", "coordinates": [[[693888.26, 5334248.91], [693898.43, 5334259.81], [693914.68, 5334257.95], [693922.06, 5334244.93], [693917.11, 5334241.98], [693900.74, 5334242.37], [693898.45, 5334239.71], [693888.26, 5334248.91]]]}}, {"type": "Feature", "properties": {"k": "playground"}, "geometry": {"type": "Polygon", "coordinates": [[[693979.71, 5335472.7], [693964.64, 5335466.9], [693966.55, 5335460.44], [693972.27, 5335453.67], [693978.72, 5335450.51], [693982.81, 5335450.85], [693985.55, 5335452.48], [693987.33, 5335463.2], [693984.57, 5335471.54], [693979.71, 5335472.7]]]}}, {"type": "Feature", "properties": {"k": "playground"}, "geometry": {"type": "Polygon", "coordinates": [[[692510.29, 5334373.04], [692507.49, 5334369.49], [692505.68, 5334366.29], [692503.57, 5334355.2], [692513.41, 5334333.8], [692522.24, 5334329.42], [692541.69, 5334364.08], [692510.29, 5334373.04]]]}}, {"type": "Feature", "properties": {"k": "playground"}, "geometry": {"type": "Polygon", "coordinates": [[[692946.78, 5334125.24], [692941.93, 5334122.57], [692936.63, 5334124.72], [692931.39, 5334123.02], [692925.95, 5334118.71], [692921.63, 5334113.45], [692920.45, 5334108.56], [692921.15, 5334103.66], [692924.35, 5334099.64], [692942.12, 5334087.32], [692949.97, 5334086.78], [692954.85, 5334088.65], [692959.73, 5334090.96], [692962.7, 5334096.09], [692960.68, 5334102.57], [692966.84, 5334104.03], [692971.15, 5334112.25], [692946.78, 5334125.24]]]}}, {"type": "Feature", "properties": {"k": "playground"}, "geometry": {"type": "Polygon", "coordinates": [[[693037.09, 5334517.04], [693045.42, 5334521.45], [693043.03, 5334525.93], [693034.7, 5334521.52], [693037.09, 5334517.04]]]}}, {"type": "Feature", "properties": {"k": "playground"}, "geometry": {"type": "Polygon", "coordinates": [[[693100.01, 5334582.17], [693091.75, 5334593.41], [693086.86, 5334612.98], [693105.79, 5334613.04], [693114.55, 5334615.81], [693124.53, 5334608.43], [693112.42, 5334590.82], [693100.01, 5334582.17]]]}}, {"type": "Feature", "properties": {"k": "playground"}, "geometry": {"type": "Polygon", "coordinates": [[[692815.72, 5334345.54], [692817.43, 5334343.38], [692817.47, 5334340.67], [692816.26, 5334338.77], [692813.96, 5334337.7], [692811.43, 5334338.12], [692810.17, 5334339.08], [692809.1, 5334341.43], [692809.56, 5334343.96], [692811.08, 5334345.59], [692813.25, 5334346.23], [692815.72, 5334345.54]]]}}, {"type": "Feature", "properties": {"k": "playground"}, "geometry": {"type": "Polygon", "coordinates": [[[692930.18, 5334449.87], [692933.07, 5334451.8], [692936.04, 5334451.41], [692939.27, 5334450.3], [692941.59, 5334447.55], [692941.55, 5334444.84], [692939.95, 5334441.24], [692936.16, 5334440.49], [692931.94, 5334441.7], [692929.76, 5334444.2], [692929.18, 5334446.88], [692930.18, 5334449.87]]]}}, {"type": "Feature", "properties": {"k": "playground"}, "geometry": {"type": "Polygon", "coordinates": [[[693013.96, 5334493.25], [693015.12, 5334491.42], [693016.91, 5334490.36], [693019.27, 5334490.23], [693021.64, 5334491.25], [693022.5, 5334492.76], [693022.91, 5334495.31], [693021.9, 5334497.67], [693019.6, 5334499.17], [693016.92, 5334499.12], [693014.38, 5334497.15], [693013.86, 5334495.25], [693013.96, 5334493.25]]]}}, {"type": "Feature", "properties": {"k": "playground"}, "geometry": {"type": "Polygon", "coordinates": [[[692885.13, 5334424.29], [692897.26, 5334426.05], [692893.08, 5334414.86], [692885.13, 5334424.29]]]}}, {"type": "Feature", "properties": {"k": "playground"}, "geometry": {"type": "Polygon", "coordinates": [[[692848.73, 5334396.71], [692854.45, 5334395.67], [692853.38, 5334389.82], [692847.66, 5334390.86], [692848.73, 5334396.71]]]}}, {"type": "Feature", "properties": {"k": "playground"}, "geometry": {"type": "Polygon", "coordinates": [[[693040.05, 5334039.22], [693038.15, 5334040.34], [693036.12, 5334040.43], [693034.46, 5334039.62], [693032.99, 5334038.4], [693032.7, 5334036.96], [693032.78, 5334034.6], [693033.49, 5334033.54], [693040.19, 5334030.15], [693043.32, 5334034.79], [693039.86, 5334037.29], [693040.05, 5334039.22]]]}}, {"type": "Feature", "properties": {"k": "playground"}, "geometry": {"type": "Polygon", "coordinates": [[[692001.67, 5334730.48], [692007.82, 5334730.33], [692042.65, 5334729.52], [692014.05, 5334699.8], [692001.31, 5334726.33], [692001.67, 5334730.48]]]}}, {"type": "Feature", "properties": {"k": "playground"}, "geometry": {"type": "Polygon", "coordinates": [[[692555.17, 5334010.34], [692557.31, 5334012.55], [692560.86, 5334013.83], [692563.11, 5334013.71], [692564.75, 5334013.01], [692565.59, 5334011.76], [692565.7, 5334010.92], [692565.2, 5334009.38], [692564.33, 5334008.35], [692561.98, 5334006.9], [692559.61, 5334006.23], [692557.0, 5334006.45], [692555.42, 5334007.38], [692554.85, 5334009.01], [692555.17, 5334010.34]]]}}, {"type": "Feature", "properties": {"k": "playground"}, "geometry": {"type": "Polygon", "coordinates": [[[692549.44, 5335705.28], [692552.64, 5335677.04], [692549.32, 5335662.89], [692541.37, 5335624.74], [692551.59, 5335619.52], [692577.71, 5335604.93], [692601.09, 5335647.92], [692596.41, 5335659.44], [692593.71, 5335684.4], [692571.22, 5335719.98], [692549.44, 5335705.28]]]}}, {"type": "Feature", "properties": {"k": "playground"}, "geometry": {"type": "Polygon", "coordinates": [[[693034.17, 5334978.03], [693026.75, 5334960.32], [693029.96, 5334957.47], [693036.01, 5334954.42], [693042.75, 5334952.72], [693049.26, 5334953.23], [693053.18, 5334960.32], [693054.84, 5334968.07], [693050.24, 5334972.66], [693044.62, 5334976.16], [693038.94, 5334977.61], [693034.17, 5334978.03]]]}}, {"type": "Feature", "properties": {"k": "playground"}, "geometry": {"type": "Polygon", "coordinates": [[[692687.45, 5334480.14], [692685.87, 5334472.02], [692687.91, 5334468.45], [692690.27, 5334467.19], [692692.65, 5334466.58], [692711.54, 5334472.75], [692713.97, 5334480.32], [692705.59, 5334487.22], [692691.13, 5334486.0], [692687.45, 5334480.14]]]}}, {"type": "Feature", "properties": {"k": "playground"}, "geometry": {"type": "Polygon", "coordinates": [[[693093.33, 5334642.32], [693090.47, 5334631.37], [693098.67, 5334626.37], [693099.91, 5334641.95], [693093.33, 5334642.32]]]}}, {"type": "Feature", "properties": {"k": "playground"}, "geometry": {"type": "Polygon", "coordinates": [[[692680.49, 5334598.59], [692684.28, 5334608.14], [692692.21, 5334605.01], [692688.42, 5334595.46], [692680.49, 5334598.59]]]}}, {"type": "Feature", "properties": {"k": "playground"}, "geometry": {"type": "Polygon", "coordinates": [[[693611.93, 5334871.8], [693608.87, 5334885.65], [693594.22, 5334882.55], [693596.58, 5334869.56], [693611.93, 5334871.8]]]}}, {"type": "Feature", "properties": {"k": "playground"}, "geometry": {"type": "Polygon", "coordinates": [[[693315.1, 5334490.1], [693308.86, 5334489.35], [693305.81, 5334484.45], [693308.59, 5334476.83], [693317.32, 5334474.39], [693324.37, 5334474.09], [693326.37, 5334480.49], [693324.34, 5334488.15], [693320.63, 5334489.75], [693315.1, 5334490.1]]]}}, {"type": "Feature", "properties": {"k": "roundabout"}, "geometry": {"type": "Point", "coordinates": [693742.98, 5334239.98]}}, {"type": "Feature", "properties": {"k": "swing"}, "geometry": {"type": "Point", "coordinates": [693760.2, 5334254.06]}}, {"type": "Feature", "properties": {"k": "seesaw"}, "geometry": {"type": "Point", "coordinates": [693101.02, 5334629.48]}}, {"type": "Feature", "properties": {"k": "springy"}, "geometry": {"type": "Point", "coordinates": [692393.79, 5335072.46]}}, {"type": "Feature", "properties": {"k": "sandpit"}, "geometry": {"type": "Point", "coordinates": [692391.12, 5335069.87]}}, {"type": "Feature", "properties": {"k": "climb"}, "geometry": {"type": "Point", "coordinates": [693790.6, 5334294.93]}}, {"type": "Feature", "properties": {"k": "swing"}, "geometry": {"type": "Point", "coordinates": [693773.54, 5334296.97]}}, {"type": "Feature", "properties": {"k": "springy"}, "geometry": {"type": "Point", "coordinates": [693956.11, 5334224.45]}}, {"type": "Feature", "properties": {"k": "sandpit"}, "geometry": {"type": "Point", "coordinates": [693949.71, 5334239.24]}}, {"type": "Feature", "properties": {"k": "climb"}, "geometry": {"type": "Point", "coordinates": [693974.14, 5334278.43]}}, {"type": "Feature", "properties": {"k": "slide", "a": 11}, "geometry": {"type": "Point", "coordinates": [692526.93, 5334353.74]}}, {"type": "Feature", "properties": {"k": "climb", "a": 301}, "geometry": {"type": "Point", "coordinates": [692533.74, 5334359.86]}}]}