{"type": "FeatureCollection", "attribution": "Bayerische Vermessungsverwaltung \u2013 www.geodaten.bayern.de, CC BY 4.0", "crs": {"type": "name", "properties": {"name": "urn:ogc:def:crs:EPSG::25832"}}, "features": [{"type": "Feature", "properties": {}, "geometry": {"type": "LineString", "coordinates": [[690000.49, 5334123.55], [690008.3, 5334125.25], [690128.42, 5334160.54], [690129.52, 5334160.64], [690130.28, 5334159.67], [690130.38, 5334145.02], [690130.85, 5334142.09], [690130.86, 5334127.44], [690131.35, 5334123.54], [690131.36, 5334108.89], [690131.82, 5334105.96], [690131.85, 5334094.24], [690132.37, 5334090.33], [690133.06, 5334087.4], [690135.76, 5334080.57], [690135.41, 5334079.59], [690132.32, 5334075.95], [690121.85, 5334064.94], [690120.33, 5334062.99], [690115.5, 5334058.11], [690113.99, 5334056.15], [690103.76, 5334045.41], [690101.32, 5334042.48], [690097.44, 5334038.57], [690095.92, 5334036.62], [690091.09, 5334031.74], [690089.57, 5334029.79], [690073.03, 5334012.21], [690071.5, 5334010.25], [690066.68, 5334005.37], [690062.5, 5334000.49]]}}, {"type": "Feature", "properties": {}, "geometry": {"type": "LineString", "coordinates": [[690000.49, 5334299.32], [690044.43, 5334261.93], [690046.39, 5334260.04], [690129.39, 5334188.69], [690135.56, 5334183.11], [690135.96, 5334182.13], [690135.69, 5334181.15], [690133.09, 5334176.27], [690131.27, 5334171.39], [690130.37, 5334167.45], [690129.94, 5334166.5], [690129.39, 5334166.12], [690012.21, 5334131.6], [690000.49, 5334128.56]]}}, {"type": "Feature", "properties": {}, "geometry": {"type": "LineString", "coordinates": [[690000.49, 5334327.01], [690004.39, 5334328.48], [690014.16, 5334334.31], [690050.04, 5334356.93], [690090.33, 5334383.27], [690134.28, 5334410.62], [690140.14, 5334413.82], [690142.09, 5334414.38], [690142.84, 5334413.57], [690143.05, 5334412.6], [690143.08, 5334409.67], [690143.54, 5334406.74], [690143.6, 5334402.83], [690144.04, 5334399.9], [690144.04, 5334390.14], [690144.53, 5334386.23], [690144.53, 5334374.51], [690145.02, 5334370.61], [690145.02, 5334358.89], [690145.51, 5334354.98], [690145.51, 5334343.26], [690146.0, 5334339.36], [690146.01, 5334326.66], [690146.47, 5334323.73], [690146.5, 5334311.04], [690146.96, 5334308.11], [690146.98, 5334295.41], [690147.45, 5334292.48], [690147.47, 5334279.79], [690147.94, 5334276.86], [690147.95, 5334264.16], [690148.44, 5334260.25], [690148.44, 5334248.54], [690148.92, 5334244.63], [690148.93, 5334232.91], [690149.41, 5334229.0], [690149.42, 5334217.29], [690149.9, 5334213.38], [690149.91, 5334200.68], [690150.38, 5334197.75], [690149.99, 5334195.8], [690141.11, 5334188.09], [690140.14, 5334188.05], [690139.16, 5334188.73], [690045.41, 5334269.67], [690008.14, 5334301.27], [690005.11, 5334304.2], [690000.49, 5334308.11]]}}, {"type": "Feature", "properties": {}, "geometry": {"type": "LineString", "coordinates": [[690000.49, 5334472.66], [690002.44, 5334472.53], [690138.18, 5334450.35], [690139.16, 5334449.52], [690140.0, 5334447.75], [690140.61, 5334442.87], [690140.64, 5334439.94], [690141.1, 5334437.01], [690141.16, 5334433.11], [690141.55, 5334431.15], [690141.65, 5334427.25], [690142.01, 5334425.29], [690141.8, 5334424.32], [690140.14, 5334422.88], [690130.37, 5334417.64], [690089.36, 5334392.06], [690079.59, 5334385.9], [690044.43, 5334362.82], [690013.18, 5334343.1], [690001.46, 5334335.97], [690000.49, 5334335.6]]}}, {"type": "Feature", "properties": {}, "geometry": {"type": "LineString", "coordinates": [[690000.49, 5334610.35], [690013.18, 5334610.36], [690016.11, 5334610.83], [690030.76, 5334610.84], [690034.67, 5334611.33], [690049.32, 5334611.33], [690053.22, 5334611.82], [690067.87, 5334611.83], [690070.8, 5334612.29], [690086.43, 5334612.32], [690089.36, 5334612.78], [690104.98, 5334612.8], [690107.91, 5334613.27], [690122.56, 5334613.28], [690126.46, 5334613.77], [690137.21, 5334613.77], [690138.18, 5334613.73], [690139.16, 5334613.31], [690139.49, 5334612.79], [690139.63, 5334611.82], [690139.66, 5334591.31], [690140.13, 5334588.38], [690140.14, 5334547.36], [690140.62, 5334542.48], [690140.62, 5334537.6], [690140.18, 5334534.67], [690140.09, 5334528.81], [690139.7, 5334526.86], [690139.64, 5334523.93], [690139.17, 5334521.0], [690138.62, 5334513.18], [690138.23, 5334511.23], [690138.17, 5334508.3], [690137.71, 5334505.37], [690137.65, 5334501.46], [690137.21, 5334498.54], [690137.21, 5334469.24], [690138.18, 5334459.47], [690138.11, 5334456.54], [690137.21, 5334455.76], [690130.37, 5334456.67], [690000.49, 5334477.89]]}}, {"type": "Feature", "properties": {}, "geometry": {"type": "LineString", "coordinates": [[690000.49, 5334735.35], [690006.35, 5334735.84], [690058.11, 5334735.84], [690062.01, 5334736.33], [690082.52, 5334736.33], [690086.43, 5334736.82], [690107.91, 5334736.83], [690110.84, 5334737.29], [690132.32, 5334737.32], [690135.25, 5334737.78], [690137.21, 5334737.75], [690138.18, 5334737.33], [690138.51, 5334736.82], [690138.67, 5334734.86], [690138.67, 5334691.89], [690139.16, 5334687.01], [690139.16, 5334639.16], [690139.65, 5334634.28], [690139.63, 5334625.49], [690139.49, 5334624.51], [690139.16, 5334623.99], [690138.18, 5334623.58], [690135.25, 5334623.49], [690132.32, 5334623.05], [690117.68, 5334623.03], [690114.75, 5334622.57], [690099.12, 5334622.55], [690096.19, 5334622.08], [690081.54, 5334622.07], [690077.64, 5334621.58], [690062.99, 5334621.58], [690059.08, 5334621.1], [690044.43, 5334621.08], [690041.5, 5334620.62], [690025.88, 5334620.6], [690022.95, 5334620.13], [690007.32, 5334620.1], [690004.39, 5334619.64], [690000.49, 5334619.63]]}}, {"type": "Feature", "properties": {}, "geometry": {"type": "LineString", "coordinates": [[690000.49, 5334911.62], [690004.39, 5334911.63], [690007.32, 5334912.1], [690010.25, 5334912.16], [690017.09, 5334913.04], [690025.88, 5334913.62], [690032.71, 5334914.51], [690035.64, 5334914.56], [690038.57, 5334915.03], [690041.5, 5334915.09], [690043.46, 5334915.48], [690046.39, 5334915.54], [690054.2, 5334916.49], [690057.13, 5334916.55], [690059.08, 5334916.94], [690062.01, 5334917.0], [690069.82, 5334917.96], [690072.75, 5334918.02], [690074.71, 5334918.41], [690077.64, 5334918.47], [690080.57, 5334918.93], [690082.52, 5334918.96], [690085.45, 5334919.42], [690088.38, 5334919.44], [690091.31, 5334919.91], [690101.07, 5334920.42], [690104.0, 5334920.89], [690113.77, 5334921.4], [690116.7, 5334921.86], [690126.46, 5334922.37], [690129.39, 5334922.84], [690134.28, 5334923.01], [690135.25, 5334922.78], [690135.53, 5334922.36], [690136.22, 5334918.46], [690136.24, 5334912.6], [690136.71, 5334909.67], [690136.73, 5334903.81], [690137.2, 5334900.88], [690137.22, 5334867.68], [690137.7, 5334863.77], [690137.7, 5334812.01], [690138.18, 5334807.13], [690138.17, 5334744.63], [690138.03, 5334743.65], [690137.21, 5334742.83], [690129.39, 5334742.67], [690126.46, 5334742.2], [690104.98, 5334742.18], [690102.05, 5334741.71], [690080.57, 5334741.7], [690076.66, 5334741.21], [690056.15, 5334741.21], [690052.25, 5334740.72], [690000.49, 5334740.72]]}}, {"type": "Feature", "properties": {}, "geometry": {"type": "LineString", "coordinates": [[690132.81, 5334979.0], [690133.29, 5334975.1], [690133.31, 5334965.33], [690133.78, 5334962.4], [690133.79, 5334953.61], [690134.23, 5334950.68], [690134.29, 5334942.87], [690134.75, 5334939.94], [690134.81, 5334936.04], [690135.15, 5334934.08], [690134.79, 5334933.11], [690134.28, 5334932.78], [690130.37, 5334932.17], [690126.46, 5334932.12], [690123.54, 5334931.65], [690119.63, 5334931.59], [690117.68, 5334931.2], [690113.77, 5334931.14], [690110.84, 5334930.68], [690106.93, 5334930.62], [690104.98, 5334930.22], [690101.07, 5334930.17], [690098.14, 5334929.7], [690094.24, 5334929.64], [690092.29, 5334929.24], [690088.38, 5334929.19], [690085.45, 5334928.72], [690082.52, 5334928.66], [690080.57, 5334928.27], [690071.78, 5334927.69], [690069.82, 5334927.29], [690066.89, 5334927.24], [690059.08, 5334926.28], [690056.15, 5334926.22], [690054.2, 5334925.83], [690051.27, 5334925.77], [690043.46, 5334924.82], [690040.53, 5334924.76], [690038.57, 5334924.36], [690035.64, 5334924.31], [690027.83, 5334923.35], [690024.9, 5334923.29], [690022.95, 5334922.9], [690020.02, 5334922.84], [690012.21, 5334921.89], [690009.28, 5334921.83], [690007.32, 5334921.43], [690004.39, 5334921.38], [690000.49, 5334920.9]]}}, {"type": "Feature", "properties": {}, "geometry": {"type": "LineString", "coordinates": [[690000.49, 5335270.86], [690033.69, 5335261.97], [690044.43, 5335259.4], [690110.84, 5335245.48], [690126.46, 5335241.82], [690137.21, 5335240.02], [690137.62, 5335239.75], [690137.86, 5335238.77], [690137.65, 5335231.93], [690137.21, 5335229.0], [690137.21, 5335223.14]]}}, {"type": "Feature", "properties": {}, "geometry": {"type": "LineString", "coordinates": [[690000.49, 5335324.65], [690001.69, 5335327.64], [690013.1, 5335364.75], [690026.77, 5335407.71], [690046.13, 5335467.29], [690052.99, 5335489.75], [690053.74, 5335491.7], [690054.51, 5335492.68], [690055.18, 5335492.99], [690056.15, 5335492.86], [690069.82, 5335487.03], [690083.5, 5335480.95], [690107.91, 5335469.48], [690117.68, 5335464.33], [690150.88, 5335445.07], [690186.04, 5335427.48], [690187.4, 5335426.27], [690187.38, 5335425.29], [690186.6, 5335422.36], [690156.97, 5335327.64], [690141.03, 5335277.83], [690138.92, 5335271.0], [690135.97, 5335259.28], [690135.25, 5335257.76], [690134.28, 5335257.42], [690130.37, 5335257.86], [690119.63, 5335260.25], [690083.5, 5335269.65], [690025.88, 5335286.02], [690000.49, 5335292.34]]}}, {"type": "Feature", "properties": {}, "geometry": {"type": "LineString", "coordinates": [[690000.49, 5335517.43], [690003.42, 5335516.33], [690047.36, 5335496.79], [690049.23, 5335495.61], [690049.43, 5335494.63], [690039.3, 5335462.4], [690020.27, 5335403.81], [690002.52, 5335347.17], [690000.49, 5335341.27]]}}, {"type": "Feature", "properties": {}, "geometry": {"type": "LineString", "coordinates": [[690000.49, 5335525.05], [690010.25, 5335520.71], [690012.33, 5335520.02], [690021.97, 5335515.62], [690027.83, 5335513.29], [690028.81, 5335512.65], [690032.71, 5335510.96], [690034.88, 5335510.25], [690038.57, 5335508.45], [690038.76, 5335508.3], [690038.73, 5335507.32], [690038.18, 5335507.32], [690033.69, 5335509.17], [690032.71, 5335509.81], [690028.81, 5335511.51], [690026.64, 5335512.21], [690023.93, 5335513.68], [690022.31, 5335514.16], [690020.02, 5335515.42], [690017.94, 5335516.11], [690008.3, 5335520.54], [690006.76, 5335521.0], [690004.39, 5335522.26], [690000.49, 5335523.76]]}}, {"type": "Feature", "properties": {}, "geometry": {"type": "LineString", "coordinates": [[690000.49, 5335749.69], [690041.5, 5335734.59], [690154.79, 5335690.15], [690162.6, 5335686.99], [690163.61, 5335686.04], [690163.62, 5335685.06], [690138.31, 5335614.75], [690138.23, 5335608.89], [690145.95, 5335572.75], [690145.95, 5335568.85], [690144.9, 5335563.96], [690121.58, 5335477.63], [690120.61, 5335477.02], [690119.63, 5335477.32], [690084.47, 5335494.35], [690009.28, 5335528.04], [690001.46, 5335531.45], [690000.49, 5335531.69]]}}, {"type": "Feature", "properties": {}, "geometry": {"type": "LineString", "coordinates": [[690000.49, 5335927.92], [690021.97, 5335922.61], [690082.52, 5335909.54], [690084.47, 5335908.71], [690084.63, 5335907.71], [690083.98, 5335905.76], [690074.23, 5335884.28], [690060.06, 5335852.04], [690016.94, 5335750.49], [690016.11, 5335749.62], [690015.14, 5335749.64], [690000.49, 5335755.06]]}}, {"type": "Feature", "properties": {}, "geometry": {"type": "LineString", "coordinates": [[690000.49, 5335943.8], [690025.88, 5335937.63], [690089.36, 5335923.86], [690091.31, 5335923.71], [690092.17, 5335924.32], [690092.77, 5335925.29], [690097.87, 5335936.04], [690122.28, 5335992.68], [690124.95, 5335999.51]]}}, {"type": "Feature", "properties": {}, "geometry": {"type": "LineString", "coordinates": [[690073.24, 5334000.49], [690077.88, 5334005.37], [690080.32, 5334008.3], [690084.2, 5334012.21], [690085.72, 5334014.16], [690090.55, 5334019.04], [690092.07, 5334021.0], [690096.19, 5334025.17], [690098.14, 5334027.57], [690102.29, 5334031.74], [690104.74, 5334034.67], [690108.61, 5334038.57], [690110.14, 5334040.53], [690114.96, 5334045.41], [690116.48, 5334047.36], [690120.61, 5334051.54], [690122.56, 5334053.93], [690133.03, 5334064.94], [690134.55, 5334066.89], [690140.14, 5334072.43], [690141.11, 5334072.41], [690142.09, 5334071.29], [690148.3, 5334062.99], [690152.48, 5334058.11], [690153.9, 5334056.15], [690154.24, 5334055.18], [690154.77, 5334050.29], [690154.8, 5334038.57], [690155.26, 5334035.64], [690155.28, 5334023.93], [690155.76, 5334020.02], [690155.76, 5334009.28], [690156.2, 5334006.35], [690156.25, 5334000.49]]}}, {"type": "Feature", "properties": {}, "geometry": {"type": "LineString", "coordinates": [[690297.99, 5335999.51], [690313.84, 5335924.32], [690316.39, 5335903.81], [690316.45, 5335901.86], [690316.85, 5335899.9], [690316.94, 5335896.97], [690317.33, 5335895.02], [690317.43, 5335889.16], [690317.77, 5335887.21], [690317.51, 5335886.23], [690316.89, 5335885.52], [690312.99, 5335883.91], [690311.04, 5335883.43], [690298.34, 5335881.94], [690269.04, 5335889.65], [690252.44, 5335893.8], [690246.58, 5335894.97], [690123.54, 5335915.65], [690100.1, 5335919.97], [690097.17, 5335920.82], [690096.77, 5335921.39], [690096.96, 5335922.36], [690102.05, 5335933.12], [690128.14, 5335993.65], [690130.32, 5335999.51]]}}, {"type": "Feature", "properties": {}, "geometry": {"type": "LineString", "coordinates": [[690280.76, 5334946.25], [690268.07, 5334943.97], [690254.39, 5334942.4], [690249.51, 5334942.33], [690247.56, 5334941.94], [690242.68, 5334941.85], [690240.72, 5334941.45], [690235.84, 5334941.36], [690233.89, 5334940.96], [690229.0, 5334940.91], [690226.07, 5334940.44], [690222.17, 5334940.42], [690219.24, 5334939.95], [690213.38, 5334939.93], [690210.45, 5334939.47], [690203.61, 5334939.44], [690200.68, 5334938.98], [690178.22, 5334938.96], [690175.29, 5334938.52], [690168.46, 5334938.43], [690166.5, 5334938.03], [690161.62, 5334937.94], [690154.79, 5334937.06], [690151.86, 5334936.97], [690147.95, 5334936.37], [690147.19, 5334937.01], [690146.53, 5334939.94], [690146.47, 5334944.82], [690146.01, 5334947.75], [690145.99, 5334957.52], [690145.52, 5334960.45], [690145.51, 5334969.24], [690145.02, 5334973.14], [690145.01, 5334984.86], [690144.53, 5334988.77]]}}, {"type": "Feature", "properties": {}, "geometry": {"type": "LineString", "coordinates": [[690166.02, 5334000.49], [690166.0, 5334013.18], [690165.54, 5334016.11], [690165.52, 5334027.83], [690165.05, 5334030.76], [690165.04, 5334042.48], [690164.6, 5334045.41], [690164.54, 5334055.18], [690164.34, 5334057.13], [690164.61, 5334058.11], [690173.18, 5334072.75], [690174.32, 5334074.58], [690175.29, 5334075.25], [690176.27, 5334074.87], [690177.25, 5334073.98], [690190.92, 5334060.31], [690193.85, 5334057.86], [690249.27, 5334002.44], [690250.98, 5334000.49]]}}, {"type": "Feature", "properties": {}, "geometry": {"type": "LineString", "coordinates": [[690257.81, 5334000.49], [690256.35, 5334002.19], [690225.83, 5334032.71], [690223.14, 5334035.89], [690215.56, 5334043.46], [690212.4, 5334046.14], [690178.09, 5334080.57], [690178.07, 5334081.54], [690179.4, 5334084.47], [690180.42, 5334088.38], [690181.64, 5334096.19], [690181.63, 5334098.14], [690181.16, 5334101.07], [690181.14, 5334117.68], [690180.68, 5334120.61], [690180.65, 5334137.21], [690180.19, 5334140.14], [690180.17, 5334156.74], [690179.7, 5334159.67], [690179.68, 5334167.48], [690178.7, 5334174.32], [690178.74, 5334175.29], [690179.2, 5334175.92], [690179.86, 5334176.27], [690182.13, 5334176.99], [690255.37, 5334197.15], [690321.78, 5334214.55], [690322.75, 5334214.47], [690323.61, 5334213.38], [690325.2, 5334209.47], [690327.5, 5334205.57], [690330.57, 5334202.39], [690334.47, 5334199.08], [690340.33, 5334195.56], [690343.26, 5334194.13], [690351.07, 5334191.68], [690351.82, 5334190.92], [690352.04, 5334189.94], [690352.05, 5334165.53], [690352.54, 5334161.62], [690352.54, 5334139.16], [690353.03, 5334135.25], [690353.04, 5334120.61], [690353.5, 5334117.68], [690353.53, 5334097.17], [690353.99, 5334094.24], [690354.0, 5334072.75], [690354.49, 5334068.85], [690354.5, 5334046.39], [690354.97, 5334043.46], [690354.99, 5334020.02], [690355.46, 5334017.09], [690355.47, 5334000.49]]}}, {"type": "Feature", "properties": {}, "geometry": {"type": "LineString", "coordinates": [[690310.56, 5335999.51], [690329.95, 5335909.67], [690330.06, 5335908.69], [690329.89, 5335907.71], [690329.59, 5335907.4], [690328.61, 5335906.89], [690325.68, 5335906.32], [690324.49, 5335906.74], [690323.77, 5335908.69], [690304.34, 5335999.51]]}}, {"type": "Feature", "properties": {}, "geometry": {"type": "LineString", "coordinates": [[690393.42, 5335999.51], [690395.3, 5335998.54], [690411.62, 5335992.4], [690443.85, 5335979.58], [690496.58, 5335959.87], [690567.87, 5335932.83], [690572.75, 5335930.84], [690573.67, 5335930.18], [690573.66, 5335929.2], [690572.97, 5335927.25], [690545.69, 5335859.86], [690527.43, 5335813.96], [690525.79, 5335809.08], [690524.9, 5335807.13], [690523.93, 5335806.46], [690520.02, 5335807.54], [690456.54, 5335830.65], [690371.58, 5335862.22], [690360.84, 5335865.73], [690359.86, 5335866.13], [690359.27, 5335866.7], [690358.89, 5335867.75], [690357.99, 5335868.65], [690354.98, 5335869.87], [690349.12, 5335873.08], [690345.21, 5335875.76], [690342.78, 5335878.42], [690341.8, 5335880.37], [690340.46, 5335886.23], [690336.44, 5335908.69], [690336.56, 5335909.67], [690337.36, 5335911.62], [690337.41, 5335913.57], [690337.88, 5335916.5], [690337.94, 5335930.18], [690341.74, 5335952.64], [690341.68, 5335953.61], [690341.31, 5335954.32], [690340.33, 5335954.93], [690330.57, 5335956.69], [690329.59, 5335957.25], [690328.88, 5335958.5], [690320.13, 5335999.51]]}}, {"type": "Feature", "properties": {}, "geometry": {"type": "LineString", "coordinates": [[690350.84, 5335999.51], [690349.69, 5335990.72], [690348.9, 5335986.82], [690348.43, 5335981.93], [690347.95, 5335979.98], [690347.68, 5335977.05], [690348.14, 5335975.78], [690352.92, 5335999.51]]}}, {"type": "Feature", "properties": {}, "geometry": {"type": "LineString", "coordinates": [[690360.35, 5334000.49], [690360.35, 5334022.95], [690359.86, 5334026.86], [690359.86, 5334049.32], [690359.38, 5334053.22], [690359.38, 5334071.78], [690359.45, 5334072.75], [690359.92, 5334073.73], [690360.84, 5334074.14], [690361.82, 5334074.21], [690372.56, 5334074.22], [690376.46, 5334074.71], [690391.11, 5334074.7], [690396.97, 5334073.61], [690398.93, 5334073.1], [690399.9, 5334072.53], [690400.75, 5334070.8], [690402.88, 5334053.22], [690403.85, 5334047.36], [690405.52, 5334040.53], [690406.2, 5334036.62], [690406.73, 5334031.74], [690406.78, 5334028.81], [690407.18, 5334026.86], [690407.27, 5334021.97], [690407.67, 5334020.02], [690407.72, 5334015.14], [690408.15, 5334012.21], [690408.33, 5334005.37], [690408.9, 5334002.44], [690409.67, 5334001.53], [690410.64, 5334001.01], [690411.62, 5334001.05], [690413.17, 5334002.44], [690413.57, 5334004.39], [690413.53, 5334006.35], [690413.13, 5334008.3], [690413.04, 5334014.16], [690412.64, 5334016.11], [690412.55, 5334021.97], [690412.16, 5334023.93], [690412.06, 5334028.81], [690410.6, 5334040.53], [690408.94, 5334047.36], [690407.76, 5334054.2], [690406.69, 5334063.96], [690405.77, 5334069.82], [690405.79, 5334071.78], [690406.42, 5334072.75], [690407.71, 5334073.19], [690414.55, 5334074.35], [690432.13, 5334078.49], [690452.64, 5334082.77], [690479.98, 5334089.12], [690486.82, 5334090.94], [690499.51, 5334095.13], [690519.04, 5334102.45], [690533.69, 5334107.34], [690543.46, 5334110.1], [690553.22, 5334112.42], [690556.15, 5334113.37], [690558.11, 5334114.54], [690559.04, 5334115.72], [690559.96, 5334118.65], [690558.95, 5334124.51], [690540.53, 5334174.09], [690537.6, 5334182.8], [690536.94, 5334184.08], [690534.42, 5334187.01], [690531.74, 5334189.21], [690524.9, 5334193.11], [690520.02, 5334195.39], [690502.44, 5334200.94], [690498.54, 5334202.43], [690494.63, 5334204.94], [690493.03, 5334206.54], [690489.62, 5334211.43], [690488.53, 5334214.36], [690485.48, 5334229.0], [690481.98, 5334247.56], [690481.94, 5334248.54], [690482.24, 5334249.51], [690484.86, 5334250.36], [690520.02, 5334256.96], [690627.44, 5334280.15], [690632.32, 5334281.1], [690633.3, 5334281.07], [690633.8, 5334280.76], [690634.28, 5334279.82], [690634.72, 5334277.83], [690639.29, 5334242.68], [690640.75, 5334233.89], [690642.34, 5334228.03], [690645.43, 5334219.24], [690657.5, 5334187.99], [690663.36, 5334173.34], [690665.53, 5334168.46], [690669.43, 5334160.64], [690678.96, 5334143.07], [690685.09, 5334132.32], [690689.44, 5334125.49], [690689.92, 5334124.51], [690689.72, 5334123.54], [690683.11, 5334116.97], [690680.42, 5334114.75], [690674.59, 5334108.89], [690669.43, 5334101.79], [690668.46, 5334101.17], [690666.5, 5334100.58], [690664.55, 5334099.45], [690652.18, 5334090.33], [690535.64, 5334002.58], [690533.25, 5334000.49]]}}, {"type": "Feature", "properties": {}, "geometry": {"type": "LineString", "coordinates": [[690601.91, 5335999.51], [690578.52, 5335940.92], [690577.64, 5335939.23], [690576.66, 5335938.74], [690575.68, 5335938.9], [690570.8, 5335940.71], [690496.58, 5335968.96], [690449.71, 5335986.42], [690417.08, 5335999.51]]}}, {"type": "Feature", "properties": {}, "geometry": {"type": "LineString", "coordinates": [[690556.47, 5334000.49], [690557.46, 5334001.46], [690646.0, 5334068.12], [690646.97, 5334068.74], [690647.95, 5334068.78], [690649.05, 5334067.87], [690651.2, 5334064.94]]}}, {"type": "Feature", "properties": {}, "geometry": {"type": "LineString", "coordinates": [[690607.28, 5335999.51], [690582.32, 5335937.01], [690582.09, 5335936.04], [690582.38, 5335933.11], [690582.1, 5335932.13], [690581.54, 5335931.02], [690579.54, 5335929.2], [690577.91, 5335926.27], [690556.92, 5335874.51], [690532.8, 5335813.96], [690529.78, 5335805.18], [690529.97, 5335804.2], [690530.76, 5335803.56], [690557.13, 5335792.96], [690579.6, 5335782.71], [690604.98, 5335772.74], [690631.35, 5335762.74], [690632.32, 5335763.07], [690633.01, 5335764.16], [690665.7, 5335848.14], [690665.74, 5335849.12], [690664.55, 5335850.29], [690650.95, 5335855.96], [690648.93, 5335857.4], [690647.6, 5335859.86], [690647.47, 5335863.77], [690647.87, 5335865.72], [690650.48, 5335872.56], [690671.11, 5335922.36], [690691.01, 5335975.1], [690700.54, 5335999.51]]}}, {"type": "Feature", "properties": {}, "geometry": {"type": "LineString", "coordinates": [[690653.81, 5334060.84], [690656.94, 5334055.18], [690658.19, 5334049.32], [690658.2, 5334025.88], [690657.72, 5334021.97], [690657.7, 5334012.21], [690657.24, 5334009.28], [690657.23, 5334000.49]]}}, {"type": "Feature", "properties": {}, "geometry": {"type": "LineString", "coordinates": [[690655.19, 5334066.89], [690655.04, 5334067.87], [690652.48, 5334071.78], [690652.53, 5334072.75], [690653.5, 5334073.73], [690673.34, 5334088.65], [690674.32, 5334089.7], [690676.27, 5334092.61], [690681.15, 5334094.73], [690687.99, 5334098.66], [690702.64, 5334109.87], [690703.61, 5334109.87], [690704.59, 5334109.12], [690707.74, 5334105.96], [690710.45, 5334102.51]]}}, {"type": "Feature", "properties": {}, "geometry": {"type": "LineString", "coordinates": [[690662.11, 5334000.49], [690662.16, 5334006.35], [690662.6, 5334009.28], [690662.61, 5334019.04], [690663.07, 5334021.97], [690663.1, 5334032.71], [690663.56, 5334035.64], [690663.56, 5334044.43], [690663.1, 5334047.36], [690663.04, 5334051.27], [690662.19, 5334055.18], [690660.64, 5334059.08], [690657.71, 5334063.84]]}}, {"type": "Feature", "properties": {}, "geometry": {"type": "LineString", "coordinates": [[690713.38, 5334098.54], [690734.73, 5334069.82], [690736.82, 5334067.26], [690738.77, 5334065.46], [690739.07, 5334064.94], [690739.11, 5334063.96], [690737.79, 5334060.13], [690736.0, 5334057.13], [690726.91, 5334044.43], [690720.21, 5334034.42], [690707.85, 5334015.14], [690700.04, 5334002.44], [690699.08, 5334000.49]]}}, {"type": "Feature", "properties": {}, "geometry": {"type": "LineString", "coordinates": [[690704.94, 5334000.49], [690705.9, 5334002.44], [690711.94, 5334012.21], [690727.57, 5334036.62], [690740.69, 5334055.18], [690742.89, 5334059.08], [690743.87, 5334062.01], [690744.63, 5334062.76], [690745.61, 5334062.96], [690749.51, 5334062.37], [690753.42, 5334061.27], [690823.73, 5334039.63], [690825.92, 5334038.57], [690826.16, 5334037.6], [690825.6, 5334035.64], [690813.3, 5334000.49]]}}, {"type": "Feature", "properties": {}, "geometry": {"type": "LineString", "coordinates": [[690722.21, 5335999.51], [690726.07, 5335997.84], [690808.11, 5335966.03], [690810.06, 5335965.02], [690810.52, 5335964.36], [690810.43, 5335963.38], [690801.97, 5335941.89], [690780.06, 5335888.18], [690756.63, 5335829.59], [690741.42, 5335790.53], [690732.91, 5335770.98], [690726.16, 5335754.39], [690715.33, 5335745.96], [690708.5, 5335740.97], [690705.57, 5335739.53], [690701.66, 5335738.41], [690697.75, 5335737.84], [690694.82, 5335737.8], [690690.92, 5335738.34], [690689.94, 5335738.68], [690687.99, 5335740.36], [690686.04, 5335741.42], [690643.07, 5335758.09], [690640.22, 5335759.28], [690639.31, 5335760.25], [690639.42, 5335761.23], [690641.2, 5335766.11], [690670.62, 5335841.31], [690672.44, 5335846.19], [690673.21, 5335849.12], [690673.28, 5335850.1], [690672.76, 5335852.05], [690671.81, 5335854.0], [690670.79, 5335854.98], [690666.5, 5335857.15], [690655.26, 5335861.82], [690654.51, 5335862.79], [690654.61, 5335863.77], [690656.04, 5335867.68], [690678.62, 5335922.36], [690695.89, 5335968.26], [690708.14, 5335999.51]]}}, {"type": "Feature", "properties": {}, "geometry": {"type": "LineString", "coordinates": [[690714.63, 5334104.0], [690714.57, 5334104.98], [690714.0, 5334105.96], [690711.07, 5334109.86], [690708.2, 5334112.79], [690707.96, 5334113.77], [690708.83, 5334114.75], [690711.43, 5334116.84], [690744.63, 5334142.26], [690745.61, 5334142.46], [690746.58, 5334141.83], [690750.49, 5334137.48], [690753.67, 5334135.25]]}}, {"type": "Feature", "properties": {}, "geometry": {"type": "LineString", "coordinates": [[690758.3, 5334132.8], [690766.11, 5334130.0], [690811.04, 5334118.05], [690863.77, 5334103.63], [690919.43, 5334088.98], [690942.87, 5334083.38], [690949.42, 5334081.54], [690950.02, 5334080.57], [690949.94, 5334079.59], [690945.06, 5334060.06], [690937.62, 5334034.67], [690934.81, 5334023.93], [690932.34, 5334017.09], [690931.15, 5334014.16], [690930.18, 5334012.45], [690929.2, 5334012.21], [690921.39, 5334014.57], [690841.31, 5334039.8], [690833.5, 5334042.4], [690826.66, 5334045.0], [690756.35, 5334066.64], [690750.49, 5334068.23], [690746.58, 5334068.84], [690744.63, 5334068.89], [690741.7, 5334069.73], [690739.75, 5334071.61], [690737.79, 5334074.06], [690717.6, 5334101.07]]}}, {"type": "Feature", "properties": {}, "geometry": {"type": "LineString", "coordinates": [[690754.34, 5335999.51], [690762.21, 5335996.18], [690813.96, 5335976.16], [690814.94, 5335976.27], [690815.92, 5335977.8], [690824.08, 5335999.51]]}}, {"type": "Feature", "properties": {}, "geometry": {"type": "LineString", "coordinates": [[690757.32, 5334138.39], [690754.39, 5334140.87], [690751.46, 5334143.81], [690750.5, 5334145.02], [690750.09, 5334146.0], [690750.49, 5334147.1], [690754.39, 5334150.52], [690794.43, 5334184.79], [690820.8, 5334206.32], [690842.29, 5334225.22], [690843.26, 5334225.42], [690844.24, 5334224.58], [690849.12, 5334217.72]]}}, {"type": "Feature", "properties": {}, "geometry": {"type": "LineString", "coordinates": [[690852.05, 5334213.4], [690863.63, 5334196.78], [690866.7, 5334192.71], [690870.61, 5334188.97], [690874.51, 5334186.8], [690877.44, 5334185.68], [690957.52, 5334166.87], [690964.36, 5334165.15], [690965.71, 5334164.55], [690966.23, 5334163.57], [690966.18, 5334162.6], [690952.1, 5334089.36], [690951.52, 5334087.4], [690950.68, 5334086.75], [690948.73, 5334087.03], [690912.6, 5334095.95], [690871.58, 5334106.7], [690813.96, 5334122.44], [690767.09, 5334134.89], [690762.21, 5334136.64]]}}, {"type": "Feature", "properties": {}, "geometry": {"type": "LineString", "coordinates": [[690818.67, 5334000.49], [690821.21, 5334008.3], [690830.57, 5334034.89], [690831.54, 5334036.81], [690832.52, 5334037.21], [690836.43, 5334036.21], [690926.27, 5334007.87], [690927.39, 5334007.32], [690927.79, 5334006.35], [690925.61, 5334000.49]]}}, {"type": "Feature", "properties": {}, "geometry": {"type": "LineString", "coordinates": [[691046.24, 5335999.51], [691041.42, 5335986.82], [691011.14, 5335910.64], [691008.3, 5335904.33], [691007.32, 5335903.22], [691006.35, 5335903.14], [690973.14, 5335915.62], [690912.6, 5335938.88], [690821.58, 5335973.14], [690820.3, 5335974.12], [690820.28, 5335975.1], [690829.44, 5335999.51]]}}, {"type": "Feature", "properties": {}, "geometry": {"type": "LineString", "coordinates": [[690853.03, 5334220.27], [690852.05, 5334222.16], [690847.94, 5334228.03], [690847.56, 5334229.0], [690848.05, 5334229.98], [690857.91, 5334237.93], [690879.39, 5334253.9], [690891.11, 5334261.53], [690892.09, 5334261.88], [690893.07, 5334261.69], [690902.85, 5334257.32], [690904.79, 5334256.77]]}}, {"type": "Feature", "properties": {}, "geometry": {"type": "LineString", "coordinates": [[690909.67, 5334256.11], [690910.81, 5334255.37], [690912.6, 5334254.89], [690927.25, 5334251.51], [690933.11, 5334251.45], [690936.04, 5334250.99], [690946.78, 5334250.98], [690948.73, 5334251.23], [690956.54, 5334253.99], [690965.33, 5334257.6], [690971.37, 5334260.25], [690972.58, 5334261.23], [690972.62, 5334262.21], [690966.9, 5334271.0], [690966.73, 5334271.97], [690967.29, 5334272.74], [690968.26, 5334272.96], [690969.24, 5334271.89], [690973.43, 5334263.18], [690974.12, 5334262.32], [690975.1, 5334261.99], [690977.05, 5334262.23], [690978.03, 5334261.2], [690983.65, 5334249.51], [690986.84, 5334243.65], [690988.77, 5334240.72], [690991.95, 5334236.82], [690996.5, 5334232.91], [690996.74, 5334231.93], [690996.58, 5334230.96], [690992.43, 5334214.36], [690991.26, 5334208.5], [690991.26, 5334204.59], [690991.98, 5334199.71], [690991.7, 5334199.41], [690988.77, 5334198.78], [690985.84, 5334198.6], [690981.93, 5334197.67], [690978.03, 5334195.77], [690974.72, 5334192.87], [690972.17, 5334189.39], [690970.21, 5334185.04], [690966.5, 5334171.39], [690965.55, 5334170.41], [690963.38, 5334170.54], [690930.18, 5334178.35], [690886.23, 5334188.72], [690878.42, 5334190.68], [690876.46, 5334191.41], [690874.51, 5334192.41], [690871.46, 5334194.82], [690867.68, 5334199.71], [690855.96, 5334216.54]]}}, {"type": "Feature", "properties": {}, "geometry": {"type": "LineString", "coordinates": [[690923.34, 5334811.59], [690929.2, 5334812.45], [690934.08, 5334812.49], [690936.04, 5334812.08], [690936.33, 5334811.04], [690936.05, 5334809.08], [690935.99, 5334798.34], [690935.55, 5334795.41], [690935.53, 5334780.76], [690935.07, 5334777.83], [690935.07, 5334742.68], [690937.0, 5334726.07], [690937.06, 5334724.12], [690937.45, 5334722.17], [690938.03, 5334715.33], [690938.43, 5334713.38], [690938.98, 5334706.54], [690940.11, 5334698.73], [690939.94, 5334697.74], [690938.96, 5334697.36], [690935.06, 5334696.79], [690931.15, 5334696.82], [690926.27, 5334698.49], [690925.29, 5334699.12], [690924.0, 5334700.68], [690923.49, 5334701.66], [690922.86, 5334704.59], [690922.86, 5334721.19], [690923.33, 5334724.12], [690923.2, 5334729.98], [690922.36, 5334731.41], [690921.39, 5334731.87], [690920.41, 5334731.88], [690919.43, 5334731.5], [690918.89, 5334730.96]]}}, {"type": "Feature", "properties": {}, "geometry": {"type": "LineString", "coordinates": [[690919.08, 5334811.04], [690918.46, 5334810.56], [690915.53, 5334809.49], [690907.71, 5334807.32], [690907.31, 5334807.13], [690906.65, 5334806.15], [690906.73, 5334798.34], [690906.26, 5334795.41], [690906.2, 5334790.53], [690905.81, 5334788.57], [690905.72, 5334782.71], [690905.32, 5334780.76], [690905.27, 5334775.88], [690904.83, 5334772.95], [690904.77, 5334768.07], [690904.31, 5334765.14], [690904.28, 5334761.23], [690903.82, 5334758.3], [690903.76, 5334754.39], [690903.37, 5334752.44], [690903.27, 5334748.54], [690902.88, 5334746.58], [690902.82, 5334742.68], [690902.36, 5334739.75], [690901.85, 5334730.96], [690901.38, 5334728.03], [690901.32, 5334724.12], [690900.92, 5334722.17], [690900.83, 5334718.26], [690900.44, 5334716.31], [690900.38, 5334712.4], [690899.91, 5334709.47], [690899.86, 5334704.59], [690899.46, 5334702.64], [690899.4, 5334697.75], [690898.94, 5334694.82], [690898.88, 5334689.94], [690898.49, 5334687.99], [690898.43, 5334683.11], [690897.96, 5334680.18], [690897.9, 5334675.29], [690897.52, 5334672.36], [690897.95, 5334671.26], [690898.93, 5334670.2], [690899.9, 5334669.6], [690903.81, 5334669.39], [690905.76, 5334668.99], [690909.67, 5334668.9], [690911.62, 5334668.5], [690915.53, 5334668.41], [690917.48, 5334668.02], [690921.39, 5334668.19], [690923.83, 5334667.48]]}}, {"type": "Feature", "properties": {}, "geometry": {"type": "LineString", "coordinates": [[690919.43, 5334815.31], [690918.46, 5334815.85], [690916.5, 5334815.87], [690914.55, 5334815.48], [690911.62, 5334815.42], [690903.81, 5334814.33], [690896.0, 5334814.5], [690893.07, 5334814.94], [690886.23, 5334814.95], [690883.3, 5334815.42], [690875.49, 5334815.48], [690872.56, 5334815.92], [690867.68, 5334815.91], [690866.7, 5334815.79], [690864.75, 5334814.6], [690862.79, 5334814.5], [690860.84, 5334814.9], [690856.93, 5334814.95], [690854.98, 5334815.33], [690853.73, 5334815.92], [690852.92, 5334816.89], [690852.65, 5334817.87], [690852.98, 5334819.82], [690853.04, 5334823.73], [690853.5, 5334826.66], [690853.53, 5334829.59], [690853.99, 5334832.52], [690854.05, 5334836.43], [690854.44, 5334838.38], [690854.54, 5334842.29], [690854.93, 5334844.24], [690855.03, 5334848.14], [690855.42, 5334850.1], [690855.48, 5334854.0], [690855.88, 5334855.96], [690856.89, 5334858.89], [690857.43, 5334866.7], [690859.36, 5334884.28], [690859.42, 5334887.21], [690859.82, 5334889.16], [690859.82, 5334892.09], [690859.39, 5334895.02], [690859.85, 5334897.95], [690859.91, 5334900.88], [690860.3, 5334902.83], [690860.36, 5334905.76], [690860.83, 5334908.69], [690860.89, 5334911.62], [690861.28, 5334913.57], [690861.38, 5334916.5], [690861.82, 5334917.77], [690864.05, 5334920.41], [690864.74, 5334924.32], [690864.76, 5334928.22], [690865.22, 5334931.15], [690865.28, 5334935.06], [690866.46, 5334941.89], [690868.77, 5334950.68], [690872.16, 5334961.43], [690876.74, 5334973.14], [690879.91, 5334979.0], [690890.17, 5334996.58], [690892.36, 5334999.51], [690896.97, 5335004.91], [690897.22, 5335005.37], [690896.97, 5335006.33], [690896.24, 5335007.32], [690896.36, 5335008.3], [690896.98, 5335009.28], [690920.68, 5335038.57], [690933.86, 5335054.2], [690948.03, 5335070.8], [690957.25, 5335080.57], [690959.61, 5335083.5], [690962.4, 5335087.7], [690963.38, 5335088.12], [690964.36, 5335088.0], [690977.05, 5335085.58], [690983.89, 5335084.52], [690989.75, 5335084.17], [690997.56, 5335085.01], [691007.32, 5335087.17], [691013.17, 5335089.36], [691021.0, 5335092.81], [691022.95, 5335093.95], [691023.93, 5335094.13], [691024.9, 5335093.52], [691030.52, 5335086.43], [691039.55, 5335077.42], [691041.5, 5335076.08]]}}, {"type": "Feature", "properties": {}, "geometry": {"type": "LineString", "coordinates": [[690920.68, 5334696.78], [690923.34, 5334694.24], [690926.27, 5334692.96], [690929.2, 5334692.02], [690936.04, 5334691.9], [690938.96, 5334692.33], [690941.89, 5334692.47], [690942.56, 5334691.89], [690942.85, 5334690.92], [690946.24, 5334670.41], [690946.37, 5334668.46], [690946.0, 5334667.48], [690944.82, 5334666.78], [690942.87, 5334666.5], [690937.99, 5334666.55], [690936.04, 5334666.94], [690930.18, 5334667.04], [690928.22, 5334667.34], [690927.25, 5334666.86]]}}, {"type": "Feature", "properties": {}, "geometry": {"type": "LineString", "coordinates": [[691999.51, 5335212.48], [691993.65, 5335190.92], [691969.84, 5335095.21], [691943.73, 5334986.82], [691942.88, 5334983.89], [691941.89, 5334983.11], [691936.04, 5334984.38], [691846.19, 5335007.21], [691817.87, 5335013.32], [691816.17, 5335014.16], [691815.98, 5335015.14], [691816.17, 5335016.11], [691828.0, 5335065.92], [691830.93, 5335080.57], [691831.24, 5335083.5], [691831.01, 5335087.4], [691829.59, 5335091.7], [691827.84, 5335094.24], [691826.66, 5335095.21], [691824.71, 5335096.27], [691819.82, 5335098.06], [691770.02, 5335112.19], [691763.18, 5335113.76], [691759.28, 5335113.77], [691757.32, 5335113.52], [691754.39, 5335112.7], [691751.46, 5335111.3], [691748.54, 5335109.37], [691746.83, 5335107.91], [691743.35, 5335103.03], [691743.7, 5335099.12], [691746.73, 5335080.57], [691747.56, 5335079.74], [691748.54, 5335079.6], [691762.21, 5335079.64], [691769.04, 5335081.82], [691773.93, 5335084.19], [691776.86, 5335085.33], [691782.71, 5335086.41], [691790.53, 5335085.32], [691796.39, 5335084.19], [691804.2, 5335080.01], [691808.73, 5335074.71], [691810.75, 5335071.78], [691813.35, 5335063.96], [691813.49, 5335058.11], [691813.95, 5335055.18], [691813.52, 5335052.25], [691813.47, 5335043.46], [691813.03, 5335040.53], [691812.86, 5335036.62], [691808.92, 5335022.95], [691808.11, 5335021.86], [691806.15, 5335021.98], [691751.46, 5335035.45], [691750.49, 5335035.18], [691749.77, 5335033.69], [691748.66, 5335025.88], [691748.67, 5335023.93], [691749.51, 5335022.93], [691752.44, 5335022.1], [691829.59, 5335005.73], [691840.33, 5335003.35], [691841.51, 5335002.44], [691841.51, 5335001.46], [691840.58, 5334998.54], [691833.41, 5334978.03], [691817.87, 5334935.72], [691816.89, 5334934.93], [691815.92, 5334934.97], [691798.34, 5334938.84], [691773.93, 5334943.31], [691734.86, 5334949.35], [691733.63, 5334949.71], [691732.91, 5334950.16], [691732.58, 5334950.68], [691732.49, 5334951.66], [691732.86, 5334954.59], [691732.62, 5334955.57], [691730.96, 5334958.87], [691728.25, 5334962.4], [691726.07, 5334964.7], [691725.1, 5334965.37], [691722.17, 5334966.18], [691715.33, 5334967.24], [691692.87, 5334969.85], [691687.01, 5334971.19], [691680.18, 5334973.23], [691659.67, 5334980.35], [691641.11, 5334986.41], [691626.46, 5334990.63], [691625.49, 5334990.83], [691624.51, 5334990.37], [691623.51, 5334987.79], [691623.58, 5334986.82], [691625.49, 5334985.76], [691646.0, 5334979.57], [691680.18, 5334968.02], [691685.06, 5334966.56], [691691.89, 5334964.97], [691695.8, 5334964.4], [691706.54, 5334963.33], [691721.19, 5334961.3], [691727.05, 5334959.69], [691728.3, 5334958.5], [691727.01, 5334947.75], [691723.51, 5334925.29], [691719.6, 5334905.76], [691715.08, 5334887.21], [691706.66, 5334856.93], [691705.57, 5334856.19], [691704.59, 5334856.32], [691685.06, 5334861.94], [691683.11, 5334862.32], [691678.64, 5334863.77], [691675.29, 5334864.46], [691674.71, 5334863.77], [691686.04, 5334859.86], [691688.96, 5334859.14], [691701.05, 5334854.98], [691705.57, 5334853.65], [691715.33, 5334850.09], [691718.39, 5334849.12], [691721.19, 5334848.7], [691722.04, 5334848.14], [691724.82, 5334847.17], [691728.03, 5334846.64], [691728.56, 5334847.17], [691727.05, 5334847.49], [691725.82, 5334848.14], [691720.21, 5334849.58], [691719.55, 5334850.1], [691713.38, 5334852.62], [691711.71, 5334854.0], [691711.51, 5334854.98], [691719.47, 5334884.28], [691724.48, 5334904.79], [691728.39, 5334924.32], [691731.08, 5334941.89], [691731.93, 5334944.34], [691732.91, 5334944.63], [691770.02, 5334938.92], [691797.36, 5334933.96], [691814.13, 5334930.18], [691815.0, 5334929.2], [691814.83, 5334928.22], [691806.23, 5334908.69], [691806.21, 5334907.71], [691807.13, 5334907.06], [691809.08, 5334906.37], [691810.06, 5334906.35], [691811.04, 5334907.28], [691819.47, 5334926.27], [691819.82, 5334926.89], [691820.8, 5334927.35], [691822.75, 5334926.75], [691861.82, 5334908.89], [691863.13, 5334907.71], [691862.99, 5334906.74], [691860.83, 5334901.86], [691839.84, 5334855.96], [691834.73, 5334845.21], [691833.3, 5334843.26], [691832.51, 5334840.33], [691814.46, 5334804.2], [691810.06, 5334794.43], [691809.08, 5334792.48], [691807.13, 5334789.7], [691806.15, 5334787.39], [691793.94, 5334770.02], [691789.77, 5334765.14], [691783.96, 5334759.28], [691782.44, 5334757.32], [691776.64, 5334751.46], [691775.12, 5334749.51], [691761.99, 5334735.84], [691760.47, 5334733.89], [691747.34, 5334720.21], [691736.82, 5334708.16], [691733.4, 5334703.61], [691728.03, 5334695.41], [691727.05, 5334694.77], [691725.09, 5334694.82], [691726.07, 5334693.4], [691726.23, 5334692.87], [691726.04, 5334691.89], [691721.09, 5334684.08], [691721.28, 5334683.11], [691722.17, 5334682.42], [691724.12, 5334681.54], [691725.1, 5334681.74], [691728.85, 5334687.01], [691729.98, 5334687.16], [691771.0, 5334664.09], [691783.19, 5334658.69], [691783.87, 5334657.71], [691783.66, 5334656.74], [691780.14, 5334648.93], [691780.2, 5334647.95], [691780.76, 5334647.64], [691783.69, 5334647.31], [691784.67, 5334647.57], [691785.55, 5334648.93], [691788.57, 5334655.22], [691789.55, 5334656.15], [691790.53, 5334656.13], [691799.32, 5334653.44], [691811.04, 5334650.52], [691834.47, 5334645.63], [691854.0, 5334641.96], [691866.7, 5334639.04], [691876.46, 5334636.31], [691878.79, 5334635.25], [691879.17, 5334634.28], [691878.98, 5334633.3], [691867.8, 5334598.14], [691865.85, 5334587.4], [691865.19, 5334580.57], [691864.79, 5334578.61], [691864.74, 5334573.73], [691864.27, 5334570.8], [691864.27, 5334539.55], [691864.75, 5334535.64], [691864.7, 5334531.74], [691864.31, 5334530.76], [691863.77, 5334530.37], [691861.82, 5334529.82], [691833.5, 5334524.05], [691823.73, 5334522.58], [691820.8, 5334522.41], [691813.96, 5334521.49], [691811.04, 5334521.46], [691808.11, 5334521.01], [691802.25, 5334520.99], [691799.32, 5334520.51], [691778.81, 5334520.5], [691774.9, 5334521.0], [691763.18, 5334521.0], [691758.3, 5334520.38], [691754.39, 5334518.79], [691753.28, 5334518.07], [691751.32, 5334516.11], [691750.52, 5334512.21], [691750.02, 5334508.3], [691749.51, 5334507.09], [691749.27, 5334509.28], [691748.79, 5334510.25], [691747.56, 5334510.69], [691743.65, 5334510.26], [691737.79, 5334510.24], [691734.86, 5334509.78], [691729.0, 5334509.75], [691726.07, 5334509.29], [691723.14, 5334509.19], [691722.1, 5334508.3], [691722.21, 5334500.49], [691722.78, 5334497.56], [691723.14, 5334497.01], [691724.12, 5334496.64], [691727.05, 5334497.06], [691732.91, 5334497.08], [691735.84, 5334497.55], [691741.7, 5334497.57], [691744.63, 5334498.03], [691748.54, 5334498.12], [691749.51, 5334497.89], [691749.94, 5334496.58], [691750.05, 5334491.7], [691750.44, 5334489.75], [691750.49, 5334487.79], [691750.49, 5334462.4], [691750.45, 5334461.43], [691750.03, 5334460.45], [691749.51, 5334460.12], [691743.65, 5334459.95], [691740.72, 5334459.48], [691726.07, 5334459.46], [691723.14, 5334459.0], [691712.4, 5334458.93], [691711.43, 5334458.6], [691710.45, 5334457.42], [691708.5, 5334457.04], [691680.18, 5334457.03], [691669.43, 5334458.63], [691660.64, 5334460.76], [691655.31, 5334463.38], [691648.73, 5334467.29], [691630.37, 5334480.0], [691625.49, 5334482.66], [691623.54, 5334483.35], [691620.61, 5334483.76], [691616.7, 5334483.82], [691615.72, 5334483.33], [691614.49, 5334481.93], [691609.86, 5334479.73], [691606.93, 5334477.86], [691602.3, 5334474.12], [691585.45, 5334457.27], [691582.52, 5334453.86], [691563.96, 5334435.29], [691562.01, 5334432.88], [691548.34, 5334419.19], [691545.41, 5334415.78], [691528.57, 5334398.93], [691526.12, 5334396.0], [691486.09, 5334355.96], [691483.64, 5334353.03], [691473.14, 5334342.71], [691472.17, 5334342.52], [691471.19, 5334343.05], [691468.26, 5334345.57], [691456.54, 5334357.18], [691453.61, 5334359.62], [691447.6, 5334365.72], [691447.26, 5334366.7], [691447.63, 5334367.68], [691469.24, 5334389.41], [691472.17, 5334392.82], [691492.68, 5334413.34], [691495.36, 5334416.5], [691515.14, 5334436.28], [691517.36, 5334438.96], [691528.81, 5334450.45], [691530.76, 5334452.87], [691538.3, 5334460.45], [691545.06, 5334468.26], [691551.27, 5334476.58], [691556.61, 5334484.86], [691559.33, 5334489.75], [691564.45, 5334500.49], [691567.75, 5334508.3], [691572.04, 5334521.97], [691573.59, 5334524.9], [691575.15, 5334532.71], [691575.72, 5334538.57], [691576.07, 5334539.55], [691577.64, 5334540.4], [691585.45, 5334541.14], [691588.38, 5334541.55], [691589.36, 5334541.96], [691589.68, 5334542.48], [691590.28, 5334546.39], [691589.87, 5334547.36], [691589.36, 5334547.69], [691588.38, 5334547.83], [691585.45, 5334547.54], [691583.5, 5334547.84], [691576.66, 5334547.9], [691574.71, 5334548.29], [691569.82, 5334548.39], [691567.87, 5334548.78], [691563.96, 5334548.88], [691562.01, 5334549.27], [691559.08, 5334549.33], [691556.15, 5334549.79], [691553.22, 5334549.82], [691550.29, 5334550.28], [691547.36, 5334550.42], [691527.83, 5334553.27], [691517.09, 5334555.3], [691508.3, 5334557.25], [691496.58, 5334562.53], [691490.97, 5334565.92], [691486.82, 5334568.85], [691481.93, 5334572.54], [691476.07, 5334577.85], [691463.38, 5334588.65], [691460.68, 5334591.31], [691460.51, 5334592.29], [691461.43, 5334593.39], [691471.69, 5334601.07], [691477.05, 5334604.65], [691487.37, 5334610.84], [691493.65, 5334614.26], [691507.32, 5334621.09], [691510.25, 5334622.8], [691527.83, 5334631.6], [691536.62, 5334636.75], [691554.61, 5334648.93], [691555.29, 5334649.9], [691555.11, 5334650.88], [691553.22, 5334653.14], [691552.25, 5334653.19], [691551.27, 5334652.66], [691536.62, 5334642.95], [691535.64, 5334642.69], [691534.67, 5334642.83], [691527.83, 5334645.91], [691506.35, 5334654.51], [691476.07, 5334665.62], [691474.68, 5334666.5], [691474.55, 5334667.48], [691475.38, 5334671.39], [691475.1, 5334672.41], [691474.12, 5334672.64], [691471.19, 5334672.14], [691470.43, 5334671.39], [691469.35, 5334668.46], [691468.26, 5334667.86], [691457.52, 5334669.87], [691440.92, 5334671.92], [691439.56, 5334672.36], [691437.99, 5334673.59], [691423.34, 5334688.24], [691421.11, 5334690.92], [691416.26, 5334695.8], [691413.82, 5334698.73], [691403.57, 5334709.47], [691373.81, 5334742.68], [691369.63, 5334747.72], [691358.89, 5334759.74], [691357.91, 5334759.88], [691355.28, 5334758.3], [691354.92, 5334757.32], [691355.36, 5334756.35], [691367.4, 5334742.68], [691368.12, 5334741.7], [691368.43, 5334740.72], [691367.93, 5334739.75], [691365.72, 5334737.57], [691363.77, 5334736.06], [691341.31, 5334716.09], [691337.4, 5334712.89], [691336.43, 5334712.89], [691331.82, 5334717.29], [691330.29, 5334719.24], [691318.14, 5334731.93], [691301.54, 5334751.46], [691300.94, 5334752.44], [691300.26, 5334754.39], [691298.96, 5334756.35], [691295.19, 5334760.25], [691293.46, 5334762.44], [691289.61, 5334766.11], [691288.94, 5334767.09], [691289.01, 5334768.07], [691289.92, 5334771.0], [691290.97, 5334775.88], [691292.43, 5334785.64], [691292.49, 5334787.6], [691292.96, 5334790.53], [691293.02, 5334799.32], [691293.46, 5334802.25], [691293.41, 5334804.2], [691292.64, 5334806.15], [691291.19, 5334808.11], [691289.55, 5334809.42], [691288.98, 5334809.08], [691288.64, 5334808.11], [691288.53, 5334805.18], [691288.13, 5334803.22], [691288.08, 5334792.48], [691287.64, 5334789.55], [691287.55, 5334786.62], [691285.52, 5334773.93], [691284.67, 5334770.8], [691283.69, 5334769.52], [691282.71, 5334769.5], [691279.79, 5334770.38], [691270.02, 5334772.33], [691250.49, 5334775.34], [691248.54, 5334775.26], [691246.58, 5334774.79], [691243.65, 5334774.91], [691236.82, 5334775.7], [691233.89, 5334775.39], [691227.05, 5334775.34], [691224.12, 5334774.49], [691222.17, 5334773.57], [691220.05, 5334771.97], [691212.4, 5334765.0], [691207.52, 5334761.75], [691204.59, 5334760.79], [691201.66, 5334760.8], [691198.73, 5334761.95], [691192.87, 5334763.44], [691145.02, 5334777.71], [691136.23, 5334779.25], [691133.3, 5334779.35], [691128.42, 5334779.97], [691127.4, 5334780.76], [691127.4, 5334781.74], [691129.88, 5334790.53], [691131.43, 5334797.36], [691130.77, 5334798.34], [691129.39, 5334798.79], [691127.44, 5334798.84], [691126.91, 5334798.34], [691122.37, 5334782.71], [691121.58, 5334781.83], [691120.61, 5334781.77], [691044.43, 5334800.17], [690958.5, 5334820.07], [690954.59, 5334820.79], [690947.75, 5334821.08], [690946.75, 5334821.78], [690947.63, 5334825.68], [690956.01, 5334873.54], [690956.09, 5334875.49], [690955.57, 5334876.2], [690953.61, 5334876.46], [690952.64, 5334876.42], [690951.66, 5334876.01], [690951.33, 5334875.49], [690943.49, 5334831.54], [690942.89, 5334827.64], [690942.95, 5334825.68], [690942.61, 5334824.71], [690940.88, 5334821.78], [690939.94, 5334820.72], [690937.01, 5334820.03], [690932.13, 5334817.66], [690930.18, 5334817.02], [690927.25, 5334816.88], [690923.34, 5334816.35]]}}, {"type": "Feature", "properties": {}, "geometry": {"type": "LineString", "coordinates": [[690926.03, 5334658.69], [690928.84, 5334642.09], [690930.18, 5334635.76], [690931.15, 5334635.17], [690934.08, 5334636.44], [690935.06, 5334636.65]]}}, {"type": "Feature", "properties": {}, "geometry": {"type": "LineString", "coordinates": [[690929.2, 5334661.43], [690936.04, 5334660.65], [690944.82, 5334660.54], [690945.95, 5334659.67], [690949.76, 5334640.14], [690949.57, 5334639.16], [690948.73, 5334638.78], [690947.75, 5334638.74], [690945.8, 5334639.11], [690942.87, 5334639.11], [690938.79, 5334638.18]]}}, {"type": "Feature", "properties": {}, "geometry": {"type": "LineString", "coordinates": [[690931.01, 5334000.49], [690938.07, 5334018.07], [690939.69, 5334022.95], [690941.89, 5334031.02], [690942.34, 5334031.74], [690942.87, 5334032.07], [690943.85, 5334032.2], [690964.36, 5334028.85], [690967.29, 5334028.76], [690969.24, 5334028.37], [690976.07, 5334027.82], [690982.91, 5334026.9], [690990.72, 5334026.85], [690994.63, 5334026.37], [691002.44, 5334026.35], [691005.37, 5334025.89], [691016.11, 5334025.84], [691017.09, 5334025.52], [691017.5, 5334024.9], [691017.57, 5334023.93], [691017.58, 5334015.14], [691017.57, 5334013.18], [691017.1, 5334010.25], [691017.09, 5334000.49]]}}, {"type": "Feature", "properties": {}, "geometry": {"type": "LineString", "coordinates": [[690936.07, 5334630.37], [690933.11, 5334628.41], [690932.07, 5334627.44], [690931.83, 5334626.46], [690936.28, 5334605.96], [690940.92, 5334586.43], [690943.12, 5334578.61], [690946.05, 5334569.82], [690957.52, 5334539.78], [690984.71, 5334464.36], [690985.84, 5334463.49], [690986.82, 5334463.4], [690991.79, 5334464.36]]}}, {"type": "Feature", "properties": {}, "geometry": {"type": "LineString", "coordinates": [[690941.89, 5334632.32], [690943.85, 5334632.51], [690947.75, 5334632.28], [690950.68, 5334631.69], [690951.26, 5334631.35], [690951.87, 5334630.37], [690955.32, 5334613.77], [690957.44, 5334605.96], [690969.81, 5334573.73], [690988.19, 5334527.83], [690996.01, 5334506.35], [691002.85, 5334484.86], [691006.92, 5334473.14], [691007.23, 5334471.19], [691006.3, 5334470.21], [691003.42, 5334468.68], [690997.56, 5334466.52], [690995.68, 5334465.33]]}}, {"type": "Feature", "properties": {}, "geometry": {"type": "LineString", "coordinates": [[690952.14, 5334947.75], [690949.71, 5334948.69], [690948.73, 5334948.34], [690947.06, 5334944.82], [690941.02, 5334929.2], [690940.81, 5334928.22], [690941.27, 5334927.25], [690943.63, 5334926.27]]}}, {"type": "Feature", "properties": {}, "geometry": {"type": "LineString", "coordinates": [[690972.17, 5334294.96], [690973.37, 5334293.46], [690993.6, 5334249.51], [690997.11, 5334244.63], [691000.49, 5334241.4], [691003.42, 5334239.26], [691006.35, 5334237.38], [691008.3, 5334236.43], [691012.21, 5334235.15], [691016.11, 5334234.28], [691027.83, 5334234.25], [691030.76, 5334234.82], [691035.64, 5334234.81], [691038.57, 5334235.28], [691045.41, 5334235.26], [691048.34, 5334235.81], [691056.15, 5334235.79], [691059.08, 5334236.27], [691061.04, 5334236.23], [691062.01, 5334235.9], [691062.27, 5334234.86], [691062.01, 5334234.43], [691061.04, 5334233.96], [691056.15, 5334233.93], [691054.2, 5334233.51], [691046.39, 5334233.51], [691043.46, 5334232.95], [691037.6, 5334232.96], [691034.67, 5334232.49], [691028.81, 5334232.55], [691025.88, 5334231.98], [691018.07, 5334231.98], [691013.47, 5334232.91], [691010.22, 5334233.89], [691006.35, 5334235.52], [691002.61, 5334237.79], [690996.73, 5334242.68], [690993.65, 5334246.09], [690990.72, 5334250.15], [690985.84, 5334259.83], [690984.42, 5334263.18], [690980.96, 5334270.05], [690969.91, 5334293.46]]}}, {"type": "Feature", "properties": {}, "geometry": {"type": "LineString", "coordinates": [[690976.53, 5334303.22], [690972.58, 5334312.99], [690972.36, 5334313.96], [690972.58, 5334314.94], [690973.14, 5334315.4], [690984.86, 5334319.61], [691002.9, 5334327.64], [691020.02, 5334336.2], [691021.0, 5334336.4], [691021.95, 5334335.45], [691022.98, 5334333.5], [691024.43, 5334331.54]]}}, {"type": "Feature", "properties": {}, "geometry": {"type": "LineString", "coordinates": [[691026.38, 5334326.66], [691045.61, 5334282.71], [691048.7, 5334272.95], [691050.25, 5334265.14], [691050.34, 5334259.28], [691050.72, 5334257.32], [691050.3, 5334254.39], [691050.29, 5334243.65], [691050.19, 5334242.68], [691049.32, 5334241.55], [691047.36, 5334241.21], [691041.5, 5334241.16], [691039.55, 5334240.77], [691033.69, 5334240.71], [691030.76, 5334240.25], [691018.07, 5334240.36], [691011.23, 5334242.68], [691004.39, 5334246.94], [691001.46, 5334249.85], [690999.27, 5334253.42], [690983.41, 5334286.62], [690978.54, 5334298.34]]}}, {"type": "Feature", "properties": {}, "geometry": {"type": "LineString", "coordinates": [[691040.53, 5334362.22], [691037.6, 5334361.24], [691035.64, 5334360.24], [691035.24, 5334359.86], [691035.16, 5334357.91], [691033.89, 5334356.93], [691020.02, 5334353.12], [691010.25, 5334348.77], [691007.32, 5334347.85], [691006.37, 5334348.14], [691007.32, 5334348.5], [691009.28, 5334350.22], [691012.21, 5334351.69], [691013.16, 5334353.03], [691013.52, 5334354.0], [691013.53, 5334354.98], [691013.03, 5334356.93], [691012.21, 5334358.35], [691011.23, 5334359.17], [691009.28, 5334359.24], [691004.39, 5334356.69], [691000.14, 5334354.98], [690999.1, 5334354.0], [690998.73, 5334353.03], [690999.14, 5334351.07], [691000.83, 5334349.12], [691003.42, 5334347.82], [691006.31, 5334347.17], [691005.37, 5334346.85], [691004.64, 5334346.19], [690998.54, 5334343.27], [690988.77, 5334339.05], [690987.63, 5334339.36], [690986.82, 5334341.35], [690985.84, 5334341.63], [690985.08, 5334341.31], [690984.29, 5334340.33], [690984.49, 5334339.36], [690985.15, 5334338.38], [690984.88, 5334337.4], [690983.14, 5334336.43], [690980.96, 5334335.75], [690980.11, 5334336.43], [690979.0, 5334338.1], [690978.03, 5334338.04], [690977.09, 5334337.4], [690976.8, 5334336.43], [690977.51, 5334334.47], [690976.44, 5334333.5], [690975.1, 5334333.06], [690972.17, 5334333.02], [690970.21, 5334333.54], [690969.12, 5334334.47], [690967.12, 5334337.4], [690954.1, 5334363.77], [690952.12, 5334366.7], [690943.85, 5334384.28], [690941.01, 5334391.11], [690931.23, 5334420.41], [690926.27, 5334433.09], [690918.95, 5334447.75], [690896.27, 5334496.58], [690889.92, 5334511.23], [690882.05, 5334530.76], [690876.25, 5334543.46], [690870.82, 5334556.15], [690863.76, 5334571.78], [690852.55, 5334594.24], [690850.19, 5334600.1], [690847.42, 5334607.91], [690846.44, 5334611.82], [690846.15, 5334614.75], [690844.36, 5334622.56], [690843.39, 5334628.42], [690842.24, 5334640.14], [690841.85, 5334642.09], [690841.78, 5334646.0], [690841.32, 5334648.93], [690841.31, 5334656.74], [690840.87, 5334659.67], [690840.83, 5334663.57], [690840.94, 5334664.55], [690841.58, 5334665.53], [690844.24, 5334666.5], [690849.12, 5334667.46], [690893.07, 5334661.63], [690896.0, 5334661.88], [690898.93, 5334663.41], [690900.88, 5334663.57], [690903.81, 5334663.13], [690907.71, 5334663.04], [690909.67, 5334662.64], [690913.57, 5334662.55], [690917.48, 5334661.95], [690918.01, 5334661.62], [690918.82, 5334659.67], [690924.35, 5334627.44], [690931.77, 5334594.24], [690935.8, 5334578.61], [690940.03, 5334565.92], [690951.57, 5334535.64], [690967.2, 5334492.68], [690977.14, 5334464.36], [690978.76, 5334460.45], [690979.36, 5334459.47], [690981.3, 5334457.52], [690981.84, 5334456.54], [690982.24, 5334454.59], [690982.91, 5334454.13], [690990.72, 5334456.82], [690994.49, 5334458.5]]}}, {"type": "Feature", "properties": {}, "geometry": {"type": "LineString", "coordinates": [[690997.56, 5334459.57], [690998.54, 5334459.59], [691002.44, 5334460.83], [691003.42, 5334460.91], [691004.15, 5334460.45], [691005.17, 5334458.5], [691010.25, 5334444.74], [691011.23, 5334443.57], [691012.21, 5334443.83], [691012.51, 5334444.82], [691012.25, 5334445.8], [691007.0, 5334459.47], [691006.58, 5334461.43], [691007.13, 5334462.4], [691008.3, 5334462.95], [691009.28, 5334463.24], [691010.25, 5334462.97], [691012.2, 5334459.47], [691018.07, 5334446.78], [691021.97, 5334438.96], [691022.98, 5334436.04], [691022.39, 5334435.06], [691017.86, 5334433.11], [691017.73, 5334432.13], [691018.07, 5334431.5], [691019.04, 5334430.94], [691023.93, 5334432.3], [691024.9, 5334432.05], [691025.69, 5334431.15], [691035.25, 5334414.55], [691035.64, 5334414.11], [691037.6, 5334413.47], [691038.47, 5334412.6], [691057.81, 5334379.39], [691058.21, 5334376.46], [691057.71, 5334372.56], [691058.09, 5334369.63], [691057.93, 5334368.65], [691057.23, 5334367.68], [691054.2, 5334366.46], [691052.25, 5334366.08], [691046.39, 5334364.32]]}}, {"type": "Feature", "properties": {}, "geometry": {"type": "LineString", "coordinates": [[691021.97, 5334000.49], [691022.02, 5334007.32], [691022.46, 5334010.25], [691022.46, 5334020.02], [691022.95, 5334023.93], [691022.96, 5334032.71], [691023.43, 5334035.64], [691023.44, 5334042.48], [691023.92, 5334046.39], [691023.94, 5334053.22], [691024.4, 5334056.15], [691024.43, 5334063.96], [691024.89, 5334066.89], [691024.9, 5334073.73], [691025.39, 5334077.64], [691025.4, 5334084.47], [691025.87, 5334087.4], [691025.89, 5334095.21], [691026.35, 5334098.14], [691026.37, 5334104.98], [691026.85, 5334108.89], [691026.87, 5334115.72], [691027.33, 5334118.65], [691027.36, 5334126.46], [691027.82, 5334129.39], [691027.88, 5334133.3], [691028.27, 5334135.25], [691028.45, 5334138.18], [691029.55, 5334143.07], [691030.76, 5334145.91], [691031.74, 5334146.76], [691032.71, 5334146.24], [691039.55, 5334137.71], [691040.53, 5334137.34]]}}, {"type": "Feature", "properties": {}, "geometry": {"type": "LineString", "coordinates": [[691022.95, 5334395.5], [691020.02, 5334395.39], [691019.04, 5334394.79], [691018.57, 5334394.04], [691017.61, 5334392.09], [691017.38, 5334391.11], [691017.63, 5334390.14], [691018.8, 5334388.18], [691020.02, 5334386.93], [691021.0, 5334386.74], [691023.93, 5334386.83], [691024.65, 5334387.21], [691025.88, 5334388.61], [691026.82, 5334389.16]]}}, {"type": "Feature", "properties": {}, "geometry": {"type": "LineString", "coordinates": [[691026.86, 5334396.45], [691027.83, 5334396.54], [691028.81, 5334397.0], [691039.04, 5334402.83], [691040.15, 5334403.81], [691040.23, 5334404.79], [691039.89, 5334405.76], [691037.66, 5334409.67], [691036.62, 5334410.7], [691035.64, 5334410.59], [691034.67, 5334410.13], [691024.9, 5334404.53]]}}, {"type": "Feature", "properties": {}, "geometry": {"type": "LineString", "coordinates": [[691028.12, 5334334.47], [691026.23, 5334338.38], [691026.27, 5334339.36], [691026.86, 5334339.98], [691033.69, 5334344.21], [691046.81, 5334351.07]]}}, {"type": "Feature", "properties": {}, "geometry": {"type": "LineString", "coordinates": [[691102.97, 5334229.0], [691095.21, 5334233.64], [691089.36, 5334236.57], [691084.47, 5334238.68], [691080.57, 5334239.98], [691072.75, 5334241.65], [691057.13, 5334241.71], [691056.15, 5334241.85], [691055.33, 5334242.68], [691055.19, 5334250.49], [691055.65, 5334253.42], [691055.62, 5334260.25], [691055.22, 5334262.21], [691055.13, 5334266.11], [691053.58, 5334273.93], [691051.27, 5334281.49], [691049.72, 5334285.64], [691030.49, 5334329.59]]}}, {"type": "Feature", "properties": {}, "geometry": {"type": "LineString", "coordinates": [[691036.62, 5334371.16], [691034.67, 5334368.58], [691033.69, 5334368.22], [691031.74, 5334368.17], [691030.76, 5334368.24], [691029.78, 5334368.65], [691028.09, 5334371.58], [691027.77, 5334372.56], [691027.92, 5334373.54], [691029.78, 5334376.46], [691030.76, 5334376.91], [691033.63, 5334377.44]]}}, {"type": "Feature", "properties": {}, "geometry": {"type": "LineString", "coordinates": [[691042.48, 5334368.2], [691043.46, 5334368.43], [691054.18, 5334374.51], [691055.32, 5334375.49], [691055.35, 5334376.46], [691052.48, 5334381.35], [691051.27, 5334381.91], [691050.29, 5334381.58], [691039.55, 5334375.44]]}}, {"type": "Feature", "properties": {}, "geometry": {"type": "LineString", "coordinates": [[691042.17, 5334142.09], [691041.64, 5334143.07], [691035.64, 5334150.88], [691035.64, 5334151.86], [691040.75, 5334156.74], [691042.96, 5334159.67], [691054.69, 5334179.2], [691065.29, 5334194.82], [691077.4, 5334211.43], [691080.57, 5334214.49], [691082.52, 5334215.54], [691083.5, 5334215.77], [691087.4, 5334215.83], [691090.33, 5334216.3], [691094.24, 5334216.35], [691096.19, 5334216.74], [691097.17, 5334216.68], [691097.93, 5334216.31], [691099.12, 5334215.18]]}}, {"type": "Feature", "properties": {}, "geometry": {"type": "LineString", "coordinates": [[691044.19, 5334131.35], [691056.02, 5334115.72], [691060.06, 5334111.11], [691065.92, 5334105.25], [691072.75, 5334100.13], [691078.61, 5334096.92], [691085.45, 5334094.03], [691146.0, 5334070.04], [691148.0, 5334068.85], [691148.12, 5334067.87], [691147.45, 5334065.92], [691140.75, 5334051.27], [691138.64, 5334047.36], [691121.58, 5334020.27], [691108.37, 5334000.49]]}}, {"type": "Feature", "properties": {}, "geometry": {"type": "LineString", "coordinates": [[691044.86, 5335078.61], [691044.57, 5335079.59], [691043.7, 5335080.57], [691040.53, 5335083.25], [691036.38, 5335087.4], [691032.09, 5335092.29], [691029.25, 5335096.19], [691029.09, 5335097.17], [691029.83, 5335098.14], [691034.67, 5335101.43], [691054.2, 5335116.35], [691063.96, 5335123.18], [691080.57, 5335133.46], [691104.0, 5335147.0], [691117.68, 5335156.09], [691118.65, 5335156.65], [691119.63, 5335156.8], [691120.61, 5335156.48], [691124.51, 5335154.15], [691125.45, 5335153.81]]}}, {"type": "Feature", "properties": {}, "geometry": {"type": "LineString", "coordinates": [[691102.8, 5334211.43], [691107.18, 5334206.54], [691114.75, 5334198.98], [691119.63, 5334194.69], [691132.32, 5334185.87], [691137.26, 5334183.11], [691162.6, 5334170.41], [691166.5, 5334168.21], [691204.59, 5334149.2], [691215.33, 5334144.62], [691220.21, 5334142.83], [691225.1, 5334141.65], [691235.84, 5334140.49], [691236.51, 5334140.14], [691236.8, 5334139.16], [691236.69, 5334138.18], [691235.24, 5334131.35], [691214.59, 5334056.15], [691213.08, 5334051.27], [691212.4, 5334050.7], [691211.43, 5334050.74], [691209.47, 5334051.36], [691155.76, 5334071.56], [691090.33, 5334097.45], [691081.54, 5334101.08], [691077.64, 5334103.03], [691071.78, 5334106.93], [691067.87, 5334110.14], [691066.19, 5334111.82], [691064.67, 5334113.77], [691060.82, 5334117.68], [691051.27, 5334130.37], [691045.06, 5334138.18]]}}, {"type": "Feature", "properties": {}, "geometry": {"type": "LineString", "coordinates": [[691578.99, 5335320.8], [691578.49, 5335316.89], [691577.52, 5335312.99], [691556.76, 5335236.82], [691555.69, 5335230.96], [691555.82, 5335229.98], [691556.15, 5335229.45], [691556.87, 5335229.0], [691560.06, 5335227.95], [691584.47, 5335220.83], [691598.14, 5335218.76], [691601.07, 5335218.7], [691603.03, 5335218.31], [691608.89, 5335218.14], [691612.79, 5335217.53], [691616.7, 5335216.39], [691628.42, 5335211.64], [691647.95, 5335203.13], [691667.48, 5335195.25], [691668.07, 5335194.82], [691668.46, 5335193.85], [691668.33, 5335192.87], [691667.54, 5335190.92], [691666.5, 5335190.48], [691665.53, 5335190.71], [691646.0, 5335198.52], [691617.68, 5335210.66], [691611.82, 5335212.64], [691606.93, 5335213.37], [691601.07, 5335213.39], [691596.19, 5335213.92], [691583.5, 5335215.95], [691570.8, 5335219.49], [691558.11, 5335223.38], [691556.15, 5335223.81], [691555.18, 5335223.65], [691554.33, 5335222.17], [691553.22, 5335218.26], [691536.13, 5335184.08], [691526.34, 5335165.53], [691519.78, 5335153.81], [691514.4, 5335143.07], [691494.6, 5335109.86], [691471.19, 5335073.01], [691465.5, 5335064.94], [691465.01, 5335063.96], [691464.36, 5335061.56], [691461.82, 5335057.13], [691461.5, 5335055.18], [691460.45, 5335052.83], [691457.53, 5335050.29], [691454.32, 5335046.39], [691451.66, 5335043.98], [691447.75, 5335042.24], [691444.82, 5335041.91], [691441.89, 5335042.12], [691435.06, 5335043.86], [691402.83, 5335055.74], [691401.86, 5335055.94], [691400.88, 5335055.61], [691399.42, 5335053.22], [691395.01, 5335043.46], [691366.49, 5334982.91], [691365.79, 5334980.96], [691365.74, 5334979.98], [691366.18, 5334979.0], [691366.13, 5334978.03], [691364.75, 5334975.35], [691363.77, 5334975.1], [691362.79, 5334975.38], [691284.67, 5335007.11], [691280.76, 5335009.31], [691274.9, 5335013.61], [691273.93, 5335013.95], [691272.95, 5335013.47], [691272.06, 5335011.23], [691248.62, 5334939.94], [691243.65, 5334926.05], [691242.68, 5334924.49], [691241.7, 5334924.26], [691239.75, 5334924.6], [691238.56, 5334925.29], [691238.44, 5334926.27], [691238.69, 5334927.25], [691244.05, 5334941.89], [691249.59, 5334958.5], [691265.22, 5335006.35], [691267.92, 5335015.14], [691267.86, 5335016.11], [691267.09, 5335016.74], [691263.18, 5335017.95], [691224.12, 5335028.69], [691208.5, 5335032.6], [691124.51, 5335052.12], [691122.56, 5335052.4], [691121.58, 5335052.1], [691120.73, 5335050.29], [691099.98, 5334976.07], [691093.26, 5334953.67], [691092.29, 5334952.13], [691091.31, 5334952.58], [691090.33, 5334953.63], [691088.78, 5334954.59], [691088.71, 5334955.57], [691096.43, 5334981.93], [691114.49, 5335046.39], [691116.06, 5335052.25], [691115.97, 5335053.22], [691114.75, 5335054.14], [691087.4, 5335059.52], [691065.92, 5335063.35], [691063.96, 5335063.48], [691062.99, 5335063.1], [691059.08, 5335057.13], [691031.88, 5335021.0], [691023.93, 5335010.57], [691022.95, 5335009.39], [691021.97, 5335008.98], [691021.0, 5335009.56], [691019.59, 5335011.23], [691019.37, 5335012.21], [691019.72, 5335013.18], [691054.34, 5335059.08], [691057.39, 5335063.96], [691057.57, 5335064.94], [691056.67, 5335065.92], [691052.25, 5335068.39], [691045.41, 5335072.95]]}}, {"type": "Feature", "properties": {}, "geometry": {"type": "LineString", "coordinates": [[691130.37, 5335151.14], [691145.02, 5335144.54], [691150.88, 5335142.18], [691159.67, 5335139.08], [691168.46, 5335136.72], [691220.21, 5335126.43], [691285.64, 5335112.54], [691299.32, 5335103.02], [691310.6, 5335094.24], [691311.04, 5335093.26], [691310.46, 5335091.31], [691290.52, 5335043.46], [691287.6, 5335037.65], [691283.66, 5335030.76], [691276.78, 5335020.02], [691275.88, 5335019.32], [691274.9, 5335019.36], [691270.02, 5335021.23], [691227.05, 5335033.09], [691207.52, 5335037.96], [691123.54, 5335057.49], [691094.24, 5335063.35], [691062.99, 5335068.97], [691060.06, 5335069.91], [691058.16, 5335070.8], [691054.2, 5335073.08], [691048.8, 5335076.66]]}}, {"type": "Feature", "properties": {}, "geometry": {"type": "LineString", "coordinates": [[691052.25, 5334353.44], [691056.15, 5334354.74], [691066.89, 5334356.89], [691068.85, 5334356.96], [691070.03, 5334355.96], [691084.19, 5334326.66], [691107.43, 5334272.95], [691113.31, 5334261.23], [691122.27, 5334245.61], [691123.49, 5334239.75], [691123.49, 5334237.79], [691122.79, 5334233.89], [691121.55, 5334230.96], [691118.65, 5334227.57], [691116.7, 5334226.11], [691114.75, 5334225.19], [691111.82, 5334224.44], [691110.84, 5334224.59], [691108.89, 5334226.18]]}}, {"type": "Feature", "properties": {}, "geometry": {"type": "LineString", "coordinates": [[691056.49, 5335999.51], [691029.21, 5335930.18], [691017.69, 5335901.86], [691017.58, 5335900.88], [691018.07, 5335900.08], [691028.81, 5335895.6], [691059.08, 5335883.88], [691196.78, 5335830.84], [691199.71, 5335829.98], [691200.68, 5335830.41], [691201.24, 5335831.54], [691208.1, 5335850.1], [691265.8, 5335999.51]]}}, {"type": "Feature", "properties": {}, "geometry": {"type": "LineString", "coordinates": [[691114.44, 5334000.49], [691115.56, 5334002.44], [691124.84, 5334016.11], [691141.57, 5334042.48], [691147.22, 5334053.22], [691152.83, 5334065.79], [691153.81, 5334066.62], [691155.76, 5334066.32], [691211.11, 5334045.41], [691214.36, 5334043.26], [691215.33, 5334043.03], [691217.29, 5334043.19], [691218.26, 5334043.03], [691223.14, 5334041.63], [691229.0, 5334040.65], [691235.84, 5334040.48], [691236.82, 5334040.13], [691237.52, 5334039.55], [691238.44, 5334038.57], [691238.84, 5334037.6], [691238.72, 5334035.64], [691229.81, 5334000.49]]}}, {"type": "Feature", "properties": {}, "geometry": {"type": "LineString", "coordinates": [[691162.18, 5335182.13], [691144.04, 5335172.34], [691126.48, 5335161.62], [691125.37, 5335160.64], [691125.43, 5335159.67], [691128.42, 5335157.53]]}}, {"type": "Feature", "properties": {}, "geometry": {"type": "LineString", "coordinates": [[691420.62, 5335295.41], [691421.72, 5335293.46], [691421.51, 5335292.48], [691420.41, 5335291.29], [691418.23, 5335289.55], [691416.4, 5335287.6], [691415.94, 5335286.62], [691415.54, 5335284.67], [691415.77, 5335280.76], [691418.9, 5335270.02], [691418.66, 5335268.07], [691417.48, 5335267.16], [691386.23, 5335257.38], [691370.61, 5335251.82], [691353.03, 5335244.81], [691348.14, 5335242.35], [691338.04, 5335237.79], [691333.5, 5335235.14], [691325.68, 5335229.58], [691322.75, 5335227.84], [691321.78, 5335227.72], [691320.8, 5335227.95], [691302.25, 5335234.29], [691300.29, 5335234.51], [691299.19, 5335233.89], [691298.52, 5335232.91], [691298.41, 5335231.93], [691298.74, 5335230.96], [691299.71, 5335229.98], [691301.27, 5335229.25], [691313.5, 5335225.1], [691314.38, 5335224.12], [691313.38, 5335223.14], [691304.2, 5335218.26], [691276.86, 5335204.59], [691265.14, 5335199.22], [691243.53, 5335189.94], [691242.47, 5335188.96], [691241.88, 5335187.99], [691241.45, 5335186.04], [691228.03, 5335150.05], [691222.48, 5335134.28], [691221.7, 5335132.32], [691221.19, 5335131.76], [691220.21, 5335131.54], [691215.33, 5335132.45], [691171.39, 5335141.24], [691163.57, 5335143.18], [691158.69, 5335144.61], [691152.83, 5335146.76], [691134.28, 5335154.79]]}}, {"type": "Feature", "properties": {}, "geometry": {"type": "LineString", "coordinates": [[691194.82, 5335198.56], [691204.59, 5335203.38], [691207.52, 5335205.1], [691224.12, 5335213.38], [691227.05, 5335215.08], [691272.95, 5335238.52], [691275.88, 5335239.2], [691279.79, 5335240.73], [691297.36, 5335249.51], [691360.84, 5335279.31], [691367.68, 5335282.71], [691377.44, 5335286.97]]}}, {"type": "Feature", "properties": {}, "geometry": {"type": "LineString", "coordinates": [[691220.21, 5335219.5], [691195.84, 5335207.52], [691191.89, 5335205.3], [691177.25, 5335197.99], [691150.88, 5335183.6], [691145.02, 5335181.84], [691143.07, 5335180.9], [691134.28, 5335175.94], [691120.61, 5335167.32], [691118.65, 5335166.48], [691117.68, 5335166.73], [691116.7, 5335167.34], [691113.07, 5335170.41], [691094.69, 5335195.8], [691094.72, 5335196.78], [691096.05, 5335198.73], [691111.46, 5335217.29], [691117.05, 5335225.1], [691119.41, 5335228.03], [691128.42, 5335237.06], [691129.39, 5335237.93], [691132.32, 5335239.72], [691143.07, 5335245.11], [691144.04, 5335245.46], [691145.02, 5335245.23], [691146.0, 5335244.51], [691146.97, 5335244.48], [691156.74, 5335249.27], [691159.67, 5335250.98], [691176.27, 5335259.28], [691204.59, 5335274.17], [691215.33, 5335279.54], [691243.27, 5335294.43], [691246.58, 5335295.66], [691255.37, 5335300.78], [691321.78, 5335334.72], [691341.31, 5335344.96], [691355.96, 5335352.3], [691358.89, 5335354.0], [691372.56, 5335360.84], [691381.35, 5335365.48], [691388.18, 5335369.63], [691396.0, 5335375.76], [691401.59, 5335381.35], [691402.22, 5335382.32], [691401.73, 5335384.28], [691402.7, 5335386.23], [691410.29, 5335395.02], [691416.5, 5335403.15], [691418.92, 5335406.74], [691422.36, 5335412.62], [691423.34, 5335413.69], [691425.29, 5335413.51], [691426.27, 5335414.32], [691429.69, 5335420.41], [691429.56, 5335421.39], [691426.72, 5335423.34], [691426.26, 5335424.32], [691426.53, 5335425.29], [691433.11, 5335437.99], [691435.06, 5335442.4], [691436.04, 5335443.15], [691437.01, 5335443.05], [691443.85, 5335440.1], [691444.55, 5335438.96], [691444.4, 5335437.99], [691438.22, 5335419.43], [691437.71, 5335418.46], [691436.04, 5335417.32], [691433.44, 5335410.64], [691433.19, 5335409.67], [691434.4, 5335407.71], [691434.3, 5335406.74], [691426.87, 5335380.37], [691419.2, 5335351.07], [691417.24, 5335343.26], [691416.59, 5335338.38], [691410.12, 5335322.75], [691405.89, 5335315.92], [691402.24, 5335312.01], [691398.93, 5335308.95], [691387.21, 5335301.52], [691364.75, 5335289.9], [691361.54, 5335288.57], [691354.98, 5335285.2], [691351.33, 5335283.69], [691345.21, 5335280.47], [691341.31, 5335278.91], [691340.33, 5335278.28]]}}, {"type": "Feature", "properties": {}, "geometry": {"type": "LineString", "coordinates": [[691226.07, 5335222.59], [691231.0, 5335225.1]]}}, {"type": "Feature", "properties": {}, "geometry": {"type": "LineString", "coordinates": [[691235.0, 5334000.49], [691243.78, 5334035.64], [691244.63, 5334037.21], [691246.58, 5334037.84], [691257.32, 5334039.8], [691265.14, 5334042.27], [691268.07, 5334043.46], [691276.86, 5334047.88], [691285.64, 5334053.7], [691286.62, 5334054.29], [691287.6, 5334054.41], [691288.57, 5334053.67], [691290.75, 5334051.27], [691314.32, 5334022.95], [691320.53, 5334016.11], [691333.5, 5334000.49]]}}, {"type": "Feature", "properties": {}, "geometry": {"type": "LineString", "coordinates": [[691425.87, 5335999.51], [691428.22, 5335998.33], [691452.64, 5335988.86], [691479.98, 5335978.92], [691486.82, 5335976.13], [691487.89, 5335975.1], [691487.03, 5335972.17], [691483.89, 5335965.32], [691479.58, 5335954.59], [691448.64, 5335875.49], [691435.15, 5335842.29], [691413.48, 5335786.62], [691412.6, 5335785.08], [691410.64, 5335784.7], [691409.8, 5335783.69], [691403.31, 5335767.09], [691401.86, 5335764.05], [691400.88, 5335763.8], [691396.98, 5335768.07], [691396.44, 5335769.04], [691396.36, 5335770.02], [691402.77, 5335786.62], [691402.77, 5335787.6], [691401.35, 5335788.57], [691250.49, 5335846.18], [691249.51, 5335846.48], [691248.54, 5335846.29], [691247.84, 5335845.21], [691241.39, 5335827.64], [691241.53, 5335826.66], [691242.68, 5335825.79], [691250.43, 5335822.75], [691251.03, 5335821.78], [691250.87, 5335820.8], [691249.01, 5335815.92], [691248.54, 5335814.94], [691247.56, 5335814.27], [691245.61, 5335814.7], [691238.77, 5335817.19], [691237.79, 5335817.0], [691236.82, 5335815.83], [691235.84, 5335815.48], [691234.86, 5335815.68], [691213.38, 5335823.33], [691209.47, 5335824.8], [691208.08, 5335825.68], [691207.99, 5335826.66], [691208.29, 5335827.64], [691213.66, 5335842.29], [691274.36, 5335999.51]]}}, {"type": "Feature", "properties": {}, "geometry": {"type": "LineString", "coordinates": [[691339.36, 5334000.49], [691323.03, 5334020.02], [691320.94, 5334022.95], [691292.24, 5334057.13], [691291.48, 5334058.11], [691291.33, 5334059.08], [691292.01, 5334061.04], [691294.43, 5334063.21], [691322.75, 5334086.7], [691328.61, 5334091.96], [691329.59, 5334092.36], [691330.57, 5334091.73], [691338.65, 5334081.54], [691351.32, 5334068.85], [691353.76, 5334065.92], [691376.71, 5334042.48], [691379.15, 5334039.55], [691388.91, 5334029.79], [691391.36, 5334026.86], [691401.86, 5334016.34], [691405.49, 5334012.21], [691406.11, 5334011.23], [691405.81, 5334010.25], [691399.64, 5334004.39], [691396.97, 5334002.19], [691395.51, 5334000.49]]}}, {"type": "Feature", "properties": {}, "geometry": {"type": "LineString", "coordinates": [[691417.48, 5335297.71], [691416.35, 5335298.34], [691408.69, 5335305.31], [691407.71, 5335305.54], [691403.81, 5335302.46], [691400.88, 5335299.67], [691394.04, 5335294.89]]}}, {"type": "Feature", "properties": {}, "geometry": {"type": "LineString", "coordinates": [[691405.28, 5334000.49], [691409.67, 5334005.12], [691410.64, 5334005.86], [691411.62, 5334005.86], [691414.28, 5334003.42], [691416.51, 5334000.49]]}}, {"type": "Feature", "properties": {}, "geometry": {"type": "LineString", "coordinates": [[691422.36, 5335299.24], [691419.66, 5335302.25], [691412.6, 5335308.38], [691411.25, 5335310.06], [691411.45, 5335311.04], [691412.11, 5335312.01], [691416.66, 5335317.87], [691419.82, 5335323.73], [691421.39, 5335325.03], [691461.48, 5335347.17], [691470.21, 5335351.76], [691472.17, 5335352.05], [691487.79, 5335352.05], [691491.7, 5335352.54], [691500.49, 5335352.54], [691501.46, 5335352.6], [691502.53, 5335353.03], [691502.87, 5335354.0], [691502.88, 5335355.96], [691502.49, 5335357.91], [691501.9, 5335367.68], [691501.51, 5335369.63], [691501.45, 5335373.54], [691500.5, 5335382.32], [691500.44, 5335386.23], [691500.05, 5335388.18], [691499.95, 5335392.09], [691499.56, 5335394.04], [691499.56, 5335397.95], [691499.8, 5335398.93], [691508.82, 5335416.5], [691509.28, 5335417.21], [691510.25, 5335417.7], [691522.95, 5335413.83], [691527.83, 5335412.63], [691534.67, 5335411.26], [691546.39, 5335410.11], [691561.04, 5335408.08], [691566.68, 5335406.74], [691567.72, 5335405.76], [691567.88, 5335401.86], [691568.35, 5335398.93], [691568.37, 5335392.09], [691568.84, 5335389.16], [691568.89, 5335384.28], [691569.29, 5335382.32], [691569.38, 5335377.44], [691569.78, 5335375.49], [691569.83, 5335370.61], [691570.3, 5335367.68], [691570.32, 5335363.77], [691570.79, 5335360.84], [691570.85, 5335355.96], [691571.24, 5335354.0], [691571.34, 5335350.1], [691571.73, 5335348.14], [691571.79, 5335344.24], [691572.25, 5335341.31], [691572.39, 5335338.38], [691573.19, 5335333.5], [691573.18, 5335331.54], [691572.35, 5335330.57], [691570.8, 5335330.12], [691544.43, 5335324.72]]}}, {"type": "Feature", "properties": {}, "geometry": {"type": "LineString", "coordinates": [[691429.21, 5334000.49], [691422.64, 5334007.32], [691421.11, 5334009.28], [691411.38, 5334019.04], [691408.93, 5334021.97], [691398.22, 5334032.71], [691396.7, 5334034.67], [691386.01, 5334045.41], [691384.28, 5334047.59], [691373.78, 5334058.11], [691371.33, 5334061.04], [691360.84, 5334071.55], [691358.89, 5334073.96], [691345.49, 5334087.4], [691337.76, 5334097.17], [691336.95, 5334099.12], [691336.97, 5334101.07], [691337.75, 5334102.05], [691406.74, 5334160.02], [691448.89, 5334195.8], [691476.07, 5334219.51], [691483.89, 5334227.3], [691486.11, 5334229.98], [691489.99, 5334233.89], [691524.9, 5334274.09], [691527.83, 5334277.28], [691528.81, 5334277.9], [691529.79, 5334277.51], [691533.44, 5334273.93], [691535.89, 5334271.0], [691542.7, 5334264.16], [691544.22, 5334262.21], [691560.28, 5334245.61], [691562.01, 5334243.42], [691583.5, 5334221.92], [691586.67, 5334218.26], [691630.62, 5334174.32], [691637.71, 5334166.5], [691637.81, 5334165.53], [691634.85, 5334159.67], [691632.94, 5334153.81], [691632.82, 5334146.97], [691633.29, 5334144.04], [691633.35, 5334142.09], [691634.4, 5334138.18], [691635.99, 5334134.28], [691638.59, 5334129.39], [691638.32, 5334128.42], [691637.45, 5334127.44], [691625.49, 5334115.48], [691622.56, 5334113.04], [691611.82, 5334102.3], [691608.89, 5334099.85], [691585.45, 5334076.91], [691582.52, 5334074.46], [691571.78, 5334063.72], [691568.85, 5334061.28], [691510.01, 5334002.44], [691508.29, 5334000.49]]}}, {"type": "Feature", "properties": {}, "geometry": {"type": "LineString", "coordinates": [[691456.42, 5335999.51], [691460.45, 5335997.65], [691481.93, 5335989.96], [691491.7, 5335986.14], [691492.68, 5335986.01], [691493.65, 5335986.57], [691494.63, 5335988.31], [691498.97, 5335999.51]]}}, {"type": "Feature", "properties": {}, "geometry": {"type": "LineString", "coordinates": [[691680.03, 5335999.51], [691679.11, 5335996.58], [691652.26, 5335926.27], [691651.06, 5335923.34], [691649.9, 5335922.24], [691648.93, 5335922.31], [691646.97, 5335922.94], [691547.36, 5335960.54], [691517.09, 5335972.45], [691503.57, 5335978.03], [691502.83, 5335979.0], [691502.97, 5335979.98], [691505.58, 5335985.84], [691510.92, 5335999.51]]}}, {"type": "Feature", "properties": {}, "geometry": {"type": "LineString", "coordinates": [[691521.49, 5334000.49], [691522.23, 5334001.46], [691547.61, 5334026.86], [691550.05, 5334029.79], [691573.73, 5334053.47], [691576.89, 5334056.15], [691601.07, 5334079.83], [691604.0, 5334082.28], [691614.75, 5334093.01], [691617.68, 5334095.46], [691628.19, 5334105.96], [691630.6, 5334107.91], [691644.04, 5334121.34], [691645.02, 5334122.21], [691646.0, 5334122.48], [691650.88, 5334119.91], [691657.66, 5334117.68], [691658.13, 5334116.7], [691658.2, 5334115.72], [691658.15, 5334109.86], [691657.76, 5334107.91], [691657.67, 5334101.07], [691657.27, 5334099.12], [691657.18, 5334092.29], [691656.78, 5334090.33], [691656.69, 5334083.5], [691656.3, 5334081.54], [691656.2, 5334074.71], [691655.81, 5334072.75], [691655.72, 5334065.92], [691655.32, 5334063.96], [691655.23, 5334057.13], [691654.83, 5334055.18], [691654.74, 5334048.34], [691654.35, 5334046.39], [691654.25, 5334039.55], [691653.85, 5334037.6], [691653.76, 5334030.76], [691653.37, 5334028.81], [691653.27, 5334021.97], [691652.88, 5334020.02], [691652.79, 5334013.18], [691652.39, 5334011.23], [691652.33, 5334005.37], [691651.87, 5334002.44], [691651.86, 5334000.49]]}}, {"type": "Feature", "properties": {}, "geometry": {"type": "LineString", "coordinates": [[691551.27, 5335320.46], [691547.36, 5335319.44], [691533.69, 5335317.36], [691532.2, 5335316.89], [691531.73, 5335315.92], [691532.04, 5335312.01], [691531.61, 5335308.11], [691515.53, 5335248.54], [691515.93, 5335247.56], [691517.09, 5335246.87], [691538.57, 5335238.27], [691543.46, 5335236.05], [691549.32, 5335232.76], [691550.29, 5335232.76], [691550.97, 5335233.89], [691553.34, 5335243.65], [691573.13, 5335315.92], [691573.6, 5335317.87], [691573.88, 5335320.8]]}}, {"type": "Feature", "properties": {}, "geometry": {"type": "LineString", "coordinates": [[691578.61, 5335324.92], [691578.99, 5335325.68], [691579.21, 5335328.61], [691578.25, 5335332.52], [691577.2, 5335340.33], [691577.14, 5335343.26], [691576.67, 5335346.19], [691576.65, 5335349.12], [691576.18, 5335352.05], [691576.12, 5335355.96], [691575.73, 5335357.91], [691575.64, 5335362.79], [691575.24, 5335364.75], [691575.18, 5335369.63], [691574.72, 5335372.56], [691574.66, 5335377.44], [691574.27, 5335379.39], [691574.17, 5335384.28], [691573.78, 5335386.23], [691573.72, 5335391.11], [691573.25, 5335394.04], [691573.24, 5335400.88], [691572.84, 5335403.81], [691573.03, 5335404.79], [691573.73, 5335405.3], [691575.68, 5335405.02], [691584.47, 5335402.72], [691630.37, 5335390.37], [691710.45, 5335368.28], [691726.07, 5335364.23], [691727.05, 5335364.22], [691729.0, 5335365.56], [691733.89, 5335366.98], [691736.82, 5335368.74], [691737.79, 5335369.03], [691738.77, 5335368.85], [691740.72, 5335367.83], [691742.68, 5335367.31], [691746.58, 5335367.24], [691754.39, 5335368.42], [691758.3, 5335369.73], [691759.28, 5335370.37], [691760.13, 5335373.54], [691760.25, 5335376.46], [691760.15, 5335380.37], [691759.28, 5335381.24], [691757.32, 5335380.0], [691752.44, 5335378.34], [691747.56, 5335377.45], [691745.61, 5335377.48], [691744.63, 5335377.85], [691744.18, 5335378.42], [691743.93, 5335379.39], [691744.08, 5335380.37], [691753.07, 5335404.79], [691753.42, 5335405.56], [691754.39, 5335406.31], [691755.37, 5335404.92], [691760.25, 5335390.88], [691760.89, 5335392.09], [691761.67, 5335397.95], [691761.77, 5335406.74], [691762.16, 5335408.69], [691762.22, 5335411.62], [691762.55, 5335413.57], [691762.11, 5335416.5], [691762.26, 5335417.48], [691763.55, 5335420.41], [691767.46, 5335435.06], [691796.15, 5335544.43], [691796.49, 5335545.41], [691797.36, 5335546.55], [691798.34, 5335546.7], [691799.32, 5335546.47], [691911.62, 5335513.92], [691971.19, 5335497.32], [691999.51, 5335489.76]]}}, {"type": "Feature", "properties": {}, "geometry": {"type": "LineString", "coordinates": [[691658.99, 5334000.49], [691659.23, 5334008.3], [691659.67, 5334011.23], [691659.71, 5334017.09], [691660.11, 5334019.04], [691660.17, 5334024.9], [691660.63, 5334027.83], [691660.65, 5334033.69], [691661.12, 5334036.62], [691661.15, 5334042.48], [691661.61, 5334045.41], [691661.63, 5334051.27], [691662.1, 5334054.2], [691662.12, 5334060.06], [691662.59, 5334062.99], [691662.61, 5334068.85], [691663.07, 5334071.78], [691663.1, 5334077.64], [691663.56, 5334080.57], [691663.58, 5334086.43], [691664.05, 5334089.36], [691664.07, 5334095.21], [691664.54, 5334098.14], [691664.56, 5334104.0], [691665.03, 5334106.93], [691665.05, 5334112.79], [691665.68, 5334116.7], [691666.5, 5334117.53], [691671.39, 5334118.42], [691674.32, 5334119.26], [691677.7, 5334120.61], [691681.15, 5334122.48], [691682.13, 5334122.21], [691683.11, 5334121.33], [691686.28, 5334117.68], [691756.35, 5334047.61], [691760.25, 5334044.19], [691802.0, 5334002.44], [691803.71, 5334000.49]]}}, {"type": "Feature", "properties": {}, "geometry": {"type": "LineString", "coordinates": [[691689.79, 5335999.51], [691659.95, 5335921.39], [691659.39, 5335919.43], [691659.69, 5335918.46], [691660.64, 5335917.79], [691663.57, 5335916.59], [691703.61, 5335901.16], [691705.57, 5335900.52], [691708.5, 5335900.22], [691710.45, 5335898.79], [691712.4, 5335897.74], [691773.93, 5335874.42], [691854.0, 5335843.54], [691857.91, 5335842.11], [691858.89, 5335842.02], [691859.86, 5335843.02], [691860.59, 5335845.21], [691876.21, 5335899.9], [691902.09, 5335992.68], [691903.8, 5335999.51]]}}, {"type": "Feature", "properties": {}, "geometry": {"type": "LineString", "coordinates": [[691817.9, 5334000.49], [691816.15, 5334002.44], [691813.73, 5334004.39], [691804.2, 5334013.91], [691801.27, 5334016.36], [691727.05, 5334090.58], [691723.14, 5334093.99], [691694.58, 5334122.56], [691690.21, 5334127.44], [691688.93, 5334129.39], [691688.95, 5334130.37], [691692.13, 5334135.25], [691693.59, 5334139.16], [691694.21, 5334142.09], [691694.82, 5334147.95], [691694.7, 5334150.88], [691693.59, 5334156.74], [691691.78, 5334161.62], [691688.93, 5334166.5], [691688.96, 5334167.48], [691690.67, 5334169.43], [691760.25, 5334239.01], [691763.18, 5334241.46], [691776.14, 5334254.39], [691776.86, 5334255.07], [691777.83, 5334255.53], [691778.81, 5334255.34], [691782.71, 5334253.66], [691812.99, 5334238.78], [691831.54, 5334229.97], [691860.84, 5334215.58], [691863.77, 5334214.35], [691878.42, 5334207.04], [691881.35, 5334205.81], [691910.64, 5334191.41], [691913.57, 5334190.19], [691926.27, 5334183.84], [691929.2, 5334182.61], [691938.96, 5334177.66], [691939.53, 5334177.25], [691939.75, 5334176.27], [691935.38, 5334169.43], [691820.62, 5334000.49]]}}, {"type": "Feature", "properties": {}, "geometry": {"type": "LineString", "coordinates": [[691826.62, 5334000.49], [691944.01, 5334173.34], [691944.82, 5334174.45], [691947.75, 5334176.15], [691948.69, 5334177.25], [691949.08, 5334178.22], [691949.38, 5334181.15], [691949.88, 5334182.13], [691959.8, 5334197.75], [691962.4, 5334201.47], [691963.38, 5334201.84], [691963.77, 5334201.66], [691968.26, 5334198.73], [691972.17, 5334195.82], [691973.18, 5334193.85], [691974.12, 5334192.75], [691999.51, 5334175.96]]}}, {"type": "Feature", "properties": {}, "geometry": {"type": "LineString", "coordinates": [[691999.51, 5335979.05], [691944.82, 5335994.26], [691929.73, 5335998.54], [691927.14, 5335999.51]]}}, {"type": "Feature", "properties": {}, "geometry": {"type": "LineString", "coordinates": [[691999.51, 5334256.48], [691997.07, 5334253.42], [691978.55, 5334226.07], [691977.1, 5334223.14], [691975.1, 5334220.94], [691966.27, 5334207.52], [691966.3, 5334206.54], [691967.13, 5334205.57], [691973.14, 5334201.33], [691975.1, 5334200.15], [691977.05, 5334199.88], [691979.0, 5334199.05], [691999.51, 5334185.51]]}}, {"type": "Feature", "properties": {}, "geometry": {"type": "LineString", "coordinates": [[691999.51, 5334394.54], [691942.87, 5334404.74], [691933.11, 5334405.76], [691927.25, 5334405.72], [691925.29, 5334405.32], [691921.39, 5334405.26], [691919.18, 5334404.79], [691918.46, 5334404.34], [691918.13, 5334403.81], [691917.99, 5334402.83], [691918.02, 5334399.9], [691918.41, 5334396.97], [691917.84, 5334394.04], [691916.25, 5334390.14], [691914.2, 5334387.21], [691899.9, 5334372.83], [691897.95, 5334371.31], [691892.09, 5334365.5], [691890.14, 5334363.99], [691877.44, 5334351.81], [691874.51, 5334349.36], [691869.33, 5334344.24], [691868.66, 5334343.26], [691868.99, 5334342.29], [691872.32, 5334338.38], [691878.17, 5334332.52], [691880.62, 5334329.59], [691886.47, 5334323.73], [691888.92, 5334320.8], [691894.77, 5334314.94], [691897.22, 5334312.01], [691902.83, 5334306.38], [691904.57, 5334304.2], [691911.35, 5334297.36], [691912.87, 5334295.41], [691919.43, 5334288.8], [691921.17, 5334286.62], [691925.99, 5334281.74], [691927.6, 5334278.81], [691929.93, 5334275.88], [691935.79, 5334270.02], [691938.24, 5334267.09], [691944.07, 5334261.23], [691945.58, 5334259.28], [691952.36, 5334252.44], [691953.89, 5334250.49], [691966.31, 5334238.02], [691968.26, 5334235.61], [691973.14, 5334230.82], [691974.12, 5334230.25], [691975.1, 5334230.22], [691976.07, 5334231.22], [691992.35, 5334255.37], [691998.54, 5334264.39], [691999.51, 5334265.47]]}}, {"type": "Feature", "properties": {}, "geometry": {"type": "LineString", "coordinates": [[691999.51, 5334399.72], [691943.85, 5334409.62], [691936.04, 5334410.63], [691927.25, 5334410.78], [691926.27, 5334411.59], [691925.91, 5334412.6], [691925.77, 5334415.53], [691925.3, 5334418.46], [691925.28, 5334423.34], [691924.82, 5334426.27], [691924.79, 5334432.13], [691924.33, 5334435.06], [691924.27, 5334441.89], [691923.88, 5334443.85], [691923.78, 5334450.68], [691923.39, 5334452.64], [691923.29, 5334459.47], [691922.87, 5334462.4], [691923.33, 5334465.33], [691923.48, 5334469.24], [691924.29, 5334470.21], [691937.01, 5334473.51], [691949.71, 5334475.46], [691953.61, 5334475.63], [691955.57, 5334476.03], [691959.47, 5334476.12], [691961.43, 5334476.51], [691968.26, 5334476.61], [691970.21, 5334477.01], [691977.05, 5334477.1], [691979.0, 5334477.49], [691985.84, 5334477.59], [691987.79, 5334477.98], [691993.65, 5334478.03], [691996.58, 5334478.47], [691999.51, 5334478.52]]}}, {"type": "Feature", "properties": {}, "geometry": {"type": "LineString", "coordinates": [[691999.51, 5334483.89], [691995.61, 5334483.4], [691987.79, 5334483.35], [691984.86, 5334482.91], [691976.07, 5334482.91], [691972.17, 5334482.42], [691965.33, 5334482.42], [691963.38, 5334482.71], [691962.4, 5334483.17], [691961.24, 5334483.89], [691960.47, 5334484.86], [691960.91, 5334485.84], [691962.4, 5334486.68], [691970.21, 5334488.72], [691993.65, 5334488.77], [691996.58, 5334489.21], [691999.51, 5334489.26]]}}, {"type": "Feature", "properties": {}, "geometry": {"type": "LineString", "coordinates": [[691999.51, 5334516.11], [691996.58, 5334515.67], [691993.65, 5334515.58], [691991.7, 5334515.18], [691988.77, 5334515.09], [691986.82, 5334514.7], [691972.17, 5334514.7], [691966.31, 5334515.58], [691964.36, 5334515.64], [691954.59, 5334516.96], [691947.75, 5334517.63], [691934.08, 5334519.89], [691926.27, 5334520.85], [691925.29, 5334520.89], [691924.25, 5334520.02], [691924.36, 5334517.09], [691926.51, 5334500.49], [691927.04, 5334498.54], [691931.15, 5334488.58], [691932.13, 5334487.42], [691933.11, 5334487.43], [691935.06, 5334488.5], [691936.29, 5334490.72], [691937.55, 5334491.7], [691944.82, 5334494.54], [691946.78, 5334495.07], [691951.66, 5334495.13], [691954.59, 5334495.6], [691961.43, 5334495.65], [691964.36, 5334496.09], [691969.24, 5334496.14], [691971.19, 5334496.54], [691976.07, 5334496.59], [691979.0, 5334497.06], [691982.91, 5334497.08], [691985.84, 5334497.55], [691990.72, 5334497.6], [691992.68, 5334498.0], [691997.56, 5334498.1], [691999.51, 5334498.49]]}}, {"type": "Feature", "properties": {}, "geometry": {"type": "LineString", "coordinates": [[691999.51, 5334588.04], [691986.82, 5334594.14], [691985.84, 5334594.38], [691985.24, 5334594.24], [691984.86, 5334594.09], [691984.34, 5334593.26], [691983.49, 5334591.31], [691976.48, 5334570.8], [691975.35, 5334566.89], [691966.23, 5334527.83], [691966.35, 5334526.86], [691967.29, 5334526.19], [691968.26, 5334525.93], [691970.21, 5334525.87], [691973.14, 5334525.4], [691978.03, 5334525.34], [691979.98, 5334524.96], [691982.91, 5334525.38], [691987.79, 5334525.44], [691989.75, 5334525.83], [691994.63, 5334525.89], [691997.56, 5334526.35], [691999.51, 5334526.37]]}}, {"type": "Feature", "properties": {}, "geometry": {"type": "LineString", "coordinates": [[691999.51, 5334593.61], [691982.91, 5334601.56], [691949.71, 5334615.94], [691934.08, 5334622.45], [691933.54, 5334623.54], [691936.72, 5334631.35], [691937.46, 5334634.28], [691937.99, 5334635.06], [691938.15, 5334636.23], [691937.99, 5334636.86], [691937.79, 5334635.25], [691936.65, 5334634.28], [691935.06, 5334633.84], [691933.11, 5334633.97], [691932.28, 5334633.3], [691929.2, 5334626.46], [691928.22, 5334625.09], [691927.25, 5334625.07], [691909.67, 5334631.43], [691897.95, 5334635.34], [691888.18, 5334638.12], [691886.89, 5334639.16], [691887.3, 5334641.11], [691892.67, 5334654.79], [691894.89, 5334658.69], [691895.75, 5334659.67], [691899.63, 5334663.57], [691901.86, 5334666.26], [691923.34, 5334687.63], [691925.29, 5334688.94], [691929.2, 5334690.91], [691937.01, 5334694.37], [691937.99, 5334694.35], [691938.52, 5334693.85], [691938.91, 5334692.87], [691940.91, 5334676.27], [691940.96, 5334674.32], [691941.85, 5334668.46], [691941.9, 5334666.5], [691942.37, 5334663.57], [691942.57, 5334658.69], [691942.87, 5334658.15], [691946.78, 5334658.25], [691947.61, 5334659.67], [691947.73, 5334660.64], [691945.32, 5334680.18], [691945.26, 5334682.13], [691944.38, 5334687.99], [691943.55, 5334696.78], [691944.82, 5334698.2], [691949.71, 5334701.04], [691955.57, 5334705.35], [691964.36, 5334713.11], [691987.79, 5334731.58], [691988.77, 5334731.79], [691989.38, 5334730.96], [691991.7, 5334723.4], [691995.69, 5334712.4], [691998.54, 5334705.83], [691999.51, 5334704.1]]}}, {"type": "Feature", "properties": {}, "geometry": {"type": "LineString", "coordinates": [[691999.51, 5334717.23], [691996.38, 5334725.1], [691994.63, 5334730.96], [691993.85, 5334734.86], [691994.1, 5334735.84], [691995.2, 5334736.82], [691999.51, 5334738.91]]}}, {"type": "Feature", "properties": {}, "geometry": {"type": "LineString", "coordinates": [[691999.51, 5334890.63], [691995.61, 5334891.24], [691992.68, 5334892.34], [691986.82, 5334895.86], [691984.86, 5334897.35], [691981.6, 5334900.88], [691974.12, 5334905.92], [691962.4, 5334912.35], [691933.16, 5334927.25], [691911.62, 5334939.22], [691908.69, 5334941.28], [691907.59, 5334942.87], [691907.28, 5334943.85], [691907.35, 5334946.78], [691908.0, 5334949.71], [691922.8, 5334980.96], [691922.92, 5334981.93], [691922.36, 5334982.61], [691920.41, 5334983.28], [691849.12, 5335001.35], [691848.14, 5335001.51], [691847.17, 5335001.29], [691846.52, 5335000.49], [691830.65, 5334955.57], [691823.33, 5334936.04], [691822.92, 5334934.08], [691823.48, 5334933.11], [691825.68, 5334931.88], [691861.82, 5334915.52], [691867.68, 5334912.81], [691870.61, 5334910.93], [691878.42, 5334907.59], [691880.82, 5334905.76], [691881.1, 5334904.79], [691878.42, 5334903.57], [691876.46, 5334903.21], [691875.49, 5334903.42], [691869.63, 5334905.91], [691868.65, 5334905.88], [691867.69, 5334904.79], [691842.07, 5334849.12], [691840.39, 5334845.21], [691840.3, 5334844.24], [691841.36, 5334843.26], [691847.17, 5334840.83], [691898.93, 5334819.61], [691908.68, 5334815.92], [691910.61, 5334814.94], [691911.28, 5334813.96], [691911.61, 5334812.99], [691912.61, 5334812.01], [691931.15, 5334798.48], [691971.19, 5334767.79], [691976.8, 5334762.21], [691981.09, 5334757.32], [691985.48, 5334751.46], [691990.08, 5334743.65], [691991.7, 5334741.34], [691992.68, 5334741.21], [691999.51, 5334744.48]]}}, {"type": "Feature", "properties": {}, "geometry": {"type": "LineString", "coordinates": [[691999.51, 5334896.0], [691996.58, 5334896.13], [691995.61, 5334896.49], [691993.13, 5334897.95], [691992.18, 5334898.93], [691992.28, 5334899.9], [691992.84, 5334900.88], [691997.42, 5334907.71], [691999.51, 5334910.29]]}}, {"type": "Feature", "properties": {}, "geometry": {"type": "LineString", "coordinates": [[691999.51, 5334922.7], [691996.93, 5334919.43], [691986.93, 5334904.79], [691985.84, 5334904.09], [691976.02, 5334910.64], [691962.4, 5334917.97], [691935.06, 5334931.89], [691917.48, 5334941.65], [691913.57, 5334943.88], [691912.54, 5334944.82], [691912.3, 5334945.8], [691912.72, 5334947.75], [691914.34, 5334951.66], [691923.33, 5334970.21], [691924.56, 5334973.14], [691928.03, 5334979.98], [691929.2, 5334980.83], [691930.18, 5334980.82], [691943.85, 5334977.17], [691999.51, 5334963.39]]}}, {"type": "Feature", "properties": {}, "geometry": {"type": "LineString", "coordinates": [[691999.51, 5334968.4], [691949.71, 5334980.96], [691948.73, 5334981.33], [691948.09, 5334981.93], [691947.93, 5334982.91], [691975.7, 5335098.14], [691998.31, 5335188.96], [691999.51, 5335192.45]]}}, {"type": "Feature", "properties": {}, "geometry": {"type": "LineString", "coordinates": [[691999.51, 5335494.93], [691963.38, 5335504.65], [691909.67, 5335519.65], [691812.99, 5335547.62], [691800.29, 5335551.36], [691798.81, 5335552.25], [691798.66, 5335553.22], [691809.82, 5335594.24], [691822.01, 5335635.25], [691826.66, 5335651.86], [691827.64, 5335653.96], [691828.61, 5335654.0], [691832.52, 5335652.74], [691912.6, 5335620.33], [691937.99, 5335608.41], [691952.64, 5335602.59], [691953.61, 5335602.54], [691954.66, 5335604.0], [691957.53, 5335614.75], [691957.37, 5335616.7], [691959.47, 5335617.1], [691967.29, 5335616.22], [691970.21, 5335616.16], [691972.17, 5335615.77], [691975.1, 5335615.71], [691979.98, 5335614.98], [691982.91, 5335613.98], [691988.77, 5335611.45], [691995.61, 5335607.58], [691999.51, 5335604.94]]}}, {"type": "Feature", "properties": {}, "geometry": {"type": "LineString", "coordinates": [[691999.51, 5335615.38], [691978.03, 5335621.3], [691977.12, 5335622.56], [691977.1, 5335623.54], [691977.93, 5335626.46], [691979.0, 5335627.53], [691979.98, 5335627.86], [691983.89, 5335627.32], [691999.51, 5335623.35]]}}, {"type": "Feature", "properties": {}, "geometry": {"type": "LineString", "coordinates": [[691999.51, 5335631.49], [691991.7, 5335633.06], [691945.8, 5335644.53], [691878.42, 5335662.34], [691842.29, 5335671.64], [691833.5, 5335674.06], [691833.14, 5335674.32], [691832.74, 5335675.29], [691835.21, 5335685.06], [691850.35, 5335739.75], [691851.21, 5335742.68], [691852.05, 5335743.96], [691854.0, 5335744.13], [691857.91, 5335743.61], [691999.51, 5335722.8]]}}, {"type": "Feature", "properties": {}, "geometry": {"type": "LineString", "coordinates": [[691999.51, 5335728.03], [691997.56, 5335728.07], [691983.89, 5335730.03], [691962.4, 5335733.35], [691856.93, 5335748.66], [691854.0, 5335749.24], [691853.59, 5335749.51], [691853.37, 5335750.49], [691875.12, 5335830.57], [691893.79, 5335896.0], [691920.66, 5335992.68], [691921.39, 5335994.57], [691922.36, 5335995.19], [691926.27, 5335994.38], [691999.51, 5335973.78]]}}, {"type": "Feature", "properties": {}, "geometry": {"type": "LineString", "coordinates": [[690021.68, 5335748.54], [690022.74, 5335751.46], [690048.34, 5335812.0], [690070.59, 5335863.77], [690088.87, 5335904.79], [690089.92, 5335906.74], [690091.31, 5335907.7], [690095.21, 5335908.63], [690096.19, 5335908.56], [690123.54, 5335903.45], [690241.7, 5335883.66], [690255.37, 5335880.74], [690278.81, 5335874.75], [690294.43, 5335870.46], [690295.6, 5335869.63], [690295.85, 5335868.65], [690294.81, 5335861.82], [690294.75, 5335860.84], [690295.23, 5335859.86], [690298.34, 5335856.69], [690301.27, 5335854.25], [690303.44, 5335852.05], [690304.08, 5335851.07], [690305.26, 5335848.14], [690307.21, 5335842.29], [690307.6, 5335840.33], [690307.6, 5335831.54], [690307.14, 5335828.61], [690307.12, 5335824.71], [690305.22, 5335812.99], [690303.66, 5335800.29], [690297.9, 5335768.07], [690296.75, 5335758.3], [690294.67, 5335748.54], [690287.02, 5335725.1], [690262.61, 5335656.74], [690261.1, 5335652.83], [690260.25, 5335651.82], [690258.3, 5335652.1], [690250.49, 5335655.06], [690218.26, 5335668.24], [690168.46, 5335690.15], [690041.5, 5335739.96], [690023.93, 5335746.37], [690021.97, 5335747.45], [690021.68, 5335748.54]]}}, {"type": "Feature", "properties": {}, "geometry": {"type": "LineString", "coordinates": [[690126.24, 5335475.1], [690150.75, 5335566.89], [690150.83, 5335573.73], [690143.68, 5335606.93], [690143.11, 5335609.86], [690143.11, 5335612.79], [690144.94, 5335618.65], [690168.46, 5335683.43], [690169.43, 5335683.99], [690170.41, 5335683.79], [690215.33, 5335664.07], [690246.58, 5335651.16], [690257.66, 5335646.97], [690258.52, 5335646.0], [690258.51, 5335645.02], [690255.45, 5335635.25], [690198.97, 5335459.47], [690194.51, 5335445.8], [690193.85, 5335444.87], [690192.87, 5335444.8], [690191.89, 5335445.11], [690129.39, 5335472.66], [690126.73, 5335474.12], [690126.24, 5335475.1]]}}, {"type": "Feature", "properties": {}, "geometry": {"type": "LineString", "coordinates": [[690144.8, 5334164.55], [690145.43, 5334167.48], [690146.33, 5334169.43], [690148.7, 5334172.36], [690150.88, 5334173.82], [690153.81, 5334174.76], [690157.71, 5334174.79], [690159.67, 5334174.31], [690162.6, 5334172.58], [690164.55, 5334170.57], [690165.28, 5334169.43], [690166.86, 5334165.53], [690167.04, 5334155.76], [690167.48, 5334152.83], [690167.33, 5334146.0], [690166.5, 5334145.17], [690161.62, 5334144.54], [690148.93, 5334144.52], [690146.97, 5334144.24], [690146.0, 5334144.53], [690145.69, 5334145.02], [690145.07, 5334148.93], [690145.01, 5334162.6], [690144.8, 5334164.55]]}}, {"type": "Feature", "properties": {}, "geometry": {"type": "LineString", "coordinates": [[690146.03, 5334117.68], [690146.48, 5334113.77], [690146.49, 5334102.05], [690146.93, 5334099.12], [690147.02, 5334094.24], [690147.55, 5334092.29], [690148.96, 5334089.36], [690149.9, 5334088.18], [690152.83, 5334086.11], [690153.81, 5334085.6], [690155.76, 5334085.09], [690160.64, 5334085.1], [690164.55, 5334086.95], [690166.23, 5334088.38], [690166.96, 5334089.36], [690168.37, 5334092.29], [690168.9, 5334094.24], [690168.93, 5334104.98], [690168.47, 5334107.91], [690168.41, 5334118.65], [690168.0, 5334119.63], [690167.48, 5334119.96], [690165.53, 5334120.12], [690161.62, 5334119.64], [690147.95, 5334119.58], [690146.97, 5334119.26], [690146.31, 5334118.65], [690146.03, 5334117.68]]}}, {"type": "Feature", "properties": {}, "geometry": {"type": "LineString", "coordinates": [[690147.95, 5334919.43], [690148.02, 5334923.34], [690148.59, 5334924.32], [690148.93, 5334924.49], [690150.88, 5334924.46], [690152.83, 5334924.79], [690161.62, 5334924.82], [690164.55, 5334925.28], [690173.34, 5334925.3], [690176.27, 5334925.77], [690185.06, 5334925.79], [690187.99, 5334926.26], [690196.78, 5334926.28], [690199.71, 5334926.75], [690208.5, 5334926.77], [690211.43, 5334927.24], [690220.21, 5334927.26], [690223.14, 5334927.72], [690231.93, 5334927.75], [690234.86, 5334928.21], [690243.65, 5334928.23], [690245.61, 5334928.51], [690246.65, 5334928.22], [690247.06, 5334926.27], [690247.07, 5334891.11], [690247.56, 5334887.21], [690247.56, 5334860.84], [690248.05, 5334856.93], [690248.05, 5334830.57], [690248.53, 5334826.66], [690248.54, 5334800.29], [690249.02, 5334796.39], [690249.03, 5334770.02], [690249.51, 5334766.11], [690249.5, 5334745.61], [690249.36, 5334744.63], [690248.54, 5334743.8], [690211.43, 5334743.64], [690207.52, 5334743.16], [690162.6, 5334743.15], [690158.69, 5334742.68], [690151.86, 5334742.72], [690150.88, 5334743.13], [690150.55, 5334743.65], [690150.38, 5334779.79], [690149.9, 5334783.69], [690149.9, 5334844.24], [690149.41, 5334849.12], [690149.41, 5334891.11], [690148.97, 5334894.04], [690148.92, 5334905.76], [690148.49, 5334908.69], [690148.39, 5334915.53], [690147.99, 5334917.48], [690147.95, 5334919.43]]}}, {"type": "Feature", "properties": {}, "geometry": {"type": "LineString", "coordinates": [[690148.93, 5334478.03], [690149.41, 5334473.14], [690149.46, 5334466.31], [690149.86, 5334464.36], [690149.91, 5334461.43], [690150.38, 5334458.5], [690150.41, 5334455.57], [690150.88, 5334454.16], [690151.86, 5334453.42], [690170.41, 5334450.64], [690347.17, 5334421.03], [690350.1, 5334420.61], [690351.07, 5334420.9], [690351.38, 5334421.39], [690351.56, 5334423.34], [690351.56, 5334450.68], [690351.08, 5334454.59], [690351.07, 5334484.86], [690350.6, 5334488.77], [690350.58, 5334518.07], [690350.1, 5334521.97], [690350.1, 5334542.48], [690349.61, 5334546.39], [690349.6, 5334566.89], [690349.13, 5334569.82], [690349.12, 5334590.33], [690348.63, 5334594.24], [690348.63, 5334614.75], [690348.05, 5334617.68], [690347.17, 5334618.51], [690346.19, 5334618.64], [690327.64, 5334618.65], [690323.73, 5334618.17], [690301.27, 5334618.16], [690297.36, 5334617.68], [690274.9, 5334617.67], [690271.0, 5334617.19], [690247.56, 5334617.18], [690244.63, 5334616.71], [690221.19, 5334616.69], [690218.26, 5334616.22], [690194.82, 5334616.2], [690191.89, 5334615.73], [690168.46, 5334615.71], [690165.53, 5334615.25], [690153.81, 5334615.22], [690152.83, 5334615.08], [690152.31, 5334614.75], [690151.9, 5334613.77], [690151.86, 5334612.79], [690151.86, 5334573.73], [690152.34, 5334568.85], [690152.33, 5334531.74], [690151.87, 5334528.81], [690151.81, 5334524.9], [690151.42, 5334522.95], [690151.35, 5334520.02], [690149.91, 5334507.32], [690149.86, 5334504.39], [690149.46, 5334502.44], [690149.4, 5334491.7], [690148.94, 5334488.77], [690148.93, 5334478.03]]}}, {"type": "Feature", "properties": {}, "geometry": {"type": "LineString", "coordinates": [[690150.39, 5334723.14], [690150.41, 5334735.84], [690150.55, 5334736.82], [690150.88, 5334737.33], [690151.86, 5334737.75], [690171.39, 5334737.8], [690175.29, 5334738.28], [690220.21, 5334738.28], [690224.12, 5334738.77], [690343.26, 5334738.77], [690344.24, 5334738.73], [690345.21, 5334738.31], [690345.54, 5334737.79], [690345.69, 5334736.82], [690345.72, 5334731.93], [690346.18, 5334729.0], [690346.19, 5334709.47], [690346.68, 5334705.57], [690346.68, 5334687.01], [690347.17, 5334683.11], [690347.18, 5334663.57], [690347.64, 5334660.64], [690347.67, 5334641.11], [690348.13, 5334638.18], [690347.99, 5334627.44], [690347.17, 5334626.61], [690344.24, 5334626.45], [690341.31, 5334625.99], [690317.87, 5334625.97], [690313.96, 5334625.49], [690291.5, 5334625.49], [690287.6, 5334625.0], [690265.14, 5334625.0], [690261.23, 5334624.51], [690238.77, 5334624.51], [690234.86, 5334624.03], [690212.4, 5334624.02], [690208.5, 5334623.54], [690186.04, 5334623.53], [690182.13, 5334623.05], [690158.69, 5334623.03], [690155.76, 5334622.57], [690152.83, 5334622.6], [690151.86, 5334623.02], [690151.53, 5334623.54], [690151.37, 5334625.49], [690151.37, 5334665.53], [690150.88, 5334669.43], [690150.88, 5334717.29], [690150.39, 5334723.14]]}}, {"type": "Feature", "properties": {}, "geometry": {"type": "LineString", "coordinates": [[690150.39, 5334444.82], [690150.51, 5334447.75], [690150.88, 5334448.12], [690151.86, 5334448.23], [690166.5, 5334446.24], [690336.43, 5334417.84], [690347.17, 5334415.97], [690350.1, 5334415.26], [690350.62, 5334414.55], [690350.61, 5334413.57], [690349.62, 5334406.74], [690349.62, 5334391.11], [690350.09, 5334388.18], [690350.1, 5334364.75], [690350.58, 5334360.84], [690350.6, 5334342.29], [690351.06, 5334339.36], [690351.08, 5334320.8], [690351.56, 5334316.89], [690351.56, 5334299.32], [690352.05, 5334295.41], [690352.06, 5334271.97], [690352.54, 5334268.07], [690352.46, 5334265.14], [690352.05, 5334264.22], [690351.07, 5334263.75], [690348.14, 5334263.54], [690344.24, 5334262.29], [690340.33, 5334260.74], [690334.47, 5334257.67], [690333.5, 5334257.31], [690332.52, 5334257.66], [690329.59, 5334260.52], [690327.39, 5334263.18], [690296.14, 5334294.43], [690293.7, 5334297.36], [690263.18, 5334327.88], [690260.25, 5334331.3], [690229.74, 5334361.82], [690227.29, 5334364.75], [690196.78, 5334395.27], [690193.85, 5334398.68], [690170.17, 5334422.36], [690167.72, 5334425.29], [690151.86, 5334441.17], [690150.56, 5334442.87], [690150.39, 5334444.82]]}}, {"type": "Feature", "properties": {}, "geometry": {"type": "LineString", "coordinates": [[690152.03, 5334425.29], [690152.83, 5334426.13], [690153.81, 5334425.46], [690171.63, 5334407.71], [690175.05, 5334403.81], [690203.37, 5334375.49], [690205.81, 5334372.56], [690236.09, 5334342.29], [690239.5, 5334338.38], [690269.77, 5334308.11], [690272.22, 5334305.18], [690303.47, 5334273.93], [690305.91, 5334271.0], [690326.38, 5334250.49], [690326.92, 5334249.51], [690326.85, 5334248.54], [690321.57, 5334238.77], [690319.87, 5334233.89], [690319.38, 5334230.96], [690319.38, 5334229.0], [690320.07, 5334225.1], [690321.12, 5334221.19], [690320.8, 5334220.0], [690318.85, 5334219.0], [690254.39, 5334202.03], [690178.22, 5334181.1], [690177.25, 5334181.02], [690176.27, 5334181.78], [690174.45, 5334185.06], [690170.41, 5334189.99], [690167.48, 5334192.38], [690160.64, 5334196.54], [690160.19, 5334197.75], [690160.14, 5334205.57], [690159.68, 5334208.5], [690159.66, 5334221.19], [690159.19, 5334224.12], [690159.18, 5334236.82], [690158.69, 5334240.72], [690158.69, 5334252.44], [690158.2, 5334256.35], [690158.2, 5334268.07], [690157.72, 5334271.97], [690157.71, 5334283.69], [690157.23, 5334287.6], [690157.21, 5334300.29], [690156.75, 5334303.22], [690156.73, 5334315.92], [690156.26, 5334318.85], [690156.24, 5334331.54], [690155.77, 5334334.47], [690155.75, 5334347.17], [690155.29, 5334350.1], [690155.27, 5334362.79], [690154.79, 5334366.7], [690154.78, 5334378.42], [690154.3, 5334382.32], [690154.3, 5334394.04], [690153.85, 5334396.97], [690153.8, 5334403.81], [690153.33, 5334406.74], [690153.27, 5334410.64], [690152.88, 5334412.6], [690152.79, 5334416.5], [690152.39, 5334418.46], [690152.34, 5334422.36], [690152.03, 5334425.29]]}}, {"type": "Feature", "properties": {}, "geometry": {"type": "LineString", "coordinates": [[690158.42, 5335259.28], [690172.31, 5335301.27], [690173.34, 5335302.36], [690174.32, 5335302.34], [690345.21, 5335257.07], [690354.0, 5335254.12], [690360.84, 5335251.06], [690366.7, 5335248.94], [690372.56, 5335247.19], [690400.88, 5335239.82], [690401.86, 5335239.35], [690402.44, 5335238.77], [690402.52, 5335237.79], [690393.79, 5335204.59], [690393.07, 5335202.43], [690392.44, 5335201.66], [690392.09, 5335201.48], [690391.11, 5335201.57], [690372.56, 5335206.8], [690368.65, 5335208.1], [690360.83, 5335212.4], [690354.98, 5335214.76], [690349.12, 5335216.54], [690344.24, 5335217.54], [690341.31, 5335218.69], [690338.38, 5335218.44], [690335.45, 5335218.75], [690331.54, 5335218.76], [690328.61, 5335219.23], [690324.71, 5335219.28], [690320.8, 5335219.85], [690316.89, 5335220.82], [690293.46, 5335227.62], [690287.6, 5335229.58], [690278.81, 5335233.15], [690211.43, 5335251.35], [690197.75, 5335254.27], [690188.96, 5335255.73], [690177.25, 5335256.88], [690175.29, 5335257.28], [690169.43, 5335257.33], [690166.5, 5335257.76], [690159.67, 5335257.91], [690158.79, 5335258.3], [690158.42, 5335259.28]]}}, {"type": "Feature", "properties": {}, "geometry": {"type": "LineString", "coordinates": [[690175.18, 5335309.08], [690175.7, 5335312.01], [690181.87, 5335331.54], [690183.84, 5335342.29], [690187.13, 5335355.96], [690192.46, 5335372.56], [690195.56, 5335383.3], [690197.84, 5335390.14], [690207.78, 5335417.48], [690208.5, 5335418.96], [690209.47, 5335419.28], [690290.53, 5335382.32], [690364.75, 5335348.15], [690382.32, 5335340.33], [690386.08, 5335338.38], [690386.33, 5335337.4], [690354.0, 5335263.18], [690353.03, 5335261.62], [690352.05, 5335261.27], [690329.59, 5335267.46], [690181.15, 5335306.76], [690176.27, 5335308.15], [690175.18, 5335309.08]]}}, {"type": "Feature", "properties": {}, "geometry": {"type": "LineString", "coordinates": [[690214.33, 5335433.11], [690214.4, 5335434.08], [690218.66, 5335444.82], [690220.45, 5335450.68], [690233.51, 5335501.46], [690252.69, 5335562.99], [690274.33, 5335626.46], [690277.83, 5335636.47], [690278.75, 5335638.18], [690279.79, 5335638.35], [690280.76, 5335638.09], [690310.06, 5335626.25], [690385.25, 5335596.74], [690386.19, 5335596.19], [690386.65, 5335595.21], [690387.57, 5335591.31], [690393.68, 5335562.01], [690409.14, 5335490.72], [690424.07, 5335419.43], [690441.28, 5335340.33], [690443.21, 5335330.57], [690443.17, 5335328.61], [690442.87, 5335328.33], [690440.92, 5335328.87], [690428.22, 5335335.17], [690376.46, 5335358.19], [690218.26, 5335430.67], [690215.36, 5335432.13], [690214.33, 5335433.11]]}}, {"type": "Feature", "properties": {}, "geometry": {"type": "LineString", "coordinates": [[690251.95, 5334899.9], [690251.97, 5334924.32], [690252.47, 5334927.25], [690252.9, 5334928.22], [690253.42, 5334928.56], [690256.35, 5334929.19], [690261.23, 5334929.2], [690264.16, 5334929.64], [690270.02, 5334929.7], [690272.95, 5334930.17], [690277.83, 5334930.18], [690280.76, 5334930.62], [690286.62, 5334930.68], [690289.55, 5334931.14], [690294.43, 5334931.15], [690297.36, 5334931.59], [690303.22, 5334931.65], [690306.15, 5334932.12], [690311.04, 5334932.13], [690313.96, 5334932.57], [690319.82, 5334932.63], [690322.75, 5334933.1], [690328.61, 5334933.15], [690330.57, 5334933.55], [690337.4, 5334933.63], [690338.13, 5334933.11], [690338.85, 5334930.18], [690338.87, 5334920.41], [690339.35, 5334916.5], [690339.37, 5334906.74], [690339.83, 5334903.81], [690339.85, 5334894.04], [690340.29, 5334891.11], [690340.33, 5334881.35], [690340.82, 5334877.44], [690340.83, 5334867.68], [690341.3, 5334864.75], [690341.31, 5334854.98], [690341.8, 5334851.07], [690341.81, 5334841.31], [690342.27, 5334838.38], [690342.29, 5334828.61], [690342.77, 5334824.71], [690342.79, 5334814.94], [690343.25, 5334812.01], [690343.26, 5334802.25], [690343.75, 5334798.34], [690343.8, 5334788.57], [690344.24, 5334785.64], [690344.25, 5334775.88], [690344.71, 5334772.95], [690344.73, 5334763.18], [690345.21, 5334759.28], [690345.23, 5334749.51], [690345.69, 5334746.58], [690345.54, 5334744.63], [690345.21, 5334744.11], [690344.24, 5334743.69], [690343.26, 5334743.65], [690257.32, 5334743.65], [690256.35, 5334743.69], [690255.37, 5334744.04], [690254.9, 5334744.63], [690254.4, 5334746.58], [690254.38, 5334773.93], [690253.92, 5334776.86], [690253.89, 5334804.2], [690253.43, 5334807.13], [690253.41, 5334834.47], [690252.94, 5334837.4], [690252.92, 5334864.75], [690252.45, 5334867.68], [690252.43, 5334895.02], [690251.97, 5334897.95], [690251.95, 5334899.9]]}}, {"type": "Feature", "properties": {}, "geometry": {"type": "LineString", "coordinates": [[690280.72, 5335645.02], [690299.24, 5335701.66], [690309.65, 5335732.91], [690310.49, 5335734.86], [690311.04, 5335735.37], [690312.99, 5335735.23], [690357.91, 5335721.41], [690358.89, 5335720.86], [690359.37, 5335720.21], [690360.23, 5335717.29], [690373.17, 5335656.74], [690384.15, 5335606.93], [690384.63, 5335604.0], [690384.35, 5335603.03], [690383.3, 5335603.01], [690382.32, 5335603.33], [690373.54, 5335606.72], [690293.46, 5335638.27], [690281.78, 5335643.07], [690280.72, 5335644.04], [690280.72, 5335645.02]]}}, {"type": "Feature", "properties": {}, "geometry": {"type": "LineString", "coordinates": [[690342.12, 5335199.71], [690352.13, 5335196.78], [690357.91, 5335195.38], [690359.12, 5335194.82], [690361.82, 5335194.26], [690362.54, 5335193.85], [690365.72, 5335193.2], [690373.18, 5335190.92], [690375.49, 5335190.59], [690376.75, 5335189.94], [690379.39, 5335189.48], [690380.37, 5335188.9], [690383.3, 5335188.47], [690384.12, 5335187.99], [690386.23, 5335187.53], [690386.9, 5335187.01], [690390.14, 5335185.69], [690395.02, 5335183.23], [690396.0, 5335183.4], [690396.44, 5335184.08], [690396.55, 5335185.06], [690396.0, 5335185.72], [690395.02, 5335186.12], [690388.19, 5335187.99], [690385.25, 5335188.39], [690384.36, 5335188.96], [690382.32, 5335189.29], [690381.06, 5335189.94], [690378.42, 5335190.4], [690377.67, 5335190.92], [690375.49, 5335191.25], [690374.24, 5335191.89], [690360.84, 5335195.47], [690343.22, 5335200.68], [690342.13, 5335200.68], [690342.12, 5335199.71]]}}, {"type": "Feature", "properties": {}, "geometry": {"type": "LineString", "coordinates": [[690343.75, 5334925.29], [690343.81, 5334932.13], [690344.24, 5334933.19], [690345.21, 5334933.54], [690348.14, 5334933.61], [690351.07, 5334934.07], [690355.96, 5334934.09], [690358.89, 5334934.56], [690363.77, 5334934.62], [690365.72, 5334935.01], [690371.58, 5334935.1], [690373.54, 5334935.5], [690379.39, 5334935.6], [690381.35, 5334935.99], [690387.21, 5334936.08], [690389.16, 5334936.48], [690394.04, 5334936.54], [690396.97, 5334937.0], [690401.86, 5334937.02], [690404.79, 5334937.49], [690409.67, 5334937.51], [690412.6, 5334937.98], [690417.48, 5334938.0], [690420.41, 5334938.46], [690424.32, 5334938.49], [690427.25, 5334938.95], [690431.15, 5334939.01], [690433.11, 5334939.4], [690437.01, 5334939.5], [690438.96, 5334939.9], [690441.89, 5334939.99], [690443.85, 5334940.38], [690446.78, 5334940.48], [690448.73, 5334940.87], [690451.66, 5334940.96], [690453.61, 5334941.3], [690454.67, 5334940.92], [690455.02, 5334939.94], [690455.56, 5334935.06], [690455.56, 5334928.22], [690455.09, 5334925.29], [690455.08, 5334914.55], [690454.59, 5334910.64], [690454.58, 5334899.9], [690454.11, 5334896.97], [690454.09, 5334886.23], [690453.62, 5334883.3], [690453.61, 5334872.56], [690453.17, 5334869.63], [690453.12, 5334858.89], [690452.64, 5334854.98], [690452.63, 5334844.24], [690452.16, 5334841.31], [690452.14, 5334830.57], [690451.67, 5334827.64], [690451.66, 5334816.89], [690451.17, 5334812.99], [690451.16, 5334802.25], [690450.69, 5334799.32], [690450.68, 5334784.67], [690450.2, 5334780.76], [690450.18, 5334766.11], [690449.72, 5334763.18], [690449.71, 5334748.54], [690449.45, 5334746.58], [690448.73, 5334745.06], [690447.75, 5334744.67], [690446.78, 5334744.63], [690415.53, 5334744.62], [690411.62, 5334744.14], [690358.89, 5334744.14], [690354.98, 5334743.65], [690352.05, 5334743.69], [690351.07, 5334744.11], [690350.74, 5334744.63], [690350.54, 5334750.49], [690350.1, 5334753.42], [690350.09, 5334763.18], [690349.62, 5334766.11], [690349.6, 5334775.88], [690349.13, 5334778.81], [690349.12, 5334788.57], [690348.63, 5334792.48], [690348.62, 5334802.25], [690348.15, 5334805.18], [690348.14, 5334814.94], [690347.66, 5334818.85], [690347.64, 5334828.61], [690347.18, 5334831.54], [690347.17, 5334841.31], [690346.68, 5334845.21], [690346.68, 5334854.0], [690346.19, 5334857.91], [690346.18, 5334867.68], [690345.72, 5334870.61], [690345.7, 5334880.37], [690345.22, 5334884.28], [690345.2, 5334894.04], [690344.74, 5334896.97], [690344.72, 5334906.74], [690344.28, 5334909.67], [690344.23, 5334920.41], [690343.76, 5334923.34], [690343.75, 5334925.29]]}}, {"type": "Feature", "properties": {}, "geometry": {"type": "LineString", "coordinates": [[690344.25, 5335206.54], [690346.01, 5335205.57], [690349.24, 5335204.59], [690358.89, 5335201.99], [690362.42, 5335200.68], [690364.75, 5335200.2], [690365.82, 5335199.71], [690378.42, 5335196.27], [690396.0, 5335190.92], [690396.97, 5335190.74], [690397.95, 5335190.87], [690398.62, 5335191.89], [690398.92, 5335192.87], [690398.62, 5335193.85], [690397.95, 5335194.2], [690390.14, 5335194.39], [690381.92, 5335196.78], [690379.39, 5335197.28], [690371.51, 5335199.71], [690368.65, 5335200.32], [690360.76, 5335202.64], [690357.91, 5335203.2], [690357.19, 5335203.61], [690354.98, 5335204.04], [690353.77, 5335204.59], [690351.07, 5335205.16], [690350.35, 5335205.57], [690347.17, 5335206.16], [690346.19, 5335206.57], [690344.25, 5335206.54]]}}, {"type": "Feature", "properties": {}, "geometry": {"type": "LineString", "coordinates": [[690347.68, 5335823.73], [690348.26, 5335826.66], [690355.96, 5335851.8], [690356.93, 5335853.75], [690357.91, 5335854.0], [690363.77, 5335852.25], [690385.25, 5335844.45], [690449.71, 5335820.4], [690515.14, 5335796.6], [690519.04, 5335795.09], [690519.96, 5335794.43], [690519.95, 5335793.46], [690518.28, 5335788.57], [690501.38, 5335743.65], [690457.31, 5335633.3], [690439.66, 5335588.38], [690437.99, 5335584.25], [690437.01, 5335582.85], [690436.04, 5335582.7], [690435.06, 5335583.01], [690394.04, 5335598.72], [690391.14, 5335600.1], [690390.57, 5335601.07], [690381.47, 5335642.09], [690364.38, 5335721.19], [690359.01, 5335746.58], [690358.04, 5335751.46], [690357.78, 5335754.39], [690356.32, 5335761.23], [690354.37, 5335770.02], [690353.15, 5335773.93], [690351.51, 5335789.55], [690351.12, 5335791.5], [690351.03, 5335794.43], [690350.63, 5335796.39], [690350.05, 5335803.22], [690349.13, 5335810.06], [690348.58, 5335816.89], [690347.68, 5335823.73]]}}, {"type": "Feature", "properties": {}, "geometry": {"type": "LineString", "coordinates": [[690350.65, 5334736.82], [690350.75, 5334737.79], [690351.07, 5334738.31], [690352.05, 5334738.73], [690353.03, 5334738.77], [690368.65, 5334738.77], [690372.56, 5334739.26], [690425.29, 5334739.26], [690429.2, 5334739.74], [690460.45, 5334739.75], [690464.36, 5334740.23], [690479.98, 5334740.25], [690482.91, 5334740.71], [690498.54, 5334740.73], [690501.46, 5334741.2], [690517.09, 5334741.21], [690520.02, 5334741.6], [690521.0, 5334741.24], [690521.32, 5334740.72], [690521.46, 5334739.75], [690521.47, 5334735.84], [690521.01, 5334732.91], [690521.0, 5334720.21], [690520.51, 5334716.31], [690520.5, 5334703.61], [690520.03, 5334700.68], [690520.01, 5334687.01], [690519.54, 5334684.08], [690519.53, 5334671.39], [690519.04, 5334667.48], [690519.03, 5334654.79], [690518.57, 5334651.86], [690518.51, 5334638.18], [690518.11, 5334636.23], [690518.02, 5334631.35], [690517.61, 5334630.37], [690517.09, 5334630.04], [690512.21, 5334629.4], [690490.72, 5334629.38], [690487.79, 5334628.92], [690466.31, 5334628.89], [690463.38, 5334628.43], [690441.89, 5334628.41], [690438.96, 5334627.94], [690417.48, 5334627.92], [690414.55, 5334627.45], [690394.04, 5334627.44], [690390.14, 5334626.95], [690369.63, 5334626.95], [690365.72, 5334626.47], [690354.0, 5334626.61], [690353.18, 5334627.44], [690353.04, 5334628.42], [690353.03, 5334643.07], [690352.54, 5334646.97], [690352.53, 5334666.5], [690352.06, 5334669.43], [690352.04, 5334688.96], [690351.57, 5334691.89], [690351.56, 5334711.43], [690351.08, 5334715.33], [690351.07, 5334733.89], [690350.65, 5334736.82]]}}, {"type": "Feature", "properties": {}, "geometry": {"type": "LineString", "coordinates": [[690351.87, 5335885.25], [690352.95, 5335881.35], [690354.0, 5335878.86], [690354.98, 5335878.42], [690355.96, 5335878.55], [690357.66, 5335879.39], [690357.95, 5335880.37], [690357.79, 5335881.35], [690355.96, 5335886.92], [690354.98, 5335887.52], [690353.03, 5335887.09], [690351.94, 5335886.23], [690351.87, 5335885.25]]}}, {"type": "Feature", "properties": {}, "geometry": {"type": "LineString", "coordinates": [[690353.52, 5334601.07], [690353.57, 5334617.68], [690354.0, 5334618.74], [690354.98, 5334619.08], [690374.51, 5334619.14], [690378.42, 5334619.63], [690398.93, 5334619.63], [690402.83, 5334620.12], [690423.34, 5334620.12], [690427.25, 5334620.6], [690447.75, 5334620.62], [690450.68, 5334621.08], [690472.17, 5334621.11], [690475.1, 5334621.57], [690496.58, 5334621.59], [690499.51, 5334622.06], [690517.09, 5334622.07], [690518.07, 5334622.01], [690519.13, 5334621.58], [690519.53, 5334619.63], [690519.53, 5334613.77], [690519.09, 5334610.84], [690519.03, 5334603.03], [690518.57, 5334600.1], [690518.54, 5334593.26], [690518.08, 5334590.33], [690518.07, 5334583.5], [690517.63, 5334580.57], [690517.53, 5334572.75], [690517.14, 5334570.8], [690517.08, 5334562.99], [690516.61, 5334560.06], [690516.55, 5334552.25], [690516.16, 5334550.29], [690516.07, 5334542.48], [690515.63, 5334539.55], [690515.61, 5334532.71], [690515.15, 5334529.79], [690515.13, 5334521.97], [690514.66, 5334519.04], [690514.65, 5334508.3], [690514.21, 5334505.37], [690514.16, 5334494.63], [690513.67, 5334490.72], [690513.67, 5334480.96], [690513.18, 5334477.05], [690513.18, 5334467.29], [690512.7, 5334463.38], [690512.68, 5334452.64], [690512.22, 5334449.71], [690512.2, 5334438.96], [690511.73, 5334436.04], [690511.71, 5334425.29], [690511.24, 5334422.36], [690511.23, 5334411.62], [690510.74, 5334407.71], [690510.74, 5334397.95], [690510.67, 5334396.97], [690510.19, 5334396.0], [690509.28, 5334395.59], [690508.3, 5334395.56], [690432.13, 5334407.35], [690361.82, 5334418.58], [690358.89, 5334419.07], [690356.93, 5334419.88], [690356.6, 5334420.41], [690356.45, 5334422.36], [690356.44, 5334459.47], [690355.96, 5334463.38], [690355.96, 5334493.65], [690355.47, 5334497.56], [690355.47, 5334523.93], [690354.98, 5334527.83], [690354.98, 5334548.34], [690354.49, 5334552.25], [690354.48, 5334572.75], [690354.01, 5334575.68], [690354.0, 5334596.19], [690353.52, 5334601.07]]}}, {"type": "Feature", "properties": {}, "geometry": {"type": "LineString", "coordinates": [[690354.49, 5334399.9], [690354.5, 5334404.79], [690354.97, 5334407.71], [690355.03, 5334409.67], [690355.84, 5334413.57], [690356.93, 5334414.28], [690412.6, 5334405.32], [690505.37, 5334391.07], [690508.3, 5334390.57], [690509.49, 5334390.14], [690510.15, 5334389.16], [690510.26, 5334385.25], [690510.73, 5334382.32], [690510.74, 5334320.8], [690511.23, 5334316.89], [690511.24, 5334291.5], [690511.71, 5334288.57], [690511.72, 5334272.95], [690512.21, 5334269.04], [690512.06, 5334261.23], [690511.23, 5334260.4], [690482.91, 5334255.01], [690421.39, 5334244.5], [690359.86, 5334230.51], [690357.91, 5334230.32], [690356.93, 5334230.9], [690356.52, 5334231.93], [690356.45, 5334232.91], [690356.92, 5334236.82], [690356.93, 5334252.44], [690357.81, 5334261.23], [690357.42, 5334264.16], [690357.42, 5334278.81], [690356.93, 5334282.71], [690356.93, 5334300.29], [690356.45, 5334304.2], [690356.43, 5334322.75], [690355.97, 5334325.68], [690355.96, 5334344.24], [690355.47, 5334348.14], [690355.46, 5334366.7], [690354.99, 5334369.63], [690354.97, 5334395.02], [690354.5, 5334397.95], [690354.49, 5334399.9]]}}, {"type": "Feature", "properties": {}, "geometry": {"type": "LineString", "coordinates": [[690356.45, 5334206.54], [690356.61, 5334222.17], [690357.93, 5334224.12], [690358.89, 5334225.04], [690359.86, 5334225.45], [690422.36, 5334239.62], [690474.12, 5334248.49], [690476.07, 5334248.54], [690476.93, 5334247.56], [690479.62, 5334232.91], [690483.65, 5334213.38], [690484.65, 5334210.45], [690485.6, 5334208.5], [690488.15, 5334204.59], [690491.7, 5334200.96], [690495.61, 5334198.28], [690499.51, 5334196.7], [690519.04, 5334190.42], [690528.81, 5334185.19], [690530.76, 5334183.72], [690532.19, 5334182.13], [690533.12, 5334180.18], [690536.62, 5334170.18], [690553.3, 5334125.49], [690554.64, 5334120.61], [690554.47, 5334118.65], [690553.22, 5334117.69], [690533.69, 5334112.54], [690517.09, 5334107.02], [690497.56, 5334099.82], [690493.65, 5334097.91], [690472.17, 5334092.41], [690415.53, 5334079.71], [690403.81, 5334077.64], [690400.88, 5334077.76], [690396.0, 5334078.98], [690392.09, 5334079.59], [690372.56, 5334079.58], [690368.65, 5334079.1], [690359.86, 5334079.26], [690359.35, 5334079.59], [690358.93, 5334080.57], [690358.89, 5334081.54], [690358.89, 5334100.1], [690358.4, 5334104.0], [690358.4, 5334121.58], [690357.91, 5334125.49], [690357.91, 5334140.14], [690357.42, 5334144.04], [690357.42, 5334168.46], [690356.93, 5334172.36], [690356.94, 5334191.89], [690357.24, 5334193.85], [690356.93, 5334196.78], [690356.92, 5334201.66], [690356.46, 5334204.59], [690356.45, 5334206.54]]}}, {"type": "Feature", "properties": {}, "geometry": {"type": "LineString", "coordinates": [[690358.26, 5335260.25], [690390.14, 5335333.5], [690391.11, 5335335.29], [690392.09, 5335335.73], [690395.02, 5335334.69], [690424.32, 5335321.53], [690436.04, 5335315.67], [690444.82, 5335310.27], [690445.8, 5335309.35], [690446.66, 5335307.13], [690454.84, 5335274.9], [690468.22, 5335233.89], [690467.79, 5335232.91], [690466.31, 5335232.45], [690459.47, 5335232.47], [690454.59, 5335233.27], [690447.75, 5335234.01], [690438.96, 5335235.6], [690431.15, 5335237.56], [690406.74, 5335244.51], [690379.39, 5335251.58], [690365.72, 5335255.49], [690359.4, 5335258.3], [690358.3, 5335259.28], [690358.26, 5335260.25]]}}, {"type": "Feature", "properties": {}, "geometry": {"type": "LineString", "coordinates": [[690392.56, 5335592.29], [690392.73, 5335593.26], [690393.07, 5335593.5], [690394.04, 5335593.41], [690432.13, 5335578.83], [690434.59, 5335577.64], [690434.91, 5335576.66], [690412.02, 5335519.04], [690410.64, 5335515.79], [690409.67, 5335514.68], [690408.69, 5335516.56], [690407.47, 5335521.97], [690393.19, 5335588.38], [690392.56, 5335592.29]]}}, {"type": "Feature", "properties": {}, "geometry": {"type": "LineString", "coordinates": [[690398.0, 5335200.68], [690406.37, 5335232.91], [690407.59, 5335236.82], [690408.69, 5335237.52], [690410.64, 5335237.19], [690436.04, 5335230.11], [690446.78, 5335228.07], [690448.73, 5335227.98], [690457.52, 5335226.69], [690467.29, 5335226.56], [690470.21, 5335226.99], [690474.12, 5335226.26], [690476.07, 5335226.95], [690477.26, 5335228.03], [690477.86, 5335229.0], [690478.02, 5335230.96], [690477.62, 5335232.91], [690463.14, 5335276.86], [690457.18, 5335300.29], [690457.17, 5335302.25], [690457.52, 5335302.5], [690460.45, 5335301.24], [690517.09, 5335270.26], [690526.86, 5335264.89], [690531.07, 5335262.21], [690531.25, 5335261.23], [690530.97, 5335260.25], [690525.31, 5335246.58], [690522.71, 5335238.77], [690522.1, 5335235.84], [690520.07, 5335224.12], [690517.94, 5335205.57], [690517.14, 5335200.68], [690516.81, 5335196.78], [690517.43, 5335194.82], [690517.38, 5335193.85], [690517.09, 5335192.88], [690516.11, 5335193.31], [690515.14, 5335194.14], [690514.16, 5335193.91], [690513.8, 5335192.87], [690513.81, 5335189.94], [690515.0, 5335187.01], [690515.13, 5335186.04], [690514.4, 5335180.18], [690513.4, 5335177.25], [690511.36, 5335173.34], [690509.28, 5335171.17], [690508.3, 5335170.53], [690505.37, 5335169.35], [690503.42, 5335169.1], [690499.51, 5335170.65], [690486.82, 5335174.25], [690485.84, 5335174.81], [690483.89, 5335176.88], [690481.93, 5335177.81], [690479.98, 5335178.08], [690477.05, 5335177.3], [690476.07, 5335177.37], [690428.22, 5335191.64], [690399.9, 5335199.11], [690398.41, 5335199.71], [690398.0, 5335200.68]]}}, {"type": "Feature", "properties": {}, "geometry": {"type": "LineString", "coordinates": [[690412.21, 5335500.49], [690413.12, 5335507.32], [690414.64, 5335512.21], [690439.26, 5335573.73], [690439.94, 5335574.82], [690440.92, 5335575.15], [690443.85, 5335574.13], [690474.12, 5335561.52], [690559.08, 5335525.67], [690623.54, 5335500.89], [690624.51, 5335500.47], [690625.6, 5335499.51], [690625.67, 5335498.54], [690625.4, 5335497.56], [690592.69, 5335410.64], [690574.99, 5335367.68], [690568.94, 5335352.05], [690558.19, 5335318.85], [690547.36, 5335288.89], [690545.41, 5335286.05], [690539.55, 5335275.95], [690538.57, 5335275.0], [690537.6, 5335274.98], [690535.7, 5335275.88], [690474.12, 5335309.6], [690451.25, 5335322.75], [690449.71, 5335324.34], [690449.26, 5335325.68], [690445.77, 5335343.26], [690426.88, 5335430.18], [690412.21, 5335500.49]]}}, {"type": "Feature", "properties": {}, "geometry": {"type": "LineString", "coordinates": [[690442.35, 5335581.54], [690464.63, 5335638.18], [690508.7, 5335748.54], [690523.53, 5335788.57], [690524.9, 5335791.82], [690525.88, 5335792.39], [690526.86, 5335792.18], [690551.27, 5335782.44], [690575.68, 5335771.27], [690587.4, 5335766.69], [690675.29, 5335732.7], [690684.08, 5335729.62], [690687.01, 5335729.54], [690691.89, 5335726.07], [690694.09, 5335724.12], [690695.64, 5335722.17], [690698.08, 5335718.26], [690698.85, 5335716.31], [690700.15, 5335710.45], [690700.24, 5335703.61], [690701.3, 5335698.73], [690702.49, 5335695.8], [690702.23, 5335693.85], [690665.93, 5335601.07], [690643.83, 5335545.41], [690630.58, 5335511.23], [690628.42, 5335505.8], [690627.44, 5335504.96], [690626.46, 5335505.12], [690621.58, 5335506.92], [690562.01, 5335529.87], [690443.64, 5335579.59], [690442.37, 5335580.57], [690442.35, 5335581.54]]}}, {"type": "Feature", "properties": {}, "geometry": {"type": "LineString", "coordinates": [[690443.66, 5335170.41], [690444.21, 5335171.39], [690444.82, 5335171.68], [690445.8, 5335171.59], [690460.45, 5335167.06], [690462.85, 5335166.5], [690470.21, 5335164.06], [690472.17, 5335163.66], [690473.06, 5335162.6], [690472.17, 5335162.38], [690471.19, 5335162.5], [690461.43, 5335165.19], [690459.47, 5335165.58], [690456.54, 5335165.6], [690452.68, 5335166.5], [690444.82, 5335169.09], [690444.18, 5335169.43], [690443.66, 5335170.41]]}}, {"type": "Feature", "properties": {}, "geometry": {"type": "LineString", "coordinates": [[690446.33, 5335178.22], [690446.44, 5335179.2], [690446.78, 5335179.69], [690447.75, 5335179.96], [690456.54, 5335177.57], [690457.06, 5335177.25], [690457.49, 5335176.27], [690457.15, 5335175.29], [690456.54, 5335174.84], [690455.57, 5335174.85], [690447.75, 5335177.04], [690446.78, 5335177.57], [690446.33, 5335178.22]]}}, {"type": "Feature", "properties": {}, "geometry": {"type": "LineString", "coordinates": [[690454.59, 5334748.54], [690454.74, 5334745.61], [690455.57, 5334744.78], [690456.54, 5334744.65], [690459.47, 5334745.1], [690475.1, 5334745.13], [690478.03, 5334745.6], [690493.65, 5334745.61], [690497.56, 5334746.09], [690512.21, 5334746.1], [690515.14, 5334746.54], [690521.0, 5334746.73], [690521.82, 5334747.56], [690522.46, 5334752.44], [690522.46, 5334766.11], [690522.95, 5334770.02], [690522.95, 5334783.69], [690523.44, 5334787.6], [690523.44, 5334805.18], [690523.92, 5334809.08], [690523.94, 5334828.61], [690524.4, 5334831.54], [690524.42, 5334892.09], [690524.86, 5334895.02], [690524.95, 5334898.93], [690525.34, 5334900.88], [690525.4, 5334903.81], [690525.87, 5334906.74], [690525.89, 5334909.67], [690526.35, 5334912.6], [690526.42, 5334915.53], [690526.81, 5334917.48], [690526.87, 5334920.41], [690528.71, 5334931.15], [690528.32, 5334934.08], [690528.31, 5334939.94], [690527.83, 5334941.89], [690526.12, 5334945.8], [690524.38, 5334948.73], [690521.97, 5334951.51], [690521.0, 5334951.98], [690512.21, 5334950.64], [690494.63, 5334947.31], [690461.43, 5334942.23], [690460.45, 5334941.62], [690460.08, 5334940.92], [690460.01, 5334938.96], [690460.45, 5334936.04], [690460.45, 5334925.29], [690459.96, 5334921.39], [690459.95, 5334910.64], [690459.48, 5334907.71], [690459.47, 5334896.97], [690458.99, 5334893.07], [690458.94, 5334882.32], [690458.5, 5334879.39], [690458.49, 5334868.65], [690458.02, 5334865.72], [690458.0, 5334854.98], [690457.53, 5334852.05], [690457.52, 5334841.31], [690457.03, 5334837.4], [690456.98, 5334826.66], [690456.54, 5334823.73], [690456.53, 5334812.99], [690456.07, 5334810.06], [690456.04, 5334798.34], [690455.58, 5334795.41], [690455.56, 5334779.79], [690455.09, 5334776.86], [690455.08, 5334762.21], [690454.59, 5334758.3], [690454.59, 5334748.54]]}}, {"type": "Feature", "properties": {}, "geometry": {"type": "LineString", "coordinates": [[690462.62, 5335308.11], [690462.99, 5335309.08], [690463.38, 5335309.38], [690464.36, 5335309.26], [690465.33, 5335308.79], [690506.63, 5335285.64], [690512.21, 5335282.32], [690518.82, 5335278.81], [690523.75, 5335275.88], [690524.5, 5335274.9], [690523.93, 5335274.42], [690522.23, 5335274.9], [690520.02, 5335276.32], [690517.09, 5335277.69], [690503.42, 5335285.26], [690487.93, 5335293.46], [690485.84, 5335294.78], [690464.44, 5335306.15], [690463.1, 5335307.13], [690462.62, 5335308.11]]}}, {"type": "Feature", "properties": {}, "geometry": {"type": "LineString", "coordinates": [[690484.17, 5335155.76], [690484.29, 5335156.74], [690485.84, 5335158.51], [690486.82, 5335158.91], [690487.79, 5335158.67], [690489.75, 5335157.71], [690490.92, 5335156.74], [690491.51, 5335154.79], [690491.39, 5335153.81], [690490.72, 5335153.32], [690489.75, 5335153.44], [690485.63, 5335154.79], [690484.17, 5335155.76]]}}, {"type": "Feature", "properties": {}, "geometry": {"type": "LineString", "coordinates": [[690499.27, 5335152.83], [690499.58, 5335153.81], [690500.49, 5335154.7], [690502.44, 5335155.19], [690503.72, 5335156.74], [690503.74, 5335157.71], [690502.88, 5335159.67], [690503.31, 5335160.64], [690505.37, 5335160.91], [690510.25, 5335162.6], [690513.18, 5335164.23], [690516.11, 5335166.68], [690517.09, 5335167.22], [690517.87, 5335166.5], [690518.08, 5335160.64], [690517.63, 5335157.71], [690517.54, 5335153.81], [690517.09, 5335152.46], [690516.11, 5335151.31], [690511.23, 5335149.95], [690506.35, 5335149.95], [690503.42, 5335150.64], [690499.95, 5335151.86], [690499.27, 5335152.83]]}}, {"type": "Feature", "properties": {}, "geometry": {"type": "LineString", "coordinates": [[690515.62, 5334328.61], [690515.64, 5334355.96], [690516.06, 5334358.89], [690515.63, 5334361.82], [690515.63, 5334387.21], [690516.03, 5334389.16], [690517.09, 5334389.59], [690528.81, 5334389.65], [690532.71, 5334389.16], [690565.92, 5334389.16], [690569.82, 5334388.67], [690588.38, 5334388.67], [690592.29, 5334389.16], [690624.51, 5334389.17], [690627.44, 5334389.64], [690641.11, 5334389.65], [690645.02, 5334390.14], [690658.69, 5334390.15], [690661.62, 5334390.61], [690675.29, 5334390.63], [690679.2, 5334391.11], [690692.87, 5334391.12], [690695.8, 5334391.59], [690709.47, 5334391.6], [690713.38, 5334392.09], [690725.1, 5334392.02], [690726.07, 5334391.49], [690726.55, 5334390.14], [690732.06, 5334360.84], [690742.59, 5334310.06], [690742.36, 5334309.08], [690741.7, 5334308.47], [690740.72, 5334308.14], [690678.22, 5334295.77], [690633.3, 5334286.5], [690522.95, 5334262.73], [690518.07, 5334261.94], [690517.61, 5334262.21], [690517.14, 5334263.18], [690517.08, 5334272.95], [690516.61, 5334275.88], [690516.59, 5334295.41], [690516.11, 5334299.32], [690516.11, 5334323.73], [690515.62, 5334328.61]]}}, {"type": "Feature", "properties": {}, "geometry": {"type": "LineString", "coordinates": [[690515.62, 5334398.93], [690515.64, 5334404.79], [690516.1, 5334407.71], [690516.11, 5334418.46], [690516.6, 5334422.36], [690516.6, 5334432.13], [690517.09, 5334436.04], [690517.09, 5334445.8], [690517.58, 5334449.71], [690517.59, 5334460.45], [690518.06, 5334463.38], [690518.08, 5334474.12], [690518.54, 5334477.05], [690518.57, 5334487.79], [690519.03, 5334490.72], [690519.05, 5334501.46], [690519.52, 5334504.39], [690519.53, 5334515.14], [690520.02, 5334519.04], [690520.02, 5334526.86], [690520.51, 5334530.76], [690520.52, 5334537.6], [690520.99, 5334540.53], [690521.01, 5334547.36], [690521.47, 5334550.29], [690521.49, 5334557.13], [690521.93, 5334560.06], [690522.02, 5334567.87], [690522.41, 5334569.82], [690522.47, 5334577.64], [690522.94, 5334580.57], [690522.95, 5334587.4], [690523.39, 5334590.33], [690523.49, 5334598.14], [690523.88, 5334600.1], [690523.94, 5334607.91], [690524.4, 5334610.84], [690524.43, 5334617.68], [690525.05, 5334621.58], [690525.88, 5334622.41], [690526.86, 5334622.55], [690541.5, 5334622.56], [690545.41, 5334623.05], [690562.99, 5334623.06], [690565.92, 5334623.52], [690584.47, 5334623.55], [690587.4, 5334624.01], [690604.98, 5334624.03], [690608.89, 5334624.51], [690626.46, 5334624.52], [690629.39, 5334624.99], [690649.9, 5334625.0], [690653.81, 5334625.49], [690675.29, 5334625.49], [690679.2, 5334625.97], [690686.04, 5334625.97], [690687.99, 5334625.58], [690688.92, 5334622.56], [690698.29, 5334556.15], [690710.89, 5334473.14], [690719.85, 5334410.64], [690721.44, 5334403.81], [690723.21, 5334398.93], [690723.38, 5334397.95], [690723.14, 5334397.5], [690722.17, 5334397.04], [690721.19, 5334396.98], [690708.5, 5334396.96], [690705.57, 5334396.5], [690691.89, 5334396.48], [690687.99, 5334396.0], [690674.32, 5334395.99], [690671.39, 5334395.52], [690657.71, 5334395.51], [690653.81, 5334395.02], [690640.14, 5334395.01], [690637.21, 5334394.54], [690623.54, 5334394.53], [690619.63, 5334394.04], [690537.6, 5334394.04], [690533.69, 5334394.52], [690517.09, 5334394.68], [690516.11, 5334395.29], [690515.74, 5334396.0], [690515.62, 5334398.93]]}}, {"type": "Feature", "properties": {}, "geometry": {"type": "LineString", "coordinates": [[690520.78, 5335173.34], [690522.33, 5335179.2], [690522.94, 5335183.11], [690523.41, 5335184.08], [690523.93, 5335184.41], [690525.88, 5335184.52], [690527.83, 5335184.13], [690530.76, 5335183.98], [690531.74, 5335183.29], [690531.73, 5335177.25], [690531.26, 5335174.32], [690531.12, 5335170.41], [690530.27, 5335168.46], [690526.04, 5335160.64], [690522.95, 5335156.18], [690521.97, 5335155.43], [690521.4, 5335155.76], [690521.07, 5335156.74], [690521.0, 5335164.55], [690521.42, 5335167.48], [690521.04, 5335169.43], [690520.78, 5335173.34]]}}, {"type": "Feature", "properties": {}, "geometry": {"type": "LineString", "coordinates": [[690523.87, 5335147.95], [690524.94, 5335146.97], [690526.87, 5335146.0], [690528.81, 5335145.33], [690529.79, 5335145.44], [690530.51, 5335147.95], [690530.76, 5335149.9], [690530.6, 5335153.81], [690529.83, 5335154.79], [690528.81, 5335153.91], [690525.88, 5335150.36], [690524.24, 5335148.93], [690523.87, 5335147.95]]}}, {"type": "Feature", "properties": {}, "geometry": {"type": "LineString", "coordinates": [[690524.07, 5335191.89], [690524.09, 5335190.92], [690524.9, 5335190.1], [690528.81, 5335190.08], [690529.8, 5335190.92], [690530.12, 5335191.89], [690530.1, 5335192.87], [690529.79, 5335193.39], [690528.81, 5335193.95], [690527.83, 5335194.24], [690525.88, 5335194.31], [690524.81, 5335193.85], [690524.07, 5335191.89]]}}, {"type": "Feature", "properties": {}, "geometry": {"type": "LineString", "coordinates": [[690525.03, 5335198.73], [690527.88, 5335222.17], [690530.53, 5335236.82], [690532.8, 5335243.65], [690535.92, 5335251.46], [690538.44, 5335257.32], [690539.55, 5335258.02], [690540.53, 5335257.77], [690541.5, 5335257.06], [690541.88, 5335256.35], [690541.86, 5335254.39], [690537.16, 5335230.96], [690533.74, 5335206.54], [690533.68, 5335203.61], [690533.04, 5335197.75], [690532.71, 5335197.24], [690531.74, 5335196.83], [690526.86, 5335197.26], [690525.51, 5335197.75], [690525.03, 5335198.73]]}}, {"type": "Feature", "properties": {}, "geometry": {"type": "LineString", "coordinates": [[690527.34, 5334634.28], [690527.35, 5334644.04], [690527.83, 5334647.95], [690527.83, 5334660.64], [690528.32, 5334664.55], [690528.33, 5334677.25], [690528.8, 5334680.18], [690528.81, 5334692.87], [690529.3, 5334696.78], [690529.31, 5334709.47], [690529.77, 5334712.4], [690529.79, 5334725.1], [690530.27, 5334729.0], [690530.29, 5334739.75], [690530.43, 5334740.72], [690530.76, 5334741.24], [690531.74, 5334741.66], [690535.64, 5334742.18], [690546.39, 5334742.2], [690549.32, 5334742.67], [690560.06, 5334742.68], [690563.96, 5334743.16], [690574.71, 5334743.18], [690577.64, 5334743.64], [690588.38, 5334743.66], [690591.31, 5334744.13], [690602.05, 5334744.14], [690605.96, 5334744.63], [690615.72, 5334744.63], [690619.63, 5334745.12], [690629.39, 5334745.12], [690633.3, 5334745.6], [690643.07, 5334745.62], [690646.0, 5334746.08], [690655.76, 5334746.1], [690659.67, 5334746.58], [690674.32, 5334746.58], [690678.22, 5334747.07], [690694.82, 5334747.07], [690698.73, 5334747.56], [690715.33, 5334747.56], [690719.24, 5334748.05], [690735.84, 5334748.05], [690739.75, 5334748.53], [690757.32, 5334748.55], [690760.25, 5334749.01], [690777.83, 5334749.04], [690780.76, 5334749.5], [690791.5, 5334749.5], [690792.48, 5334749.36], [690793.3, 5334748.54], [690792.96, 5334741.7], [690792.49, 5334738.77], [690792.47, 5334735.84], [690792.0, 5334732.91], [690791.49, 5334724.12], [690791.03, 5334721.19], [690790.97, 5334717.29], [690790.57, 5334715.33], [690790.48, 5334711.43], [690790.09, 5334709.47], [690789.51, 5334699.71], [690789.11, 5334697.75], [690789.05, 5334693.85], [690788.58, 5334690.92], [690788.56, 5334687.99], [690787.61, 5334679.2], [690787.6, 5334663.57], [690788.04, 5334660.64], [690788.13, 5334656.74], [690790.16, 5334645.02], [690791.8, 5334638.18], [690791.6, 5334637.21], [690790.53, 5334636.52], [690785.64, 5334635.38], [690780.76, 5334634.77], [690771.0, 5334634.75], [690768.07, 5334634.29], [690754.39, 5334634.28], [690750.49, 5334633.79], [690737.79, 5334633.79], [690733.89, 5334633.3], [690720.21, 5334633.29], [690717.29, 5334632.82], [690703.61, 5334632.81], [690699.71, 5334632.33], [690694.82, 5334632.33], [690691.89, 5334633.25], [690690.92, 5334633.3], [690669.43, 5334633.29], [690666.5, 5334632.82], [690645.02, 5334632.81], [690641.11, 5334632.33], [690621.58, 5334632.31], [690618.65, 5334631.85], [690601.07, 5334631.83], [690597.17, 5334631.35], [690579.59, 5334631.34], [690576.66, 5334630.87], [690559.08, 5334630.86], [690555.18, 5334630.37], [690537.6, 5334630.36], [690533.69, 5334629.88], [690528.81, 5334629.94], [690527.83, 5334630.28], [690527.4, 5334631.35], [690527.34, 5334634.28]]}}, {"type": "Feature", "properties": {}, "geometry": {"type": "LineString", "coordinates": [[690528.12, 5334957.52], [690529.79, 5334963.63], [690530.23, 5334964.36], [690530.76, 5334964.69], [690531.74, 5334964.82], [690535.64, 5334964.36], [690552.25, 5334964.35], [690555.18, 5334963.88], [690577.64, 5334963.87], [690580.57, 5334964.31], [690585.45, 5334964.4], [690587.4, 5334964.8], [690592.29, 5334964.89], [690594.24, 5334965.29], [690599.12, 5334965.38], [690601.07, 5334965.77], [690605.96, 5334965.87], [690607.91, 5334966.26], [690611.82, 5334966.32], [690618.65, 5334967.24], [690622.56, 5334967.21], [690623.49, 5334966.31], [690624.47, 5334963.38], [690624.5, 5334957.52], [690624.04, 5334954.59], [690624.02, 5334947.75], [690623.58, 5334944.82], [690623.52, 5334937.01], [690623.06, 5334934.08], [690623.05, 5334927.25], [690622.6, 5334924.32], [690622.55, 5334916.5], [690622.08, 5334913.57], [690622.07, 5334906.74], [690621.63, 5334903.81], [690621.58, 5334896.0], [690621.14, 5334893.07], [690621.08, 5334885.25], [690620.62, 5334882.32], [690620.6, 5334875.49], [690620.17, 5334872.56], [690620.1, 5334865.72], [690619.64, 5334862.79], [690619.62, 5334855.96], [690619.15, 5334853.03], [690619.09, 5334846.19], [690618.7, 5334844.24], [690618.61, 5334836.43], [690618.21, 5334834.47], [690618.11, 5334831.54], [690617.68, 5334830.37], [690615.72, 5334830.08], [690580.57, 5334830.08], [690576.66, 5334830.56], [690540.53, 5334830.58], [690537.6, 5334831.04], [690533.69, 5334831.11], [690532.63, 5334831.54], [690532.23, 5334833.5], [690532.23, 5334866.7], [690532.71, 5334871.58], [690532.73, 5334896.0], [690533.19, 5334898.93], [690533.25, 5334901.86], [690533.65, 5334903.81], [690533.74, 5334907.71], [690534.13, 5334909.67], [690534.19, 5334912.6], [690534.66, 5334915.53], [690534.68, 5334918.46], [690536.61, 5334930.18], [690536.62, 5334935.06], [690536.18, 5334937.99], [690536.12, 5334941.89], [690535.64, 5334943.85], [690533.66, 5334948.73], [690530.76, 5334953.61], [690528.38, 5334956.54], [690528.12, 5334957.52]]}}, {"type": "Feature", "properties": {}, "geometry": {"type": "LineString", "coordinates": [[690528.81, 5334976.07], [690528.82, 5334987.79], [690529.28, 5334990.72], [690529.35, 5334994.63], [690529.74, 5334996.58], [690529.8, 5335000.49], [690530.26, 5335003.42], [690530.32, 5335007.32], [690530.72, 5335009.28], [690530.77, 5335013.18], [690531.24, 5335016.11], [690531.3, 5335020.02], [690531.69, 5335021.97], [690531.75, 5335025.88], [690532.21, 5335028.81], [690532.27, 5335032.71], [690532.67, 5335034.67], [690532.73, 5335038.57], [690533.19, 5335041.5], [690533.25, 5335045.41], [690533.86, 5335048.34], [690534.67, 5335049.09], [690535.64, 5335049.03], [690551.27, 5335044.51], [690590.33, 5335031.99], [690593.26, 5335031.42], [690594.24, 5335031.89], [690596.84, 5335034.67], [690597.17, 5335035.44], [690597.35, 5335036.62], [690598.42, 5335039.55], [690624.5, 5335104.0], [690625.49, 5335104.78], [690626.46, 5335104.67], [690630.37, 5335103.24], [690644.04, 5335097.87], [690690.92, 5335077.43], [690765.14, 5335046.3], [690766.85, 5335045.41], [690767.4, 5335044.43], [690767.31, 5335043.46], [690759.53, 5335019.04], [690750.72, 5334988.77], [690749.65, 5334985.84], [690749.52, 5334979.98], [690750.91, 5334971.19], [690750.58, 5334970.21], [690749.51, 5334969.77], [690746.58, 5334969.25], [690735.84, 5334969.24], [690732.91, 5334968.8], [690727.05, 5334968.75], [690724.12, 5334969.19], [690716.31, 5334969.28], [690714.36, 5334969.68], [690706.54, 5334969.77], [690703.61, 5334970.21], [690687.01, 5334970.23], [690684.08, 5334970.69], [690667.48, 5334970.7], [690663.57, 5334971.19], [690655.76, 5334971.24], [690640.14, 5334973.58], [690629.39, 5334973.63], [690627.44, 5334973.51], [690624.51, 5334972.78], [690617.68, 5334972.12], [690615.72, 5334971.73], [690612.79, 5334971.63], [690610.84, 5334971.24], [690605.96, 5334971.15], [690604.0, 5334970.75], [690599.12, 5334970.65], [690597.17, 5334970.26], [690592.29, 5334970.17], [690590.33, 5334969.77], [690585.45, 5334969.68], [690583.5, 5334969.28], [690578.61, 5334969.19], [690576.66, 5334968.8], [690560.06, 5334968.75], [690556.15, 5334969.23], [690537.6, 5334969.24], [690534.67, 5334969.68], [690530.76, 5334969.78], [690529.79, 5334970.13], [690529.35, 5334971.19], [690528.85, 5334974.12], [690528.81, 5334976.07]]}}, {"type": "Feature", "properties": {}, "geometry": {"type": "LineString", "coordinates": [[690530.27, 5334751.46], [690530.28, 5334759.28], [690530.76, 5334763.18], [690530.76, 5334776.86], [690531.25, 5334780.76], [690531.26, 5334797.36], [690531.73, 5334800.29], [690531.75, 5334818.85], [690532.39, 5334824.71], [690532.71, 5334825.22], [690533.69, 5334825.64], [690566.89, 5334825.68], [690570.8, 5334825.2], [690605.96, 5334825.19], [690609.86, 5334824.71], [690618.65, 5334824.66], [690621.58, 5334824.22], [690655.76, 5334824.21], [690659.67, 5334823.73], [690710.45, 5334823.73], [690715.33, 5334823.24], [690722.17, 5334823.29], [690725.1, 5334824.09], [690727.05, 5334824.22], [690730.96, 5334823.73], [690744.63, 5334823.72], [690747.56, 5334823.25], [690762.21, 5334823.23], [690765.14, 5334822.76], [690778.81, 5334822.75], [690782.71, 5334822.27], [690796.39, 5334822.26], [690800.29, 5334821.51], [690800.82, 5334820.8], [690800.77, 5334817.87], [690799.85, 5334811.04], [690799.76, 5334808.11], [690799.36, 5334806.15], [690798.78, 5334799.32], [690798.39, 5334797.36], [690798.29, 5334794.43], [690797.9, 5334792.48], [690797.32, 5334785.64], [690796.92, 5334783.69], [690796.83, 5334780.76], [690795.46, 5334770.02], [690795.36, 5334767.09], [690794.97, 5334765.14], [690794.39, 5334758.3], [690793.79, 5334755.37], [690793.46, 5334754.85], [690792.48, 5334754.44], [690775.88, 5334754.38], [690772.95, 5334753.92], [690755.37, 5334753.9], [690751.46, 5334753.42], [690734.86, 5334753.42], [690730.96, 5334752.93], [690714.36, 5334752.93], [690710.45, 5334752.44], [690693.85, 5334752.44], [690689.94, 5334751.95], [690672.36, 5334751.94], [690669.43, 5334751.48], [690655.76, 5334751.45], [690652.83, 5334750.99], [690643.07, 5334750.96], [690640.14, 5334750.5], [690630.37, 5334750.49], [690626.46, 5334750.0], [690615.72, 5334749.99], [690612.79, 5334749.52], [690602.05, 5334749.5], [690599.12, 5334749.04], [690588.38, 5334749.02], [690584.47, 5334748.54], [690573.73, 5334748.52], [690570.8, 5334748.06], [690560.06, 5334748.03], [690557.13, 5334747.57], [690546.39, 5334747.56], [690542.48, 5334747.07], [690531.74, 5334747.02], [690530.76, 5334747.23], [690530.32, 5334748.54], [690530.27, 5334751.46]]}}, {"type": "Feature", "properties": {}, "geometry": {"type": "LineString", "coordinates": [[690536.13, 5335059.08], [690536.18, 5335064.94], [690536.58, 5335066.89], [690536.62, 5335068.85], [690536.61, 5335091.31], [690536.13, 5335095.21], [690536.13, 5335124.51], [690536.58, 5335127.44], [690536.63, 5335131.35], [690537.1, 5335134.28], [690537.2, 5335137.21], [690537.6, 5335138.29], [690538.57, 5335138.33], [690540.53, 5335137.61], [690555.18, 5335131.14], [690614.75, 5335109.1], [690617.78, 5335107.91], [690618.77, 5335106.93], [690618.71, 5335105.96], [690618.08, 5335104.0], [690614.96, 5335096.19], [690596.4, 5335050.29], [690591.96, 5335039.55], [690591.31, 5335038.66], [690590.33, 5335038.43], [690589.36, 5335038.66], [690552.25, 5335050.53], [690537.6, 5335054.72], [690536.68, 5335055.18], [690536.21, 5335056.15], [690536.13, 5335059.08]]}}, {"type": "Feature", "properties": {}, "geometry": {"type": "LineString", "coordinates": [[690538.09, 5335146.97], [690538.09, 5335156.74], [690538.57, 5335160.64], [690538.58, 5335171.39], [690539.05, 5335174.32], [690539.07, 5335178.22], [690539.54, 5335181.15], [690539.56, 5335183.11], [690539.76, 5335184.08], [690541.45, 5335186.04], [690541.98, 5335187.01], [690542.87, 5335189.94], [690542.39, 5335191.89], [690540.58, 5335195.8], [690540.57, 5335198.73], [690540.97, 5335200.68], [690541.03, 5335204.59], [690544.97, 5335231.93], [690548.47, 5335249.51], [690549.32, 5335252.11], [690550.29, 5335252.32], [690552.25, 5335251.46], [690569.82, 5335241.95], [690590.33, 5335231.94], [690658.69, 5335203.12], [690661.05, 5335201.66], [690661.05, 5335200.68], [690659.88, 5335197.75], [690622.55, 5335113.77], [690621.58, 5335111.98], [690620.61, 5335111.37], [690617.68, 5335112.22], [690593.26, 5335121.18], [690553.24, 5335136.23], [690539.55, 5335142.39], [690538.57, 5335143.06], [690538.16, 5335144.04], [690538.09, 5335146.97]]}}, {"type": "Feature", "properties": {}, "geometry": {"type": "LineString", "coordinates": [[690550.78, 5335269.04], [690551.26, 5335272.95], [690551.28, 5335275.88], [690551.75, 5335278.81], [690551.95, 5335286.62], [690561.33, 5335312.99], [690562.01, 5335314.08], [690562.99, 5335314.46], [690567.87, 5335313.77], [690568.85, 5335313.85], [690569.82, 5335315.48], [690570.12, 5335316.89], [690569.82, 5335317.98], [690568.85, 5335318.56], [690564.94, 5335319.44], [690564.29, 5335319.82], [690564.13, 5335320.8], [690567.46, 5335331.54], [690574.31, 5335352.05], [690582.8, 5335373.54], [690596.89, 5335407.71], [690629.18, 5335493.65], [690630.37, 5335496.66], [690631.35, 5335497.55], [690632.32, 5335497.44], [690641.11, 5335494.05], [690693.85, 5335473.36], [690817.87, 5335424.02], [690818.96, 5335423.34], [690819.29, 5335422.36], [690817.29, 5335416.5], [690782.93, 5335329.59], [690781.74, 5335327.02], [690781.0, 5335326.66], [690779.79, 5335326.89], [690775.88, 5335328.4], [690751.46, 5335338.59], [690717.29, 5335352.13], [690712.4, 5335353.39], [690705.57, 5335354.48], [690694.82, 5335354.44], [690686.04, 5335352.78], [690666.5, 5335347.89], [690654.79, 5335344.15], [690642.1, 5335339.36], [690634.28, 5335335.69], [690622.56, 5335329.07], [690616.7, 5335325.19], [690609.86, 5335319.69], [690606.93, 5335317.71], [690604.0, 5335316.21], [690599.12, 5335315.43], [690588.38, 5335315.31], [690586.43, 5335315.53], [690585.45, 5335315.36], [690585.05, 5335314.94], [690589.18, 5335312.99], [690595.21, 5335310.68], [690601.07, 5335310.55], [690604.0, 5335311.04], [690607.91, 5335312.51], [690609.86, 5335313.64], [690614.41, 5335316.89], [690618.65, 5335320.45], [690625.07, 5335324.71], [690636.23, 5335331.05], [690645.02, 5335335.17], [690654.79, 5335338.78], [690667.48, 5335343.01], [690687.01, 5335347.9], [690696.78, 5335349.56], [690704.59, 5335349.56], [690706.54, 5335349.17], [690708.5, 5335349.08], [690715.33, 5335347.53], [690722.17, 5335344.94], [690748.54, 5335334.38], [690781.74, 5335320.59], [690816.89, 5335306.73], [690835.45, 5335299.72], [690844.19, 5335295.41], [690849.03, 5335292.48], [690859.86, 5335278.81], [690866.67, 5335268.07], [690880.12, 5335245.61], [690882.54, 5335240.72], [690885.0, 5335234.86], [690891.48, 5335207.52], [690895.06, 5335186.04], [690897.82, 5335172.36], [690898.56, 5335166.5], [690900.03, 5335158.69], [690902.96, 5335148.93], [690906.33, 5335140.14], [690907.1, 5335137.21], [690907.7, 5335133.3], [690907.72, 5335125.49], [690908.2, 5335121.58], [690908.19, 5335114.75], [690907.81, 5335112.79], [690906.74, 5335112.61], [690904.79, 5335113.29], [690893.07, 5335118.86], [690871.58, 5335127.72], [690821.78, 5335149.14], [690660.66, 5335216.31], [690597.17, 5335243.17], [690592.29, 5335245.36], [690572.75, 5335255.13], [690552.3, 5335266.11], [690551.19, 5335267.09], [690550.78, 5335269.04]]}}, {"type": "Feature", "properties": {}, "geometry": {"type": "LineString", "coordinates": [[690623.12, 5334831.54], [690623.52, 5334834.47], [690623.55, 5334841.31], [690624.01, 5334844.24], [690624.07, 5334851.07], [690624.47, 5334853.03], [690624.51, 5334859.86], [690624.95, 5334862.79], [690625.02, 5334869.63], [690625.49, 5334870.98], [690626.46, 5334871.51], [690629.39, 5334871.14], [690634.28, 5334871.05], [690636.23, 5334870.65], [690641.11, 5334870.56], [690643.07, 5334870.17], [690647.95, 5334870.07], [690649.9, 5334869.68], [690654.79, 5334869.62], [690657.71, 5334869.16], [690661.62, 5334869.13], [690664.55, 5334868.66], [690668.46, 5334868.64], [690671.39, 5334868.18], [690675.29, 5334868.16], [690678.22, 5334867.69], [690682.13, 5334867.67], [690685.06, 5334867.2], [690688.96, 5334867.18], [690691.89, 5334866.71], [690696.78, 5334866.65], [690698.73, 5334866.26], [690703.61, 5334866.17], [690705.57, 5334865.77], [690717.29, 5334865.19], [690719.24, 5334864.79], [690722.17, 5334864.66], [690723.21, 5334863.77], [690723.1, 5334858.89], [690722.7, 5334856.93], [690722.64, 5334854.0], [690722.18, 5334851.07], [690722.16, 5334848.14], [690721.69, 5334845.21], [690721.63, 5334842.29], [690721.24, 5334840.33], [690721.15, 5334836.43], [690720.75, 5334834.47], [690720.68, 5334831.54], [690720.21, 5334830.19], [690719.24, 5334829.66], [690675.29, 5334829.59], [690671.39, 5334830.08], [690625.49, 5334830.08], [690623.54, 5334830.48], [690623.12, 5334831.54]]}}, {"type": "Feature", "properties": {}, "geometry": {"type": "LineString", "coordinates": [[690625.49, 5334878.42], [690625.97, 5334883.3], [690625.99, 5334890.14], [690626.45, 5334893.07], [690626.51, 5334900.88], [690626.95, 5334903.81], [690626.97, 5334910.64], [690627.43, 5334913.57], [690627.45, 5334921.39], [690627.92, 5334924.32], [690627.93, 5334931.15], [690628.42, 5334935.06], [690628.43, 5334941.89], [690628.89, 5334944.82], [690628.95, 5334952.64], [690629.39, 5334955.57], [690629.38, 5334964.36], [690628.59, 5334967.29], [690628.76, 5334968.26], [690629.39, 5334968.59], [690637.21, 5334968.7], [690639.16, 5334968.31], [690643.07, 5334968.14], [690654.79, 5334966.35], [690659.67, 5334966.26], [690661.62, 5334965.87], [690679.2, 5334965.81], [690682.13, 5334965.34], [690698.73, 5334965.33], [690702.64, 5334964.85], [690711.43, 5334964.83], [690714.36, 5334964.37], [690721.19, 5334964.35], [690724.12, 5334963.88], [690735.84, 5334963.87], [690739.75, 5334964.35], [690748.54, 5334964.4], [690753.42, 5334965.21], [690756.35, 5334965.34], [690759.28, 5334965.81], [690783.69, 5334965.83], [690786.62, 5334966.3], [690815.92, 5334966.3], [690816.89, 5334966.26], [690817.87, 5334965.78], [690818.14, 5334965.33], [690817.87, 5334963.38], [690814.98, 5334951.66], [690813.6, 5334943.85], [690813.43, 5334940.92], [690812.55, 5334935.06], [690812.45, 5334932.13], [690812.06, 5334930.18], [690811.48, 5334921.39], [690811.08, 5334919.43], [690810.99, 5334915.53], [690810.6, 5334913.57], [690810.53, 5334910.64], [690810.07, 5334907.71], [690810.05, 5334904.79], [690809.58, 5334901.86], [690809.52, 5334898.93], [690809.13, 5334896.97], [690809.04, 5334893.07], [690808.64, 5334891.11], [690808.58, 5334888.18], [690808.12, 5334885.25], [690808.1, 5334882.32], [690807.63, 5334879.39], [690807.57, 5334876.46], [690807.17, 5334874.51], [690807.08, 5334870.61], [690806.69, 5334868.65], [690806.63, 5334865.72], [690806.16, 5334862.79], [690806.11, 5334860.84], [690805.68, 5334859.86], [690805.18, 5334859.52], [690802.25, 5334859.84], [690797.36, 5334859.89], [690793.46, 5334860.82], [690786.62, 5334861.34], [690784.67, 5334861.75], [690777.83, 5334862.28], [690766.11, 5334863.75], [690764.16, 5334863.77], [690738.77, 5334866.68], [690731.93, 5334867.2], [690729.0, 5334867.72], [690726.07, 5334868.86], [690721.19, 5334868.66], [690718.26, 5334869.12], [690714.36, 5334869.15], [690711.43, 5334869.62], [690707.52, 5334869.64], [690704.59, 5334870.1], [690700.68, 5334870.12], [690697.75, 5334870.59], [690692.87, 5334870.65], [690690.92, 5334871.04], [690686.04, 5334871.14], [690684.08, 5334871.53], [690672.36, 5334872.11], [690670.41, 5334872.51], [690658.69, 5334873.09], [690656.74, 5334873.49], [690651.86, 5334873.55], [690648.93, 5334874.01], [690645.02, 5334874.03], [690642.09, 5334874.5], [690638.18, 5334874.52], [690635.25, 5334874.98], [690631.35, 5334875.01], [690626.46, 5334875.64], [690625.64, 5334876.46], [690625.49, 5334878.42]]}}, {"type": "Feature", "properties": {}, "geometry": {"type": "LineString", "coordinates": [[690626.43, 5335109.86], [690627.45, 5335112.79], [690664.34, 5335195.8], [690665.53, 5335198.24], [690666.5, 5335199.44], [690667.48, 5335199.39], [690672.36, 5335197.48], [690761.23, 5335160.16], [690820.8, 5335135.47], [690864.75, 5335116.49], [690886.23, 5335107.63], [690900.88, 5335100.83], [690902.2, 5335100.1], [690902.95, 5335099.12], [690902.8, 5335098.14], [690902.31, 5335097.17], [690897.81, 5335090.33], [690895.85, 5335086.43], [690894.04, 5335085.09], [690892.44, 5335083.5], [690849.12, 5335030.43], [690848.02, 5335028.81], [690847.17, 5335025.76], [690845.21, 5335023.71], [690842.29, 5335021.35], [690841.31, 5335020.74], [690840.33, 5335020.78], [690814.94, 5335030.55], [690774.9, 5335047.58], [690771.97, 5335048.73], [690769.04, 5335048.98], [690768.07, 5335049.32], [690697.75, 5335078.89], [690645.02, 5335101.77], [690628.42, 5335108.19], [690627.01, 5335108.89], [690626.43, 5335109.86]]}}, {"type": "Feature", "properties": {}, "geometry": {"type": "LineString", "coordinates": [[690633.09, 5335503.42], [690634.37, 5335507.32], [690639.25, 5335520.02], [690675.51, 5335611.82], [690704.87, 5335687.01], [690705.57, 5335688.6], [690706.54, 5335689.51], [690707.52, 5335689.09], [690710.45, 5335687.12], [690711.43, 5335687.07], [690712.07, 5335687.99], [690713.06, 5335692.87], [690712.59, 5335693.85], [690710.0, 5335696.78], [690708.62, 5335700.68], [690708.54, 5335702.64], [690710.37, 5335708.5], [690722.45, 5335741.7], [690723.88, 5335743.65], [690727.11, 5335746.58], [690729.98, 5335747.79], [690731.93, 5335748.13], [690733.89, 5335748.16], [690734.86, 5335748.53], [690736.3, 5335750.49], [690737.27, 5335752.44], [690737.53, 5335753.42], [690736.82, 5335754.28], [690732.61, 5335755.37], [690732.52, 5335756.35], [690733.19, 5335758.3], [690739.53, 5335773.93], [690746.01, 5335788.57], [690757.41, 5335817.87], [690785.92, 5335889.16], [690805.39, 5335937.01], [690814.24, 5335959.47], [690815.06, 5335961.43], [690815.77, 5335962.4], [690816.89, 5335962.58], [690817.87, 5335962.31], [690829.59, 5335957.92], [690921.39, 5335923.25], [690957.52, 5335909.27], [691002.44, 5335892.3], [691003.42, 5335891.76], [691004.07, 5335891.11], [691004.21, 5335890.14], [691003.9, 5335889.16], [690995.69, 5335869.63], [690986.6, 5335846.19], [690966.22, 5335791.5], [690937.78, 5335722.17], [690912.02, 5335656.74], [690911.59, 5335655.76], [690910.64, 5335654.76], [690909.67, 5335654.84], [690905.76, 5335656.35], [690904.79, 5335656.14], [690903.91, 5335654.79], [690901.38, 5335648.93], [690901.03, 5335647.95], [690901.08, 5335646.97], [690902.34, 5335646.0], [690904.79, 5335644.92], [690906.14, 5335644.04], [690906.35, 5335643.07], [690906.03, 5335642.09], [690877.53, 5335572.75], [690869.72, 5335553.22], [690853.6, 5335512.21], [690825.41, 5335437.99], [690821.78, 5335429.01], [690820.8, 5335428.49], [690818.85, 5335428.99], [690693.85, 5335478.73], [690636.23, 5335501.25], [690633.61, 5335502.44], [690633.09, 5335503.42]]}}, {"type": "Feature", "properties": {}, "geometry": {"type": "LineString", "coordinates": [[690639.31, 5334280.76], [690639.32, 5334281.74], [690640.14, 5334282.62], [690642.09, 5334283.17], [690679.2, 5334290.89], [690744.63, 5334303.84], [690809.08, 5334318.72], [690838.38, 5334324.17], [690854.0, 5334326.65], [690857.91, 5334326.65], [690860.84, 5334326.23], [690862.79, 5334326.56], [690869.0, 5334324.71], [690869.41, 5334323.73], [690867.31, 5334313.96], [690867.14, 5334310.06], [690866.75, 5334308.11], [690866.75, 5334305.18], [690867.81, 5334299.32], [690868.17, 5334298.34], [690870.36, 5334293.46], [690872.64, 5334289.55], [690873.54, 5334288.62], [690874.51, 5334289.0], [690874.88, 5334289.55], [690874.9, 5334290.53], [690874.63, 5334291.5], [690874.56, 5334293.46], [690875.12, 5334295.41], [690876.46, 5334297.0], [690878.42, 5334297.91], [690879.39, 5334298.07], [690881.35, 5334297.73], [690883.3, 5334296.73], [690884.4, 5334295.41], [690885.13, 5334293.46], [690885.23, 5334292.48], [690884.73, 5334290.53], [690882.25, 5334287.6], [690881.89, 5334286.62], [690881.67, 5334284.67], [690881.35, 5334284.1], [690879.04, 5334281.74], [690879.16, 5334280.76], [690882.54, 5334275.88], [690882.98, 5334274.9], [690882.32, 5334273.68], [690872.56, 5334267.09], [690861.82, 5334259.41], [690840.33, 5334242.05], [690806.15, 5334214.98], [690781.74, 5334195.18], [690756.35, 5334175.29], [690720.21, 5334147.95], [690696.78, 5334129.26], [690694.82, 5334127.99], [690693.85, 5334128.18], [690693.63, 5334128.42], [690689.94, 5334133.86], [690674.57, 5334161.62], [690670.16, 5334170.41], [690666.78, 5334178.22], [690651.86, 5334216.08], [690646.4, 5334231.93], [690645.06, 5334237.79], [690639.31, 5334280.76]]}}, {"type": "Feature", "properties": {}, "geometry": {"type": "LineString", "coordinates": [[690694.48, 5334625.49], [690694.51, 5334626.46], [690694.82, 5334626.97], [690695.8, 5334627.4], [690704.59, 5334627.45], [690707.52, 5334627.92], [690721.19, 5334627.94], [690724.12, 5334628.41], [690737.79, 5334628.42], [690741.7, 5334628.9], [690755.37, 5334628.92], [690758.3, 5334629.38], [690771.97, 5334629.4], [690774.9, 5334629.87], [690782.71, 5334629.9], [690786.62, 5334630.5], [690793.46, 5334632.07], [690794.43, 5334631.73], [690795.41, 5334630.65], [690798.94, 5334616.7], [690802.74, 5334605.96], [690815.67, 5334578.61], [690827.36, 5334555.18], [690839.85, 5334526.86], [690843.96, 5334518.07], [690853.52, 5334494.63], [690859.87, 5334479.98], [690869.62, 5334459.47], [690877.2, 5334442.87], [690885.99, 5334425.29], [690889.0, 5334420.41], [690891.81, 5334416.5], [690892.26, 5334415.53], [690891.91, 5334412.6], [690892.14, 5334405.76], [690892.67, 5334403.81], [690895.78, 5334396.0], [690897.19, 5334393.07], [690898.18, 5334390.14], [690898.44, 5334388.18], [690898.31, 5334383.3], [690897.21, 5334380.37], [690895.99, 5334378.42], [690883.16, 5334362.79], [690878.42, 5334356.28], [690877.44, 5334356.08], [690874.51, 5334357.02], [690855.96, 5334364.34], [690816.89, 5334377.69], [690779.79, 5334389.04], [690765.14, 5334392.94], [690755.37, 5334394.97], [690746.58, 5334396.44], [690743.65, 5334396.5], [690740.72, 5334396.96], [690731.93, 5334397.0], [690730.96, 5334397.28], [690730.3, 5334397.95], [690729.28, 5334399.9], [690727.46, 5334404.79], [690726.33, 5334408.69], [690725.63, 5334412.6], [690715.21, 5334484.86], [690704.64, 5334554.2], [690694.48, 5334625.49]]}}, {"type": "Feature", "properties": {}, "geometry": {"type": "LineString", "coordinates": [[690711.4, 5334128.42], [690712.4, 5334127.51], [690713.38, 5334127.89], [690738.71, 5334146.97], [690753.42, 5334158.61], [690776.91, 5334178.22], [690801.27, 5334199.21], [690803.72, 5334201.66], [690803.22, 5334202.54], [690798.34, 5334198.75], [690793.46, 5334194.41], [690753.42, 5334161.38], [690732.91, 5334145.28], [690712.4, 5334129.95], [690711.71, 5334129.39], [690711.4, 5334128.42]]}}, {"type": "Feature", "properties": {}, "geometry": {"type": "LineString", "coordinates": [[690725.59, 5334831.54], [690726.06, 5334835.45], [690726.12, 5334838.38], [690726.51, 5334840.33], [690727.06, 5334849.12], [690727.53, 5334852.05], [690727.55, 5334854.98], [690728.02, 5334857.91], [690728.07, 5334860.84], [690728.73, 5334863.77], [690729.0, 5334864.2], [690729.98, 5334864.44], [690733.89, 5334864.24], [690735.84, 5334863.83], [690742.68, 5334863.27], [690744.63, 5334862.86], [690747.56, 5334862.76], [690758.3, 5334861.4], [690761.23, 5334861.31], [690763.18, 5334860.91], [690770.02, 5334860.34], [690771.97, 5334859.93], [690774.9, 5334859.83], [690785.64, 5334858.48], [690788.57, 5334858.38], [690790.53, 5334857.98], [690797.36, 5334857.43], [690799.32, 5334857.0], [690802.25, 5334856.9], [690805.18, 5334856.05], [690805.61, 5334854.98], [690805.62, 5334853.03], [690805.22, 5334851.07], [690805.13, 5334846.19], [690804.74, 5334844.24], [690804.64, 5334839.36], [690804.24, 5334837.4], [690804.07, 5334832.52], [690803.55, 5334829.59], [690803.22, 5334828.92], [690802.25, 5334827.38], [690801.27, 5334826.77], [690786.62, 5334826.66], [690782.71, 5334827.15], [690769.04, 5334827.16], [690766.11, 5334827.63], [690751.46, 5334827.65], [690748.54, 5334828.11], [690733.89, 5334828.17], [690731.93, 5334828.57], [690727.05, 5334828.66], [690726.07, 5334829.07], [690725.74, 5334829.59], [690725.59, 5334831.54]]}}, {"type": "Feature", "properties": {}, "geometry": {"type": "LineString", "coordinates": [[690731.67, 5334391.11], [690731.93, 5334391.57], [690732.91, 5334392.04], [690738.77, 5334392.09], [690748.54, 5334391.07], [690754.39, 5334390.09], [690762.21, 5334388.43], [690778.81, 5334384.16], [690815.92, 5334372.76], [690854.0, 5334359.77], [690874.51, 5334351.73], [690875.4, 5334351.07], [690875.64, 5334350.1], [690875.4, 5334349.12], [690869.35, 5334331.54], [690868.65, 5334330.47], [690867.68, 5334330.27], [690858.89, 5334331.53], [690853.03, 5334331.54], [690842.29, 5334329.95], [690812.01, 5334324.46], [690777.83, 5334316.77], [690749.51, 5334310.08], [690748.54, 5334310.06], [690747.62, 5334311.04], [690747.32, 5334312.01], [690736.94, 5334361.82], [690731.98, 5334388.18], [690731.67, 5334391.11]]}}, {"type": "Feature", "properties": {}, "geometry": {"type": "LineString", "coordinates": [[690754.4, 5334981.93], [690754.52, 5334983.89], [690755.0, 5334985.84], [690765.39, 5335021.0], [690771.25, 5335039.55], [690771.97, 5335041.19], [690772.95, 5335041.71], [690782.71, 5335037.81], [690816.89, 5335023.23], [690838.11, 5335015.14], [690839.38, 5335014.16], [690839.27, 5335013.18], [690835.45, 5335006.35], [690829.6, 5334994.63], [690826.94, 5334988.77], [690823.82, 5334980.96], [690820.8, 5334972.52], [690819.82, 5334971.41], [690818.85, 5334971.21], [690815.92, 5334971.19], [690812.99, 5334971.62], [690810.06, 5334971.2], [690778.81, 5334971.19], [690774.9, 5334970.72], [690757.32, 5334970.76], [690756.35, 5334971.1], [690755.9, 5334972.17], [690754.4, 5334981.93]]}}, {"type": "Feature", "properties": {}, "geometry": {"type": "LineString", "coordinates": [[690786.77, 5335324.71], [690786.88, 5335325.68], [690787.88, 5335328.61], [690819.25, 5335407.71], [690823.73, 5335419.63], [690824.71, 5335420.91], [690825.68, 5335420.93], [690826.66, 5335420.62], [690956.54, 5335369.23], [691001.46, 5335351.65], [691010.25, 5335348.54], [691011.23, 5335348.07], [691012.05, 5335347.17], [691012.38, 5335346.19], [691012.39, 5335345.21], [691009.89, 5335333.5], [691007.94, 5335322.75], [691003.46, 5335292.48], [691003.37, 5335290.53], [691001.42, 5335276.86], [691000.8, 5335273.93], [691000.49, 5335273.41], [690999.51, 5335272.7], [690995.61, 5335272.99], [690976.07, 5335275.83], [690974.12, 5335275.92], [690954.59, 5335278.76], [690941.89, 5335280.32], [690903.81, 5335286.18], [690882.32, 5335290.16], [690861.82, 5335295.28], [690856.93, 5335295.46], [690854.0, 5335296.34], [690852.05, 5335296.55], [690846.19, 5335300.04], [690838.38, 5335303.92], [690790.53, 5335322.54], [690787.68, 5335323.73], [690786.77, 5335324.71]]}}, {"type": "Feature", "properties": {}, "geometry": {"type": "LineString", "coordinates": [[690800.78, 5334666.5], [690800.79, 5334671.39], [690801.26, 5334674.32], [690801.32, 5334686.04], [690801.71, 5334687.99], [690801.81, 5334691.89], [690802.2, 5334693.85], [690802.29, 5334697.75], [690802.69, 5334699.71], [690802.78, 5334703.61], [690803.18, 5334705.57], [690803.27, 5334709.47], [690803.66, 5334711.43], [690803.76, 5334715.33], [690804.15, 5334717.29], [690804.24, 5334721.19], [690804.64, 5334723.14], [690804.7, 5334726.07], [690805.17, 5334729.0], [690805.68, 5334737.79], [690806.15, 5334740.04], [690806.45, 5334740.72], [690807.13, 5334741.34], [690814.94, 5334743.12], [690819.82, 5334743.18], [690822.75, 5334743.64], [690830.57, 5334743.7], [690832.52, 5334744.09], [690833.5, 5334744.08], [690834.47, 5334743.74], [690834.9, 5334742.68], [690834.91, 5334741.7], [690834.52, 5334739.75], [690834.43, 5334735.84], [690834.03, 5334733.89], [690833.94, 5334729.98], [690833.54, 5334728.03], [690833.45, 5334724.12], [690833.06, 5334722.17], [690832.96, 5334718.26], [690832.57, 5334716.31], [690832.47, 5334712.4], [690832.08, 5334710.45], [690832.02, 5334707.52], [690831.55, 5334704.59], [690831.53, 5334701.66], [690831.07, 5334698.73], [690830.93, 5334694.82], [690830.12, 5334692.87], [690829.59, 5334692.54], [690826.66, 5334692.33], [690825.68, 5334692.02], [690824.99, 5334690.92], [690823.12, 5334677.25], [690822.66, 5334675.29], [690822.12, 5334674.32], [690820.8, 5334673.12], [690803.22, 5334659.57], [690802.25, 5334659.16], [690801.54, 5334659.67], [690801.31, 5334660.64], [690800.79, 5334664.55], [690800.78, 5334666.5]]}}, {"type": "Feature", "properties": {}, "geometry": {"type": "LineString", "coordinates": [[690812.01, 5334772.95], [690812.02, 5334775.88], [690812.49, 5334778.81], [690812.55, 5334781.74], [690812.94, 5334783.69], [690813.05, 5334787.6], [690813.49, 5334789.55], [690814.01, 5334798.34], [690814.94, 5334802.19], [690815.92, 5334802.71], [690816.42, 5334802.25], [690816.36, 5334792.48], [690815.91, 5334789.55], [690815.95, 5334786.62], [690816.35, 5334784.67], [690816.45, 5334779.79], [690817.86, 5334769.04], [690818.05, 5334766.11], [690817.87, 5334765.67], [690816.89, 5334765.4], [690815.92, 5334765.84], [690814.94, 5334766.47], [690813.35, 5334768.07], [690812.3, 5334770.02], [690812.01, 5334772.95]]}}, {"type": "Feature", "properties": {}, "geometry": {"type": "LineString", "coordinates": [[690821.29, 5334787.6], [690821.44, 5334799.32], [690821.78, 5334801.35], [690822.75, 5334802.37], [690823.55, 5334801.27], [690823.1, 5334798.34], [690823.24, 5334795.41], [690824.21, 5334794.43], [690825.68, 5334794.01], [690826.66, 5334794.1], [690827.3, 5334794.43], [690827.72, 5334795.41], [690827.9, 5334800.29], [690828.61, 5334801.71], [690829.59, 5334801.63], [690829.81, 5334801.27], [690829.84, 5334800.29], [690829.47, 5334798.34], [690829.38, 5334795.41], [690829.02, 5334793.46], [690829.05, 5334790.53], [690828.17, 5334783.69], [690828.11, 5334780.76], [690827.65, 5334777.83], [690827.13, 5334771.0], [690826.52, 5334766.11], [690825.68, 5334765.05], [690824.71, 5334765.03], [690823.92, 5334766.11], [690822.31, 5334775.88], [690822.22, 5334778.81], [690821.82, 5334780.76], [690821.29, 5334787.6]]}}, {"type": "Feature", "properties": {}, "geometry": {"type": "LineString", "coordinates": [[690822.27, 5334928.22], [690822.71, 5334931.15], [690822.8, 5334935.06], [690823.19, 5334937.01], [690823.25, 5334939.94], [690823.78, 5334943.85], [690824.5, 5334947.75], [690824.71, 5334948.29], [690825.68, 5334948.98], [690826.66, 5334948.69], [690827.87, 5334947.75], [690828.34, 5334946.78], [690828.61, 5334944.82], [690828.6, 5334942.87], [690828.14, 5334939.94], [690828.08, 5334935.06], [690827.68, 5334933.11], [690827.63, 5334928.22], [690827.0, 5334925.29], [690826.66, 5334924.77], [690825.68, 5334924.37], [690824.71, 5334924.45], [690822.75, 5334925.2], [690822.32, 5334926.27], [690822.27, 5334928.22]]}}, {"type": "Feature", "properties": {}, "geometry": {"type": "LineString", "coordinates": [[690822.32, 5334811.04], [690822.71, 5334812.99], [690822.8, 5334816.89], [690823.19, 5334818.85], [690823.29, 5334822.75], [690823.68, 5334824.71], [690823.88, 5334827.64], [690824.71, 5334828.46], [690825.68, 5334828.6], [690828.61, 5334828.57], [690831.54, 5334827.73], [690831.97, 5334826.66], [690832.02, 5334824.71], [690831.55, 5334821.78], [690831.04, 5334812.99], [690830.41, 5334809.08], [690829.59, 5334808.27], [690823.73, 5334808.65], [690822.67, 5334809.08], [690822.32, 5334810.06], [690822.32, 5334811.04]]}}, {"type": "Feature", "properties": {}, "geometry": {"type": "LineString", "coordinates": [[690826.66, 5335427.25], [690856.72, 5335506.35], [690875.09, 5335553.22], [690882.11, 5335570.8], [690910.24, 5335639.16], [690910.65, 5335640.14], [690911.62, 5335641.4], [690912.6, 5335641.51], [690914.55, 5335640.84], [690926.27, 5335635.83], [691036.62, 5335593.54], [691048.57, 5335589.36], [691053.44, 5335587.4], [691054.03, 5335586.43], [691053.94, 5335585.45], [691052.78, 5335580.57], [691052.72, 5335577.64], [691052.26, 5335574.71], [691052.26, 5335571.78], [691052.72, 5335568.85], [691052.75, 5335565.92], [691055.09, 5335556.15], [691057.13, 5335551.27], [691059.6, 5335546.39], [691065.21, 5335538.57], [691070.16, 5335533.69], [691077.64, 5335528.35], [691080.4, 5335526.86], [691081.01, 5335525.88], [691079.8, 5335521.97], [691060.95, 5335473.14], [691028.9, 5335392.09], [691017.67, 5335362.79], [691016.02, 5335357.91], [691014.16, 5335353.52], [691013.18, 5335352.98], [691012.21, 5335353.13], [691005.37, 5335355.56], [690953.61, 5335375.77], [690830.57, 5335424.4], [690827.64, 5335425.63], [690826.84, 5335426.27], [690826.66, 5335427.25]]}}, {"type": "Feature", "properties": {}, "geometry": {"type": "LineString", "coordinates": [[690830.92, 5334971.19], [690831.38, 5334973.14], [690834.26, 5334980.96], [690838.87, 5334990.72], [690842.6, 5334997.56], [690843.26, 5334998.24], [690845.21, 5334998.89], [690847.17, 5334998.98], [690848.99, 5334998.54], [690848.85, 5334997.56], [690848.27, 5334996.58], [690844.08, 5334990.72], [690833.5, 5334972.3], [690832.52, 5334970.88], [690831.54, 5334970.22], [690830.92, 5334971.19]]}}, {"type": "Feature", "properties": {}, "geometry": {"type": "LineString", "coordinates": [[690832.07, 5334925.29], [690832.47, 5334928.22], [690832.57, 5334933.11], [690832.96, 5334935.06], [690833.15, 5334939.94], [690833.5, 5334941.28], [690833.88, 5334941.89], [690834.47, 5334942.23], [690835.86, 5334940.92], [690838.58, 5334936.04], [690839.8, 5334929.2], [690839.73, 5334924.32], [690839.36, 5334923.47], [690838.9, 5334923.34], [690834.47, 5334923.35], [690833.5, 5334923.49], [690832.52, 5334924.08], [690832.07, 5334925.29]]}}, {"type": "Feature", "properties": {}, "geometry": {"type": "LineString", "coordinates": [[690832.53, 5334772.95], [690832.59, 5334771.0], [690832.85, 5334770.02], [690833.5, 5334769.65], [690835.45, 5334771.27], [690836.43, 5334772.54], [690838.37, 5334775.88], [690839.23, 5334778.81], [690839.37, 5334783.69], [690839.83, 5334786.62], [690839.86, 5334790.53], [690840.32, 5334793.46], [690840.34, 5334797.36], [690840.79, 5334800.29], [690840.66, 5334801.27], [690840.33, 5334801.79], [690839.36, 5334802.2], [690836.43, 5334802.19], [690835.45, 5334800.88], [690834.97, 5334798.34], [690834.43, 5334790.53], [690834.03, 5334788.57], [690833.49, 5334780.76], [690832.53, 5334772.95]]}}, {"type": "Feature", "properties": {}, "geometry": {"type": "LineString", "coordinates": [[690834.58, 5334952.64], [690834.9, 5334951.66], [690839.08, 5334947.75], [690841.31, 5334944.82], [690842.49, 5334942.87], [690843.26, 5334940.92], [690845.17, 5334933.11], [690845.26, 5334924.32], [690845.67, 5334923.34], [690846.19, 5334923.01], [690847.17, 5334922.87], [690850.1, 5334922.93], [690850.71, 5334923.34], [690851.04, 5334924.32], [690851.03, 5334933.11], [690850.63, 5334935.06], [690850.46, 5334937.99], [690849.98, 5334939.94], [690849.03, 5334942.87], [690848.14, 5334944.77], [690846.33, 5334947.75], [690843.99, 5334950.68], [690841.31, 5334953.26], [690837.4, 5334956.26], [690836.43, 5334956.78], [690835.45, 5334956.33], [690834.58, 5334952.64]]}}, {"type": "Feature", "properties": {}, "geometry": {"type": "LineString", "coordinates": [[690835.94, 5334810.06], [690836.42, 5334813.96], [690836.47, 5334817.87], [690836.87, 5334819.82], [690836.96, 5334823.73], [690837.4, 5334825.72], [690837.88, 5334826.66], [690838.38, 5334826.97], [690839.36, 5334827.0], [690841.31, 5334826.52], [690842.14, 5334825.68], [690842.26, 5334824.71], [690841.81, 5334821.78], [690841.75, 5334817.87], [690841.35, 5334815.92], [690841.3, 5334812.01], [690840.76, 5334808.11], [690840.42, 5334807.13], [690839.36, 5334806.7], [690838.38, 5334806.65], [690836.43, 5334807.04], [690835.99, 5334808.11], [690835.94, 5334810.06]]}}, {"type": "Feature", "properties": {}, "geometry": {"type": "LineString", "coordinates": [[690837.71, 5334965.33], [690839.85, 5334971.19], [690845.54, 5334981.93], [690849.47, 5334987.79], [690853.87, 5334993.65], [690856.93, 5334996.82], [690861.18, 5335000.49], [690869.63, 5335006.9], [690870.61, 5335007.09], [690871.58, 5335006.66], [690876.14, 5335003.42], [690876.29, 5335002.44], [690873.4, 5334998.54], [690868.49, 5334990.72], [690861.6, 5334978.03], [690854.57, 5334957.52], [690853.95, 5334954.59], [690853.56, 5334953.61], [690853.03, 5334953.08], [690852.05, 5334952.75], [690851.07, 5334953.04], [690850.1, 5334953.88], [690847.9, 5334956.54], [690844.24, 5334960.09], [690838.38, 5334963.74], [690837.79, 5334964.36], [690837.71, 5334965.33]]}}, {"type": "Feature", "properties": {}, "geometry": {"type": "LineString", "coordinates": [[690842.29, 5334681.15], [690842.76, 5334685.06], [690842.82, 5334688.96], [690843.22, 5334690.92], [690843.31, 5334695.8], [690843.7, 5334697.75], [690843.76, 5334701.66], [690844.23, 5334704.59], [690844.25, 5334708.5], [690844.71, 5334711.43], [690844.74, 5334715.33], [690845.2, 5334718.26], [690845.23, 5334723.14], [690845.69, 5334726.07], [690845.75, 5334730.96], [690846.15, 5334732.91], [690846.24, 5334738.77], [690846.63, 5334740.72], [690846.68, 5334745.61], [690847.12, 5334748.54], [690847.18, 5334753.42], [690847.64, 5334756.35], [690847.79, 5334760.25], [690848.62, 5334763.18], [690848.58, 5334765.14], [690848.19, 5334767.09], [690848.19, 5334771.0], [690848.58, 5334772.95], [690849.13, 5334779.79], [690850.05, 5334786.62], [690852.2, 5334807.13], [690853.03, 5334807.96], [690858.89, 5334808.1], [690861.82, 5334807.63], [690868.65, 5334807.62], [690871.58, 5334807.17], [690878.42, 5334807.13], [690881.35, 5334806.69], [690889.16, 5334806.63], [690892.09, 5334806.16], [690899.9, 5334806.01], [690900.79, 5334805.18], [690901.12, 5334804.2], [690901.32, 5334803.22], [690901.32, 5334800.29], [690900.92, 5334798.34], [690900.83, 5334792.48], [690900.44, 5334790.53], [690900.34, 5334784.67], [690899.95, 5334782.71], [690899.89, 5334777.83], [690899.43, 5334774.9], [690899.4, 5334770.02], [690898.94, 5334767.09], [690898.92, 5334763.18], [690898.45, 5334760.25], [690898.39, 5334756.35], [690897.99, 5334754.39], [690897.9, 5334750.49], [690897.51, 5334748.54], [690897.45, 5334744.63], [690896.5, 5334735.84], [690896.44, 5334731.93], [690896.04, 5334729.98], [690895.95, 5334726.07], [690895.56, 5334724.12], [690895.5, 5334720.21], [690894.54, 5334711.43], [690894.52, 5334707.52], [690894.05, 5334704.59], [690894.0, 5334699.71], [690893.6, 5334697.75], [690893.54, 5334692.87], [690893.08, 5334689.94], [690893.02, 5334685.06], [690892.63, 5334683.11], [690892.53, 5334677.25], [690892.02, 5334674.32], [690891.45, 5334673.34], [690891.11, 5334673.17], [690888.18, 5334673.35], [690852.05, 5334678.21], [690846.19, 5334678.21], [690843.26, 5334677.83], [690842.66, 5334678.22], [690842.32, 5334679.2], [690842.29, 5334681.15]]}}, {"type": "Feature", "properties": {}, "geometry": {"type": "LineString", "coordinates": [[690848.63, 5335006.35], [690848.72, 5335007.32], [690849.77, 5335009.28], [690852.05, 5335012.39], [690853.03, 5335013.07], [690854.0, 5335012.94], [690857.91, 5335011.62], [690858.77, 5335011.23], [690859.54, 5335010.25], [690858.89, 5335008.87], [690857.91, 5335008.01], [690851.07, 5335006.0], [690849.12, 5335005.92], [690848.63, 5335006.35]]}}, {"type": "Feature", "properties": {}, "geometry": {"type": "LineString", "coordinates": [[690858.4, 5335021.0], [690859.64, 5335022.95], [690865.1, 5335029.79], [690879.04, 5335046.39], [690916.41, 5335093.26], [690917.48, 5335094.0], [690918.46, 5335093.99], [690919.08, 5335093.26], [690918.2, 5335089.36], [690916.23, 5335083.5], [690914.03, 5335079.59], [690908.34, 5335071.78], [690866.92, 5335019.04], [690865.72, 5335017.99], [690864.75, 5335017.77], [690863.77, 5335017.99], [690858.89, 5335019.9], [690858.4, 5335021.0]]}}, {"type": "Feature", "properties": {}, "geometry": {"type": "LineString", "coordinates": [[690862.7, 5335288.57], [690863.77, 5335288.6], [690866.7, 5335287.97], [690880.37, 5335284.42], [690898.93, 5335280.89], [690937.01, 5335274.95], [690995.61, 5335267.08], [690996.58, 5335266.91], [690997.6, 5335266.11], [690997.55, 5335263.18], [690992.63, 5335224.12], [690990.19, 5335209.47], [690987.84, 5335198.73], [690987.84, 5335196.78], [690988.93, 5335193.85], [690988.74, 5335192.87], [690987.51, 5335189.94], [690983.37, 5335182.13], [690970.95, 5335160.64], [690963.38, 5335145.01], [690960.21, 5335136.23], [690959.11, 5335131.35], [690958.54, 5335127.44], [690958.29, 5335123.54], [690957.43, 5335122.56], [690955.57, 5335121.72], [690952.64, 5335121.57], [690945.8, 5335120.56], [690936.04, 5335118.53], [690922.36, 5335114.62], [690917.48, 5335112.58], [690916.5, 5335112.34], [690915.84, 5335112.79], [690915.53, 5335114.75], [690915.52, 5335129.39], [690915.05, 5335132.32], [690914.91, 5335136.23], [690913.81, 5335141.11], [690908.94, 5335154.79], [690906.86, 5335162.6], [690905.23, 5335173.34], [690902.47, 5335187.01], [690899.37, 5335206.54], [690892.33, 5335236.82], [690887.66, 5335247.56], [690881.99, 5335257.32], [690871.25, 5335274.9], [690865.72, 5335283.45], [690862.73, 5335287.6], [690862.7, 5335288.57]]}}, {"type": "Feature", "properties": {}, "geometry": {"type": "LineString", "coordinates": [[690871.16, 5334307.13], [690871.58, 5334308.48], [690872.56, 5334309.63], [690873.54, 5334310.01], [690874.51, 5334310.05], [690875.49, 5334309.89], [690876.46, 5334309.28], [690877.4, 5334308.11], [690877.74, 5334307.13], [690877.44, 5334305.74], [690876.46, 5334304.35], [690875.49, 5334303.86], [690874.51, 5334303.73], [690873.54, 5334303.77], [690872.46, 5334304.2], [690871.58, 5334305.26], [690871.16, 5334307.13]]}}, {"type": "Feature", "properties": {}, "geometry": {"type": "LineString", "coordinates": [[690872.1, 5334928.22], [690872.23, 5334927.25], [690872.56, 5334926.73], [690873.54, 5334926.31], [690879.39, 5334926.26], [690882.32, 5334925.79], [690884.28, 5334925.94], [690884.8, 5334926.27], [690885.21, 5334927.25], [690885.73, 5334931.15], [690885.8, 5334936.04], [690885.58, 5334937.01], [690884.28, 5334937.46], [690881.35, 5334937.51], [690878.42, 5334937.98], [690874.51, 5334937.95], [690873.54, 5334937.6], [690872.69, 5334936.04], [690872.55, 5334931.15], [690872.1, 5334928.22]]}}, {"type": "Feature", "properties": {}, "geometry": {"type": "LineString", "coordinates": [[690881.35, 5334317.87], [690881.39, 5334322.75], [690882.45, 5334327.64], [690884.28, 5334332.51], [690886.26, 5334336.43], [690888.46, 5334339.36], [690891.38, 5334342.29], [690893.07, 5334343.59], [690896.97, 5334345.62], [690899.9, 5334346.44], [690901.86, 5334346.68], [690903.81, 5334346.64], [690906.74, 5334346.07], [690912.6, 5334343.96], [690914.55, 5334342.53], [690917.7, 5334339.36], [690919.67, 5334336.43], [690921.6, 5334332.52], [690924.06, 5334325.68], [690925.28, 5334319.82], [690925.17, 5334317.87], [690924.56, 5334314.94], [690923.58, 5334312.01], [690922.5, 5334310.06], [690921.03, 5334308.11], [690918.46, 5334305.53], [690912.6, 5334301.79], [690909.67, 5334300.57], [690905.76, 5334299.44], [690900.88, 5334298.84], [690896.97, 5334299.36], [690893.07, 5334300.38], [690890.14, 5334301.79], [690888.43, 5334303.22], [690885.53, 5334306.15], [690884.15, 5334308.11], [690881.95, 5334313.96], [690881.47, 5334315.92], [690881.35, 5334317.87]]}}, {"type": "Feature", "properties": {}, "geometry": {"type": "LineString", "coordinates": [[690881.49, 5335018.07], [690881.87, 5335019.04], [690884.14, 5335021.97], [690932.89, 5335082.52], [690935.06, 5335084.76], [690938.96, 5335087.34], [690939.94, 5335087.59], [690940.92, 5335087.35], [690941.51, 5335086.43], [690941.08, 5335085.45], [690939.58, 5335083.5], [690885.82, 5335016.11], [690885.25, 5335015.59], [690884.28, 5335015.38], [690883.3, 5335015.9], [690881.95, 5335017.09], [690881.49, 5335018.07]]}}, {"type": "Feature", "properties": {}, "geometry": {"type": "LineString", "coordinates": [[690890.81, 5334348.14], [690891.11, 5334347.53], [690896.97, 5334349.84], [690901.86, 5334350.66], [690903.81, 5334350.58], [690907.71, 5334349.79], [690908.69, 5334349.88], [690908.99, 5334350.1], [690909.16, 5334351.07], [690908.59, 5334353.03], [690907.71, 5334354.29], [690906.74, 5334354.35], [690900.88, 5334352.36], [690899.9, 5334352.24], [690898.93, 5334352.81], [690897.95, 5334354.55], [690897.43, 5334354.98], [690896.97, 5334355.24], [690896.0, 5334355.16], [690894.16, 5334354.0], [690893.26, 5334353.03], [690892.1, 5334351.07], [690890.81, 5334348.14]]}}, {"type": "Feature", "properties": {}, "geometry": {"type": "LineString", "coordinates": [[690893.52, 5334987.79], [690893.56, 5334986.82], [690894.39, 5334985.84], [690901.86, 5334979.89], [690902.83, 5334979.61], [690903.81, 5334980.2], [690904.79, 5334981.24], [690905.34, 5334981.93], [690905.55, 5334982.91], [690904.79, 5334984.24], [690900.88, 5334987.42], [690900.59, 5334987.79], [690900.73, 5334988.77], [690901.86, 5334988.82], [690904.79, 5334986.43], [690906.74, 5334985.18], [690907.71, 5334985.23], [690908.36, 5334985.84], [690909.13, 5334986.82], [690909.44, 5334987.79], [690908.94, 5334988.77], [690907.71, 5334989.88], [690900.88, 5334995.26], [690899.9, 5334995.48], [690898.72, 5334994.63], [690894.05, 5334988.77], [690893.52, 5334987.79]]}}, {"type": "Feature", "properties": {}, "geometry": {"type": "LineString", "coordinates": [[690897.15, 5334360.84], [690897.28, 5334361.82], [690898.76, 5334364.75], [690899.9, 5334365.4], [690901.86, 5334364.17], [690902.83, 5334363.81], [690904.79, 5334364.03], [690906.74, 5334365.64], [690907.71, 5334365.11], [690907.86, 5334364.75], [690908.11, 5334363.77], [690908.0, 5334362.79], [690906.74, 5334361.99], [690898.93, 5334359.58], [690897.76, 5334359.86], [690897.15, 5334360.84]]}}, {"type": "Feature", "properties": {}, "geometry": {"type": "LineString", "coordinates": [[690902.11, 5334371.58], [690903.81, 5334375.48], [690905.76, 5334378.7], [690906.18, 5334378.42], [690906.57, 5334377.44], [690907.09, 5334374.51], [690907.13, 5334372.56], [690906.74, 5334371.28], [690902.83, 5334370.55], [690902.11, 5334371.58]]}}, {"type": "Feature", "properties": {}, "geometry": {"type": "LineString", "coordinates": [[690916.06, 5335652.83], [690916.59, 5335654.79], [690920.01, 5335663.57], [690945.59, 5335728.03], [690971.59, 5335791.5], [690989.35, 5335839.36], [691000.28, 5335867.68], [691008.09, 5335886.23], [691009.28, 5335887.79], [691010.25, 5335887.84], [691016.11, 5335885.65], [691042.48, 5335875.28], [691189.94, 5335818.57], [691193.99, 5335816.89], [691195.03, 5335815.92], [691194.73, 5335813.96], [691187.41, 5335794.43], [691145.23, 5335687.99], [691137.3, 5335668.46], [691119.63, 5335623.38], [691118.65, 5335622.94], [691111.82, 5335624.47], [691108.89, 5335624.52], [691105.96, 5335624.99], [691102.05, 5335624.95], [691100.1, 5335624.56], [691096.19, 5335624.39], [691086.43, 5335621.79], [691077.64, 5335617.64], [691069.82, 5335612.03], [691064.8, 5335606.93], [691059.08, 5335598.75], [691058.11, 5335597.93], [691057.13, 5335597.94], [691038.57, 5335604.58], [690934.08, 5335644.62], [690917.48, 5335651.47], [690916.7, 5335651.86], [690916.06, 5335652.83]]}}, {"type": "Feature", "properties": {}, "geometry": {"type": "LineString", "coordinates": [[690916.98, 5334312.01], [690917.48, 5334312.94], [690917.8, 5334312.01], [690917.48, 5334311.75], [690916.98, 5334312.01]]}}, {"type": "Feature", "properties": {}, "geometry": {"type": "LineString", "coordinates": [[690922.47, 5334957.52], [690926.27, 5334956.15], [690927.43, 5334956.54], [690925.54, 5334957.52], [690923.34, 5334958.13], [690922.47, 5334957.52]]}}, {"type": "Feature", "properties": {}, "geometry": {"type": "LineString", "coordinates": [[690930.41, 5334387.21], [690931.15, 5334387.6], [690931.37, 5334386.23], [690931.15, 5334385.98], [690931.04, 5334386.23], [690930.41, 5334387.21]]}}, {"type": "Feature", "properties": {}, "geometry": {"type": "LineString", "coordinates": [[690940.8, 5334365.72], [690940.92, 5334365.91], [690941.89, 5334365.07], [690943.85, 5334362.56], [690946.78, 5334356.79], [690949.31, 5334351.07], [690956.18, 5334337.4], [690956.9, 5334335.45], [690956.93, 5334334.47], [690956.54, 5334334.09], [690955.57, 5334334.17], [690955.29, 5334334.47], [690953.61, 5334337.48], [690952.03, 5334341.31], [690940.92, 5334364.65], [690940.8, 5334365.72]]}}, {"type": "Feature", "properties": {}, "geometry": {"type": "LineString", "coordinates": [[690943.36, 5334747.56], [690943.37, 5334770.02], [690943.84, 5334772.95], [690943.86, 5334788.57], [690944.32, 5334791.5], [690944.34, 5334804.2], [690944.78, 5334807.13], [690944.97, 5334812.01], [690945.8, 5334812.84], [690953.61, 5334812.86], [691009.28, 5334800.17], [691051.27, 5334790.28], [691114.75, 5334774.9], [691117.39, 5334773.93], [691117.67, 5334772.95], [691101.97, 5334724.12], [691083.09, 5334662.6], [691077.36, 5334646.0], [691076.66, 5334644.52], [691075.68, 5334643.76], [691068.85, 5334645.14], [691027.83, 5334655.03], [690968.26, 5334668.33], [690964.36, 5334668.9], [690960.45, 5334668.46], [690954.59, 5334668.28], [690953.49, 5334668.46], [690952.64, 5334669.38], [690952.28, 5334670.41], [690948.78, 5334691.89], [690949.21, 5334696.78], [690947.88, 5334703.61], [690947.71, 5334706.54], [690947.31, 5334708.5], [690946.73, 5334715.33], [690945.36, 5334726.07], [690945.26, 5334729.0], [690943.89, 5334739.75], [690943.8, 5334743.65], [690943.41, 5334745.61], [690943.36, 5334747.56]]}}, {"type": "Feature", "properties": {}, "geometry": {"type": "LineString", "coordinates": [[690944.01, 5334038.57], [690949.94, 5334059.08], [690955.81, 5334082.52], [690970.83, 5334160.64], [690971.35, 5334162.6], [690973.22, 5334165.53], [690977.34, 5334181.15], [690979.52, 5334186.04], [690981.2, 5334187.99], [690982.91, 5334189.41], [690984.86, 5334190.18], [690988.77, 5334190.91], [690994.63, 5334190.91], [690996.58, 5334190.53], [690997.84, 5334189.94], [690999.65, 5334187.99], [691026.99, 5334153.81], [691028.0, 5334151.86], [691027.78, 5334150.88], [691025.19, 5334146.0], [691024.17, 5334142.09], [691023.56, 5334139.16], [691022.96, 5334134.28], [691022.9, 5334131.35], [691022.51, 5334129.39], [691022.45, 5334121.58], [691021.98, 5334118.65], [691021.96, 5334110.84], [691021.5, 5334107.91], [691021.48, 5334101.07], [691021.0, 5334097.17], [691020.99, 5334090.33], [691020.52, 5334087.4], [691020.5, 5334079.59], [691020.03, 5334076.66], [691020.02, 5334069.82], [691019.53, 5334065.92], [691019.52, 5334059.08], [691019.05, 5334056.15], [691019.03, 5334048.34], [691018.57, 5334045.41], [691018.55, 5334038.57], [691018.11, 5334035.64], [691017.92, 5334031.74], [691017.09, 5334030.91], [691016.11, 5334030.77], [691008.3, 5334030.76], [691004.39, 5334031.25], [690996.58, 5334031.26], [690993.65, 5334031.73], [690984.86, 5334031.78], [690982.91, 5334032.18], [690979.98, 5334032.27], [690978.03, 5334032.67], [690975.1, 5334032.76], [690973.14, 5334033.15], [690965.33, 5334033.82], [690952.64, 5334035.77], [690944.82, 5334037.25], [690944.19, 5334037.6], [690944.01, 5334038.57]]}}, {"type": "Feature", "properties": {}, "geometry": {"type": "LineString", "coordinates": [[690956.25, 5334659.67], [690956.54, 5334660.76], [690957.52, 5334661.33], [690958.5, 5334661.57], [690966.31, 5334661.58], [690969.24, 5334661.01], [691025.88, 5334648.31], [691070.8, 5334637.58], [691073.73, 5334636.75], [691074.61, 5334636.23], [691074.73, 5334635.25], [691074.46, 5334634.28], [691069.09, 5334617.68], [691064.66, 5334604.98], [691058.59, 5334590.33], [691057.59, 5334588.38], [691055.46, 5334585.45], [691051.55, 5334576.66], [691043.86, 5334555.18], [691036.91, 5334534.67], [691032.97, 5334521.97], [691028.93, 5334507.32], [691022.19, 5334479.0], [691021.74, 5334478.03], [691020.8, 5334477.05], [691019.04, 5334475.84], [691018.07, 5334475.46], [691017.09, 5334475.57], [691016.21, 5334477.05], [691011.8, 5334489.75], [691005.94, 5334508.3], [690997.77, 5334530.76], [690979.77, 5334575.68], [690967.04, 5334608.89], [690964.97, 5334616.7], [690962.44, 5334628.42], [690958.13, 5334648.93], [690956.25, 5334659.67]]}}, {"type": "Feature", "properties": {}, "geometry": {"type": "LineString", "coordinates": [[690962.41, 5335125.49], [690962.45, 5335124.51], [690962.88, 5335123.54], [690963.38, 5335123.22], [690964.36, 5335123.2], [690966.31, 5335123.52], [690981.93, 5335123.58], [690983.89, 5335123.98], [690988.77, 5335124.15], [690994.63, 5335125.24], [690999.51, 5335126.96], [691004.39, 5335129.42], [691010.25, 5335133.14], [691015.14, 5335136.6], [691017.09, 5335137.16], [691019.04, 5335137.26], [691020.02, 5335137.6], [691021.97, 5335139.02], [691039.55, 5335152.21], [691045.41, 5335157.01], [691049.32, 5335160.43], [691060.76, 5335171.39], [691062.28, 5335173.34], [691066.14, 5335177.25], [691077.28, 5335189.94], [691113.42, 5335233.89], [691114.84, 5335235.84], [691115.18, 5335236.82], [691115.26, 5335238.77], [691114.95, 5335239.75], [691111.48, 5335242.68], [691062.99, 5335279.92], [691059.08, 5335282.7], [691058.11, 5335282.62], [691056.15, 5335280.26], [691039.72, 5335256.35], [691016.11, 5335221.19], [690998.92, 5335198.73], [690997.2, 5335194.82], [690995.61, 5335193.23], [690992.92, 5335191.89], [690992.21, 5335190.92], [690989.99, 5335186.04], [690985.84, 5335178.27], [690973.88, 5335157.71], [690967.29, 5335144.04], [690964.12, 5335135.25], [690963.01, 5335130.37], [690962.41, 5335125.49]]}}, {"type": "Feature", "properties": {}, "geometry": {"type": "LineString", "coordinates": [[690962.83, 5334359.86], [690964.0, 5334356.93], [690964.36, 5334356.55], [690965.33, 5334356.3], [690967.27, 5334356.93], [690973.72, 5334359.86], [690974.58, 5334360.84], [690974.49, 5334361.82], [690973.14, 5334364.44], [690972.17, 5334364.81], [690964.36, 5334361.52], [690963.2, 5334360.84], [690962.83, 5334359.86]]}}, {"type": "Feature", "properties": {}, "geometry": {"type": "LineString", "coordinates": [[690973.03, 5334345.21], [690973.44, 5334342.29], [690974.12, 5334341.19], [690975.1, 5334340.57], [690976.07, 5334340.59], [690978.03, 5334341.3], [690979.6, 5334342.29], [690980.3, 5334343.26], [690980.3, 5334345.21], [690979.68, 5334346.19], [690978.03, 5334347.37], [690976.07, 5334347.65], [690974.12, 5334347.24], [690973.28, 5334346.19], [690973.03, 5334345.21]]}}, {"type": "Feature", "properties": {}, "geometry": {"type": "LineString", "coordinates": [[690981.1, 5334914.55], [690981.71, 5334916.5], [690981.93, 5334916.8], [690982.91, 5334917.12], [690989.75, 5334915.12], [690990.33, 5334914.55], [690990.42, 5334913.57], [690989.87, 5334911.62], [690988.77, 5334910.92], [690984.86, 5334911.88], [690981.93, 5334912.94], [690981.16, 5334913.57], [690981.1, 5334914.55]]}}, {"type": "Feature", "properties": {}, "geometry": {"type": "LineString", "coordinates": [[690985.95, 5334350.1], [690986.27, 5334351.07], [690986.82, 5334351.66], [690988.77, 5334352.87], [690989.75, 5334353.14], [690991.7, 5334353.45], [690992.68, 5334353.17], [690993.54, 5334352.05], [690993.61, 5334350.1], [690993.04, 5334348.14], [690991.7, 5334346.6], [690990.72, 5334346.3], [690989.75, 5334346.48], [690987.79, 5334347.53], [690986.25, 5334349.12], [690985.95, 5334350.1]]}}, {"type": "Feature", "properties": {}, "geometry": {"type": "LineString", "coordinates": [[690986.46, 5334932.13], [690986.88, 5334931.15], [690987.79, 5334930.7], [690993.65, 5334928.85], [690994.63, 5334928.92], [690994.93, 5334929.2], [690995.61, 5334930.45], [690996.0, 5334932.13], [690995.45, 5334933.11], [690994.63, 5334933.49], [690988.77, 5334935.24], [690987.64, 5334935.06], [690986.82, 5334933.79], [690986.46, 5334932.13]]}}, {"type": "Feature", "properties": {}, "geometry": {"type": "LineString", "coordinates": [[690995.08, 5334371.58], [690996.58, 5334368.08], [690997.56, 5334367.27], [690998.54, 5334367.46], [691005.82, 5334370.61], [691007.23, 5334371.58], [691007.44, 5334372.56], [691006.35, 5334375.47], [691005.73, 5334376.46], [691005.37, 5334376.84], [691004.39, 5334377.06], [690996.13, 5334373.54], [690995.1, 5334372.56], [690995.08, 5334371.58]]}}, {"type": "Feature", "properties": {}, "geometry": {"type": "LineString", "coordinates": [[690996.1, 5334206.54], [690997.31, 5334213.38], [691000.75, 5334227.05], [691001.46, 5334228.8], [691002.38, 5334229.0], [691005.37, 5334227.46], [691010.25, 5334225.7], [691014.16, 5334224.74], [691017.09, 5334224.56], [691019.04, 5334224.17], [691021.97, 5334224.13], [691024.9, 5334224.6], [691032.71, 5334224.66], [691035.64, 5334225.1], [691043.46, 5334225.14], [691046.39, 5334225.58], [691070.8, 5334225.58], [691075.68, 5334224.97], [691078.61, 5334224.2], [691081.73, 5334223.14], [691083.72, 5334222.17], [691084.56, 5334221.19], [691081.54, 5334220.46], [691078.61, 5334219.2], [691075.68, 5334216.93], [691074.09, 5334215.33], [691060.55, 5334196.78], [691051.92, 5334184.08], [691049.34, 5334180.18], [691041.96, 5334167.48], [691038.57, 5334162.12], [691035.87, 5334158.69], [691032.71, 5334156.35], [691031.74, 5334156.32], [691030.14, 5334157.71], [691002.8, 5334191.89], [691001.63, 5334193.85], [691001.3, 5334195.8], [691000.7, 5334196.78], [690998.49, 5334198.73], [690997.85, 5334199.71], [690996.71, 5334202.64], [690996.1, 5334206.54]]}}, {"type": "Feature", "properties": {}, "geometry": {"type": "LineString", "coordinates": [[691002.01, 5334396.0], [691002.44, 5334394.84], [691003.42, 5334394.32], [691005.37, 5334394.95], [691005.66, 5334396.0], [691005.37, 5334397.12], [691004.39, 5334398.01], [691003.42, 5334397.92], [691002.44, 5334397.44], [691002.06, 5334396.97], [691002.01, 5334396.0]]}}, {"type": "Feature", "properties": {}, "geometry": {"type": "LineString", "coordinates": [[691002.61, 5335219.24], [691008.78, 5335268.07], [691008.65, 5335270.02], [691007.47, 5335272.95], [691007.46, 5335273.93], [691010.21, 5335292.48], [691011.28, 5335301.27], [691014.7, 5335323.73], [691018.24, 5335341.31], [691019.04, 5335342.32], [691020.02, 5335342.33], [691021.0, 5335342.0], [691069.82, 5335323.64], [691074.13, 5335321.78], [691074.62, 5335320.8], [691074.19, 5335319.82], [691054.2, 5335291.5], [691033.69, 5335261.71], [691009.76, 5335226.07], [691004.39, 5335219.07], [691003.42, 5335218.23], [691002.61, 5335219.24]]}}, {"type": "Feature", "properties": {}, "geometry": {"type": "LineString", "coordinates": [[691017.8, 5334466.31], [691018.09, 5334467.29], [691019.04, 5334467.99], [691023.93, 5334470.57], [691026.86, 5334472.92], [691027.8, 5334474.12], [691029.01, 5334477.05], [691031.86, 5334489.75], [691038.34, 5334515.14], [691042.4, 5334528.81], [691049.23, 5334549.32], [691057.89, 5334573.73], [691061.92, 5334582.52], [691062.79, 5334586.43], [691066.32, 5334594.24], [691070.8, 5334605.73], [691079.67, 5334632.32], [691080.57, 5334634.13], [691081.54, 5334634.43], [691126.46, 5334621.7], [691132.32, 5334620.61], [691137.21, 5334620.65], [691140.14, 5334621.35], [691144.04, 5334622.65], [691155.76, 5334628.67], [691163.57, 5334633.01], [691166.5, 5334633.66], [691168.46, 5334633.66], [691173.34, 5334632.24], [691219.24, 5334613.04], [691229.98, 5334607.91], [691256.35, 5334594.7], [691262.21, 5334591.31], [691265.14, 5334589.35], [691268.78, 5334586.43], [691274.06, 5334580.57], [691281.72, 5334570.8], [691282.18, 5334569.82], [691281.91, 5334568.85], [691280.96, 5334567.87], [691280.9, 5334566.89], [691281.74, 5334565.61], [691282.71, 5334564.5], [691283.69, 5334564.19], [691286.62, 5334565.09], [691287.6, 5334564.54], [691321.51, 5334521.97], [691322.65, 5334520.02], [691322.3, 5334519.04], [691319.99, 5334517.09], [691308.11, 5334507.95], [691300.56, 5334501.46], [691296.39, 5334497.34], [691293.46, 5334494.87], [691284.43, 5334485.84], [691280.76, 5334481.72], [691278.81, 5334480.56], [691272.95, 5334478.88], [691269.04, 5334477.45], [691264.16, 5334474.93], [691261.23, 5334472.79], [691244.63, 5334458.36], [691241.7, 5334457.79], [691239.25, 5334456.54], [691239.08, 5334455.57], [691239.26, 5334454.59], [691238.77, 5334453.55], [691211.43, 5334431.52], [691210.45, 5334431.1], [691209.47, 5334431.24], [691207.52, 5334432.14], [691206.54, 5334431.77], [691204.72, 5334429.2], [691205.28, 5334427.25], [691204.7, 5334426.27], [691181.15, 5334408.34], [691163.57, 5334393.69], [691155.76, 5334386.01], [691153.58, 5334384.28], [691144.77, 5334375.49], [691142.31, 5334372.56], [691136.5, 5334366.7], [691135.25, 5334365.11], [691134.28, 5334364.3], [691133.3, 5334363.9], [691119.63, 5334363.77], [691115.72, 5334364.25], [691093.26, 5334364.25], [691090.33, 5334363.78], [691081.54, 5334363.76], [691078.61, 5334363.29], [691075.68, 5334363.23], [691073.73, 5334362.85], [691072.75, 5334362.97], [691071.78, 5334363.64], [691056.15, 5334392.09], [691055.29, 5334394.04], [691054.89, 5334396.0], [691053.94, 5334397.95], [691053.27, 5334398.93], [691051.3, 5334400.88], [691036.13, 5334428.22], [691027.1, 5334445.8], [691022.47, 5334455.57], [691017.8, 5334466.31]]}}, {"type": "Feature", "properties": {}, "geometry": {"type": "LineString", "coordinates": [[691018.21, 5334359.86], [691018.94, 5334361.82], [691019.78, 5334362.79], [691021.0, 5334363.9], [691022.95, 5334364.7], [691024.9, 5334364.69], [691026.82, 5334363.77], [691027.68, 5334362.79], [691028.22, 5334360.84], [691028.02, 5334359.86], [691027.37, 5334358.89], [691025.88, 5334357.72], [691023.93, 5334356.81], [691021.97, 5334356.41], [691020.02, 5334356.6], [691019.04, 5334357.32], [691018.22, 5334358.89], [691018.21, 5334359.86]]}}, {"type": "Feature", "properties": {}, "geometry": {"type": "LineString", "coordinates": [[691022.4, 5335353.03], [691023.53, 5335356.93], [691035.43, 5335388.18], [691067.11, 5335468.26], [691087.0, 5335520.02], [691088.38, 5335522.88], [691089.36, 5335523.22], [691097.17, 5335521.5], [691100.1, 5335521.47], [691103.03, 5335521.01], [691105.96, 5335521.04], [691107.91, 5335521.44], [691112.79, 5335521.73], [691120.61, 5335523.69], [691124.51, 5335525.26], [691125.49, 5335525.29], [691126.7, 5335523.93], [691151.4, 5335476.07], [691174.07, 5335436.04], [691188.23, 5335409.67], [691193.85, 5335398.41], [691197.27, 5335390.14], [691200.68, 5335382.84], [691202.64, 5335379.39], [691208.49, 5335367.68], [691208.83, 5335366.7], [691208.79, 5335365.72], [691208.5, 5335365.21], [691207.52, 5335364.3], [691201.66, 5335361.09], [691148.93, 5335333.01], [691135.25, 5335326.17], [691130.37, 5335323.48], [691114.75, 5335315.84], [691111.82, 5335316.04], [691108.89, 5335316.81], [691099.12, 5335320.59], [691088.38, 5335325.0], [691087.4, 5335325.64], [691085.45, 5335327.85], [691083.5, 5335329.09], [691024.9, 5335351.16], [691022.99, 5335352.05], [691022.4, 5335353.03]]}}, {"type": "Feature", "properties": {}, "geometry": {"type": "LineString", "coordinates": [[691061.86, 5335287.6], [691062.07, 5335288.57], [691063.97, 5335291.5], [691082.52, 5335317.87], [691083.5, 5335319.04], [691084.47, 5335319.64], [691085.45, 5335319.67], [691086.43, 5335319.33], [691104.98, 5335311.8], [691107.91, 5335310.8], [691110.84, 5335310.1], [691113.77, 5335310.1], [691114.75, 5335310.35], [691118.65, 5335312.01], [691149.9, 5335327.89], [691205.57, 5335357.66], [691210.45, 5335360.05], [691211.43, 5335360.18], [691212.4, 5335359.63], [691212.87, 5335358.89], [691238.67, 5335309.08], [691238.57, 5335308.11], [691237.79, 5335307.44], [691225.1, 5335300.54], [691201.66, 5335288.32], [691190.92, 5335282.47], [691131.35, 5335252.19], [691125.49, 5335248.86], [691119.63, 5335244.44], [691118.65, 5335243.99], [691117.68, 5335244.2], [691117.06, 5335244.63], [691108.89, 5335250.84], [691062.99, 5335286.16], [691062.42, 5335286.62], [691061.86, 5335287.6]]}}, {"type": "Feature", "properties": {}, "geometry": {"type": "LineString", "coordinates": [[691062.5, 5335570.8], [691062.55, 5335577.64], [691063.23, 5335581.54], [691064.61, 5335586.43], [691065.8, 5335588.38], [691066.69, 5335591.31], [691068.12, 5335594.24], [691072.13, 5335600.1], [691076.66, 5335604.71], [691083.5, 5335609.37], [691088.38, 5335611.81], [691090.33, 5335612.54], [691096.19, 5335614.13], [691100.1, 5335614.74], [691108.89, 5335614.7], [691112.79, 5335614.01], [691118.65, 5335612.38], [691125.49, 5335609.13], [691131.35, 5335605.12], [691136.37, 5335600.1], [691140.38, 5335594.24], [691143.63, 5335587.4], [691145.26, 5335581.54], [691145.95, 5335577.64], [691145.99, 5335568.85], [691145.38, 5335564.94], [691143.79, 5335559.08], [691143.06, 5335557.13], [691140.11, 5335551.27], [691135.96, 5335545.41], [691131.35, 5335540.88], [691126.46, 5335537.46], [691124.51, 5335536.38], [691118.65, 5335533.61], [691112.79, 5335531.98], [691107.91, 5335531.26], [691100.1, 5335531.3], [691096.19, 5335531.86], [691090.33, 5335533.46], [691088.38, 5335534.19], [691082.52, 5335537.14], [691076.66, 5335541.29], [691071.78, 5335546.39], [691068.39, 5335551.27], [691065.44, 5335557.13], [691063.11, 5335564.94], [691062.51, 5335568.85], [691062.5, 5335570.8]]}}, {"type": "Feature", "properties": {}, "geometry": {"type": "LineString", "coordinates": [[691075.4, 5334356.93], [691076.45, 5334354.0], [691082.27, 5334342.29], [691083.98, 5334338.38], [691086.43, 5334333.58], [691087.4, 5334332.79], [691088.38, 5334333.06], [691089.36, 5334333.66], [691108.89, 5334346.68], [691118.65, 5334353.87], [691121.24, 5334355.96], [691123.05, 5334357.91], [691122.56, 5334358.54], [691121.58, 5334358.82], [691108.89, 5334358.9], [691105.96, 5334359.36], [691102.05, 5334359.36], [691099.12, 5334358.9], [691083.5, 5334358.88], [691080.57, 5334358.41], [691077.64, 5334358.38], [691075.9, 5334357.91], [691075.4, 5334356.93]]}}, {"type": "Feature", "properties": {}, "geometry": {"type": "LineString", "coordinates": [[691084.78, 5334642.09], [691084.8, 5334643.07], [691090.57, 5334659.67], [691108.81, 5334719.24], [691121.99, 5334760.25], [691125.57, 5334771.0], [691126.46, 5334772.56], [691127.44, 5334772.91], [691128.42, 5334772.95], [691131.35, 5334772.51], [691134.28, 5334772.41], [691144.04, 5334770.74], [691192.87, 5334756.11], [691198.73, 5334754.94], [691206.54, 5334756.11], [691209.87, 5334757.32], [691212.4, 5334758.82], [691216.95, 5334762.21], [691223.14, 5334768.07], [691225.1, 5334769.49], [691227.05, 5334770.26], [691229.0, 5334770.51], [691238.77, 5334770.51], [691241.7, 5334770.07], [691244.63, 5334769.97], [691245.61, 5334769.73], [691247.56, 5334768.46], [691248.54, 5334768.11], [691271.0, 5334764.52], [691277.83, 5334763.07], [691282.71, 5334761.44], [691284.67, 5334760.39], [691285.64, 5334759.52], [691289.77, 5334755.37], [691292.85, 5334751.46], [691292.65, 5334750.49], [691291.78, 5334749.51], [691283.96, 5334741.7], [691281.53, 5334738.77], [691271.74, 5334729.0], [691269.33, 5334726.07], [691264.42, 5334721.19], [691262.21, 5334718.49], [691257.09, 5334713.38], [691254.68, 5334710.45], [691246.35, 5334701.66], [691237.79, 5334692.04], [691232.31, 5334685.06], [691227.6, 5334678.22], [691224.12, 5334672.29], [691222.17, 5334668.43], [691207.8, 5334635.25], [691204.87, 5334629.39], [691203.61, 5334627.46], [691202.64, 5334627.17], [691201.66, 5334627.45], [691174.32, 5334638.87], [691169.43, 5334640.09], [691165.53, 5334640.13], [691159.67, 5334639.03], [691152.83, 5334635.74], [691142.09, 5334630.0], [691138.18, 5334628.55], [691135.25, 5334627.98], [691133.3, 5334627.94], [691129.39, 5334628.67], [691088.38, 5334640.39], [691085.45, 5334641.36], [691084.78, 5334642.09]]}}, {"type": "Feature", "properties": {}, "geometry": {"type": "LineString", "coordinates": [[691089.72, 5334326.66], [691089.86, 5334327.64], [691090.84, 5334328.61], [691112.79, 5334343.26], [691123.2, 5334351.07], [691130.37, 5334357.15], [691132.32, 5334358.52], [691136.23, 5334359.33], [691139.16, 5334359.5], [691145.02, 5334360.6], [691155.76, 5334363.53], [691170.41, 5334368.74], [691180.18, 5334372.84], [691190.92, 5334378.45], [691200.68, 5334384.12], [691210.45, 5334390.49], [691219.24, 5334397.35], [691220.21, 5334397.22], [691221.19, 5334396.62], [691244.63, 5334377.8], [691253.42, 5334372.1], [691259.28, 5334369.15], [691266.11, 5334366.62], [691270.02, 5334365.35], [691289.55, 5334360.1], [691292.48, 5334359.1], [691294.43, 5334357.52], [691294.98, 5334356.93], [691295.3, 5334355.96], [691294.88, 5334353.03], [691288.82, 5334322.75], [691274.17, 5334262.21], [691271.37, 5334251.46], [691263.91, 5334225.1], [691259.98, 5334214.36], [691255.86, 5334204.59], [691252.44, 5334197.8], [691247.56, 5334189.27], [691246.58, 5334188.9], [691245.61, 5334189.22], [691217.29, 5334202.16], [691208.5, 5334206.78], [691158.69, 5334231.69], [691155.76, 5334233.4], [691134.28, 5334244.13], [691130.86, 5334245.61], [691129.31, 5334246.58], [691129.06, 5334247.56], [691129.4, 5334248.54], [691136.47, 5334261.23], [691144.04, 5334276.4], [691165.74, 5334324.71], [691166.38, 5334326.66], [691166.44, 5334327.64], [691166.07, 5334328.61], [691165.53, 5334329.15], [691164.55, 5334329.53], [691163.57, 5334329.53], [691162.6, 5334329.15], [691161.62, 5334327.82], [691139.64, 5334278.81], [691131.35, 5334262.26], [691126.46, 5334253.48], [691125.49, 5334252.3], [691124.51, 5334252.3], [691123.54, 5334253.48], [691117.43, 5334264.16], [691112.06, 5334274.9], [691092.07, 5334320.8], [691089.72, 5334326.66]]}}, {"type": "Feature", "properties": {}, "geometry": {"type": "LineString", "coordinates": [[691116.21, 5334219.24], [691116.29, 5334220.21], [691119.63, 5334222.03], [691121.58, 5334223.5], [691123.54, 5334225.36], [691125.62, 5334228.03], [691127.15, 5334230.96], [691127.69, 5334232.91], [691128.29, 5334235.84], [691128.52, 5334239.75], [691129.39, 5334240.73], [691130.37, 5334240.44], [691208.5, 5334201.17], [691214.36, 5334198.0], [691240.72, 5334186.03], [691250.44, 5334181.15], [691258.3, 5334176.41], [691264.16, 5334172.09], [691268.69, 5334167.48], [691270.18, 5334165.53], [691270.53, 5334164.55], [691269.64, 5334163.57], [691261.23, 5334160.24], [691252.44, 5334157.34], [691245.61, 5334155.89], [691242.68, 5334155.72], [691240.72, 5334155.34], [691237.79, 5334155.75], [691232.91, 5334155.77], [691228.03, 5334156.38], [691223.14, 5334157.63], [691207.52, 5334164.31], [691203.61, 5334166.5], [691179.2, 5334178.7], [691161.62, 5334186.8], [691158.69, 5334188.93], [691153.81, 5334191.64], [691143.07, 5334197.03], [691134.28, 5334202.64], [691128.42, 5334206.9], [691123.54, 5334211.27], [691121.82, 5334213.38], [691116.21, 5334219.24]]}}, {"type": "Feature", "properties": {}, "geometry": {"type": "LineString", "coordinates": [[691127.33, 5335620.61], [691145.11, 5335666.5], [691158.78, 5335700.68], [691160.07, 5335703.61], [691160.64, 5335704.19], [691161.62, 5335704.28], [691350.1, 5335629.12], [691354.0, 5335627.44], [691354.66, 5335626.46], [691353.73, 5335623.54], [691328.89, 5335562.01], [691305.87, 5335503.42], [691305.18, 5335502.09], [691304.2, 5335501.55], [691302.25, 5335502.04], [691159.67, 5335556.92], [691154.86, 5335559.08], [691154.51, 5335560.06], [691155.75, 5335565.92], [691155.81, 5335568.85], [691156.2, 5335570.8], [691156.24, 5335574.71], [691155.77, 5335577.64], [691155.52, 5335581.54], [691153.56, 5335589.36], [691152.07, 5335593.26], [691148.93, 5335599.53], [691143.07, 5335607.64], [691138.18, 5335612.44], [691131.35, 5335617.32], [691127.53, 5335619.63], [691127.33, 5335620.61]]}}, {"type": "Feature", "properties": {}, "geometry": {"type": "LineString", "coordinates": [[691130.82, 5335527.83], [691132.32, 5335529.43], [691138.35, 5335533.69], [691143.28, 5335538.57], [691148.89, 5335546.39], [691150.96, 5335550.29], [691151.86, 5335550.99], [691153.81, 5335550.69], [691309.08, 5335490.94], [691343.26, 5335477.5], [691354.0, 5335469.86], [691356.93, 5335467.5], [691362.79, 5335461.67], [691365.72, 5335459.22], [691373.28, 5335451.66], [691374.17, 5335450.68], [691374.57, 5335449.71], [691373.24, 5335448.73], [691368.65, 5335447.35], [691358.89, 5335443.57], [691344.24, 5335436.28], [691341.31, 5335435.05], [691277.83, 5335402.58], [691274.9, 5335400.88], [691222.17, 5335374.51], [691215.33, 5335370.61], [691214.36, 5335370.17], [691213.38, 5335370.11], [691212.4, 5335371.06], [691211.43, 5335372.61], [691205.08, 5335385.25], [691201.45, 5335393.07], [691198.24, 5335400.88], [691193.36, 5335410.64], [691178.19, 5335438.96], [691167.51, 5335457.52], [691155.52, 5335479.0], [691137.93, 5335513.18], [691136.23, 5335516.11], [691131.35, 5335525.88], [691130.91, 5335526.86], [691130.82, 5335527.83]]}}, {"type": "Feature", "properties": {}, "geometry": {"type": "LineString", "coordinates": [[691163.94, 5335713.38], [691191.81, 5335783.69], [691202.92, 5335812.99], [691203.61, 5335814.07], [691204.59, 5335814.26], [691239.75, 5335801.67], [691297.36, 5335780.48], [691359.86, 5335756.56], [691378.42, 5335748.94], [691379.39, 5335748.5], [691382.32, 5335746.31], [691390.14, 5335739.47], [691393.07, 5335736.6], [691395.02, 5335735.08], [691397.19, 5335732.91], [691398.37, 5335730.96], [691398.41, 5335729.98], [691397.94, 5335729.0], [691393.72, 5335723.14], [691390.42, 5335717.29], [691373.81, 5335676.27], [691359.1, 5335637.21], [691357.97, 5335635.25], [691356.93, 5335635.09], [691166.5, 5335711.03], [691164.05, 5335712.4], [691163.94, 5335713.38]]}}, {"type": "Feature", "properties": {}, "geometry": {"type": "LineString", "coordinates": [[691170.96, 5334909.67], [691171.39, 5334909.79], [691173.09, 5334909.67], [691172.36, 5334909.44], [691170.96, 5334909.67]]}}, {"type": "Feature", "properties": {}, "geometry": {"type": "LineString", "coordinates": [[691174.16, 5334908.69], [691175.29, 5334908.83], [691176.83, 5334908.69], [691176.27, 5334908.25], [691174.16, 5334908.69]]}}, {"type": "Feature", "properties": {}, "geometry": {"type": "LineString", "coordinates": [[691176.73, 5334907.71], [691177.25, 5334908.34], [691180.35, 5334907.71], [691181.15, 5334907.33], [691184.08, 5334906.8], [691185.06, 5334906.33], [691187.84, 5334905.76], [691188.96, 5334905.21], [691193.45, 5334903.81], [691192.87, 5334903.12], [691189.94, 5334903.73], [691188.96, 5334904.21], [691186.19, 5334904.79], [691185.06, 5334905.34], [691180.07, 5334906.74], [691179.2, 5334907.31], [691176.73, 5334907.71]]}}, {"type": "Feature", "properties": {}, "geometry": {"type": "LineString", "coordinates": [[691193.2, 5334902.83], [691193.85, 5334903.36], [691196.14, 5334902.83], [691195.8, 5334902.34], [691193.2, 5334902.83]]}}, {"type": "Feature", "properties": {}, "geometry": {"type": "LineString", "coordinates": [[691206.91, 5334626.46], [691211.88, 5334637.21], [691223.61, 5334664.55], [691227.53, 5334672.36], [691230.47, 5334677.25], [691233.87, 5334682.13], [691239.1, 5334688.96], [691242.42, 5334692.87], [691249.74, 5334700.68], [691252.15, 5334703.61], [691255.37, 5334706.83], [691257.32, 5334709.24], [691261.46, 5334713.38], [691263.87, 5334716.31], [691269.73, 5334722.17], [691271.97, 5334724.89], [691279.04, 5334731.93], [691281.45, 5334734.86], [691293.19, 5334746.58], [691294.89, 5334748.54], [691295.41, 5334748.94], [691296.39, 5334748.98], [691297.36, 5334748.4], [691299.32, 5334746.32], [691311.74, 5334731.93], [691312.4, 5334730.96], [691312.43, 5334729.98], [691306.4, 5334723.14], [691300.57, 5334717.29], [691299.04, 5334715.33], [691293.21, 5334709.47], [691290.77, 5334706.54], [691277.61, 5334692.87], [691276.9, 5334691.89], [691276.56, 5334690.92], [691276.67, 5334689.94], [691277.25, 5334688.96], [691277.83, 5334688.42], [691278.81, 5334688.1], [691279.79, 5334688.28], [691281.74, 5334689.7], [691285.4, 5334693.85], [691290.53, 5334699.0], [691292.73, 5334701.66], [691298.34, 5334707.29], [691300.07, 5334709.47], [691305.9, 5334715.33], [691308.11, 5334718.0], [691314.94, 5334725.08], [691315.92, 5334725.98], [691316.89, 5334725.83], [691322.51, 5334720.21], [691324.71, 5334717.55], [691329.83, 5334712.4], [691332.28, 5334709.47], [691337.17, 5334704.59], [691339.36, 5334702.85], [691344.24, 5334698.0], [691354.0, 5334689.21], [691358.18, 5334685.06], [691360.57, 5334683.11], [691371.58, 5334672.64], [691373.54, 5334671.11], [691384.54, 5334660.64], [691387.21, 5334658.44], [691397.18, 5334647.95], [691397.78, 5334646.97], [691397.78, 5334646.0], [691398.14, 5334645.02], [691399.9, 5334643.34], [691401.86, 5334642.19], [691403.81, 5334640.38], [691444.09, 5334600.1], [691446.53, 5334597.17], [691450.38, 5334593.26], [691450.89, 5334592.29], [691450.34, 5334591.31], [691438.32, 5334582.52], [691403.47, 5334555.18], [691396.97, 5334550.3], [691392.09, 5334546.91], [691389.16, 5334545.17], [691385.25, 5334543.24], [691379.39, 5334541.27], [691363.77, 5334537.11], [691359.86, 5334536.31], [691358.89, 5334536.86], [691355.74, 5334542.48], [691354.98, 5334542.99], [691353.03, 5334543.68], [691351.07, 5334543.9], [691350.5, 5334543.46], [691350.66, 5334542.48], [691351.36, 5334540.53], [691353.26, 5334536.62], [691353.57, 5334535.64], [691353.18, 5334534.67], [691346.19, 5334532.14], [691338.38, 5334528.8], [691328.61, 5334523.22], [691327.64, 5334522.98], [691326.66, 5334523.53], [691325.46, 5334524.9], [691292.84, 5334565.92], [691292.22, 5334566.89], [691292.04, 5334567.87], [691294.17, 5334569.82], [691294.15, 5334570.8], [691292.9, 5334572.75], [691292.48, 5334573.2], [691291.5, 5334573.51], [691289.55, 5334572.85], [691288.57, 5334572.93], [691286.62, 5334575.04], [691280.9, 5334582.52], [691273.93, 5334590.55], [691268.07, 5334595.21], [691263.18, 5334598.39], [691247.56, 5334606.21], [691244.63, 5334607.91], [691222.17, 5334618.9], [691208.5, 5334624.61], [691207.14, 5334625.49], [691206.91, 5334626.46]]}}, {"type": "Feature", "properties": {}, "geometry": {"type": "LineString", "coordinates": [[691217.63, 5335360.84], [691217.67, 5335361.82], [691218.26, 5335362.43], [691225.1, 5335366.45], [691277.83, 5335392.83], [691297.36, 5335403.07], [691328.61, 5335418.95], [691331.54, 5335420.65], [691356.47, 5335433.11], [691363.77, 5335436.44], [691372.56, 5335439.69], [691379.39, 5335441.77], [691380.37, 5335441.87], [691384.28, 5335441.19], [691388.18, 5335442.2], [691390.14, 5335441.51], [691392.09, 5335439.68], [691395.19, 5335436.04], [691395.97, 5335434.08], [691398.93, 5335430.84], [691401.86, 5335428.48], [691404.79, 5335425.09], [691410.25, 5335421.39], [691410.47, 5335420.41], [691410.05, 5335417.48], [691409.67, 5335416.72], [691407.71, 5335415.07], [691406.74, 5335413.81], [691402.02, 5335405.76], [691397.13, 5335397.95], [691395.02, 5335395.02], [691392.09, 5335391.38], [691388.89, 5335388.18], [691385.25, 5335385.04], [691378.42, 5335379.91], [691364.75, 5335372.56], [691332.52, 5335356.2], [691312.99, 5335345.95], [691281.74, 5335330.08], [691278.81, 5335328.37], [691264.16, 5335321.04], [691261.23, 5335319.34], [691244.63, 5335311.02], [691243.65, 5335311.14], [691241.24, 5335314.94], [691228.75, 5335339.36], [691220.95, 5335354.0], [691217.63, 5335360.84]]}}, {"type": "Feature", "properties": {}, "geometry": {"type": "LineString", "coordinates": [[691220.0, 5334049.32], [691241.94, 5334129.39], [691243.41, 5334136.23], [691244.51, 5334140.14], [691245.61, 5334140.83], [691246.58, 5334141.07], [691249.51, 5334141.24], [691256.35, 5334142.83], [691266.11, 5334146.08], [691275.88, 5334149.81], [691277.83, 5334150.16], [691278.34, 5334149.9], [691279.79, 5334148.66], [691305.18, 5334119.47], [691321.5, 5334101.07], [691322.92, 5334099.12], [691323.12, 5334098.14], [691321.78, 5334096.47], [691317.87, 5334093.04], [691287.6, 5334067.87], [691286.62, 5334067.27], [691283.69, 5334066.61], [691282.71, 5334066.16], [691272.95, 5334059.6], [691270.02, 5334057.86], [691262.67, 5334054.2], [691259.28, 5334052.82], [691254.39, 5334051.4], [691240.72, 5334049.03], [691238.77, 5334047.98], [691236.82, 5334046.05], [691235.84, 5334045.51], [691230.96, 5334045.46], [691224.12, 5334046.51], [691221.19, 5334047.39], [691220.21, 5334048.03], [691220.0, 5334049.32]]}}, {"type": "Feature", "properties": {}, "geometry": {"type": "LineString", "coordinates": [[691224.36, 5335132.32], [691228.72, 5335145.02], [691241.42, 5335179.2], [691243.74, 5335185.06], [691244.63, 5335186.27], [691245.61, 5335187.12], [691246.58, 5335187.58], [691251.46, 5335189.47], [691266.1, 5335195.8], [691278.81, 5335201.67], [691307.13, 5335215.83], [691310.06, 5335217.53], [691317.87, 5335221.44], [691319.82, 5335222.35], [691320.8, 5335222.47], [691326.66, 5335220.62], [691434.08, 5335183.19], [691509.28, 5335155.48], [691513.18, 5335153.85], [691513.51, 5335152.83], [691509.74, 5335145.02], [691489.91, 5335111.82], [691467.61, 5335076.66], [691462.84, 5335069.82], [691462.4, 5335069.31], [691461.43, 5335068.99], [691460.45, 5335069.61], [691451.39, 5335078.61], [691447.75, 5335081.54], [691443.85, 5335084.44], [691437.01, 5335087.8], [691420.41, 5335093.51], [691355.96, 5335114.83], [691341.31, 5335118.89], [691333.5, 5335120.56], [691330.57, 5335120.6], [691325.68, 5335120.07], [691322.75, 5335119.27], [691319.82, 5335118.78], [691312.99, 5335118.12], [691311.04, 5335117.72], [691291.5, 5335117.68], [691288.57, 5335117.98], [691285.64, 5335117.72], [691227.05, 5335130.01], [691225.1, 5335130.62], [691224.4, 5335131.35], [691224.36, 5335132.32]]}}, {"type": "Feature", "properties": {}, "geometry": {"type": "LineString", "coordinates": [[691227.07, 5334405.76], [691276.23, 5334469.24], [691283.96, 5334478.03], [691285.64, 5334479.7], [691286.62, 5334480.3], [691287.6, 5334480.41], [691288.57, 5334480.19], [691290.53, 5334479.17], [691292.48, 5334477.74], [691325.68, 5334436.5], [691326.66, 5334436.14], [691327.64, 5334436.59], [691328.14, 5334437.01], [691328.51, 5334437.99], [691327.64, 5334439.59], [691296.02, 5334479.0], [691294.43, 5334480.6], [691291.1, 5334482.91], [691290.53, 5334483.6], [691290.36, 5334483.89], [691290.84, 5334484.86], [691294.27, 5334488.77], [691296.39, 5334490.48], [691302.25, 5334496.33], [691306.15, 5334499.73], [691316.89, 5334508.44], [691325.68, 5334515.27], [691329.59, 5334518.04], [691340.33, 5334524.17], [691346.19, 5334526.77], [691350.1, 5334528.05], [691351.07, 5334527.66], [691352.05, 5334526.66], [691353.03, 5334526.11], [691354.0, 5334526.15], [691356.03, 5334526.86], [691356.87, 5334527.83], [691356.66, 5334529.79], [691357.91, 5334530.47], [691378.42, 5334535.76], [691384.28, 5334537.52], [691388.18, 5334539.07], [691392.09, 5334541.04], [691395.02, 5334542.84], [691402.83, 5334548.34], [691442.87, 5334579.73], [691452.16, 5334586.43], [691455.27, 5334588.38], [691455.57, 5334588.49], [691456.54, 5334588.07], [691477.05, 5334570.18], [691485.84, 5334563.34], [691494.63, 5334557.87], [691502.4, 5334554.2], [691502.94, 5334553.22], [691501.32, 5334549.32], [691502.01, 5334548.34], [691502.44, 5334548.14], [691504.39, 5334547.66], [691505.37, 5334547.73], [691506.35, 5334548.62], [691507.98, 5334551.27], [691508.3, 5334551.58], [691509.28, 5334551.81], [691523.93, 5334548.87], [691546.39, 5334545.54], [691549.32, 5334545.36], [691551.27, 5334544.97], [691555.18, 5334544.87], [691557.13, 5334544.48], [691560.06, 5334544.42], [691562.99, 5334543.96], [691566.89, 5334543.82], [691568.85, 5334543.32], [691569.67, 5334542.48], [691569.8, 5334541.5], [691569.35, 5334538.57], [691569.29, 5334534.67], [691567.84, 5334525.88], [691564.69, 5334515.14], [691562.41, 5334508.3], [691558.1, 5334498.54], [691554.2, 5334490.77], [691550.75, 5334484.86], [691546.87, 5334479.0], [691540.53, 5334470.55], [691536.84, 5334466.31], [691532.99, 5334462.4], [691531.47, 5334460.45], [691521.0, 5334449.94], [691519.26, 5334447.75], [691517.09, 5334445.64], [691516.11, 5334445.3], [691515.14, 5334445.57], [691511.23, 5334447.28], [691510.25, 5334446.93], [691509.04, 5334445.8], [691508.27, 5334444.82], [691508.29, 5334443.85], [691511.23, 5334441.8], [691511.88, 5334440.92], [691511.41, 5334439.94], [691502.71, 5334431.15], [691500.49, 5334428.47], [691479.98, 5334407.94], [691477.3, 5334404.79], [691456.79, 5334384.28], [691454.34, 5334381.35], [691443.85, 5334370.96], [691442.87, 5334370.73], [691441.89, 5334371.35], [691420.17, 5334393.07], [691416.78, 5334396.97], [691415.49, 5334398.93], [691415.44, 5334399.9], [691416.99, 5334402.83], [691416.5, 5334403.16], [691412.6, 5334400.59], [691405.76, 5334393.68], [691404.79, 5334393.3], [691402.83, 5334393.8], [691397.95, 5334395.72], [691395.54, 5334396.97], [691394.04, 5334397.34], [691393.07, 5334398.01], [691391.11, 5334398.61], [691390.63, 5334397.95], [691392.54, 5334396.97], [691394.04, 5334396.61], [691394.87, 5334396.0], [691403.81, 5334391.56], [691404.79, 5334391.45], [691405.76, 5334391.79], [691410.64, 5334395.05], [691411.62, 5334395.03], [691412.6, 5334394.28], [691415.28, 5334391.11], [691424.07, 5334382.32], [691426.52, 5334379.39], [691442.87, 5334363.04], [691445.8, 5334360.57], [691456.54, 5334349.85], [691459.47, 5334347.41], [691465.58, 5334341.31], [691466.49, 5334340.33], [691466.91, 5334339.36], [691466.49, 5334338.38], [691437.99, 5334309.81], [691434.83, 5334307.13], [691424.32, 5334296.66], [691422.36, 5334295.14], [691416.5, 5334289.31], [691413.57, 5334286.86], [691408.43, 5334281.74], [691405.76, 5334279.54], [691389.87, 5334264.16], [691387.47, 5334262.21], [691383.3, 5334258.08], [691381.35, 5334256.57], [691371.58, 5334247.32], [691363.06, 5334239.75], [691358.89, 5334235.62], [691356.93, 5334234.1], [691353.03, 5334230.25], [691351.07, 5334228.73], [691342.02, 5334220.21], [691336.26, 5334215.33], [691299.32, 5334182.48], [691283.69, 5334169.3], [691280.76, 5334167.29], [691279.79, 5334166.92], [691275.88, 5334166.98], [691274.9, 5334167.75], [691271.0, 5334172.53], [691269.21, 5334174.32], [691265.78, 5334177.25], [691260.25, 5334181.12], [691253.7, 5334185.06], [691252.82, 5334186.04], [691252.88, 5334187.01], [691261.96, 5334204.59], [691265.54, 5334213.38], [691268.76, 5334222.17], [691277.09, 5334251.46], [691294.89, 5334324.71], [691300.17, 5334351.07], [691300.92, 5334357.91], [691302.11, 5334360.84], [691302.19, 5334361.82], [691301.41, 5334364.75], [691301.41, 5334365.72], [691301.92, 5334367.68], [691301.77, 5334368.65], [691300.29, 5334370.08], [691299.32, 5334370.57], [691298.34, 5334370.72], [691296.39, 5334368.66], [691295.41, 5334368.76], [691284.67, 5334371.95], [691272.95, 5334374.92], [691268.07, 5334376.55], [691262.21, 5334378.91], [691258.3, 5334380.89], [691249.51, 5334386.58], [691229.0, 5334403.1], [691227.15, 5334404.79], [691227.07, 5334405.76]]}}, {"type": "Feature", "properties": {}, "geometry": {"type": "LineString", "coordinates": [[691256.32, 5335811.04], [691256.39, 5335812.01], [691258.42, 5335817.87], [691259.28, 5335818.96], [691260.25, 5335819.03], [691298.34, 5335804.68], [691299.4, 5335804.2], [691300.23, 5335803.22], [691300.05, 5335802.25], [691297.79, 5335796.39], [691297.36, 5335795.88], [691296.39, 5335795.74], [691257.61, 5335810.06], [691256.32, 5335811.04]]}}, {"type": "Feature", "properties": {}, "geometry": {"type": "LineString", "coordinates": [[691280.64, 5335016.11], [691280.83, 5335017.09], [691286.59, 5335025.88], [691292.72, 5335036.62], [691294.68, 5335040.53], [691312.99, 5335084.46], [691314.94, 5335088.38], [691315.92, 5335088.41], [691319.82, 5335085.31], [691322.75, 5335083.77], [691391.11, 5335059.48], [691394.59, 5335058.11], [691395.43, 5335057.13], [691394.52, 5335054.2], [691384.28, 5335032.71], [691361.82, 5334984.4], [691360.84, 5334982.69], [691359.86, 5334982.2], [691357.91, 5334982.7], [691286.62, 5335011.73], [691282.71, 5335014.02], [691281.31, 5335015.14], [691280.64, 5335016.11]]}}, {"type": "Feature", "properties": {}, "geometry": {"type": "LineString", "coordinates": [[691287.0, 5334159.67], [691308.11, 5334177.52], [691327.64, 5334195.04], [691346.19, 5334211.21], [691354.0, 5334218.5], [691356.93, 5334220.95], [691360.13, 5334224.12], [691362.53, 5334226.07], [691366.7, 5334230.2], [691368.65, 5334231.72], [691372.56, 5334235.57], [691374.51, 5334237.09], [691384.54, 5334246.58], [691386.94, 5334248.54], [691391.11, 5334252.66], [691394.04, 5334255.02], [691395.02, 5334255.25], [691396.0, 5334254.62], [691398.17, 5334252.44], [691399.68, 5334250.49], [691407.93, 5334241.7], [691409.45, 5334239.75], [691417.7, 5334230.96], [691419.22, 5334229.0], [691427.46, 5334220.21], [691428.98, 5334218.26], [691437.23, 5334209.47], [691438.75, 5334207.52], [691441.89, 5334204.32], [691444.96, 5334200.68], [691445.19, 5334199.71], [691444.54, 5334198.73], [691440.92, 5334195.58], [691343.26, 5334113.07], [691334.47, 5334105.91], [691333.5, 5334105.85], [691330.57, 5334108.72], [691309.08, 5334133.46], [691306.43, 5334136.23], [691289.33, 5334155.76], [691287.06, 5334158.69], [691287.0, 5334159.67]]}}, {"type": "Feature", "properties": {}, "geometry": {"type": "LineString", "coordinates": [[691304.65, 5335794.43], [691306.87, 5335800.29], [691307.13, 5335800.61], [691308.11, 5335800.87], [691368.65, 5335777.73], [691369.93, 5335776.86], [691370.11, 5335775.88], [691369.87, 5335774.9], [691367.68, 5335769.7], [691366.7, 5335769.24], [691365.72, 5335769.46], [691308.11, 5335791.59], [691305.18, 5335792.91], [691304.68, 5335793.46], [691304.65, 5335794.43]]}}, {"type": "Feature", "properties": {}, "geometry": {"type": "LineString", "coordinates": [[691310.12, 5335499.51], [691310.12, 5335500.49], [691312.29, 5335506.35], [691325.77, 5335540.53], [691358.67, 5335622.56], [691360.0, 5335625.49], [691362.03, 5335627.44], [691362.63, 5335628.42], [691362.72, 5335632.32], [691363.77, 5335635.48], [691376.55, 5335669.43], [691393.34, 5335711.43], [691395.03, 5335715.33], [691397.79, 5335720.21], [691399.76, 5335723.14], [691401.86, 5335725.7], [691402.83, 5335725.99], [691403.81, 5335725.57], [691422.36, 5335710.31], [691428.54, 5335705.57], [691433.11, 5335702.31], [691442.87, 5335696.32], [691448.73, 5335693.64], [691459.47, 5335689.24], [691475.1, 5335683.68], [691489.75, 5335678.96], [691503.42, 5335675.24], [691503.86, 5335674.32], [691499.03, 5335665.53], [691497.16, 5335660.64], [691491.7, 5335645.74], [691487.22, 5335631.35], [691478.26, 5335600.1], [691455.33, 5335522.95], [691440.55, 5335472.17], [691439.95, 5335469.24], [691440.12, 5335466.31], [691439.96, 5335465.33], [691435.76, 5335460.45], [691431.15, 5335455.76], [691430.18, 5335455.02], [691429.2, 5335455.04], [691428.22, 5335455.35], [691422.36, 5335457.85], [691421.54, 5335458.5], [691419.43, 5335461.06], [691417.48, 5335462.12], [691415.53, 5335462.4], [691412.6, 5335461.98], [691411.62, 5335462.05], [691372.56, 5335476.96], [691353.03, 5335482.83], [691351.07, 5335483.52], [691349.12, 5335484.57], [691345.21, 5335485.44], [691312.01, 5335498.32], [691310.12, 5335499.51]]}}, {"type": "Feature", "properties": {}, "geometry": {"type": "LineString", "coordinates": [[691325.67, 5335096.19], [691326.45, 5335099.12], [691330.34, 5335108.89], [691330.98, 5335109.86], [691331.54, 5335110.19], [691332.52, 5335110.2], [691337.4, 5335109.74], [691342.29, 5335108.48], [691437.01, 5335073.28], [691437.99, 5335072.62], [691441.89, 5335068.58], [691445.03, 5335064.94], [691445.57, 5335063.96], [691445.31, 5335062.01], [691443.59, 5335056.15], [691442.87, 5335054.55], [691441.89, 5335054.08], [691435.06, 5335055.42], [691430.18, 5335056.88], [691343.26, 5335087.19], [691327.64, 5335094.49], [691326.34, 5335095.21], [691325.67, 5335096.19]]}}, {"type": "Feature", "properties": {}, "geometry": {"type": "LineString", "coordinates": [[691326.48, 5335227.05], [691330.57, 5335230.19], [691337.4, 5335234.66], [691342.29, 5335237.14], [691354.98, 5335242.95], [691367.68, 5335248.11], [691381.35, 5335253.07], [691397.95, 5335258.62], [691416.18, 5335264.16], [691419.43, 5335265.27], [691422.36, 5335266.66], [691423.34, 5335266.83], [691425.29, 5335266.52], [691464.89, 5335256.35], [691509.28, 5335245.3], [691512.21, 5335243.44], [691535.64, 5335234.1], [691540.53, 5335231.93], [691545.83, 5335229.0], [691548.78, 5335227.05], [691549.6, 5335226.07], [691549.77, 5335225.1], [691549.2, 5335222.17], [691548.34, 5335219.75], [691531.0, 5335185.06], [691519.02, 5335162.6], [691517.09, 5335159.32], [691516.11, 5335158.56], [691515.14, 5335158.63], [691513.18, 5335159.27], [691431.15, 5335189.53], [691334.47, 5335223.06], [691326.66, 5335226.03], [691326.48, 5335227.05]]}}, {"type": "Feature", "properties": {}, "geometry": {"type": "LineString", "coordinates": [[691333.92, 5334406.74], [691334.47, 5334407.17], [691335.74, 5334406.74], [691334.47, 5334406.59], [691333.92, 5334406.74]]}}, {"type": "Feature", "properties": {}, "geometry": {"type": "LineString", "coordinates": [[691338.98, 5334409.67], [691339.36, 5334409.98], [691343.16, 5334409.67], [691342.29, 5334409.23], [691338.98, 5334409.67]]}}, {"type": "Feature", "properties": {}, "geometry": {"type": "LineString", "coordinates": [[691343.81, 5334408.69], [691344.24, 5334409.03], [691345.21, 5334409.11], [691349.02, 5334408.69], [691348.14, 5334408.25], [691343.81, 5334408.69]]}}, {"type": "Feature", "properties": {}, "geometry": {"type": "LineString", "coordinates": [[691349.67, 5334407.71], [691350.1, 5334408.05], [691351.07, 5334408.13], [691354.28, 5334407.71], [691353.03, 5334407.43], [691349.67, 5334407.71]]}}, {"type": "Feature", "properties": {}, "geometry": {"type": "LineString", "coordinates": [[691352.78, 5334910.64], [691353.31, 5334909.67], [691356.69, 5334905.76], [691368.65, 5334893.8], [691369.63, 5334892.96], [691370.61, 5334892.57], [691371.53, 5334893.07], [691373.54, 5334897.56], [691375.49, 5334899.63], [691377.44, 5334901.18], [691378.01, 5334901.86], [691378.37, 5334902.83], [691378.41, 5334905.76], [691377.94, 5334908.69], [691377.87, 5334911.62], [691377.44, 5334912.8], [691375.48, 5334915.53], [691375.45, 5334916.5], [691375.98, 5334917.48], [691377.94, 5334920.41], [691379.39, 5334921.84], [691396.97, 5334931.8], [691397.84, 5334933.11], [691398.2, 5334934.08], [691398.53, 5334935.06], [691398.43, 5334936.04], [691397.95, 5334936.22], [691396.0, 5334935.73], [691376.46, 5334928.44], [691371.58, 5334926.4], [691354.0, 5334912.6], [691352.97, 5334911.62], [691352.78, 5334910.64]]}}, {"type": "Feature", "properties": {}, "geometry": {"type": "LineString", "coordinates": [[691355.5, 5334694.82], [691355.58, 5334695.8], [691359.86, 5334699.95], [691378.15, 5334716.31], [691381.35, 5334719.46], [691384.28, 5334721.81], [691385.25, 5334722.05], [691386.46, 5334721.19], [691396.73, 5334709.47], [691407.93, 5334697.75], [691409.45, 5334695.8], [691420.63, 5334684.08], [691422.36, 5334681.9], [691427.25, 5334677.01], [691430.18, 5334675.04], [691433.11, 5334672.23], [691435.63, 5334670.41], [691439.49, 5334668.46], [691443.85, 5334667.11], [691450.68, 5334665.65], [691457.52, 5334664.91], [691463.38, 5334663.94], [691476.07, 5334660.38], [691477.37, 5334659.67], [691478.33, 5334657.71], [691479.98, 5334656.74], [691498.01, 5334648.93], [691499.32, 5334647.95], [691499.42, 5334646.97], [691498.54, 5334645.06], [691497.56, 5334644.6], [691496.58, 5334644.52], [691493.65, 5334644.75], [691482.91, 5334647.69], [691481.93, 5334647.77], [691479.98, 5334647.29], [691479.0, 5334647.32], [691475.1, 5334648.6], [691474.12, 5334648.05], [691474.03, 5334646.97], [691476.47, 5334645.02], [691476.67, 5334644.04], [691476.24, 5334642.09], [691477.05, 5334641.28], [691479.0, 5334640.56], [691479.98, 5334640.4], [691480.96, 5334640.8], [691482.91, 5334642.29], [691484.86, 5334642.58], [691492.68, 5334641.98], [691495.61, 5334641.33], [691497.29, 5334640.14], [691496.65, 5334637.21], [691497.02, 5334636.23], [691497.56, 5334635.68], [691498.54, 5334635.32], [691499.87, 5334635.25], [691500.36, 5334634.28], [691499.35, 5334633.3], [691495.61, 5334631.35], [691493.17, 5334630.37], [691492.32, 5334629.39], [691491.55, 5334627.44], [691490.22, 5334626.46], [691482.91, 5334622.63], [691482.02, 5334620.61], [691480.96, 5334619.9], [691474.12, 5334616.45], [691467.29, 5334612.28], [691457.02, 5334604.98], [691454.59, 5334603.48], [691453.61, 5334603.47], [691452.64, 5334604.07], [691451.66, 5334604.26], [691451.26, 5334603.03], [691450.68, 5334602.31], [691449.71, 5334602.91], [691447.75, 5334604.74], [691423.09, 5334629.39], [691419.68, 5334633.3], [691408.95, 5334644.04], [691408.25, 5334645.02], [691408.04, 5334646.97], [691406.74, 5334648.67], [691405.76, 5334649.48], [691404.79, 5334649.7], [691402.83, 5334649.48], [691401.86, 5334650.18], [691399.65, 5334652.83], [691387.21, 5334665.28], [691384.54, 5334667.48], [691380.37, 5334671.6], [691378.42, 5334673.12], [691373.54, 5334677.95], [691371.58, 5334679.47], [691367.68, 5334683.35], [691364.75, 5334685.79], [691360.57, 5334689.94], [691358.18, 5334691.89], [691355.5, 5334694.82]]}}, {"type": "Feature", "properties": {}, "geometry": {"type": "LineString", "coordinates": [[691355.68, 5334406.74], [691355.96, 5334406.95], [691356.93, 5334406.97], [691360.14, 5334406.74], [691359.86, 5334406.52], [691358.89, 5334406.5], [691355.68, 5334406.74]]}}, {"type": "Feature", "properties": {}, "geometry": {"type": "LineString", "coordinates": [[691361.54, 5334405.76], [691361.82, 5334405.98], [691362.79, 5334406.0], [691365.2, 5334405.76], [691364.75, 5334405.61], [691361.54, 5334405.76]]}}, {"type": "Feature", "properties": {}, "geometry": {"type": "LineString", "coordinates": [[691364.77, 5334440.92], [691367.82, 5334439.94], [691370.61, 5334439.36], [691371.58, 5334438.87], [691373.54, 5334438.53], [691374.66, 5334437.99], [691377.44, 5334437.41], [691378.07, 5334437.01], [691391.33, 5334433.11], [691392.25, 5334433.11], [691392.29, 5334434.08], [691392.09, 5334434.23], [691381.35, 5334437.34], [691379.76, 5334437.99], [691377.44, 5334438.42], [691376.31, 5334438.96], [691370.61, 5334440.38], [691369.48, 5334440.92], [691365.72, 5334441.9], [691364.77, 5334440.92]]}}, {"type": "Feature", "properties": {}, "geometry": {"type": "LineString", "coordinates": [[691370.36, 5335468.26], [691370.61, 5335468.61], [691372.65, 5335468.26], [691397.95, 5335458.7], [691400.43, 5335457.52], [691400.41, 5335456.54], [691397.76, 5335455.57], [691396.59, 5335454.59], [691399.9, 5335453.07], [691412.6, 5335448.5], [691413.57, 5335448.34], [691414.55, 5335448.53], [691418.46, 5335450.46], [691419.43, 5335450.38], [691425.29, 5335447.96], [691426.27, 5335447.29], [691426.66, 5335446.78], [691426.63, 5335445.8], [691425.34, 5335441.89], [691425.3, 5335439.94], [691425.76, 5335437.01], [691425.65, 5335436.04], [691423.5, 5335432.13], [691417.1, 5335422.36], [691415.9, 5335421.39], [691414.55, 5335420.95], [691413.57, 5335420.97], [691412.51, 5335421.39], [691409.93, 5335424.32], [691408.86, 5335426.27], [691406.74, 5335428.93], [691405.76, 5335429.85], [691403.81, 5335431.07], [691399.28, 5335436.04], [691397.77, 5335437.99], [691397.12, 5335439.94], [691396.0, 5335441.62], [691394.04, 5335443.51], [691392.09, 5335444.31], [691390.49, 5335445.8], [691389.84, 5335446.78], [691389.53, 5335447.75], [691389.95, 5335448.73], [691394.15, 5335453.61], [691394.68, 5335454.59], [691393.07, 5335454.97], [691386.23, 5335454.11], [691384.28, 5335454.27], [691383.3, 5335454.87], [691381.59, 5335456.54], [691379.12, 5335459.47], [691376.46, 5335462.16], [691373.81, 5335464.36], [691370.36, 5335468.26]]}}, {"type": "Feature", "properties": {}, "geometry": {"type": "LineString", "coordinates": [[691386.99, 5334399.9], [691387.21, 5334400.09], [691388.53, 5334399.9], [691388.18, 5334399.56], [691386.99, 5334399.9]]}}, {"type": "Feature", "properties": {}, "geometry": {"type": "LineString", "coordinates": [[691388.81, 5334398.93], [691389.16, 5334399.28], [691390.7, 5334398.93], [691390.14, 5334398.55], [691388.81, 5334398.93]]}}, {"type": "Feature", "properties": {}, "geometry": {"type": "LineString", "coordinates": [[691399.2, 5334259.28], [691399.66, 5334260.25], [691407.71, 5334268.31], [691410.64, 5334270.75], [691416.5, 5334276.58], [691418.46, 5334278.1], [691433.11, 5334292.21], [691435.06, 5334293.73], [691457.52, 5334316.16], [691460.68, 5334318.85], [691473.14, 5334331.29], [691474.12, 5334332.03], [691475.1, 5334332.03], [691477.05, 5334330.32], [691523.68, 5334283.69], [691524.55, 5334282.71], [691524.78, 5334281.74], [691521.7, 5334277.83], [691495.96, 5334248.54], [691488.5, 5334239.75], [691477.57, 5334228.03], [691469.24, 5334220.0], [691450.68, 5334204.0], [691449.71, 5334203.65], [691448.73, 5334204.19], [691444.61, 5334208.5], [691443.09, 5334210.45], [691434.84, 5334219.24], [691433.32, 5334221.19], [691425.07, 5334229.98], [691419.16, 5334236.82], [691401.15, 5334256.35], [691399.2, 5334259.28]]}}, {"type": "Feature", "properties": {}, "geometry": {"type": "LineString", "coordinates": [[691401.02, 5334921.39], [691401.38, 5334919.43], [691401.47, 5334912.6], [691401.88, 5334909.67], [691401.9, 5334903.81], [691402.48, 5334900.88], [691402.42, 5334895.02], [691402.95, 5334892.09], [691402.93, 5334885.25], [691403.29, 5334884.28], [691403.81, 5334883.73], [691404.79, 5334883.86], [691405.05, 5334884.28], [691405.2, 5334886.23], [691404.66, 5334889.16], [691404.76, 5334897.95], [691404.19, 5334900.88], [691404.23, 5334910.64], [691403.79, 5334913.57], [691403.75, 5334921.39], [691403.32, 5334922.36], [691402.83, 5334922.66], [691401.86, 5334922.6], [691401.51, 5334922.36], [691401.02, 5334921.39]]}}, {"type": "Feature", "properties": {}, "geometry": {"type": "LineString", "coordinates": [[691402.68, 5334824.71], [691402.83, 5334825.23], [691403.81, 5334825.17], [691409.23, 5334822.75], [691408.69, 5334822.36], [691406.44, 5334822.75], [691403.94, 5334823.73], [691402.68, 5334824.71]]}}, {"type": "Feature", "properties": {}, "geometry": {"type": "LineString", "coordinates": [[691409.3, 5334821.78], [691409.67, 5334822.29], [691411.35, 5334821.78], [691410.64, 5334821.52], [691409.3, 5334821.78]]}}, {"type": "Feature", "properties": {}, "geometry": {"type": "LineString", "coordinates": [[691409.7, 5334805.18], [691410.64, 5334803.99], [691413.57, 5334802.77], [691414.55, 5334802.63], [691415.53, 5334803.38], [691416.24, 5334805.18], [691416.34, 5334806.15], [691415.23, 5334807.13], [691412.6, 5334808.32], [691411.62, 5334808.51], [691410.64, 5334807.7], [691409.7, 5334805.18]]}}, {"type": "Feature", "properties": {}, "geometry": {"type": "LineString", "coordinates": [[691414.08, 5335753.42], [691414.8, 5335758.3], [691417.57, 5335766.11], [691424.72, 5335783.69], [691445.59, 5335837.4], [691463.29, 5335881.35], [691494.72, 5335961.43], [691499.63, 5335972.17], [691500.49, 5335973.26], [691501.46, 5335973.33], [691502.44, 5335973.05], [691544.43, 5335956.33], [691646.97, 5335917.69], [691649.19, 5335916.5], [691649.74, 5335915.53], [691649.75, 5335914.55], [691648.35, 5335910.64], [691599.89, 5335786.62], [691586.7, 5335752.44], [691579.25, 5335731.93], [691578.61, 5335731.16], [691577.64, 5335731.1], [691576.66, 5335731.37], [691543.46, 5335743.4], [691541.5, 5335743.5], [691540.2, 5335742.68], [691539.71, 5335741.7], [691539.74, 5335740.72], [691540.33, 5335739.75], [691541.5, 5335738.89], [691571.78, 5335727.94], [691576.35, 5335726.07], [691576.88, 5335725.1], [691576.76, 5335724.12], [691576.23, 5335722.17], [691575.68, 5335721.18], [691574.71, 5335720.52], [691573.73, 5335720.26], [691565.92, 5335720.17], [691563.96, 5335719.77], [691556.15, 5335719.68], [691553.22, 5335719.24], [691521.0, 5335719.23], [691518.07, 5335718.76], [691491.7, 5335718.75], [691486.82, 5335718.47], [691485.81, 5335718.26], [691488.54, 5335716.31], [691488.77, 5335715.33], [691488.19, 5335713.38], [691486.87, 5335710.45], [691485.84, 5335710.02], [691466.31, 5335716.89], [691465.33, 5335717.4], [691464.25, 5335719.24], [691463.38, 5335719.63], [691461.43, 5335720.33], [691460.45, 5335720.4], [691459.47, 5335719.79], [691458.5, 5335719.8], [691454.59, 5335721.19], [691452.88, 5335722.17], [691452.63, 5335723.14], [691452.75, 5335724.12], [691452.33, 5335725.1], [691450.68, 5335726.04], [691449.71, 5335726.25], [691449.32, 5335726.07], [691447.75, 5335724.07], [691446.78, 5335723.99], [691435.06, 5335728.31], [691426.27, 5335732.75], [691421.19, 5335736.82], [691419.16, 5335739.75], [691418.64, 5335740.72], [691418.51, 5335741.7], [691419.43, 5335741.81], [691424.32, 5335740.48], [691424.85, 5335740.72], [691424.28, 5335741.7], [691422.36, 5335743.31], [691416.5, 5335749.35], [691414.55, 5335751.87], [691414.08, 5335753.42]]}}, {"type": "Feature", "properties": {}, "geometry": {"type": "LineString", "coordinates": [[691420.46, 5335282.71], [691420.46, 5335283.69], [691420.81, 5335284.67], [691421.63, 5335285.64], [691424.32, 5335288.22], [691426.27, 5335289.69], [691428.22, 5335290.53], [691479.98, 5335304.92], [691498.54, 5335309.44], [691524.9, 5335315.62], [691525.88, 5335315.52], [691526.44, 5335314.94], [691526.8, 5335313.96], [691526.73, 5335309.08], [691511.6, 5335253.42], [691510.42, 5335249.51], [691509.28, 5335248.57], [691506.35, 5335249.1], [691425.29, 5335269.53], [691424.32, 5335270.07], [691423.86, 5335271.0], [691420.46, 5335282.71]]}}, {"type": "Feature", "properties": {}, "geometry": {"type": "LineString", "coordinates": [[691434.55, 5334452.64], [691435.06, 5334452.34], [691436.04, 5334453.48], [691436.25, 5334454.59], [691436.04, 5334455.31], [691434.68, 5334453.61], [691434.55, 5334452.64]]}}, {"type": "Feature", "properties": {}, "geometry": {"type": "LineString", "coordinates": [[691438.88, 5335350.1], [691438.9, 5335351.07], [691440.19, 5335356.93], [691443.85, 5335371.58], [691449.71, 5335394.51], [691450.45, 5335396.0], [691451.66, 5335396.45], [691454.59, 5335396.5], [691457.52, 5335396.96], [691462.4, 5335396.98], [691465.33, 5335397.45], [691468.26, 5335397.39], [691469.24, 5335397.04], [691469.53, 5335396.0], [691469.25, 5335394.04], [691469.24, 5335377.44], [691469.68, 5335374.51], [691469.74, 5335367.68], [691470.19, 5335364.75], [691470.05, 5335363.77], [691469.24, 5335362.97], [691468.26, 5335362.95], [691467.29, 5335363.74], [691466.31, 5335365.49], [691465.33, 5335366.09], [691464.36, 5335366.15], [691461.43, 5335365.68], [691456.54, 5335364.62], [691451.66, 5335360.98], [691442.01, 5335353.03], [691441.42, 5335352.05], [691440.92, 5335350.03], [691439.94, 5335349.67], [691438.88, 5335350.1]]}}, {"type": "Feature", "properties": {}, "geometry": {"type": "LineString", "coordinates": [[691439.92, 5335451.66], [691444.82, 5335457.07], [691445.8, 5335457.37], [691446.77, 5335453.61], [691447.09, 5335449.71], [691447.03, 5335448.73], [691446.78, 5335448.34], [691445.8, 5335448.15], [691442.87, 5335449.23], [691439.99, 5335450.68], [691439.92, 5335451.66]]}}, {"type": "Feature", "properties": {}, "geometry": {"type": "LineString", "coordinates": [[691453.09, 5335407.71], [691455.21, 5335421.39], [691455.71, 5335423.34], [691456.54, 5335424.15], [691457.52, 5335424.17], [691494.63, 5335415.86], [691495.61, 5335415.26], [691495.98, 5335414.55], [691496.02, 5335408.69], [691495.61, 5335407.65], [691494.63, 5335407.42], [691479.0, 5335410.45], [691478.03, 5335410.16], [691477.05, 5335408.46], [691476.07, 5335407.87], [691475.1, 5335407.73], [691470.21, 5335407.67], [691468.26, 5335407.27], [691463.38, 5335407.18], [691461.43, 5335406.78], [691456.54, 5335406.73], [691454.59, 5335406.43], [691453.31, 5335406.74], [691453.09, 5335407.71]]}}, {"type": "Feature", "properties": {}, "geometry": {"type": "LineString", "coordinates": [[691455.13, 5335458.5], [691455.14, 5335459.47], [691455.47, 5335460.45], [691457.84, 5335463.38], [691459.19, 5335466.31], [691471.11, 5335507.32], [691472.17, 5335510.21], [691473.14, 5335510.41], [691480.96, 5335506.59], [691493.65, 5335499.76], [691495.61, 5335498.94], [691567.87, 5335478.26], [691591.31, 5335470.47], [691597.17, 5335468.88], [691603.03, 5335467.73], [691604.98, 5335466.95], [691605.96, 5335466.95], [691606.93, 5335467.33], [691608.14, 5335468.26], [691609.61, 5335470.21], [691611.42, 5335476.07], [691611.88, 5335477.05], [691613.56, 5335479.0], [691613.76, 5335479.98], [691613.56, 5335482.91], [691612.79, 5335483.86], [691611.82, 5335484.47], [691610.84, 5335484.66], [691609.86, 5335484.36], [691607.71, 5335482.91], [691606.24, 5335479.98], [691604.85, 5335475.1], [691604.0, 5335473.45], [691603.03, 5335473.03], [691601.07, 5335473.19], [691592.29, 5335475.35], [691578.61, 5335480.06], [691568.85, 5335483.15], [691504.39, 5335501.58], [691499.3, 5335503.42], [691499.0, 5335504.39], [691499.14, 5335505.37], [691519.78, 5335579.59], [691520.17, 5335580.57], [691521.0, 5335581.45], [691521.97, 5335581.51], [691676.35, 5335538.57], [691677.25, 5335537.6], [691676.99, 5335535.64], [691666.74, 5335499.51], [691661.54, 5335482.91], [691661.32, 5335481.93], [691661.62, 5335480.78], [691662.6, 5335479.1], [691663.57, 5335478.22], [691664.55, 5335478.04], [691665.53, 5335478.93], [691671.0, 5335496.58], [691671.39, 5335497.41], [691672.36, 5335497.99], [691674.32, 5335497.64], [691719.24, 5335484.12], [691723.14, 5335482.89], [691724.12, 5335482.29], [691724.37, 5335481.93], [691724.46, 5335480.96], [691724.24, 5335479.98], [691717.9, 5335455.57], [691717.91, 5335451.66], [691719.02, 5335449.71], [691720.21, 5335448.6], [691721.19, 5335448.04], [691747.03, 5335440.92], [691748.54, 5335440.09], [691748.73, 5335438.96], [691748.53, 5335437.99], [691745.13, 5335424.32], [691745.24, 5335420.41], [691746.42, 5335417.48], [691746.52, 5335416.5], [691746.01, 5335414.55], [691734.13, 5335382.32], [691733.58, 5335380.37], [691733.83, 5335378.42], [691733.72, 5335377.44], [691733.23, 5335376.46], [691731.93, 5335374.62], [691730.96, 5335373.91], [691726.07, 5335372.68], [691724.12, 5335372.68], [691719.24, 5335373.65], [691646.0, 5335393.81], [691643.07, 5335394.73], [691641.11, 5335396.33], [691640.14, 5335396.72], [691592.29, 5335410.21], [691591.31, 5335410.32], [691589.36, 5335409.31], [691588.38, 5335409.44], [691575.68, 5335412.71], [691570.8, 5335414.55], [691560.06, 5335416.87], [691548.34, 5335418.41], [691537.6, 5335419.48], [691528.81, 5335421.14], [691524.9, 5335422.13], [691513.18, 5335425.86], [691470.21, 5335438.6], [691457.11, 5335443.85], [691456.46, 5335444.82], [691456.53, 5335446.78], [691455.61, 5335453.61], [691455.52, 5335456.54], [691455.13, 5335458.5]]}}, {"type": "Feature", "properties": {}, "geometry": {"type": "LineString", "coordinates": [[691474.04, 5335517.09], [691475.04, 5335521.0], [691474.88, 5335523.93], [691480.06, 5335537.6], [691493.91, 5335584.47], [691495.61, 5335589.26], [691496.58, 5335589.62], [691497.56, 5335589.43], [691515.24, 5335583.5], [691516.23, 5335582.52], [691516.17, 5335581.54], [691514.88, 5335576.66], [691495.85, 5335508.3], [691494.63, 5335505.57], [691493.65, 5335505.64], [691492.68, 5335506.1], [691475.13, 5335515.14], [691474.08, 5335516.11], [691474.04, 5335517.09]]}}, {"type": "Feature", "properties": {}, "geometry": {"type": "LineString", "coordinates": [[691477.78, 5334337.4], [691478.31, 5334338.38], [691483.64, 5334344.24], [691522.7, 5334383.3], [691525.18, 5334386.23], [691533.69, 5334394.77], [691534.67, 5334395.69], [691535.64, 5334396.11], [691536.62, 5334395.68], [691537.31, 5334395.02], [691538.85, 5334393.07], [691541.75, 5334390.14], [691550.51, 5334380.37], [691552.25, 5334377.83], [691569.06, 5334338.38], [691570.68, 5334333.5], [691571.76, 5334328.61], [691571.53, 5334327.64], [691570.8, 5334327.14], [691566.91, 5334325.68], [691563.96, 5334324.19], [691559.08, 5334320.55], [691531.96, 5334289.55], [691529.79, 5334287.3], [691528.81, 5334286.63], [691527.83, 5334286.96], [691526.86, 5334287.84], [691509.28, 5334305.42], [691506.1, 5334308.11], [691478.76, 5334335.45], [691477.96, 5334336.43], [691477.78, 5334337.4]]}}, {"type": "Feature", "properties": {}, "geometry": {"type": "LineString", "coordinates": [[691497.38, 5335596.19], [691504.65, 5335621.58], [691508.87, 5335635.25], [691511.81, 5335644.04], [691516.54, 5335656.74], [691517.09, 5335657.87], [691518.07, 5335658.31], [691522.95, 5335657.73], [691551.27, 5335657.71], [691563.96, 5335659.18], [691570.8, 5335659.17], [691573.73, 5335658.7], [691575.68, 5335658.7], [691578.61, 5335659.17], [691582.52, 5335659.19], [691585.45, 5335659.66], [691590.33, 5335659.71], [691592.29, 5335660.11], [691597.17, 5335660.17], [691600.1, 5335660.63], [691604.0, 5335660.69], [691605.96, 5335661.08], [691617.68, 5335662.12], [691620.61, 5335662.59], [691622.56, 5335662.61], [691625.49, 5335663.07], [691627.44, 5335663.1], [691634.28, 5335664.01], [691637.21, 5335664.11], [691639.16, 5335664.51], [691642.09, 5335664.6], [691648.93, 5335665.48], [691651.86, 5335665.57], [691658.69, 5335666.49], [691670.41, 5335667.49], [691679.2, 5335668.5], [691686.04, 5335670.04], [691690.92, 5335671.66], [691707.52, 5335678.34], [691708.53, 5335678.22], [691708.64, 5335677.25], [691706.91, 5335668.46], [691695.68, 5335615.72], [691693.85, 5335608.13], [691692.87, 5335607.15], [691691.89, 5335607.21], [691687.01, 5335608.4], [691593.26, 5335632.81], [691591.31, 5335633.11], [691589.84, 5335632.32], [691589.23, 5335631.35], [691589.19, 5335630.37], [691589.53, 5335629.39], [691590.33, 5335628.59], [691591.31, 5335628.18], [691681.15, 5335604.86], [691690.92, 5335602.26], [691691.89, 5335601.59], [691692.18, 5335601.07], [691691.77, 5335598.14], [691680.42, 5335549.32], [691679.2, 5335544.64], [691678.22, 5335543.62], [691677.25, 5335543.6], [691671.39, 5335545.17], [691521.0, 5335587.03], [691498.82, 5335594.24], [691497.45, 5335595.21], [691497.38, 5335596.19]]}}, {"type": "Feature", "properties": {}, "geometry": {"type": "LineString", "coordinates": [[691504.42, 5334644.04], [691504.68, 5334642.09], [691507.32, 5334636.73], [691508.3, 5334635.45], [691509.28, 5334635.35], [691515.14, 5334638.18], [691516.91, 5334639.16], [691517.5, 5334640.14], [691517.1, 5334641.11], [691516.11, 5334641.78], [691506.35, 5334645.4], [691505.37, 5334645.53], [691504.67, 5334645.02], [691504.42, 5334644.04]]}}, {"type": "Feature", "properties": {}, "geometry": {"type": "LineString", "coordinates": [[691519.51, 5335697.75], [691520.15, 5335698.73], [691521.97, 5335700.41], [691524.9, 5335702.61], [691527.83, 5335704.01], [691531.74, 5335705.03], [691539.55, 5335706.01], [691543.46, 5335706.07], [691546.39, 5335706.53], [691550.29, 5335706.59], [691552.25, 5335706.98], [691562.01, 5335707.57], [691563.96, 5335707.96], [691566.89, 5335708.02], [691571.78, 5335708.62], [691577.64, 5335709.88], [691582.52, 5335712.12], [691589.36, 5335714.23], [691595.21, 5335714.84], [691609.86, 5335714.85], [691613.77, 5335715.33], [691619.63, 5335715.32], [691622.56, 5335714.86], [691638.18, 5335714.84], [691641.11, 5335714.4], [691646.97, 5335714.35], [691649.9, 5335713.88], [691661.62, 5335712.84], [691663.57, 5335712.45], [691666.5, 5335712.35], [691674.32, 5335711.27], [691679.2, 5335710.32], [691683.11, 5335708.7], [691684.76, 5335707.52], [691687.74, 5335703.61], [691688.56, 5335701.66], [691688.95, 5335699.71], [691688.31, 5335693.85], [691687.15, 5335691.89], [691685.06, 5335689.34], [691684.08, 5335688.64], [691682.13, 5335688.11], [691676.27, 5335687.34], [691675.29, 5335687.56], [691674.98, 5335687.99], [691674.83, 5335688.96], [691674.79, 5335706.54], [691674.65, 5335707.52], [691674.32, 5335708.06], [691673.34, 5335708.47], [691666.5, 5335708.45], [691664.55, 5335708.06], [691659.67, 5335708.0], [691656.74, 5335707.53], [691652.83, 5335707.51], [691649.9, 5335707.04], [691646.0, 5335706.98], [691644.04, 5335706.59], [691639.16, 5335706.5], [691637.21, 5335706.1], [691633.3, 5335706.04], [691630.37, 5335705.58], [691621.58, 5335705.07], [691618.65, 5335704.6], [691609.86, 5335704.09], [691606.93, 5335703.62], [691598.14, 5335703.11], [691595.21, 5335702.65], [691586.43, 5335702.14], [691583.5, 5335701.67], [691580.57, 5335701.65], [691577.64, 5335701.18], [691574.71, 5335701.12], [691572.75, 5335700.73], [691564.94, 5335700.18], [691562.01, 5335699.72], [691559.08, 5335699.66], [691556.15, 5335699.11], [691553.22, 5335697.8], [691549.32, 5335697.71], [691547.36, 5335697.31], [691544.43, 5335697.25], [691536.62, 5335696.3], [691521.0, 5335696.35], [691519.75, 5335696.78], [691519.51, 5335697.75]]}}, {"type": "Feature", "properties": {}, "geometry": {"type": "LineString", "coordinates": [[691532.83, 5334282.71], [691535.02, 5334285.64], [691560.79, 5334314.94], [691563.96, 5334318.09], [691565.92, 5334319.49], [691568.85, 5334321.01], [691571.78, 5334322.13], [691575.68, 5334322.75], [691578.61, 5334322.74], [691581.54, 5334322.28], [691585.45, 5334322.22], [691625.49, 5334315.87], [691646.97, 5334312.06], [691656.74, 5334311.04], [691666.5, 5334311.05], [691668.46, 5334311.36], [691669.76, 5334311.04], [691670.18, 5334310.06], [691669.93, 5334308.11], [691669.87, 5334302.25], [691669.48, 5334300.29], [691669.43, 5334294.43], [691668.99, 5334291.5], [691668.9, 5334284.67], [691668.46, 5334281.74], [691668.45, 5334276.86], [691667.98, 5334273.93], [691667.96, 5334268.07], [691667.49, 5334265.14], [691667.47, 5334259.28], [691667.0, 5334256.35], [691666.98, 5334250.49], [691666.51, 5334247.56], [691666.46, 5334241.7], [691666.06, 5334239.75], [691666.01, 5334233.89], [691665.57, 5334230.96], [691665.53, 5334225.1], [691665.09, 5334222.17], [691665.03, 5334216.31], [691664.56, 5334213.38], [691664.54, 5334207.52], [691664.07, 5334204.59], [691664.05, 5334198.73], [691663.58, 5334195.8], [691663.56, 5334189.94], [691663.1, 5334187.01], [691663.03, 5334181.15], [691662.6, 5334179.96], [691661.62, 5334179.31], [691654.79, 5334177.97], [691650.88, 5334176.64], [691646.97, 5334174.45], [691642.09, 5334170.53], [691641.11, 5334170.76], [691613.04, 5334198.73], [691609.86, 5334202.39], [691569.82, 5334242.45], [691568.09, 5334244.63], [691552.03, 5334261.23], [691550.51, 5334263.18], [691534.45, 5334279.79], [691533.04, 5334281.74], [691532.83, 5334282.71]]}}, {"type": "Feature", "properties": {}, "geometry": {"type": "LineString", "coordinates": [[691537.37, 5334914.55], [691538.57, 5334914.95], [691539.64, 5334914.55], [691538.57, 5334914.38], [691537.37, 5334914.55]]}}, {"type": "Feature", "properties": {}, "geometry": {"type": "LineString", "coordinates": [[691538.66, 5334759.28], [691539.55, 5334758.28], [691540.53, 5334758.76], [691540.8, 5334759.28], [691540.55, 5334760.25], [691539.55, 5334760.54], [691539.16, 5334760.25], [691538.66, 5334759.28]]}}, {"type": "Feature", "properties": {}, "geometry": {"type": "LineString", "coordinates": [[691539.79, 5334399.9], [691539.97, 5334400.88], [691540.78, 5334401.86], [691547.61, 5334408.69], [691550.05, 5334411.62], [691563.69, 5334425.29], [691565.92, 5334427.97], [691575.68, 5334437.73], [691576.66, 5334438.48], [691577.64, 5334438.51], [691578.61, 5334437.98], [691587.4, 5334429.45], [691590.33, 5334427.0], [691598.14, 5334419.22], [691600.33, 5334417.48], [691608.89, 5334408.96], [691610.84, 5334407.44], [691618.65, 5334399.66], [691621.58, 5334397.22], [691631.35, 5334387.45], [691634.28, 5334385.01], [691656.58, 5334362.79], [691660.64, 5334359.24], [691663.57, 5334357.42], [691666.5, 5334356.21], [691670.41, 5334355.41], [691671.47, 5334354.98], [691671.87, 5334353.03], [691671.87, 5334346.19], [691671.39, 5334342.29], [691671.38, 5334333.5], [691670.91, 5334330.57], [691670.85, 5334320.8], [691670.24, 5334317.87], [691669.43, 5334316.82], [691668.46, 5334316.46], [691664.55, 5334315.92], [691657.71, 5334315.93], [691654.79, 5334316.39], [691647.95, 5334316.94], [691626.46, 5334320.76], [691590.33, 5334326.53], [691586.43, 5334327.1], [691583.5, 5334327.16], [691580.57, 5334327.63], [691578.61, 5334327.68], [691577.64, 5334328.03], [691576.78, 5334329.59], [691575.68, 5334334.22], [691573.64, 5334340.33], [691571.69, 5334345.21], [691558.8, 5334375.49], [691556.52, 5334380.37], [691555.31, 5334382.32], [691552.87, 5334385.25], [691540.32, 5334398.93], [691539.79, 5334399.9]]}}, {"type": "Feature", "properties": {}, "geometry": {"type": "LineString", "coordinates": [[691540.13, 5335674.32], [691543.46, 5335675.21], [691556.15, 5335677.08], [691559.08, 5335676.35], [691565.92, 5335677.24], [691567.87, 5335677.29], [691569.82, 5335677.69], [691576.66, 5335678.27], [691578.61, 5335678.66], [691585.45, 5335679.24], [691587.4, 5335679.64], [691594.24, 5335680.22], [691596.19, 5335680.62], [691603.03, 5335681.2], [691604.98, 5335681.59], [691611.82, 5335682.17], [691613.77, 5335682.57], [691620.61, 5335683.15], [691622.56, 5335683.54], [691625.49, 5335683.63], [691632.32, 5335684.51], [691635.25, 5335684.59], [691637.21, 5335685.0], [691646.0, 5335685.5], [691648.93, 5335686.0], [691654.79, 5335685.94], [691656.74, 5335686.33], [691662.66, 5335686.04], [691657.71, 5335684.77], [691655.76, 5335684.65], [691650.88, 5335683.7], [691597.17, 5335675.83], [691583.5, 5335673.88], [691576.66, 5335673.29], [691574.71, 5335672.9], [691567.87, 5335672.32], [691561.04, 5335671.4], [691557.13, 5335671.86], [691548.34, 5335671.93], [691544.43, 5335672.43], [691540.89, 5335673.34], [691540.13, 5335674.32]]}}, {"type": "Feature", "properties": {}, "geometry": {"type": "LineString", "coordinates": [[691541.42, 5334914.55], [691544.43, 5334914.75], [691546.1, 5334914.55], [691545.41, 5334914.08], [691543.46, 5334913.98], [691541.42, 5334914.55]]}}, {"type": "Feature", "properties": {}, "geometry": {"type": "LineString", "coordinates": [[691548.08, 5334913.57], [691549.32, 5334914.08], [691551.27, 5334914.1], [691553.29, 5334913.57], [691550.29, 5334913.34], [691548.08, 5334913.57]]}}, {"type": "Feature", "properties": {}, "geometry": {"type": "LineString", "coordinates": [[691552.02, 5334909.67], [691553.22, 5334910.22], [691554.2, 5334910.24], [691555.18, 5334910.12], [691556.22, 5334909.67], [691554.2, 5334909.47], [691552.02, 5334909.67]]}}, {"type": "Feature", "properties": {}, "geometry": {"type": "LineString", "coordinates": [[691557.56, 5334913.57], [691559.08, 5334913.76], [691560.29, 5334913.57], [691559.08, 5334913.05], [691557.56, 5334913.57]]}}, {"type": "Feature", "properties": {}, "geometry": {"type": "LineString", "coordinates": [[691558.54, 5334909.67], [691560.06, 5334909.9], [691565.92, 5334909.98], [691568.85, 5334909.24], [691575.68, 5334909.53], [691578.61, 5334908.95], [691581.54, 5334909.02], [691583.02, 5334908.69], [691582.9, 5334907.71], [691582.52, 5334907.49], [691580.57, 5334907.42], [691578.61, 5334907.99], [691574.71, 5334907.86], [691571.78, 5334908.44], [691565.92, 5334908.48], [691563.96, 5334909.11], [691560.06, 5334909.16], [691558.54, 5334909.67]]}}, {"type": "Feature", "properties": {}, "geometry": {"type": "LineString", "coordinates": [[691575.02, 5334785.64], [691575.18, 5334784.67], [691575.68, 5334784.24], [691582.52, 5334782.19], [691583.5, 5334782.22], [691584.03, 5334782.71], [691584.47, 5334783.72], [691584.75, 5334785.64], [691584.47, 5334786.16], [691583.5, 5334786.83], [691576.66, 5334788.65], [691575.68, 5334788.0], [691575.02, 5334785.64]]}}, {"type": "Feature", "properties": {}, "geometry": {"type": "LineString", "coordinates": [[691575.37, 5334795.41], [691576.66, 5334794.28], [691593.26, 5334789.79], [691595.21, 5334788.81], [691596.19, 5334787.21], [691597.02, 5334786.62], [691598.14, 5334786.25], [691605.96, 5334784.25], [691606.93, 5334784.38], [691607.91, 5334785.03], [691608.89, 5334785.26], [691609.86, 5334785.11], [691621.21, 5334781.74], [691623.54, 5334781.25], [691624.6, 5334780.76], [691630.37, 5334779.35], [691631.5, 5334778.81], [691634.28, 5334778.24], [691635.0, 5334777.83], [691638.18, 5334777.24], [691641.82, 5334775.88], [691646.97, 5334774.48], [691650.97, 5334772.95], [691653.81, 5334772.29], [691666.5, 5334768.06], [691667.75, 5334768.07], [691668.11, 5334769.04], [691667.48, 5334769.53], [691663.04, 5334771.0], [691646.97, 5334775.47], [691646.25, 5334775.88], [691644.04, 5334776.3], [691642.85, 5334776.86], [691640.14, 5334777.45], [691634.28, 5334779.23], [691633.15, 5334779.79], [691627.44, 5334781.2], [691626.33, 5334781.74], [691613.77, 5334785.33], [691603.03, 5334788.81], [691577.64, 5334796.17], [691575.6, 5334796.39], [691575.37, 5334795.41]]}}, {"type": "Feature", "properties": {}, "geometry": {"type": "LineString", "coordinates": [[691581.56, 5335722.17], [691582.16, 5335726.07], [691582.92, 5335729.0], [691584.69, 5335731.93], [691590.61, 5335748.54], [691601.84, 5335777.83], [691654.46, 5335912.6], [691655.76, 5335913.75], [691656.74, 5335913.87], [691657.71, 5335913.57], [691701.66, 5335896.46], [691702.22, 5335896.0], [691702.45, 5335895.02], [691702.22, 5335894.04], [691681.73, 5335841.31], [691680.79, 5335838.38], [691680.44, 5335835.45], [691680.79, 5335831.54], [691689.49, 5335788.57], [691690.06, 5335786.62], [691691.25, 5335784.67], [691692.27, 5335780.76], [691702.02, 5335737.79], [691706.9, 5335712.4], [691707.05, 5335709.47], [691706.54, 5335709.04], [691704.59, 5335709.23], [691697.75, 5335711.34], [691691.89, 5335713.66], [691684.08, 5335717.28], [691677.25, 5335720.13], [691667.48, 5335723.38], [691662.6, 5335724.48], [691651.86, 5335726.06], [691648.93, 5335726.08], [691646.0, 5335726.55], [691643.07, 5335726.56], [691640.14, 5335726.12], [691636.23, 5335726.01], [691634.28, 5335725.5], [691631.13, 5335725.1], [691632.35, 5335724.12], [691634.28, 5335723.58], [691637.5, 5335722.17], [691636.23, 5335721.45], [691634.28, 5335721.26], [691622.56, 5335721.24], [691620.61, 5335721.79], [691620.05, 5335722.17], [691619.52, 5335723.14], [691618.65, 5335723.97], [691617.68, 5335724.07], [691616.7, 5335723.73], [691615.46, 5335722.17], [691614.75, 5335721.8], [691613.77, 5335721.69], [691597.17, 5335721.67], [691594.24, 5335721.2], [691582.52, 5335721.07], [691582.01, 5335721.19], [691581.56, 5335722.17]]}}, {"type": "Feature", "properties": {}, "geometry": {"type": "LineString", "coordinates": [[691582.11, 5334443.85], [691582.54, 5334444.82], [691583.5, 5334446.03], [691607.91, 5334470.43], [691611.57, 5334473.14], [691614.75, 5334474.98], [691616.7, 5334475.62], [691617.68, 5334475.71], [691622.56, 5334475.45], [691625.49, 5334474.09], [691638.18, 5334464.85], [691646.25, 5334459.47], [691649.9, 5334457.28], [691656.74, 5334453.89], [691659.67, 5334452.89], [691664.55, 5334451.79], [691669.43, 5334450.81], [691676.27, 5334450.13], [691677.39, 5334449.71], [691677.84, 5334448.73], [691677.73, 5334441.89], [691677.29, 5334438.96], [691677.24, 5334433.11], [691676.77, 5334430.18], [691676.75, 5334424.32], [691676.28, 5334421.39], [691676.26, 5334415.53], [691675.79, 5334412.6], [691675.77, 5334406.74], [691675.3, 5334403.81], [691675.28, 5334397.95], [691674.82, 5334395.02], [691674.79, 5334389.16], [691674.33, 5334386.23], [691674.27, 5334380.37], [691673.88, 5334378.42], [691673.29, 5334369.63], [691672.9, 5334367.68], [691672.8, 5334363.77], [691672.58, 5334362.79], [691671.95, 5334361.82], [691671.39, 5334361.49], [691670.41, 5334361.47], [691666.5, 5334362.59], [691662.6, 5334365.48], [691656.74, 5334371.31], [691654.06, 5334373.54], [691632.32, 5334395.26], [691629.39, 5334397.71], [691621.58, 5334405.49], [691619.63, 5334407.01], [691611.07, 5334415.53], [691608.66, 5334417.48], [691590.33, 5334435.28], [691588.15, 5334437.01], [691582.52, 5334442.71], [691582.11, 5334443.85]]}}, {"type": "Feature", "properties": {}, "geometry": {"type": "LineString", "coordinates": [[691595.95, 5334515.14], [691596.94, 5334514.16], [691599.12, 5334512.72], [691602.05, 5334510.99], [691603.03, 5334510.89], [691604.0, 5334511.75], [691606.77, 5334516.11], [691607.34, 5334517.09], [691607.46, 5334518.07], [691606.65, 5334519.04], [691602.05, 5334521.96], [691601.07, 5334522.43], [691600.1, 5334522.21], [691596.52, 5334517.09], [691595.98, 5334516.11], [691595.95, 5334515.14]]}}, {"type": "Feature", "properties": {}, "geometry": {"type": "LineString", "coordinates": [[691600.81, 5334759.28], [691601.07, 5334758.81], [691602.05, 5334758.21], [691604.98, 5334757.39], [691605.96, 5334757.58], [691606.45, 5334758.3], [691607.17, 5334760.25], [691607.37, 5334761.23], [691607.24, 5334762.21], [691605.96, 5334763.08], [691604.0, 5334763.66], [691603.03, 5334763.81], [691602.05, 5334763.47], [691600.86, 5334760.25], [691600.81, 5334759.28]]}}, {"type": "Feature", "properties": {}, "geometry": {"type": "LineString", "coordinates": [[691606.31, 5334735.84], [691606.49, 5334734.86], [691606.93, 5334734.54], [691611.82, 5334733.06], [691612.79, 5334733.12], [691613.41, 5334733.89], [691613.63, 5334734.86], [691613.17, 5334735.84], [691612.79, 5334736.11], [691607.91, 5334737.46], [691606.93, 5334737.25], [691606.31, 5334735.84]]}}, {"type": "Feature", "properties": {}, "geometry": {"type": "LineString", "coordinates": [[691608.73, 5334883.3], [691609.86, 5334883.52], [691611.57, 5334883.3], [691612.79, 5334882.75], [691615.0, 5334882.32], [691615.72, 5334881.92], [691618.41, 5334881.35], [691619.63, 5334880.79], [691621.83, 5334880.37], [691625.49, 5334879.01], [691628.13, 5334878.42], [691627.44, 5334877.73], [691624.31, 5334878.42], [691623.54, 5334878.8], [691620.72, 5334879.39], [691610.49, 5334882.32], [691608.73, 5334883.3]]}}, {"type": "Feature", "properties": {}, "geometry": {"type": "LineString", "coordinates": [[691612.27, 5334500.49], [691613.77, 5334499.03], [691618.65, 5334496.14], [691619.76, 5334496.58], [691623.02, 5334501.46], [691623.39, 5334502.44], [691622.92, 5334503.42], [691621.58, 5334504.39], [691617.68, 5334506.95], [691616.7, 5334507.2], [691615.72, 5334506.53], [691612.96, 5334502.44], [691612.39, 5334501.46], [691612.27, 5334500.49]]}}, {"type": "Feature", "properties": {}, "geometry": {"type": "LineString", "coordinates": [[691616.2, 5334544.43], [691616.74, 5334543.46], [691618.65, 5334542.49], [691643.07, 5334532.0], [691644.04, 5334531.89], [691645.02, 5334532.79], [691647.9, 5334539.55], [691647.98, 5334540.53], [691646.96, 5334541.5], [691630.37, 5334548.64], [691628.42, 5334549.71], [691620.61, 5334552.79], [691619.52, 5334552.25], [691617.68, 5334548.33], [691616.2, 5334544.43]]}}, {"type": "Feature", "properties": {}, "geometry": {"type": "LineString", "coordinates": [[691622.48, 5334556.15], [691623.54, 5334554.84], [691628.42, 5334551.72], [691629.39, 5334551.69], [691630.37, 5334552.7], [691633.29, 5334557.13], [691633.8, 5334558.11], [691633.74, 5334559.08], [691632.32, 5334560.34], [691628.42, 5334562.71], [691627.44, 5334563.01], [691626.46, 5334562.55], [691626.01, 5334562.01], [691622.77, 5334557.13], [691622.48, 5334556.15]]}}, {"type": "Feature", "properties": {}, "geometry": {"type": "LineString", "coordinates": [[691624.9, 5334524.9], [691625.11, 5334523.93], [691625.49, 5334523.57], [691628.42, 5334521.91], [691629.39, 5334521.83], [691630.66, 5334522.95], [691631.17, 5334523.93], [691631.35, 5334524.9], [691630.37, 5334526.08], [691627.44, 5334527.56], [691626.46, 5334527.57], [691625.49, 5334526.34], [691624.9, 5334524.9]]}}, {"type": "Feature", "properties": {}, "geometry": {"type": "LineString", "coordinates": [[691626.57, 5334768.07], [691627.76, 5334767.09], [691634.28, 5334765.14], [691635.25, 5334765.39], [691636.05, 5334767.09], [691635.89, 5334768.07], [691635.25, 5334768.67], [691630.37, 5334770.43], [691628.42, 5334770.9], [691627.44, 5334770.6], [691626.97, 5334770.02], [691626.59, 5334769.04], [691626.57, 5334768.07]]}}, {"type": "Feature", "properties": {}, "geometry": {"type": "LineString", "coordinates": [[691627.73, 5334877.44], [691634.28, 5334875.77], [691634.86, 5334876.46], [691628.42, 5334878.13], [691627.73, 5334877.44]]}}, {"type": "Feature", "properties": {}, "geometry": {"type": "LineString", "coordinates": [[691629.16, 5334565.92], [691629.38, 5334564.94], [691630.37, 5334564.08], [691634.28, 5334561.44], [691635.25, 5334561.14], [691636.23, 5334561.65], [691639.15, 5334565.92], [691639.67, 5334566.89], [691639.64, 5334567.87], [691638.72, 5334568.85], [691635.25, 5334571.2], [691634.28, 5334571.73], [691633.3, 5334571.83], [691632.17, 5334570.8], [691629.58, 5334566.89], [691629.16, 5334565.92]]}}, {"type": "Feature", "properties": {}, "geometry": {"type": "LineString", "coordinates": [[691630.98, 5334482.91], [691631.58, 5334481.93], [691632.32, 5334481.38], [691636.23, 5334478.81], [691637.21, 5334478.53], [691638.18, 5334479.07], [691640.34, 5334481.93], [691641.62, 5334483.89], [691641.87, 5334484.86], [691641.27, 5334485.84], [691639.89, 5334486.82], [691636.23, 5334489.28], [691635.25, 5334489.37], [691634.28, 5334488.5], [691631.84, 5334484.86], [691631.23, 5334483.89], [691630.98, 5334482.91]]}}, {"type": "Feature", "properties": {}, "geometry": {"type": "LineString", "coordinates": [[691631.84, 5334521.0], [691632.02, 5334520.02], [691633.3, 5334519.05], [691635.25, 5334518.11], [691636.23, 5334518.02], [691637.35, 5334519.04], [691638.25, 5334521.0], [691637.87, 5334521.97], [691634.28, 5334523.78], [691633.3, 5334523.58], [691632.75, 5334522.95], [691631.84, 5334521.0]]}}, {"type": "Feature", "properties": {}, "geometry": {"type": "LineString", "coordinates": [[691634.61, 5334875.49], [691641.11, 5334873.89], [691641.64, 5334874.51], [691639.16, 5334874.91], [691638.18, 5334875.51], [691635.25, 5334876.02], [691634.61, 5334875.49]]}}, {"type": "Feature", "properties": {}, "geometry": {"type": "LineString", "coordinates": [[691635.29, 5334574.71], [691635.61, 5334575.68], [691638.18, 5334579.59], [691639.16, 5334580.82], [691640.14, 5334581.12], [691641.11, 5334580.73], [691645.78, 5334577.64], [691646.27, 5334576.66], [691645.95, 5334575.68], [691643.52, 5334571.78], [691642.09, 5334570.2], [691641.11, 5334570.22], [691639.16, 5334571.38], [691635.79, 5334573.73], [691635.29, 5334574.71]]}}, {"type": "Feature", "properties": {}, "geometry": {"type": "LineString", "coordinates": [[691638.63, 5334494.63], [691639.37, 5334493.65], [691640.64, 5334492.68], [691644.04, 5334490.45], [691645.02, 5334490.25], [691646.0, 5334491.01], [691646.48, 5334491.7], [691649.06, 5334495.61], [691649.36, 5334496.58], [691648.84, 5334497.56], [691646.97, 5334499.03], [691644.04, 5334500.96], [691643.07, 5334501.24], [691642.09, 5334500.64], [691641.11, 5334499.27], [691638.75, 5334495.61], [691638.63, 5334494.63]]}}, {"type": "Feature", "properties": {}, "geometry": {"type": "LineString", "coordinates": [[691640.22, 5334477.05], [691640.59, 5334478.03], [691643.2, 5334481.93], [691644.04, 5334482.92], [691645.02, 5334483.15], [691646.0, 5334482.73], [691649.9, 5334480.13], [691651.01, 5334479.0], [691650.98, 5334478.03], [691650.45, 5334477.05], [691647.95, 5334473.34], [691646.97, 5334472.37], [691646.0, 5334472.41], [691642.09, 5334474.88], [691640.55, 5334476.07], [691640.22, 5334477.05]]}}, {"type": "Feature", "properties": {}, "geometry": {"type": "LineString", "coordinates": [[691641.46, 5334873.54], [691642.09, 5334874.06], [691645.1, 5334873.54], [691646.0, 5334872.96], [691647.86, 5334872.56], [691646.97, 5334872.22], [691646.0, 5334872.34], [691644.86, 5334872.56], [691644.04, 5334873.04], [691641.46, 5334873.54]]}}, {"type": "Feature", "properties": {}, "geometry": {"type": "LineString", "coordinates": [[691641.61, 5334147.95], [691641.65, 5334150.88], [691642.22, 5334153.81], [691643.84, 5334158.69], [691645.02, 5334160.34], [691646.0, 5334160.91], [691647.95, 5334160.53], [691649.9, 5334159.16], [691650.24, 5334158.69], [691650.1, 5334157.71], [691648.66, 5334154.79], [691647.95, 5334153.81], [691646.0, 5334152.77], [691645.58, 5334151.86], [691645.38, 5334148.93], [691645.63, 5334146.97], [691646.18, 5334145.02], [691646.97, 5334144.08], [691647.95, 5334143.6], [691648.39, 5334143.07], [691650.4, 5334139.16], [691650.28, 5334138.18], [691649.16, 5334137.21], [691647.95, 5334136.52], [691646.97, 5334136.28], [691646.0, 5334136.3], [691645.02, 5334136.75], [691644.61, 5334137.21], [691642.71, 5334141.11], [691641.61, 5334147.95]]}}, {"type": "Feature", "properties": {}, "geometry": {"type": "LineString", "coordinates": [[691642.21, 5334584.47], [691642.83, 5334583.5], [691646.97, 5334579.21], [691647.95, 5334578.86], [691648.93, 5334579.4], [691652.1, 5334582.52], [691653.01, 5334583.5], [691653.43, 5334584.47], [691653.01, 5334585.45], [691652.1, 5334586.43], [691648.93, 5334589.6], [691647.95, 5334590.06], [691646.97, 5334589.55], [691643.07, 5334586.12], [691642.45, 5334585.45], [691642.21, 5334584.47]]}}, {"type": "Feature", "properties": {}, "geometry": {"type": "LineString", "coordinates": [[691643.71, 5334547.36], [691644.56, 5334546.39], [691648.93, 5334543.44], [691649.9, 5334542.93], [691650.88, 5334543.08], [691653.97, 5334547.36], [691654.97, 5334549.32], [691654.66, 5334550.29], [691652.83, 5334551.74], [691649.9, 5334553.69], [691648.93, 5334554.16], [691647.95, 5334554.11], [691646.97, 5334553.2], [691644.37, 5334549.32], [691643.8, 5334548.34], [691643.71, 5334547.36]]}}, {"type": "Feature", "properties": {}, "geometry": {"type": "LineString", "coordinates": [[691645.2, 5334504.39], [691646.0, 5334503.38], [691652.83, 5334500.28], [691664.55, 5334497.19], [691667.48, 5334497.01], [691669.43, 5334496.62], [691671.39, 5334496.62], [691672.36, 5334497.04], [691672.69, 5334497.56], [691673.29, 5334500.49], [691673.3, 5334503.42], [691672.88, 5334504.39], [691672.36, 5334504.72], [691668.46, 5334504.93], [691663.57, 5334505.98], [691656.74, 5334507.89], [691649.9, 5334510.52], [691648.93, 5334510.24], [691648.13, 5334509.28], [691645.55, 5334505.37], [691645.2, 5334504.39]]}}, {"type": "Feature", "properties": {}, "geometry": {"type": "LineString", "coordinates": [[691648.51, 5334871.58], [691648.93, 5334871.87], [691651.3, 5334871.58], [691650.88, 5334871.29], [691648.51, 5334871.58]]}}, {"type": "Feature", "properties": {}, "geometry": {"type": "LineString", "coordinates": [[691649.35, 5334471.19], [691649.41, 5334470.21], [691651.86, 5334468.05], [691654.79, 5334466.16], [691655.76, 5334466.16], [691656.74, 5334467.07], [691658.34, 5334469.24], [691659.64, 5334471.19], [691660.01, 5334472.17], [691659.54, 5334473.14], [691654.79, 5334476.51], [691653.81, 5334476.82], [691652.66, 5334476.07], [691649.35, 5334471.19]]}}, {"type": "Feature", "properties": {}, "geometry": {"type": "LineString", "coordinates": [[691649.79, 5334557.13], [691649.93, 5334556.15], [691651.86, 5334554.56], [691655.76, 5334552.14], [691656.74, 5334552.25], [691657.71, 5334553.29], [691660.78, 5334558.11], [691661.11, 5334559.08], [691660.64, 5334560.2], [691658.05, 5334562.01], [691658.69, 5334562.98], [691660.64, 5334561.53], [691661.62, 5334561.13], [691662.6, 5334561.16], [691663.57, 5334562.04], [691666.17, 5334565.92], [691666.72, 5334566.89], [691666.75, 5334567.87], [691665.76, 5334568.85], [691661.62, 5334571.6], [691660.64, 5334572.1], [691659.67, 5334571.95], [691656.74, 5334567.87], [691655.75, 5334565.92], [691656.02, 5334564.94], [691657.71, 5334563.48], [691658.68, 5334562.99], [691657.71, 5334562.32], [691655.76, 5334563.56], [691654.79, 5334563.75], [691653.81, 5334563.29], [691650.24, 5334558.11], [691649.79, 5334557.13]]}}, {"type": "Feature", "properties": {}, "geometry": {"type": "LineString", "coordinates": [[691651.06, 5334165.53], [691651.19, 5334166.5], [691651.86, 5334167.25], [691653.82, 5334168.46], [691658.69, 5334170.28], [691661.62, 5334170.85], [691663.57, 5334170.9], [691665.53, 5334170.89], [691668.46, 5334170.37], [691671.39, 5334169.64], [691673.34, 5334168.83], [691675.43, 5334167.48], [691676.18, 5334166.5], [691676.33, 5334165.53], [691675.29, 5334163.4], [691674.32, 5334162.29], [691673.34, 5334161.93], [691669.43, 5334163.89], [691667.48, 5334165.91], [691665.53, 5334166.46], [691662.6, 5334166.49], [691660.64, 5334166.09], [691659.67, 5334165.63], [691658.69, 5334164.15], [691657.87, 5334163.57], [691654.79, 5334162.23], [691653.81, 5334162.17], [691652.83, 5334162.81], [691651.41, 5334164.55], [691651.06, 5334165.53]]}}, {"type": "Feature", "properties": {}, "geometry": {"type": "LineString", "coordinates": [[691651.24, 5334131.35], [691652.83, 5334133.9], [691653.81, 5334134.53], [691654.79, 5334134.46], [691657.86, 5334133.3], [691658.69, 5334132.72], [691659.67, 5334131.25], [691660.64, 5334130.92], [691664.55, 5334130.51], [691667.48, 5334131.01], [691668.01, 5334131.35], [691669.43, 5334133.23], [691673.34, 5334135.2], [691674.32, 5334135.01], [691674.93, 5334134.28], [691676.14, 5334132.32], [691676.37, 5334131.35], [691676.15, 5334130.37], [691675.26, 5334129.39], [691673.34, 5334128.21], [691671.39, 5334127.52], [691667.48, 5334126.51], [691661.62, 5334126.46], [691659.67, 5334126.51], [691656.74, 5334127.21], [691652.83, 5334128.84], [691651.85, 5334129.39], [691651.25, 5334130.37], [691651.24, 5334131.35]]}}, {"type": "Feature", "properties": {}, "geometry": {"type": "LineString", "coordinates": [[691651.37, 5334148.93], [691651.62, 5334150.88], [691652.83, 5334154.26], [691653.81, 5334155.66], [691654.79, 5334155.81], [691657.71, 5334153.66], [691659.61, 5334151.86], [691660.02, 5334150.88], [691659.73, 5334148.93], [691659.98, 5334146.97], [691659.83, 5334146.0], [691659.13, 5334145.02], [691655.76, 5334141.67], [691654.79, 5334141.19], [691653.81, 5334141.49], [691652.83, 5334142.59], [691652.02, 5334144.04], [691651.37, 5334148.93]]}}, {"type": "Feature", "properties": {}, "geometry": {"type": "LineString", "coordinates": [[691651.94, 5334870.61], [691652.83, 5334870.95], [691654.7, 5334870.61], [691653.81, 5334870.27], [691651.94, 5334870.61]]}}, {"type": "Feature", "properties": {}, "geometry": {"type": "LineString", "coordinates": [[691654.12, 5334594.24], [691655.6, 5334591.31], [691663.71, 5334578.61], [691664.55, 5334578.07], [691665.53, 5334578.33], [691672.13, 5334582.52], [691672.43, 5334583.5], [691672.02, 5334584.47], [691662.6, 5334599.17], [691661.62, 5334599.51], [691659.67, 5334598.6], [691654.79, 5334595.47], [691654.12, 5334594.24]]}}, {"type": "Feature", "properties": {}, "geometry": {"type": "LineString", "coordinates": [[691655.34, 5334869.63], [691655.76, 5334869.92], [691658.06, 5334869.63], [691657.71, 5334869.34], [691655.34, 5334869.63]]}}, {"type": "Feature", "properties": {}, "geometry": {"type": "LineString", "coordinates": [[691656.16, 5334157.71], [691656.81, 5334158.69], [691658.69, 5334159.88], [691660.64, 5334160.52], [691664.55, 5334161.08], [691667.48, 5334160.39], [691669.43, 5334159.63], [691670.58, 5334158.69], [691671.03, 5334157.71], [691670.41, 5334156.34], [691666.5, 5334152.49], [691665.53, 5334152.14], [691663.57, 5334152.32], [691661.62, 5334152.13], [691660.64, 5334152.38], [691658.69, 5334154.19], [691656.41, 5334156.74], [691656.16, 5334157.71]]}}, {"type": "Feature", "properties": {}, "geometry": {"type": "LineString", "coordinates": [[691656.27, 5334139.16], [691656.5, 5334140.14], [691657.27, 5334141.11], [691660.64, 5334144.39], [691661.62, 5334144.73], [691663.57, 5334144.56], [691665.53, 5334144.73], [691666.5, 5334144.39], [691667.48, 5334143.51], [691670.71, 5334140.14], [691671.02, 5334139.16], [691670.41, 5334138.1], [691668.46, 5334137.0], [691665.53, 5334136.28], [691663.57, 5334136.23], [691661.62, 5334136.28], [691659.67, 5334136.8], [691656.9, 5334138.18], [691656.27, 5334139.16]]}}, {"type": "Feature", "properties": {}, "geometry": {"type": "LineString", "coordinates": [[691659.06, 5334868.65], [691659.67, 5334868.78], [691661.37, 5334868.65], [691660.64, 5334868.42], [691659.06, 5334868.65]]}}, {"type": "Feature", "properties": {}, "geometry": {"type": "LineString", "coordinates": [[691659.99, 5334729.98], [691660.15, 5334729.0], [691661.62, 5334728.03], [691668.46, 5334724.64], [691669.43, 5334724.44], [691670.41, 5334725.09], [691671.72, 5334728.03], [691671.47, 5334729.0], [691670.41, 5334729.71], [691662.6, 5334733.45], [691661.48, 5334732.91], [691659.99, 5334729.98]]}}, {"type": "Feature", "properties": {}, "geometry": {"type": "LineString", "coordinates": [[691662.44, 5334867.68], [691663.57, 5334867.81], [691664.81, 5334867.68], [691664.55, 5334867.47], [691662.44, 5334867.68]]}}, {"type": "Feature", "properties": {}, "geometry": {"type": "LineString", "coordinates": [[691662.61, 5334464.36], [691663.14, 5334469.24], [691663.57, 5334470.31], [691664.55, 5334470.66], [691669.43, 5334470.68], [691670.81, 5334470.21], [691671.39, 5334469.45], [691671.32, 5334463.38], [691670.75, 5334462.4], [691670.41, 5334462.22], [691663.57, 5334462.51], [691662.75, 5334463.38], [691662.61, 5334464.36]]}}, {"type": "Feature", "properties": {}, "geometry": {"type": "LineString", "coordinates": [[691663.51, 5334475.1], [691664.55, 5334474.21], [691667.48, 5334473.65], [691670.41, 5334473.66], [691671.39, 5334474.03], [691671.82, 5334475.1], [691671.88, 5334478.03], [691671.86, 5334479.98], [691671.72, 5334480.96], [691671.39, 5334481.48], [691670.41, 5334481.9], [691667.48, 5334481.95], [691665.53, 5334482.3], [691664.55, 5334482.27], [691664.05, 5334481.93], [691663.62, 5334480.96], [691663.51, 5334475.1]]}}, {"type": "Feature", "properties": {}, "geometry": {"type": "LineString", "coordinates": [[691664.06, 5334489.75], [691664.12, 5334486.82], [691664.55, 5334485.74], [691665.53, 5334485.38], [691668.46, 5334485.33], [691670.41, 5334485.0], [691671.39, 5334485.02], [691672.21, 5334485.84], [691672.8, 5334489.75], [691672.8, 5334491.7], [691672.49, 5334492.68], [691671.39, 5334493.38], [691670.41, 5334493.62], [691666.5, 5334493.65], [691665.53, 5334493.61], [691664.55, 5334493.19], [691664.22, 5334492.68], [691664.08, 5334491.7], [691664.06, 5334489.75]]}}, {"type": "Feature", "properties": {}, "geometry": {"type": "LineString", "coordinates": [[691665.9, 5334866.7], [691668.46, 5334866.71], [691669.43, 5334866.12], [691674.96, 5334864.75], [691674.32, 5334864.22], [691671.39, 5334864.72], [691670.41, 5334865.32], [691668.38, 5334865.72], [691667.48, 5334866.41], [691665.9, 5334866.7]]}}, {"type": "Feature", "properties": {}, "geometry": {"type": "LineString", "coordinates": [[691667.3, 5334146.97], [691667.48, 5334150.88], [691668.03, 5334151.86], [691671.39, 5334155.19], [691672.36, 5334155.74], [691673.34, 5334155.8], [691674.3, 5334154.79], [691674.8, 5334153.81], [691675.73, 5334150.88], [691675.66, 5334145.02], [691674.32, 5334141.75], [691673.34, 5334141.03], [691672.36, 5334141.34], [691669.49, 5334144.04], [691668.12, 5334145.02], [691667.39, 5334146.0], [691667.3, 5334146.97]]}}, {"type": "Feature", "properties": {}, "geometry": {"type": "LineString", "coordinates": [[691667.97, 5334183.11], [691667.98, 5334185.06], [691668.45, 5334187.99], [691668.47, 5334193.85], [691668.93, 5334196.78], [691668.99, 5334202.64], [691669.39, 5334204.59], [691669.48, 5334211.43], [691669.87, 5334213.38], [691669.97, 5334220.21], [691670.36, 5334222.17], [691670.42, 5334228.03], [691670.89, 5334230.96], [691670.91, 5334236.82], [691671.38, 5334239.75], [691671.4, 5334245.61], [691671.86, 5334248.54], [691671.89, 5334254.39], [691672.35, 5334257.32], [691672.41, 5334263.18], [691672.8, 5334265.14], [691672.9, 5334271.97], [691673.29, 5334273.93], [691673.34, 5334279.79], [691673.78, 5334282.71], [691673.84, 5334288.57], [691674.31, 5334291.5], [691674.33, 5334297.36], [691674.79, 5334300.29], [691674.93, 5334305.18], [691675.29, 5334306.13], [691676.27, 5334306.04], [691683.11, 5334301.79], [691687.01, 5334299.68], [691769.04, 5334260.16], [691769.69, 5334259.28], [691769.22, 5334258.3], [691768.31, 5334257.32], [691750.49, 5334239.5], [691747.31, 5334236.82], [691684.08, 5334173.6], [691683.11, 5334172.96], [691682.13, 5334173.09], [691679.2, 5334175.04], [691676.27, 5334176.51], [691669.18, 5334179.2], [691668.46, 5334179.65], [691668.13, 5334180.18], [691667.97, 5334183.11]]}}, {"type": "Feature", "properties": {}, "geometry": {"type": "LineString", "coordinates": [[691671.96, 5334521.97], [691672.16, 5334521.0], [691673.34, 5334520.43], [691676.27, 5334519.66], [691678.22, 5334519.49], [691679.2, 5334520.37], [691679.47, 5334521.97], [691679.2, 5334522.44], [691678.22, 5334523.04], [691675.29, 5334523.8], [691673.34, 5334524.01], [691672.36, 5334523.34], [691671.96, 5334521.97]]}}, {"type": "Feature", "properties": {}, "geometry": {"type": "LineString", "coordinates": [[691673.43, 5335504.39], [691683.96, 5335542.48], [691697.14, 5335599.12], [691713.99, 5335678.22], [691714.8, 5335680.18], [691717.29, 5335681.04], [691724.12, 5335682.6], [691728.03, 5335682.74], [691730.96, 5335682.57], [691736.82, 5335681.59], [691755.37, 5335676.64], [691772.95, 5335671.5], [691802.25, 5335663.46], [691807.37, 5335661.62], [691808.9, 5335660.64], [691809.03, 5335659.67], [691808.83, 5335658.69], [691805.9, 5335647.95], [691791.76, 5335600.1], [691776.48, 5335544.43], [691768.3, 5335513.18], [691767.18, 5335510.25], [691766.11, 5335509.88], [691765.14, 5335510.02], [691744.63, 5335515.09], [691741.7, 5335515.32], [691738.77, 5335515.13], [691737.79, 5335515.0], [691735.9, 5335514.16], [691734.64, 5335513.18], [691733.19, 5335511.23], [691731.07, 5335505.37], [691726.5, 5335488.77], [691726.07, 5335487.97], [691725.1, 5335487.65], [691676.27, 5335502.2], [691674.32, 5335502.95], [691673.73, 5335503.42], [691673.43, 5335504.39]]}}, {"type": "Feature", "properties": {}, "geometry": {"type": "LineString", "coordinates": [[691674.33, 5334599.12], [691679.93, 5334591.31], [691686.04, 5334583.44], [691687.01, 5334583.25], [691687.99, 5334583.75], [691692.86, 5334587.4], [691693.75, 5334588.38], [691693.74, 5334589.36], [691693.11, 5334590.33], [691683.73, 5334603.03], [691682.13, 5334604.9], [691681.15, 5334605.09], [691680.18, 5334604.62], [691674.41, 5334600.1], [691674.33, 5334599.12]]}}, {"type": "Feature", "properties": {}, "geometry": {"type": "LineString", "coordinates": [[691675.78, 5334322.75], [691675.79, 5334327.64], [691676.26, 5334330.57], [691676.32, 5334340.33], [691676.76, 5334343.26], [691676.77, 5334352.05], [691677.59, 5334357.91], [691677.39, 5334360.84], [691677.72, 5334362.79], [691677.75, 5334365.72], [691678.21, 5334368.65], [691678.27, 5334371.58], [691678.66, 5334373.54], [691678.72, 5334376.46], [691679.19, 5334379.39], [691679.21, 5334384.28], [691679.68, 5334387.21], [691679.7, 5334393.07], [691680.17, 5334396.0], [691680.22, 5334401.86], [691680.62, 5334403.81], [691680.71, 5334410.64], [691681.11, 5334412.6], [691681.2, 5334419.43], [691681.59, 5334421.39], [691681.69, 5334428.22], [691682.08, 5334430.18], [691682.17, 5334437.01], [691682.57, 5334438.96], [691682.67, 5334445.8], [691683.25, 5334448.73], [691684.08, 5334449.56], [691729.98, 5334449.71], [691733.89, 5334450.19], [691752.44, 5334450.2], [691755.37, 5334450.64], [691762.21, 5334450.68], [691765.14, 5334451.12], [691772.95, 5334451.22], [691774.9, 5334451.61], [691778.81, 5334451.71], [691780.76, 5334452.1], [691783.69, 5334452.2], [691799.32, 5334454.23], [691895.02, 5334469.11], [691896.97, 5334468.99], [691904.79, 5334466.86], [691916.5, 5334468.43], [691917.49, 5334468.26], [691917.95, 5334466.31], [691917.98, 5334459.47], [691918.45, 5334456.54], [691918.47, 5334450.68], [691918.93, 5334447.75], [691918.96, 5334441.89], [691919.42, 5334438.96], [691919.44, 5334433.11], [691919.91, 5334430.18], [691919.93, 5334424.32], [691920.4, 5334421.39], [691920.46, 5334416.5], [691920.85, 5334414.55], [691920.88, 5334411.62], [691920.41, 5334410.48], [691917.48, 5334409.76], [691914.55, 5334410.5], [691913.57, 5334410.5], [691910.64, 5334408.85], [691899.9, 5334406.13], [691886.23, 5334401.45], [691877.44, 5334398.16], [691678.22, 5334318.46], [691677.25, 5334318.18], [691676.27, 5334318.29], [691675.82, 5334319.82], [691675.78, 5334322.75]]}}, {"type": "Feature", "properties": {}, "geometry": {"type": "LineString", "coordinates": [[691677.24, 5334158.69], [691678.02, 5334159.67], [691680.18, 5334160.97], [691681.15, 5334161.06], [691682.13, 5334160.74], [691683.24, 5334159.67], [691684.08, 5334158.17], [691685.91, 5334152.83], [691686.02, 5334146.97], [691685.42, 5334143.07], [691684.08, 5334138.18], [691683.11, 5334136.46], [691682.13, 5334135.87], [691681.15, 5334135.89], [691680.18, 5334136.26], [691678.73, 5334137.21], [691677.75, 5334138.18], [691677.62, 5334139.16], [691679.2, 5334142.56], [691681.43, 5334145.02], [691681.62, 5334146.0], [691681.62, 5334150.88], [691681.15, 5334152.24], [691679.41, 5334153.81], [691677.46, 5334157.71], [691677.24, 5334158.69]]}}, {"type": "Feature", "properties": {}, "geometry": {"type": "LineString", "coordinates": [[691677.98, 5334561.04], [691678.97, 5334560.06], [691685.06, 5334556.16], [691686.04, 5334555.66], [691687.01, 5334555.79], [691690.59, 5334561.04], [691692.08, 5334563.96], [691691.7, 5334564.94], [691690.36, 5334565.92], [691685.06, 5334569.31], [691684.08, 5334569.75], [691683.11, 5334569.73], [691682.13, 5334568.78], [691679.04, 5334563.96], [691678.0, 5334562.01], [691677.98, 5334561.04]]}}, {"type": "Feature", "properties": {}, "geometry": {"type": "LineString", "coordinates": [[691681.25, 5334313.96], [691682.89, 5334314.94], [691692.87, 5334319.06], [691884.28, 5334395.42], [691900.88, 5334401.12], [691908.69, 5334403.18], [691909.67, 5334403.23], [691910.32, 5334402.83], [691912.71, 5334399.9], [691912.62, 5334398.93], [691911.04, 5334396.97], [691909.83, 5334394.04], [691908.42, 5334392.09], [691893.07, 5334376.71], [691890.4, 5334374.51], [691885.25, 5334369.39], [691882.32, 5334366.94], [691877.44, 5334362.09], [691875.49, 5334360.57], [691869.63, 5334354.76], [691867.68, 5334353.25], [691862.79, 5334348.39], [691859.86, 5334345.94], [691848.37, 5334334.47], [691845.96, 5334332.52], [691833.5, 5334320.07], [691830.57, 5334317.62], [691818.1, 5334305.18], [691815.69, 5334303.22], [691803.22, 5334290.78], [691800.29, 5334288.33], [691787.83, 5334275.88], [691785.64, 5334274.14], [691777.83, 5334266.45], [691776.86, 5334266.1], [691775.88, 5334266.37], [691770.02, 5334269.05], [691759.28, 5334274.41], [691756.35, 5334275.63], [691746.58, 5334280.52], [691743.65, 5334281.74], [691732.91, 5334287.1], [691729.98, 5334288.33], [691720.21, 5334293.21], [691717.29, 5334294.44], [691706.54, 5334299.8], [691690.92, 5334307.16], [691682.63, 5334312.01], [691681.41, 5334312.99], [691681.25, 5334313.96]]}}, {"type": "Feature", "properties": {}, "geometry": {"type": "LineString", "coordinates": [[691683.86, 5334609.86], [691684.27, 5334608.89], [691687.01, 5334604.98], [691687.99, 5334603.88], [691688.96, 5334603.6], [691689.94, 5334604.02], [691694.82, 5334607.74], [691695.14, 5334608.89], [691691.89, 5334613.59], [691690.92, 5334614.65], [691689.94, 5334614.76], [691685.06, 5334611.44], [691684.35, 5334610.84], [691683.86, 5334609.86]]}}, {"type": "Feature", "properties": {}, "geometry": {"type": "LineString", "coordinates": [[691685.04, 5334548.34], [691685.17, 5334547.36], [691686.49, 5334546.39], [691687.99, 5334545.72], [691688.96, 5334546.1], [691689.94, 5334547.36], [691690.45, 5334548.34], [691690.39, 5334549.32], [691688.96, 5334550.53], [691687.99, 5334551.02], [691687.01, 5334551.12], [691686.04, 5334550.21], [691685.04, 5334548.34]]}}, {"type": "Feature", "properties": {}, "geometry": {"type": "LineString", "coordinates": [[691687.51, 5335834.47], [691687.63, 5335836.43], [691688.96, 5335840.56], [691706.63, 5335886.23], [691709.05, 5335892.09], [691709.47, 5335892.68], [691710.45, 5335893.02], [691712.4, 5335892.49], [691777.83, 5335867.59], [691856.17, 5335837.4], [691857.58, 5335836.43], [691857.74, 5335835.45], [691836.3, 5335756.35], [691835.45, 5335754.64], [691834.47, 5335754.36], [691829.59, 5335755.49], [691798.34, 5335763.92], [691707.52, 5335788.81], [691696.78, 5335791.49], [691695.92, 5335792.48], [691695.44, 5335794.43], [691687.51, 5335834.47]]}}, {"type": "Feature", "properties": {}, "geometry": {"type": "LineString", "coordinates": [[691689.94, 5334510.25], [691690.09, 5334512.21], [691690.92, 5334513.03], [691696.78, 5334513.18], [691697.75, 5334513.14], [691698.73, 5334512.72], [691699.06, 5334512.21], [691699.2, 5334511.23], [691699.17, 5334509.28], [691698.73, 5334507.74], [691697.94, 5334506.35], [691699.71, 5334505.47], [691701.66, 5334505.32], [691702.64, 5334504.85], [691702.9, 5334504.39], [691702.59, 5334498.54], [691702.18, 5334497.56], [691701.66, 5334497.23], [691700.68, 5334497.08], [691698.73, 5334497.11], [691694.82, 5334497.71], [691694.0, 5334498.54], [691693.87, 5334499.51], [691694.39, 5334504.39], [691694.82, 5334505.72], [691695.61, 5334506.35], [691693.85, 5334507.21], [691690.92, 5334507.47], [691690.09, 5334508.3], [691689.94, 5334510.25]]}}, {"type": "Feature", "properties": {}, "geometry": {"type": "LineString", "coordinates": [[691691.89, 5334464.36], [691691.94, 5334466.31], [691692.87, 5334469.33], [691693.85, 5334469.68], [691697.75, 5334469.73], [691699.71, 5334469.6], [691700.38, 5334469.24], [691700.68, 5334468.26], [691700.64, 5334462.4], [691700.22, 5334461.43], [691699.71, 5334461.09], [691695.8, 5334460.93], [691692.87, 5334461.09], [691692.35, 5334461.43], [691691.94, 5334462.4], [691691.89, 5334464.36]]}}, {"type": "Feature", "properties": {}, "geometry": {"type": "LineString", "coordinates": [[691692.39, 5334618.65], [691693.15, 5334617.68], [691693.85, 5334617.19], [691697.75, 5334614.6], [691698.73, 5334614.27], [691699.71, 5334614.68], [691700.51, 5334615.72], [691703.1, 5334619.63], [691703.47, 5334620.61], [691702.99, 5334621.58], [691701.66, 5334622.56], [691697.75, 5334625.08], [691696.78, 5334625.2], [691695.8, 5334624.47], [691694.82, 5334623.05], [691692.6, 5334619.63], [691692.39, 5334618.65]]}}, {"type": "Feature", "properties": {}, "geometry": {"type": "LineString", "coordinates": [[691692.42, 5334475.1], [691692.68, 5334474.12], [691693.85, 5334473.3], [691699.71, 5334473.19], [691700.68, 5334473.6], [691701.01, 5334474.12], [691701.15, 5334475.1], [691701.22, 5334479.98], [691701.01, 5334480.96], [691699.71, 5334481.41], [691693.85, 5334481.48], [691693.14, 5334480.96], [691692.9, 5334479.98], [691692.42, 5334475.1]]}}, {"type": "Feature", "properties": {}, "geometry": {"type": "LineString", "coordinates": [[691693.26, 5335690.92], [691694.57, 5335694.82], [691694.82, 5335696.78], [691694.7, 5335700.68], [691694.05, 5335703.61], [691693.35, 5335705.57], [691693.42, 5335706.54], [691693.85, 5335706.91], [691695.8, 5335706.98], [691697.75, 5335706.37], [691698.52, 5335705.57], [691698.73, 5335704.59], [691698.69, 5335691.89], [691698.34, 5335690.92], [691697.75, 5335690.45], [691694.82, 5335689.63], [691693.85, 5335689.69], [691693.45, 5335689.94], [691693.26, 5335690.92]]}}, {"type": "Feature", "properties": {}, "geometry": {"type": "LineString", "coordinates": [[691693.36, 5334527.83], [691693.64, 5334524.9], [691695.21, 5334521.97], [691696.31, 5334521.0], [691697.75, 5334520.17], [691699.71, 5334519.66], [691701.66, 5334519.82], [691704.59, 5334521.38], [691705.57, 5334522.54], [691706.87, 5334524.9], [691707.08, 5334529.79], [691707.47, 5334531.74], [691707.57, 5334537.6], [691707.96, 5334539.55], [691708.01, 5334544.43], [691708.31, 5334547.36], [691707.52, 5334550.36], [691706.89, 5334551.27], [691704.51, 5334553.22], [691702.64, 5334553.7], [691699.71, 5334553.66], [691698.73, 5334553.34], [691697.12, 5334552.25], [691696.16, 5334551.27], [691695.11, 5334549.32], [691694.35, 5334542.48], [691694.29, 5334538.57], [691693.89, 5334536.62], [691693.8, 5334531.74], [691693.41, 5334529.79], [691693.36, 5334527.83]]}}, {"type": "Feature", "properties": {}, "geometry": {"type": "LineString", "coordinates": [[691693.36, 5334487.79], [691693.42, 5334486.82], [691693.85, 5334485.75], [691694.82, 5334485.4], [691700.68, 5334485.03], [691701.66, 5334485.63], [691702.09, 5334486.82], [691702.09, 5334491.7], [691701.75, 5334492.68], [691700.68, 5334493.11], [691697.75, 5334493.53], [691694.82, 5334493.5], [691694.0, 5334492.68], [691693.36, 5334487.79]]}}, {"type": "Feature", "properties": {}, "geometry": {"type": "LineString", "coordinates": [[691697.04, 5335782.71], [691697.65, 5335783.69], [691698.73, 5335783.7], [691705.57, 5335782.11], [691832.52, 5335747.38], [691833.25, 5335746.58], [691833.34, 5335745.61], [691816.64, 5335685.06], [691815.45, 5335681.15], [691814.94, 5335680.33], [691813.96, 5335680.04], [691812.99, 5335680.26], [691795.41, 5335685.91], [691790.53, 5335686.89], [691787.6, 5335687.02], [691783.69, 5335687.63], [691779.79, 5335688.59], [691735.84, 5335701.06], [691722.17, 5335704.71], [691714.36, 5335706.97], [691713.38, 5335707.51], [691712.71, 5335708.5], [691712.45, 5335709.47], [691707.39, 5335736.82], [691697.04, 5335782.71]]}}, {"type": "Feature", "properties": {}, "geometry": {"type": "LineString", "coordinates": [[691700.68, 5334597.17], [691701.45, 5334596.19], [691706.54, 5334592.78], [691707.52, 5334592.25], [691708.5, 5334592.3], [691710.12, 5334594.24], [691722.96, 5334613.77], [691723.38, 5334614.75], [691723.12, 5334615.72], [691717.29, 5334619.77], [691716.31, 5334620.11], [691715.33, 5334619.7], [691701.5, 5334599.12], [691700.91, 5334598.14], [691700.68, 5334597.17]]}}, {"type": "Feature", "properties": {}, "geometry": {"type": "LineString", "coordinates": [[691701.75, 5335703.61], [691702.09, 5335701.66], [691702.25, 5335692.87], [691702.64, 5335692.03], [691703.61, 5335691.88], [691705.57, 5335692.63], [691707.13, 5335693.85], [691708.21, 5335695.8], [691708.45, 5335696.78], [691708.45, 5335698.73], [691707.68, 5335701.66], [691705.57, 5335703.83], [691704.59, 5335704.46], [691702.64, 5335705.04], [691701.96, 5335704.59], [691701.75, 5335703.61]]}}, {"type": "Feature", "properties": {}, "geometry": {"type": "LineString", "coordinates": [[691702.84, 5334702.64], [691703.61, 5334701.48], [691707.52, 5334699.53], [691708.5, 5334699.49], [691709.47, 5334700.23], [691710.61, 5334701.66], [691710.92, 5334702.64], [691710.16, 5334703.61], [691709.47, 5334704.06], [691706.54, 5334705.54], [691705.57, 5334705.72], [691704.59, 5334705.16], [691702.84, 5334702.64]]}}, {"type": "Feature", "properties": {}, "geometry": {"type": "LineString", "coordinates": [[691706.67, 5334634.28], [691710.46, 5334640.14], [691711.43, 5334641.1], [691712.4, 5334641.15], [691727.53, 5334631.35], [691728.62, 5334630.37], [691728.69, 5334629.39], [691725.1, 5334623.54], [691724.12, 5334622.39], [691723.14, 5334622.24], [691707.77, 5334632.32], [691706.72, 5334633.3], [691706.67, 5334634.28]]}}, {"type": "Feature", "properties": {}, "geometry": {"type": "LineString", "coordinates": [[691709.06, 5334508.3], [691709.47, 5334507.25], [691710.45, 5334506.96], [691711.43, 5334507.25], [691711.84, 5334508.3], [691711.84, 5334509.28], [691711.5, 5334510.25], [691710.45, 5334510.62], [691709.47, 5334510.33], [691709.06, 5334509.28], [691709.06, 5334508.3]]}}, {"type": "Feature", "properties": {}, "geometry": {"type": "LineString", "coordinates": [[691709.18, 5334479.98], [691709.53, 5334475.1], [691710.0, 5334474.12], [691710.45, 5334473.86], [691717.29, 5334474.38], [691720.21, 5334474.17], [691725.1, 5334475.06], [691728.03, 5334474.63], [691731.93, 5334475.14], [691732.91, 5334475.56], [691733.24, 5334476.07], [691733.38, 5334477.05], [691733.35, 5334479.98], [691732.91, 5334481.43], [691731.93, 5334482.28], [691730.96, 5334482.41], [691728.03, 5334482.37], [691725.1, 5334481.46], [691723.14, 5334481.92], [691720.21, 5334481.93], [691718.26, 5334481.72], [691717.29, 5334481.19], [691714.36, 5334481.46], [691710.45, 5334481.4], [691709.41, 5334480.96], [691709.18, 5334479.98]]}}, {"type": "Feature", "properties": {}, "geometry": {"type": "LineString", "coordinates": [[691709.59, 5334739.75], [691710.24, 5334738.77], [691711.43, 5334737.81], [691712.4, 5334737.39], [691713.38, 5334737.65], [691718.26, 5334742.45], [691724.39, 5334749.51], [691727.27, 5334752.44], [691733.89, 5334760.59], [691739.25, 5334768.07], [691744.46, 5334775.88], [691757.32, 5334796.94], [691775.14, 5334827.64], [691783.2, 5334844.24], [691787.6, 5334854.02], [691789.2, 5334857.91], [691789.22, 5334858.89], [691788.57, 5334859.4], [691786.62, 5334860.08], [691785.64, 5334860.18], [691784.67, 5334859.63], [691784.21, 5334858.89], [691779.51, 5334848.14], [691772.95, 5334834.5], [691771.97, 5334833.38], [691770.02, 5334833.02], [691767.52, 5334830.57], [691767.45, 5334829.59], [691768.8, 5334828.61], [691769.04, 5334828.08], [691769.16, 5334827.64], [691768.78, 5334826.66], [691750.65, 5334795.41], [691740.39, 5334778.81], [691731.09, 5334765.14], [691721.41, 5334753.42], [691718.53, 5334750.49], [691717.01, 5334748.54], [691711.21, 5334742.68], [691709.8, 5334740.72], [691709.59, 5334739.75]]}}, {"type": "Feature", "properties": {}, "geometry": {"type": "LineString", "coordinates": [[691709.97, 5334486.82], [691710.02, 5334485.84], [691710.45, 5334484.77], [691711.43, 5334484.4], [691712.4, 5334484.4], [691713.38, 5334484.63], [691714.36, 5334485.26], [691714.7, 5334485.84], [691714.79, 5334487.79], [691714.36, 5334488.92], [691713.38, 5334489.36], [691711.43, 5334489.36], [691710.35, 5334488.77], [691709.97, 5334486.82]]}}, {"type": "Feature", "properties": {}, "geometry": {"type": "LineString", "coordinates": [[691709.98, 5334493.65], [691710.02, 5334492.68], [691710.45, 5334491.55], [691711.43, 5334491.11], [691713.38, 5334491.11], [691714.58, 5334491.7], [691715.09, 5334492.68], [691715.33, 5334494.63], [691714.66, 5334495.61], [691713.38, 5334496.04], [691712.4, 5334496.04], [691711.43, 5334495.82], [691710.45, 5334495.21], [691710.11, 5334494.63], [691709.98, 5334493.65]]}}, {"type": "Feature", "properties": {}, "geometry": {"type": "LineString", "coordinates": [[691715.33, 5334494.63], [691715.95, 5334492.68], [691716.64, 5334491.7], [691718.26, 5334491.23], [691720.21, 5334491.37], [691720.73, 5334491.7], [691721.15, 5334492.68], [691721.16, 5334494.63], [691720.79, 5334495.61], [691720.21, 5334495.94], [691718.26, 5334495.96], [691717.02, 5334495.61], [691715.33, 5334494.63]]}}, {"type": "Feature", "properties": {}, "geometry": {"type": "LineString", "coordinates": [[691715.82, 5334543.46], [691716.26, 5334540.53], [691716.32, 5334536.62], [691716.78, 5334533.69], [691716.81, 5334529.79], [691717.27, 5334526.86], [691717.3, 5334523.93], [691717.45, 5334522.95], [691718.07, 5334521.97], [691719.24, 5334521.16], [691720.21, 5334521.01], [691726.07, 5334521.01], [691729.0, 5334521.47], [691734.86, 5334521.61], [691736.82, 5334522.42], [691737.15, 5334522.95], [691737.27, 5334523.93], [691736.83, 5334526.86], [691736.83, 5334531.74], [691737.78, 5334538.57], [691737.78, 5334542.48], [691736.77, 5334550.29], [691736.5, 5334551.27], [691735.84, 5334552.2], [691734.86, 5334552.27], [691729.98, 5334551.02], [691717.29, 5334547.24], [691716.23, 5334546.39], [691715.88, 5334545.41], [691715.82, 5334543.46]]}}, {"type": "Feature", "properties": {}, "geometry": {"type": "LineString", "coordinates": [[691716.12, 5335343.26], [691716.2, 5335342.29], [691717.29, 5335341.48], [691718.26, 5335341.42], [691719.07, 5335342.29], [691721.3, 5335350.1], [691720.82, 5335351.07], [691719.24, 5335351.6], [691718.26, 5335351.43], [691717.97, 5335351.07], [691717.32, 5335349.12], [691716.12, 5335343.26]]}}, {"type": "Feature", "properties": {}, "geometry": {"type": "LineString", "coordinates": [[691722.79, 5335453.61], [691723.26, 5335456.54], [691730.1, 5335482.91], [691736.61, 5335506.35], [691737.95, 5335509.28], [691738.77, 5335509.92], [691739.75, 5335510.21], [691743.65, 5335510.21], [691763.18, 5335505.37], [691765.14, 5335504.61], [691765.55, 5335503.42], [691763.67, 5335495.61], [691752.68, 5335453.61], [691750.49, 5335446.13], [691749.51, 5335445.58], [691747.56, 5335445.92], [691724.12, 5335452.29], [691723.43, 5335452.64], [691722.79, 5335453.61]]}}, {"type": "Feature", "properties": {}, "geometry": {"type": "LineString", "coordinates": [[691728.47, 5334846.19], [691729.0, 5334846.72], [691731.47, 5334846.19], [691730.96, 5334845.66], [691728.47, 5334846.19]]}}, {"type": "Feature", "properties": {}, "geometry": {"type": "LineString", "coordinates": [[691731.48, 5334845.21], [691731.93, 5334845.66], [691734.01, 5334845.21], [691732.91, 5334845.08], [691731.48, 5334845.21]]}}, {"type": "Feature", "properties": {}, "geometry": {"type": "LineString", "coordinates": [[691732.55, 5334692.87], [691734.22, 5334695.8], [691739.61, 5334703.61], [691748.81, 5334714.36], [691796.39, 5334764.97], [691807.62, 5334780.76], [691810.06, 5334783.86], [691811.04, 5334784.01], [691813.41, 5334782.71], [691838.38, 5334767.55], [691840.23, 5334766.11], [691840.35, 5334765.14], [691839.84, 5334764.16], [691829.13, 5334746.58], [691826.18, 5334740.72], [691822.75, 5334732.16], [691820.08, 5334724.12], [691816.93, 5334710.45], [691814.58, 5334697.75], [691813.0, 5334686.04], [691812.49, 5334679.2], [691812.02, 5334676.27], [691811.97, 5334673.34], [691811.57, 5334671.39], [691811.48, 5334668.46], [691811.08, 5334666.5], [691810.99, 5334663.57], [691810.6, 5334661.62], [691810.42, 5334658.69], [691809.7, 5334656.74], [691809.08, 5334656.34], [691808.11, 5334656.39], [691798.34, 5334658.94], [691790.53, 5334661.38], [691782.71, 5334664.34], [691773.93, 5334668.21], [691733.89, 5334690.76], [691732.61, 5334691.89], [691732.55, 5334692.87]]}}, {"type": "Feature", "properties": {}, "geometry": {"type": "LineString", "coordinates": [[691735.32, 5334844.24], [691735.84, 5334844.35], [691736.85, 5334844.24], [691735.84, 5334844.15], [691735.32, 5334844.24]]}}, {"type": "Feature", "properties": {}, "geometry": {"type": "LineString", "coordinates": [[691738.35, 5334477.05], [691738.72, 5334475.1], [691738.9, 5334469.24], [691739.65, 5334467.29], [691740.72, 5334466.85], [691742.68, 5334466.81], [691746.58, 5334467.44], [691747.42, 5334468.26], [691747.57, 5334470.21], [691747.13, 5334473.14], [691747.02, 5334478.03], [691746.67, 5334479.0], [691745.61, 5334479.42], [691742.68, 5334479.01], [691739.75, 5334478.96], [691738.77, 5334478.54], [691738.44, 5334478.03], [691738.35, 5334477.05]]}}, {"type": "Feature", "properties": {}, "geometry": {"type": "LineString", "coordinates": [[691746.49, 5334578.61], [691746.58, 5334578.11], [691747.56, 5334579.27], [691747.83, 5334580.57], [691748.67, 5334581.54], [691748.54, 5334582.39], [691748.34, 5334581.54], [691747.56, 5334580.73], [691747.21, 5334579.59], [691746.49, 5334578.61]]}}, {"type": "Feature", "properties": {}, "geometry": {"type": "LineString", "coordinates": [[691749.25, 5334583.5], [691749.51, 5334582.61], [691749.77, 5334583.5], [691751.46, 5334585.86], [691753.42, 5334589.2], [691753.86, 5334590.33], [691757.32, 5334596.06], [691758.89, 5334599.12], [691767.15, 5334611.82], [691771.04, 5334619.63], [691771.29, 5334620.61], [691771.0, 5334621.52], [691770.64, 5334620.61], [691770.02, 5334620.0], [691761.23, 5334605.19], [691757.91, 5334599.12], [691751.46, 5334588.56], [691749.51, 5334584.49], [691749.25, 5334583.5]]}}, {"type": "Feature", "properties": {}, "geometry": {"type": "LineString", "coordinates": [[691754.88, 5334461.43], [691754.88, 5334471.19], [691755.37, 5334475.1], [691755.37, 5334512.21], [691755.66, 5334514.16], [691756.35, 5334515.43], [691757.32, 5334516.29], [691759.28, 5334516.97], [691763.18, 5334517.59], [691771.97, 5334517.59], [691775.88, 5334517.09], [691801.27, 5334517.09], [691804.2, 5334517.54], [691810.06, 5334517.63], [691812.01, 5334518.02], [691814.94, 5334518.08], [691824.71, 5334519.18], [691834.47, 5334520.64], [691863.77, 5334526.73], [691864.75, 5334526.83], [691867.68, 5334526.39], [691872.56, 5334527.3], [691875.49, 5334527.36], [691878.42, 5334527.82], [691881.35, 5334527.84], [691884.28, 5334528.31], [691890.14, 5334528.37], [691893.07, 5334528.81], [691904.79, 5334528.76], [691906.74, 5334528.37], [691912.6, 5334528.16], [691913.12, 5334527.83], [691913.57, 5334526.89], [691914.01, 5334524.9], [691914.11, 5334521.97], [691914.51, 5334520.02], [691914.56, 5334517.09], [691915.52, 5334509.28], [691916.06, 5334501.46], [691916.46, 5334499.51], [691916.51, 5334496.58], [691917.96, 5334485.84], [691918.08, 5334482.91], [691917.48, 5334481.83], [691913.57, 5334480.71], [691903.81, 5334478.88], [691895.02, 5334475.63], [691797.36, 5334460.49], [691786.62, 5334459.03], [691781.74, 5334458.51], [691778.81, 5334458.45], [691776.86, 5334458.06], [691771.97, 5334458.0], [691769.04, 5334457.53], [691762.21, 5334457.51], [691759.28, 5334457.04], [691756.35, 5334457.09], [691755.37, 5334457.43], [691754.94, 5334458.5], [691754.88, 5334461.43]]}}, {"type": "Feature", "properties": {}, "geometry": {"type": "LineString", "coordinates": [[691764.09, 5335339.36], [691764.97, 5335338.38], [691767.47, 5335337.4], [691767.94, 5335336.43], [691765.63, 5335327.64], [691765.46, 5335326.66], [691765.67, 5335325.68], [691768.07, 5335324.71], [691769.04, 5335324.53], [691770.02, 5335324.66], [691770.69, 5335325.68], [691772.83, 5335333.5], [691776.91, 5335349.12], [691776.86, 5335350.28], [691775.88, 5335351.03], [691773.93, 5335351.54], [691772.95, 5335351.54], [691772.32, 5335351.07], [691770.62, 5335346.19], [691770.02, 5335345.55], [691769.04, 5335345.39], [691767.09, 5335345.87], [691766.11, 5335345.72], [691765.69, 5335345.21], [691764.42, 5335341.31], [691764.09, 5335339.36]]}}, {"type": "Feature", "properties": {}, "geometry": {"type": "LineString", "coordinates": [[691771.49, 5334630.37], [691771.97, 5334630.06], [691772.95, 5334630.79], [691775.72, 5334633.3], [691776.44, 5334634.28], [691780.18, 5334641.11], [691780.28, 5334642.09], [691778.81, 5334643.5], [691777.83, 5334643.75], [691776.86, 5334642.54], [691773.25, 5334635.25], [691771.67, 5334631.35], [691771.49, 5334630.37]]}}, {"type": "Feature", "properties": {}, "geometry": {"type": "LineString", "coordinates": [[691785.22, 5334262.21], [691785.51, 5334263.18], [691786.38, 5334264.16], [691794.43, 5334272.22], [691797.36, 5334274.66], [691809.33, 5334286.62], [691812.74, 5334289.55], [691825.45, 5334302.25], [691827.87, 5334304.2], [691840.33, 5334316.65], [691843.26, 5334319.1], [691855.73, 5334331.54], [691857.91, 5334333.28], [691861.17, 5334336.43], [691861.82, 5334336.91], [691862.79, 5334336.91], [691870.85, 5334328.61], [691873.29, 5334325.68], [691879.15, 5334319.82], [691881.6, 5334316.89], [691887.45, 5334311.04], [691889.89, 5334308.11], [691895.75, 5334302.25], [691898.2, 5334299.32], [691904.03, 5334293.46], [691905.76, 5334291.27], [691912.32, 5334284.67], [691913.85, 5334282.71], [691920.41, 5334276.15], [691923.34, 5334274.14], [691928.22, 5334269.27], [691929.96, 5334267.09], [691945.04, 5334251.46], [691946.78, 5334249.28], [691953.37, 5334242.68], [691955.81, 5334239.75], [691969.48, 5334226.07], [691970.4, 5334225.1], [691970.82, 5334224.12], [691969.89, 5334222.17], [691960.78, 5334208.5], [691946.44, 5334186.04], [691945.8, 5334185.16], [691944.82, 5334184.61], [691943.85, 5334184.84], [691935.06, 5334189.21], [691932.13, 5334190.44], [691885.25, 5334213.37], [691882.32, 5334214.6], [691853.03, 5334229.0], [691834.47, 5334237.8], [691804.2, 5334252.69], [691801.27, 5334253.91], [691786.43, 5334261.23], [691785.22, 5334262.21]]}}, {"type": "Feature", "properties": {}, "geometry": {"type": "LineString", "coordinates": [[691814.0, 5334790.53], [691814.24, 5334791.5], [691818.6, 5334801.27], [691830.32, 5334824.71], [691833.5, 5334831.54], [691836.43, 5334836.77], [691837.4, 5334837.52], [691838.38, 5334837.37], [691900.39, 5334812.01], [691902.29, 5334811.04], [691902.5, 5334810.06], [691902.24, 5334809.08], [691902.45, 5334808.11], [691904.79, 5334806.68], [691905.76, 5334806.53], [691906.74, 5334807.19], [691907.71, 5334808.34], [691908.69, 5334808.53], [691909.67, 5334807.95], [691926.27, 5334795.9], [691967.29, 5334764.4], [691971.79, 5334760.25], [691976.07, 5334755.53], [691980.96, 5334749.18], [691986.08, 5334740.72], [691986.97, 5334738.77], [691986.95, 5334737.79], [691984.86, 5334735.7], [691960.45, 5334716.45], [691950.68, 5334707.87], [691943.85, 5334703.29], [691942.87, 5334702.76], [691941.89, 5334702.81], [691940.21, 5334704.59], [691929.2, 5334718.0], [691924.32, 5334722.3], [691905.76, 5334735.51], [691875.49, 5334753.76], [691874.61, 5334754.39], [691874.07, 5334755.37], [691874.59, 5334757.32], [691873.88, 5334758.3], [691871.58, 5334759.7], [691870.61, 5334759.46], [691869.63, 5334758.42], [691868.65, 5334757.96], [691865.77, 5334759.28], [691841.31, 5334773.28], [691814.94, 5334789.34], [691814.0, 5334790.53]]}}, {"type": "Feature", "properties": {}, "geometry": {"type": "LineString", "coordinates": [[691814.11, 5334656.74], [691814.13, 5334655.76], [691814.94, 5334654.93], [691818.85, 5334653.93], [691835.45, 5334650.52], [691854.98, 5334646.85], [691871.58, 5334642.95], [691879.39, 5334640.63], [691880.37, 5334640.45], [691881.35, 5334640.61], [691882.32, 5334642.1], [691888.47, 5334657.71], [691890.17, 5334660.64], [691893.07, 5334664.29], [691907.96, 5334679.2], [691910.64, 5334682.36], [691919.27, 5334690.92], [691923.34, 5334693.6], [691934.45, 5334698.73], [691935.28, 5334699.71], [691935.01, 5334700.68], [691925.43, 5334712.4], [691923.34, 5334714.6], [691919.43, 5334717.91], [691903.81, 5334729.0], [691888.18, 5334738.74], [691865.72, 5334751.92], [691846.19, 5334762.93], [691845.21, 5334763.29], [691844.24, 5334763.1], [691840.85, 5334758.3], [691833.25, 5334745.61], [691828.89, 5334736.82], [691826.58, 5334730.96], [691823.98, 5334723.14], [691820.84, 5334709.47], [691818.48, 5334696.78], [691816.9, 5334685.06], [691816.36, 5334677.25], [691815.47, 5334670.41], [691815.41, 5334667.48], [691814.11, 5334656.74]]}}, {"type": "Feature", "properties": {}, "geometry": {"type": "LineString", "coordinates": [[691841.33, 5335659.67], [691842.29, 5335660.36], [691845.21, 5335659.81], [691864.75, 5335654.36], [691870.61, 5335652.96], [691879.39, 5335650.44], [691903.81, 5335644.05], [691904.79, 5335643.62], [691910.64, 5335642.23], [691948.73, 5335631.99], [691952.64, 5335631.35], [691957.52, 5335631.36], [691963.38, 5335632.31], [691965.33, 5335632.28], [691969.61, 5335631.35], [691970.21, 5335631.08], [691970.89, 5335630.37], [691968.82, 5335624.51], [691968.26, 5335624.17], [691967.29, 5335624.29], [691931.15, 5335634.79], [691879.39, 5335648.8], [691877.44, 5335649.5], [691842.3, 5335658.69], [691841.33, 5335659.67]]}}, {"type": "Feature", "properties": {}, "geometry": {"type": "LineString", "coordinates": [[691870.12, 5334553.22], [691870.12, 5334564.94], [691870.6, 5334568.85], [691870.65, 5334576.66], [691871.05, 5334578.61], [691871.14, 5334581.54], [691872.2, 5334589.36], [691873.79, 5334597.17], [691882.09, 5334623.54], [691885.07, 5334632.32], [691886.23, 5334633.26], [691887.21, 5334633.17], [691900.14, 5334629.39], [691901.81, 5334628.42], [691901.74, 5334626.46], [691880.74, 5334537.6], [691879.67, 5334533.69], [691878.42, 5334532.78], [691872.56, 5334532.24], [691871.58, 5334532.39], [691871.06, 5334532.71], [691870.65, 5334533.69], [691870.6, 5334548.34], [691870.13, 5334551.27], [691870.12, 5334553.22]]}}, {"type": "Feature", "properties": {}, "geometry": {"type": "LineString", "coordinates": [[691885.2, 5334534.67], [691906.38, 5334624.51], [691906.74, 5334625.66], [691907.58, 5334626.46], [691908.69, 5334626.36], [691911.62, 5334625.4], [691930.18, 5334618.56], [691961.43, 5334605.46], [691977.05, 5334598.63], [691979.57, 5334597.17], [691979.79, 5334596.19], [691979.56, 5334595.21], [691970.96, 5334569.82], [691968.51, 5334560.06], [691964.11, 5334540.53], [691961.16, 5334528.81], [691960.45, 5334527.32], [691959.47, 5334527.05], [691956.54, 5334527.39], [691915.53, 5334533.15], [691911.62, 5334533.22], [691907.71, 5334533.69], [691891.11, 5334533.69], [691887.21, 5334533.22], [691886.23, 5334533.31], [691885.39, 5334533.69], [691885.2, 5334534.67]]}}, {"type": "Feature", "properties": {}, "geometry": {"type": "LineString", "coordinates": [[691932.29, 5334480.96], [691932.37, 5334479.98], [691933.11, 5334479.35], [691944.82, 5334481.32], [691947.75, 5334481.6], [691948.28, 5334481.93], [691948.73, 5334482.65], [691949.76, 5334484.86], [691949.91, 5334485.84], [691949.71, 5334486.17], [691948.73, 5334486.45], [691940.92, 5334484.61], [691933.11, 5334482.07], [691932.29, 5334480.96]]}}, {"type": "Feature", "properties": {}, "geometry": {"type": "LineString", "coordinates": [[691940.7, 5335625.49], [691941.85, 5335624.51], [691946.78, 5335621.95], [691951.66, 5335621.4], [691953.69, 5335621.58], [691952.43, 5335622.56], [691950.68, 5335622.93], [691947.75, 5335624.03], [691941.97, 5335625.49], [691940.7, 5335625.49]]}}]}