{"type": "FeatureCollection", "attribution": "Quelle: GeoSN, dl-de/by-2-0 (laser scan)", "crs": {"type": "name", "properties": {"name": "urn:ogc:def:crs:EPSG::25833"}}, "features": [{"type": "Feature", "properties": {"h": 31.8, "r": 1.4}, "geometry": {"type": "Point", "coordinates": [393567.8, 5668161.2]}}, {"type": "Feature", "properties": {"h": 32.5, "r": 2.5}, "geometry": {"type": "Point", "coordinates": [393827.8, 5668499.8]}}, {"type": "Feature", "properties": {"h": 31.1, "r": 1.8}, "geometry": {"type": "Point", "coordinates": [393823.8, 5668500.8]}}, {"type": "Feature", "properties": {"h": 29.2, "r": 1.8}, "geometry": {"type": "Point", "coordinates": [393822.2, 5668507.8]}}, {"type": "Feature", "properties": {"h": 31.4, "r": 1.6}, "geometry": {"type": "Point", "coordinates": [393829.8, 5668505.8]}}, {"type": "Feature", "properties": {"h": 29.8, "r": 2.5}, "geometry": {"type": "Point", "coordinates": [392801.8, 5669080.2]}}, {"type": "Feature", "properties": {"h": 29.7, "r": 2.5}, "geometry": {"type": "Point", "coordinates": [393681.8, 5669513.8]}}, {"type": "Feature", "properties": {"h": 29.4, "r": 3.0}, "geometry": {"type": "Point", "coordinates": [393507.8, 5668334.2]}}, {"type": "Feature", "properties": {"h": 28.5, "r": 4.9}, "geometry": {"type": "Point", "coordinates": [393513.2, 5668333.8]}}, {"type": "Feature", "properties": {"h": 30.0, "r": 2.2}, "geometry": {"type": "Point", "coordinates": [393814.2, 5668565.2]}}, {"type": "Feature", "properties": {"h": 29.5, "r": 4.5}, "geometry": {"type": "Point", "coordinates": [393476.8, 5668346.8]}}, {"type": "Feature", "properties": {"h": 29.5, "r": 2.1}, "geometry": {"type": "Point", "coordinates": [393681.8, 5669518.2]}}, {"type": "Feature", "properties": {"h": 30.4, "r": 1.6}, "geometry": {"type": "Point", "coordinates": [393811.8, 5668569.8]}}, {"type": "Feature", "properties": {"h": 30.8, "r": 2.0}, "geometry": {"type": "Point", "coordinates": [393813.2, 5668573.8]}}, {"type": "Feature", "properties": {"h": 28.4, "r": 2.1}, "geometry": {"type": "Point", "coordinates": [393023.8, 5668223.2]}}, {"type": "Feature", "properties": {"h": 30.0, "r": 2.2}, "geometry": {"type": "Point", "coordinates": [393227.8, 5669569.2]}}, {"type": "Feature", "properties": {"h": 30.3, "r": 2.5}, "geometry": {"type": "Point", "coordinates": [393832.8, 5668498.2]}}, {"type": "Feature", "properties": {"h": 30.5, "r": 2.1}, "geometry": {"type": "Point", "coordinates": [393821.2, 5668534.2]}}, {"type": "Feature", "properties": {"h": 29.1, "r": 2.1}, "geometry": {"type": "Point", "coordinates": [393821.2, 5668513.8]}}, {"type": "Feature", "properties": {"h": 28.9, "r": 1.6}, "geometry": {"type": "Point", "coordinates": [393048.2, 5668199.8]}}, {"type": "Feature", "properties": {"h": 28.3, "r": 2.1}, "geometry": {"type": "Point", "coordinates": [393820.8, 5668523.2]}}, {"type": "Feature", "properties": {"h": 28.3, "r": 4.0}, "geometry": {"type": "Point", "coordinates": [392197.8, 5668028.2]}}, {"type": "Feature", "properties": {"h": 27.4, "r": 2.5}, "geometry": {"type": "Point", "coordinates": [392446.8, 5669104.8]}}, {"type": "Feature", "properties": {"h": 27.7, "r": 4.1}, "geometry": {"type": "Point", "coordinates": [392373.2, 5669800.2]}}, {"type": "Feature", "properties": {"h": 28.8, "r": 1.8}, "geometry": {"type": "Point", "coordinates": [392637.8, 5668811.2]}}, {"type": "Feature", "properties": {"h": 30.5, "r": 1.8}, "geometry": {"type": "Point", "coordinates": [393816.2, 5668533.2]}}, {"type": "Feature", "properties": {"h": 27.1, "r": 2.1}, "geometry": {"type": "Point", "coordinates": [393054.2, 5668241.8]}}, {"type": "Feature", "properties": {"h": 26.6, "r": 3.5}, "geometry": {"type": "Point", "coordinates": [392225.8, 5669260.8]}}, {"type": "Feature", "properties": {"h": 27.0, "r": 3.4}, "geometry": {"type": "Point", "coordinates": [392249.8, 5669858.8]}}, {"type": "Feature", "properties": {"h": 26.4, "r": 2.8}, "geometry": {"type": "Point", "coordinates": [393456.8, 5669615.2]}}, {"type": "Feature", "properties": {"h": 27.2, "r": 2.9}, "geometry": {"type": "Point", "coordinates": [392645.8, 5668812.8]}}, {"type": "Feature", "properties": {"h": 26.6, "r": 3.5}, "geometry": {"type": "Point", "coordinates": [392221.2, 5669274.8]}}, {"type": "Feature", "properties": {"h": 27.3, "r": 3.2}, "geometry": {"type": "Point", "coordinates": [392160.8, 5668097.2]}}, {"type": "Feature", "properties": {"h": 28.3, "r": 2.1}, "geometry": {"type": "Point", "coordinates": [393563.2, 5668280.2]}}, {"type": "Feature", "properties": {"h": 26.5, "r": 2.5}, "geometry": {"type": "Point", "coordinates": [393461.2, 5669613.8]}}, {"type": "Feature", "properties": {"h": 27.0, "r": 5.6}, "geometry": {"type": "Point", "coordinates": [392363.8, 5669780.2]}}, {"type": "Feature", "properties": {"h": 26.5, "r": 4.0}, "geometry": {"type": "Point", "coordinates": [392213.8, 5669290.8]}}, {"type": "Feature", "properties": {"h": 26.6, "r": 4.9}, "geometry": {"type": "Point", "coordinates": [392220.2, 5669293.8]}}, {"type": "Feature", "properties": {"h": 30.2, "r": 1.5}, "geometry": {"type": "Point", "coordinates": [393819.2, 5668498.2]}}, {"type": "Feature", "properties": {"h": 26.6, "r": 3.9}, "geometry": {"type": "Point", "coordinates": [392899.8, 5669197.2]}}, {"type": "Feature", "properties": {"h": 27.5, "r": 2.2}, "geometry": {"type": "Point", "coordinates": [392585.8, 5668845.8]}}, {"type": "Feature", "properties": {"h": 27.4, "r": 1.8}, "geometry": {"type": "Point", "coordinates": [392905.8, 5669054.8]}}, {"type": "Feature", "properties": {"h": 28.9, "r": 1.4}, "geometry": {"type": "Point", "coordinates": [393815.2, 5668542.8]}}, {"type": "Feature", "properties": {"h": 26.4, "r": 2.2}, "geometry": {"type": "Point", "coordinates": [392450.2, 5669142.2]}}, {"type": "Feature", "properties": {"h": 27.7, "r": 1.8}, "geometry": {"type": "Point", "coordinates": [393079.2, 5668237.2]}}, {"type": "Feature", "properties": {"h": 26.0, "r": 2.1}, "geometry": {"type": "Point", "coordinates": [392999.8, 5668188.2]}}, {"type": "Feature", "properties": {"h": 26.3, "r": 2.1}, "geometry": {"type": "Point", "coordinates": [392580.8, 5668849.2]}}, {"type": "Feature", "properties": {"h": 26.2, "r": 2.5}, "geometry": {"type": "Point", "coordinates": [392455.8, 5669140.2]}}, {"type": "Feature", "properties": {"h": 26.9, "r": 2.1}, "geometry": {"type": "Point", "coordinates": [392570.2, 5669293.2]}}, {"type": "Feature", "properties": {"h": 26.2, "r": 2.9}, "geometry": {"type": "Point", "coordinates": [392575.8, 5668853.2]}}, {"type": "Feature", "properties": {"h": 25.8, "r": 2.1}, "geometry": {"type": "Point", "coordinates": [393417.2, 5668259.8]}}, {"type": "Feature", "properties": {"h": 26.1, "r": 3.0}, "geometry": {"type": "Point", "coordinates": [393662.2, 5669515.8]}}, {"type": "Feature", "properties": {"h": 26.0, "r": 3.2}, "geometry": {"type": "Point", "coordinates": [392382.2, 5669088.8]}}, {"type": "Feature", "properties": {"h": 25.4, "r": 2.1}, "geometry": {"type": "Point", "coordinates": [392632.8, 5668866.8]}}, {"type": "Feature", "properties": {"h": 30.5, "r": 1.5}, "geometry": {"type": "Point", "coordinates": [392845.2, 5668813.8]}}, {"type": "Feature", "properties": {"h": 26.6, "r": 1.8}, "geometry": {"type": "Point", "coordinates": [393758.2, 5669008.8]}}, {"type": "Feature", "properties": {"h": 26.2, "r": 3.5}, "geometry": {"type": "Point", "coordinates": [393762.8, 5669011.8]}}, {"type": "Feature", "properties": {"h": 25.4, "r": 4.5}, "geometry": {"type": "Point", "coordinates": [392217.8, 5669309.8]}}, {"type": "Feature", "properties": {"h": 26.0, "r": 3.2}, "geometry": {"type": "Point", "coordinates": [392531.8, 5669032.2]}}, {"type": "Feature", "properties": {"h": 26.4, "r": 1.6}, "geometry": {"type": "Point", "coordinates": [393008.2, 5668202.8]}}, {"type": "Feature", "properties": {"h": 25.9, "r": 5.0}, "geometry": {"type": "Point", "coordinates": [392212.8, 5669326.8]}}, {"type": "Feature", "properties": {"h": 25.9, "r": 2.1}, "geometry": {"type": "Point", "coordinates": [392165.2, 5668021.8]}}, {"type": "Feature", "properties": {"h": 26.7, "r": 2.5}, "geometry": {"type": "Point", "coordinates": [393934.2, 5668159.8]}}, {"type": "Feature", "properties": {"h": 27.8, "r": 1.6}, "geometry": {"type": "Point", "coordinates": [392355.8, 5669830.8]}}, {"type": "Feature", "properties": {"h": 25.2, "r": 1.5}, "geometry": {"type": "Point", "coordinates": [392242.2, 5669293.8]}}, {"type": "Feature", "properties": {"h": 27.2, "r": 1.6}, "geometry": {"type": "Point", "coordinates": [392246.2, 5669291.2]}}, {"type": "Feature", "properties": {"h": 27.5, "r": 1.4}, "geometry": {"type": "Point", "coordinates": [392236.2, 5669291.8]}}, {"type": "Feature", "properties": {"h": 26.5, "r": 1.5}, "geometry": {"type": "Point", "coordinates": [392177.2, 5668097.8]}}, {"type": "Feature", "properties": {"h": 25.6, "r": 2.9}, "geometry": {"type": "Point", "coordinates": [392660.8, 5668813.2]}}, {"type": "Feature", "properties": {"h": 25.4, "r": 2.5}, "geometry": {"type": "Point", "coordinates": [392473.8, 5669019.2]}}, {"type": "Feature", "properties": {"h": 27.0, "r": 2.1}, "geometry": {"type": "Point", "coordinates": [393526.8, 5669800.2]}}, {"type": "Feature", "properties": {"h": 25.4, "r": 4.6}, "geometry": {"type": "Point", "coordinates": [392209.8, 5669307.2]}}, {"type": "Feature", "properties": {"h": 25.1, "r": 3.4}, "geometry": {"type": "Point", "coordinates": [392431.2, 5669016.2]}}, {"type": "Feature", "properties": {"h": 26.7, "r": 1.8}, "geometry": {"type": "Point", "coordinates": [393826.8, 5668527.2]}}, {"type": "Feature", "properties": {"h": 25.5, "r": 3.0}, "geometry": {"type": "Point", "coordinates": [392751.8, 5669292.2]}}, {"type": "Feature", "properties": {"h": 25.0, "r": 3.6}, "geometry": {"type": "Point", "coordinates": [392389.8, 5669128.8]}}, {"type": "Feature", "properties": {"h": 25.7, "r": 2.1}, "geometry": {"type": "Point", "coordinates": [393398.2, 5668261.2]}}, {"type": "Feature", "properties": {"h": 25.4, "r": 2.1}, "geometry": {"type": "Point", "coordinates": [392461.8, 5669002.2]}}, {"type": "Feature", "properties": {"h": 26.3, "r": 3.4}, "geometry": {"type": "Point", "coordinates": [392595.8, 5669299.8]}}, {"type": "Feature", "properties": {"h": 25.6, "r": 3.0}, "geometry": {"type": "Point", "coordinates": [392077.8, 5668514.2]}}, {"type": "Feature", "properties": {"h": 25.2, "r": 2.1}, "geometry": {"type": "Point", "coordinates": [392228.8, 5669300.2]}}, {"type": "Feature", "properties": {"h": 26.1, "r": 1.8}, "geometry": {"type": "Point", "coordinates": [392796.2, 5669083.2]}}, {"type": "Feature", "properties": {"h": 25.6, "r": 1.8}, "geometry": {"type": "Point", "coordinates": [392838.2, 5668814.8]}}, {"type": "Feature", "properties": {"h": 24.9, "r": 6.0}, "geometry": {"type": "Point", "coordinates": [392266.2, 5669334.2]}}, {"type": "Feature", "properties": {"h": 25.6, "r": 3.0}, "geometry": {"type": "Point", "coordinates": [392804.2, 5668149.8]}}, {"type": "Feature", "properties": {"h": 24.2, "r": 4.5}, "geometry": {"type": "Point", "coordinates": [392679.8, 5668820.8]}}, {"type": "Feature", "properties": {"h": 24.8, "r": 3.6}, "geometry": {"type": "Point", "coordinates": [392746.2, 5669291.8]}}, {"type": "Feature", "properties": {"h": 26.5, "r": 1.4}, "geometry": {"type": "Point", "coordinates": [392983.8, 5668201.2]}}, {"type": "Feature", "properties": {"h": 24.9, "r": 2.1}, "geometry": {"type": "Point", "coordinates": [392218.2, 5669362.8]}}, {"type": "Feature", "properties": {"h": 25.2, "r": 3.2}, "geometry": {"type": "Point", "coordinates": [392084.8, 5668000.2]}}, {"type": "Feature", "properties": {"h": 25.3, "r": 1.8}, "geometry": {"type": "Point", "coordinates": [393758.2, 5669015.2]}}, {"type": "Feature", "properties": {"h": 24.8, "r": 1.6}, "geometry": {"type": "Point", "coordinates": [392870.8, 5669228.8]}}, {"type": "Feature", "properties": {"h": 26.1, "r": 1.4}, "geometry": {"type": "Point", "coordinates": [393816.8, 5668548.2]}}, {"type": "Feature", "properties": {"h": 24.8, "r": 6.7}, "geometry": {"type": "Point", "coordinates": [392361.8, 5669786.8]}}, {"type": "Feature", "properties": {"h": 24.8, "r": 2.1}, "geometry": {"type": "Point", "coordinates": [392437.8, 5668998.2]}}, {"type": "Feature", "properties": {"h": 25.4, "r": 1.4}, "geometry": {"type": "Point", "coordinates": [393043.2, 5668228.8]}}, {"type": "Feature", "properties": {"h": 25.9, "r": 1.5}, "geometry": {"type": "Point", "coordinates": [392360.2, 5669832.2]}}, {"type": "Feature", "properties": {"h": 24.9, "r": 5.3}, "geometry": {"type": "Point", "coordinates": [392314.2, 5668026.8]}}, {"type": "Feature", "properties": {"h": 24.3, "r": 2.0}, "geometry": {"type": "Point", "coordinates": [392595.2, 5668829.8]}}, {"type": "Feature", "properties": {"h": 25.7, "r": 1.6}, "geometry": {"type": "Point", "coordinates": [392809.8, 5668772.8]}}, {"type": "Feature", "properties": {"h": 25.1, "r": 2.5}, "geometry": {"type": "Point", "coordinates": [392223.2, 5669362.2]}}, {"type": "Feature", "properties": {"h": 24.7, "r": 2.5}, "geometry": {"type": "Point", "coordinates": [393928.8, 5668161.2]}}, {"type": "Feature", "properties": {"h": 25.3, "r": 2.2}, "geometry": {"type": "Point", "coordinates": [393566.2, 5668274.8]}}, {"type": "Feature", "properties": {"h": 26.9, "r": 1.8}, "geometry": {"type": "Point", "coordinates": [393805.8, 5668564.2]}}, {"type": "Feature", "properties": {"h": 24.9, "r": 4.3}, "geometry": {"type": "Point", "coordinates": [392205.2, 5669324.8]}}, {"type": "Feature", "properties": {"h": 25.1, "r": 2.2}, "geometry": {"type": "Point", "coordinates": [393595.8, 5668154.8]}}, {"type": "Feature", "properties": {"h": 24.8, "r": 2.2}, "geometry": {"type": "Point", "coordinates": [392672.8, 5668818.2]}}, {"type": "Feature", "properties": {"h": 25.0, "r": 3.5}, "geometry": {"type": "Point", "coordinates": [392211.2, 5669346.2]}}, {"type": "Feature", "properties": {"h": 24.9, "r": 2.7}, "geometry": {"type": "Point", "coordinates": [392383.8, 5669078.2]}}, {"type": "Feature", "properties": {"h": 24.3, "r": 3.2}, "geometry": {"type": "Point", "coordinates": [392514.8, 5669049.2]}}, {"type": "Feature", "properties": {"h": 25.0, "r": 2.1}, "geometry": {"type": "Point", "coordinates": [392538.8, 5669049.8]}}, {"type": "Feature", "properties": {"h": 24.0, "r": 3.6}, "geometry": {"type": "Point", "coordinates": [392155.8, 5668109.8]}}, {"type": "Feature", "properties": {"h": 24.3, "r": 4.5}, "geometry": {"type": "Point", "coordinates": [392425.8, 5669118.2]}}, {"type": "Feature", "properties": {"h": 24.6, "r": 2.2}, "geometry": {"type": "Point", "coordinates": [393583.8, 5668143.2]}}, {"type": "Feature", "properties": {"h": 25.0, "r": 3.4}, "geometry": {"type": "Point", "coordinates": [392371.2, 5669012.2]}}, {"type": "Feature", "properties": {"h": 23.3, "r": 2.5}, "geometry": {"type": "Point", "coordinates": [392583.2, 5668863.2]}}, {"type": "Feature", "properties": {"h": 24.3, "r": 2.2}, "geometry": {"type": "Point", "coordinates": [393484.2, 5668276.8]}}, {"type": "Feature", "properties": {"h": 25.5, "r": 1.6}, "geometry": {"type": "Point", "coordinates": [392903.2, 5669063.2]}}, {"type": "Feature", "properties": {"h": 24.8, "r": 1.6}, "geometry": {"type": "Point", "coordinates": [392241.8, 5669247.2]}}, {"type": "Feature", "properties": {"h": 24.6, "r": 2.2}, "geometry": {"type": "Point", "coordinates": [393586.2, 5669499.2]}}, {"type": "Feature", "properties": {"h": 25.0, "r": 5.3}, "geometry": {"type": "Point", "coordinates": [392906.2, 5669320.2]}}, {"type": "Feature", "properties": {"h": 26.0, "r": 1.8}, "geometry": {"type": "Point", "coordinates": [392863.2, 5669301.2]}}, {"type": "Feature", "properties": {"h": 24.9, "r": 2.2}, "geometry": {"type": "Point", "coordinates": [392790.8, 5669110.8]}}, {"type": "Feature", "properties": {"h": 24.8, "r": 2.7}, "geometry": {"type": "Point", "coordinates": [392741.8, 5669070.8]}}, {"type": "Feature", "properties": {"h": 24.6, "r": 1.4}, "geometry": {"type": "Point", "coordinates": [392456.8, 5669004.2]}}, {"type": "Feature", "properties": {"h": 24.8, "r": 1.5}, "geometry": {"type": "Point", "coordinates": [393568.8, 5668279.2]}}, {"type": "Feature", "properties": {"h": 27.9, "r": 1.4}, "geometry": {"type": "Point", "coordinates": [392160.2, 5668025.2]}}, {"type": "Feature", "properties": {"h": 24.8, "r": 4.5}, "geometry": {"type": "Point", "coordinates": [392367.8, 5669829.2]}}, {"type": "Feature", "properties": {"h": 25.8, "r": 2.5}, "geometry": {"type": "Point", "coordinates": [392368.8, 5669825.8]}}, {"type": "Feature", "properties": {"h": 24.8, "r": 2.1}, "geometry": {"type": "Point", "coordinates": [392595.2, 5669292.2]}}, {"type": "Feature", "properties": {"h": 26.1, "r": 1.4}, "geometry": {"type": "Point", "coordinates": [392848.8, 5668807.8]}}, {"type": "Feature", "properties": {"h": 24.2, "r": 2.5}, "geometry": {"type": "Point", "coordinates": [392395.2, 5669023.8]}}, {"type": "Feature", "properties": {"h": 24.3, "r": 3.6}, "geometry": {"type": "Point", "coordinates": [392723.8, 5669119.2]}}, {"type": "Feature", "properties": {"h": 25.0, "r": 1.1}, "geometry": {"type": "Point", "coordinates": [393039.8, 5668199.2]}}, {"type": "Feature", "properties": {"h": 24.8, "r": 1.6}, "geometry": {"type": "Point", "coordinates": [392736.8, 5669073.8]}}, {"type": "Feature", "properties": {"h": 23.9, "r": 2.9}, "geometry": {"type": "Point", "coordinates": [392386.2, 5669096.2]}}, {"type": "Feature", "properties": {"h": 25.4, "r": 1.6}, "geometry": {"type": "Point", "coordinates": [392488.8, 5668411.8]}}, {"type": "Feature", "properties": {"h": 23.5, "r": 1.8}, "geometry": {"type": "Point", "coordinates": [393804.2, 5668572.2]}}, {"type": "Feature", "properties": {"h": 24.0, "r": 4.9}, "geometry": {"type": "Point", "coordinates": [393638.2, 5669508.8]}}, {"type": "Feature", "properties": {"h": 24.2, "r": 1.8}, "geometry": {"type": "Point", "coordinates": [392230.8, 5668074.8]}}, {"type": "Feature", "properties": {"h": 24.0, "r": 2.1}, "geometry": {"type": "Point", "coordinates": [392769.2, 5669070.2]}}, {"type": "Feature", "properties": {"h": 24.6, "r": 2.7}, "geometry": {"type": "Point", "coordinates": [392262.8, 5669850.2]}}, {"type": "Feature", "properties": {"h": 23.7, "r": 3.8}, "geometry": {"type": "Point", "coordinates": [392369.8, 5669018.2]}}, {"type": "Feature", "properties": {"h": 24.3, "r": 3.6}, "geometry": {"type": "Point", "coordinates": [392260.2, 5669367.2]}}, {"type": "Feature", "properties": {"h": 23.3, "r": 3.5}, "geometry": {"type": "Point", "coordinates": [392439.8, 5669127.2]}}, {"type": "Feature", "properties": {"h": 24.0, "r": 2.1}, "geometry": {"type": "Point", "coordinates": [392207.2, 5669341.2]}}, {"type": "Feature", "properties": {"h": 24.2, "r": 2.1}, "geometry": {"type": "Point", "coordinates": [393479.8, 5668281.8]}}, {"type": "Feature", "properties": {"h": 23.7, "r": 2.0}, "geometry": {"type": "Point", "coordinates": [392672.2, 5669083.8]}}, {"type": "Feature", "properties": {"h": 24.1, "r": 2.8}, "geometry": {"type": "Point", "coordinates": [392939.2, 5668302.8]}}, {"type": "Feature", "properties": {"h": 26.5, "r": 1.4}, "geometry": {"type": "Point", "coordinates": [393070.2, 5668205.2]}}, {"type": "Feature", "properties": {"h": 23.9, "r": 5.8}, "geometry": {"type": "Point", "coordinates": [392703.2, 5669150.2]}}, {"type": "Feature", "properties": {"h": 24.7, "r": 1.8}, "geometry": {"type": "Point", "coordinates": [392898.8, 5669074.2]}}, {"type": "Feature", "properties": {"h": 24.1, "r": 2.5}, "geometry": {"type": "Point", "coordinates": [392888.2, 5669085.8]}}, {"type": "Feature", "properties": {"h": 23.6, "r": 2.1}, "geometry": {"type": "Point", "coordinates": [393731.2, 5669498.2]}}, {"type": "Feature", "properties": {"h": 24.6, "r": 1.8}, "geometry": {"type": "Point", "coordinates": [392466.2, 5668189.2]}}, {"type": "Feature", "properties": {"h": 23.5, "r": 2.2}, "geometry": {"type": "Point", "coordinates": [392391.8, 5669099.8]}}, {"type": "Feature", "properties": {"h": 24.1, "r": 1.8}, "geometry": {"type": "Point", "coordinates": [392838.8, 5668804.2]}}, {"type": "Feature", "properties": {"h": 24.2, "r": 2.1}, "geometry": {"type": "Point", "coordinates": [392341.2, 5669868.2]}}, {"type": "Feature", "properties": {"h": 24.4, "r": 4.0}, "geometry": {"type": "Point", "coordinates": [392775.8, 5668109.8]}}, {"type": "Feature", "properties": {"h": 25.6, "r": 2.0}, "geometry": {"type": "Point", "coordinates": [393187.2, 5669375.2]}}, {"type": "Feature", "properties": {"h": 25.8, "r": 1.4}, "geometry": {"type": "Point", "coordinates": [392817.8, 5668776.8]}}, {"type": "Feature", "properties": {"h": 24.5, "r": 1.4}, "geometry": {"type": "Point", "coordinates": [392283.2, 5669335.2]}}, {"type": "Feature", "properties": {"h": 23.9, "r": 2.0}, "geometry": {"type": "Point", "coordinates": [392174.8, 5668026.2]}}, {"type": "Feature", "properties": {"h": 23.8, "r": 3.4}, "geometry": {"type": "Point", "coordinates": [392427.8, 5669049.2]}}, {"type": "Feature", "properties": {"h": 24.4, "r": 2.1}, "geometry": {"type": "Point", "coordinates": [392172.2, 5668022.2]}}, {"type": "Feature", "properties": {"h": 24.0, "r": 2.5}, "geometry": {"type": "Point", "coordinates": [392383.2, 5669230.8]}}, {"type": "Feature", "properties": {"h": 24.0, "r": 1.8}, "geometry": {"type": "Point", "coordinates": [393099.8, 5668213.8]}}, {"type": "Feature", "properties": {"h": 23.8, "r": 2.1}, "geometry": {"type": "Point", "coordinates": [392171.2, 5668031.2]}}, {"type": "Feature", "properties": {"h": 23.5, "r": 2.5}, "geometry": {"type": "Point", "coordinates": [392407.2, 5668971.2]}}, {"type": "Feature", "properties": {"h": 24.6, "r": 3.2}, "geometry": {"type": "Point", "coordinates": [393057.8, 5668306.2]}}, {"type": "Feature", "properties": {"h": 22.4, "r": 2.9}, "geometry": {"type": "Point", "coordinates": [392877.2, 5669081.8]}}, {"type": "Feature", "properties": {"h": 23.1, "r": 1.6}, "geometry": {"type": "Point", "coordinates": [392407.8, 5668180.2]}}, {"type": "Feature", "properties": {"h": 23.9, "r": 2.1}, "geometry": {"type": "Point", "coordinates": [392413.8, 5669085.2]}}, {"type": "Feature", "properties": {"h": 24.4, "r": 2.0}, "geometry": {"type": "Point", "coordinates": [392906.2, 5669047.8]}}, {"type": "Feature", "properties": {"h": 23.5, "r": 3.2}, "geometry": {"type": "Point", "coordinates": [392356.8, 5669041.8]}}, {"type": "Feature", "properties": {"h": 23.0, "r": 4.0}, "geometry": {"type": "Point", "coordinates": [392356.2, 5669072.2]}}, {"type": "Feature", "properties": {"h": 23.7, "r": 2.5}, "geometry": {"type": "Point", "coordinates": [392509.8, 5668975.2]}}, {"type": "Feature", "properties": {"h": 23.8, "r": 1.8}, "geometry": {"type": "Point", "coordinates": [393149.2, 5668694.2]}}, {"type": "Feature", "properties": {"h": 24.3, "r": 2.2}, "geometry": {"type": "Point", "coordinates": [392333.2, 5669868.2]}}, {"type": "Feature", "properties": {"h": 23.6, "r": 2.1}, "geometry": {"type": "Point", "coordinates": [393595.8, 5669503.2]}}, {"type": "Feature", "properties": {"h": 24.2, "r": 1.8}, "geometry": {"type": "Point", "coordinates": [392276.2, 5669854.2]}}, {"type": "Feature", "properties": {"h": 23.4, "r": 3.5}, "geometry": {"type": "Point", "coordinates": [392422.8, 5669055.8]}}, {"type": "Feature", "properties": {"h": 23.6, "r": 2.9}, "geometry": {"type": "Point", "coordinates": [392796.2, 5669095.8]}}, {"type": "Feature", "properties": {"h": 23.9, "r": 1.8}, "geometry": {"type": "Point", "coordinates": [392863.8, 5668822.8]}}, {"type": "Feature", "properties": {"h": 23.8, "r": 3.2}, "geometry": {"type": "Point", "coordinates": [392402.2, 5668180.8]}}, {"type": "Feature", "properties": {"h": 23.4, "r": 3.2}, "geometry": {"type": "Point", "coordinates": [393566.8, 5668287.8]}}, {"type": "Feature", "properties": {"h": 23.3, "r": 4.1}, "geometry": {"type": "Point", "coordinates": [392420.8, 5669045.2]}}, {"type": "Feature", "properties": {"h": 23.5, "r": 3.6}, "geometry": {"type": "Point", "coordinates": [393492.2, 5668330.2]}}, {"type": "Feature", "properties": {"h": 23.6, "r": 2.5}, "geometry": {"type": "Point", "coordinates": [392442.2, 5669096.8]}}, {"type": "Feature", "properties": {"h": 23.1, "r": 3.4}, "geometry": {"type": "Point", "coordinates": [392265.2, 5669304.8]}}, {"type": "Feature", "properties": {"h": 23.7, "r": 2.5}, "geometry": {"type": "Point", "coordinates": [392391.2, 5669032.8]}}, {"type": "Feature", "properties": {"h": 23.3, "r": 3.0}, "geometry": {"type": "Point", "coordinates": [392462.2, 5669090.2]}}, {"type": "Feature", "properties": {"h": 23.3, "r": 2.5}, "geometry": {"type": "Point", "coordinates": [393233.2, 5668360.2]}}, {"type": "Feature", "properties": {"h": 23.0, "r": 3.2}, "geometry": {"type": "Point", "coordinates": [392789.8, 5669071.2]}}, {"type": "Feature", "properties": {"h": 21.9, "r": 2.5}, "geometry": {"type": "Point", "coordinates": [392369.8, 5669069.2]}}, {"type": "Feature", "properties": {"h": 23.2, "r": 3.0}, "geometry": {"type": "Point", "coordinates": [392790.8, 5669115.8]}}, {"type": "Feature", "properties": {"h": 27.5, "r": 1.1}, "geometry": {"type": "Point", "coordinates": [393809.8, 5668541.2]}}, {"type": "Feature", "properties": {"h": 23.8, "r": 1.4}, "geometry": {"type": "Point", "coordinates": [392481.2, 5669058.8]}}, {"type": "Feature", "properties": {"h": 21.7, "r": 1.8}, "geometry": {"type": "Point", "coordinates": [392239.8, 5669281.2]}}, {"type": "Feature", "properties": {"h": 23.4, "r": 2.5}, "geometry": {"type": "Point", "coordinates": [392395.2, 5669094.8]}}, {"type": "Feature", "properties": {"h": 23.2, "r": 2.1}, "geometry": {"type": "Point", "coordinates": [392778.8, 5669064.8]}}, {"type": "Feature", "properties": {"h": 23.2, "r": 2.1}, "geometry": {"type": "Point", "coordinates": [392411.8, 5669039.8]}}, {"type": "Feature", "properties": {"h": 24.4, "r": 1.4}, "geometry": {"type": "Point", "coordinates": [392315.2, 5668868.2]}}, {"type": "Feature", "properties": {"h": 23.3, "r": 2.5}, "geometry": {"type": "Point", "coordinates": [392402.8, 5669039.2]}}, {"type": "Feature", "properties": {"h": 22.5, "r": 3.4}, "geometry": {"type": "Point", "coordinates": [392420.2, 5668953.2]}}, {"type": "Feature", "properties": {"h": 22.3, "r": 1.6}, "geometry": {"type": "Point", "coordinates": [393659.8, 5669490.2]}}, {"type": "Feature", "properties": {"h": 23.3, "r": 1.5}, "geometry": {"type": "Point", "coordinates": [392956.2, 5668383.2]}}, {"type": "Feature", "properties": {"h": 23.2, "r": 2.5}, "geometry": {"type": "Point", "coordinates": [392408.2, 5669045.2]}}, {"type": "Feature", "properties": {"h": 23.2, "r": 3.2}, "geometry": {"type": "Point", "coordinates": [392361.2, 5669849.8]}}, {"type": "Feature", "properties": {"h": 23.3, "r": 2.1}, "geometry": {"type": "Point", "coordinates": [392791.8, 5669086.2]}}, {"type": "Feature", "properties": {"h": 23.9, "r": 4.0}, "geometry": {"type": "Point", "coordinates": [392322.2, 5669872.8]}}, {"type": "Feature", "properties": {"h": 23.5, "r": 2.5}, "geometry": {"type": "Point", "coordinates": [392369.8, 5669063.2]}}, {"type": "Feature", "properties": {"h": 22.9, "r": 2.1}, "geometry": {"type": "Point", "coordinates": [392374.2, 5669065.2]}}, {"type": "Feature", "properties": {"h": 22.6, "r": 2.5}, "geometry": {"type": "Point", "coordinates": [392204.8, 5669353.2]}}, {"type": "Feature", "properties": {"h": 23.3, "r": 2.2}, "geometry": {"type": "Point", "coordinates": [392791.2, 5669082.8]}}, {"type": "Feature", "properties": {"h": 23.2, "r": 2.0}, "geometry": {"type": "Point", "coordinates": [392212.2, 5669260.2]}}, {"type": "Feature", "properties": {"h": 24.0, "r": 2.5}, "geometry": {"type": "Point", "coordinates": [392452.2, 5669039.8]}}, {"type": "Feature", "properties": {"h": 23.9, "r": 1.8}, "geometry": {"type": "Point", "coordinates": [392572.8, 5668867.2]}}, {"type": "Feature", "properties": {"h": 25.1, "r": 1.4}, "geometry": {"type": "Point", "coordinates": [393588.8, 5669505.8]}}, {"type": "Feature", "properties": {"h": 23.9, "r": 2.0}, "geometry": {"type": "Point", "coordinates": [392784.2, 5669584.8]}}, {"type": "Feature", "properties": {"h": 24.7, "r": 1.6}, "geometry": {"type": "Point", "coordinates": [392668.2, 5668822.8]}}, {"type": "Feature", "properties": {"h": 23.6, "r": 3.2}, "geometry": {"type": "Point", "coordinates": [392280.2, 5669851.8]}}, {"type": "Feature", "properties": {"h": 23.7, "r": 2.5}, "geometry": {"type": "Point", "coordinates": [392420.2, 5669079.8]}}, {"type": "Feature", "properties": {"h": 25.7, "r": 1.1}, "geometry": {"type": "Point", "coordinates": [392947.2, 5668216.2]}}, {"type": "Feature", "properties": {"h": 23.5, "r": 3.6}, "geometry": {"type": "Point", "coordinates": [392255.2, 5669286.2]}}, {"type": "Feature", "properties": {"h": 23.7, "r": 2.1}, "geometry": {"type": "Point", "coordinates": [393674.8, 5669493.2]}}, {"type": "Feature", "properties": {"h": 24.2, "r": 1.5}, "geometry": {"type": "Point", "coordinates": [392904.8, 5669833.2]}}, {"type": "Feature", "properties": {"h": 23.9, "r": 2.1}, "geometry": {"type": "Point", "coordinates": [392984.8, 5669529.8]}}, {"type": "Feature", "properties": {"h": 23.2, "r": 2.7}, "geometry": {"type": "Point", "coordinates": [393435.2, 5668234.8]}}, {"type": "Feature", "properties": {"h": 22.7, "r": 4.5}, "geometry": {"type": "Point", "coordinates": [392278.8, 5669350.8]}}, {"type": "Feature", "properties": {"h": 23.8, "r": 2.8}, "geometry": {"type": "Point", "coordinates": [392652.8, 5668801.8]}}, {"type": "Feature", "properties": {"h": 23.6, "r": 1.8}, "geometry": {"type": "Point", "coordinates": [392530.8, 5669301.2]}}, {"type": "Feature", "properties": {"h": 21.1, "r": 1.8}, "geometry": {"type": "Point", "coordinates": [392196.8, 5669365.8]}}, {"type": "Feature", "properties": {"h": 22.9, "r": 2.5}, "geometry": {"type": "Point", "coordinates": [393392.8, 5668261.2]}}, {"type": "Feature", "properties": {"h": 22.4, "r": 3.2}, "geometry": {"type": "Point", "coordinates": [392809.2, 5669105.8]}}, {"type": "Feature", "properties": {"h": 22.1, "r": 3.5}, "geometry": {"type": "Point", "coordinates": [392605.2, 5668826.8]}}, {"type": "Feature", "properties": {"h": 24.1, "r": 2.0}, "geometry": {"type": "Point", "coordinates": [392942.8, 5668308.8]}}, {"type": "Feature", "properties": {"h": 23.0, "r": 2.1}, "geometry": {"type": "Point", "coordinates": [393358.8, 5668300.8]}}, {"type": "Feature", "properties": {"h": 24.7, "r": 2.1}, "geometry": {"type": "Point", "coordinates": [393859.2, 5668583.2]}}, {"type": "Feature", "properties": {"h": 23.1, "r": 2.1}, "geometry": {"type": "Point", "coordinates": [393636.2, 5669492.8]}}, {"type": "Feature", "properties": {"h": 23.4, "r": 2.1}, "geometry": {"type": "Point", "coordinates": [392589.8, 5668837.8]}}, {"type": "Feature", "properties": {"h": 22.9, "r": 1.6}, "geometry": {"type": "Point", "coordinates": [392308.8, 5668158.8]}}, {"type": "Feature", "properties": {"h": 25.0, "r": 1.6}, "geometry": {"type": "Point", "coordinates": [392897.2, 5669822.8]}}, {"type": "Feature", "properties": {"h": 23.2, "r": 2.9}, "geometry": {"type": "Point", "coordinates": [393433.8, 5668238.8]}}, {"type": "Feature", "properties": {"h": 21.0, "r": 4.0}, "geometry": {"type": "Point", "coordinates": [392346.2, 5669830.2]}}, {"type": "Feature", "properties": {"h": 22.5, "r": 2.1}, "geometry": {"type": "Point", "coordinates": [392490.2, 5669789.8]}}, {"type": "Feature", "properties": {"h": 23.0, "r": 2.1}, "geometry": {"type": "Point", "coordinates": [392856.8, 5669076.2]}}, {"type": "Feature", "properties": {"h": 24.1, "r": 2.5}, "geometry": {"type": "Point", "coordinates": [392766.8, 5668196.8]}}, {"type": "Feature", "properties": {"h": 23.6, "r": 2.1}, "geometry": {"type": "Point", "coordinates": [392982.2, 5669526.2]}}, {"type": "Feature", "properties": {"h": 22.6, "r": 2.2}, "geometry": {"type": "Point", "coordinates": [392368.8, 5669079.2]}}, {"type": "Feature", "properties": {"h": 23.1, "r": 3.8}, "geometry": {"type": "Point", "coordinates": [392469.8, 5669052.8]}}, {"type": "Feature", "properties": {"h": 23.5, "r": 1.4}, "geometry": {"type": "Point", "coordinates": [393584.8, 5669508.2]}}, {"type": "Feature", "properties": {"h": 23.8, "r": 2.5}, "geometry": {"type": "Point", "coordinates": [393604.8, 5669499.8]}}, {"type": "Feature", "properties": {"h": 23.0, "r": 1.8}, "geometry": {"type": "Point", "coordinates": [392655.8, 5669021.8]}}, {"type": "Feature", "properties": {"h": 22.7, "r": 4.0}, "geometry": {"type": "Point", "coordinates": [392744.8, 5669064.2]}}, {"type": "Feature", "properties": {"h": 22.8, "r": 2.5}, "geometry": {"type": "Point", "coordinates": [393641.2, 5669491.8]}}, {"type": "Feature", "properties": {"h": 22.4, "r": 4.2}, "geometry": {"type": "Point", "coordinates": [392348.2, 5669035.2]}}, {"type": "Feature", "properties": {"h": 23.5, "r": 1.6}, "geometry": {"type": "Point", "coordinates": [392777.8, 5669584.2]}}, {"type": "Feature", "properties": {"h": 23.2, "r": 1.6}, "geometry": {"type": "Point", "coordinates": [392604.2, 5669293.8]}}, {"type": "Feature", "properties": {"h": 22.9, "r": 2.7}, "geometry": {"type": "Point", "coordinates": [392592.2, 5669286.8]}}, {"type": "Feature", "properties": {"h": 23.4, "r": 3.2}, "geometry": {"type": "Point", "coordinates": [393443.2, 5668329.2]}}, {"type": "Feature", "properties": {"h": 23.7, "r": 2.0}, "geometry": {"type": "Point", "coordinates": [392522.2, 5669301.8]}}, {"type": "Feature", "properties": {"h": 22.4, "r": 3.0}, "geometry": {"type": "Point", "coordinates": [392261.8, 5669286.2]}}, {"type": "Feature", "properties": {"h": 22.8, "r": 6.2}, "geometry": {"type": "Point", "coordinates": [392298.2, 5669822.8]}}, {"type": "Feature", "properties": {"h": 22.6, "r": 2.2}, "geometry": {"type": "Point", "coordinates": [392828.8, 5669879.2]}}, {"type": "Feature", "properties": {"h": 23.9, "r": 1.6}, "geometry": {"type": "Point", "coordinates": [392879.8, 5668830.2]}}, {"type": "Feature", "properties": {"h": 23.1, "r": 2.5}, "geometry": {"type": "Point", "coordinates": [392328.8, 5668172.2]}}, {"type": "Feature", "properties": {"h": 22.4, "r": 3.6}, "geometry": {"type": "Point", "coordinates": [392489.2, 5668986.8]}}, {"type": "Feature", "properties": {"h": 22.6, "r": 2.5}, "geometry": {"type": "Point", "coordinates": [392883.8, 5669084.2]}}, {"type": "Feature", "properties": {"h": 22.2, "r": 4.7}, "geometry": {"type": "Point", "coordinates": [392717.2, 5669148.2]}}, {"type": "Feature", "properties": {"h": 22.1, "r": 2.7}, "geometry": {"type": "Point", "coordinates": [393375.2, 5668305.2]}}, {"type": "Feature", "properties": {"h": 22.2, "r": 2.5}, "geometry": {"type": "Point", "coordinates": [392793.2, 5669101.2]}}, {"type": "Feature", "properties": {"h": 23.3, "r": 3.8}, "geometry": {"type": "Point", "coordinates": [392573.2, 5668819.8]}}, {"type": "Feature", "properties": {"h": 22.4, "r": 3.2}, "geometry": {"type": "Point", "coordinates": [392591.8, 5668821.2]}}, {"type": "Feature", "properties": {"h": 24.8, "r": 2.1}, "geometry": {"type": "Point", "coordinates": [392163.8, 5668081.2]}}, {"type": "Feature", "properties": {"h": 22.3, "r": 2.2}, "geometry": {"type": "Point", "coordinates": [393833.8, 5668613.8]}}, {"type": "Feature", "properties": {"h": 21.1, "r": 1.6}, "geometry": {"type": "Point", "coordinates": [392644.8, 5668856.8]}}, {"type": "Feature", "properties": {"h": 22.8, "r": 1.8}, "geometry": {"type": "Point", "coordinates": [392483.2, 5669063.2]}}, {"type": "Feature", "properties": {"h": 23.8, "r": 1.8}, "geometry": {"type": "Point", "coordinates": [393608.2, 5669496.2]}}, {"type": "Feature", "properties": {"h": 22.6, "r": 1.8}, "geometry": {"type": "Point", "coordinates": [392400.2, 5669031.2]}}, {"type": "Feature", "properties": {"h": 22.7, "r": 2.7}, "geometry": {"type": "Point", "coordinates": [392713.8, 5668984.8]}}, {"type": "Feature", "properties": {"h": 22.9, "r": 1.6}, "geometry": {"type": "Point", "coordinates": [392377.8, 5668189.8]}}, {"type": "Feature", "properties": {"h": 25.2, "r": 1.0}, "geometry": {"type": "Point", "coordinates": [392829.8, 5668782.2]}}, {"type": "Feature", "properties": {"h": 22.6, "r": 3.0}, "geometry": {"type": "Point", "coordinates": [393472.2, 5668359.2]}}, {"type": "Feature", "properties": {"h": 23.2, "r": 2.8}, "geometry": {"type": "Point", "coordinates": [393913.8, 5668960.2]}}, {"type": "Feature", "properties": {"h": 22.7, "r": 2.0}, "geometry": {"type": "Point", "coordinates": [392444.2, 5669012.2]}}, {"type": "Feature", "properties": {"h": 22.7, "r": 4.0}, "geometry": {"type": "Point", "coordinates": [392308.8, 5669836.2]}}, {"type": "Feature", "properties": {"h": 22.4, "r": 2.2}, "geometry": {"type": "Point", "coordinates": [392791.2, 5669091.2]}}, {"type": "Feature", "properties": {"h": 23.2, "r": 3.9}, "geometry": {"type": "Point", "coordinates": [392247.8, 5669357.8]}}, {"type": "Feature", "properties": {"h": 23.3, "r": 1.6}, "geometry": {"type": "Point", "coordinates": [393914.2, 5668963.8]}}, {"type": "Feature", "properties": {"h": 26.0, "r": 1.4}, "geometry": {"type": "Point", "coordinates": [392878.2, 5668813.2]}}, {"type": "Feature", "properties": {"h": 22.8, "r": 2.0}, "geometry": {"type": "Point", "coordinates": [392393.2, 5668188.2]}}, {"type": "Feature", "properties": {"h": 22.2, "r": 1.6}, "geometry": {"type": "Point", "coordinates": [392201.2, 5669362.8]}}, {"type": "Feature", "properties": {"h": 23.9, "r": 1.4}, "geometry": {"type": "Point", "coordinates": [392381.8, 5668189.2]}}, {"type": "Feature", "properties": {"h": 22.1, "r": 1.8}, "geometry": {"type": "Point", "coordinates": [392243.2, 5669300.2]}}, {"type": "Feature", "properties": {"h": 22.5, "r": 4.0}, "geometry": {"type": "Point", "coordinates": [393235.8, 5668367.8]}}, {"type": "Feature", "properties": {"h": 22.4, "r": 2.2}, "geometry": {"type": "Point", "coordinates": [393579.2, 5669514.8]}}, {"type": "Feature", "properties": {"h": 22.8, "r": 3.8}, "geometry": {"type": "Point", "coordinates": [392562.8, 5668437.2]}}, {"type": "Feature", "properties": {"h": 21.8, "r": 2.9}, "geometry": {"type": "Point", "coordinates": [392194.8, 5669533.2]}}, {"type": "Feature", "properties": {"h": 22.1, "r": 2.0}, "geometry": {"type": "Point", "coordinates": [392716.8, 5669118.8]}}, {"type": "Feature", "properties": {"h": 22.2, "r": 3.5}, "geometry": {"type": "Point", "coordinates": [393733.8, 5669738.8]}}, {"type": "Feature", "properties": {"h": 22.0, "r": 4.7}, "geometry": {"type": "Point", "coordinates": [392723.2, 5669155.2]}}, {"type": "Feature", "properties": {"h": 22.7, "r": 2.9}, "geometry": {"type": "Point", "coordinates": [393223.8, 5669505.8]}}, {"type": "Feature", "properties": {"h": 22.0, "r": 1.8}, "geometry": {"type": "Point", "coordinates": [392853.2, 5668804.2]}}, {"type": "Feature", "properties": {"h": 23.3, "r": 3.2}, "geometry": {"type": "Point", "coordinates": [392251.2, 5669337.2]}}, {"type": "Feature", "properties": {"h": 21.8, "r": 2.1}, "geometry": {"type": "Point", "coordinates": [392566.2, 5668863.8]}}, {"type": "Feature", "properties": {"h": 22.7, "r": 2.1}, "geometry": {"type": "Point", "coordinates": [392864.8, 5668434.2]}}, {"type": "Feature", "properties": {"h": 22.1, "r": 2.2}, "geometry": {"type": "Point", "coordinates": [392918.2, 5669323.2]}}, {"type": "Feature", "properties": {"h": 22.5, "r": 2.2}, "geometry": {"type": "Point", "coordinates": [393503.2, 5668135.8]}}, {"type": "Feature", "properties": {"h": 19.5, "r": 1.5}, "geometry": {"type": "Point", "coordinates": [392362.2, 5669827.2]}}, {"type": "Feature", "properties": {"h": 22.2, "r": 2.0}, "geometry": {"type": "Point", "coordinates": [392697.2, 5668882.2]}}, {"type": "Feature", "properties": {"h": 22.4, "r": 1.8}, "geometry": {"type": "Point", "coordinates": [393561.2, 5669503.2]}}, {"type": "Feature", "properties": {"h": 23.6, "r": 2.8}, "geometry": {"type": "Point", "coordinates": [392257.8, 5669868.8]}}, {"type": "Feature", "properties": {"h": 22.1, "r": 4.3}, "geometry": {"type": "Point", "coordinates": [392735.8, 5669294.2]}}, {"type": "Feature", "properties": {"h": 22.7, "r": 2.2}, "geometry": {"type": "Point", "coordinates": [393366.2, 5668298.2]}}, {"type": "Feature", "properties": {"h": 24.7, "r": 1.8}, "geometry": {"type": "Point", "coordinates": [393601.8, 5669268.8]}}, {"type": "Feature", "properties": {"h": 23.3, "r": 1.5}, "geometry": {"type": "Point", "coordinates": [392953.8, 5668377.2]}}, {"type": "Feature", "properties": {"h": 21.8, "r": 2.2}, "geometry": {"type": "Point", "coordinates": [392418.2, 5669085.8]}}, {"type": "Feature", "properties": {"h": 22.0, "r": 3.4}, "geometry": {"type": "Point", "coordinates": [392359.8, 5669079.2]}}, {"type": "Feature", "properties": {"h": 22.6, "r": 3.2}, "geometry": {"type": "Point", "coordinates": [392103.2, 5668083.2]}}, {"type": "Feature", "properties": {"h": 23.5, "r": 3.6}, "geometry": {"type": "Point", "coordinates": [393362.2, 5668350.2]}}, {"type": "Feature", "properties": {"h": 22.2, "r": 3.6}, "geometry": {"type": "Point", "coordinates": [392766.8, 5669290.8]}}, {"type": "Feature", "properties": {"h": 22.2, "r": 2.1}, "geometry": {"type": "Point", "coordinates": [392656.2, 5669016.8]}}, {"type": "Feature", "properties": {"h": 22.1, "r": 2.2}, "geometry": {"type": "Point", "coordinates": [392668.8, 5668966.2]}}, {"type": "Feature", "properties": {"h": 22.1, "r": 1.6}, "geometry": {"type": "Point", "coordinates": [392311.2, 5668168.2]}}, {"type": "Feature", "properties": {"h": 24.1, "r": 1.5}, "geometry": {"type": "Point", "coordinates": [392850.8, 5668794.8]}}, {"type": "Feature", "properties": {"h": 22.8, "r": 2.5}, "geometry": {"type": "Point", "coordinates": [392790.2, 5669812.8]}}, {"type": "Feature", "properties": {"h": 23.1, "r": 2.0}, "geometry": {"type": "Point", "coordinates": [392276.2, 5668720.8]}}, {"type": "Feature", "properties": {"h": 21.4, "r": 1.8}, "geometry": {"type": "Point", "coordinates": [393743.8, 5669475.2]}}, {"type": "Feature", "properties": {"h": 21.9, "r": 3.0}, "geometry": {"type": "Point", "coordinates": [393421.2, 5668304.2]}}, {"type": "Feature", "properties": {"h": 22.4, "r": 3.8}, "geometry": {"type": "Point", "coordinates": [392627.2, 5668304.8]}}, {"type": "Feature", "properties": {"h": 22.1, "r": 2.0}, "geometry": {"type": "Point", "coordinates": [392797.8, 5669101.2]}}, {"type": "Feature", "properties": {"h": 22.4, "r": 3.0}, "geometry": {"type": "Point", "coordinates": [392912.8, 5668291.8]}}, {"type": "Feature", "properties": {"h": 20.2, "r": 1.5}, "geometry": {"type": "Point", "coordinates": [392839.2, 5668809.8]}}, {"type": "Feature", "properties": {"h": 22.5, "r": 3.5}, "geometry": {"type": "Point", "coordinates": [392235.2, 5669871.8]}}, {"type": "Feature", "properties": {"h": 23.5, "r": 1.4}, "geometry": {"type": "Point", "coordinates": [392877.8, 5668824.2]}}, {"type": "Feature", "properties": {"h": 23.2, "r": 2.1}, "geometry": {"type": "Point", "coordinates": [392758.2, 5668188.2]}}, {"type": "Feature", "properties": {"h": 21.3, "r": 3.9}, "geometry": {"type": "Point", "coordinates": [393328.8, 5668585.8]}}, {"type": "Feature", "properties": {"h": 21.5, "r": 2.0}, "geometry": {"type": "Point", "coordinates": [392692.8, 5668880.8]}}, {"type": "Feature", "properties": {"h": 22.5, "r": 4.0}, "geometry": {"type": "Point", "coordinates": [393307.2, 5668579.8]}}, {"type": "Feature", "properties": {"h": 22.8, "r": 1.4}, "geometry": {"type": "Point", "coordinates": [392692.2, 5669369.2]}}, {"type": "Feature", "properties": {"h": 21.7, "r": 1.5}, "geometry": {"type": "Point", "coordinates": [392907.2, 5668355.2]}}, {"type": "Feature", "properties": {"h": 22.5, "r": 2.0}, "geometry": {"type": "Point", "coordinates": [392416.2, 5668182.2]}}, {"type": "Feature", "properties": {"h": 21.8, "r": 3.0}, "geometry": {"type": "Point", "coordinates": [393744.8, 5668948.2]}}, {"type": "Feature", "properties": {"h": 22.2, "r": 2.7}, "geometry": {"type": "Point", "coordinates": [392749.8, 5669056.2]}}, {"type": "Feature", "properties": {"h": 23.6, "r": 2.1}, "geometry": {"type": "Point", "coordinates": [393995.8, 5668121.2]}}, {"type": "Feature", "properties": {"h": 22.3, "r": 2.1}, "geometry": {"type": "Point", "coordinates": [392218.8, 5669881.2]}}, {"type": "Feature", "properties": {"h": 22.2, "r": 1.6}, "geometry": {"type": "Point", "coordinates": [392524.2, 5668473.8]}}, {"type": "Feature", "properties": {"h": 22.1, "r": 4.6}, "geometry": {"type": "Point", "coordinates": [392407.8, 5669824.8]}}, {"type": "Feature", "properties": {"h": 21.6, "r": 2.5}, "geometry": {"type": "Point", "coordinates": [392373.2, 5669082.8]}}, {"type": "Feature", "properties": {"h": 22.2, "r": 2.9}, "geometry": {"type": "Point", "coordinates": [392037.8, 5668007.2]}}, {"type": "Feature", "properties": {"h": 22.1, "r": 2.1}, "geometry": {"type": "Point", "coordinates": [392256.8, 5669850.2]}}, {"type": "Feature", "properties": {"h": 21.8, "r": 2.1}, "geometry": {"type": "Point", "coordinates": [392815.8, 5669086.2]}}, {"type": "Feature", "properties": {"h": 21.6, "r": 2.5}, "geometry": {"type": "Point", "coordinates": [392386.8, 5669064.2]}}, {"type": "Feature", "properties": {"h": 22.9, "r": 3.9}, "geometry": {"type": "Point", "coordinates": [393651.2, 5669512.2]}}, {"type": "Feature", "properties": {"h": 21.1, "r": 2.5}, "geometry": {"type": "Point", "coordinates": [392458.2, 5669072.8]}}, {"type": "Feature", "properties": {"h": 22.3, "r": 2.5}, "geometry": {"type": "Point", "coordinates": [392317.2, 5669292.2]}}, {"type": "Feature", "properties": {"h": 22.9, "r": 3.4}, "geometry": {"type": "Point", "coordinates": [392059.8, 5668176.8]}}, {"type": "Feature", "properties": {"h": 21.7, "r": 2.1}, "geometry": {"type": "Point", "coordinates": [392604.8, 5668842.8]}}, {"type": "Feature", "properties": {"h": 21.4, "r": 3.0}, "geometry": {"type": "Point", "coordinates": [392396.8, 5668954.2]}}, {"type": "Feature", "properties": {"h": 23.9, "r": 1.1}, "geometry": {"type": "Point", "coordinates": [393050.8, 5668653.2]}}, {"type": "Feature", "properties": {"h": 21.3, "r": 4.7}, "geometry": {"type": "Point", "coordinates": [393417.2, 5668307.8]}}, {"type": "Feature", "properties": {"h": 21.7, "r": 2.1}, "geometry": {"type": "Point", "coordinates": [392820.2, 5668130.2]}}, {"type": "Feature", "properties": {"h": 23.4, "r": 1.5}, "geometry": {"type": "Point", "coordinates": [392405.2, 5668187.2]}}, {"type": "Feature", "properties": {"h": 22.6, "r": 2.0}, "geometry": {"type": "Point", "coordinates": [392021.8, 5669189.2]}}, {"type": "Feature", "properties": {"h": 20.4, "r": 1.8}, "geometry": {"type": "Point", "coordinates": [392605.8, 5668833.8]}}, {"type": "Feature", "properties": {"h": 22.4, "r": 4.0}, "geometry": {"type": "Point", "coordinates": [392241.2, 5669312.2]}}, {"type": "Feature", "properties": {"h": 21.7, "r": 2.1}, "geometry": {"type": "Point", "coordinates": [392191.8, 5669364.8]}}, {"type": "Feature", "properties": {"h": 21.1, "r": 2.7}, "geometry": {"type": "Point", "coordinates": [392531.2, 5669293.8]}}, {"type": "Feature", "properties": {"h": 22.2, "r": 2.1}, "geometry": {"type": "Point", "coordinates": [392726.8, 5669058.8]}}, {"type": "Feature", "properties": {"h": 22.0, "r": 3.2}, "geometry": {"type": "Point", "coordinates": [393247.8, 5668468.2]}}, {"type": "Feature", "properties": {"h": 21.9, "r": 2.5}, "geometry": {"type": "Point", "coordinates": [392480.2, 5669047.2]}}, {"type": "Feature", "properties": {"h": 21.8, "r": 2.9}, "geometry": {"type": "Point", "coordinates": [392416.8, 5669118.8]}}, {"type": "Feature", "properties": {"h": 21.7, "r": 2.5}, "geometry": {"type": "Point", "coordinates": [392456.2, 5669077.8]}}, {"type": "Feature", "properties": {"h": 22.6, "r": 3.4}, "geometry": {"type": "Point", "coordinates": [393397.2, 5668289.2]}}, {"type": "Feature", "properties": {"h": 21.6, "r": 2.9}, "geometry": {"type": "Point", "coordinates": [392264.8, 5669291.2]}}, {"type": "Feature", "properties": {"h": 24.9, "r": 1.4}, "geometry": {"type": "Point", "coordinates": [393287.2, 5669190.2]}}, {"type": "Feature", "properties": {"h": 21.4, "r": 2.0}, "geometry": {"type": "Point", "coordinates": [392290.2, 5669824.2]}}, {"type": "Feature", "properties": {"h": 21.8, "r": 2.0}, "geometry": {"type": "Point", "coordinates": [392536.2, 5669295.2]}}, {"type": "Feature", "properties": {"h": 22.3, "r": 1.0}, "geometry": {"type": "Point", "coordinates": [392835.8, 5668785.8]}}, {"type": "Feature", "properties": {"h": 22.1, "r": 2.5}, "geometry": {"type": "Point", "coordinates": [393304.8, 5668488.2]}}, {"type": "Feature", "properties": {"h": 21.6, "r": 2.1}, "geometry": {"type": "Point", "coordinates": [392735.2, 5669111.8]}}, {"type": "Feature", "properties": {"h": 21.8, "r": 2.5}, "geometry": {"type": "Point", "coordinates": [392422.8, 5669091.8]}}, {"type": "Feature", "properties": {"h": 21.7, "r": 3.5}, "geometry": {"type": "Point", "coordinates": [393445.2, 5668474.8]}}, {"type": "Feature", "properties": {"h": 21.9, "r": 2.1}, "geometry": {"type": "Point", "coordinates": [392994.8, 5668364.8]}}, {"type": "Feature", "properties": {"h": 21.2, "r": 4.0}, "geometry": {"type": "Point", "coordinates": [392793.8, 5669300.2]}}, {"type": "Feature", "properties": {"h": 23.7, "r": 2.0}, "geometry": {"type": "Point", "coordinates": [393286.2, 5669176.8]}}, {"type": "Feature", "properties": {"h": 23.5, "r": 1.6}, "geometry": {"type": "Point", "coordinates": [392890.8, 5669092.8]}}, {"type": "Feature", "properties": {"h": 24.0, "r": 2.0}, "geometry": {"type": "Point", "coordinates": [392875.2, 5668419.8]}}, {"type": "Feature", "properties": {"h": 21.8, "r": 1.5}, "geometry": {"type": "Point", "coordinates": [393236.8, 5668190.8]}}, {"type": "Feature", "properties": {"h": 22.3, "r": 2.1}, "geometry": {"type": "Point", "coordinates": [392340.2, 5669860.8]}}, {"type": "Feature", "properties": {"h": 22.5, "r": 1.4}, "geometry": {"type": "Point", "coordinates": [392857.8, 5669086.8]}}, {"type": "Feature", "properties": {"h": 21.9, "r": 2.0}, "geometry": {"type": "Point", "coordinates": [393646.2, 5669514.2]}}, {"type": "Feature", "properties": {"h": 21.0, "r": 3.8}, "geometry": {"type": "Point", "coordinates": [392715.8, 5669157.2]}}, {"type": "Feature", "properties": {"h": 22.3, "r": 2.0}, "geometry": {"type": "Point", "coordinates": [393861.2, 5668357.8]}}, {"type": "Feature", "properties": {"h": 21.3, "r": 3.0}, "geometry": {"type": "Point", "coordinates": [392761.2, 5669155.8]}}, {"type": "Feature", "properties": {"h": 21.3, "r": 4.6}, "geometry": {"type": "Point", "coordinates": [392404.2, 5669070.8]}}, {"type": "Feature", "properties": {"h": 21.6, "r": 2.5}, "geometry": {"type": "Point", "coordinates": [393013.2, 5669468.2]}}, {"type": "Feature", "properties": {"h": 21.8, "r": 4.5}, "geometry": {"type": "Point", "coordinates": [392259.8, 5669359.8]}}, {"type": "Feature", "properties": {"h": 23.2, "r": 1.5}, "geometry": {"type": "Point", "coordinates": [392176.8, 5668031.2]}}, {"type": "Feature", "properties": {"h": 21.1, "r": 1.8}, "geometry": {"type": "Point", "coordinates": [392442.2, 5669036.2]}}, {"type": "Feature", "properties": {"h": 22.8, "r": 1.5}, "geometry": {"type": "Point", "coordinates": [392895.8, 5669083.2]}}, {"type": "Feature", "properties": {"h": 21.9, "r": 1.5}, "geometry": {"type": "Point", "coordinates": [392970.8, 5668377.8]}}, {"type": "Feature", "properties": {"h": 21.9, "r": 1.6}, "geometry": {"type": "Point", "coordinates": [392582.2, 5668810.2]}}, {"type": "Feature", "properties": {"h": 22.1, "r": 1.8}, "geometry": {"type": "Point", "coordinates": [393053.2, 5668663.2]}}, {"type": "Feature", "properties": {"h": 22.0, "r": 2.1}, "geometry": {"type": "Point", "coordinates": [393241.8, 5668194.2]}}, {"type": "Feature", "properties": {"h": 20.2, "r": 1.5}, "geometry": {"type": "Point", "coordinates": [393286.8, 5669186.2]}}, {"type": "Feature", "properties": {"h": 20.6, "r": 3.4}, "geometry": {"type": "Point", "coordinates": [392271.8, 5668187.2]}}, {"type": "Feature", "properties": {"h": 21.0, "r": 1.8}, "geometry": {"type": "Point", "coordinates": [392509.2, 5669043.8]}}, {"type": "Feature", "properties": {"h": 22.1, "r": 3.9}, "geometry": {"type": "Point", "coordinates": [392570.2, 5668266.8]}}, {"type": "Feature", "properties": {"h": 21.6, "r": 1.8}, "geometry": {"type": "Point", "coordinates": [392960.8, 5668349.8]}}, {"type": "Feature", "properties": {"h": 21.4, "r": 3.0}, "geometry": {"type": "Point", "coordinates": [393104.8, 5668293.2]}}, {"type": "Feature", "properties": {"h": 23.0, "r": 1.0}, "geometry": {"type": "Point", "coordinates": [392816.8, 5668783.8]}}, {"type": "Feature", "properties": {"h": 22.2, "r": 1.4}, "geometry": {"type": "Point", "coordinates": [392872.2, 5668811.8]}}, {"type": "Feature", "properties": {"h": 21.3, "r": 3.2}, "geometry": {"type": "Point", "coordinates": [392434.8, 5668984.2]}}, {"type": "Feature", "properties": {"h": 22.2, "r": 2.9}, "geometry": {"type": "Point", "coordinates": [392087.8, 5668493.8]}}, {"type": "Feature", "properties": {"h": 21.8, "r": 2.5}, "geometry": {"type": "Point", "coordinates": [392408.8, 5669077.2]}}, {"type": "Feature", "properties": {"h": 21.5, "r": 2.1}, "geometry": {"type": "Point", "coordinates": [393731.2, 5669504.8]}}, {"type": "Feature", "properties": {"h": 21.4, "r": 3.5}, "geometry": {"type": "Point", "coordinates": [392798.2, 5669300.2]}}, {"type": "Feature", "properties": {"h": 21.8, "r": 1.8}, "geometry": {"type": "Point", "coordinates": [392845.2, 5668797.8]}}, {"type": "Feature", "properties": {"h": 21.3, "r": 2.0}, "geometry": {"type": "Point", "coordinates": [393704.8, 5669503.2]}}, {"type": "Feature", "properties": {"h": 20.8, "r": 3.9}, "geometry": {"type": "Point", "coordinates": [392313.8, 5669814.2]}}, {"type": "Feature", "properties": {"h": 20.9, "r": 3.2}, "geometry": {"type": "Point", "coordinates": [392043.8, 5668470.8]}}, {"type": "Feature", "properties": {"h": 21.4, "r": 3.2}, "geometry": {"type": "Point", "coordinates": [392523.8, 5669045.2]}}, {"type": "Feature", "properties": {"h": 22.2, "r": 1.4}, "geometry": {"type": "Point", "coordinates": [392803.2, 5668776.2]}}, {"type": "Feature", "properties": {"h": 21.4, "r": 1.5}, "geometry": {"type": "Point", "coordinates": [393625.2, 5669514.8]}}, {"type": "Feature", "properties": {"h": 21.3, "r": 2.8}, "geometry": {"type": "Point", "coordinates": [392285.8, 5669254.2]}}, {"type": "Feature", "properties": {"h": 22.6, "r": 2.2}, "geometry": {"type": "Point", "coordinates": [392909.2, 5668360.2]}}, {"type": "Feature", "properties": {"h": 21.4, "r": 2.5}, "geometry": {"type": "Point", "coordinates": [392479.8, 5669144.2]}}, {"type": "Feature", "properties": {"h": 23.2, "r": 2.5}, "geometry": {"type": "Point", "coordinates": [392172.2, 5668120.8]}}, {"type": "Feature", "properties": {"h": 21.5, "r": 4.0}, "geometry": {"type": "Point", "coordinates": [393378.8, 5668339.8]}}, {"type": "Feature", "properties": {"h": 21.5, "r": 2.8}, "geometry": {"type": "Point", "coordinates": [392451.2, 5669064.2]}}, {"type": "Feature", "properties": {"h": 21.5, "r": 1.8}, "geometry": {"type": "Point", "coordinates": [393046.8, 5668638.2]}}, {"type": "Feature", "properties": {"h": 21.5, "r": 3.6}, "geometry": {"type": "Point", "coordinates": [393369.8, 5668584.8]}}, {"type": "Feature", "properties": {"h": 21.8, "r": 2.1}, "geometry": {"type": "Point", "coordinates": [392395.2, 5669039.8]}}, {"type": "Feature", "properties": {"h": 21.2, "r": 1.8}, "geometry": {"type": "Point", "coordinates": [393241.2, 5668157.2]}}, {"type": "Feature", "properties": {"h": 22.2, "r": 2.0}, "geometry": {"type": "Point", "coordinates": [392562.2, 5669280.8]}}, {"type": "Feature", "properties": {"h": 23.3, "r": 1.4}, "geometry": {"type": "Point", "coordinates": [392878.2, 5668820.2]}}, {"type": "Feature", "properties": {"h": 21.4, "r": 2.5}, "geometry": {"type": "Point", "coordinates": [393629.8, 5669509.2]}}, {"type": "Feature", "properties": {"h": 22.6, "r": 1.1}, "geometry": {"type": "Point", "coordinates": [392966.8, 5668381.2]}}, {"type": "Feature", "properties": {"h": 21.8, "r": 3.2}, "geometry": {"type": "Point", "coordinates": [392920.8, 5669465.8]}}, {"type": "Feature", "properties": {"h": 21.6, "r": 1.8}, "geometry": {"type": "Point", "coordinates": [392073.2, 5668466.2]}}, {"type": "Feature", "properties": {"h": 22.0, "r": 1.6}, "geometry": {"type": "Point", "coordinates": [392591.8, 5668855.2]}}, {"type": "Feature", "properties": {"h": 21.6, "r": 2.5}, "geometry": {"type": "Point", "coordinates": [392670.2, 5669140.2]}}, {"type": "Feature", "properties": {"h": 21.3, "r": 2.0}, "geometry": {"type": "Point", "coordinates": [392094.8, 5668269.8]}}, {"type": "Feature", "properties": {"h": 22.1, "r": 1.6}, "geometry": {"type": "Point", "coordinates": [392287.8, 5668727.2]}}, {"type": "Feature", "properties": {"h": 22.3, "r": 1.1}, "geometry": {"type": "Point", "coordinates": [393816.2, 5668512.2]}}, {"type": "Feature", "properties": {"h": 21.2, "r": 2.1}, "geometry": {"type": "Point", "coordinates": [392499.8, 5669119.2]}}, {"type": "Feature", "properties": {"h": 23.2, "r": 1.1}, "geometry": {"type": "Point", "coordinates": [392690.2, 5668797.2]}}, {"type": "Feature", "properties": {"h": 22.4, "r": 5.1}, "geometry": {"type": "Point", "coordinates": [392291.2, 5669848.2]}}, {"type": "Feature", "properties": {"h": 21.8, "r": 4.3}, "geometry": {"type": "Point", "coordinates": [392178.2, 5668562.2]}}, {"type": "Feature", "properties": {"h": 21.0, "r": 2.9}, "geometry": {"type": "Point", "coordinates": [392347.8, 5668120.2]}}, {"type": "Feature", "properties": {"h": 22.0, "r": 1.6}, "geometry": {"type": "Point", "coordinates": [393049.8, 5668645.2]}}, {"type": "Feature", "properties": {"h": 20.4, "r": 1.8}, "geometry": {"type": "Point", "coordinates": [393246.2, 5668184.8]}}, {"type": "Feature", "properties": {"h": 20.3, "r": 2.1}, "geometry": {"type": "Point", "coordinates": [392670.2, 5669116.2]}}, {"type": "Feature", "properties": {"h": 21.7, "r": 1.6}, "geometry": {"type": "Point", "coordinates": [392541.2, 5669294.8]}}, {"type": "Feature", "properties": {"h": 21.3, "r": 3.0}, "geometry": {"type": "Point", "coordinates": [393380.8, 5668303.8]}}, {"type": "Feature", "properties": {"h": 21.6, "r": 1.6}, "geometry": {"type": "Point", "coordinates": [392458.2, 5669107.8]}}, {"type": "Feature", "properties": {"h": 21.0, "r": 2.1}, "geometry": {"type": "Point", "coordinates": [392722.8, 5669062.2]}}, {"type": "Feature", "properties": {"h": 19.6, "r": 1.8}, "geometry": {"type": "Point", "coordinates": [392965.2, 5668384.8]}}, {"type": "Feature", "properties": {"h": 21.4, "r": 2.0}, "geometry": {"type": "Point", "coordinates": [392946.2, 5668353.8]}}, {"type": "Feature", "properties": {"h": 22.2, "r": 2.0}, "geometry": {"type": "Point", "coordinates": [392336.8, 5669827.8]}}, {"type": "Feature", "properties": {"h": 21.2, "r": 2.1}, "geometry": {"type": "Point", "coordinates": [392395.2, 5669068.8]}}, {"type": "Feature", "properties": {"h": 21.4, "r": 2.1}, "geometry": {"type": "Point", "coordinates": [393483.2, 5669578.2]}}, {"type": "Feature", "properties": {"h": 21.5, "r": 2.0}, "geometry": {"type": "Point", "coordinates": [392500.2, 5669790.8]}}, {"type": "Feature", "properties": {"h": 21.2, "r": 2.5}, "geometry": {"type": "Point", "coordinates": [392952.2, 5668357.2]}}, {"type": "Feature", "properties": {"h": 21.2, "r": 2.9}, "geometry": {"type": "Point", "coordinates": [392677.2, 5669088.8]}}, {"type": "Feature", "properties": {"h": 19.4, "r": 2.1}, "geometry": {"type": "Point", "coordinates": [392245.2, 5669401.8]}}, {"type": "Feature", "properties": {"h": 21.3, "r": 1.6}, "geometry": {"type": "Point", "coordinates": [392343.8, 5669268.2]}}, {"type": "Feature", "properties": {"h": 19.0, "r": 1.8}, "geometry": {"type": "Point", "coordinates": [392544.8, 5669293.2]}}, {"type": "Feature", "properties": {"h": 21.5, "r": 2.2}, "geometry": {"type": "Point", "coordinates": [392728.8, 5669064.8]}}, {"type": "Feature", "properties": {"h": 21.3, "r": 2.0}, "geometry": {"type": "Point", "coordinates": [392551.2, 5669300.2]}}, {"type": "Feature", "properties": {"h": 20.6, "r": 2.5}, "geometry": {"type": "Point", "coordinates": [393348.2, 5668716.2]}}, {"type": "Feature", "properties": {"h": 20.7, "r": 2.5}, "geometry": {"type": "Point", "coordinates": [392793.8, 5668130.8]}}, {"type": "Feature", "properties": {"h": 20.6, "r": 2.1}, "geometry": {"type": "Point", "coordinates": [392600.8, 5668851.8]}}, {"type": "Feature", "properties": {"h": 21.8, "r": 2.1}, "geometry": {"type": "Point", "coordinates": [392707.2, 5668016.2]}}, {"type": "Feature", "properties": {"h": 21.4, "r": 2.0}, "geometry": {"type": "Point", "coordinates": [392577.8, 5668792.2]}}, {"type": "Feature", "properties": {"h": 21.2, "r": 2.0}, "geometry": {"type": "Point", "coordinates": [392813.8, 5668793.2]}}, {"type": "Feature", "properties": {"h": 21.6, "r": 3.0}, "geometry": {"type": "Point", "coordinates": [392393.2, 5668172.2]}}, {"type": "Feature", "properties": {"h": 20.6, "r": 2.2}, "geometry": {"type": "Point", "coordinates": [392294.2, 5669266.8]}}, {"type": "Feature", "properties": {"h": 20.3, "r": 3.5}, "geometry": {"type": "Point", "coordinates": [392185.8, 5668043.8]}}, {"type": "Feature", "properties": {"h": 20.5, "r": 2.7}, "geometry": {"type": "Point", "coordinates": [392941.8, 5669327.8]}}, {"type": "Feature", "properties": {"h": 24.6, "r": 1.4}, "geometry": {"type": "Point", "coordinates": [392870.2, 5668826.2]}}, {"type": "Feature", "properties": {"h": 35.8, "r": 1.0}, "geometry": {"type": "Point", "coordinates": [393585.8, 5669289.2]}}, {"type": "Feature", "properties": {"h": 21.1, "r": 2.5}, "geometry": {"type": "Point", "coordinates": [393744.2, 5669019.8]}}, {"type": "Feature", "properties": {"h": 20.6, "r": 2.7}, "geometry": {"type": "Point", "coordinates": [393342.8, 5668232.8]}}, {"type": "Feature", "properties": {"h": 22.0, "r": 1.8}, "geometry": {"type": "Point", "coordinates": [392589.2, 5668812.2]}}, {"type": "Feature", "properties": {"h": 21.0, "r": 2.5}, "geometry": {"type": "Point", "coordinates": [392038.8, 5668469.2]}}, {"type": "Feature", "properties": {"h": 21.1, "r": 1.8}, "geometry": {"type": "Point", "coordinates": [393616.2, 5669515.8]}}, {"type": "Feature", "properties": {"h": 20.7, "r": 3.2}, "geometry": {"type": "Point", "coordinates": [392348.2, 5669103.2]}}, {"type": "Feature", "properties": {"h": 21.0, "r": 2.5}, "geometry": {"type": "Point", "coordinates": [392397.2, 5669115.8]}}, {"type": "Feature", "properties": {"h": 21.9, "r": 2.2}, "geometry": {"type": "Point", "coordinates": [392721.2, 5669293.2]}}, {"type": "Feature", "properties": {"h": 20.9, "r": 3.5}, "geometry": {"type": "Point", "coordinates": [392173.2, 5668556.2]}}, {"type": "Feature", "properties": {"h": 21.1, "r": 1.5}, "geometry": {"type": "Point", "coordinates": [392559.8, 5669263.8]}}, {"type": "Feature", "properties": {"h": 22.2, "r": 2.0}, "geometry": {"type": "Point", "coordinates": [392441.2, 5668529.8]}}, {"type": "Feature", "properties": {"h": 21.6, "r": 2.5}, "geometry": {"type": "Point", "coordinates": [392945.2, 5669332.8]}}, {"type": "Feature", "properties": {"h": 21.8, "r": 1.5}, "geometry": {"type": "Point", "coordinates": [393260.8, 5669000.2]}}, {"type": "Feature", "properties": {"h": 20.9, "r": 1.8}, "geometry": {"type": "Point", "coordinates": [392780.8, 5668123.8]}}, {"type": "Feature", "properties": {"h": 20.6, "r": 2.0}, "geometry": {"type": "Point", "coordinates": [392374.8, 5668184.2]}}, {"type": "Feature", "properties": {"h": 19.9, "r": 2.9}, "geometry": {"type": "Point", "coordinates": [392741.8, 5669098.8]}}, {"type": "Feature", "properties": {"h": 21.6, "r": 5.2}, "geometry": {"type": "Point", "coordinates": [392286.2, 5669269.2]}}, {"type": "Feature", "properties": {"h": 21.2, "r": 2.1}, "geometry": {"type": "Point", "coordinates": [392439.8, 5669067.8]}}, {"type": "Feature", "properties": {"h": 21.5, "r": 2.5}, "geometry": {"type": "Point", "coordinates": [392892.8, 5668126.2]}}, {"type": "Feature", "properties": {"h": 24.0, "r": 1.1}, "geometry": {"type": "Point", "coordinates": [392868.8, 5668814.2]}}, {"type": "Feature", "properties": {"h": 21.8, "r": 1.8}, "geometry": {"type": "Point", "coordinates": [392680.8, 5668876.8]}}, {"type": "Feature", "properties": {"h": 22.7, "r": 1.0}, "geometry": {"type": "Point", "coordinates": [393017.2, 5669412.8]}}, {"type": "Feature", "properties": {"h": 20.5, "r": 2.0}, "geometry": {"type": "Point", "coordinates": [392465.2, 5669111.8]}}, {"type": "Feature", "properties": {"h": 22.6, "r": 3.2}, "geometry": {"type": "Point", "coordinates": [392944.8, 5668328.2]}}, {"type": "Feature", "properties": {"h": 19.8, "r": 2.5}, "geometry": {"type": "Point", "coordinates": [392245.8, 5668030.2]}}, {"type": "Feature", "properties": {"h": 20.3, "r": 1.8}, "geometry": {"type": "Point", "coordinates": [392423.8, 5669141.8]}}, {"type": "Feature", "properties": {"h": 20.4, "r": 2.2}, "geometry": {"type": "Point", "coordinates": [392936.2, 5668384.8]}}, {"type": "Feature", "properties": {"h": 21.8, "r": 1.4}, "geometry": {"type": "Point", "coordinates": [393157.8, 5668396.2]}}, {"type": "Feature", "properties": {"h": 20.4, "r": 2.5}, "geometry": {"type": "Point", "coordinates": [393393.8, 5668660.2]}}, {"type": "Feature", "properties": {"h": 19.9, "r": 2.0}, "geometry": {"type": "Point", "coordinates": [392088.8, 5668250.8]}}, {"type": "Feature", "properties": {"h": 20.2, "r": 5.1}, "geometry": {"type": "Point", "coordinates": [393404.2, 5668454.2]}}, {"type": "Feature", "properties": {"h": 20.4, "r": 2.0}, "geometry": {"type": "Point", "coordinates": [392384.2, 5669056.2]}}, {"type": "Feature", "properties": {"h": 21.4, "r": 3.5}, "geometry": {"type": "Point", "coordinates": [392711.8, 5668141.2]}}, {"type": "Feature", "properties": {"h": 21.8, "r": 1.0}, "geometry": {"type": "Point", "coordinates": [392261.2, 5669316.8]}}, {"type": "Feature", "properties": {"h": 19.5, "r": 1.8}, "geometry": {"type": "Point", "coordinates": [392268.8, 5668194.2]}}, {"type": "Feature", "properties": {"h": 20.9, "r": 2.0}, "geometry": {"type": "Point", "coordinates": [393698.8, 5669504.8]}}, {"type": "Feature", "properties": {"h": 17.7, "r": 1.4}, "geometry": {"type": "Point", "coordinates": [392689.2, 5669872.8]}}, {"type": "Feature", "properties": {"h": 23.4, "r": 1.8}, "geometry": {"type": "Point", "coordinates": [392747.2, 5668176.8]}}, {"type": "Feature", "properties": {"h": 21.3, "r": 2.0}, "geometry": {"type": "Point", "coordinates": [392338.8, 5668180.8]}}, {"type": "Feature", "properties": {"h": 20.6, "r": 3.4}, "geometry": {"type": "Point", "coordinates": [392471.2, 5669096.2]}}, {"type": "Feature", "properties": {"h": 21.2, "r": 1.8}, "geometry": {"type": "Point", "coordinates": [393136.8, 5668230.2]}}, {"type": "Feature", "properties": {"h": 20.7, "r": 1.6}, "geometry": {"type": "Point", "coordinates": [393746.8, 5669484.2]}}, {"type": "Feature", "properties": {"h": 21.1, "r": 2.0}, "geometry": {"type": "Point", "coordinates": [392247.2, 5669405.8]}}, {"type": "Feature", "properties": {"h": 20.8, "r": 3.6}, "geometry": {"type": "Point", "coordinates": [392251.8, 5669328.8]}}, {"type": "Feature", "properties": {"h": 18.8, "r": 2.1}, "geometry": {"type": "Point", "coordinates": [392414.8, 5668936.8]}}, {"type": "Feature", "properties": {"h": 20.2, "r": 3.2}, "geometry": {"type": "Point", "coordinates": [392211.8, 5668055.2]}}, {"type": "Feature", "properties": {"h": 21.2, "r": 1.8}, "geometry": {"type": "Point", "coordinates": [393411.8, 5668304.8]}}, {"type": "Feature", "properties": {"h": 21.6, "r": 1.5}, "geometry": {"type": "Point", "coordinates": [392555.8, 5669291.2]}}, {"type": "Feature", "properties": {"h": 20.6, "r": 2.1}, "geometry": {"type": "Point", "coordinates": [392331.2, 5669038.8]}}, {"type": "Feature", "properties": {"h": 20.9, "r": 3.0}, "geometry": {"type": "Point", "coordinates": [392758.2, 5669300.8]}}, {"type": "Feature", "properties": {"h": 21.7, "r": 2.1}, "geometry": {"type": "Point", "coordinates": [392961.2, 5669118.2]}}, {"type": "Feature", "properties": {"h": 23.5, "r": 1.4}, "geometry": {"type": "Point", "coordinates": [392581.2, 5669295.2]}}, {"type": "Feature", "properties": {"h": 20.4, "r": 1.8}, "geometry": {"type": "Point", "coordinates": [392551.2, 5669260.8]}}, {"type": "Feature", "properties": {"h": 21.5, "r": 2.0}, "geometry": {"type": "Point", "coordinates": [392011.8, 5669193.8]}}, {"type": "Feature", "properties": {"h": 20.6, "r": 2.0}, "geometry": {"type": "Point", "coordinates": [392995.8, 5668375.2]}}, {"type": "Feature", "properties": {"h": 21.1, "r": 1.4}, "geometry": {"type": "Point", "coordinates": [392003.8, 5669194.8]}}, {"type": "Feature", "properties": {"h": 21.8, "r": 1.4}, "geometry": {"type": "Point", "coordinates": [393811.2, 5668532.2]}}, {"type": "Feature", "properties": {"h": 20.6, "r": 2.1}, "geometry": {"type": "Point", "coordinates": [392378.2, 5669049.8]}}, {"type": "Feature", "properties": {"h": 20.6, "r": 2.0}, "geometry": {"type": "Point", "coordinates": [392932.2, 5668381.2]}}, {"type": "Feature", "properties": {"h": 21.4, "r": 1.4}, "geometry": {"type": "Point", "coordinates": [392315.2, 5669861.8]}}, {"type": "Feature", "properties": {"h": 20.6, "r": 1.8}, "geometry": {"type": "Point", "coordinates": [392481.2, 5669002.8]}}, {"type": "Feature", "properties": {"h": 21.2, "r": 2.5}, "geometry": {"type": "Point", "coordinates": [392669.8, 5668834.8]}}, {"type": "Feature", "properties": {"h": 21.1, "r": 1.8}, "geometry": {"type": "Point", "coordinates": [392809.2, 5668797.8]}}, {"type": "Feature", "properties": {"h": 21.3, "r": 2.1}, "geometry": {"type": "Point", "coordinates": [393720.8, 5669506.8]}}, {"type": "Feature", "properties": {"h": 22.4, "r": 1.8}, "geometry": {"type": "Point", "coordinates": [393563.2, 5668202.8]}}, {"type": "Feature", "properties": {"h": 21.1, "r": 2.8}, "geometry": {"type": "Point", "coordinates": [393153.8, 5668706.2]}}, {"type": "Feature", "properties": {"h": 20.5, "r": 2.1}, "geometry": {"type": "Point", "coordinates": [393736.8, 5669466.2]}}, {"type": "Feature", "properties": {"h": 20.5, "r": 4.0}, "geometry": {"type": "Point", "coordinates": [393781.8, 5668719.8]}}, {"type": "Feature", "properties": {"h": 20.2, "r": 2.2}, "geometry": {"type": "Point", "coordinates": [392804.2, 5669299.2]}}, {"type": "Feature", "properties": {"h": 20.7, "r": 1.5}, "geometry": {"type": "Point", "coordinates": [393571.2, 5669505.2]}}, {"type": "Feature", "properties": {"h": 20.3, "r": 3.6}, "geometry": {"type": "Point", "coordinates": [393694.8, 5669501.2]}}, {"type": "Feature", "properties": {"h": 20.2, "r": 2.1}, "geometry": {"type": "Point", "coordinates": [393885.8, 5669159.2]}}, {"type": "Feature", "properties": {"h": 19.9, "r": 2.0}, "geometry": {"type": "Point", "coordinates": [392433.8, 5669154.8]}}, {"type": "Feature", "properties": {"h": 21.2, "r": 2.2}, "geometry": {"type": "Point", "coordinates": [392864.8, 5669058.2]}}, {"type": "Feature", "properties": {"h": 21.9, "r": 1.6}, "geometry": {"type": "Point", "coordinates": [392437.8, 5669009.2]}}, {"type": "Feature", "properties": {"h": 22.2, "r": 1.1}, "geometry": {"type": "Point", "coordinates": [392866.2, 5668809.2]}}, {"type": "Feature", "properties": {"h": 19.9, "r": 2.0}, "geometry": {"type": "Point", "coordinates": [393099.8, 5669233.8]}}, {"type": "Feature", "properties": {"h": 18.7, "r": 1.6}, "geometry": {"type": "Point", "coordinates": [393557.2, 5669511.8]}}, {"type": "Feature", "properties": {"h": 23.0, "r": 1.4}, "geometry": {"type": "Point", "coordinates": [392528.2, 5668469.8]}}, {"type": "Feature", "properties": {"h": 20.9, "r": 1.6}, "geometry": {"type": "Point", "coordinates": [392478.2, 5668999.2]}}, {"type": "Feature", "properties": {"h": 20.5, "r": 1.8}, "geometry": {"type": "Point", "coordinates": [392703.8, 5668970.2]}}, {"type": "Feature", "properties": {"h": 22.7, "r": 2.0}, "geometry": {"type": "Point", "coordinates": [393443.8, 5668499.8]}}, {"type": "Feature", "properties": {"h": 20.4, "r": 3.0}, "geometry": {"type": "Point", "coordinates": [393474.8, 5668797.8]}}, {"type": "Feature", "properties": {"h": 20.9, "r": 3.5}, "geometry": {"type": "Point", "coordinates": [393875.8, 5669274.8]}}, {"type": "Feature", "properties": {"h": 19.9, "r": 2.2}, "geometry": {"type": "Point", "coordinates": [392409.2, 5669129.2]}}, {"type": "Feature", "properties": {"h": 21.4, "r": 2.0}, "geometry": {"type": "Point", "coordinates": [392487.2, 5669052.2]}}, {"type": "Feature", "properties": {"h": 20.3, "r": 2.5}, "geometry": {"type": "Point", "coordinates": [392367.8, 5669050.2]}}, {"type": "Feature", "properties": {"h": 20.2, "r": 3.5}, "geometry": {"type": "Point", "coordinates": [393375.2, 5668315.8]}}, {"type": "Feature", "properties": {"h": 21.5, "r": 2.0}, "geometry": {"type": "Point", "coordinates": [392828.8, 5668058.2]}}, {"type": "Feature", "properties": {"h": 19.0, "r": 1.4}, "geometry": {"type": "Point", "coordinates": [393059.8, 5668188.2]}}, {"type": "Feature", "properties": {"h": 20.5, "r": 2.2}, "geometry": {"type": "Point", "coordinates": [393538.2, 5668027.2]}}, {"type": "Feature", "properties": {"h": 20.8, "r": 1.5}, "geometry": {"type": "Point", "coordinates": [392294.2, 5669289.8]}}, {"type": "Feature", "properties": {"h": 21.3, "r": 1.6}, "geometry": {"type": "Point", "coordinates": [392645.2, 5668871.2]}}, {"type": "Feature", "properties": {"h": 20.0, "r": 3.6}, "geometry": {"type": "Point", "coordinates": [392344.2, 5668129.8]}}, {"type": "Feature", "properties": {"h": 21.4, "r": 1.6}, "geometry": {"type": "Point", "coordinates": [392859.8, 5669057.2]}}, {"type": "Feature", "properties": {"h": 20.9, "r": 3.6}, "geometry": {"type": "Point", "coordinates": [393434.2, 5668808.8]}}, {"type": "Feature", "properties": {"h": 20.9, "r": 2.5}, "geometry": {"type": "Point", "coordinates": [392421.2, 5668995.2]}}, {"type": "Feature", "properties": {"h": 23.2, "r": 1.0}, "geometry": {"type": "Point", "coordinates": [393286.2, 5669180.8]}}, {"type": "Feature", "properties": {"h": 21.1, "r": 1.6}, "geometry": {"type": "Point", "coordinates": [392690.2, 5668888.2]}}, {"type": "Feature", "properties": {"h": 20.8, "r": 2.1}, "geometry": {"type": "Point", "coordinates": [392146.8, 5668484.8]}}, {"type": "Feature", "properties": {"h": 20.3, "r": 2.1}, "geometry": {"type": "Point", "coordinates": [393485.8, 5668484.8]}}, {"type": "Feature", "properties": {"h": 20.6, "r": 2.0}, "geometry": {"type": "Point", "coordinates": [392412.8, 5668963.2]}}, {"type": "Feature", "properties": {"h": 19.2, "r": 1.8}, "geometry": {"type": "Point", "coordinates": [392185.2, 5669336.2]}}, {"type": "Feature", "properties": {"h": 20.4, "r": 2.1}, "geometry": {"type": "Point", "coordinates": [392577.2, 5668809.2]}}, {"type": "Feature", "properties": {"h": 20.7, "r": 2.2}, "geometry": {"type": "Point", "coordinates": [392414.8, 5668188.2]}}, {"type": "Feature", "properties": {"h": 20.2, "r": 2.7}, "geometry": {"type": "Point", "coordinates": [393344.2, 5668297.8]}}, {"type": "Feature", "properties": {"h": 20.0, "r": 2.1}, "geometry": {"type": "Point", "coordinates": [392786.2, 5668084.8]}}, {"type": "Feature", "properties": {"h": 20.3, "r": 2.5}, "geometry": {"type": "Point", "coordinates": [393519.8, 5669759.8]}}, {"type": "Feature", "properties": {"h": 20.5, "r": 3.5}, "geometry": {"type": "Point", "coordinates": [392091.8, 5668485.2]}}, {"type": "Feature", "properties": {"h": 19.6, "r": 2.2}, "geometry": {"type": "Point", "coordinates": [392817.2, 5669108.2]}}, {"type": "Feature", "properties": {"h": 19.9, "r": 2.1}, "geometry": {"type": "Point", "coordinates": [392915.8, 5668360.2]}}, {"type": "Feature", "properties": {"h": 20.1, "r": 2.9}, "geometry": {"type": "Point", "coordinates": [392884.2, 5669192.8]}}, {"type": "Feature", "properties": {"h": 19.7, "r": 3.6}, "geometry": {"type": "Point", "coordinates": [392299.8, 5668892.8]}}, {"type": "Feature", "properties": {"h": 20.1, "r": 1.6}, "geometry": {"type": "Point", "coordinates": [393703.2, 5669508.2]}}, {"type": "Feature", "properties": {"h": 22.4, "r": 1.6}, "geometry": {"type": "Point", "coordinates": [392871.2, 5668425.8]}}, {"type": "Feature", "properties": {"h": 20.6, "r": 2.1}, "geometry": {"type": "Point", "coordinates": [393669.2, 5669295.2]}}, {"type": "Feature", "properties": {"h": 20.2, "r": 1.8}, "geometry": {"type": "Point", "coordinates": [392931.8, 5669324.2]}}, {"type": "Feature", "properties": {"h": 21.6, "r": 2.5}, "geometry": {"type": "Point", "coordinates": [392949.8, 5669333.8]}}, {"type": "Feature", "properties": {"h": 20.6, "r": 3.2}, "geometry": {"type": "Point", "coordinates": [393454.8, 5668236.8]}}, {"type": "Feature", "properties": {"h": 19.8, "r": 2.1}, "geometry": {"type": "Point", "coordinates": [392814.8, 5669092.8]}}, {"type": "Feature", "properties": {"h": 20.7, "r": 2.2}, "geometry": {"type": "Point", "coordinates": [392492.2, 5669127.8]}}, {"type": "Feature", "properties": {"h": 20.5, "r": 2.2}, "geometry": {"type": "Point", "coordinates": [392479.2, 5668973.8]}}, {"type": "Feature", "properties": {"h": 19.1, "r": 1.8}, "geometry": {"type": "Point", "coordinates": [392957.2, 5669118.8]}}, {"type": "Feature", "properties": {"h": 21.6, "r": 2.0}, "geometry": {"type": "Point", "coordinates": [392408.2, 5668937.2]}}, {"type": "Feature", "properties": {"h": 19.9, "r": 1.8}, "geometry": {"type": "Point", "coordinates": [393661.8, 5669501.8]}}, {"type": "Feature", "properties": {"h": 20.0, "r": 1.1}, "geometry": {"type": "Point", "coordinates": [392295.2, 5669841.8]}}, {"type": "Feature", "properties": {"h": 20.3, "r": 1.8}, "geometry": {"type": "Point", "coordinates": [392992.2, 5669370.8]}}, {"type": "Feature", "properties": {"h": 21.0, "r": 2.1}, "geometry": {"type": "Point", "coordinates": [392328.2, 5669865.8]}}, {"type": "Feature", "properties": {"h": 20.4, "r": 2.1}, "geometry": {"type": "Point", "coordinates": [392905.8, 5669178.8]}}, {"type": "Feature", "properties": {"h": 20.1, "r": 2.1}, "geometry": {"type": "Point", "coordinates": [392432.2, 5668973.2]}}, {"type": "Feature", "properties": {"h": 20.6, "r": 3.4}, "geometry": {"type": "Point", "coordinates": [392830.8, 5669297.8]}}, {"type": "Feature", "properties": {"h": 20.2, "r": 4.7}, "geometry": {"type": "Point", "coordinates": [392396.8, 5668983.8]}}, {"type": "Feature", "properties": {"h": 21.4, "r": 4.1}, "geometry": {"type": "Point", "coordinates": [393942.2, 5668658.2]}}, {"type": "Feature", "properties": {"h": 19.6, "r": 2.1}, "geometry": {"type": "Point", "coordinates": [392407.8, 5669124.8]}}, {"type": "Feature", "properties": {"h": 21.1, "r": 2.5}, "geometry": {"type": "Point", "coordinates": [393876.8, 5668623.8]}}, {"type": "Feature", "properties": {"h": 19.9, "r": 1.6}, "geometry": {"type": "Point", "coordinates": [392315.2, 5668875.8]}}, {"type": "Feature", "properties": {"h": 20.8, "r": 1.8}, "geometry": {"type": "Point", "coordinates": [392786.2, 5668131.2]}}, {"type": "Feature", "properties": {"h": 21.3, "r": 1.8}, "geometry": {"type": "Point", "coordinates": [393342.2, 5668241.2]}}, {"type": "Feature", "properties": {"h": 20.2, "r": 2.0}, "geometry": {"type": "Point", "coordinates": [393689.2, 5669499.8]}}, {"type": "Feature", "properties": {"h": 21.1, "r": 2.1}, "geometry": {"type": "Point", "coordinates": [393836.2, 5668944.8]}}, {"type": "Feature", "properties": {"h": 19.9, "r": 1.6}, "geometry": {"type": "Point", "coordinates": [392234.2, 5669403.8]}}, {"type": "Feature", "properties": {"h": 19.7, "r": 2.7}, "geometry": {"type": "Point", "coordinates": [393716.8, 5669509.8]}}, {"type": "Feature", "properties": {"h": 20.1, "r": 2.1}, "geometry": {"type": "Point", "coordinates": [393175.2, 5668231.2]}}, {"type": "Feature", "properties": {"h": 20.7, "r": 1.8}, "geometry": {"type": "Point", "coordinates": [393395.2, 5668451.2]}}, {"type": "Feature", "properties": {"h": 20.4, "r": 3.5}, "geometry": {"type": "Point", "coordinates": [392295.2, 5669332.8]}}, {"type": "Feature", "properties": {"h": 19.4, "r": 1.5}, "geometry": {"type": "Point", "coordinates": [393155.8, 5668686.2]}}, {"type": "Feature", "properties": {"h": 19.8, "r": 2.0}, "geometry": {"type": "Point", "coordinates": [392232.8, 5669371.8]}}, {"type": "Feature", "properties": {"h": 20.0, "r": 4.3}, "geometry": {"type": "Point", "coordinates": [393332.2, 5668300.2]}}, {"type": "Feature", "properties": {"h": 21.7, "r": 1.1}, "geometry": {"type": "Point", "coordinates": [392971.2, 5668382.2]}}, {"type": "Feature", "properties": {"h": 20.4, "r": 2.5}, "geometry": {"type": "Point", "coordinates": [392777.2, 5669276.8]}}, {"type": "Feature", "properties": {"h": 20.4, "r": 2.2}, "geometry": {"type": "Point", "coordinates": [392909.8, 5669178.2]}}, {"type": "Feature", "properties": {"h": 22.2, "r": 1.4}, "geometry": {"type": "Point", "coordinates": [392542.2, 5668232.8]}}, {"type": "Feature", "properties": {"h": 22.2, "r": 1.5}, "geometry": {"type": "Point", "coordinates": [392559.8, 5669258.2]}}, {"type": "Feature", "properties": {"h": 20.2, "r": 1.4}, "geometry": {"type": "Point", "coordinates": [392546.8, 5669262.2]}}, {"type": "Feature", "properties": {"h": 20.3, "r": 2.0}, "geometry": {"type": "Point", "coordinates": [392195.8, 5669863.2]}}, {"type": "Feature", "properties": {"h": 20.5, "r": 2.9}, "geometry": {"type": "Point", "coordinates": [392846.8, 5669092.8]}}, {"type": "Feature", "properties": {"h": 21.0, "r": 1.4}, "geometry": {"type": "Point", "coordinates": [392848.8, 5668846.8]}}, {"type": "Feature", "properties": {"h": 20.1, "r": 1.8}, "geometry": {"type": "Point", "coordinates": [392433.2, 5669148.2]}}, {"type": "Feature", "properties": {"h": 19.7, "r": 2.5}, "geometry": {"type": "Point", "coordinates": [392415.8, 5669092.2]}}, {"type": "Feature", "properties": {"h": 20.5, "r": 1.8}, "geometry": {"type": "Point", "coordinates": [392789.8, 5668123.2]}}, {"type": "Feature", "properties": {"h": 20.7, "r": 1.8}, "geometry": {"type": "Point", "coordinates": [392473.8, 5669145.8]}}, {"type": "Feature", "properties": {"h": 19.9, "r": 2.5}, "geometry": {"type": "Point", "coordinates": [392471.2, 5669081.2]}}, {"type": "Feature", "properties": {"h": 21.0, "r": 2.8}, "geometry": {"type": "Point", "coordinates": [392424.2, 5668526.2]}}, {"type": "Feature", "properties": {"h": 19.9, "r": 1.8}, "geometry": {"type": "Point", "coordinates": [392439.2, 5669049.2]}}, {"type": "Feature", "properties": {"h": 19.9, "r": 2.1}, "geometry": {"type": "Point", "coordinates": [393151.8, 5668683.2]}}, {"type": "Feature", "properties": {"h": 19.5, "r": 3.4}, "geometry": {"type": "Point", "coordinates": [392670.2, 5669214.2]}}, {"type": "Feature", "properties": {"h": 19.9, "r": 2.9}, "geometry": {"type": "Point", "coordinates": [392627.8, 5668097.8]}}, {"type": "Feature", "properties": {"h": 21.3, "r": 1.5}, "geometry": {"type": "Point", "coordinates": [392380.8, 5668184.2]}}, {"type": "Feature", "properties": {"h": 20.8, "r": 3.2}, "geometry": {"type": "Point", "coordinates": [393793.8, 5668936.8]}}, {"type": "Feature", "properties": {"h": 20.0, "r": 2.2}, "geometry": {"type": "Point", "coordinates": [392729.2, 5669086.8]}}, {"type": "Feature", "properties": {"h": 19.8, "r": 1.5}, "geometry": {"type": "Point", "coordinates": [392540.2, 5669300.2]}}, {"type": "Feature", "properties": {"h": 15.3, "r": 1.8}, "geometry": {"type": "Point", "coordinates": [392563.2, 5669258.2]}}, {"type": "Feature", "properties": {"h": 20.1, "r": 3.2}, "geometry": {"type": "Point", "coordinates": [392249.2, 5669278.2]}}, {"type": "Feature", "properties": {"h": 20.0, "r": 3.0}, "geometry": {"type": "Point", "coordinates": [392731.8, 5669123.2]}}, {"type": "Feature", "properties": {"h": 19.2, "r": 2.5}, "geometry": {"type": "Point", "coordinates": [392459.8, 5669148.2]}}, {"type": "Feature", "properties": {"h": 19.8, "r": 2.7}, "geometry": {"type": "Point", "coordinates": [393740.2, 5669493.2]}}, {"type": "Feature", "properties": {"h": 20.7, "r": 1.0}, "geometry": {"type": "Point", "coordinates": [393570.2, 5668107.8]}}, {"type": "Feature", "properties": {"h": 20.0, "r": 1.5}, "geometry": {"type": "Point", "coordinates": [392562.2, 5668856.8]}}, {"type": "Feature", "properties": {"h": 20.7, "r": 2.8}, "geometry": {"type": "Point", "coordinates": [393788.8, 5668935.8]}}, {"type": "Feature", "properties": {"h": 19.1, "r": 2.1}, "geometry": {"type": "Point", "coordinates": [392720.2, 5669051.2]}}, {"type": "Feature", "properties": {"h": 19.8, "r": 1.8}, "geometry": {"type": "Point", "coordinates": [392703.8, 5668011.2]}}, {"type": "Feature", "properties": {"h": 19.6, "r": 2.1}, "geometry": {"type": "Point", "coordinates": [392737.2, 5669086.2]}}, {"type": "Feature", "properties": {"h": 19.9, "r": 4.0}, "geometry": {"type": "Point", "coordinates": [392368.8, 5669844.2]}}, {"type": "Feature", "properties": {"h": 19.7, "r": 1.5}, "geometry": {"type": "Point", "coordinates": [392319.8, 5668172.8]}}, {"type": "Feature", "properties": {"h": 20.4, "r": 1.5}, "geometry": {"type": "Point", "coordinates": [393583.2, 5669488.2]}}, {"type": "Feature", "properties": {"h": 19.7, "r": 2.0}, "geometry": {"type": "Point", "coordinates": [392736.2, 5668966.2]}}, {"type": "Feature", "properties": {"h": 20.1, "r": 2.1}, "geometry": {"type": "Point", "coordinates": [392346.2, 5668911.2]}}, {"type": "Feature", "properties": {"h": 19.7, "r": 2.1}, "geometry": {"type": "Point", "coordinates": [392908.8, 5669039.2]}}, {"type": "Feature", "properties": {"h": 20.2, "r": 1.6}, "geometry": {"type": "Point", "coordinates": [392993.8, 5668382.8]}}, {"type": "Feature", "properties": {"h": 19.3, "r": 3.5}, "geometry": {"type": "Point", "coordinates": [392726.8, 5669131.8]}}, {"type": "Feature", "properties": {"h": 19.4, "r": 2.1}, "geometry": {"type": "Point", "coordinates": [393026.8, 5669351.8]}}, {"type": "Feature", "properties": {"h": 20.5, "r": 2.5}, "geometry": {"type": "Point", "coordinates": [392329.2, 5669043.2]}}, {"type": "Feature", "properties": {"h": 20.0, "r": 1.8}, "geometry": {"type": "Point", "coordinates": [392791.8, 5668086.8]}}, {"type": "Feature", "properties": {"h": 20.0, "r": 1.5}, "geometry": {"type": "Point", "coordinates": [392784.8, 5668778.2]}}, {"type": "Feature", "properties": {"h": 20.3, "r": 1.6}, "geometry": {"type": "Point", "coordinates": [392582.8, 5669258.2]}}, {"type": "Feature", "properties": {"h": 20.8, "r": 1.8}, "geometry": {"type": "Point", "coordinates": [392147.2, 5669201.8]}}, {"type": "Feature", "properties": {"h": 19.6, "r": 4.5}, "geometry": {"type": "Point", "coordinates": [392699.2, 5668982.2]}}, {"type": "Feature", "properties": {"h": 19.4, "r": 2.7}, "geometry": {"type": "Point", "coordinates": [392798.2, 5668965.2]}}, {"type": "Feature", "properties": {"h": 19.6, "r": 2.1}, "geometry": {"type": "Point", "coordinates": [393239.8, 5668128.2]}}, {"type": "Feature", "properties": {"h": 22.2, "r": 1.4}, "geometry": {"type": "Point", "coordinates": [393157.8, 5669354.2]}}, {"type": "Feature", "properties": {"h": 20.1, "r": 3.0}, "geometry": {"type": "Point", "coordinates": [393333.8, 5668739.2]}}, {"type": "Feature", "properties": {"h": 19.9, "r": 2.5}, "geometry": {"type": "Point", "coordinates": [392808.8, 5668945.8]}}, {"type": "Feature", "properties": {"h": 19.9, "r": 2.1}, "geometry": {"type": "Point", "coordinates": [392675.8, 5668874.2]}}, {"type": "Feature", "properties": {"h": 19.5, "r": 2.5}, "geometry": {"type": "Point", "coordinates": [393999.8, 5669551.8]}}, {"type": "Feature", "properties": {"h": 19.9, "r": 2.7}, "geometry": {"type": "Point", "coordinates": [392152.2, 5669209.2]}}, {"type": "Feature", "properties": {"h": 19.8, "r": 2.0}, "geometry": {"type": "Point", "coordinates": [392968.8, 5669116.2]}}, {"type": "Feature", "properties": {"h": 20.3, "r": 2.1}, "geometry": {"type": "Point", "coordinates": [392325.2, 5668803.8]}}, {"type": "Feature", "properties": {"h": 19.5, "r": 2.5}, "geometry": {"type": "Point", "coordinates": [393311.2, 5668336.8]}}, {"type": "Feature", "properties": {"h": 20.1, "r": 2.2}, "geometry": {"type": "Point", "coordinates": [392804.2, 5668116.2]}}, {"type": "Feature", "properties": {"h": 20.1, "r": 2.7}, "geometry": {"type": "Point", "coordinates": [392477.8, 5669137.8]}}, {"type": "Feature", "properties": {"h": 19.8, "r": 2.7}, "geometry": {"type": "Point", "coordinates": [392856.8, 5669064.8]}}, {"type": "Feature", "properties": {"h": 19.9, "r": 1.6}, "geometry": {"type": "Point", "coordinates": [393282.8, 5668237.2]}}, {"type": "Feature", "properties": {"h": 20.8, "r": 1.6}, "geometry": {"type": "Point", "coordinates": [393116.2, 5668341.8]}}, {"type": "Feature", "properties": {"h": 20.2, "r": 2.7}, "geometry": {"type": "Point", "coordinates": [393795.2, 5668666.2]}}, {"type": "Feature", "properties": {"h": 19.5, "r": 1.8}, "geometry": {"type": "Point", "coordinates": [392969.8, 5669122.2]}}, {"type": "Feature", "properties": {"h": 20.1, "r": 4.7}, "geometry": {"type": "Point", "coordinates": [393412.2, 5668332.2]}}, {"type": "Feature", "properties": {"h": 20.9, "r": 1.5}, "geometry": {"type": "Point", "coordinates": [392066.8, 5668190.2]}}, {"type": "Feature", "properties": {"h": 20.3, "r": 1.8}, "geometry": {"type": "Point", "coordinates": [392088.2, 5668231.8]}}, {"type": "Feature", "properties": {"h": 19.3, "r": 2.1}, "geometry": {"type": "Point", "coordinates": [393410.8, 5668454.8]}}, {"type": "Feature", "properties": {"h": 20.4, "r": 1.5}, "geometry": {"type": "Point", "coordinates": [393705.2, 5669518.2]}}, {"type": "Feature", "properties": {"h": 20.7, "r": 1.4}, "geometry": {"type": "Point", "coordinates": [392544.2, 5668227.2]}}, {"type": "Feature", "properties": {"h": 20.8, "r": 1.4}, "geometry": {"type": "Point", "coordinates": [392854.8, 5669070.8]}}, {"type": "Feature", "properties": {"h": 19.6, "r": 2.5}, "geometry": {"type": "Point", "coordinates": [393441.2, 5669634.2]}}, {"type": "Feature", "properties": {"h": 19.0, "r": 1.8}, "geometry": {"type": "Point", "coordinates": [393781.8, 5669017.8]}}, {"type": "Feature", "properties": {"h": 19.5, "r": 2.0}, "geometry": {"type": "Point", "coordinates": [393275.8, 5668168.2]}}, {"type": "Feature", "properties": {"h": 19.5, "r": 2.5}, "geometry": {"type": "Point", "coordinates": [392301.8, 5668831.2]}}, {"type": "Feature", "properties": {"h": 20.4, "r": 1.8}, "geometry": {"type": "Point", "coordinates": [392848.2, 5669878.8]}}, {"type": "Feature", "properties": {"h": 19.4, "r": 2.0}, "geometry": {"type": "Point", "coordinates": [392338.2, 5668175.2]}}, {"type": "Feature", "properties": {"h": 19.7, "r": 3.0}, "geometry": {"type": "Point", "coordinates": [392798.2, 5668985.8]}}, {"type": "Feature", "properties": {"h": 21.2, "r": 1.1}, "geometry": {"type": "Point", "coordinates": [392649.8, 5668960.8]}}, {"type": "Feature", "properties": {"h": 20.0, "r": 2.0}, "geometry": {"type": "Point", "coordinates": [393924.2, 5668962.8]}}, {"type": "Feature", "properties": {"h": 19.4, "r": 1.6}, "geometry": {"type": "Point", "coordinates": [392988.8, 5668378.2]}}, {"type": "Feature", "properties": {"h": 20.6, "r": 1.6}, "geometry": {"type": "Point", "coordinates": [392330.8, 5668179.2]}}, {"type": "Feature", "properties": {"h": 19.9, "r": 3.4}, "geometry": {"type": "Point", "coordinates": [392266.2, 5669317.8]}}, {"type": "Feature", "properties": {"h": 20.8, "r": 2.5}, "geometry": {"type": "Point", "coordinates": [392652.2, 5668304.2]}}, {"type": "Feature", "properties": {"h": 18.9, "r": 2.5}, "geometry": {"type": "Point", "coordinates": [392715.2, 5669163.8]}}, {"type": "Feature", "properties": {"h": 19.4, "r": 1.8}, "geometry": {"type": "Point", "coordinates": [393861.2, 5668868.8]}}, {"type": "Feature", "properties": {"h": 19.6, "r": 2.2}, "geometry": {"type": "Point", "coordinates": [392390.8, 5668964.2]}}, {"type": "Feature", "properties": {"h": 19.2, "r": 2.5}, "geometry": {"type": "Point", "coordinates": [393722.8, 5669511.8]}}, {"type": "Feature", "properties": {"h": 19.6, "r": 2.1}, "geometry": {"type": "Point", "coordinates": [392503.2, 5669070.2]}}, {"type": "Feature", "properties": {"h": 18.9, "r": 2.2}, "geometry": {"type": "Point", "coordinates": [392661.8, 5668866.8]}}, {"type": "Feature", "properties": {"h": 19.8, "r": 2.5}, "geometry": {"type": "Point", "coordinates": [392901.2, 5668299.8]}}, {"type": "Feature", "properties": {"h": 20.5, "r": 4.0}, "geometry": {"type": "Point", "coordinates": [392248.2, 5669322.2]}}, {"type": "Feature", "properties": {"h": 19.4, "r": 2.1}, "geometry": {"type": "Point", "coordinates": [392924.2, 5668090.8]}}, {"type": "Feature", "properties": {"h": 20.7, "r": 1.6}, "geometry": {"type": "Point", "coordinates": [392952.2, 5668311.2]}}, {"type": "Feature", "properties": {"h": 19.9, "r": 1.6}, "geometry": {"type": "Point", "coordinates": [392062.2, 5668188.2]}}, {"type": "Feature", "properties": {"h": 19.9, "r": 1.8}, "geometry": {"type": "Point", "coordinates": [393922.2, 5668957.2]}}, {"type": "Feature", "properties": {"h": 20.5, "r": 2.0}, "geometry": {"type": "Point", "coordinates": [393864.2, 5668348.8]}}, {"type": "Feature", "properties": {"h": 18.7, "r": 1.4}, "geometry": {"type": "Point", "coordinates": [393418.2, 5668797.2]}}, {"type": "Feature", "properties": {"h": 19.9, "r": 2.1}, "geometry": {"type": "Point", "coordinates": [393014.8, 5669399.8]}}, {"type": "Feature", "properties": {"h": 19.7, "r": 2.1}, "geometry": {"type": "Point", "coordinates": [393735.2, 5669485.2]}}, {"type": "Feature", "properties": {"h": 18.3, "r": 2.0}, "geometry": {"type": "Point", "coordinates": [392569.2, 5669300.2]}}, {"type": "Feature", "properties": {"h": 19.0, "r": 2.7}, "geometry": {"type": "Point", "coordinates": [393269.8, 5668163.2]}}, {"type": "Feature", "properties": {"h": 20.9, "r": 1.8}, "geometry": {"type": "Point", "coordinates": [392322.2, 5669812.8]}}, {"type": "Feature", "properties": {"h": 20.5, "r": 2.0}, "geometry": {"type": "Point", "coordinates": [393342.2, 5668722.2]}}, {"type": "Feature", "properties": {"h": 19.7, "r": 3.5}, "geometry": {"type": "Point", "coordinates": [393773.2, 5669324.2]}}, {"type": "Feature", "properties": {"h": 19.1, "r": 4.0}, "geometry": {"type": "Point", "coordinates": [393606.2, 5668104.8]}}, {"type": "Feature", "properties": {"h": 19.8, "r": 2.2}, "geometry": {"type": "Point", "coordinates": [392386.8, 5668171.8]}}, {"type": "Feature", "properties": {"h": 18.8, "r": 3.8}, "geometry": {"type": "Point", "coordinates": [392409.8, 5669108.2]}}, {"type": "Feature", "properties": {"h": 20.1, "r": 1.6}, "geometry": {"type": "Point", "coordinates": [393022.2, 5669400.2]}}, {"type": "Feature", "properties": {"h": 22.0, "r": 1.6}, "geometry": {"type": "Point", "coordinates": [392912.8, 5669182.2]}}, {"type": "Feature", "properties": {"h": 19.5, "r": 1.5}, "geometry": {"type": "Point", "coordinates": [392336.2, 5669806.8]}}, {"type": "Feature", "properties": {"h": 18.9, "r": 4.5}, "geometry": {"type": "Point", "coordinates": [393464.8, 5669580.2]}}, {"type": "Feature", "properties": {"h": 19.8, "r": 2.1}, "geometry": {"type": "Point", "coordinates": [393145.2, 5668158.2]}}, {"type": "Feature", "properties": {"h": 19.0, "r": 2.5}, "geometry": {"type": "Point", "coordinates": [393614.8, 5668133.2]}}, {"type": "Feature", "properties": {"h": 19.3, "r": 2.5}, "geometry": {"type": "Point", "coordinates": [392824.2, 5668794.8]}}, {"type": "Feature", "properties": {"h": 20.2, "r": 1.8}, "geometry": {"type": "Point", "coordinates": [393761.2, 5668864.2]}}, {"type": "Feature", "properties": {"h": 19.6, "r": 2.9}, "geometry": {"type": "Point", "coordinates": [393251.8, 5668172.2]}}, {"type": "Feature", "properties": {"h": 19.8, "r": 1.6}, "geometry": {"type": "Point", "coordinates": [392096.8, 5668010.2]}}, {"type": "Feature", "properties": {"h": 20.4, "r": 5.5}, "geometry": {"type": "Point", "coordinates": [392306.2, 5668849.2]}}, {"type": "Feature", "properties": {"h": 19.5, "r": 1.8}, "geometry": {"type": "Point", "coordinates": [392724.2, 5669075.2]}}, {"type": "Feature", "properties": {"h": 21.4, "r": 1.0}, "geometry": {"type": "Point", "coordinates": [392861.8, 5668807.8]}}, {"type": "Feature", "properties": {"h": 20.0, "r": 1.6}, "geometry": {"type": "Point", "coordinates": [393340.8, 5668712.8]}}, {"type": "Feature", "properties": {"h": 19.6, "r": 2.1}, "geometry": {"type": "Point", "coordinates": [393568.8, 5669491.8]}}, {"type": "Feature", "properties": {"h": 19.2, "r": 1.8}, "geometry": {"type": "Point", "coordinates": [393421.8, 5668389.2]}}, {"type": "Feature", "properties": {"h": 18.4, "r": 2.1}, "geometry": {"type": "Point", "coordinates": [392305.2, 5668224.2]}}, {"type": "Feature", "properties": {"h": 20.1, "r": 2.9}, "geometry": {"type": "Point", "coordinates": [393386.8, 5668580.8]}}, {"type": "Feature", "properties": {"h": 19.5, "r": 2.0}, "geometry": {"type": "Point", "coordinates": [392890.8, 5669066.2]}}, {"type": "Feature", "properties": {"h": 22.2, "r": 2.5}, "geometry": {"type": "Point", "coordinates": [393605.8, 5669263.8]}}, {"type": "Feature", "properties": {"h": 18.6, "r": 3.2}, "geometry": {"type": "Point", "coordinates": [392468.8, 5669149.8]}}, {"type": "Feature", "properties": {"h": 18.8, "r": 3.0}, "geometry": {"type": "Point", "coordinates": [393254.2, 5669509.8]}}, {"type": "Feature", "properties": {"h": 19.3, "r": 2.0}, "geometry": {"type": "Point", "coordinates": [392637.2, 5668966.2]}}, {"type": "Feature", "properties": {"h": 19.5, "r": 5.8}, "geometry": {"type": "Point", "coordinates": [393469.2, 5668786.8]}}, {"type": "Feature", "properties": {"h": 20.5, "r": 1.6}, "geometry": {"type": "Point", "coordinates": [393375.2, 5668810.8]}}, {"type": "Feature", "properties": {"h": 19.0, "r": 2.1}, "geometry": {"type": "Point", "coordinates": [393501.8, 5668522.8]}}, {"type": "Feature", "properties": {"h": 19.1, "r": 1.8}, "geometry": {"type": "Point", "coordinates": [392969.2, 5668348.8]}}, {"type": "Feature", "properties": {"h": 19.6, "r": 1.4}, "geometry": {"type": "Point", "coordinates": [393058.2, 5668674.2]}}, {"type": "Feature", "properties": {"h": 20.0, "r": 1.1}, "geometry": {"type": "Point", "coordinates": [392808.2, 5668791.2]}}, {"type": "Feature", "properties": {"h": 18.4, "r": 1.8}, "geometry": {"type": "Point", "coordinates": [393126.8, 5668314.2]}}, {"type": "Feature", "properties": {"h": 19.5, "r": 3.0}, "geometry": {"type": "Point", "coordinates": [392670.8, 5669362.2]}}, {"type": "Feature", "properties": {"h": 20.2, "r": 1.5}, "geometry": {"type": "Point", "coordinates": [392332.8, 5668273.8]}}, {"type": "Feature", "properties": {"h": 20.3, "r": 1.6}, "geometry": {"type": "Point", "coordinates": [392947.2, 5668368.8]}}, {"type": "Feature", "properties": {"h": 19.2, "r": 1.8}, "geometry": {"type": "Point", "coordinates": [392672.8, 5669123.2]}}, {"type": "Feature", "properties": {"h": 18.7, "r": 2.2}, "geometry": {"type": "Point", "coordinates": [392589.2, 5669274.2]}}, {"type": "Feature", "properties": {"h": 19.9, "r": 2.1}, "geometry": {"type": "Point", "coordinates": [392844.8, 5669297.8]}}, {"type": "Feature", "properties": {"h": 18.9, "r": 2.1}, "geometry": {"type": "Point", "coordinates": [392431.8, 5669094.2]}}, {"type": "Feature", "properties": {"h": 18.9, "r": 1.6}, "geometry": {"type": "Point", "coordinates": [393274.8, 5668177.2]}}, {"type": "Feature", "properties": {"h": 20.0, "r": 2.1}, "geometry": {"type": "Point", "coordinates": [393729.2, 5669035.8]}}, {"type": "Feature", "properties": {"h": 20.2, "r": 1.1}, "geometry": {"type": "Point", "coordinates": [393286.8, 5668088.8]}}, {"type": "Feature", "properties": {"h": 19.4, "r": 1.8}, "geometry": {"type": "Point", "coordinates": [393832.2, 5668622.2]}}, {"type": "Feature", "properties": {"h": 20.4, "r": 2.1}, "geometry": {"type": "Point", "coordinates": [392348.8, 5669874.2]}}, {"type": "Feature", "properties": {"h": 18.5, "r": 3.0}, "geometry": {"type": "Point", "coordinates": [392191.8, 5668042.8]}}, {"type": "Feature", "properties": {"h": 20.0, "r": 1.8}, "geometry": {"type": "Point", "coordinates": [392932.2, 5668191.8]}}, {"type": "Feature", "properties": {"h": 20.1, "r": 2.0}, "geometry": {"type": "Point", "coordinates": [392831.2, 5668126.8]}}, {"type": "Feature", "properties": {"h": 19.0, "r": 1.6}, "geometry": {"type": "Point", "coordinates": [393663.8, 5669772.8]}}, {"type": "Feature", "properties": {"h": 19.3, "r": 2.1}, "geometry": {"type": "Point", "coordinates": [392939.2, 5669316.8]}}, {"type": "Feature", "properties": {"h": 18.8, "r": 4.5}, "geometry": {"type": "Point", "coordinates": [393324.8, 5668295.8]}}, {"type": "Feature", "properties": {"h": 18.8, "r": 3.6}, "geometry": {"type": "Point", "coordinates": [393445.8, 5668522.2]}}, {"type": "Feature", "properties": {"h": 18.0, "r": 4.3}, "geometry": {"type": "Point", "coordinates": [393309.2, 5668353.8]}}, {"type": "Feature", "properties": {"h": 19.7, "r": 2.5}, "geometry": {"type": "Point", "coordinates": [393348.2, 5668336.8]}}, {"type": "Feature", "properties": {"h": 18.7, "r": 2.8}, "geometry": {"type": "Point", "coordinates": [392734.2, 5669116.8]}}, {"type": "Feature", "properties": {"h": 19.3, "r": 2.2}, "geometry": {"type": "Point", "coordinates": [393282.8, 5668178.8]}}, {"type": "Feature", "properties": {"h": 23.7, "r": 1.1}, "geometry": {"type": "Point", "coordinates": [393023.2, 5669417.2]}}, {"type": "Feature", "properties": {"h": 18.5, "r": 1.8}, "geometry": {"type": "Point", "coordinates": [393021.8, 5669406.8]}}, {"type": "Feature", "properties": {"h": 18.9, "r": 2.8}, "geometry": {"type": "Point", "coordinates": [392716.2, 5669129.2]}}, {"type": "Feature", "properties": {"h": 18.7, "r": 1.8}, "geometry": {"type": "Point", "coordinates": [392748.2, 5669163.2]}}, {"type": "Feature", "properties": {"h": 19.1, "r": 2.9}, "geometry": {"type": "Point", "coordinates": [393845.8, 5669209.2]}}, {"type": "Feature", "properties": {"h": 19.2, "r": 1.5}, "geometry": {"type": "Point", "coordinates": [392059.8, 5668494.8]}}, {"type": "Feature", "properties": {"h": 18.6, "r": 1.8}, "geometry": {"type": "Point", "coordinates": [393070.2, 5669413.2]}}, {"type": "Feature", "properties": {"h": 19.5, "r": 3.0}, "geometry": {"type": "Point", "coordinates": [392569.2, 5669149.2]}}, {"type": "Feature", "properties": {"h": 19.6, "r": 2.0}, "geometry": {"type": "Point", "coordinates": [392444.2, 5669154.2]}}, {"type": "Feature", "properties": {"h": 20.4, "r": 1.5}, "geometry": {"type": "Point", "coordinates": [392304.8, 5668736.2]}}, {"type": "Feature", "properties": {"h": 15.4, "r": 1.6}, "geometry": {"type": "Point", "coordinates": [393865.8, 5668345.2]}}, {"type": "Feature", "properties": {"h": 20.1, "r": 1.5}, "geometry": {"type": "Point", "coordinates": [393858.2, 5669177.2]}}, {"type": "Feature", "properties": {"h": 19.6, "r": 3.2}, "geometry": {"type": "Point", "coordinates": [392600.8, 5668989.8]}}, {"type": "Feature", "properties": {"h": 19.2, "r": 4.9}, "geometry": {"type": "Point", "coordinates": [392964.8, 5668320.8]}}, {"type": "Feature", "properties": {"h": 20.3, "r": 2.0}, "geometry": {"type": "Point", "coordinates": [392601.2, 5669284.8]}}, {"type": "Feature", "properties": {"h": 19.9, "r": 2.9}, "geometry": {"type": "Point", "coordinates": [393350.8, 5668108.2]}}, {"type": "Feature", "properties": {"h": 19.4, "r": 2.2}, "geometry": {"type": "Point", "coordinates": [393409.8, 5668299.8]}}, {"type": "Feature", "properties": {"h": 18.2, "r": 2.0}, "geometry": {"type": "Point", "coordinates": [392946.2, 5668071.8]}}, {"type": "Feature", "properties": {"h": 19.1, "r": 2.0}, "geometry": {"type": "Point", "coordinates": [393262.8, 5668197.8]}}, {"type": "Feature", "properties": {"h": 19.1, "r": 1.8}, "geometry": {"type": "Point", "coordinates": [392856.8, 5669146.2]}}, {"type": "Feature", "properties": {"h": 19.7, "r": 1.5}, "geometry": {"type": "Point", "coordinates": [393999.8, 5668632.8]}}, {"type": "Feature", "properties": {"h": 19.2, "r": 1.8}, "geometry": {"type": "Point", "coordinates": [393156.2, 5668681.8]}}, {"type": "Feature", "properties": {"h": 18.8, "r": 3.5}, "geometry": {"type": "Point", "coordinates": [393958.8, 5668930.2]}}, {"type": "Feature", "properties": {"h": 18.3, "r": 2.8}, "geometry": {"type": "Point", "coordinates": [392722.2, 5668020.2]}}, {"type": "Feature", "properties": {"h": 18.9, "r": 1.8}, "geometry": {"type": "Point", "coordinates": [392498.8, 5669067.2]}}, {"type": "Feature", "properties": {"h": 18.9, "r": 2.5}, "geometry": {"type": "Point", "coordinates": [393010.8, 5668355.2]}}, {"type": "Feature", "properties": {"h": 19.4, "r": 3.5}, "geometry": {"type": "Point", "coordinates": [392299.2, 5668002.2]}}, {"type": "Feature", "properties": {"h": 19.2, "r": 2.5}, "geometry": {"type": "Point", "coordinates": [392824.2, 5669296.8]}}, {"type": "Feature", "properties": {"h": 19.1, "r": 1.5}, "geometry": {"type": "Point", "coordinates": [392155.8, 5669202.2]}}, {"type": "Feature", "properties": {"h": 19.1, "r": 1.4}, "geometry": {"type": "Point", "coordinates": [392674.2, 5669127.2]}}, {"type": "Feature", "properties": {"h": 19.2, "r": 2.0}, "geometry": {"type": "Point", "coordinates": [393034.2, 5669350.2]}}, {"type": "Feature", "properties": {"h": 20.2, "r": 1.4}, "geometry": {"type": "Point", "coordinates": [392576.8, 5668841.2]}}, {"type": "Feature", "properties": {"h": 18.6, "r": 1.5}, "geometry": {"type": "Point", "coordinates": [392644.2, 5668958.8]}}, {"type": "Feature", "properties": {"h": 19.7, "r": 1.1}, "geometry": {"type": "Point", "coordinates": [392258.8, 5669421.8]}}, {"type": "Feature", "properties": {"h": 18.5, "r": 1.8}, "geometry": {"type": "Point", "coordinates": [393138.8, 5668214.8]}}, {"type": "Feature", "properties": {"h": 19.8, "r": 2.9}, "geometry": {"type": "Point", "coordinates": [392200.2, 5669297.2]}}, {"type": "Feature", "properties": {"h": 17.7, "r": 1.8}, "geometry": {"type": "Point", "coordinates": [392408.2, 5668959.8]}}, {"type": "Feature", "properties": {"h": 18.4, "r": 2.2}, "geometry": {"type": "Point", "coordinates": [392292.8, 5669281.8]}}, {"type": "Feature", "properties": {"h": 17.6, "r": 1.8}, "geometry": {"type": "Point", "coordinates": [393621.2, 5669495.8]}}, {"type": "Feature", "properties": {"h": 19.0, "r": 2.9}, "geometry": {"type": "Point", "coordinates": [392196.8, 5668041.8]}}, {"type": "Feature", "properties": {"h": 19.6, "r": 1.8}, "geometry": {"type": "Point", "coordinates": [392865.2, 5668803.2]}}, {"type": "Feature", "properties": {"h": 18.7, "r": 1.5}, "geometry": {"type": "Point", "coordinates": [392936.2, 5669728.8]}}, {"type": "Feature", "properties": {"h": 19.0, "r": 2.1}, "geometry": {"type": "Point", "coordinates": [392751.8, 5668044.2]}}, {"type": "Feature", "properties": {"h": 18.4, "r": 2.5}, "geometry": {"type": "Point", "coordinates": [393421.2, 5668487.8]}}, {"type": "Feature", "properties": {"h": 19.3, "r": 2.1}, "geometry": {"type": "Point", "coordinates": [392319.8, 5668164.2]}}, {"type": "Feature", "properties": {"h": 19.0, "r": 1.8}, "geometry": {"type": "Point", "coordinates": [393014.8, 5668358.8]}}, {"type": "Feature", "properties": {"h": 18.8, "r": 2.2}, "geometry": {"type": "Point", "coordinates": [392162.8, 5669865.8]}}, {"type": "Feature", "properties": {"h": 18.4, "r": 1.8}, "geometry": {"type": "Point", "coordinates": [392034.2, 5668171.8]}}, {"type": "Feature", "properties": {"h": 18.5, "r": 2.1}, "geometry": {"type": "Point", "coordinates": [392628.8, 5669596.8]}}, {"type": "Feature", "properties": {"h": 18.6, "r": 3.5}, "geometry": {"type": "Point", "coordinates": [392965.2, 5668325.2]}}, {"type": "Feature", "properties": {"h": 18.8, "r": 3.2}, "geometry": {"type": "Point", "coordinates": [392496.2, 5669027.2]}}, {"type": "Feature", "properties": {"h": 18.7, "r": 2.1}, "geometry": {"type": "Point", "coordinates": [392905.2, 5668171.8]}}, {"type": "Feature", "properties": {"h": 19.1, "r": 2.0}, "geometry": {"type": "Point", "coordinates": [392532.2, 5669392.8]}}, {"type": "Feature", "properties": {"h": 20.0, "r": 3.5}, "geometry": {"type": "Point", "coordinates": [393784.2, 5668977.2]}}, {"type": "Feature", "properties": {"h": 18.9, "r": 2.5}, "geometry": {"type": "Point", "coordinates": [392194.8, 5668047.2]}}, {"type": "Feature", "properties": {"h": 19.0, "r": 2.0}, "geometry": {"type": "Point", "coordinates": [392803.2, 5668130.8]}}, {"type": "Feature", "properties": {"h": 18.6, "r": 2.1}, "geometry": {"type": "Point", "coordinates": [392177.8, 5669217.2]}}, {"type": "Feature", "properties": {"h": 18.4, "r": 2.5}, "geometry": {"type": "Point", "coordinates": [392425.8, 5668946.2]}}, {"type": "Feature", "properties": {"h": 18.5, "r": 3.2}, "geometry": {"type": "Point", "coordinates": [393344.8, 5668273.2]}}, {"type": "Feature", "properties": {"h": 18.7, "r": 4.0}, "geometry": {"type": "Point", "coordinates": [393804.8, 5668616.8]}}, {"type": "Feature", "properties": {"h": 18.7, "r": 2.0}, "geometry": {"type": "Point", "coordinates": [392821.2, 5668614.2]}}, {"type": "Feature", "properties": {"h": 18.1, "r": 4.7}, "geometry": {"type": "Point", "coordinates": [393447.8, 5668803.2]}}, {"type": "Feature", "properties": {"h": 19.6, "r": 3.9}, "geometry": {"type": "Point", "coordinates": [393402.8, 5668246.2]}}, {"type": "Feature", "properties": {"h": 18.5, "r": 2.5}, "geometry": {"type": "Point", "coordinates": [392915.8, 5669997.2]}}, {"type": "Feature", "properties": {"h": 18.6, "r": 2.0}, "geometry": {"type": "Point", "coordinates": [393377.8, 5668594.8]}}, {"type": "Feature", "properties": {"h": 19.8, "r": 2.1}, "geometry": {"type": "Point", "coordinates": [392360.8, 5669817.8]}}, {"type": "Feature", "properties": {"h": 18.6, "r": 3.5}, "geometry": {"type": "Point", "coordinates": [392308.2, 5669822.2]}}, {"type": "Feature", "properties": {"h": 18.8, "r": 2.0}, "geometry": {"type": "Point", "coordinates": [392365.8, 5669273.2]}}, {"type": "Feature", "properties": {"h": 18.3, "r": 2.5}, "geometry": {"type": "Point", "coordinates": [393710.2, 5669497.2]}}, {"type": "Feature", "properties": {"h": 19.9, "r": 1.6}, "geometry": {"type": "Point", "coordinates": [392865.8, 5669063.8]}}, {"type": "Feature", "properties": {"h": 18.6, "r": 4.5}, "geometry": {"type": "Point", "coordinates": [393004.8, 5668356.8]}}, {"type": "Feature", "properties": {"h": 18.4, "r": 2.5}, "geometry": {"type": "Point", "coordinates": [393352.2, 5668343.2]}}, {"type": "Feature", "properties": {"h": 19.0, "r": 2.2}, "geometry": {"type": "Point", "coordinates": [392457.2, 5668385.2]}}, {"type": "Feature", "properties": {"h": 19.8, "r": 2.1}, "geometry": {"type": "Point", "coordinates": [393504.8, 5668433.8]}}, {"type": "Feature", "properties": {"h": 19.7, "r": 1.6}, "geometry": {"type": "Point", "coordinates": [392674.8, 5668883.2]}}, {"type": "Feature", "properties": {"h": 18.3, "r": 2.5}, "geometry": {"type": "Point", "coordinates": [392563.8, 5669161.2]}}, {"type": "Feature", "properties": {"h": 17.9, "r": 2.1}, "geometry": {"type": "Point", "coordinates": [392294.8, 5668149.8]}}, {"type": "Feature", "properties": {"h": 20.5, "r": 3.5}, "geometry": {"type": "Point", "coordinates": [392310.2, 5668843.8]}}, {"type": "Feature", "properties": {"h": 18.6, "r": 1.8}, "geometry": {"type": "Point", "coordinates": [392616.2, 5668844.8]}}, {"type": "Feature", "properties": {"h": 18.8, "r": 2.2}, "geometry": {"type": "Point", "coordinates": [392061.2, 5668482.8]}}, {"type": "Feature", "properties": {"h": 19.1, "r": 5.1}, "geometry": {"type": "Point", "coordinates": [392959.8, 5668316.2]}}, {"type": "Feature", "properties": {"h": 19.0, "r": 3.6}, "geometry": {"type": "Point", "coordinates": [393014.8, 5669684.8]}}, {"type": "Feature", "properties": {"h": 18.9, "r": 1.8}, "geometry": {"type": "Point", "coordinates": [392659.8, 5668304.8]}}, {"type": "Feature", "properties": {"h": 20.0, "r": 1.5}, "geometry": {"type": "Point", "coordinates": [392645.8, 5668967.8]}}, {"type": "Feature", "properties": {"h": 18.9, "r": 1.6}, "geometry": {"type": "Point", "coordinates": [393271.8, 5668195.8]}}, {"type": "Feature", "properties": {"h": 18.4, "r": 2.5}, "geometry": {"type": "Point", "coordinates": [392622.2, 5668459.8]}}, {"type": "Feature", "properties": {"h": 18.9, "r": 2.5}, "geometry": {"type": "Point", "coordinates": [392812.8, 5669820.8]}}, {"type": "Feature", "properties": {"h": 18.6, "r": 2.2}, "geometry": {"type": "Point", "coordinates": [392529.2, 5669261.2]}}, {"type": "Feature", "properties": {"h": 18.1, "r": 2.0}, "geometry": {"type": "Point", "coordinates": [393330.2, 5668513.8]}}, {"type": "Feature", "properties": {"h": 17.7, "r": 3.6}, "geometry": {"type": "Point", "coordinates": [393413.8, 5668789.2]}}, {"type": "Feature", "properties": {"h": 18.2, "r": 3.2}, "geometry": {"type": "Point", "coordinates": [392554.8, 5669028.2]}}, {"type": "Feature", "properties": {"h": 17.6, "r": 2.0}, "geometry": {"type": "Point", "coordinates": [392589.2, 5669255.8]}}, {"type": "Feature", "properties": {"h": 19.8, "r": 1.8}, "geometry": {"type": "Point", "coordinates": [393447.2, 5668294.8]}}, {"type": "Feature", "properties": {"h": 18.7, "r": 2.7}, "geometry": {"type": "Point", "coordinates": [392950.2, 5668075.8]}}, {"type": "Feature", "properties": {"h": 18.4, "r": 1.8}, "geometry": {"type": "Point", "coordinates": [392843.2, 5669881.8]}}, {"type": "Feature", "properties": {"h": 25.7, "r": 1.1}, "geometry": {"type": "Point", "coordinates": [393040.8, 5669432.8]}}, {"type": "Feature", "properties": {"h": 18.5, "r": 2.1}, "geometry": {"type": "Point", "coordinates": [393007.8, 5668361.8]}}, {"type": "Feature", "properties": {"h": 18.5, "r": 2.0}, "geometry": {"type": "Point", "coordinates": [392312.8, 5669803.8]}}, {"type": "Feature", "properties": {"h": 19.7, "r": 1.1}, "geometry": {"type": "Point", "coordinates": [392262.8, 5669257.8]}}, {"type": "Feature", "properties": {"h": 18.9, "r": 4.0}, "geometry": {"type": "Point", "coordinates": [392619.8, 5668456.2]}}, {"type": "Feature", "properties": {"h": 18.7, "r": 2.2}, "geometry": {"type": "Point", "coordinates": [393874.8, 5669254.2]}}, {"type": "Feature", "properties": {"h": 19.4, "r": 2.5}, "geometry": {"type": "Point", "coordinates": [392901.2, 5669310.2]}}, {"type": "Feature", "properties": {"h": 21.4, "r": 1.4}, "geometry": {"type": "Point", "coordinates": [392972.8, 5669109.8]}}, {"type": "Feature", "properties": {"h": 20.2, "r": 1.1}, "geometry": {"type": "Point", "coordinates": [392443.2, 5669044.2]}}, {"type": "Feature", "properties": {"h": 19.0, "r": 1.4}, "geometry": {"type": "Point", "coordinates": [392545.8, 5668447.2]}}, {"type": "Feature", "properties": {"h": 20.8, "r": 2.1}, "geometry": {"type": "Point", "coordinates": [392436.8, 5669112.2]}}, {"type": "Feature", "properties": {"h": 20.8, "r": 1.1}, "geometry": {"type": "Point", "coordinates": [392858.8, 5668814.8]}}, {"type": "Feature", "properties": {"h": 18.6, "r": 3.2}, "geometry": {"type": "Point", "coordinates": [392045.8, 5668463.2]}}, {"type": "Feature", "properties": {"h": 20.5, "r": 1.1}, "geometry": {"type": "Point", "coordinates": [392574.8, 5669268.8]}}, {"type": "Feature", "properties": {"h": 19.2, "r": 2.2}, "geometry": {"type": "Point", "coordinates": [393736.2, 5669459.2]}}, {"type": "Feature", "properties": {"h": 18.4, "r": 1.6}, "geometry": {"type": "Point", "coordinates": [393137.8, 5668235.2]}}, {"type": "Feature", "properties": {"h": 18.5, "r": 2.5}, "geometry": {"type": "Point", "coordinates": [393447.2, 5668291.2]}}, {"type": "Feature", "properties": {"h": 18.1, "r": 3.6}, "geometry": {"type": "Point", "coordinates": [393600.8, 5669254.8]}}, {"type": "Feature", "properties": {"h": 20.3, "r": 1.6}, "geometry": {"type": "Point", "coordinates": [392847.2, 5669082.8]}}, {"type": "Feature", "properties": {"h": 19.2, "r": 1.8}, "geometry": {"type": "Point", "coordinates": [392472.8, 5669823.8]}}, {"type": "Feature", "properties": {"h": 18.4, "r": 1.8}, "geometry": {"type": "Point", "coordinates": [393054.8, 5668443.2]}}, {"type": "Feature", "properties": {"h": 18.2, "r": 2.5}, "geometry": {"type": "Point", "coordinates": [393727.2, 5669487.8]}}, {"type": "Feature", "properties": {"h": 19.0, "r": 1.6}, "geometry": {"type": "Point", "coordinates": [392955.2, 5669332.8]}}, {"type": "Feature", "properties": {"h": 18.0, "r": 3.2}, "geometry": {"type": "Point", "coordinates": [393461.8, 5669634.2]}}, {"type": "Feature", "properties": {"h": 18.1, "r": 2.0}, "geometry": {"type": "Point", "coordinates": [393460.2, 5669500.8]}}, {"type": "Feature", "properties": {"h": 19.1, "r": 2.8}, "geometry": {"type": "Point", "coordinates": [392502.2, 5669015.8]}}, {"type": "Feature", "properties": {"h": 19.4, "r": 3.0}, "geometry": {"type": "Point", "coordinates": [392895.2, 5669278.2]}}, {"type": "Feature", "properties": {"h": 19.0, "r": 3.0}, "geometry": {"type": "Point", "coordinates": [393371.2, 5668768.8]}}, {"type": "Feature", "properties": {"h": 18.2, "r": 5.1}, "geometry": {"type": "Point", "coordinates": [393384.2, 5668162.2]}}, {"type": "Feature", "properties": {"h": 19.7, "r": 2.9}, "geometry": {"type": "Point", "coordinates": [392747.2, 5668803.2]}}, {"type": "Feature", "properties": {"h": 18.9, "r": 2.5}, "geometry": {"type": "Point", "coordinates": [392171.2, 5669872.2]}}, {"type": "Feature", "properties": {"h": 19.0, "r": 1.1}, "geometry": {"type": "Point", "coordinates": [393219.2, 5668348.8]}}, {"type": "Feature", "properties": {"h": 19.0, "r": 3.0}, "geometry": {"type": "Point", "coordinates": [392396.8, 5669081.2]}}, {"type": "Feature", "properties": {"h": 18.6, "r": 3.8}, "geometry": {"type": "Point", "coordinates": [392737.8, 5669547.2]}}, {"type": "Feature", "properties": {"h": 18.3, "r": 2.0}, "geometry": {"type": "Point", "coordinates": [393591.8, 5669482.8]}}, {"type": "Feature", "properties": {"h": 24.6, "r": 1.1}, "geometry": {"type": "Point", "coordinates": [393054.2, 5669444.8]}}, {"type": "Feature", "properties": {"h": 18.1, "r": 2.1}, "geometry": {"type": "Point", "coordinates": [393331.8, 5668527.8]}}, {"type": "Feature", "properties": {"h": 18.3, "r": 2.1}, "geometry": {"type": "Point", "coordinates": [392508.8, 5669751.2]}}, {"type": "Feature", "properties": {"h": 18.7, "r": 1.8}, "geometry": {"type": "Point", "coordinates": [392845.2, 5668144.2]}}, {"type": "Feature", "properties": {"h": 18.3, "r": 2.1}, "geometry": {"type": "Point", "coordinates": [393382.2, 5668593.8]}}, {"type": "Feature", "properties": {"h": 18.3, "r": 1.4}, "geometry": {"type": "Point", "coordinates": [392078.8, 5668219.2]}}, {"type": "Feature", "properties": {"h": 19.5, "r": 4.0}, "geometry": {"type": "Point", "coordinates": [392657.2, 5668832.2]}}, {"type": "Feature", "properties": {"h": 19.4, "r": 1.8}, "geometry": {"type": "Point", "coordinates": [393205.8, 5669424.8]}}, {"type": "Feature", "properties": {"h": 19.2, "r": 2.1}, "geometry": {"type": "Point", "coordinates": [393021.2, 5669346.2]}}, {"type": "Feature", "properties": {"h": 23.1, "r": 1.1}, "geometry": {"type": "Point", "coordinates": [393196.8, 5669535.2]}}, {"type": "Feature", "properties": {"h": 18.5, "r": 2.8}, "geometry": {"type": "Point", "coordinates": [392796.8, 5668123.8]}}, {"type": "Feature", "properties": {"h": 17.6, "r": 1.8}, "geometry": {"type": "Point", "coordinates": [392990.8, 5668358.2]}}, {"type": "Feature", "properties": {"h": 18.2, "r": 2.1}, "geometry": {"type": "Point", "coordinates": [392211.2, 5669859.8]}}, {"type": "Feature", "properties": {"h": 17.5, "r": 1.8}, "geometry": {"type": "Point", "coordinates": [392096.2, 5668005.8]}}, {"type": "Feature", "properties": {"h": 18.2, "r": 2.8}, "geometry": {"type": "Point", "coordinates": [392405.2, 5669841.8]}}, {"type": "Feature", "properties": {"h": 18.4, "r": 2.0}, "geometry": {"type": "Point", "coordinates": [392183.2, 5668552.8]}}, {"type": "Feature", "properties": {"h": 18.0, "r": 2.5}, "geometry": {"type": "Point", "coordinates": [393063.8, 5669132.2]}}, {"type": "Feature", "properties": {"h": 17.5, "r": 4.0}, "geometry": {"type": "Point", "coordinates": [392052.8, 5668447.8]}}, {"type": "Feature", "properties": {"h": 17.9, "r": 1.8}, "geometry": {"type": "Point", "coordinates": [393017.2, 5668366.8]}}, {"type": "Feature", "properties": {"h": 18.9, "r": 4.6}, "geometry": {"type": "Point", "coordinates": [392679.8, 5668805.8]}}, {"type": "Feature", "properties": {"h": 18.3, "r": 2.1}, "geometry": {"type": "Point", "coordinates": [393248.8, 5669582.8]}}, {"type": "Feature", "properties": {"h": 18.3, "r": 3.0}, "geometry": {"type": "Point", "coordinates": [392380.2, 5668978.2]}}, {"type": "Feature", "properties": {"h": 18.2, "r": 3.4}, "geometry": {"type": "Point", "coordinates": [393368.8, 5668159.8]}}, {"type": "Feature", "properties": {"h": 18.0, "r": 4.0}, "geometry": {"type": "Point", "coordinates": [392029.2, 5668609.8]}}, {"type": "Feature", "properties": {"h": 17.8, "r": 2.2}, "geometry": {"type": "Point", "coordinates": [393354.2, 5668617.2]}}, {"type": "Feature", "properties": {"h": 17.9, "r": 3.2}, "geometry": {"type": "Point", "coordinates": [393441.2, 5668485.2]}}, {"type": "Feature", "properties": {"h": 17.7, "r": 1.8}, "geometry": {"type": "Point", "coordinates": [393730.2, 5669461.2]}}, {"type": "Feature", "properties": {"h": 18.6, "r": 1.4}, "geometry": {"type": "Point", "coordinates": [393099.8, 5668734.2]}}, {"type": "Feature", "properties": {"h": 18.7, "r": 2.9}, "geometry": {"type": "Point", "coordinates": [393986.8, 5669531.8]}}, {"type": "Feature", "properties": {"h": 18.0, "r": 5.6}, "geometry": {"type": "Point", "coordinates": [393739.8, 5669722.2]}}, {"type": "Feature", "properties": {"h": 20.0, "r": 1.6}, "geometry": {"type": "Point", "coordinates": [393639.8, 5669159.8]}}, {"type": "Feature", "properties": {"h": 17.4, "r": 2.8}, "geometry": {"type": "Point", "coordinates": [392932.2, 5669447.8]}}, {"type": "Feature", "properties": {"h": 17.7, "r": 4.2}, "geometry": {"type": "Point", "coordinates": [393745.2, 5669731.8]}}, {"type": "Feature", "properties": {"h": 18.3, "r": 2.2}, "geometry": {"type": "Point", "coordinates": [393466.2, 5668539.8]}}, {"type": "Feature", "properties": {"h": 19.5, "r": 2.9}, "geometry": {"type": "Point", "coordinates": [392224.2, 5669377.2]}}, {"type": "Feature", "properties": {"h": 19.5, "r": 1.0}, "geometry": {"type": "Point", "coordinates": [392250.2, 5669300.8]}}, {"type": "Feature", "properties": {"h": 17.8, "r": 4.0}, "geometry": {"type": "Point", "coordinates": [392321.8, 5669070.8]}}, {"type": "Feature", "properties": {"h": 17.6, "r": 1.5}, "geometry": {"type": "Point", "coordinates": [393026.8, 5669358.8]}}, {"type": "Feature", "properties": {"h": 18.8, "r": 4.3}, "geometry": {"type": "Point", "coordinates": [392286.8, 5669293.8]}}, {"type": "Feature", "properties": {"h": 17.8, "r": 2.5}, "geometry": {"type": "Point", "coordinates": [392458.2, 5669167.8]}}, {"type": "Feature", "properties": {"h": 19.8, "r": 1.8}, "geometry": {"type": "Point", "coordinates": [392995.2, 5668222.8]}}, {"type": "Feature", "properties": {"h": 19.7, "r": 1.8}, "geometry": {"type": "Point", "coordinates": [392567.8, 5669259.8]}}, {"type": "Feature", "properties": {"h": 17.8, "r": 4.0}, "geometry": {"type": "Point", "coordinates": [393195.2, 5668168.2]}}, {"type": "Feature", "properties": {"h": 19.9, "r": 1.4}, "geometry": {"type": "Point", "coordinates": [392664.2, 5668973.2]}}, {"type": "Feature", "properties": {"h": 17.7, "r": 2.2}, "geometry": {"type": "Point", "coordinates": [393976.2, 5669470.2]}}, {"type": "Feature", "properties": {"h": 15.9, "r": 2.0}, "geometry": {"type": "Point", "coordinates": [392857.2, 5668000.2]}}, {"type": "Feature", "properties": {"h": 19.1, "r": 1.1}, "geometry": {"type": "Point", "coordinates": [393434.8, 5669636.2]}}, {"type": "Feature", "properties": {"h": 17.9, "r": 2.5}, "geometry": {"type": "Point", "coordinates": [392949.8, 5669075.8]}}, {"type": "Feature", "properties": {"h": 19.3, "r": 1.4}, "geometry": {"type": "Point", "coordinates": [392892.8, 5669101.8]}}, {"type": "Feature", "properties": {"h": 19.0, "r": 2.2}, "geometry": {"type": "Point", "coordinates": [392622.8, 5669287.2]}}, {"type": "Feature", "properties": {"h": 17.6, "r": 2.7}, "geometry": {"type": "Point", "coordinates": [393255.8, 5668469.2]}}, {"type": "Feature", "properties": {"h": 17.8, "r": 2.1}, "geometry": {"type": "Point", "coordinates": [392320.2, 5669257.2]}}, {"type": "Feature", "properties": {"h": 18.2, "r": 2.8}, "geometry": {"type": "Point", "coordinates": [393011.8, 5669359.2]}}, {"type": "Feature", "properties": {"h": 18.7, "r": 1.4}, "geometry": {"type": "Point", "coordinates": [392591.8, 5668807.8]}}, {"type": "Feature", "properties": {"h": 18.8, "r": 1.5}, "geometry": {"type": "Point", "coordinates": [392489.8, 5669012.2]}}, {"type": "Feature", "properties": {"h": 19.9, "r": 1.0}, "geometry": {"type": "Point", "coordinates": [392955.2, 5668366.2]}}, {"type": "Feature", "properties": {"h": 18.4, "r": 2.0}, "geometry": {"type": "Point", "coordinates": [393333.2, 5668542.8]}}, {"type": "Feature", "properties": {"h": 17.7, "r": 3.0}, "geometry": {"type": "Point", "coordinates": [393430.8, 5668289.8]}}, {"type": "Feature", "properties": {"h": 18.5, "r": 1.8}, "geometry": {"type": "Point", "coordinates": [393585.2, 5668113.8]}}, {"type": "Feature", "properties": {"h": 18.2, "r": 2.1}, "geometry": {"type": "Point", "coordinates": [393986.2, 5669510.8]}}, {"type": "Feature", "properties": {"h": 18.4, "r": 1.8}, "geometry": {"type": "Point", "coordinates": [392604.2, 5668817.2]}}, {"type": "Feature", "properties": {"h": 19.2, "r": 1.4}, "geometry": {"type": "Point", "coordinates": [392491.2, 5669008.2]}}, {"type": "Feature", "properties": {"h": 18.3, "r": 2.7}, "geometry": {"type": "Point", "coordinates": [392365.2, 5669224.2]}}, {"type": "Feature", "properties": {"h": 18.4, "r": 1.6}, "geometry": {"type": "Point", "coordinates": [392942.2, 5669726.2]}}, {"type": "Feature", "properties": {"h": 17.1, "r": 2.8}, "geometry": {"type": "Point", "coordinates": [392382.8, 5668936.8]}}, {"type": "Feature", "properties": {"h": 18.3, "r": 3.6}, "geometry": {"type": "Point", "coordinates": [392581.2, 5668301.2]}}, {"type": "Feature", "properties": {"h": 17.2, "r": 2.2}, "geometry": {"type": "Point", "coordinates": [393921.2, 5668698.2]}}, {"type": "Feature", "properties": {"h": 18.5, "r": 2.8}, "geometry": {"type": "Point", "coordinates": [392668.8, 5668791.8]}}, {"type": "Feature", "properties": {"h": 21.7, "r": 1.4}, "geometry": {"type": "Point", "coordinates": [393052.8, 5668159.8]}}, {"type": "Feature", "properties": {"h": 18.5, "r": 1.6}, "geometry": {"type": "Point", "coordinates": [392251.2, 5669814.2]}}, {"type": "Feature", "properties": {"h": 20.1, "r": 1.1}, "geometry": {"type": "Point", "coordinates": [392572.2, 5669263.2]}}, {"type": "Feature", "properties": {"h": 25.4, "r": 1.0}, "geometry": {"type": "Point", "coordinates": [392910.2, 5669064.8]}}, {"type": "Feature", "properties": {"h": 17.6, "r": 5.0}, "geometry": {"type": "Point", "coordinates": [393272.8, 5669412.8]}}, {"type": "Feature", "properties": {"h": 18.5, "r": 1.6}, "geometry": {"type": "Point", "coordinates": [393740.8, 5669458.8]}}, {"type": "Feature", "properties": {"h": 17.2, "r": 1.8}, "geometry": {"type": "Point", "coordinates": [393170.2, 5668237.2]}}, {"type": "Feature", "properties": {"h": 18.3, "r": 2.1}, "geometry": {"type": "Point", "coordinates": [393761.8, 5668965.8]}}, {"type": "Feature", "properties": {"h": 17.3, "r": 2.5}, "geometry": {"type": "Point", "coordinates": [393404.8, 5668665.2]}}, {"type": "Feature", "properties": {"h": 19.6, "r": 2.7}, "geometry": {"type": "Point", "coordinates": [392166.8, 5668076.2]}}, {"type": "Feature", "properties": {"h": 19.6, "r": 1.4}, "geometry": {"type": "Point", "coordinates": [393771.2, 5668853.2]}}, {"type": "Feature", "properties": {"h": 17.3, "r": 2.5}, "geometry": {"type": "Point", "coordinates": [393545.2, 5669520.2]}}, {"type": "Feature", "properties": {"h": 17.3, "r": 2.1}, "geometry": {"type": "Point", "coordinates": [393264.2, 5668203.8]}}, {"type": "Feature", "properties": {"h": 17.6, "r": 2.2}, "geometry": {"type": "Point", "coordinates": [392982.2, 5669212.8]}}, {"type": "Feature", "properties": {"h": 18.3, "r": 2.2}, "geometry": {"type": "Point", "coordinates": [393629.2, 5669483.2]}}, {"type": "Feature", "properties": {"h": 18.3, "r": 3.4}, "geometry": {"type": "Point", "coordinates": [392821.2, 5669303.2]}}, {"type": "Feature", "properties": {"h": 19.0, "r": 2.7}, "geometry": {"type": "Point", "coordinates": [392971.8, 5668324.2]}}, {"type": "Feature", "properties": {"h": 17.9, "r": 4.5}, "geometry": {"type": "Point", "coordinates": [393725.8, 5669732.2]}}, {"type": "Feature", "properties": {"h": 16.9, "r": 1.4}, "geometry": {"type": "Point", "coordinates": [392553.2, 5668851.8]}}, {"type": "Feature", "properties": {"h": 17.9, "r": 1.8}, "geometry": {"type": "Point", "coordinates": [392135.2, 5668008.2]}}, {"type": "Feature", "properties": {"h": 18.5, "r": 1.6}, "geometry": {"type": "Point", "coordinates": [392438.8, 5668401.8]}}, {"type": "Feature", "properties": {"h": 18.7, "r": 1.6}, "geometry": {"type": "Point", "coordinates": [392400.8, 5668942.2]}}, {"type": "Feature", "properties": {"h": 18.2, "r": 1.8}, "geometry": {"type": "Point", "coordinates": [392150.2, 5669193.2]}}, {"type": "Feature", "properties": {"h": 17.9, "r": 3.2}, "geometry": {"type": "Point", "coordinates": [392478.8, 5669112.8]}}, {"type": "Feature", "properties": {"h": 18.3, "r": 2.1}, "geometry": {"type": "Point", "coordinates": [393840.2, 5669370.2]}}, {"type": "Feature", "properties": {"h": 17.9, "r": 2.0}, "geometry": {"type": "Point", "coordinates": [393223.8, 5668172.2]}}, {"type": "Feature", "properties": {"h": 18.5, "r": 4.0}, "geometry": {"type": "Point", "coordinates": [392224.8, 5668003.8]}}, {"type": "Feature", "properties": {"h": 17.7, "r": 2.9}, "geometry": {"type": "Point", "coordinates": [393315.2, 5668329.2]}}, {"type": "Feature", "properties": {"h": 17.2, "r": 2.9}, "geometry": {"type": "Point", "coordinates": [392564.2, 5669021.2]}}, {"type": "Feature", "properties": {"h": 19.1, "r": 2.8}, "geometry": {"type": "Point", "coordinates": [392801.8, 5669798.2]}}, {"type": "Feature", "properties": {"h": 18.1, "r": 2.7}, "geometry": {"type": "Point", "coordinates": [392085.2, 5668500.8]}}, {"type": "Feature", "properties": {"h": 17.9, "r": 1.6}, "geometry": {"type": "Point", "coordinates": [392704.8, 5669856.2]}}, {"type": "Feature", "properties": {"h": 15.0, "r": 2.1}, "geometry": {"type": "Point", "coordinates": [392707.8, 5669877.8]}}, {"type": "Feature", "properties": {"h": 17.9, "r": 2.1}, "geometry": {"type": "Point", "coordinates": [393622.2, 5669483.8]}}, {"type": "Feature", "properties": {"h": 17.9, "r": 2.2}, "geometry": {"type": "Point", "coordinates": [392841.2, 5668167.8]}}, {"type": "Feature", "properties": {"h": 17.2, "r": 1.4}, "geometry": {"type": "Point", "coordinates": [392659.2, 5668294.8]}}, {"type": "Feature", "properties": {"h": 18.0, "r": 2.1}, "geometry": {"type": "Point", "coordinates": [392808.8, 5668131.8]}}, {"type": "Feature", "properties": {"h": 17.7, "r": 1.6}, "geometry": {"type": "Point", "coordinates": [393295.8, 5668229.2]}}, {"type": "Feature", "properties": {"h": 17.6, "r": 2.5}, "geometry": {"type": "Point", "coordinates": [392321.8, 5668808.2]}}, {"type": "Feature", "properties": {"h": 19.3, "r": 1.1}, "geometry": {"type": "Point", "coordinates": [392926.8, 5668194.2]}}, {"type": "Feature", "properties": {"h": 17.2, "r": 2.5}, "geometry": {"type": "Point", "coordinates": [393755.2, 5669491.2]}}, {"type": "Feature", "properties": {"h": 16.2, "r": 3.4}, "geometry": {"type": "Point", "coordinates": [393560.2, 5668297.2]}}, {"type": "Feature", "properties": {"h": 18.2, "r": 2.2}, "geometry": {"type": "Point", "coordinates": [393999.8, 5668673.2]}}, {"type": "Feature", "properties": {"h": 17.9, "r": 3.5}, "geometry": {"type": "Point", "coordinates": [393467.2, 5668519.8]}}, {"type": "Feature", "properties": {"h": 17.1, "r": 2.2}, "geometry": {"type": "Point", "coordinates": [393612.2, 5669246.2]}}, {"type": "Feature", "properties": {"h": 17.4, "r": 4.1}, "geometry": {"type": "Point", "coordinates": [393127.8, 5668656.2]}}, {"type": "Feature", "properties": {"h": 17.6, "r": 1.6}, "geometry": {"type": "Point", "coordinates": [392659.8, 5669082.2]}}, {"type": "Feature", "properties": {"h": 16.7, "r": 2.9}, "geometry": {"type": "Point", "coordinates": [393980.8, 5669467.8]}}, {"type": "Feature", "properties": {"h": 17.6, "r": 2.7}, "geometry": {"type": "Point", "coordinates": [393970.2, 5668108.8]}}, {"type": "Feature", "properties": {"h": 17.7, "r": 2.0}, "geometry": {"type": "Point", "coordinates": [393301.8, 5668204.2]}}, {"type": "Feature", "properties": {"h": 18.0, "r": 1.8}, "geometry": {"type": "Point", "coordinates": [393228.2, 5668170.2]}}, {"type": "Feature", "properties": {"h": 17.4, "r": 1.6}, "geometry": {"type": "Point", "coordinates": [393033.2, 5669361.8]}}, {"type": "Feature", "properties": {"h": 17.8, "r": 2.0}, "geometry": {"type": "Point", "coordinates": [393726.2, 5669446.8]}}, {"type": "Feature", "properties": {"h": 17.3, "r": 3.0}, "geometry": {"type": "Point", "coordinates": [392547.8, 5668018.2]}}, {"type": "Feature", "properties": {"h": 19.7, "r": 1.6}, "geometry": {"type": "Point", "coordinates": [393146.2, 5668153.8]}}, {"type": "Feature", "properties": {"h": 18.7, "r": 2.5}, "geometry": {"type": "Point", "coordinates": [392707.2, 5668825.2]}}, {"type": "Feature", "properties": {"h": 18.4, "r": 2.0}, "geometry": {"type": "Point", "coordinates": [393131.8, 5668376.2]}}, {"type": "Feature", "properties": {"h": 17.5, "r": 1.8}, "geometry": {"type": "Point", "coordinates": [392811.8, 5669379.8]}}, {"type": "Feature", "properties": {"h": 17.5, "r": 2.0}, "geometry": {"type": "Point", "coordinates": [393253.2, 5668491.2]}}, {"type": "Feature", "properties": {"h": 15.9, "r": 1.8}, "geometry": {"type": "Point", "coordinates": [393986.8, 5668637.2]}}, {"type": "Feature", "properties": {"h": 17.6, "r": 5.0}, "geometry": {"type": "Point", "coordinates": [392134.2, 5669542.2]}}, {"type": "Feature", "properties": {"h": 18.5, "r": 1.8}, "geometry": {"type": "Point", "coordinates": [393066.8, 5668686.2]}}, {"type": "Feature", "properties": {"h": 17.4, "r": 5.0}, "geometry": {"type": "Point", "coordinates": [393323.8, 5668335.2]}}, {"type": "Feature", "properties": {"h": 18.7, "r": 1.6}, "geometry": {"type": "Point", "coordinates": [393736.8, 5669510.2]}}, {"type": "Feature", "properties": {"h": 17.6, "r": 1.8}, "geometry": {"type": "Point", "coordinates": [393200.8, 5669104.2]}}, {"type": "Feature", "properties": {"h": 17.1, "r": 2.2}, "geometry": {"type": "Point", "coordinates": [392279.8, 5669888.2]}}, {"type": "Feature", "properties": {"h": 17.2, "r": 1.6}, "geometry": {"type": "Point", "coordinates": [392397.8, 5668164.8]}}, {"type": "Feature", "properties": {"h": 17.9, "r": 4.0}, "geometry": {"type": "Point", "coordinates": [393328.8, 5668338.2]}}, {"type": "Feature", "properties": {"h": 17.3, "r": 2.1}, "geometry": {"type": "Point", "coordinates": [392611.8, 5669285.8]}}, {"type": "Feature", "properties": {"h": 19.7, "r": 1.5}, "geometry": {"type": "Point", "coordinates": [393155.8, 5669361.2]}}, {"type": "Feature", "properties": {"h": 20.0, "r": 1.5}, "geometry": {"type": "Point", "coordinates": [392587.8, 5669294.2]}}, {"type": "Feature", "properties": {"h": 17.4, "r": 2.5}, "geometry": {"type": "Point", "coordinates": [392344.8, 5669048.8]}}, {"type": "Feature", "properties": {"h": 19.4, "r": 2.5}, "geometry": {"type": "Point", "coordinates": [392173.8, 5668074.2]}}, {"type": "Feature", "properties": {"h": 20.9, "r": 1.0}, "geometry": {"type": "Point", "coordinates": [392522.8, 5669296.8]}}, {"type": "Feature", "properties": {"h": 16.7, "r": 5.0}, "geometry": {"type": "Point", "coordinates": [393329.2, 5668354.8]}}, {"type": "Feature", "properties": {"h": 18.5, "r": 2.9}, "geometry": {"type": "Point", "coordinates": [392653.8, 5668298.2]}}, {"type": "Feature", "properties": {"h": 18.9, "r": 1.4}, "geometry": {"type": "Point", "coordinates": [392528.2, 5668334.8]}}, {"type": "Feature", "properties": {"h": 17.6, "r": 3.0}, "geometry": {"type": "Point", "coordinates": [393503.2, 5668414.8]}}, {"type": "Feature", "properties": {"h": 17.9, "r": 2.5}, "geometry": {"type": "Point", "coordinates": [393357.8, 5668004.8]}}, {"type": "Feature", "properties": {"h": 17.3, "r": 2.5}, "geometry": {"type": "Point", "coordinates": [392328.8, 5668793.8]}}, {"type": "Feature", "properties": {"h": 17.7, "r": 2.2}, "geometry": {"type": "Point", "coordinates": [393904.8, 5668966.8]}}, {"type": "Feature", "properties": {"h": 17.3, "r": 2.2}, "geometry": {"type": "Point", "coordinates": [393348.8, 5668603.8]}}, {"type": "Feature", "properties": {"h": 17.0, "r": 2.2}, "geometry": {"type": "Point", "coordinates": [393313.8, 5668367.8]}}, {"type": "Feature", "properties": {"h": 18.2, "r": 1.6}, "geometry": {"type": "Point", "coordinates": [392570.8, 5669279.2]}}, {"type": "Feature", "properties": {"h": 15.7, "r": 2.1}, "geometry": {"type": "Point", "coordinates": [392522.8, 5668332.8]}}, {"type": "Feature", "properties": {"h": 18.6, "r": 2.2}, "geometry": {"type": "Point", "coordinates": [392939.2, 5669309.2]}}, {"type": "Feature", "properties": {"h": 18.2, "r": 3.0}, "geometry": {"type": "Point", "coordinates": [392017.8, 5669146.2]}}, {"type": "Feature", "properties": {"h": 16.9, "r": 3.2}, "geometry": {"type": "Point", "coordinates": [393269.8, 5668594.8]}}, {"type": "Feature", "properties": {"h": 17.0, "r": 3.2}, "geometry": {"type": "Point", "coordinates": [393002.8, 5669700.8]}}, {"type": "Feature", "properties": {"h": 17.0, "r": 1.8}, "geometry": {"type": "Point", "coordinates": [393151.8, 5668116.8]}}, {"type": "Feature", "properties": {"h": 18.2, "r": 2.2}, "geometry": {"type": "Point", "coordinates": [393652.2, 5669235.2]}}, {"type": "Feature", "properties": {"h": 17.2, "r": 3.5}, "geometry": {"type": "Point", "coordinates": [393205.8, 5668106.2]}}, {"type": "Feature", "properties": {"h": 17.4, "r": 2.0}, "geometry": {"type": "Point", "coordinates": [393454.8, 5669496.8]}}, {"type": "Feature", "properties": {"h": 19.8, "r": 1.1}, "geometry": {"type": "Point", "coordinates": [393044.8, 5669436.2]}}, {"type": "Feature", "properties": {"h": 17.2, "r": 2.5}, "geometry": {"type": "Point", "coordinates": [392132.8, 5669213.2]}}, {"type": "Feature", "properties": {"h": 17.2, "r": 3.6}, "geometry": {"type": "Point", "coordinates": [393720.8, 5669758.2]}}, {"type": "Feature", "properties": {"h": 18.8, "r": 2.9}, "geometry": {"type": "Point", "coordinates": [393740.2, 5669591.2]}}, {"type": "Feature", "properties": {"h": 17.7, "r": 1.8}, "geometry": {"type": "Point", "coordinates": [393559.2, 5669494.2]}}, {"type": "Feature", "properties": {"h": 17.5, "r": 2.0}, "geometry": {"type": "Point", "coordinates": [393328.8, 5668498.2]}}, {"type": "Feature", "properties": {"h": 16.5, "r": 3.2}, "geometry": {"type": "Point", "coordinates": [392976.8, 5669753.8]}}, {"type": "Feature", "properties": {"h": 17.7, "r": 2.1}, "geometry": {"type": "Point", "coordinates": [393126.2, 5668000.2]}}, {"type": "Feature", "properties": {"h": 17.4, "r": 2.5}, "geometry": {"type": "Point", "coordinates": [393368.8, 5668642.8]}}, {"type": "Feature", "properties": {"h": 17.3, "r": 3.2}, "geometry": {"type": "Point", "coordinates": [392078.2, 5668415.8]}}, {"type": "Feature", "properties": {"h": 17.1, "r": 2.5}, "geometry": {"type": "Point", "coordinates": [393459.8, 5668591.2]}}, {"type": "Feature", "properties": {"h": 17.3, "r": 1.8}, "geometry": {"type": "Point", "coordinates": [393384.8, 5668289.8]}}, {"type": "Feature", "properties": {"h": 17.0, "r": 2.1}, "geometry": {"type": "Point", "coordinates": [392044.2, 5669198.2]}}, {"type": "Feature", "properties": {"h": 16.9, "r": 2.2}, "geometry": {"type": "Point", "coordinates": [393999.8, 5668514.2]}}, {"type": "Feature", "properties": {"h": 18.0, "r": 3.2}, "geometry": {"type": "Point", "coordinates": [392165.2, 5668450.8]}}, {"type": "Feature", "properties": {"h": 18.0, "r": 2.0}, "geometry": {"type": "Point", "coordinates": [393756.8, 5668965.8]}}, {"type": "Feature", "properties": {"h": 15.7, "r": 2.2}, "geometry": {"type": "Point", "coordinates": [393759.8, 5669492.2]}}, {"type": "Feature", "properties": {"h": 17.6, "r": 1.8}, "geometry": {"type": "Point", "coordinates": [392265.2, 5668463.2]}}, {"type": "Feature", "properties": {"h": 16.7, "r": 1.6}, "geometry": {"type": "Point", "coordinates": [393597.2, 5669493.8]}}, {"type": "Feature", "properties": {"h": 17.0, "r": 3.6}, "geometry": {"type": "Point", "coordinates": [392534.8, 5668018.2]}}, {"type": "Feature", "properties": {"h": 17.2, "r": 2.1}, "geometry": {"type": "Point", "coordinates": [392833.2, 5668991.8]}}, {"type": "Feature", "properties": {"h": 17.4, "r": 5.6}, "geometry": {"type": "Point", "coordinates": [392954.2, 5668338.8]}}, {"type": "Feature", "properties": {"h": 17.1, "r": 2.5}, "geometry": {"type": "Point", "coordinates": [393729.8, 5669468.2]}}, {"type": "Feature", "properties": {"h": 17.0, "r": 2.5}, "geometry": {"type": "Point", "coordinates": [393502.2, 5668476.2]}}, {"type": "Feature", "properties": {"h": 16.8, "r": 2.0}, "geometry": {"type": "Point", "coordinates": [393433.2, 5668440.2]}}, {"type": "Feature", "properties": {"h": 19.1, "r": 1.5}, "geometry": {"type": "Point", "coordinates": [393721.2, 5669039.2]}}, {"type": "Feature", "properties": {"h": 16.4, "r": 3.0}, "geometry": {"type": "Point", "coordinates": [393411.2, 5668292.2]}}, {"type": "Feature", "properties": {"h": 15.6, "r": 2.5}, "geometry": {"type": "Point", "coordinates": [392035.2, 5668456.8]}}, {"type": "Feature", "properties": {"h": 17.2, "r": 1.5}, "geometry": {"type": "Point", "coordinates": [392939.8, 5668938.2]}}, {"type": "Feature", "properties": {"h": 17.7, "r": 1.8}, "geometry": {"type": "Point", "coordinates": [392619.8, 5668961.2]}}, {"type": "Feature", "properties": {"h": 17.3, "r": 2.7}, "geometry": {"type": "Point", "coordinates": [392754.8, 5668903.2]}}, {"type": "Feature", "properties": {"h": 16.9, "r": 3.2}, "geometry": {"type": "Point", "coordinates": [393435.2, 5668676.8]}}, {"type": "Feature", "properties": {"h": 17.2, "r": 1.8}, "geometry": {"type": "Point", "coordinates": [393487.8, 5668433.2]}}, {"type": "Feature", "properties": {"h": 17.1, "r": 1.5}, "geometry": {"type": "Point", "coordinates": [393310.2, 5668326.8]}}, {"type": "Feature", "properties": {"h": 17.2, "r": 1.8}, "geometry": {"type": "Point", "coordinates": [393238.2, 5668206.8]}}, {"type": "Feature", "properties": {"h": 17.2, "r": 1.6}, "geometry": {"type": "Point", "coordinates": [392482.2, 5669094.8]}}, {"type": "Feature", "properties": {"h": 17.1, "r": 2.5}, "geometry": {"type": "Point", "coordinates": [393206.2, 5668247.2]}}, {"type": "Feature", "properties": {"h": 17.5, "r": 3.4}, "geometry": {"type": "Point", "coordinates": [392079.2, 5669134.8]}}, {"type": "Feature", "properties": {"h": 17.5, "r": 1.8}, "geometry": {"type": "Point", "coordinates": [393656.2, 5669771.2]}}, {"type": "Feature", "properties": {"h": 17.6, "r": 1.5}, "geometry": {"type": "Point", "coordinates": [392397.8, 5669843.2]}}, {"type": "Feature", "properties": {"h": 17.7, "r": 2.0}, "geometry": {"type": "Point", "coordinates": [393459.8, 5668578.2]}}, {"type": "Feature", "properties": {"h": 16.6, "r": 1.6}, "geometry": {"type": "Point", "coordinates": [393284.8, 5668188.8]}}, {"type": "Feature", "properties": {"h": 17.7, "r": 2.5}, "geometry": {"type": "Point", "coordinates": [393405.2, 5668805.2]}}, {"type": "Feature", "properties": {"h": 17.8, "r": 2.5}, "geometry": {"type": "Point", "coordinates": [393851.2, 5669223.2]}}, {"type": "Feature", "properties": {"h": 16.6, "r": 2.1}, "geometry": {"type": "Point", "coordinates": [393758.8, 5669485.2]}}, {"type": "Feature", "properties": {"h": 17.1, "r": 2.2}, "geometry": {"type": "Point", "coordinates": [392792.2, 5668112.8]}}, {"type": "Feature", "properties": {"h": 17.8, "r": 2.1}, "geometry": {"type": "Point", "coordinates": [392326.8, 5668861.8]}}, {"type": "Feature", "properties": {"h": 17.4, "r": 3.0}, "geometry": {"type": "Point", "coordinates": [393408.2, 5668026.2]}}, {"type": "Feature", "properties": {"h": 17.7, "r": 2.0}, "geometry": {"type": "Point", "coordinates": [393293.8, 5668648.2]}}, {"type": "Feature", "properties": {"h": 18.6, "r": 1.1}, "geometry": {"type": "Point", "coordinates": [392938.2, 5668058.2]}}, {"type": "Feature", "properties": {"h": 17.0, "r": 2.5}, "geometry": {"type": "Point", "coordinates": [392162.8, 5669211.2]}}, {"type": "Feature", "properties": {"h": 18.5, "r": 1.4}, "geometry": {"type": "Point", "coordinates": [393389.8, 5668454.2]}}, {"type": "Feature", "properties": {"h": 17.4, "r": 2.1}, "geometry": {"type": "Point", "coordinates": [392375.8, 5668078.2]}}, {"type": "Feature", "properties": {"h": 17.6, "r": 2.1}, "geometry": {"type": "Point", "coordinates": [392548.8, 5668027.2]}}, {"type": "Feature", "properties": {"h": 17.8, "r": 2.1}, "geometry": {"type": "Point", "coordinates": [393135.8, 5669271.2]}}, {"type": "Feature", "properties": {"h": 17.2, "r": 2.5}, "geometry": {"type": "Point", "coordinates": [392754.8, 5668899.2]}}, {"type": "Feature", "properties": {"h": 17.2, "r": 1.5}, "geometry": {"type": "Point", "coordinates": [393135.2, 5668666.8]}}, {"type": "Feature", "properties": {"h": 17.8, "r": 1.8}, "geometry": {"type": "Point", "coordinates": [392401.2, 5668338.2]}}, {"type": "Feature", "properties": {"h": 17.3, "r": 2.1}, "geometry": {"type": "Point", "coordinates": [393384.8, 5668133.2]}}, {"type": "Feature", "properties": {"h": 17.9, "r": 1.1}, "geometry": {"type": "Point", "coordinates": [392927.2, 5669738.2]}}, {"type": "Feature", "properties": {"h": 16.4, "r": 3.5}, "geometry": {"type": "Point", "coordinates": [392679.2, 5668966.2]}}, {"type": "Feature", "properties": {"h": 17.2, "r": 1.8}, "geometry": {"type": "Point", "coordinates": [392374.8, 5669221.8]}}, {"type": "Feature", "properties": {"h": 17.1, "r": 1.8}, "geometry": {"type": "Point", "coordinates": [392706.8, 5669138.8]}}, {"type": "Feature", "properties": {"h": 18.7, "r": 1.5}, "geometry": {"type": "Point", "coordinates": [392682.8, 5668703.2]}}, {"type": "Feature", "properties": {"h": 16.7, "r": 2.1}, "geometry": {"type": "Point", "coordinates": [392189.2, 5669294.8]}}, {"type": "Feature", "properties": {"h": 18.0, "r": 2.8}, "geometry": {"type": "Point", "coordinates": [392330.8, 5669301.8]}}, {"type": "Feature", "properties": {"h": 19.8, "r": 1.5}, "geometry": {"type": "Point", "coordinates": [392924.8, 5669881.8]}}, {"type": "Feature", "properties": {"h": 17.6, "r": 1.8}, "geometry": {"type": "Point", "coordinates": [392401.2, 5668343.2]}}, {"type": "Feature", "properties": {"h": 16.8, "r": 3.4}, "geometry": {"type": "Point", "coordinates": [392365.2, 5669216.2]}}, {"type": "Feature", "properties": {"h": 17.0, "r": 1.8}, "geometry": {"type": "Point", "coordinates": [393253.8, 5668426.2]}}, {"type": "Feature", "properties": {"h": 17.6, "r": 1.4}, "geometry": {"type": "Point", "coordinates": [393130.2, 5668002.2]}}, {"type": "Feature", "properties": {"h": 16.8, "r": 2.9}, "geometry": {"type": "Point", "coordinates": [392330.2, 5669824.2]}}, {"type": "Feature", "properties": {"h": 17.4, "r": 2.2}, "geometry": {"type": "Point", "coordinates": [392442.2, 5668959.8]}}, {"type": "Feature", "properties": {"h": 17.9, "r": 1.6}, "geometry": {"type": "Point", "coordinates": [393755.2, 5668887.8]}}, {"type": "Feature", "properties": {"h": 16.6, "r": 2.5}, "geometry": {"type": "Point", "coordinates": [393459.2, 5668605.8]}}, {"type": "Feature", "properties": {"h": 17.6, "r": 2.2}, "geometry": {"type": "Point", "coordinates": [392740.2, 5669159.2]}}, {"type": "Feature", "properties": {"h": 18.5, "r": 1.1}, "geometry": {"type": "Point", "coordinates": [392685.2, 5668843.2]}}, {"type": "Feature", "properties": {"h": 18.0, "r": 1.6}, "geometry": {"type": "Point", "coordinates": [392904.2, 5669742.8]}}, {"type": "Feature", "properties": {"h": 17.2, "r": 1.8}, "geometry": {"type": "Point", "coordinates": [393203.2, 5669099.8]}}, {"type": "Feature", "properties": {"h": 18.2, "r": 2.5}, "geometry": {"type": "Point", "coordinates": [392413.2, 5668170.8]}}, {"type": "Feature", "properties": {"h": 18.7, "r": 4.0}, "geometry": {"type": "Point", "coordinates": [393874.2, 5668826.8]}}, {"type": "Feature", "properties": {"h": 17.2, "r": 1.8}, "geometry": {"type": "Point", "coordinates": [393129.8, 5668670.2]}}, {"type": "Feature", "properties": {"h": 15.9, "r": 2.2}, "geometry": {"type": "Point", "coordinates": [393867.8, 5668830.8]}}, {"type": "Feature", "properties": {"h": 17.0, "r": 2.9}, "geometry": {"type": "Point", "coordinates": [392648.8, 5669033.2]}}, {"type": "Feature", "properties": {"h": 18.2, "r": 1.5}, "geometry": {"type": "Point", "coordinates": [393343.2, 5668589.8]}}, {"type": "Feature", "properties": {"h": 17.3, "r": 2.0}, "geometry": {"type": "Point", "coordinates": [392875.2, 5668145.8]}}, {"type": "Feature", "properties": {"h": 17.7, "r": 2.1}, "geometry": {"type": "Point", "coordinates": [392342.8, 5668807.2]}}, {"type": "Feature", "properties": {"h": 22.2, "r": 1.0}, "geometry": {"type": "Point", "coordinates": [392896.2, 5668824.2]}}, {"type": "Feature", "properties": {"h": 16.4, "r": 3.2}, "geometry": {"type": "Point", "coordinates": [392164.2, 5669202.2]}}, {"type": "Feature", "properties": {"h": 16.7, "r": 3.0}, "geometry": {"type": "Point", "coordinates": [393009.2, 5669005.8]}}, {"type": "Feature", "properties": {"h": 17.1, "r": 2.0}, "geometry": {"type": "Point", "coordinates": [393754.2, 5669479.8]}}, {"type": "Feature", "properties": {"h": 18.5, "r": 1.8}, "geometry": {"type": "Point", "coordinates": [392807.8, 5668125.8]}}, {"type": "Feature", "properties": {"h": 24.7, "r": 1.0}, "geometry": {"type": "Point", "coordinates": [393034.8, 5669427.2]}}, {"type": "Feature", "properties": {"h": 17.7, "r": 1.8}, "geometry": {"type": "Point", "coordinates": [393580.2, 5668077.2]}}, {"type": "Feature", "properties": {"h": 17.5, "r": 1.6}, "geometry": {"type": "Point", "coordinates": [393775.2, 5669507.2]}}, {"type": "Feature", "properties": {"h": 18.7, "r": 1.0}, "geometry": {"type": "Point", "coordinates": [392513.2, 5668326.2]}}, {"type": "Feature", "properties": {"h": 17.7, "r": 1.8}, "geometry": {"type": "Point", "coordinates": [392286.8, 5669870.8]}}, {"type": "Feature", "properties": {"h": 16.7, "r": 2.5}, "geometry": {"type": "Point", "coordinates": [393382.2, 5668588.2]}}, {"type": "Feature", "properties": {"h": 16.5, "r": 2.1}, "geometry": {"type": "Point", "coordinates": [393779.8, 5668947.8]}}, {"type": "Feature", "properties": {"h": 16.1, "r": 1.8}, "geometry": {"type": "Point", "coordinates": [392284.2, 5669859.8]}}, {"type": "Feature", "properties": {"h": 17.0, "r": 3.0}, "geometry": {"type": "Point", "coordinates": [393062.2, 5669652.8]}}, {"type": "Feature", "properties": {"h": 19.9, "r": 1.5}, "geometry": {"type": "Point", "coordinates": [392619.2, 5668809.8]}}, {"type": "Feature", "properties": {"h": 18.5, "r": 1.1}, "geometry": {"type": "Point", "coordinates": [392301.2, 5668843.2]}}, {"type": "Feature", "properties": {"h": 16.6, "r": 3.0}, "geometry": {"type": "Point", "coordinates": [392744.8, 5668976.2]}}, {"type": "Feature", "properties": {"h": 16.7, "r": 1.0}, "geometry": {"type": "Point", "coordinates": [392370.2, 5668188.8]}}, {"type": "Feature", "properties": {"h": 17.1, "r": 3.0}, "geometry": {"type": "Point", "coordinates": [393194.2, 5668274.8]}}, {"type": "Feature", "properties": {"h": 16.7, "r": 1.5}, "geometry": {"type": "Point", "coordinates": [392298.2, 5668013.8]}}, {"type": "Feature", "properties": {"h": 17.0, "r": 2.7}, "geometry": {"type": "Point", "coordinates": [393555.8, 5668324.8]}}, {"type": "Feature", "properties": {"h": 17.1, "r": 1.4}, "geometry": {"type": "Point", "coordinates": [393226.8, 5668156.2]}}, {"type": "Feature", "properties": {"h": 18.9, "r": 1.4}, "geometry": {"type": "Point", "coordinates": [392561.2, 5668834.2]}}, {"type": "Feature", "properties": {"h": 17.3, "r": 2.5}, "geometry": {"type": "Point", "coordinates": [393375.2, 5668350.2]}}, {"type": "Feature", "properties": {"h": 16.6, "r": 2.0}, "geometry": {"type": "Point", "coordinates": [392387.2, 5668183.2]}}, {"type": "Feature", "properties": {"h": 17.8, "r": 3.0}, "geometry": {"type": "Point", "coordinates": [392424.8, 5668146.2]}}, {"type": "Feature", "properties": {"h": 17.1, "r": 2.0}, "geometry": {"type": "Point", "coordinates": [392504.8, 5669140.2]}}, {"type": "Feature", "properties": {"h": 16.6, "r": 1.8}, "geometry": {"type": "Point", "coordinates": [392347.8, 5668800.2]}}, {"type": "Feature", "properties": {"h": 17.1, "r": 2.7}, "geometry": {"type": "Point", "coordinates": [392754.2, 5669092.2]}}, {"type": "Feature", "properties": {"h": 16.2, "r": 1.6}, "geometry": {"type": "Point", "coordinates": [392345.2, 5668177.2]}}, {"type": "Feature", "properties": {"h": 17.0, "r": 2.0}, "geometry": {"type": "Point", "coordinates": [392213.8, 5669868.8]}}, {"type": "Feature", "properties": {"h": 17.7, "r": 1.5}, "geometry": {"type": "Point", "coordinates": [393335.2, 5668231.8]}}, {"type": "Feature", "properties": {"h": 18.2, "r": 2.0}, "geometry": {"type": "Point", "coordinates": [392928.8, 5669317.2]}}, {"type": "Feature", "properties": {"h": 17.2, "r": 1.8}, "geometry": {"type": "Point", "coordinates": [393815.2, 5668941.2]}}, {"type": "Feature", "properties": {"h": 17.0, "r": 1.8}, "geometry": {"type": "Point", "coordinates": [393361.8, 5668631.8]}}, {"type": "Feature", "properties": {"h": 16.2, "r": 1.8}, "geometry": {"type": "Point", "coordinates": [393325.2, 5668448.2]}}, {"type": "Feature", "properties": {"h": 15.2, "r": 2.5}, "geometry": {"type": "Point", "coordinates": [392347.8, 5668808.2]}}, {"type": "Feature", "properties": {"h": 17.8, "r": 2.0}, "geometry": {"type": "Point", "coordinates": [392183.8, 5669363.8]}}, {"type": "Feature", "properties": {"h": 17.6, "r": 3.5}, "geometry": {"type": "Point", "coordinates": [393366.2, 5668525.2]}}, {"type": "Feature", "properties": {"h": 17.9, "r": 2.1}, "geometry": {"type": "Point", "coordinates": [393749.2, 5668968.8]}}, {"type": "Feature", "properties": {"h": 18.8, "r": 1.0}, "geometry": {"type": "Point", "coordinates": [393410.2, 5668517.2]}}, {"type": "Feature", "properties": {"h": 15.4, "r": 1.8}, "geometry": {"type": "Point", "coordinates": [393294.8, 5668644.8]}}, {"type": "Feature", "properties": {"h": 16.4, "r": 2.1}, "geometry": {"type": "Point", "coordinates": [392129.8, 5668453.2]}}, {"type": "Feature", "properties": {"h": 19.9, "r": 1.0}, "geometry": {"type": "Point", "coordinates": [393048.8, 5669439.8]}}, {"type": "Feature", "properties": {"h": 17.2, "r": 3.2}, "geometry": {"type": "Point", "coordinates": [393630.8, 5668062.2]}}, {"type": "Feature", "properties": {"h": 16.7, "r": 2.5}, "geometry": {"type": "Point", "coordinates": [392563.8, 5669109.8]}}, {"type": "Feature", "properties": {"h": 17.7, "r": 2.0}, "geometry": {"type": "Point", "coordinates": [392316.8, 5668798.2]}}, {"type": "Feature", "properties": {"h": 18.3, "r": 1.5}, "geometry": {"type": "Point", "coordinates": [392517.2, 5669746.2]}}, {"type": "Feature", "properties": {"h": 17.3, "r": 2.1}, "geometry": {"type": "Point", "coordinates": [393551.8, 5668261.2]}}, {"type": "Feature", "properties": {"h": 17.3, "r": 1.6}, "geometry": {"type": "Point", "coordinates": [393366.2, 5668528.8]}}, {"type": "Feature", "properties": {"h": 16.3, "r": 2.5}, "geometry": {"type": "Point", "coordinates": [392527.8, 5669384.8]}}, {"type": "Feature", "properties": {"h": 17.0, "r": 1.4}, "geometry": {"type": "Point", "coordinates": [392079.8, 5668490.8]}}, {"type": "Feature", "properties": {"h": 17.2, "r": 2.1}, "geometry": {"type": "Point", "coordinates": [392493.2, 5669843.8]}}, {"type": "Feature", "properties": {"h": 16.0, "r": 2.5}, "geometry": {"type": "Point", "coordinates": [393721.2, 5669752.8]}}, {"type": "Feature", "properties": {"h": 16.8, "r": 2.1}, "geometry": {"type": "Point", "coordinates": [392861.8, 5668024.2]}}, {"type": "Feature", "properties": {"h": 18.2, "r": 1.4}, "geometry": {"type": "Point", "coordinates": [393061.8, 5668682.2]}}, {"type": "Feature", "properties": {"h": 12.5, "r": 1.4}, "geometry": {"type": "Point", "coordinates": [392315.2, 5668809.8]}}, {"type": "Feature", "properties": {"h": 17.4, "r": 1.8}, "geometry": {"type": "Point", "coordinates": [393995.2, 5668643.2]}}, {"type": "Feature", "properties": {"h": 16.6, "r": 2.5}, "geometry": {"type": "Point", "coordinates": [392120.8, 5669187.8]}}, {"type": "Feature", "properties": {"h": 16.5, "r": 2.9}, "geometry": {"type": "Point", "coordinates": [393210.2, 5668279.8]}}, {"type": "Feature", "properties": {"h": 16.9, "r": 2.5}, "geometry": {"type": "Point", "coordinates": [393476.8, 5668044.8]}}, {"type": "Feature", "properties": {"h": 16.3, "r": 2.0}, "geometry": {"type": "Point", "coordinates": [393405.8, 5668799.2]}}, {"type": "Feature", "properties": {"h": 16.5, "r": 2.9}, "geometry": {"type": "Point", "coordinates": [392029.2, 5669348.2]}}, {"type": "Feature", "properties": {"h": 17.1, "r": 2.5}, "geometry": {"type": "Point", "coordinates": [393649.2, 5669498.2]}}, {"type": "Feature", "properties": {"h": 16.2, "r": 1.8}, "geometry": {"type": "Point", "coordinates": [392303.8, 5668396.2]}}, {"type": "Feature", "properties": {"h": 16.7, "r": 3.2}, "geometry": {"type": "Point", "coordinates": [392951.8, 5669340.8]}}, {"type": "Feature", "properties": {"h": 17.2, "r": 2.5}, "geometry": {"type": "Point", "coordinates": [393952.8, 5669278.8]}}, {"type": "Feature", "properties": {"h": 16.8, "r": 2.7}, "geometry": {"type": "Point", "coordinates": [393389.8, 5668794.8]}}, {"type": "Feature", "properties": {"h": 16.8, "r": 1.8}, "geometry": {"type": "Point", "coordinates": [392077.2, 5668498.2]}}, {"type": "Feature", "properties": {"h": 17.2, "r": 1.8}, "geometry": {"type": "Point", "coordinates": [392152.2, 5669863.2]}}, {"type": "Feature", "properties": {"h": 17.4, "r": 1.5}, "geometry": {"type": "Point", "coordinates": [393124.2, 5668297.2]}}, {"type": "Feature", "properties": {"h": 17.0, "r": 3.0}, "geometry": {"type": "Point", "coordinates": [393379.2, 5668650.2]}}, {"type": "Feature", "properties": {"h": 16.5, "r": 2.1}, "geometry": {"type": "Point", "coordinates": [392054.8, 5668720.2]}}, {"type": "Feature", "properties": {"h": 16.5, "r": 1.6}, "geometry": {"type": "Point", "coordinates": [392173.2, 5668496.2]}}, {"type": "Feature", "properties": {"h": 16.8, "r": 2.5}, "geometry": {"type": "Point", "coordinates": [392498.2, 5669841.2]}}, {"type": "Feature", "properties": {"h": 17.8, "r": 2.5}, "geometry": {"type": "Point", "coordinates": [393110.2, 5669653.2]}}, {"type": "Feature", "properties": {"h": 18.7, "r": 1.5}, "geometry": {"type": "Point", "coordinates": [392579.2, 5669299.8]}}, {"type": "Feature", "properties": {"h": 16.9, "r": 1.1}, "geometry": {"type": "Point", "coordinates": [393990.8, 5668129.2]}}, {"type": "Feature", "properties": {"h": 17.0, "r": 2.0}, "geometry": {"type": "Point", "coordinates": [393593.8, 5669512.2]}}, {"type": "Feature", "properties": {"h": 15.8, "r": 3.2}, "geometry": {"type": "Point", "coordinates": [393964.8, 5668627.2]}}, {"type": "Feature", "properties": {"h": 18.7, "r": 1.6}, "geometry": {"type": "Point", "coordinates": [393466.8, 5669493.8]}}, {"type": "Feature", "properties": {"h": 17.1, "r": 1.5}, "geometry": {"type": "Point", "coordinates": [393547.8, 5668242.2]}}, {"type": "Feature", "properties": {"h": 16.1, "r": 1.5}, "geometry": {"type": "Point", "coordinates": [393989.8, 5668642.8]}}, {"type": "Feature", "properties": {"h": 16.3, "r": 3.6}, "geometry": {"type": "Point", "coordinates": [392338.8, 5669854.2]}}, {"type": "Feature", "properties": {"h": 17.5, "r": 2.0}, "geometry": {"type": "Point", "coordinates": [392479.2, 5668539.8]}}, {"type": "Feature", "properties": {"h": 16.6, "r": 2.9}, "geometry": {"type": "Point", "coordinates": [392350.2, 5668804.2]}}, {"type": "Feature", "properties": {"h": 16.8, "r": 2.0}, "geometry": {"type": "Point", "coordinates": [393470.8, 5668706.2]}}, {"type": "Feature", "properties": {"h": 16.2, "r": 1.6}, "geometry": {"type": "Point", "coordinates": [392659.8, 5668876.8]}}, {"type": "Feature", "properties": {"h": 18.2, "r": 1.1}, "geometry": {"type": "Point", "coordinates": [393666.2, 5669192.2]}}, {"type": "Feature", "properties": {"h": 14.6, "r": 1.8}, "geometry": {"type": "Point", "coordinates": [392396.2, 5668898.8]}}, {"type": "Feature", "properties": {"h": 16.1, "r": 2.5}, "geometry": {"type": "Point", "coordinates": [392127.8, 5668059.8]}}, {"type": "Feature", "properties": {"h": 16.6, "r": 2.0}, "geometry": {"type": "Point", "coordinates": [393195.2, 5669099.8]}}, {"type": "Feature", "properties": {"h": 16.6, "r": 3.2}, "geometry": {"type": "Point", "coordinates": [393369.8, 5668344.8]}}, {"type": "Feature", "properties": {"h": 16.2, "r": 3.8}, "geometry": {"type": "Point", "coordinates": [392336.8, 5669060.2]}}, {"type": "Feature", "properties": {"h": 16.4, "r": 2.1}, "geometry": {"type": "Point", "coordinates": [393254.2, 5669568.2]}}, {"type": "Feature", "properties": {"h": 16.2, "r": 1.8}, "geometry": {"type": "Point", "coordinates": [392804.8, 5668950.8]}}, {"type": "Feature", "properties": {"h": 16.5, "r": 1.6}, "geometry": {"type": "Point", "coordinates": [393009.8, 5669352.8]}}, {"type": "Feature", "properties": {"h": 17.0, "r": 1.4}, "geometry": {"type": "Point", "coordinates": [392344.2, 5669061.8]}}, {"type": "Feature", "properties": {"h": 17.1, "r": 2.5}, "geometry": {"type": "Point", "coordinates": [392409.2, 5668407.2]}}, {"type": "Feature", "properties": {"h": 16.6, "r": 2.5}, "geometry": {"type": "Point", "coordinates": [392943.2, 5669072.2]}}, {"type": "Feature", "properties": {"h": 16.8, "r": 1.5}, "geometry": {"type": "Point", "coordinates": [393806.8, 5669221.2]}}, {"type": "Feature", "properties": {"h": 16.7, "r": 2.0}, "geometry": {"type": "Point", "coordinates": [392785.2, 5669291.8]}}, {"type": "Feature", "properties": {"h": 15.9, "r": 2.1}, "geometry": {"type": "Point", "coordinates": [393921.2, 5668691.8]}}, {"type": "Feature", "properties": {"h": 16.8, "r": 3.0}, "geometry": {"type": "Point", "coordinates": [392749.8, 5669550.8]}}, {"type": "Feature", "properties": {"h": 16.1, "r": 2.5}, "geometry": {"type": "Point", "coordinates": [393994.2, 5668069.2]}}, {"type": "Feature", "properties": {"h": 18.5, "r": 1.5}, "geometry": {"type": "Point", "coordinates": [392889.8, 5669106.2]}}, {"type": "Feature", "properties": {"h": 17.0, "r": 1.6}, "geometry": {"type": "Point", "coordinates": [393107.2, 5669787.2]}}, {"type": "Feature", "properties": {"h": 16.0, "r": 1.6}, "geometry": {"type": "Point", "coordinates": [393136.8, 5668394.8]}}, {"type": "Feature", "properties": {"h": 16.6, "r": 2.2}, "geometry": {"type": "Point", "coordinates": [393609.8, 5669488.8]}}, {"type": "Feature", "properties": {"h": 17.0, "r": 3.0}, "geometry": {"type": "Point", "coordinates": [392219.2, 5669249.2]}}, {"type": "Feature", "properties": {"h": 16.6, "r": 2.1}, "geometry": {"type": "Point", "coordinates": [393869.2, 5668594.8]}}, {"type": "Feature", "properties": {"h": 17.8, "r": 1.4}, "geometry": {"type": "Point", "coordinates": [392936.2, 5669069.8]}}, {"type": "Feature", "properties": {"h": 17.7, "r": 1.6}, "geometry": {"type": "Point", "coordinates": [392677.8, 5668841.2]}}, {"type": "Feature", "properties": {"h": 15.9, "r": 1.4}, "geometry": {"type": "Point", "coordinates": [392332.2, 5668877.2]}}, {"type": "Feature", "properties": {"h": 18.6, "r": 1.1}, "geometry": {"type": "Point", "coordinates": [392795.8, 5668771.2]}}, {"type": "Feature", "properties": {"h": 16.6, "r": 2.2}, "geometry": {"type": "Point", "coordinates": [393742.8, 5668939.2]}}, {"type": "Feature", "properties": {"h": 16.6, "r": 1.6}, "geometry": {"type": "Point", "coordinates": [392746.2, 5669535.2]}}, {"type": "Feature", "properties": {"h": 17.6, "r": 1.0}, "geometry": {"type": "Point", "coordinates": [392424.2, 5669103.8]}}, {"type": "Feature", "properties": {"h": 17.9, "r": 1.1}, "geometry": {"type": "Point", "coordinates": [392559.8, 5668837.8]}}, {"type": "Feature", "properties": {"h": 16.4, "r": 1.8}, "geometry": {"type": "Point", "coordinates": [393763.8, 5669351.8]}}, {"type": "Feature", "properties": {"h": 15.4, "r": 1.8}, "geometry": {"type": "Point", "coordinates": [393142.2, 5668223.2]}}, {"type": "Feature", "properties": {"h": 16.8, "r": 3.5}, "geometry": {"type": "Point", "coordinates": [393521.8, 5668806.8]}}, {"type": "Feature", "properties": {"h": 16.5, "r": 2.0}, "geometry": {"type": "Point", "coordinates": [393999.8, 5668657.8]}}, {"type": "Feature", "properties": {"h": 16.3, "r": 2.5}, "geometry": {"type": "Point", "coordinates": [392886.8, 5669028.8]}}, {"type": "Feature", "properties": {"h": 17.0, "r": 1.6}, "geometry": {"type": "Point", "coordinates": [393745.2, 5669464.2]}}, {"type": "Feature", "properties": {"h": 19.6, "r": 1.0}, "geometry": {"type": "Point", "coordinates": [392947.2, 5669122.8]}}, {"type": "Feature", "properties": {"h": 16.6, "r": 1.4}, "geometry": {"type": "Point", "coordinates": [393145.2, 5668218.2]}}, {"type": "Feature", "properties": {"h": 17.3, "r": 1.8}, "geometry": {"type": "Point", "coordinates": [393301.2, 5669202.8]}}, {"type": "Feature", "properties": {"h": 16.7, "r": 2.2}, "geometry": {"type": "Point", "coordinates": [393384.2, 5668443.2]}}, {"type": "Feature", "properties": {"h": 17.6, "r": 3.0}, "geometry": {"type": "Point", "coordinates": [392408.8, 5668165.8]}}, {"type": "Feature", "properties": {"h": 17.9, "r": 1.8}, "geometry": {"type": "Point", "coordinates": [392191.2, 5669323.8]}}, {"type": "Feature", "properties": {"h": 17.2, "r": 1.8}, "geometry": {"type": "Point", "coordinates": [392557.2, 5669089.8]}}, {"type": "Feature", "properties": {"h": 17.4, "r": 1.0}, "geometry": {"type": "Point", "coordinates": [393246.8, 5668205.8]}}, {"type": "Feature", "properties": {"h": 17.3, "r": 1.6}, "geometry": {"type": "Point", "coordinates": [392537.2, 5668337.2]}}, {"type": "Feature", "properties": {"h": 16.6, "r": 3.8}, "geometry": {"type": "Point", "coordinates": [393375.8, 5668276.2]}}, {"type": "Feature", "properties": {"h": 16.9, "r": 1.6}, "geometry": {"type": "Point", "coordinates": [393390.2, 5668807.2]}}, {"type": "Feature", "properties": {"h": 16.5, "r": 1.4}, "geometry": {"type": "Point", "coordinates": [392426.8, 5669066.2]}}, {"type": "Feature", "properties": {"h": 16.6, "r": 1.6}, "geometry": {"type": "Point", "coordinates": [392713.2, 5669136.2]}}, {"type": "Feature", "properties": {"h": 16.0, "r": 1.6}, "geometry": {"type": "Point", "coordinates": [393835.2, 5669374.8]}}, {"type": "Feature", "properties": {"h": 16.4, "r": 2.7}, "geometry": {"type": "Point", "coordinates": [393463.2, 5668500.8]}}, {"type": "Feature", "properties": {"h": 16.0, "r": 2.0}, "geometry": {"type": "Point", "coordinates": [392181.8, 5669211.2]}}, {"type": "Feature", "properties": {"h": 16.1, "r": 2.5}, "geometry": {"type": "Point", "coordinates": [393460.8, 5668561.2]}}, {"type": "Feature", "properties": {"h": 16.5, "r": 1.1}, "geometry": {"type": "Point", "coordinates": [393995.2, 5669512.8]}}, {"type": "Feature", "properties": {"h": 16.4, "r": 2.1}, "geometry": {"type": "Point", "coordinates": [392738.2, 5668086.8]}}, {"type": "Feature", "properties": {"h": 17.7, "r": 1.0}, "geometry": {"type": "Point", "coordinates": [393299.8, 5668217.2]}}, {"type": "Feature", "properties": {"h": 16.4, "r": 3.2}, "geometry": {"type": "Point", "coordinates": [393418.8, 5668354.2]}}, {"type": "Feature", "properties": {"h": 16.6, "r": 1.6}, "geometry": {"type": "Point", "coordinates": [392381.8, 5668009.2]}}, {"type": "Feature", "properties": {"h": 16.1, "r": 2.7}, "geometry": {"type": "Point", "coordinates": [393719.2, 5669483.8]}}, {"type": "Feature", "properties": {"h": 16.0, "r": 3.0}, "geometry": {"type": "Point", "coordinates": [393463.8, 5668457.8]}}, {"type": "Feature", "properties": {"h": 15.1, "r": 2.0}, "geometry": {"type": "Point", "coordinates": [393235.2, 5668178.2]}}, {"type": "Feature", "properties": {"h": 19.9, "r": 1.0}, "geometry": {"type": "Point", "coordinates": [393044.2, 5668629.8]}}, {"type": "Feature", "properties": {"h": 15.3, "r": 1.8}, "geometry": {"type": "Point", "coordinates": [393229.2, 5669617.8]}}, {"type": "Feature", "properties": {"h": 15.7, "r": 2.1}, "geometry": {"type": "Point", "coordinates": [392523.8, 5668960.8]}}, {"type": "Feature", "properties": {"h": 16.0, "r": 3.2}, "geometry": {"type": "Point", "coordinates": [392531.2, 5668040.2]}}, {"type": "Feature", "properties": {"h": 18.1, "r": 1.1}, "geometry": {"type": "Point", "coordinates": [392623.2, 5668860.8]}}, {"type": "Feature", "properties": {"h": 16.3, "r": 2.1}, "geometry": {"type": "Point", "coordinates": [392751.8, 5669541.2]}}, {"type": "Feature", "properties": {"h": 16.4, "r": 1.8}, "geometry": {"type": "Point", "coordinates": [392903.8, 5668348.2]}}, {"type": "Feature", "properties": {"h": 16.9, "r": 3.6}, "geometry": {"type": "Point", "coordinates": [392384.8, 5669846.8]}}, {"type": "Feature", "properties": {"h": 16.7, "r": 3.9}, "geometry": {"type": "Point", "coordinates": [393477.8, 5668032.2]}}, {"type": "Feature", "properties": {"h": 17.1, "r": 3.2}, "geometry": {"type": "Point", "coordinates": [392297.2, 5669204.2]}}, {"type": "Feature", "properties": {"h": 18.7, "r": 1.4}, "geometry": {"type": "Point", "coordinates": [392840.2, 5668793.8]}}, {"type": "Feature", "properties": {"h": 16.2, "r": 2.1}, "geometry": {"type": "Point", "coordinates": [393302.2, 5668367.2]}}, {"type": "Feature", "properties": {"h": 18.7, "r": 1.0}, "geometry": {"type": "Point", "coordinates": [392664.2, 5668832.8]}}, {"type": "Feature", "properties": {"h": 16.8, "r": 1.5}, "geometry": {"type": "Point", "coordinates": [393473.8, 5668541.2]}}, {"type": "Feature", "properties": {"h": 17.1, "r": 3.0}, "geometry": {"type": "Point", "coordinates": [392248.8, 5669389.2]}}, {"type": "Feature", "properties": {"h": 16.5, "r": 3.0}, "geometry": {"type": "Point", "coordinates": [393111.8, 5668052.2]}}, {"type": "Feature", "properties": {"h": 16.7, "r": 2.1}, "geometry": {"type": "Point", "coordinates": [392717.8, 5668887.8]}}, {"type": "Feature", "properties": {"h": 17.6, "r": 1.5}, "geometry": {"type": "Point", "coordinates": [392700.8, 5668809.8]}}, {"type": "Feature", "properties": {"h": 16.6, "r": 2.8}, "geometry": {"type": "Point", "coordinates": [392278.2, 5669861.2]}}, {"type": "Feature", "properties": {"h": 17.0, "r": 1.4}, "geometry": {"type": "Point", "coordinates": [392295.2, 5668728.8]}}, {"type": "Feature", "properties": {"h": 16.1, "r": 2.1}, "geometry": {"type": "Point", "coordinates": [393200.8, 5668288.8]}}, {"type": "Feature", "properties": {"h": 16.3, "r": 2.1}, "geometry": {"type": "Point", "coordinates": [393194.2, 5668246.2]}}, {"type": "Feature", "properties": {"h": 16.9, "r": 3.5}, "geometry": {"type": "Point", "coordinates": [393814.2, 5668666.2]}}, {"type": "Feature", "properties": {"h": 15.7, "r": 2.0}, "geometry": {"type": "Point", "coordinates": [393612.8, 5669402.8]}}, {"type": "Feature", "properties": {"h": 16.2, "r": 1.5}, "geometry": {"type": "Point", "coordinates": [392807.2, 5669262.8]}}, {"type": "Feature", "properties": {"h": 15.9, "r": 1.6}, "geometry": {"type": "Point", "coordinates": [393761.8, 5668949.2]}}, {"type": "Feature", "properties": {"h": 16.3, "r": 1.5}, "geometry": {"type": "Point", "coordinates": [393134.8, 5668241.8]}}, {"type": "Feature", "properties": {"h": 15.9, "r": 2.1}, "geometry": {"type": "Point", "coordinates": [393782.8, 5668927.8]}}, {"type": "Feature", "properties": {"h": 16.2, "r": 3.5}, "geometry": {"type": "Point", "coordinates": [392560.2, 5669102.2]}}, {"type": "Feature", "properties": {"h": 16.2, "r": 1.8}, "geometry": {"type": "Point", "coordinates": [393233.2, 5668121.2]}}, {"type": "Feature", "properties": {"h": 16.9, "r": 1.5}, "geometry": {"type": "Point", "coordinates": [393810.2, 5668937.2]}}, {"type": "Feature", "properties": {"h": 15.7, "r": 1.8}, "geometry": {"type": "Point", "coordinates": [393536.2, 5668643.2]}}, {"type": "Feature", "properties": {"h": 15.9, "r": 1.8}, "geometry": {"type": "Point", "coordinates": [393469.8, 5668370.8]}}, {"type": "Feature", "properties": {"h": 16.1, "r": 3.5}, "geometry": {"type": "Point", "coordinates": [393209.2, 5668391.8]}}, {"type": "Feature", "properties": {"h": 16.6, "r": 3.5}, "geometry": {"type": "Point", "coordinates": [392881.2, 5669307.8]}}, {"type": "Feature", "properties": {"h": 16.6, "r": 1.0}, "geometry": {"type": "Point", "coordinates": [392946.2, 5669113.2]}}, {"type": "Feature", "properties": {"h": 17.0, "r": 2.5}, "geometry": {"type": "Point", "coordinates": [392182.8, 5668020.8]}}, {"type": "Feature", "properties": {"h": 16.9, "r": 2.1}, "geometry": {"type": "Point", "coordinates": [393303.2, 5669197.2]}}, {"type": "Feature", "properties": {"h": 15.9, "r": 1.5}, "geometry": {"type": "Point", "coordinates": [393443.8, 5669987.2]}}, {"type": "Feature", "properties": {"h": 18.8, "r": 1.4}, "geometry": {"type": "Point", "coordinates": [392623.2, 5668851.2]}}, {"type": "Feature", "properties": {"h": 15.9, "r": 1.8}, "geometry": {"type": "Point", "coordinates": [392407.8, 5669145.8]}}, {"type": "Feature", "properties": {"h": 16.8, "r": 3.0}, "geometry": {"type": "Point", "coordinates": [392411.2, 5668411.8]}}, {"type": "Feature", "properties": {"h": 15.4, "r": 2.1}, "geometry": {"type": "Point", "coordinates": [393289.8, 5668493.2]}}, {"type": "Feature", "properties": {"h": 16.1, "r": 1.4}, "geometry": {"type": "Point", "coordinates": [392718.2, 5669842.2]}}, {"type": "Feature", "properties": {"h": 15.1, "r": 3.5}, "geometry": {"type": "Point", "coordinates": [392393.2, 5668438.2]}}, {"type": "Feature", "properties": {"h": 16.6, "r": 1.6}, "geometry": {"type": "Point", "coordinates": [392838.2, 5668508.8]}}, {"type": "Feature", "properties": {"h": 15.6, "r": 2.5}, "geometry": {"type": "Point", "coordinates": [393626.2, 5669488.2]}}, {"type": "Feature", "properties": {"h": 16.2, "r": 3.2}, "geometry": {"type": "Point", "coordinates": [393575.8, 5669276.8]}}, {"type": "Feature", "properties": {"h": 16.2, "r": 2.5}, "geometry": {"type": "Point", "coordinates": [392679.2, 5668142.8]}}, {"type": "Feature", "properties": {"h": 17.3, "r": 1.6}, "geometry": {"type": "Point", "coordinates": [393923.8, 5669523.8]}}, {"type": "Feature", "properties": {"h": 18.1, "r": 2.1}, "geometry": {"type": "Point", "coordinates": [393295.8, 5668142.2]}}, {"type": "Feature", "properties": {"h": 16.1, "r": 1.6}, "geometry": {"type": "Point", "coordinates": [392471.2, 5669721.8]}}, {"type": "Feature", "properties": {"h": 16.1, "r": 2.2}, "geometry": {"type": "Point", "coordinates": [392909.8, 5669307.2]}}, {"type": "Feature", "properties": {"h": 15.2, "r": 1.5}, "geometry": {"type": "Point", "coordinates": [392887.8, 5669802.8]}}, {"type": "Feature", "properties": {"h": 15.6, "r": 2.0}, "geometry": {"type": "Point", "coordinates": [393718.2, 5669489.2]}}, {"type": "Feature", "properties": {"h": 16.4, "r": 2.5}, "geometry": {"type": "Point", "coordinates": [393674.2, 5669733.2]}}, {"type": "Feature", "properties": {"h": 16.7, "r": 2.1}, "geometry": {"type": "Point", "coordinates": [393340.8, 5668250.8]}}, {"type": "Feature", "properties": {"h": 16.1, "r": 2.7}, "geometry": {"type": "Point", "coordinates": [392832.8, 5668983.8]}}, {"type": "Feature", "properties": {"h": 16.2, "r": 1.5}, "geometry": {"type": "Point", "coordinates": [393779.8, 5668933.8]}}, {"type": "Feature", "properties": {"h": 16.1, "r": 2.8}, "geometry": {"type": "Point", "coordinates": [392211.2, 5669240.2]}}, {"type": "Feature", "properties": {"h": 16.8, "r": 1.5}, "geometry": {"type": "Point", "coordinates": [392378.2, 5669813.8]}}, {"type": "Feature", "properties": {"h": 15.9, "r": 2.1}, "geometry": {"type": "Point", "coordinates": [392337.2, 5669837.2]}}, {"type": "Feature", "properties": {"h": 16.3, "r": 2.1}, "geometry": {"type": "Point", "coordinates": [392929.2, 5668085.8]}}, {"type": "Feature", "properties": {"h": 16.7, "r": 3.4}, "geometry": {"type": "Point", "coordinates": [393241.8, 5668433.8]}}, {"type": "Feature", "properties": {"h": 16.2, "r": 1.8}, "geometry": {"type": "Point", "coordinates": [392943.8, 5668023.8]}}, {"type": "Feature", "properties": {"h": 15.7, "r": 2.1}, "geometry": {"type": "Point", "coordinates": [392496.2, 5669475.8]}}, {"type": "Feature", "properties": {"h": 15.2, "r": 3.6}, "geometry": {"type": "Point", "coordinates": [393999.8, 5668597.8]}}, {"type": "Feature", "properties": {"h": 16.0, "r": 2.0}, "geometry": {"type": "Point", "coordinates": [392379.8, 5669809.2]}}, {"type": "Feature", "properties": {"h": 16.9, "r": 2.5}, "geometry": {"type": "Point", "coordinates": [393507.2, 5668830.2]}}, {"type": "Feature", "properties": {"h": 15.5, "r": 3.4}, "geometry": {"type": "Point", "coordinates": [393169.8, 5668120.8]}}, {"type": "Feature", "properties": {"h": 16.8, "r": 1.4}, "geometry": {"type": "Point", "coordinates": [392504.2, 5669064.8]}}, {"type": "Feature", "properties": {"h": 14.7, "r": 1.8}, "geometry": {"type": "Point", "coordinates": [392925.2, 5669876.2]}}, {"type": "Feature", "properties": {"h": 16.3, "r": 1.6}, "geometry": {"type": "Point", "coordinates": [392997.2, 5669696.2]}}, {"type": "Feature", "properties": {"h": 16.0, "r": 1.4}, "geometry": {"type": "Point", "coordinates": [392506.8, 5668966.2]}}, {"type": "Feature", "properties": {"h": 16.4, "r": 2.5}, "geometry": {"type": "Point", "coordinates": [392096.8, 5668473.2]}}, {"type": "Feature", "properties": {"h": 16.9, "r": 1.5}, "geometry": {"type": "Point", "coordinates": [392829.2, 5668807.2]}}, {"type": "Feature", "properties": {"h": 16.1, "r": 1.8}, "geometry": {"type": "Point", "coordinates": [392237.8, 5669162.2]}}, {"type": "Feature", "properties": {"h": 16.8, "r": 2.5}, "geometry": {"type": "Point", "coordinates": [392189.8, 5669288.2]}}, {"type": "Feature", "properties": {"h": 17.3, "r": 1.6}, "geometry": {"type": "Point", "coordinates": [392548.2, 5668113.2]}}, {"type": "Feature", "properties": {"h": 16.3, "r": 1.6}, "geometry": {"type": "Point", "coordinates": [392566.2, 5668834.8]}}, {"type": "Feature", "properties": {"h": 15.2, "r": 2.2}, "geometry": {"type": "Point", "coordinates": [392297.8, 5668138.2]}}, {"type": "Feature", "properties": {"h": 15.6, "r": 3.6}, "geometry": {"type": "Point", "coordinates": [393567.8, 5669998.8]}}, {"type": "Feature", "properties": {"h": 16.3, "r": 2.2}, "geometry": {"type": "Point", "coordinates": [393803.8, 5668916.2]}}, {"type": "Feature", "properties": {"h": 15.8, "r": 1.5}, "geometry": {"type": "Point", "coordinates": [393471.2, 5668030.2]}}, {"type": "Feature", "properties": {"h": 15.7, "r": 2.9}, "geometry": {"type": "Point", "coordinates": [392178.8, 5669299.8]}}, {"type": "Feature", "properties": {"h": 16.0, "r": 2.5}, "geometry": {"type": "Point", "coordinates": [393390.8, 5668155.2]}}, {"type": "Feature", "properties": {"h": 15.9, "r": 2.0}, "geometry": {"type": "Point", "coordinates": [393305.2, 5669207.8]}}, {"type": "Feature", "properties": {"h": 16.9, "r": 2.5}, "geometry": {"type": "Point", "coordinates": [393578.2, 5668108.8]}}, {"type": "Feature", "properties": {"h": 16.6, "r": 2.5}, "geometry": {"type": "Point", "coordinates": [392938.8, 5668911.8]}}, {"type": "Feature", "properties": {"h": 16.3, "r": 1.6}, "geometry": {"type": "Point", "coordinates": [392711.2, 5668895.8]}}, {"type": "Feature", "properties": {"h": 17.0, "r": 1.1}, "geometry": {"type": "Point", "coordinates": [392782.8, 5669193.2]}}, {"type": "Feature", "properties": {"h": 16.8, "r": 2.1}, "geometry": {"type": "Point", "coordinates": [392896.2, 5669774.8]}}, {"type": "Feature", "properties": {"h": 15.6, "r": 3.0}, "geometry": {"type": "Point", "coordinates": [393526.8, 5668256.8]}}, {"type": "Feature", "properties": {"h": 15.8, "r": 3.5}, "geometry": {"type": "Point", "coordinates": [393810.8, 5669533.2]}}, {"type": "Feature", "properties": {"h": 15.9, "r": 3.8}, "geometry": {"type": "Point", "coordinates": [392357.8, 5668885.8]}}, {"type": "Feature", "properties": {"h": 16.2, "r": 2.2}, "geometry": {"type": "Point", "coordinates": [393801.8, 5669375.8]}}, {"type": "Feature", "properties": {"h": 15.8, "r": 2.5}, "geometry": {"type": "Point", "coordinates": [393759.2, 5669346.2]}}, {"type": "Feature", "properties": {"h": 15.8, "r": 1.8}, "geometry": {"type": "Point", "coordinates": [393458.8, 5668039.2]}}, {"type": "Feature", "properties": {"h": 15.4, "r": 3.4}, "geometry": {"type": "Point", "coordinates": [393145.2, 5668679.8]}}, {"type": "Feature", "properties": {"h": 15.2, "r": 1.6}, "geometry": {"type": "Point", "coordinates": [392326.8, 5668812.2]}}, {"type": "Feature", "properties": {"h": 16.6, "r": 5.2}, "geometry": {"type": "Point", "coordinates": [392717.8, 5669140.8]}}, {"type": "Feature", "properties": {"h": 16.3, "r": 3.9}, "geometry": {"type": "Point", "coordinates": [392343.8, 5668867.2]}}, {"type": "Feature", "properties": {"h": 16.6, "r": 1.6}, "geometry": {"type": "Point", "coordinates": [393757.2, 5668882.2]}}, {"type": "Feature", "properties": {"h": 16.9, "r": 1.4}, "geometry": {"type": "Point", "coordinates": [392503.2, 5668969.2]}}, {"type": "Feature", "properties": {"h": 16.2, "r": 2.5}, "geometry": {"type": "Point", "coordinates": [393743.2, 5668999.8]}}, {"type": "Feature", "properties": {"h": 15.0, "r": 2.5}, "geometry": {"type": "Point", "coordinates": [392177.2, 5669269.8]}}, {"type": "Feature", "properties": {"h": 15.8, "r": 1.8}, "geometry": {"type": "Point", "coordinates": [393392.8, 5668803.2]}}, {"type": "Feature", "properties": {"h": 20.7, "r": 1.1}, "geometry": {"type": "Point", "coordinates": [392785.8, 5668762.8]}}, {"type": "Feature", "properties": {"h": 15.9, "r": 2.7}, "geometry": {"type": "Point", "coordinates": [392350.8, 5669817.8]}}, {"type": "Feature", "properties": {"h": 15.0, "r": 1.8}, "geometry": {"type": "Point", "coordinates": [393212.2, 5668387.8]}}, {"type": "Feature", "properties": {"h": 13.9, "r": 2.5}, "geometry": {"type": "Point", "coordinates": [392779.8, 5669291.2]}}, {"type": "Feature", "properties": {"h": 16.2, "r": 1.6}, "geometry": {"type": "Point", "coordinates": [392524.8, 5669017.2]}}, {"type": "Feature", "properties": {"h": 15.5, "r": 2.1}, "geometry": {"type": "Point", "coordinates": [392642.2, 5668312.8]}}, {"type": "Feature", "properties": {"h": 15.3, "r": 3.5}, "geometry": {"type": "Point", "coordinates": [392635.2, 5668422.8]}}, {"type": "Feature", "properties": {"h": 16.0, "r": 2.7}, "geometry": {"type": "Point", "coordinates": [393335.8, 5668448.8]}}, {"type": "Feature", "properties": {"h": 17.9, "r": 1.5}, "geometry": {"type": "Point", "coordinates": [393100.2, 5669328.2]}}, {"type": "Feature", "properties": {"h": 17.5, "r": 2.0}, "geometry": {"type": "Point", "coordinates": [392178.8, 5669511.2]}}, {"type": "Feature", "properties": {"h": 16.3, "r": 2.5}, "geometry": {"type": "Point", "coordinates": [392181.2, 5669292.8]}}, {"type": "Feature", "properties": {"h": 16.0, "r": 4.6}, "geometry": {"type": "Point", "coordinates": [392340.2, 5668868.2]}}, {"type": "Feature", "properties": {"h": 16.2, "r": 2.1}, "geometry": {"type": "Point", "coordinates": [393517.2, 5669453.8]}}, {"type": "Feature", "properties": {"h": 20.0, "r": 1.5}, "geometry": {"type": "Point", "coordinates": [393597.2, 5669218.2]}}, {"type": "Feature", "properties": {"h": 15.5, "r": 2.1}, "geometry": {"type": "Point", "coordinates": [393607.8, 5669479.8]}}, {"type": "Feature", "properties": {"h": 16.3, "r": 2.1}, "geometry": {"type": "Point", "coordinates": [393720.2, 5669478.8]}}, {"type": "Feature", "properties": {"h": 16.3, "r": 2.5}, "geometry": {"type": "Point", "coordinates": [393317.2, 5668345.2]}}, {"type": "Feature", "properties": {"h": 15.6, "r": 2.1}, "geometry": {"type": "Point", "coordinates": [393231.2, 5669071.8]}}, {"type": "Feature", "properties": {"h": 16.0, "r": 3.6}, "geometry": {"type": "Point", "coordinates": [393554.2, 5668317.8]}}, {"type": "Feature", "properties": {"h": 15.6, "r": 1.4}, "geometry": {"type": "Point", "coordinates": [392296.2, 5669790.8]}}, {"type": "Feature", "properties": {"h": 16.1, "r": 2.0}, "geometry": {"type": "Point", "coordinates": [393381.8, 5668144.2]}}, {"type": "Feature", "properties": {"h": 15.7, "r": 2.5}, "geometry": {"type": "Point", "coordinates": [392579.8, 5669180.2]}}, {"type": "Feature", "properties": {"h": 19.7, "r": 1.4}, "geometry": {"type": "Point", "coordinates": [392360.2, 5669093.2]}}, {"type": "Feature", "properties": {"h": 16.4, "r": 1.1}, "geometry": {"type": "Point", "coordinates": [393018.2, 5669354.8]}}, {"type": "Feature", "properties": {"h": 16.1, "r": 1.4}, "geometry": {"type": "Point", "coordinates": [393486.2, 5669570.8]}}, {"type": "Feature", "properties": {"h": 16.1, "r": 3.6}, "geometry": {"type": "Point", "coordinates": [392223.2, 5669866.8]}}, {"type": "Feature", "properties": {"h": 15.8, "r": 3.2}, "geometry": {"type": "Point", "coordinates": [392618.8, 5668859.8]}}, {"type": "Feature", "properties": {"h": 15.5, "r": 2.5}, "geometry": {"type": "Point", "coordinates": [393683.2, 5669490.2]}}, {"type": "Feature", "properties": {"h": 16.0, "r": 2.8}, "geometry": {"type": "Point", "coordinates": [392133.2, 5668072.8]}}, {"type": "Feature", "properties": {"h": 16.3, "r": 3.6}, "geometry": {"type": "Point", "coordinates": [392238.8, 5668562.8]}}, {"type": "Feature", "properties": {"h": 14.4, "r": 2.1}, "geometry": {"type": "Point", "coordinates": [392723.2, 5668891.2]}}, {"type": "Feature", "properties": {"h": 16.6, "r": 1.4}, "geometry": {"type": "Point", "coordinates": [392445.2, 5669847.8]}}, {"type": "Feature", "properties": {"h": 15.8, "r": 2.0}, "geometry": {"type": "Point", "coordinates": [392040.8, 5668018.8]}}, {"type": "Feature", "properties": {"h": 15.8, "r": 1.6}, "geometry": {"type": "Point", "coordinates": [393816.8, 5668722.2]}}, {"type": "Feature", "properties": {"h": 15.9, "r": 2.0}, "geometry": {"type": "Point", "coordinates": [393539.8, 5669513.2]}}, {"type": "Feature", "properties": {"h": 14.9, "r": 1.6}, "geometry": {"type": "Point", "coordinates": [392343.8, 5668271.8]}}, {"type": "Feature", "properties": {"h": 16.6, "r": 1.1}, "geometry": {"type": "Point", "coordinates": [392902.2, 5668352.8]}}, {"type": "Feature", "properties": {"h": 16.2, "r": 2.0}, "geometry": {"type": "Point", "coordinates": [392574.8, 5669921.8]}}, {"type": "Feature", "properties": {"h": 15.4, "r": 4.6}, "geometry": {"type": "Point", "coordinates": [392131.2, 5669189.2]}}, {"type": "Feature", "properties": {"h": 16.3, "r": 3.0}, "geometry": {"type": "Point", "coordinates": [392620.2, 5669184.8]}}, {"type": "Feature", "properties": {"h": 17.0, "r": 2.2}, "geometry": {"type": "Point", "coordinates": [392990.2, 5669704.8]}}, {"type": "Feature", "properties": {"h": 15.6, "r": 2.0}, "geometry": {"type": "Point", "coordinates": [392091.8, 5669790.8]}}, {"type": "Feature", "properties": {"h": 15.5, "r": 2.5}, "geometry": {"type": "Point", "coordinates": [393209.2, 5669416.8]}}, {"type": "Feature", "properties": {"h": 16.8, "r": 1.5}, "geometry": {"type": "Point", "coordinates": [392446.8, 5668390.8]}}, {"type": "Feature", "properties": {"h": 15.1, "r": 3.9}, "geometry": {"type": "Point", "coordinates": [392242.8, 5668564.2]}}, {"type": "Feature", "properties": {"h": 15.9, "r": 2.5}, "geometry": {"type": "Point", "coordinates": [393750.8, 5669499.2]}}, {"type": "Feature", "properties": {"h": 14.9, "r": 1.4}, "geometry": {"type": "Point", "coordinates": [393350.8, 5668405.2]}}, {"type": "Feature", "properties": {"h": 14.8, "r": 5.1}, "geometry": {"type": "Point", "coordinates": [392129.8, 5669193.2]}}, {"type": "Feature", "properties": {"h": 16.2, "r": 1.8}, "geometry": {"type": "Point", "coordinates": [393978.2, 5668406.8]}}, {"type": "Feature", "properties": {"h": 15.1, "r": 3.0}, "geometry": {"type": "Point", "coordinates": [392809.8, 5669394.2]}}, {"type": "Feature", "properties": {"h": 17.0, "r": 3.0}, "geometry": {"type": "Point", "coordinates": [392580.2, 5669115.2]}}, {"type": "Feature", "properties": {"h": 16.0, "r": 1.8}, "geometry": {"type": "Point", "coordinates": [393277.2, 5668079.8]}}, {"type": "Feature", "properties": {"h": 15.8, "r": 1.0}, "geometry": {"type": "Point", "coordinates": [392705.8, 5668818.8]}}, {"type": "Feature", "properties": {"h": 14.9, "r": 2.5}, "geometry": {"type": "Point", "coordinates": [392073.8, 5668483.8]}}, {"type": "Feature", "properties": {"h": 15.2, "r": 2.5}, "geometry": {"type": "Point", "coordinates": [392942.8, 5668029.8]}}, {"type": "Feature", "properties": {"h": 15.7, "r": 2.1}, "geometry": {"type": "Point", "coordinates": [393410.8, 5668436.8]}}, {"type": "Feature", "properties": {"h": 16.2, "r": 1.6}, "geometry": {"type": "Point", "coordinates": [393151.2, 5668842.2]}}, {"type": "Feature", "properties": {"h": 16.5, "r": 1.1}, "geometry": {"type": "Point", "coordinates": [393627.8, 5668069.8]}}, {"type": "Feature", "properties": {"h": 14.6, "r": 1.1}, "geometry": {"type": "Point", "coordinates": [392237.8, 5669080.2]}}, {"type": "Feature", "properties": {"h": 15.6, "r": 1.8}, "geometry": {"type": "Point", "coordinates": [392494.8, 5668091.8]}}, {"type": "Feature", "properties": {"h": 13.7, "r": 2.1}, "geometry": {"type": "Point", "coordinates": [392482.8, 5669834.2]}}, {"type": "Feature", "properties": {"h": 15.0, "r": 1.6}, "geometry": {"type": "Point", "coordinates": [392632.2, 5669283.8]}}, {"type": "Feature", "properties": {"h": 16.5, "r": 1.0}, "geometry": {"type": "Point", "coordinates": [392424.2, 5668542.8]}}, {"type": "Feature", "properties": {"h": 15.6, "r": 2.9}, "geometry": {"type": "Point", "coordinates": [392320.2, 5668853.8]}}, {"type": "Feature", "properties": {"h": 15.2, "r": 2.5}, "geometry": {"type": "Point", "coordinates": [393332.8, 5668331.2]}}, {"type": "Feature", "properties": {"h": 15.8, "r": 3.5}, "geometry": {"type": "Point", "coordinates": [393687.2, 5669492.2]}}, {"type": "Feature", "properties": {"h": 14.8, "r": 1.5}, "geometry": {"type": "Point", "coordinates": [392920.8, 5669875.2]}}, {"type": "Feature", "properties": {"h": 15.2, "r": 2.2}, "geometry": {"type": "Point", "coordinates": [392141.2, 5668755.2]}}, {"type": "Feature", "properties": {"h": 15.5, "r": 2.7}, "geometry": {"type": "Point", "coordinates": [393315.8, 5668494.8]}}, {"type": "Feature", "properties": {"h": 16.0, "r": 2.5}, "geometry": {"type": "Point", "coordinates": [392171.8, 5669292.8]}}, {"type": "Feature", "properties": {"h": 15.7, "r": 1.8}, "geometry": {"type": "Point", "coordinates": [392766.2, 5668812.8]}}, {"type": "Feature", "properties": {"h": 15.4, "r": 1.8}, "geometry": {"type": "Point", "coordinates": [393380.2, 5668237.8]}}, {"type": "Feature", "properties": {"h": 15.5, "r": 2.7}, "geometry": {"type": "Point", "coordinates": [392391.2, 5669846.2]}}, {"type": "Feature", "properties": {"h": 15.7, "r": 3.6}, "geometry": {"type": "Point", "coordinates": [392460.2, 5668972.2]}}, {"type": "Feature", "properties": {"h": 16.5, "r": 2.5}, "geometry": {"type": "Point", "coordinates": [393313.8, 5668287.2]}}, {"type": "Feature", "properties": {"h": 16.7, "r": 2.5}, "geometry": {"type": "Point", "coordinates": [392709.8, 5668819.8]}}, {"type": "Feature", "properties": {"h": 15.7, "r": 1.8}, "geometry": {"type": "Point", "coordinates": [392920.2, 5668192.8]}}, {"type": "Feature", "properties": {"h": 15.8, "r": 2.1}, "geometry": {"type": "Point", "coordinates": [393336.2, 5668558.8]}}, {"type": "Feature", "properties": {"h": 15.5, "r": 2.1}, "geometry": {"type": "Point", "coordinates": [392565.8, 5669041.2]}}, {"type": "Feature", "properties": {"h": 15.9, "r": 2.1}, "geometry": {"type": "Point", "coordinates": [393647.2, 5669148.2]}}, {"type": "Feature", "properties": {"h": 16.5, "r": 2.2}, "geometry": {"type": "Point", "coordinates": [392301.2, 5669807.8]}}, {"type": "Feature", "properties": {"h": 15.2, "r": 2.1}, "geometry": {"type": "Point", "coordinates": [393070.8, 5669169.8]}}, {"type": "Feature", "properties": {"h": 15.0, "r": 2.0}, "geometry": {"type": "Point", "coordinates": [393999.8, 5668678.2]}}, {"type": "Feature", "properties": {"h": 16.3, "r": 3.2}, "geometry": {"type": "Point", "coordinates": [393373.8, 5668800.2]}}, {"type": "Feature", "properties": {"h": 15.6, "r": 1.8}, "geometry": {"type": "Point", "coordinates": [393803.2, 5669673.2]}}, {"type": "Feature", "properties": {"h": 15.1, "r": 1.8}, "geometry": {"type": "Point", "coordinates": [392312.2, 5668221.2]}}, {"type": "Feature", "properties": {"h": 15.1, "r": 1.8}, "geometry": {"type": "Point", "coordinates": [392891.2, 5668400.8]}}, {"type": "Feature", "properties": {"h": 15.6, "r": 4.3}, "geometry": {"type": "Point", "coordinates": [393437.8, 5668007.8]}}, {"type": "Feature", "properties": {"h": 15.2, "r": 1.8}, "geometry": {"type": "Point", "coordinates": [392558.2, 5668037.2]}}, {"type": "Feature", "properties": {"h": 15.5, "r": 2.7}, "geometry": {"type": "Point", "coordinates": [393487.2, 5668693.8]}}, {"type": "Feature", "properties": {"h": 16.4, "r": 1.6}, "geometry": {"type": "Point", "coordinates": [393174.8, 5669364.8]}}, {"type": "Feature", "properties": {"h": 14.9, "r": 3.9}, "geometry": {"type": "Point", "coordinates": [393810.2, 5669209.2]}}, {"type": "Feature", "properties": {"h": 16.6, "r": 3.5}, "geometry": {"type": "Point", "coordinates": [392297.2, 5668850.2]}}, {"type": "Feature", "properties": {"h": 17.7, "r": 2.2}, "geometry": {"type": "Point", "coordinates": [392675.2, 5668836.2]}}, {"type": "Feature", "properties": {"h": 16.6, "r": 1.1}, "geometry": {"type": "Point", "coordinates": [392271.8, 5669900.2]}}, {"type": "Feature", "properties": {"h": 15.1, "r": 2.0}, "geometry": {"type": "Point", "coordinates": [392430.8, 5668525.8]}}, {"type": "Feature", "properties": {"h": 16.3, "r": 2.7}, "geometry": {"type": "Point", "coordinates": [392376.2, 5668109.8]}}, {"type": "Feature", "properties": {"h": 18.1, "r": 1.6}, "geometry": {"type": "Point", "coordinates": [392742.2, 5669535.2]}}, {"type": "Feature", "properties": {"h": 15.3, "r": 3.5}, "geometry": {"type": "Point", "coordinates": [393296.2, 5668449.8]}}, {"type": "Feature", "properties": {"h": 15.1, "r": 4.3}, "geometry": {"type": "Point", "coordinates": [393945.8, 5668690.8]}}, {"type": "Feature", "properties": {"h": 16.6, "r": 2.0}, "geometry": {"type": "Point", "coordinates": [393466.2, 5669902.8]}}, {"type": "Feature", "properties": {"h": 15.3, "r": 1.6}, "geometry": {"type": "Point", "coordinates": [393467.2, 5668236.8]}}, {"type": "Feature", "properties": {"h": 14.9, "r": 1.8}, "geometry": {"type": "Point", "coordinates": [392144.8, 5668759.2]}}, {"type": "Feature", "properties": {"h": 15.3, "r": 1.8}, "geometry": {"type": "Point", "coordinates": [392930.2, 5668079.8]}}, {"type": "Feature", "properties": {"h": 15.1, "r": 3.2}, "geometry": {"type": "Point", "coordinates": [392101.8, 5669189.8]}}, {"type": "Feature", "properties": {"h": 15.5, "r": 2.2}, "geometry": {"type": "Point", "coordinates": [392291.8, 5669792.8]}}, {"type": "Feature", "properties": {"h": 15.1, "r": 3.2}, "geometry": {"type": "Point", "coordinates": [393667.8, 5669783.8]}}, {"type": "Feature", "properties": {"h": 15.6, "r": 1.8}, "geometry": {"type": "Point", "coordinates": [393250.8, 5668137.8]}}, {"type": "Feature", "properties": {"h": 16.6, "r": 4.0}, "geometry": {"type": "Point", "coordinates": [392301.8, 5669204.8]}}, {"type": "Feature", "properties": {"h": 15.3, "r": 2.1}, "geometry": {"type": "Point", "coordinates": [392382.8, 5669852.8]}}, {"type": "Feature", "properties": {"h": 15.0, "r": 2.0}, "geometry": {"type": "Point", "coordinates": [392156.8, 5669362.2]}}, {"type": "Feature", "properties": {"h": 15.6, "r": 1.4}, "geometry": {"type": "Point", "coordinates": [393533.2, 5668235.8]}}, {"type": "Feature", "properties": {"h": 13.8, "r": 2.5}, "geometry": {"type": "Point", "coordinates": [393402.8, 5668474.8]}}, {"type": "Feature", "properties": {"h": 15.8, "r": 2.0}, "geometry": {"type": "Point", "coordinates": [393977.2, 5668368.8]}}, {"type": "Feature", "properties": {"h": 14.6, "r": 3.2}, "geometry": {"type": "Point", "coordinates": [392368.2, 5668932.2]}}, {"type": "Feature", "properties": {"h": 14.5, "r": 2.7}, "geometry": {"type": "Point", "coordinates": [392744.8, 5669541.2]}}, {"type": "Feature", "properties": {"h": 16.2, "r": 1.4}, "geometry": {"type": "Point", "coordinates": [392137.8, 5669204.2]}}, {"type": "Feature", "properties": {"h": 14.6, "r": 1.8}, "geometry": {"type": "Point", "coordinates": [393112.2, 5668393.8]}}, {"type": "Feature", "properties": {"h": 16.4, "r": 3.0}, "geometry": {"type": "Point", "coordinates": [392733.8, 5668811.8]}}, {"type": "Feature", "properties": {"h": 15.6, "r": 4.5}, "geometry": {"type": "Point", "coordinates": [392434.8, 5668152.2]}}, {"type": "Feature", "properties": {"h": 15.0, "r": 1.8}, "geometry": {"type": "Point", "coordinates": [393924.8, 5669649.8]}}, {"type": "Feature", "properties": {"h": 14.5, "r": 2.5}, "geometry": {"type": "Point", "coordinates": [393289.2, 5668160.2]}}, {"type": "Feature", "properties": {"h": 15.6, "r": 1.0}, "geometry": {"type": "Point", "coordinates": [393324.2, 5668344.2]}}, {"type": "Feature", "properties": {"h": 18.2, "r": 1.4}, "geometry": {"type": "Point", "coordinates": [393066.8, 5669480.2]}}, {"type": "Feature", "properties": {"h": 14.4, "r": 2.1}, "geometry": {"type": "Point", "coordinates": [392666.2, 5668996.2]}}, {"type": "Feature", "properties": {"h": 15.2, "r": 2.0}, "geometry": {"type": "Point", "coordinates": [392723.2, 5669301.8]}}, {"type": "Feature", "properties": {"h": 15.4, "r": 1.8}, "geometry": {"type": "Point", "coordinates": [392142.8, 5669211.2]}}, {"type": "Feature", "properties": {"h": 15.0, "r": 2.5}, "geometry": {"type": "Point", "coordinates": [392722.8, 5669561.2]}}, {"type": "Feature", "properties": {"h": 15.4, "r": 1.6}, "geometry": {"type": "Point", "coordinates": [393472.8, 5668208.2]}}, {"type": "Feature", "properties": {"h": 15.0, "r": 2.9}, "geometry": {"type": "Point", "coordinates": [393774.2, 5669053.2]}}, {"type": "Feature", "properties": {"h": 15.6, "r": 2.5}, "geometry": {"type": "Point", "coordinates": [392525.8, 5669376.2]}}, {"type": "Feature", "properties": {"h": 14.9, "r": 1.6}, "geometry": {"type": "Point", "coordinates": [393983.8, 5668672.2]}}, {"type": "Feature", "properties": {"h": 15.2, "r": 1.1}, "geometry": {"type": "Point", "coordinates": [392392.2, 5668915.8]}}, {"type": "Feature", "properties": {"h": 14.7, "r": 2.1}, "geometry": {"type": "Point", "coordinates": [392715.2, 5668855.8]}}, {"type": "Feature", "properties": {"h": 15.4, "r": 1.8}, "geometry": {"type": "Point", "coordinates": [393512.8, 5669452.8]}}, {"type": "Feature", "properties": {"h": 15.5, "r": 2.1}, "geometry": {"type": "Point", "coordinates": [392445.8, 5668387.2]}}, {"type": "Feature", "properties": {"h": 14.9, "r": 2.0}, "geometry": {"type": "Point", "coordinates": [393542.2, 5669509.2]}}, {"type": "Feature", "properties": {"h": 15.6, "r": 1.4}, "geometry": {"type": "Point", "coordinates": [393271.2, 5668190.2]}}, {"type": "Feature", "properties": {"h": 14.4, "r": 1.8}, "geometry": {"type": "Point", "coordinates": [392272.8, 5668696.2]}}, {"type": "Feature", "properties": {"h": 16.2, "r": 2.1}, "geometry": {"type": "Point", "coordinates": [392210.2, 5669112.8]}}, {"type": "Feature", "properties": {"h": 15.1, "r": 2.2}, "geometry": {"type": "Point", "coordinates": [392782.8, 5669188.8]}}, {"type": "Feature", "properties": {"h": 16.0, "r": 1.4}, "geometry": {"type": "Point", "coordinates": [392274.2, 5668691.8]}}, {"type": "Feature", "properties": {"h": 16.6, "r": 1.1}, "geometry": {"type": "Point", "coordinates": [392553.2, 5668778.8]}}, {"type": "Feature", "properties": {"h": 14.6, "r": 2.5}, "geometry": {"type": "Point", "coordinates": [393343.2, 5668352.8]}}, {"type": "Feature", "properties": {"h": 14.6, "r": 2.1}, "geometry": {"type": "Point", "coordinates": [393529.8, 5668768.2]}}, {"type": "Feature", "properties": {"h": 16.1, "r": 2.7}, "geometry": {"type": "Point", "coordinates": [392607.8, 5669064.8]}}, {"type": "Feature", "properties": {"h": 15.3, "r": 1.5}, "geometry": {"type": "Point", "coordinates": [393611.8, 5669479.8]}}, {"type": "Feature", "properties": {"h": 15.8, "r": 3.2}, "geometry": {"type": "Point", "coordinates": [392894.2, 5669312.2]}}, {"type": "Feature", "properties": {"h": 14.9, "r": 2.1}, "geometry": {"type": "Point", "coordinates": [392710.8, 5668880.8]}}, {"type": "Feature", "properties": {"h": 15.4, "r": 3.8}, "geometry": {"type": "Point", "coordinates": [393219.8, 5668433.8]}}, {"type": "Feature", "properties": {"h": 14.9, "r": 2.5}, "geometry": {"type": "Point", "coordinates": [392001.8, 5669335.8]}}, {"type": "Feature", "properties": {"h": 14.7, "r": 2.1}, "geometry": {"type": "Point", "coordinates": [392910.8, 5669770.8]}}, {"type": "Feature", "properties": {"h": 15.3, "r": 2.0}, "geometry": {"type": "Point", "coordinates": [393438.2, 5668430.2]}}, {"type": "Feature", "properties": {"h": 16.4, "r": 2.2}, "geometry": {"type": "Point", "coordinates": [392267.2, 5669834.8]}}, {"type": "Feature", "properties": {"h": 15.4, "r": 2.1}, "geometry": {"type": "Point", "coordinates": [392046.2, 5668434.2]}}, {"type": "Feature", "properties": {"h": 14.9, "r": 2.5}, "geometry": {"type": "Point", "coordinates": [392307.2, 5669254.2]}}, {"type": "Feature", "properties": {"h": 15.4, "r": 3.2}, "geometry": {"type": "Point", "coordinates": [392303.2, 5669192.8]}}, {"type": "Feature", "properties": {"h": 16.2, "r": 1.8}, "geometry": {"type": "Point", "coordinates": [392955.2, 5669889.2]}}, {"type": "Feature", "properties": {"h": 15.1, "r": 2.0}, "geometry": {"type": "Point", "coordinates": [392859.2, 5669788.8]}}, {"type": "Feature", "properties": {"h": 15.4, "r": 1.5}, "geometry": {"type": "Point", "coordinates": [393903.2, 5669520.2]}}, {"type": "Feature", "properties": {"h": 17.7, "r": 3.5}, "geometry": {"type": "Point", "coordinates": [392314.8, 5668836.2]}}, {"type": "Feature", "properties": {"h": 14.8, "r": 2.0}, "geometry": {"type": "Point", "coordinates": [393736.2, 5669005.8]}}, {"type": "Feature", "properties": {"h": 14.2, "r": 2.0}, "geometry": {"type": "Point", "coordinates": [393461.8, 5668486.8]}}, {"type": "Feature", "properties": {"h": 15.4, "r": 2.2}, "geometry": {"type": "Point", "coordinates": [393366.8, 5668337.2]}}, {"type": "Feature", "properties": {"h": 14.3, "r": 1.8}, "geometry": {"type": "Point", "coordinates": [392452.8, 5669813.8]}}, {"type": "Feature", "properties": {"h": 16.3, "r": 2.5}, "geometry": {"type": "Point", "coordinates": [392881.2, 5669808.2]}}, {"type": "Feature", "properties": {"h": 14.0, "r": 3.5}, "geometry": {"type": "Point", "coordinates": [393397.8, 5668144.2]}}, {"type": "Feature", "properties": {"h": 14.4, "r": 1.8}, "geometry": {"type": "Point", "coordinates": [392836.8, 5668571.2]}}, {"type": "Feature", "properties": {"h": 16.4, "r": 1.0}, "geometry": {"type": "Point", "coordinates": [393159.8, 5669362.8]}}, {"type": "Feature", "properties": {"h": 14.9, "r": 2.5}, "geometry": {"type": "Point", "coordinates": [393229.8, 5668150.2]}}, {"type": "Feature", "properties": {"h": 15.9, "r": 1.6}, "geometry": {"type": "Point", "coordinates": [392393.8, 5668908.8]}}, {"type": "Feature", "properties": {"h": 15.1, "r": 2.2}, "geometry": {"type": "Point", "coordinates": [393732.8, 5669008.2]}}, {"type": "Feature", "properties": {"h": 14.8, "r": 1.8}, "geometry": {"type": "Point", "coordinates": [392285.2, 5668136.8]}}, {"type": "Feature", "properties": {"h": 15.8, "r": 1.8}, "geometry": {"type": "Point", "coordinates": [392434.2, 5669055.8]}}, {"type": "Feature", "properties": {"h": 14.7, "r": 2.2}, "geometry": {"type": "Point", "coordinates": [392742.2, 5668043.2]}}, {"type": "Feature", "properties": {"h": 15.1, "r": 1.8}, "geometry": {"type": "Point", "coordinates": [393560.8, 5669489.2]}}, {"type": "Feature", "properties": {"h": 15.7, "r": 2.2}, "geometry": {"type": "Point", "coordinates": [393375.8, 5668196.2]}}, {"type": "Feature", "properties": {"h": 15.7, "r": 1.4}, "geometry": {"type": "Point", "coordinates": [392654.8, 5668874.8]}}, {"type": "Feature", "properties": {"h": 15.3, "r": 3.0}, "geometry": {"type": "Point", "coordinates": [392628.2, 5669212.8]}}, {"type": "Feature", "properties": {"h": 16.1, "r": 2.1}, "geometry": {"type": "Point", "coordinates": [392013.2, 5668154.2]}}, {"type": "Feature", "properties": {"h": 15.0, "r": 2.1}, "geometry": {"type": "Point", "coordinates": [392029.2, 5669482.8]}}, {"type": "Feature", "properties": {"h": 14.3, "r": 2.0}, "geometry": {"type": "Point", "coordinates": [392530.2, 5669779.8]}}, {"type": "Feature", "properties": {"h": 15.4, "r": 1.1}, "geometry": {"type": "Point", "coordinates": [393648.8, 5669464.8]}}, {"type": "Feature", "properties": {"h": 15.4, "r": 2.2}, "geometry": {"type": "Point", "coordinates": [392989.2, 5669746.2]}}, {"type": "Feature", "properties": {"h": 15.4, "r": 2.5}, "geometry": {"type": "Point", "coordinates": [392487.2, 5668775.2]}}, {"type": "Feature", "properties": {"h": 16.0, "r": 2.5}, "geometry": {"type": "Point", "coordinates": [392695.2, 5668808.2]}}, {"type": "Feature", "properties": {"h": 15.7, "r": 2.5}, "geometry": {"type": "Point", "coordinates": [393585.8, 5668026.2]}}, {"type": "Feature", "properties": {"h": 15.1, "r": 3.9}, "geometry": {"type": "Point", "coordinates": [392671.2, 5668145.2]}}, {"type": "Feature", "properties": {"h": 14.9, "r": 2.2}, "geometry": {"type": "Point", "coordinates": [393313.8, 5668622.8]}}, {"type": "Feature", "properties": {"h": 16.3, "r": 2.1}, "geometry": {"type": "Point", "coordinates": [393341.2, 5668452.8]}}, {"type": "Feature", "properties": {"h": 14.9, "r": 2.5}, "geometry": {"type": "Point", "coordinates": [393994.8, 5668677.2]}}, {"type": "Feature", "properties": {"h": 16.2, "r": 1.8}, "geometry": {"type": "Point", "coordinates": [392945.8, 5668390.2]}}, {"type": "Feature", "properties": {"h": 16.3, "r": 1.8}, "geometry": {"type": "Point", "coordinates": [393521.2, 5668793.2]}}, {"type": "Feature", "properties": {"h": 14.9, "r": 2.9}, "geometry": {"type": "Point", "coordinates": [393518.2, 5668800.8]}}, {"type": "Feature", "properties": {"h": 14.5, "r": 2.0}, "geometry": {"type": "Point", "coordinates": [392378.8, 5668888.2]}}, {"type": "Feature", "properties": {"h": 15.5, "r": 1.5}, "geometry": {"type": "Point", "coordinates": [392622.8, 5669061.8]}}, {"type": "Feature", "properties": {"h": 15.5, "r": 2.1}, "geometry": {"type": "Point", "coordinates": [393130.8, 5669284.8]}}, {"type": "Feature", "properties": {"h": 16.7, "r": 1.6}, "geometry": {"type": "Point", "coordinates": [393128.8, 5669370.2]}}, {"type": "Feature", "properties": {"h": 13.7, "r": 1.0}, "geometry": {"type": "Point", "coordinates": [393583.8, 5669480.8]}}, {"type": "Feature", "properties": {"h": 15.1, "r": 2.9}, "geometry": {"type": "Point", "coordinates": [392995.8, 5669550.8]}}, {"type": "Feature", "properties": {"h": 14.9, "r": 1.6}, "geometry": {"type": "Point", "coordinates": [392971.2, 5668052.2]}}, {"type": "Feature", "properties": {"h": 14.7, "r": 2.8}, "geometry": {"type": "Point", "coordinates": [393458.8, 5669520.8]}}, {"type": "Feature", "properties": {"h": 15.8, "r": 1.6}, "geometry": {"type": "Point", "coordinates": [393855.8, 5668372.2]}}, {"type": "Feature", "properties": {"h": 14.9, "r": 2.0}, "geometry": {"type": "Point", "coordinates": [392055.8, 5668470.2]}}, {"type": "Feature", "properties": {"h": 14.9, "r": 2.1}, "geometry": {"type": "Point", "coordinates": [393625.2, 5669167.2]}}, {"type": "Feature", "properties": {"h": 15.4, "r": 2.0}, "geometry": {"type": "Point", "coordinates": [392939.8, 5668122.8]}}, {"type": "Feature", "properties": {"h": 14.8, "r": 1.5}, "geometry": {"type": "Point", "coordinates": [393115.8, 5668803.8]}}, {"type": "Feature", "properties": {"h": 14.8, "r": 2.1}, "geometry": {"type": "Point", "coordinates": [393036.2, 5668139.8]}}, {"type": "Feature", "properties": {"h": 15.1, "r": 2.1}, "geometry": {"type": "Point", "coordinates": [393375.8, 5668589.8]}}, {"type": "Feature", "properties": {"h": 15.4, "r": 1.6}, "geometry": {"type": "Point", "coordinates": [393157.2, 5668840.2]}}, {"type": "Feature", "properties": {"h": 14.7, "r": 1.6}, "geometry": {"type": "Point", "coordinates": [393105.8, 5668768.8]}}, {"type": "Feature", "properties": {"h": 14.8, "r": 2.5}, "geometry": {"type": "Point", "coordinates": [393911.2, 5668602.8]}}, {"type": "Feature", "properties": {"h": 15.1, "r": 2.1}, "geometry": {"type": "Point", "coordinates": [393416.2, 5668362.2]}}, {"type": "Feature", "properties": {"h": 17.7, "r": 1.0}, "geometry": {"type": "Point", "coordinates": [392669.2, 5668801.8]}}, {"type": "Feature", "properties": {"h": 16.0, "r": 2.1}, "geometry": {"type": "Point", "coordinates": [392173.8, 5669360.8]}}, {"type": "Feature", "properties": {"h": 14.8, "r": 2.5}, "geometry": {"type": "Point", "coordinates": [393238.2, 5668168.8]}}, {"type": "Feature", "properties": {"h": 16.5, "r": 2.1}, "geometry": {"type": "Point", "coordinates": [392322.8, 5669781.2]}}, {"type": "Feature", "properties": {"h": 16.8, "r": 1.4}, "geometry": {"type": "Point", "coordinates": [393039.2, 5669407.2]}}, {"type": "Feature", "properties": {"h": 15.8, "r": 2.5}, "geometry": {"type": "Point", "coordinates": [392890.8, 5669304.8]}}, {"type": "Feature", "properties": {"h": 20.6, "r": 1.1}, "geometry": {"type": "Point", "coordinates": [393049.2, 5669416.8]}}, {"type": "Feature", "properties": {"h": 13.9, "r": 2.0}, "geometry": {"type": "Point", "coordinates": [393780.2, 5669048.8]}}, {"type": "Feature", "properties": {"h": 16.3, "r": 1.4}, "geometry": {"type": "Point", "coordinates": [393186.2, 5669384.8]}}, {"type": "Feature", "properties": {"h": 14.3, "r": 4.3}, "geometry": {"type": "Point", "coordinates": [392591.2, 5668418.2]}}, {"type": "Feature", "properties": {"h": 15.2, "r": 1.6}, "geometry": {"type": "Point", "coordinates": [393109.8, 5668389.8]}}, {"type": "Feature", "properties": {"h": 15.5, "r": 2.5}, "geometry": {"type": "Point", "coordinates": [393541.2, 5668657.2]}}, {"type": "Feature", "properties": {"h": 15.8, "r": 2.0}, "geometry": {"type": "Point", "coordinates": [392335.2, 5668786.2]}}, {"type": "Feature", "properties": {"h": 16.0, "r": 2.5}, "geometry": {"type": "Point", "coordinates": [392329.8, 5669848.8]}}, {"type": "Feature", "properties": {"h": 15.4, "r": 1.6}, "geometry": {"type": "Point", "coordinates": [393554.2, 5669492.2]}}, {"type": "Feature", "properties": {"h": 15.4, "r": 1.6}, "geometry": {"type": "Point", "coordinates": [392488.2, 5668771.2]}}, {"type": "Feature", "properties": {"h": 16.1, "r": 2.2}, "geometry": {"type": "Point", "coordinates": [392401.2, 5668158.8]}}, {"type": "Feature", "properties": {"h": 15.5, "r": 2.0}, "geometry": {"type": "Point", "coordinates": [392815.2, 5669290.2]}}, {"type": "Feature", "properties": {"h": 14.3, "r": 2.2}, "geometry": {"type": "Point", "coordinates": [392141.2, 5668770.8]}}, {"type": "Feature", "properties": {"h": 15.3, "r": 1.5}, "geometry": {"type": "Point", "coordinates": [392787.2, 5669188.2]}}, {"type": "Feature", "properties": {"h": 14.6, "r": 1.8}, "geometry": {"type": "Point", "coordinates": [392995.2, 5669703.2]}}, {"type": "Feature", "properties": {"h": 14.6, "r": 3.6}, "geometry": {"type": "Point", "coordinates": [393457.2, 5668787.2]}}, {"type": "Feature", "properties": {"h": 14.9, "r": 1.0}, "geometry": {"type": "Point", "coordinates": [392889.2, 5669073.8]}}, {"type": "Feature", "properties": {"h": 14.8, "r": 2.2}, "geometry": {"type": "Point", "coordinates": [392364.2, 5668732.2]}}, {"type": "Feature", "properties": {"h": 14.4, "r": 2.7}, "geometry": {"type": "Point", "coordinates": [392346.2, 5668877.8]}}, {"type": "Feature", "properties": {"h": 14.7, "r": 1.6}, "geometry": {"type": "Point", "coordinates": [393354.2, 5668352.2]}}, {"type": "Feature", "properties": {"h": 14.7, "r": 1.8}, "geometry": {"type": "Point", "coordinates": [392856.8, 5669871.8]}}, {"type": "Feature", "properties": {"h": 14.6, "r": 2.1}, "geometry": {"type": "Point", "coordinates": [392382.2, 5668502.8]}}, {"type": "Feature", "properties": {"h": 14.2, "r": 1.6}, "geometry": {"type": "Point", "coordinates": [392689.2, 5669082.2]}}, {"type": "Feature", "properties": {"h": 14.3, "r": 1.5}, "geometry": {"type": "Point", "coordinates": [392043.2, 5668331.8]}}, {"type": "Feature", "properties": {"h": 14.3, "r": 2.5}, "geometry": {"type": "Point", "coordinates": [392523.2, 5668004.8]}}, {"type": "Feature", "properties": {"h": 14.8, "r": 1.6}, "geometry": {"type": "Point", "coordinates": [392097.2, 5669136.8]}}, {"type": "Feature", "properties": {"h": 15.0, "r": 1.6}, "geometry": {"type": "Point", "coordinates": [392391.8, 5668932.8]}}, {"type": "Feature", "properties": {"h": 13.8, "r": 2.7}, "geometry": {"type": "Point", "coordinates": [392775.8, 5669140.2]}}, {"type": "Feature", "properties": {"h": 14.5, "r": 2.0}, "geometry": {"type": "Point", "coordinates": [393152.8, 5669348.2]}}, {"type": "Feature", "properties": {"h": 14.3, "r": 3.0}, "geometry": {"type": "Point", "coordinates": [392861.8, 5669866.8]}}, {"type": "Feature", "properties": {"h": 13.1, "r": 3.0}, "geometry": {"type": "Point", "coordinates": [392211.8, 5669460.2]}}, {"type": "Feature", "properties": {"h": 13.4, "r": 3.0}, "geometry": {"type": "Point", "coordinates": [393048.2, 5669652.2]}}, {"type": "Feature", "properties": {"h": 14.4, "r": 2.5}, "geometry": {"type": "Point", "coordinates": [392339.2, 5669769.8]}}, {"type": "Feature", "properties": {"h": 15.7, "r": 2.7}, "geometry": {"type": "Point", "coordinates": [392007.8, 5668578.2]}}, {"type": "Feature", "properties": {"h": 15.8, "r": 2.5}, "geometry": {"type": "Point", "coordinates": [393511.2, 5668824.8]}}, {"type": "Feature", "properties": {"h": 14.3, "r": 2.8}, "geometry": {"type": "Point", "coordinates": [392228.2, 5668699.2]}}, {"type": "Feature", "properties": {"h": 13.9, "r": 1.5}, "geometry": {"type": "Point", "coordinates": [393526.8, 5669510.2]}}, {"type": "Feature", "properties": {"h": 14.9, "r": 2.2}, "geometry": {"type": "Point", "coordinates": [392278.8, 5669801.8]}}, {"type": "Feature", "properties": {"h": 23.5, "r": 1.0}, "geometry": {"type": "Point", "coordinates": [392889.8, 5668825.8]}}, {"type": "Feature", "properties": {"h": 14.7, "r": 2.1}, "geometry": {"type": "Point", "coordinates": [392317.2, 5669826.8]}}, {"type": "Feature", "properties": {"h": 14.8, "r": 1.4}, "geometry": {"type": "Point", "coordinates": [393078.8, 5669468.2]}}, {"type": "Feature", "properties": {"h": 17.2, "r": 2.5}, "geometry": {"type": "Point", "coordinates": [392277.2, 5668107.8]}}, {"type": "Feature", "properties": {"h": 14.5, "r": 1.6}, "geometry": {"type": "Point", "coordinates": [393025.8, 5669676.8]}}, {"type": "Feature", "properties": {"h": 14.2, "r": 1.8}, "geometry": {"type": "Point", "coordinates": [393878.2, 5669509.8]}}, {"type": "Feature", "properties": {"h": 14.5, "r": 2.1}, "geometry": {"type": "Point", "coordinates": [393948.8, 5668885.8]}}, {"type": "Feature", "properties": {"h": 15.7, "r": 2.2}, "geometry": {"type": "Point", "coordinates": [392652.8, 5669076.8]}}, {"type": "Feature", "properties": {"h": 13.6, "r": 2.5}, "geometry": {"type": "Point", "coordinates": [393026.2, 5669685.2]}}, {"type": "Feature", "properties": {"h": 14.6, "r": 2.0}, "geometry": {"type": "Point", "coordinates": [392482.2, 5668352.2]}}, {"type": "Feature", "properties": {"h": 14.7, "r": 2.7}, "geometry": {"type": "Point", "coordinates": [393777.2, 5669555.8]}}, {"type": "Feature", "properties": {"h": 15.2, "r": 2.1}, "geometry": {"type": "Point", "coordinates": [392195.2, 5668560.8]}}, {"type": "Feature", "properties": {"h": 14.9, "r": 1.8}, "geometry": {"type": "Point", "coordinates": [392283.8, 5668873.8]}}, {"type": "Feature", "properties": {"h": 16.8, "r": 1.6}, "geometry": {"type": "Point", "coordinates": [392965.2, 5669003.2]}}, {"type": "Feature", "properties": {"h": 14.6, "r": 1.4}, "geometry": {"type": "Point", "coordinates": [393993.2, 5668655.8]}}, {"type": "Feature", "properties": {"h": 15.4, "r": 1.1}, "geometry": {"type": "Point", "coordinates": [393434.2, 5668034.8]}}, {"type": "Feature", "properties": {"h": 14.6, "r": 2.1}, "geometry": {"type": "Point", "coordinates": [392876.8, 5668179.8]}}, {"type": "Feature", "properties": {"h": 13.8, "r": 2.1}, "geometry": {"type": "Point", "coordinates": [392751.2, 5669415.8]}}, {"type": "Feature", "properties": {"h": 20.5, "r": 1.1}, "geometry": {"type": "Point", "coordinates": [393053.2, 5669420.2]}}, {"type": "Feature", "properties": {"h": 15.4, "r": 1.6}, "geometry": {"type": "Point", "coordinates": [392374.2, 5668002.2]}}, {"type": "Feature", "properties": {"h": 14.4, "r": 2.5}, "geometry": {"type": "Point", "coordinates": [393091.8, 5669565.8]}}, {"type": "Feature", "properties": {"h": 14.6, "r": 2.0}, "geometry": {"type": "Point", "coordinates": [392357.8, 5668894.8]}}, {"type": "Feature", "properties": {"h": 14.7, "r": 2.0}, "geometry": {"type": "Point", "coordinates": [392337.2, 5669051.8]}}, {"type": "Feature", "properties": {"h": 16.7, "r": 1.1}, "geometry": {"type": "Point", "coordinates": [393797.2, 5669023.2]}}, {"type": "Feature", "properties": {"h": 14.4, "r": 1.6}, "geometry": {"type": "Point", "coordinates": [392355.2, 5669057.8]}}, {"type": "Feature", "properties": {"h": 15.9, "r": 1.5}, "geometry": {"type": "Point", "coordinates": [392845.2, 5668576.8]}}, {"type": "Feature", "properties": {"h": 15.1, "r": 2.1}, "geometry": {"type": "Point", "coordinates": [392264.8, 5669811.8]}}, {"type": "Feature", "properties": {"h": 14.5, "r": 1.8}, "geometry": {"type": "Point", "coordinates": [393469.8, 5669899.2]}}, {"type": "Feature", "properties": {"h": 14.2, "r": 3.5}, "geometry": {"type": "Point", "coordinates": [393439.2, 5668688.2]}}, {"type": "Feature", "properties": {"h": 16.7, "r": 1.1}, "geometry": {"type": "Point", "coordinates": [392535.8, 5668343.2]}}, {"type": "Feature", "properties": {"h": 15.7, "r": 1.4}, "geometry": {"type": "Point", "coordinates": [393556.8, 5668613.2]}}, {"type": "Feature", "properties": {"h": 14.8, "r": 2.0}, "geometry": {"type": "Point", "coordinates": [392183.8, 5669284.8]}}, {"type": "Feature", "properties": {"h": 15.6, "r": 2.5}, "geometry": {"type": "Point", "coordinates": [392132.8, 5668458.8]}}, {"type": "Feature", "properties": {"h": 16.4, "r": 1.1}, "geometry": {"type": "Point", "coordinates": [393607.8, 5669207.2]}}, {"type": "Feature", "properties": {"h": 14.5, "r": 2.2}, "geometry": {"type": "Point", "coordinates": [392896.8, 5669303.8]}}, {"type": "Feature", "properties": {"h": 15.3, "r": 1.4}, "geometry": {"type": "Point", "coordinates": [392589.2, 5668793.8]}}, {"type": "Feature", "properties": {"h": 14.1, "r": 3.5}, "geometry": {"type": "Point", "coordinates": [393087.8, 5668512.8]}}, {"type": "Feature", "properties": {"h": 13.5, "r": 2.2}, "geometry": {"type": "Point", "coordinates": [393774.8, 5668759.2]}}, {"type": "Feature", "properties": {"h": 14.5, "r": 2.5}, "geometry": {"type": "Point", "coordinates": [392351.8, 5668291.8]}}, {"type": "Feature", "properties": {"h": 14.4, "r": 1.8}, "geometry": {"type": "Point", "coordinates": [393601.8, 5669512.8]}}, {"type": "Feature", "properties": {"h": 14.7, "r": 1.8}, "geometry": {"type": "Point", "coordinates": [392917.8, 5669069.2]}}, {"type": "Feature", "properties": {"h": 14.5, "r": 2.2}, "geometry": {"type": "Point", "coordinates": [392321.2, 5669835.2]}}, {"type": "Feature", "properties": {"h": 14.5, "r": 1.6}, "geometry": {"type": "Point", "coordinates": [392594.2, 5668958.2]}}, {"type": "Feature", "properties": {"h": 14.4, "r": 2.7}, "geometry": {"type": "Point", "coordinates": [392640.8, 5669028.2]}}, {"type": "Feature", "properties": {"h": 15.3, "r": 1.5}, "geometry": {"type": "Point", "coordinates": [393049.8, 5669878.8]}}, {"type": "Feature", "properties": {"h": 14.7, "r": 2.0}, "geometry": {"type": "Point", "coordinates": [393380.2, 5668837.8]}}, {"type": "Feature", "properties": {"h": 14.1, "r": 2.2}, "geometry": {"type": "Point", "coordinates": [392403.8, 5669182.2]}}, {"type": "Feature", "properties": {"h": 14.8, "r": 4.0}, "geometry": {"type": "Point", "coordinates": [392626.8, 5669208.2]}}, {"type": "Feature", "properties": {"h": 17.7, "r": 1.1}, "geometry": {"type": "Point", "coordinates": [393800.2, 5669027.2]}}, {"type": "Feature", "properties": {"h": 13.6, "r": 2.5}, "geometry": {"type": "Point", "coordinates": [392695.2, 5669290.2]}}, {"type": "Feature", "properties": {"h": 16.4, "r": 1.8}, "geometry": {"type": "Point", "coordinates": [392742.2, 5668950.8]}}, {"type": "Feature", "properties": {"h": 14.9, "r": 2.7}, "geometry": {"type": "Point", "coordinates": [392494.2, 5668117.8]}}, {"type": "Feature", "properties": {"h": 14.4, "r": 1.8}, "geometry": {"type": "Point", "coordinates": [393985.2, 5668677.8]}}, {"type": "Feature", "properties": {"h": 15.7, "r": 1.1}, "geometry": {"type": "Point", "coordinates": [392082.2, 5668478.2]}}, {"type": "Feature", "properties": {"h": 14.1, "r": 2.5}, "geometry": {"type": "Point", "coordinates": [393956.8, 5668666.8]}}, {"type": "Feature", "properties": {"h": 14.5, "r": 1.1}, "geometry": {"type": "Point", "coordinates": [392931.8, 5668293.8]}}, {"type": "Feature", "properties": {"h": 14.9, "r": 2.5}, "geometry": {"type": "Point", "coordinates": [392120.8, 5668444.8]}}, {"type": "Feature", "properties": {"h": 14.3, "r": 1.8}, "geometry": {"type": "Point", "coordinates": [393374.2, 5668456.2]}}, {"type": "Feature", "properties": {"h": 13.6, "r": 2.0}, "geometry": {"type": "Point", "coordinates": [392855.2, 5668255.8]}}, {"type": "Feature", "properties": {"h": 15.0, "r": 1.0}, "geometry": {"type": "Point", "coordinates": [393719.8, 5669433.2]}}, {"type": "Feature", "properties": {"h": 14.2, "r": 1.6}, "geometry": {"type": "Point", "coordinates": [393213.2, 5669055.8]}}, {"type": "Feature", "properties": {"h": 14.4, "r": 1.8}, "geometry": {"type": "Point", "coordinates": [392907.8, 5669114.2]}}, {"type": "Feature", "properties": {"h": 14.9, "r": 1.1}, "geometry": {"type": "Point", "coordinates": [393429.8, 5668020.2]}}, {"type": "Feature", "properties": {"h": 12.1, "r": 1.1}, "geometry": {"type": "Point", "coordinates": [392931.8, 5668907.2]}}, {"type": "Feature", "properties": {"h": 14.1, "r": 2.0}, "geometry": {"type": "Point", "coordinates": [393428.8, 5668576.8]}}, {"type": "Feature", "properties": {"h": 15.3, "r": 1.4}, "geometry": {"type": "Point", "coordinates": [393464.8, 5668032.8]}}, {"type": "Feature", "properties": {"h": 15.3, "r": 2.5}, "geometry": {"type": "Point", "coordinates": [392497.2, 5669154.8]}}, {"type": "Feature", "properties": {"h": 14.0, "r": 2.9}, "geometry": {"type": "Point", "coordinates": [393449.8, 5669865.2]}}, {"type": "Feature", "properties": {"h": 15.0, "r": 2.1}, "geometry": {"type": "Point", "coordinates": [392191.2, 5668558.2]}}, {"type": "Feature", "properties": {"h": 15.2, "r": 2.1}, "geometry": {"type": "Point", "coordinates": [393263.8, 5668512.8]}}, {"type": "Feature", "properties": {"h": 15.1, "r": 2.9}, "geometry": {"type": "Point", "coordinates": [392049.2, 5669059.8]}}, {"type": "Feature", "properties": {"h": 14.9, "r": 3.5}, "geometry": {"type": "Point", "coordinates": [393315.8, 5668248.2]}}, {"type": "Feature", "properties": {"h": 14.0, "r": 2.0}, "geometry": {"type": "Point", "coordinates": [392452.8, 5668166.8]}}, {"type": "Feature", "properties": {"h": 13.9, "r": 2.2}, "geometry": {"type": "Point", "coordinates": [393298.2, 5668443.2]}}, {"type": "Feature", "properties": {"h": 14.2, "r": 2.1}, "geometry": {"type": "Point", "coordinates": [392282.8, 5668132.2]}}, {"type": "Feature", "properties": {"h": 13.7, "r": 1.4}, "geometry": {"type": "Point", "coordinates": [393726.2, 5669678.8]}}, {"type": "Feature", "properties": {"h": 15.3, "r": 2.0}, "geometry": {"type": "Point", "coordinates": [393645.8, 5669402.2]}}, {"type": "Feature", "properties": {"h": 15.3, "r": 1.5}, "geometry": {"type": "Point", "coordinates": [392171.8, 5669367.2]}}, {"type": "Feature", "properties": {"h": 15.3, "r": 1.5}, "geometry": {"type": "Point", "coordinates": [392015.8, 5668458.2]}}, {"type": "Feature", "properties": {"h": 13.9, "r": 1.8}, "geometry": {"type": "Point", "coordinates": [393997.2, 5669504.8]}}, {"type": "Feature", "properties": {"h": 14.2, "r": 2.1}, "geometry": {"type": "Point", "coordinates": [393656.2, 5669192.2]}}, {"type": "Feature", "properties": {"h": 13.6, "r": 2.2}, "geometry": {"type": "Point", "coordinates": [393279.2, 5668425.2]}}, {"type": "Feature", "properties": {"h": 15.4, "r": 1.6}, "geometry": {"type": "Point", "coordinates": [393486.2, 5668044.2]}}, {"type": "Feature", "properties": {"h": 14.5, "r": 3.8}, "geometry": {"type": "Point", "coordinates": [393463.2, 5668691.8]}}, {"type": "Feature", "properties": {"h": 15.7, "r": 1.4}, "geometry": {"type": "Point", "coordinates": [393262.8, 5668151.8]}}, {"type": "Feature", "properties": {"h": 13.9, "r": 2.0}, "geometry": {"type": "Point", "coordinates": [393862.8, 5668575.2]}}, {"type": "Feature", "properties": {"h": 14.5, "r": 2.1}, "geometry": {"type": "Point", "coordinates": [392328.2, 5668884.8]}}, {"type": "Feature", "properties": {"h": 14.2, "r": 1.6}, "geometry": {"type": "Point", "coordinates": [392309.2, 5668395.2]}}, {"type": "Feature", "properties": {"h": 14.2, "r": 1.6}, "geometry": {"type": "Point", "coordinates": [393200.2, 5668269.8]}}, {"type": "Feature", "properties": {"h": 14.1, "r": 3.2}, "geometry": {"type": "Point", "coordinates": [392320.2, 5668299.2]}}, {"type": "Feature", "properties": {"h": 12.7, "r": 2.5}, "geometry": {"type": "Point", "coordinates": [393079.2, 5669856.2]}}, {"type": "Feature", "properties": {"h": 13.8, "r": 2.5}, "geometry": {"type": "Point", "coordinates": [393569.8, 5669516.8]}}, {"type": "Feature", "properties": {"h": 13.3, "r": 2.2}, "geometry": {"type": "Point", "coordinates": [392168.2, 5669309.8]}}, {"type": "Feature", "properties": {"h": 13.7, "r": 1.8}, "geometry": {"type": "Point", "coordinates": [393557.2, 5668309.2]}}, {"type": "Feature", "properties": {"h": 14.8, "r": 2.1}, "geometry": {"type": "Point", "coordinates": [392200.2, 5668184.8]}}, {"type": "Feature", "properties": {"h": 15.0, "r": 1.8}, "geometry": {"type": "Point", "coordinates": [392269.8, 5669804.8]}}, {"type": "Feature", "properties": {"h": 15.2, "r": 1.6}, "geometry": {"type": "Point", "coordinates": [392791.8, 5669870.8]}}, {"type": "Feature", "properties": {"h": 14.0, "r": 2.1}, "geometry": {"type": "Point", "coordinates": [392903.2, 5669536.2]}}, {"type": "Feature", "properties": {"h": 15.3, "r": 1.0}, "geometry": {"type": "Point", "coordinates": [392686.8, 5668783.8]}}, {"type": "Feature", "properties": {"h": 14.5, "r": 1.6}, "geometry": {"type": "Point", "coordinates": [393574.2, 5669395.8]}}, {"type": "Feature", "properties": {"h": 15.1, "r": 1.8}, "geometry": {"type": "Point", "coordinates": [393313.2, 5668233.2]}}, {"type": "Feature", "properties": {"h": 13.8, "r": 2.5}, "geometry": {"type": "Point", "coordinates": [392553.8, 5669147.8]}}, {"type": "Feature", "properties": {"h": 14.6, "r": 2.7}, "geometry": {"type": "Point", "coordinates": [392612.8, 5669107.8]}}, {"type": "Feature", "properties": {"h": 13.7, "r": 2.1}, "geometry": {"type": "Point", "coordinates": [392945.8, 5668609.2]}}, {"type": "Feature", "properties": {"h": 14.9, "r": 3.2}, "geometry": {"type": "Point", "coordinates": [392129.2, 5668484.8]}}, {"type": "Feature", "properties": {"h": 12.9, "r": 2.5}, "geometry": {"type": "Point", "coordinates": [392137.8, 5668805.2]}}, {"type": "Feature", "properties": {"h": 16.8, "r": 1.1}, "geometry": {"type": "Point", "coordinates": [392550.8, 5669412.2]}}, {"type": "Feature", "properties": {"h": 13.5, "r": 1.6}, "geometry": {"type": "Point", "coordinates": [393844.2, 5668795.8]}}, {"type": "Feature", "properties": {"h": 13.6, "r": 4.6}, "geometry": {"type": "Point", "coordinates": [392747.8, 5669179.2]}}, {"type": "Feature", "properties": {"h": 14.5, "r": 2.1}, "geometry": {"type": "Point", "coordinates": [393871.2, 5669370.2]}}, {"type": "Feature", "properties": {"h": 14.2, "r": 3.0}, "geometry": {"type": "Point", "coordinates": [392544.2, 5669388.2]}}, {"type": "Feature", "properties": {"h": 14.0, "r": 1.5}, "geometry": {"type": "Point", "coordinates": [392293.2, 5668856.2]}}, {"type": "Feature", "properties": {"h": 13.1, "r": 1.8}, "geometry": {"type": "Point", "coordinates": [393166.8, 5669359.8]}}, {"type": "Feature", "properties": {"h": 14.3, "r": 2.8}, "geometry": {"type": "Point", "coordinates": [393799.8, 5668633.2]}}, {"type": "Feature", "properties": {"h": 13.9, "r": 2.0}, "geometry": {"type": "Point", "coordinates": [392186.8, 5669473.8]}}, {"type": "Feature", "properties": {"h": 14.4, "r": 3.5}, "geometry": {"type": "Point", "coordinates": [393705.8, 5669159.2]}}, {"type": "Feature", "properties": {"h": 13.7, "r": 1.8}, "geometry": {"type": "Point", "coordinates": [393372.2, 5668152.8]}}, {"type": "Feature", "properties": {"h": 15.4, "r": 1.1}, "geometry": {"type": "Point", "coordinates": [393347.2, 5668411.8]}}, {"type": "Feature", "properties": {"h": 13.7, "r": 2.1}, "geometry": {"type": "Point", "coordinates": [393572.8, 5668258.2]}}, {"type": "Feature", "properties": {"h": 15.4, "r": 1.6}, "geometry": {"type": "Point", "coordinates": [392351.8, 5669766.2]}}, {"type": "Feature", "properties": {"h": 14.0, "r": 1.6}, "geometry": {"type": "Point", "coordinates": [392171.8, 5669308.2]}}, {"type": "Feature", "properties": {"h": 16.8, "r": 1.4}, "geometry": {"type": "Point", "coordinates": [392512.2, 5669500.8]}}, {"type": "Feature", "properties": {"h": 13.9, "r": 2.2}, "geometry": {"type": "Point", "coordinates": [392450.8, 5668966.8]}}, {"type": "Feature", "properties": {"h": 15.1, "r": 1.0}, "geometry": {"type": "Point", "coordinates": [393433.8, 5668058.2]}}, {"type": "Feature", "properties": {"h": 13.7, "r": 1.5}, "geometry": {"type": "Point", "coordinates": [393475.2, 5668227.8]}}, {"type": "Feature", "properties": {"h": 12.6, "r": 2.2}, "geometry": {"type": "Point", "coordinates": [393825.8, 5669372.8]}}, {"type": "Feature", "properties": {"h": 13.8, "r": 3.0}, "geometry": {"type": "Point", "coordinates": [392722.2, 5669510.8]}}, {"type": "Feature", "properties": {"h": 13.2, "r": 2.1}, "geometry": {"type": "Point", "coordinates": [393165.8, 5668069.2]}}, {"type": "Feature", "properties": {"h": 14.9, "r": 1.6}, "geometry": {"type": "Point", "coordinates": [393989.2, 5668670.8]}}, {"type": "Feature", "properties": {"h": 13.8, "r": 1.6}, "geometry": {"type": "Point", "coordinates": [392218.8, 5669173.8]}}, {"type": "Feature", "properties": {"h": 11.8, "r": 3.0}, "geometry": {"type": "Point", "coordinates": [393328.8, 5668724.8]}}, {"type": "Feature", "properties": {"h": 14.9, "r": 1.6}, "geometry": {"type": "Point", "coordinates": [393108.8, 5668400.2]}}, {"type": "Feature", "properties": {"h": 14.9, "r": 1.4}, "geometry": {"type": "Point", "coordinates": [392733.2, 5668918.8]}}, {"type": "Feature", "properties": {"h": 14.0, "r": 2.7}, "geometry": {"type": "Point", "coordinates": [392336.8, 5669819.8]}}, {"type": "Feature", "properties": {"h": 14.3, "r": 2.0}, "geometry": {"type": "Point", "coordinates": [392329.2, 5668893.2]}}, {"type": "Feature", "properties": {"h": 13.7, "r": 1.6}, "geometry": {"type": "Point", "coordinates": [392076.2, 5668210.2]}}, {"type": "Feature", "properties": {"h": 15.4, "r": 1.1}, "geometry": {"type": "Point", "coordinates": [393634.8, 5669163.8]}}, {"type": "Feature", "properties": {"h": 13.5, "r": 2.0}, "geometry": {"type": "Point", "coordinates": [392950.2, 5668968.2]}}, {"type": "Feature", "properties": {"h": 13.3, "r": 1.6}, "geometry": {"type": "Point", "coordinates": [392322.8, 5669791.8]}}, {"type": "Feature", "properties": {"h": 14.3, "r": 2.1}, "geometry": {"type": "Point", "coordinates": [393703.2, 5669298.2]}}, {"type": "Feature", "properties": {"h": 15.3, "r": 2.0}, "geometry": {"type": "Point", "coordinates": [393680.8, 5669295.2]}}, {"type": "Feature", "properties": {"h": 14.8, "r": 1.8}, "geometry": {"type": "Point", "coordinates": [392343.8, 5668789.8]}}, {"type": "Feature", "properties": {"h": 14.8, "r": 2.1}, "geometry": {"type": "Point", "coordinates": [393693.8, 5669274.2]}}, {"type": "Feature", "properties": {"h": 13.9, "r": 2.5}, "geometry": {"type": "Point", "coordinates": [393747.8, 5669181.2]}}, {"type": "Feature", "properties": {"h": 14.9, "r": 1.4}, "geometry": {"type": "Point", "coordinates": [392911.8, 5669112.8]}}, {"type": "Feature", "properties": {"h": 13.4, "r": 3.0}, "geometry": {"type": "Point", "coordinates": [393210.2, 5668289.2]}}, {"type": "Feature", "properties": {"h": 15.6, "r": 1.0}, "geometry": {"type": "Point", "coordinates": [392317.8, 5669844.2]}}, {"type": "Feature", "properties": {"h": 13.9, "r": 1.4}, "geometry": {"type": "Point", "coordinates": [393211.8, 5668044.8]}}, {"type": "Feature", "properties": {"h": 14.2, "r": 2.7}, "geometry": {"type": "Point", "coordinates": [392258.8, 5669050.8]}}, {"type": "Feature", "properties": {"h": 14.3, "r": 1.6}, "geometry": {"type": "Point", "coordinates": [393252.2, 5668988.2]}}, {"type": "Feature", "properties": {"h": 15.8, "r": 1.5}, "geometry": {"type": "Point", "coordinates": [393904.2, 5669488.2]}}, {"type": "Feature", "properties": {"h": 14.3, "r": 1.6}, "geometry": {"type": "Point", "coordinates": [392371.8, 5668013.8]}}, {"type": "Feature", "properties": {"h": 14.6, "r": 2.1}, "geometry": {"type": "Point", "coordinates": [392527.8, 5669102.2]}}, {"type": "Feature", "properties": {"h": 15.1, "r": 2.5}, "geometry": {"type": "Point", "coordinates": [393941.8, 5669560.8]}}, {"type": "Feature", "properties": {"h": 13.7, "r": 2.0}, "geometry": {"type": "Point", "coordinates": [392385.8, 5668199.2]}}, {"type": "Feature", "properties": {"h": 14.2, "r": 2.2}, "geometry": {"type": "Point", "coordinates": [393662.8, 5669424.8]}}, {"type": "Feature", "properties": {"h": 15.1, "r": 2.1}, "geometry": {"type": "Point", "coordinates": [392604.2, 5668789.8]}}, {"type": "Feature", "properties": {"h": 13.6, "r": 2.0}, "geometry": {"type": "Point", "coordinates": [392898.2, 5668048.8]}}, {"type": "Feature", "properties": {"h": 14.0, "r": 1.8}, "geometry": {"type": "Point", "coordinates": [393029.2, 5668071.2]}}, {"type": "Feature", "properties": {"h": 13.5, "r": 1.8}, "geometry": {"type": "Point", "coordinates": [392965.8, 5669031.2]}}, {"type": "Feature", "properties": {"h": 13.4, "r": 1.5}, "geometry": {"type": "Point", "coordinates": [393580.8, 5668150.2]}}, {"type": "Feature", "properties": {"h": 14.6, "r": 1.4}, "geometry": {"type": "Point", "coordinates": [393000.2, 5669869.2]}}, {"type": "Feature", "properties": {"h": 14.5, "r": 1.8}, "geometry": {"type": "Point", "coordinates": [392848.2, 5668180.8]}}, {"type": "Feature", "properties": {"h": 13.7, "r": 3.0}, "geometry": {"type": "Point", "coordinates": [393710.8, 5669160.8]}}, {"type": "Feature", "properties": {"h": 14.5, "r": 1.6}, "geometry": {"type": "Point", "coordinates": [392753.2, 5669170.8]}}, {"type": "Feature", "properties": {"h": 13.3, "r": 1.8}, "geometry": {"type": "Point", "coordinates": [392788.2, 5669272.2]}}, {"type": "Feature", "properties": {"h": 13.7, "r": 1.8}, "geometry": {"type": "Point", "coordinates": [392530.2, 5669961.2]}}, {"type": "Feature", "properties": {"h": 13.1, "r": 3.2}, "geometry": {"type": "Point", "coordinates": [392119.8, 5669088.2]}}, {"type": "Feature", "properties": {"h": 13.4, "r": 2.0}, "geometry": {"type": "Point", "coordinates": [393129.8, 5668647.8]}}, {"type": "Feature", "properties": {"h": 14.5, "r": 2.0}, "geometry": {"type": "Point", "coordinates": [393885.2, 5669297.2]}}, {"type": "Feature", "properties": {"h": 14.5, "r": 2.1}, "geometry": {"type": "Point", "coordinates": [393966.2, 5668695.2]}}, {"type": "Feature", "properties": {"h": 13.7, "r": 3.5}, "geometry": {"type": "Point", "coordinates": [393796.2, 5668909.8]}}, {"type": "Feature", "properties": {"h": 13.4, "r": 2.1}, "geometry": {"type": "Point", "coordinates": [392950.8, 5668049.2]}}, {"type": "Feature", "properties": {"h": 13.0, "r": 1.6}, "geometry": {"type": "Point", "coordinates": [393946.8, 5668879.2]}}, {"type": "Feature", "properties": {"h": 13.7, "r": 2.5}, "geometry": {"type": "Point", "coordinates": [393961.2, 5668170.2]}}, {"type": "Feature", "properties": {"h": 13.7, "r": 2.5}, "geometry": {"type": "Point", "coordinates": [393979.8, 5668143.8]}}, {"type": "Feature", "properties": {"h": 13.5, "r": 1.4}, "geometry": {"type": "Point", "coordinates": [392802.8, 5669169.8]}}, {"type": "Feature", "properties": {"h": 19.4, "r": 1.0}, "geometry": {"type": "Point", "coordinates": [392909.2, 5668890.8]}}, {"type": "Feature", "properties": {"h": 13.9, "r": 1.8}, "geometry": {"type": "Point", "coordinates": [392528.2, 5668223.8]}}, {"type": "Feature", "properties": {"h": 13.9, "r": 2.0}, "geometry": {"type": "Point", "coordinates": [392146.8, 5668775.2]}}, {"type": "Feature", "properties": {"h": 15.4, "r": 1.5}, "geometry": {"type": "Point", "coordinates": [393275.2, 5668346.8]}}, {"type": "Feature", "properties": {"h": 14.1, "r": 1.8}, "geometry": {"type": "Point", "coordinates": [393255.8, 5668143.2]}}, {"type": "Feature", "properties": {"h": 13.8, "r": 3.5}, "geometry": {"type": "Point", "coordinates": [393629.2, 5669420.2]}}, {"type": "Feature", "properties": {"h": 14.4, "r": 1.5}, "geometry": {"type": "Point", "coordinates": [393696.2, 5669281.8]}}, {"type": "Feature", "properties": {"h": 13.0, "r": 3.2}, "geometry": {"type": "Point", "coordinates": [393996.8, 5669542.2]}}, {"type": "Feature", "properties": {"h": 13.8, "r": 3.4}, "geometry": {"type": "Point", "coordinates": [393069.2, 5669784.2]}}, {"type": "Feature", "properties": {"h": 13.8, "r": 2.5}, "geometry": {"type": "Point", "coordinates": [393266.8, 5668504.2]}}, {"type": "Feature", "properties": {"h": 13.7, "r": 2.5}, "geometry": {"type": "Point", "coordinates": [392913.8, 5669260.8]}}, {"type": "Feature", "properties": {"h": 13.3, "r": 2.2}, "geometry": {"type": "Point", "coordinates": [393687.2, 5669285.2]}}, {"type": "Feature", "properties": {"h": 13.5, "r": 2.1}, "geometry": {"type": "Point", "coordinates": [392955.8, 5668603.8]}}, {"type": "Feature", "properties": {"h": 14.5, "r": 4.0}, "geometry": {"type": "Point", "coordinates": [392760.8, 5669097.8]}}, {"type": "Feature", "properties": {"h": 12.1, "r": 2.1}, "geometry": {"type": "Point", "coordinates": [393476.8, 5668430.2]}}, {"type": "Feature", "properties": {"h": 13.2, "r": 2.5}, "geometry": {"type": "Point", "coordinates": [393986.2, 5668621.2]}}, {"type": "Feature", "properties": {"h": 14.6, "r": 3.5}, "geometry": {"type": "Point", "coordinates": [392624.2, 5668780.2]}}, {"type": "Feature", "properties": {"h": 13.8, "r": 1.5}, "geometry": {"type": "Point", "coordinates": [392495.2, 5668403.2]}}, {"type": "Feature", "properties": {"h": 13.7, "r": 3.6}, "geometry": {"type": "Point", "coordinates": [392794.8, 5668236.2]}}, {"type": "Feature", "properties": {"h": 15.2, "r": 1.8}, "geometry": {"type": "Point", "coordinates": [392109.8, 5669357.2]}}, {"type": "Feature", "properties": {"h": 14.3, "r": 2.1}, "geometry": {"type": "Point", "coordinates": [393814.8, 5668908.2]}}, {"type": "Feature", "properties": {"h": 13.6, "r": 1.4}, "geometry": {"type": "Point", "coordinates": [392553.8, 5669064.2]}}, {"type": "Feature", "properties": {"h": 20.7, "r": 1.0}, "geometry": {"type": "Point", "coordinates": [393296.8, 5668931.2]}}, {"type": "Feature", "properties": {"h": 13.6, "r": 2.5}, "geometry": {"type": "Point", "coordinates": [393221.8, 5668391.2]}}, {"type": "Feature", "properties": {"h": 14.1, "r": 2.1}, "geometry": {"type": "Point", "coordinates": [393046.2, 5668141.2]}}, {"type": "Feature", "properties": {"h": 13.8, "r": 2.0}, "geometry": {"type": "Point", "coordinates": [392281.2, 5668439.8]}}, {"type": "Feature", "properties": {"h": 15.4, "r": 3.2}, "geometry": {"type": "Point", "coordinates": [392500.2, 5669131.8]}}, {"type": "Feature", "properties": {"h": 13.8, "r": 3.6}, "geometry": {"type": "Point", "coordinates": [393059.8, 5668066.2]}}, {"type": "Feature", "properties": {"h": 13.4, "r": 2.0}, "geometry": {"type": "Point", "coordinates": [392141.2, 5668813.2]}}, {"type": "Feature", "properties": {"h": 14.5, "r": 1.4}, "geometry": {"type": "Point", "coordinates": [392314.8, 5669348.2]}}, {"type": "Feature", "properties": {"h": 13.6, "r": 4.5}, "geometry": {"type": "Point", "coordinates": [392761.8, 5669091.2]}}, {"type": "Feature", "properties": {"h": 13.4, "r": 3.0}, "geometry": {"type": "Point", "coordinates": [392000.2, 5668033.2]}}, {"type": "Feature", "properties": {"h": 14.4, "r": 1.8}, "geometry": {"type": "Point", "coordinates": [392393.8, 5668131.2]}}, {"type": "Feature", "properties": {"h": 12.5, "r": 3.2}, "geometry": {"type": "Point", "coordinates": [393183.2, 5668152.8]}}, {"type": "Feature", "properties": {"h": 13.7, "r": 3.6}, "geometry": {"type": "Point", "coordinates": [392153.8, 5669325.2]}}, {"type": "Feature", "properties": {"h": 13.9, "r": 2.0}, "geometry": {"type": "Point", "coordinates": [393857.8, 5668570.2]}}, {"type": "Feature", "properties": {"h": 14.1, "r": 2.0}, "geometry": {"type": "Point", "coordinates": [392287.8, 5668093.8]}}, {"type": "Feature", "properties": {"h": 13.2, "r": 2.5}, "geometry": {"type": "Point", "coordinates": [393144.2, 5668143.8]}}, {"type": "Feature", "properties": {"h": 15.8, "r": 1.5}, "geometry": {"type": "Point", "coordinates": [392975.8, 5669089.2]}}, {"type": "Feature", "properties": {"h": 13.9, "r": 2.7}, "geometry": {"type": "Point", "coordinates": [392707.8, 5669291.8]}}, {"type": "Feature", "properties": {"h": 14.5, "r": 1.5}, "geometry": {"type": "Point", "coordinates": [393884.8, 5669283.2]}}, {"type": "Feature", "properties": {"h": 12.7, "r": 2.9}, "geometry": {"type": "Point", "coordinates": [392143.2, 5669277.8]}}, {"type": "Feature", "properties": {"h": 13.5, "r": 2.1}, "geometry": {"type": "Point", "coordinates": [393585.2, 5668103.8]}}, {"type": "Feature", "properties": {"h": 13.5, "r": 3.0}, "geometry": {"type": "Point", "coordinates": [393702.2, 5669290.2]}}, {"type": "Feature", "properties": {"h": 13.0, "r": 2.1}, "geometry": {"type": "Point", "coordinates": [393505.2, 5669530.8]}}, {"type": "Feature", "properties": {"h": 13.9, "r": 2.0}, "geometry": {"type": "Point", "coordinates": [392935.8, 5668035.8]}}, {"type": "Feature", "properties": {"h": 14.2, "r": 3.4}, "geometry": {"type": "Point", "coordinates": [393714.2, 5669683.2]}}, {"type": "Feature", "properties": {"h": 13.3, "r": 2.5}, "geometry": {"type": "Point", "coordinates": [393258.8, 5669462.2]}}, {"type": "Feature", "properties": {"h": 14.0, "r": 4.2}, "geometry": {"type": "Point", "coordinates": [392014.8, 5668445.2]}}, {"type": "Feature", "properties": {"h": 14.8, "r": 1.6}, "geometry": {"type": "Point", "coordinates": [392333.2, 5668896.2]}}, {"type": "Feature", "properties": {"h": 12.2, "r": 2.2}, "geometry": {"type": "Point", "coordinates": [392890.8, 5669812.2]}}, {"type": "Feature", "properties": {"h": 13.2, "r": 1.8}, "geometry": {"type": "Point", "coordinates": [393974.8, 5668674.8]}}, {"type": "Feature", "properties": {"h": 13.0, "r": 2.0}, "geometry": {"type": "Point", "coordinates": [393123.8, 5668004.8]}}, {"type": "Feature", "properties": {"h": 13.4, "r": 2.1}, "geometry": {"type": "Point", "coordinates": [393554.2, 5669892.8]}}, {"type": "Feature", "properties": {"h": 13.2, "r": 2.1}, "geometry": {"type": "Point", "coordinates": [392224.2, 5669873.8]}}, {"type": "Feature", "properties": {"h": 13.1, "r": 1.6}, "geometry": {"type": "Point", "coordinates": [392143.8, 5668765.8]}}, {"type": "Feature", "properties": {"h": 14.1, "r": 2.1}, "geometry": {"type": "Point", "coordinates": [392505.8, 5668200.2]}}, {"type": "Feature", "properties": {"h": 18.1, "r": 1.0}, "geometry": {"type": "Point", "coordinates": [393286.2, 5668963.8]}}, {"type": "Feature", "properties": {"h": 13.3, "r": 3.4}, "geometry": {"type": "Point", "coordinates": [393063.8, 5668071.2]}}, {"type": "Feature", "properties": {"h": 13.7, "r": 2.0}, "geometry": {"type": "Point", "coordinates": [393269.8, 5668431.2]}}, {"type": "Feature", "properties": {"h": 13.1, "r": 1.6}, "geometry": {"type": "Point", "coordinates": [392664.2, 5669003.8]}}, {"type": "Feature", "properties": {"h": 14.2, "r": 2.0}, "geometry": {"type": "Point", "coordinates": [393460.8, 5668532.8]}}, {"type": "Feature", "properties": {"h": 12.2, "r": 3.0}, "geometry": {"type": "Point", "coordinates": [392987.8, 5668033.8]}}, {"type": "Feature", "properties": {"h": 13.5, "r": 2.1}, "geometry": {"type": "Point", "coordinates": [393307.2, 5668473.8]}}, {"type": "Feature", "properties": {"h": 13.4, "r": 2.0}, "geometry": {"type": "Point", "coordinates": [392112.2, 5669196.2]}}, {"type": "Feature", "properties": {"h": 14.1, "r": 2.5}, "geometry": {"type": "Point", "coordinates": [393125.8, 5669274.2]}}, {"type": "Feature", "properties": {"h": 14.3, "r": 1.8}, "geometry": {"type": "Point", "coordinates": [392319.8, 5669351.8]}}, {"type": "Feature", "properties": {"h": 14.2, "r": 1.5}, "geometry": {"type": "Point", "coordinates": [393091.2, 5668265.2]}}, {"type": "Feature", "properties": {"h": 13.1, "r": 3.0}, "geometry": {"type": "Point", "coordinates": [392232.2, 5668579.8]}}, {"type": "Feature", "properties": {"h": 13.7, "r": 2.0}, "geometry": {"type": "Point", "coordinates": [393542.2, 5669498.8]}}, {"type": "Feature", "properties": {"h": 15.2, "r": 1.1}, "geometry": {"type": "Point", "coordinates": [392740.8, 5668806.2]}}, {"type": "Feature", "properties": {"h": 14.8, "r": 1.5}, "geometry": {"type": "Point", "coordinates": [393922.2, 5668686.2]}}, {"type": "Feature", "properties": {"h": 13.9, "r": 2.2}, "geometry": {"type": "Point", "coordinates": [393764.8, 5669473.8]}}, {"type": "Feature", "properties": {"h": 13.0, "r": 2.1}, "geometry": {"type": "Point", "coordinates": [392640.8, 5669038.8]}}, {"type": "Feature", "properties": {"h": 13.3, "r": 2.5}, "geometry": {"type": "Point", "coordinates": [392466.2, 5668486.2]}}, {"type": "Feature", "properties": {"h": 14.0, "r": 2.1}, "geometry": {"type": "Point", "coordinates": [392148.2, 5669337.2]}}, {"type": "Feature", "properties": {"h": 13.7, "r": 2.2}, "geometry": {"type": "Point", "coordinates": [392122.2, 5669197.8]}}, {"type": "Feature", "properties": {"h": 15.5, "r": 1.1}, "geometry": {"type": "Point", "coordinates": [393394.8, 5668810.8]}}, {"type": "Feature", "properties": {"h": 13.6, "r": 3.8}, "geometry": {"type": "Point", "coordinates": [393852.2, 5669235.8]}}, {"type": "Feature", "properties": {"h": 16.3, "r": 1.1}, "geometry": {"type": "Point", "coordinates": [393864.8, 5669433.2]}}, {"type": "Feature", "properties": {"h": 13.5, "r": 1.6}, "geometry": {"type": "Point", "coordinates": [392751.2, 5668809.2]}}, {"type": "Feature", "properties": {"h": 13.1, "r": 2.0}, "geometry": {"type": "Point", "coordinates": [392726.2, 5669517.8]}}, {"type": "Feature", "properties": {"h": 14.3, "r": 2.2}, "geometry": {"type": "Point", "coordinates": [393287.8, 5668531.8]}}, {"type": "Feature", "properties": {"h": 13.3, "r": 2.9}, "geometry": {"type": "Point", "coordinates": [392220.8, 5668515.8]}}, {"type": "Feature", "properties": {"h": 13.8, "r": 2.2}, "geometry": {"type": "Point", "coordinates": [393854.2, 5669374.2]}}, {"type": "Feature", "properties": {"h": 12.8, "r": 1.6}, "geometry": {"type": "Point", "coordinates": [392747.8, 5668810.2]}}, {"type": "Feature", "properties": {"h": 13.3, "r": 1.8}, "geometry": {"type": "Point", "coordinates": [393036.8, 5668105.2]}}, {"type": "Feature", "properties": {"h": 13.5, "r": 3.0}, "geometry": {"type": "Point", "coordinates": [392666.2, 5668098.2]}}, {"type": "Feature", "properties": {"h": 15.0, "r": 1.5}, "geometry": {"type": "Point", "coordinates": [392489.2, 5668355.8]}}, {"type": "Feature", "properties": {"h": 13.5, "r": 3.4}, "geometry": {"type": "Point", "coordinates": [392222.8, 5669839.2]}}, {"type": "Feature", "properties": {"h": 13.4, "r": 2.5}, "geometry": {"type": "Point", "coordinates": [393269.2, 5668493.2]}}, {"type": "Feature", "properties": {"h": 13.9, "r": 1.0}, "geometry": {"type": "Point", "coordinates": [393580.2, 5669539.8]}}, {"type": "Feature", "properties": {"h": 15.8, "r": 1.0}, "geometry": {"type": "Point", "coordinates": [393711.8, 5669515.8]}}, {"type": "Feature", "properties": {"h": 14.0, "r": 2.5}, "geometry": {"type": "Point", "coordinates": [392338.2, 5669842.8]}}, {"type": "Feature", "properties": {"h": 12.8, "r": 2.1}, "geometry": {"type": "Point", "coordinates": [392121.2, 5668485.2]}}, {"type": "Feature", "properties": {"h": 12.9, "r": 2.2}, "geometry": {"type": "Point", "coordinates": [393918.8, 5668604.2]}}, {"type": "Feature", "properties": {"h": 13.7, "r": 1.1}, "geometry": {"type": "Point", "coordinates": [392376.2, 5668011.2]}}, {"type": "Feature", "properties": {"h": 13.7, "r": 1.5}, "geometry": {"type": "Point", "coordinates": [393627.2, 5669207.8]}}, {"type": "Feature", "properties": {"h": 13.5, "r": 3.0}, "geometry": {"type": "Point", "coordinates": [393178.8, 5668173.8]}}, {"type": "Feature", "properties": {"h": 13.4, "r": 3.6}, "geometry": {"type": "Point", "coordinates": [392843.2, 5669432.8]}}, {"type": "Feature", "properties": {"h": 13.7, "r": 2.0}, "geometry": {"type": "Point", "coordinates": [393387.2, 5668562.2]}}, {"type": "Feature", "properties": {"h": 12.7, "r": 2.1}, "geometry": {"type": "Point", "coordinates": [392126.2, 5668351.8]}}, {"type": "Feature", "properties": {"h": 14.0, "r": 2.9}, "geometry": {"type": "Point", "coordinates": [393335.8, 5668183.8]}}, {"type": "Feature", "properties": {"h": 12.8, "r": 2.1}, "geometry": {"type": "Point", "coordinates": [393375.8, 5668289.8]}}, {"type": "Feature", "properties": {"h": 13.0, "r": 1.6}, "geometry": {"type": "Point", "coordinates": [392607.2, 5669380.8]}}, {"type": "Feature", "properties": {"h": 14.3, "r": 3.5}, "geometry": {"type": "Point", "coordinates": [392163.8, 5669311.8]}}, {"type": "Feature", "properties": {"h": 12.9, "r": 2.5}, "geometry": {"type": "Point", "coordinates": [393587.8, 5669620.2]}}, {"type": "Feature", "properties": {"h": 13.6, "r": 1.6}, "geometry": {"type": "Point", "coordinates": [392547.8, 5669362.2]}}, {"type": "Feature", "properties": {"h": 14.1, "r": 1.4}, "geometry": {"type": "Point", "coordinates": [392728.8, 5668659.2]}}, {"type": "Feature", "properties": {"h": 15.3, "r": 1.6}, "geometry": {"type": "Point", "coordinates": [392515.8, 5668206.2]}}, {"type": "Feature", "properties": {"h": 13.9, "r": 1.5}, "geometry": {"type": "Point", "coordinates": [392289.8, 5668491.2]}}, {"type": "Feature", "properties": {"h": 13.8, "r": 2.2}, "geometry": {"type": "Point", "coordinates": [393835.8, 5668588.2]}}, {"type": "Feature", "properties": {"h": 13.5, "r": 2.0}, "geometry": {"type": "Point", "coordinates": [392860.2, 5668064.2]}}, {"type": "Feature", "properties": {"h": 13.3, "r": 2.0}, "geometry": {"type": "Point", "coordinates": [393876.8, 5668556.8]}}, {"type": "Feature", "properties": {"h": 13.2, "r": 3.6}, "geometry": {"type": "Point", "coordinates": [392942.8, 5669980.8]}}, {"type": "Feature", "properties": {"h": 14.0, "r": 2.0}, "geometry": {"type": "Point", "coordinates": [393811.2, 5668595.8]}}, {"type": "Feature", "properties": {"h": 14.4, "r": 1.8}, "geometry": {"type": "Point", "coordinates": [392570.8, 5669081.2]}}, {"type": "Feature", "properties": {"h": 14.6, "r": 1.5}, "geometry": {"type": "Point", "coordinates": [393630.2, 5669407.2]}}, {"type": "Feature", "properties": {"h": 13.2, "r": 1.1}, "geometry": {"type": "Point", "coordinates": [393812.2, 5669368.8]}}, {"type": "Feature", "properties": {"h": 14.8, "r": 2.1}, "geometry": {"type": "Point", "coordinates": [392474.8, 5669034.8]}}, {"type": "Feature", "properties": {"h": 14.2, "r": 2.0}, "geometry": {"type": "Point", "coordinates": [393999.8, 5668585.8]}}, {"type": "Feature", "properties": {"h": 13.7, "r": 2.2}, "geometry": {"type": "Point", "coordinates": [393957.8, 5669214.2]}}, {"type": "Feature", "properties": {"h": 14.5, "r": 1.6}, "geometry": {"type": "Point", "coordinates": [393961.8, 5668360.2]}}, {"type": "Feature", "properties": {"h": 14.0, "r": 2.1}, "geometry": {"type": "Point", "coordinates": [393315.2, 5668302.8]}}, {"type": "Feature", "properties": {"h": 13.7, "r": 2.0}, "geometry": {"type": "Point", "coordinates": [393706.2, 5669982.8]}}, {"type": "Feature", "properties": {"h": 15.8, "r": 1.4}, "geometry": {"type": "Point", "coordinates": [392596.2, 5668951.8]}}, {"type": "Feature", "properties": {"h": 14.3, "r": 2.5}, "geometry": {"type": "Point", "coordinates": [393724.8, 5669688.8]}}, {"type": "Feature", "properties": {"h": 12.2, "r": 2.1}, "geometry": {"type": "Point", "coordinates": [393714.2, 5669427.2]}}, {"type": "Feature", "properties": {"h": 15.5, "r": 1.8}, "geometry": {"type": "Point", "coordinates": [393161.2, 5668305.8]}}, {"type": "Feature", "properties": {"h": 17.3, "r": 1.0}, "geometry": {"type": "Point", "coordinates": [392662.2, 5668800.8]}}, {"type": "Feature", "properties": {"h": 13.7, "r": 1.8}, "geometry": {"type": "Point", "coordinates": [392305.8, 5669797.8]}}, {"type": "Feature", "properties": {"h": 13.8, "r": 1.5}, "geometry": {"type": "Point", "coordinates": [392506.8, 5669132.8]}}, {"type": "Feature", "properties": {"h": 14.3, "r": 1.6}, "geometry": {"type": "Point", "coordinates": [393991.2, 5668604.8]}}, {"type": "Feature", "properties": {"h": 12.9, "r": 3.2}, "geometry": {"type": "Point", "coordinates": [393115.8, 5669319.8]}}, {"type": "Feature", "properties": {"h": 13.3, "r": 2.1}, "geometry": {"type": "Point", "coordinates": [393576.2, 5669540.2]}}, {"type": "Feature", "properties": {"h": 12.6, "r": 2.0}, "geometry": {"type": "Point", "coordinates": [393810.8, 5669376.2]}}, {"type": "Feature", "properties": {"h": 13.1, "r": 3.0}, "geometry": {"type": "Point", "coordinates": [392250.8, 5668083.2]}}, {"type": "Feature", "properties": {"h": 13.5, "r": 2.1}, "geometry": {"type": "Point", "coordinates": [392961.2, 5669030.2]}}, {"type": "Feature", "properties": {"h": 13.4, "r": 1.8}, "geometry": {"type": "Point", "coordinates": [392998.8, 5669543.2]}}, {"type": "Feature", "properties": {"h": 13.2, "r": 1.8}, "geometry": {"type": "Point", "coordinates": [393940.2, 5668924.2]}}, {"type": "Feature", "properties": {"h": 13.4, "r": 2.0}, "geometry": {"type": "Point", "coordinates": [392964.8, 5668126.2]}}, {"type": "Feature", "properties": {"h": 14.1, "r": 1.1}, "geometry": {"type": "Point", "coordinates": [393383.2, 5668434.2]}}, {"type": "Feature", "properties": {"h": 14.1, "r": 2.5}, "geometry": {"type": "Point", "coordinates": [392178.8, 5669277.8]}}, {"type": "Feature", "properties": {"h": 12.8, "r": 2.7}, "geometry": {"type": "Point", "coordinates": [392001.2, 5668456.2]}}, {"type": "Feature", "properties": {"h": 12.8, "r": 2.2}, "geometry": {"type": "Point", "coordinates": [392841.8, 5668979.2]}}, {"type": "Feature", "properties": {"h": 14.4, "r": 1.0}, "geometry": {"type": "Point", "coordinates": [393873.2, 5669213.8]}}, {"type": "Feature", "properties": {"h": 14.4, "r": 2.2}, "geometry": {"type": "Point", "coordinates": [393688.8, 5669784.2]}}, {"type": "Feature", "properties": {"h": 14.7, "r": 1.8}, "geometry": {"type": "Point", "coordinates": [393835.2, 5668854.2]}}, {"type": "Feature", "properties": {"h": 15.8, "r": 1.5}, "geometry": {"type": "Point", "coordinates": [392407.2, 5668449.8]}}, {"type": "Feature", "properties": {"h": 13.7, "r": 1.0}, "geometry": {"type": "Point", "coordinates": [392713.2, 5669292.2]}}, {"type": "Feature", "properties": {"h": 13.3, "r": 1.6}, "geometry": {"type": "Point", "coordinates": [393934.2, 5669418.2]}}, {"type": "Feature", "properties": {"h": 14.0, "r": 2.1}, "geometry": {"type": "Point", "coordinates": [393878.2, 5669531.2]}}, {"type": "Feature", "properties": {"h": 14.2, "r": 1.1}, "geometry": {"type": "Point", "coordinates": [393449.2, 5668439.8]}}, {"type": "Feature", "properties": {"h": 13.3, "r": 2.1}, "geometry": {"type": "Point", "coordinates": [392590.8, 5669086.2]}}, {"type": "Feature", "properties": {"h": 13.0, "r": 2.7}, "geometry": {"type": "Point", "coordinates": [392989.2, 5668061.2]}}, {"type": "Feature", "properties": {"h": 11.8, "r": 1.5}, "geometry": {"type": "Point", "coordinates": [392893.2, 5668598.8]}}, {"type": "Feature", "properties": {"h": 13.2, "r": 3.5}, "geometry": {"type": "Point", "coordinates": [392011.2, 5668569.2]}}, {"type": "Feature", "properties": {"h": 13.9, "r": 2.5}, "geometry": {"type": "Point", "coordinates": [392602.8, 5668785.2]}}, {"type": "Feature", "properties": {"h": 13.3, "r": 2.0}, "geometry": {"type": "Point", "coordinates": [393143.8, 5668239.2]}}, {"type": "Feature", "properties": {"h": 13.1, "r": 1.5}, "geometry": {"type": "Point", "coordinates": [393247.8, 5669470.2]}}, {"type": "Feature", "properties": {"h": 12.9, "r": 1.1}, "geometry": {"type": "Point", "coordinates": [392024.2, 5668602.8]}}, {"type": "Feature", "properties": {"h": 12.3, "r": 2.1}, "geometry": {"type": "Point", "coordinates": [393832.8, 5669263.2]}}, {"type": "Feature", "properties": {"h": 13.2, "r": 1.8}, "geometry": {"type": "Point", "coordinates": [392620.2, 5668875.2]}}, {"type": "Feature", "properties": {"h": 13.2, "r": 1.6}, "geometry": {"type": "Point", "coordinates": [392329.2, 5668158.2]}}, {"type": "Feature", "properties": {"h": 14.4, "r": 1.5}, "geometry": {"type": "Point", "coordinates": [392238.2, 5668199.8]}}, {"type": "Feature", "properties": {"h": 12.6, "r": 1.5}, "geometry": {"type": "Point", "coordinates": [393979.8, 5668136.8]}}, {"type": "Feature", "properties": {"h": 13.2, "r": 2.0}, "geometry": {"type": "Point", "coordinates": [393856.8, 5668574.8]}}, {"type": "Feature", "properties": {"h": 12.3, "r": 3.2}, "geometry": {"type": "Point", "coordinates": [392973.8, 5668129.2]}}, {"type": "Feature", "properties": {"h": 13.1, "r": 2.5}, "geometry": {"type": "Point", "coordinates": [393259.8, 5669421.2]}}, {"type": "Feature", "properties": {"h": 13.3, "r": 4.3}, "geometry": {"type": "Point", "coordinates": [392808.8, 5668259.2]}}, {"type": "Feature", "properties": {"h": 13.0, "r": 5.0}, "geometry": {"type": "Point", "coordinates": [392241.2, 5668420.8]}}, {"type": "Feature", "properties": {"h": 13.4, "r": 4.1}, "geometry": {"type": "Point", "coordinates": [392194.8, 5669163.8]}}, {"type": "Feature", "properties": {"h": 14.2, "r": 1.4}, "geometry": {"type": "Point", "coordinates": [392256.8, 5669823.8]}}, {"type": "Feature", "properties": {"h": 15.1, "r": 1.0}, "geometry": {"type": "Point", "coordinates": [392171.8, 5668067.8]}}, {"type": "Feature", "properties": {"h": 13.6, "r": 2.2}, "geometry": {"type": "Point", "coordinates": [393975.8, 5668663.2]}}, {"type": "Feature", "properties": {"h": 12.4, "r": 3.2}, "geometry": {"type": "Point", "coordinates": [393947.8, 5669407.8]}}, {"type": "Feature", "properties": {"h": 13.0, "r": 3.5}, "geometry": {"type": "Point", "coordinates": [393793.8, 5668770.2]}}, {"type": "Feature", "properties": {"h": 13.3, "r": 4.7}, "geometry": {"type": "Point", "coordinates": [392491.2, 5669136.2]}}, {"type": "Feature", "properties": {"h": 14.0, "r": 1.4}, "geometry": {"type": "Point", "coordinates": [392761.2, 5668839.8]}}, {"type": "Feature", "properties": {"h": 13.2, "r": 2.1}, "geometry": {"type": "Point", "coordinates": [392737.8, 5668203.2]}}, {"type": "Feature", "properties": {"h": 12.8, "r": 3.2}, "geometry": {"type": "Point", "coordinates": [393036.8, 5668100.2]}}, {"type": "Feature", "properties": {"h": 13.1, "r": 2.1}, "geometry": {"type": "Point", "coordinates": [393313.8, 5668228.2]}}, {"type": "Feature", "properties": {"h": 14.2, "r": 2.0}, "geometry": {"type": "Point", "coordinates": [393085.8, 5669278.8]}}, {"type": "Feature", "properties": {"h": 13.4, "r": 1.6}, "geometry": {"type": "Point", "coordinates": [392953.2, 5669319.2]}}, {"type": "Feature", "properties": {"h": 12.9, "r": 2.5}, "geometry": {"type": "Point", "coordinates": [393470.2, 5669954.2]}}, {"type": "Feature", "properties": {"h": 13.7, "r": 2.1}, "geometry": {"type": "Point", "coordinates": [393820.2, 5669368.8]}}, {"type": "Feature", "properties": {"h": 13.1, "r": 2.7}, "geometry": {"type": "Point", "coordinates": [393568.2, 5669660.2]}}, {"type": "Feature", "properties": {"h": 16.1, "r": 1.0}, "geometry": {"type": "Point", "coordinates": [393652.8, 5669744.2]}}, {"type": "Feature", "properties": {"h": 13.8, "r": 1.5}, "geometry": {"type": "Point", "coordinates": [392813.8, 5668143.2]}}, {"type": "Feature", "properties": {"h": 13.2, "r": 3.0}, "geometry": {"type": "Point", "coordinates": [393609.2, 5669452.8]}}, {"type": "Feature", "properties": {"h": 13.2, "r": 2.1}, "geometry": {"type": "Point", "coordinates": [393427.8, 5668895.2]}}, {"type": "Feature", "properties": {"h": 13.2, "r": 1.8}, "geometry": {"type": "Point", "coordinates": [393256.2, 5669369.2]}}, {"type": "Feature", "properties": {"h": 13.0, "r": 4.0}, "geometry": {"type": "Point", "coordinates": [392792.8, 5669415.2]}}, {"type": "Feature", "properties": {"h": 13.7, "r": 1.6}, "geometry": {"type": "Point", "coordinates": [393336.2, 5668462.8]}}, {"type": "Feature", "properties": {"h": 13.9, "r": 2.0}, "geometry": {"type": "Point", "coordinates": [392778.8, 5668216.8]}}, {"type": "Feature", "properties": {"h": 13.2, "r": 2.0}, "geometry": {"type": "Point", "coordinates": [392551.2, 5669985.8]}}, {"type": "Feature", "properties": {"h": 13.1, "r": 2.0}, "geometry": {"type": "Point", "coordinates": [392629.8, 5668953.8]}}, {"type": "Feature", "properties": {"h": 14.1, "r": 2.5}, "geometry": {"type": "Point", "coordinates": [392059.8, 5668846.2]}}, {"type": "Feature", "properties": {"h": 12.6, "r": 2.2}, "geometry": {"type": "Point", "coordinates": [392931.2, 5669247.8]}}, {"type": "Feature", "properties": {"h": 13.1, "r": 3.6}, "geometry": {"type": "Point", "coordinates": [392176.2, 5669309.8]}}, {"type": "Feature", "properties": {"h": 12.6, "r": 3.4}, "geometry": {"type": "Point", "coordinates": [392000.2, 5668448.8]}}, {"type": "Feature", "properties": {"h": 13.5, "r": 1.0}, "geometry": {"type": "Point", "coordinates": [392748.8, 5668836.8]}}, {"type": "Feature", "properties": {"h": 13.6, "r": 2.0}, "geometry": {"type": "Point", "coordinates": [392783.2, 5668218.2]}}, {"type": "Feature", "properties": {"h": 13.0, "r": 1.5}, "geometry": {"type": "Point", "coordinates": [392305.2, 5669308.8]}}, {"type": "Feature", "properties": {"h": 12.8, "r": 2.5}, "geometry": {"type": "Point", "coordinates": [393305.8, 5668450.8]}}, {"type": "Feature", "properties": {"h": 14.3, "r": 1.0}, "geometry": {"type": "Point", "coordinates": [393987.2, 5668111.2]}}, {"type": "Feature", "properties": {"h": 13.7, "r": 2.1}, "geometry": {"type": "Point", "coordinates": [392742.8, 5668958.2]}}, {"type": "Feature", "properties": {"h": 12.4, "r": 1.4}, "geometry": {"type": "Point", "coordinates": [392361.2, 5668012.2]}}, {"type": "Feature", "properties": {"h": 16.8, "r": 1.0}, "geometry": {"type": "Point", "coordinates": [392977.8, 5668495.2]}}, {"type": "Feature", "properties": {"h": 14.0, "r": 2.5}, "geometry": {"type": "Point", "coordinates": [392513.2, 5669116.8]}}, {"type": "Feature", "properties": {"h": 16.4, "r": 1.0}, "geometry": {"type": "Point", "coordinates": [392369.8, 5669253.8]}}, {"type": "Feature", "properties": {"h": 14.2, "r": 1.4}, "geometry": {"type": "Point", "coordinates": [393380.2, 5668257.2]}}, {"type": "Feature", "properties": {"h": 14.5, "r": 2.2}, "geometry": {"type": "Point", "coordinates": [393080.8, 5669764.8]}}, {"type": "Feature", "properties": {"h": 14.3, "r": 3.2}, "geometry": {"type": "Point", "coordinates": [392130.8, 5668151.8]}}, {"type": "Feature", "properties": {"h": 13.6, "r": 1.8}, "geometry": {"type": "Point", "coordinates": [393979.8, 5668819.8]}}, {"type": "Feature", "properties": {"h": 12.4, "r": 2.0}, "geometry": {"type": "Point", "coordinates": [392902.8, 5669782.2]}}, {"type": "Feature", "properties": {"h": 12.8, "r": 2.5}, "geometry": {"type": "Point", "coordinates": [393076.2, 5669744.2]}}, {"type": "Feature", "properties": {"h": 13.3, "r": 1.8}, "geometry": {"type": "Point", "coordinates": [392716.2, 5668025.2]}}, {"type": "Feature", "properties": {"h": 13.4, "r": 2.5}, "geometry": {"type": "Point", "coordinates": [393279.2, 5668598.2]}}, {"type": "Feature", "properties": {"h": 13.4, "r": 1.8}, "geometry": {"type": "Point", "coordinates": [393491.8, 5668863.2]}}, {"type": "Feature", "properties": {"h": 14.0, "r": 2.9}, "geometry": {"type": "Point", "coordinates": [393405.2, 5668621.2]}}, {"type": "Feature", "properties": {"h": 12.3, "r": 1.8}, "geometry": {"type": "Point", "coordinates": [393929.8, 5669417.2]}}, {"type": "Feature", "properties": {"h": 14.1, "r": 1.6}, "geometry": {"type": "Point", "coordinates": [392007.2, 5668352.8]}}, {"type": "Feature", "properties": {"h": 12.7, "r": 1.6}, "geometry": {"type": "Point", "coordinates": [392808.2, 5669151.2]}}, {"type": "Feature", "properties": {"h": 13.0, "r": 1.6}, "geometry": {"type": "Point", "coordinates": [392268.2, 5668399.8]}}, {"type": "Feature", "properties": {"h": 14.3, "r": 1.1}, "geometry": {"type": "Point", "coordinates": [392020.8, 5668067.8]}}, {"type": "Feature", "properties": {"h": 13.8, "r": 3.0}, "geometry": {"type": "Point", "coordinates": [393476.8, 5668110.8]}}, {"type": "Feature", "properties": {"h": 14.0, "r": 1.5}, "geometry": {"type": "Point", "coordinates": [393479.8, 5668212.8]}}, {"type": "Feature", "properties": {"h": 13.2, "r": 2.1}, "geometry": {"type": "Point", "coordinates": [392233.2, 5669826.8]}}, {"type": "Feature", "properties": {"h": 13.6, "r": 1.6}, "geometry": {"type": "Point", "coordinates": [393858.8, 5669244.8]}}, {"type": "Feature", "properties": {"h": 14.8, "r": 1.6}, "geometry": {"type": "Point", "coordinates": [393628.8, 5669174.2]}}, {"type": "Feature", "properties": {"h": 13.1, "r": 1.6}, "geometry": {"type": "Point", "coordinates": [393073.2, 5669658.8]}}, {"type": "Feature", "properties": {"h": 12.3, "r": 2.8}, "geometry": {"type": "Point", "coordinates": [392971.8, 5669426.8]}}, {"type": "Feature", "properties": {"h": 13.3, "r": 1.8}, "geometry": {"type": "Point", "coordinates": [392846.8, 5668241.2]}}, {"type": "Feature", "properties": {"h": 14.3, "r": 1.1}, "geometry": {"type": "Point", "coordinates": [392309.8, 5669197.2]}}, {"type": "Feature", "properties": {"h": 12.3, "r": 3.0}, "geometry": {"type": "Point", "coordinates": [393655.8, 5669462.2]}}, {"type": "Feature", "properties": {"h": 14.5, "r": 1.5}, "geometry": {"type": "Point", "coordinates": [392369.8, 5669249.2]}}, {"type": "Feature", "properties": {"h": 13.3, "r": 1.1}, "geometry": {"type": "Point", "coordinates": [393247.2, 5668295.2]}}, {"type": "Feature", "properties": {"h": 13.3, "r": 1.6}, "geometry": {"type": "Point", "coordinates": [393222.8, 5668208.2]}}, {"type": "Feature", "properties": {"h": 13.9, "r": 2.2}, "geometry": {"type": "Point", "coordinates": [392148.8, 5668509.2]}}, {"type": "Feature", "properties": {"h": 13.5, "r": 2.2}, "geometry": {"type": "Point", "coordinates": [392399.8, 5669363.2]}}, {"type": "Feature", "properties": {"h": 13.4, "r": 1.5}, "geometry": {"type": "Point", "coordinates": [392141.2, 5668491.8]}}, {"type": "Feature", "properties": {"h": 13.3, "r": 1.4}, "geometry": {"type": "Point", "coordinates": [392885.8, 5668263.8]}}, {"type": "Feature", "properties": {"h": 14.0, "r": 2.7}, "geometry": {"type": "Point", "coordinates": [393125.8, 5669268.8]}}, {"type": "Feature", "properties": {"h": 14.3, "r": 1.6}, "geometry": {"type": "Point", "coordinates": [392729.8, 5668952.2]}}, {"type": "Feature", "properties": {"h": 13.9, "r": 1.5}, "geometry": {"type": "Point", "coordinates": [393478.2, 5668776.8]}}, {"type": "Feature", "properties": {"h": 15.0, "r": 2.8}, "geometry": {"type": "Point", "coordinates": [392091.8, 5668083.8]}}, {"type": "Feature", "properties": {"h": 11.2, "r": 1.8}, "geometry": {"type": "Point", "coordinates": [392881.8, 5668262.8]}}, {"type": "Feature", "properties": {"h": 12.9, "r": 1.0}, "geometry": {"type": "Point", "coordinates": [392455.2, 5669857.8]}}, {"type": "Feature", "properties": {"h": 14.3, "r": 1.1}, "geometry": {"type": "Point", "coordinates": [392088.2, 5668085.2]}}, {"type": "Feature", "properties": {"h": 13.0, "r": 2.9}, "geometry": {"type": "Point", "coordinates": [392415.2, 5668134.2]}}, {"type": "Feature", "properties": {"h": 13.4, "r": 1.8}, "geometry": {"type": "Point", "coordinates": [392745.2, 5668914.8]}}, {"type": "Feature", "properties": {"h": 13.3, "r": 2.7}, "geometry": {"type": "Point", "coordinates": [392632.2, 5669914.8]}}, {"type": "Feature", "properties": {"h": 11.8, "r": 1.8}, "geometry": {"type": "Point", "coordinates": [392959.2, 5669240.2]}}, {"type": "Feature", "properties": {"h": 12.5, "r": 2.1}, "geometry": {"type": "Point", "coordinates": [393131.8, 5668051.8]}}, {"type": "Feature", "properties": {"h": 12.3, "r": 1.8}, "geometry": {"type": "Point", "coordinates": [392146.8, 5668808.8]}}, {"type": "Feature", "properties": {"h": 13.3, "r": 1.5}, "geometry": {"type": "Point", "coordinates": [393868.8, 5669312.8]}}, {"type": "Feature", "properties": {"h": 12.2, "r": 2.1}, "geometry": {"type": "Point", "coordinates": [392312.8, 5669261.2]}}, {"type": "Feature", "properties": {"h": 12.8, "r": 1.4}, "geometry": {"type": "Point", "coordinates": [393499.8, 5669528.2]}}, {"type": "Feature", "properties": {"h": 13.2, "r": 2.1}, "geometry": {"type": "Point", "coordinates": [392571.2, 5668292.8]}}, {"type": "Feature", "properties": {"h": 13.3, "r": 1.6}, "geometry": {"type": "Point", "coordinates": [392276.8, 5669111.8]}}, {"type": "Feature", "properties": {"h": 13.0, "r": 1.5}, "geometry": {"type": "Point", "coordinates": [392140.8, 5668713.8]}}, {"type": "Feature", "properties": {"h": 14.5, "r": 2.0}, "geometry": {"type": "Point", "coordinates": [393143.2, 5668821.8]}}, {"type": "Feature", "properties": {"h": 12.5, "r": 3.0}, "geometry": {"type": "Point", "coordinates": [392580.8, 5669173.2]}}, {"type": "Feature", "properties": {"h": 12.2, "r": 1.8}, "geometry": {"type": "Point", "coordinates": [393535.2, 5668550.8]}}, {"type": "Feature", "properties": {"h": 13.6, "r": 2.0}, "geometry": {"type": "Point", "coordinates": [392925.2, 5668292.2]}}, {"type": "Feature", "properties": {"h": 12.8, "r": 2.0}, "geometry": {"type": "Point", "coordinates": [393080.2, 5669545.8]}}, {"type": "Feature", "properties": {"h": 13.2, "r": 1.1}, "geometry": {"type": "Point", "coordinates": [393031.2, 5669400.8]}}, {"type": "Feature", "properties": {"h": 12.4, "r": 1.8}, "geometry": {"type": "Point", "coordinates": [392526.2, 5668497.2]}}, {"type": "Feature", "properties": {"h": 12.9, "r": 1.5}, "geometry": {"type": "Point", "coordinates": [392875.8, 5668387.2]}}, {"type": "Feature", "properties": {"h": 13.1, "r": 1.4}, "geometry": {"type": "Point", "coordinates": [392580.8, 5669101.8]}}, {"type": "Feature", "properties": {"h": 12.7, "r": 2.9}, "geometry": {"type": "Point", "coordinates": [393483.8, 5669510.8]}}, {"type": "Feature", "properties": {"h": 12.0, "r": 2.1}, "geometry": {"type": "Point", "coordinates": [393297.8, 5668455.8]}}, {"type": "Feature", "properties": {"h": 13.7, "r": 1.4}, "geometry": {"type": "Point", "coordinates": [392462.8, 5669180.2]}}, {"type": "Feature", "properties": {"h": 12.2, "r": 3.5}, "geometry": {"type": "Point", "coordinates": [392160.2, 5669350.8]}}, {"type": "Feature", "properties": {"h": 12.7, "r": 1.6}, "geometry": {"type": "Point", "coordinates": [393318.2, 5668133.2]}}, {"type": "Feature", "properties": {"h": 13.7, "r": 1.6}, "geometry": {"type": "Point", "coordinates": [393424.8, 5668433.8]}}, {"type": "Feature", "properties": {"h": 11.9, "r": 1.5}, "geometry": {"type": "Point", "coordinates": [392021.8, 5668062.8]}}, {"type": "Feature", "properties": {"h": 13.5, "r": 1.5}, "geometry": {"type": "Point", "coordinates": [393477.2, 5668220.8]}}, {"type": "Feature", "properties": {"h": 13.7, "r": 2.1}, "geometry": {"type": "Point", "coordinates": [393531.2, 5669513.2]}}, {"type": "Feature", "properties": {"h": 12.9, "r": 2.7}, "geometry": {"type": "Point", "coordinates": [393233.8, 5668134.2]}}, {"type": "Feature", "properties": {"h": 14.2, "r": 1.5}, "geometry": {"type": "Point", "coordinates": [392902.2, 5668166.2]}}, {"type": "Feature", "properties": {"h": 13.3, "r": 2.5}, "geometry": {"type": "Point", "coordinates": [392537.8, 5668034.8]}}, {"type": "Feature", "properties": {"h": 12.9, "r": 3.6}, "geometry": {"type": "Point", "coordinates": [393035.2, 5668093.2]}}, {"type": "Feature", "properties": {"h": 12.1, "r": 2.5}, "geometry": {"type": "Point", "coordinates": [393699.8, 5669986.8]}}, {"type": "Feature", "properties": {"h": 13.6, "r": 1.8}, "geometry": {"type": "Point", "coordinates": [393356.2, 5668787.2]}}, {"type": "Feature", "properties": {"h": 14.3, "r": 1.4}, "geometry": {"type": "Point", "coordinates": [393422.8, 5668732.2]}}, {"type": "Feature", "properties": {"h": 13.0, "r": 1.6}, "geometry": {"type": "Point", "coordinates": [393142.2, 5668667.8]}}, {"type": "Feature", "properties": {"h": 13.9, "r": 1.6}, "geometry": {"type": "Point", "coordinates": [392352.8, 5669857.2]}}, {"type": "Feature", "properties": {"h": 12.3, "r": 2.5}, "geometry": {"type": "Point", "coordinates": [393444.2, 5668512.2]}}, {"type": "Feature", "properties": {"h": 14.2, "r": 2.5}, "geometry": {"type": "Point", "coordinates": [392089.8, 5668465.8]}}, {"type": "Feature", "properties": {"h": 14.0, "r": 2.0}, "geometry": {"type": "Point", "coordinates": [392335.8, 5668901.8]}}, {"type": "Feature", "properties": {"h": 13.3, "r": 1.0}, "geometry": {"type": "Point", "coordinates": [392974.2, 5669334.8]}}, {"type": "Feature", "properties": {"h": 12.7, "r": 2.8}, "geometry": {"type": "Point", "coordinates": [392859.8, 5669431.8]}}, {"type": "Feature", "properties": {"h": 13.0, "r": 1.5}, "geometry": {"type": "Point", "coordinates": [392311.2, 5669319.8]}}, {"type": "Feature", "properties": {"h": 12.6, "r": 3.5}, "geometry": {"type": "Point", "coordinates": [392812.2, 5669881.8]}}, {"type": "Feature", "properties": {"h": 12.9, "r": 2.2}, "geometry": {"type": "Point", "coordinates": [393651.8, 5669420.2]}}, {"type": "Feature", "properties": {"h": 12.2, "r": 1.8}, "geometry": {"type": "Point", "coordinates": [393990.2, 5669739.8]}}, {"type": "Feature", "properties": {"h": 13.1, "r": 3.6}, "geometry": {"type": "Point", "coordinates": [392990.8, 5669865.2]}}, {"type": "Feature", "properties": {"h": 13.7, "r": 1.1}, "geometry": {"type": "Point", "coordinates": [392716.8, 5668965.8]}}, {"type": "Feature", "properties": {"h": 13.7, "r": 1.5}, "geometry": {"type": "Point", "coordinates": [392586.8, 5669220.8]}}, {"type": "Feature", "properties": {"h": 13.5, "r": 1.6}, "geometry": {"type": "Point", "coordinates": [393583.2, 5669251.8]}}, {"type": "Feature", "properties": {"h": 12.6, "r": 1.8}, "geometry": {"type": "Point", "coordinates": [392930.2, 5668020.8]}}, {"type": "Feature", "properties": {"h": 12.4, "r": 2.5}, "geometry": {"type": "Point", "coordinates": [393883.2, 5668552.2]}}, {"type": "Feature", "properties": {"h": 11.7, "r": 1.8}, "geometry": {"type": "Point", "coordinates": [392234.2, 5669833.2]}}, {"type": "Feature", "properties": {"h": 13.1, "r": 1.8}, "geometry": {"type": "Point", "coordinates": [392746.8, 5668919.2]}}, {"type": "Feature", "properties": {"h": 12.9, "r": 1.4}, "geometry": {"type": "Point", "coordinates": [393631.2, 5669202.2]}}, {"type": "Feature", "properties": {"h": 12.7, "r": 2.1}, "geometry": {"type": "Point", "coordinates": [393949.8, 5669394.8]}}, {"type": "Feature", "properties": {"h": 14.8, "r": 1.1}, "geometry": {"type": "Point", "coordinates": [392092.2, 5668101.8]}}, {"type": "Feature", "properties": {"h": 14.4, "r": 1.6}, "geometry": {"type": "Point", "coordinates": [392917.2, 5669739.2]}}, {"type": "Feature", "properties": {"h": 12.9, "r": 2.5}, "geometry": {"type": "Point", "coordinates": [393562.8, 5668076.2]}}, {"type": "Feature", "properties": {"h": 12.3, "r": 4.0}, "geometry": {"type": "Point", "coordinates": [393506.8, 5669437.2]}}, {"type": "Feature", "properties": {"h": 12.2, "r": 3.5}, "geometry": {"type": "Point", "coordinates": [392229.2, 5669824.8]}}, {"type": "Feature", "properties": {"h": 13.2, "r": 1.8}, "geometry": {"type": "Point", "coordinates": [392962.8, 5668056.8]}}, {"type": "Feature", "properties": {"h": 12.3, "r": 2.2}, "geometry": {"type": "Point", "coordinates": [393479.2, 5669449.2]}}, {"type": "Feature", "properties": {"h": 12.7, "r": 1.6}, "geometry": {"type": "Point", "coordinates": [393469.8, 5668114.2]}}, {"type": "Feature", "properties": {"h": 13.8, "r": 2.2}, "geometry": {"type": "Point", "coordinates": [392292.2, 5668373.2]}}, {"type": "Feature", "properties": {"h": 13.9, "r": 1.8}, "geometry": {"type": "Point", "coordinates": [392232.8, 5669384.8]}}, {"type": "Feature", "properties": {"h": 12.2, "r": 2.0}, "geometry": {"type": "Point", "coordinates": [393886.2, 5668559.2]}}, {"type": "Feature", "properties": {"h": 12.8, "r": 1.5}, "geometry": {"type": "Point", "coordinates": [392735.2, 5668935.8]}}, {"type": "Feature", "properties": {"h": 13.3, "r": 1.0}, "geometry": {"type": "Point", "coordinates": [392338.2, 5668889.2]}}, {"type": "Feature", "properties": {"h": 13.2, "r": 3.5}, "geometry": {"type": "Point", "coordinates": [393631.2, 5668175.8]}}, {"type": "Feature", "properties": {"h": 12.3, "r": 2.1}, "geometry": {"type": "Point", "coordinates": [393774.8, 5669361.2]}}, {"type": "Feature", "properties": {"h": 12.8, "r": 1.5}, "geometry": {"type": "Point", "coordinates": [393447.8, 5668005.2]}}, {"type": "Feature", "properties": {"h": 13.1, "r": 2.5}, "geometry": {"type": "Point", "coordinates": [392771.8, 5668904.2]}}, {"type": "Feature", "properties": {"h": 13.7, "r": 1.1}, "geometry": {"type": "Point", "coordinates": [392741.2, 5668919.2]}}, {"type": "Feature", "properties": {"h": 12.5, "r": 2.1}, "geometry": {"type": "Point", "coordinates": [393658.2, 5669139.2]}}, {"type": "Feature", "properties": {"h": 13.9, "r": 1.8}, "geometry": {"type": "Point", "coordinates": [392973.2, 5669378.8]}}, {"type": "Feature", "properties": {"h": 13.6, "r": 1.4}, "geometry": {"type": "Point", "coordinates": [393679.2, 5669399.8]}}, {"type": "Feature", "properties": {"h": 12.5, "r": 2.0}, "geometry": {"type": "Point", "coordinates": [392850.8, 5668247.8]}}, {"type": "Feature", "properties": {"h": 12.3, "r": 2.7}, "geometry": {"type": "Point", "coordinates": [392286.2, 5669326.2]}}, {"type": "Feature", "properties": {"h": 12.6, "r": 1.6}, "geometry": {"type": "Point", "coordinates": [393864.8, 5669302.8]}}, {"type": "Feature", "properties": {"h": 13.0, "r": 2.7}, "geometry": {"type": "Point", "coordinates": [392219.2, 5668464.8]}}, {"type": "Feature", "properties": {"h": 12.6, "r": 1.4}, "geometry": {"type": "Point", "coordinates": [392959.8, 5669944.2]}}, {"type": "Feature", "properties": {"h": 13.7, "r": 2.1}, "geometry": {"type": "Point", "coordinates": [392892.8, 5669787.2]}}, {"type": "Feature", "properties": {"h": 12.5, "r": 2.5}, "geometry": {"type": "Point", "coordinates": [392734.2, 5669561.2]}}, {"type": "Feature", "properties": {"h": 13.5, "r": 1.4}, "geometry": {"type": "Point", "coordinates": [393830.2, 5668585.8]}}, {"type": "Feature", "properties": {"h": 13.1, "r": 2.1}, "geometry": {"type": "Point", "coordinates": [392302.8, 5668351.2]}}, {"type": "Feature", "properties": {"h": 13.8, "r": 1.4}, "geometry": {"type": "Point", "coordinates": [392228.8, 5669236.2]}}, {"type": "Feature", "properties": {"h": 12.7, "r": 2.0}, "geometry": {"type": "Point", "coordinates": [392332.2, 5669774.2]}}, {"type": "Feature", "properties": {"h": 12.2, "r": 3.5}, "geometry": {"type": "Point", "coordinates": [393478.2, 5669705.2]}}, {"type": "Feature", "properties": {"h": 11.8, "r": 2.1}, "geometry": {"type": "Point", "coordinates": [392723.8, 5669331.8]}}, {"type": "Feature", "properties": {"h": 12.6, "r": 2.7}, "geometry": {"type": "Point", "coordinates": [392282.2, 5669384.2]}}, {"type": "Feature", "properties": {"h": 12.6, "r": 3.5}, "geometry": {"type": "Point", "coordinates": [393243.2, 5668292.8]}}, {"type": "Feature", "properties": {"h": 13.1, "r": 1.8}, "geometry": {"type": "Point", "coordinates": [392289.2, 5668821.8]}}, {"type": "Feature", "properties": {"h": 12.8, "r": 1.8}, "geometry": {"type": "Point", "coordinates": [392905.8, 5669261.2]}}, {"type": "Feature", "properties": {"h": 13.8, "r": 1.1}, "geometry": {"type": "Point", "coordinates": [392929.2, 5669463.2]}}, {"type": "Feature", "properties": {"h": 13.9, "r": 2.0}, "geometry": {"type": "Point", "coordinates": [393551.8, 5669257.8]}}, {"type": "Feature", "properties": {"h": 14.5, "r": 2.1}, "geometry": {"type": "Point", "coordinates": [392615.8, 5668868.2]}}, {"type": "Feature", "properties": {"h": 12.6, "r": 2.1}, "geometry": {"type": "Point", "coordinates": [393919.2, 5669487.2]}}, {"type": "Feature", "properties": {"h": 13.0, "r": 2.2}, "geometry": {"type": "Point", "coordinates": [392454.8, 5668507.8]}}, {"type": "Feature", "properties": {"h": 11.8, "r": 1.8}, "geometry": {"type": "Point", "coordinates": [393395.8, 5668131.8]}}, {"type": "Feature", "properties": {"h": 15.0, "r": 1.4}, "geometry": {"type": "Point", "coordinates": [392607.8, 5668395.8]}}, {"type": "Feature", "properties": {"h": 13.6, "r": 2.0}, "geometry": {"type": "Point", "coordinates": [392938.8, 5669337.2]}}, {"type": "Feature", "properties": {"h": 15.2, "r": 1.1}, "geometry": {"type": "Point", "coordinates": [392941.2, 5669120.2]}}, {"type": "Feature", "properties": {"h": 13.1, "r": 1.5}, "geometry": {"type": "Point", "coordinates": [392964.8, 5668074.2]}}, {"type": "Feature", "properties": {"h": 13.0, "r": 2.1}, "geometry": {"type": "Point", "coordinates": [392313.8, 5669785.8]}}, {"type": "Feature", "properties": {"h": 13.3, "r": 2.2}, "geometry": {"type": "Point", "coordinates": [393794.8, 5668984.2]}}, {"type": "Feature", "properties": {"h": 11.1, "r": 1.8}, "geometry": {"type": "Point", "coordinates": [393697.2, 5669418.2]}}, {"type": "Feature", "properties": {"h": 12.6, "r": 2.1}, "geometry": {"type": "Point", "coordinates": [393310.2, 5668455.2]}}, {"type": "Feature", "properties": {"h": 13.0, "r": 1.8}, "geometry": {"type": "Point", "coordinates": [393681.2, 5669403.8]}}, {"type": "Feature", "properties": {"h": 12.1, "r": 2.5}, "geometry": {"type": "Point", "coordinates": [392450.2, 5668508.8]}}, {"type": "Feature", "properties": {"h": 11.8, "r": 1.8}, "geometry": {"type": "Point", "coordinates": [393127.2, 5668403.8]}}, {"type": "Feature", "properties": {"h": 12.6, "r": 2.1}, "geometry": {"type": "Point", "coordinates": [392390.8, 5668085.2]}}, {"type": "Feature", "properties": {"h": 12.1, "r": 7.2}, "geometry": {"type": "Point", "coordinates": [392842.8, 5669452.8]}}, {"type": "Feature", "properties": {"h": 12.1, "r": 3.8}, "geometry": {"type": "Point", "coordinates": [392108.8, 5669099.2]}}, {"type": "Feature", "properties": {"h": 13.0, "r": 2.5}, "geometry": {"type": "Point", "coordinates": [393653.2, 5669384.8]}}, {"type": "Feature", "properties": {"h": 13.6, "r": 1.5}, "geometry": {"type": "Point", "coordinates": [393334.2, 5668217.8]}}, {"type": "Feature", "properties": {"h": 11.8, "r": 2.9}, "geometry": {"type": "Point", "coordinates": [393756.2, 5669679.8]}}, {"type": "Feature", "properties": {"h": 14.4, "r": 2.0}, "geometry": {"type": "Point", "coordinates": [392855.2, 5668005.2]}}, {"type": "Feature", "properties": {"h": 12.3, "r": 2.0}, "geometry": {"type": "Point", "coordinates": [393833.2, 5669277.8]}}, {"type": "Feature", "properties": {"h": 12.3, "r": 1.8}, "geometry": {"type": "Point", "coordinates": [392548.2, 5668436.8]}}, {"type": "Feature", "properties": {"h": 12.7, "r": 1.8}, "geometry": {"type": "Point", "coordinates": [393713.8, 5669974.8]}}, {"type": "Feature", "properties": {"h": 12.3, "r": 2.5}, "geometry": {"type": "Point", "coordinates": [393598.2, 5668139.2]}}, {"type": "Feature", "properties": {"h": 13.4, "r": 2.7}, "geometry": {"type": "Point", "coordinates": [392748.8, 5668874.8]}}, {"type": "Feature", "properties": {"h": 11.7, "r": 2.7}, "geometry": {"type": "Point", "coordinates": [393267.8, 5668354.8]}}, {"type": "Feature", "properties": {"h": 12.0, "r": 2.5}, "geometry": {"type": "Point", "coordinates": [392652.2, 5669189.2]}}, {"type": "Feature", "properties": {"h": 12.6, "r": 1.8}, "geometry": {"type": "Point", "coordinates": [393635.2, 5669377.8]}}, {"type": "Feature", "properties": {"h": 12.5, "r": 1.8}, "geometry": {"type": "Point", "coordinates": [393100.8, 5669333.2]}}, {"type": "Feature", "properties": {"h": 12.1, "r": 2.7}, "geometry": {"type": "Point", "coordinates": [392736.8, 5668210.8]}}, {"type": "Feature", "properties": {"h": 13.5, "r": 2.5}, "geometry": {"type": "Point", "coordinates": [392132.2, 5669359.8]}}, {"type": "Feature", "properties": {"h": 12.7, "r": 2.2}, "geometry": {"type": "Point", "coordinates": [393356.8, 5668481.2]}}, {"type": "Feature", "properties": {"h": 12.1, "r": 2.5}, "geometry": {"type": "Point", "coordinates": [393801.2, 5668945.2]}}, {"type": "Feature", "properties": {"h": 13.4, "r": 2.5}, "geometry": {"type": "Point", "coordinates": [393829.2, 5669555.8]}}, {"type": "Feature", "properties": {"h": 12.4, "r": 2.0}, "geometry": {"type": "Point", "coordinates": [393938.8, 5668707.2]}}, {"type": "Feature", "properties": {"h": 12.5, "r": 2.7}, "geometry": {"type": "Point", "coordinates": [392370.8, 5668897.2]}}, {"type": "Feature", "properties": {"h": 11.8, "r": 3.2}, "geometry": {"type": "Point", "coordinates": [392648.2, 5668444.8]}}, {"type": "Feature", "properties": {"h": 14.0, "r": 1.0}, "geometry": {"type": "Point", "coordinates": [392303.8, 5668189.2]}}, {"type": "Feature", "properties": {"h": 11.5, "r": 2.1}, "geometry": {"type": "Point", "coordinates": [392696.2, 5668005.2]}}, {"type": "Feature", "properties": {"h": 13.9, "r": 1.5}, "geometry": {"type": "Point", "coordinates": [392022.2, 5668746.2]}}, {"type": "Feature", "properties": {"h": 12.9, "r": 1.8}, "geometry": {"type": "Point", "coordinates": [393857.2, 5669239.8]}}, {"type": "Feature", "properties": {"h": 11.8, "r": 1.5}, "geometry": {"type": "Point", "coordinates": [392410.2, 5668326.2]}}, {"type": "Feature", "properties": {"h": 12.6, "r": 2.0}, "geometry": {"type": "Point", "coordinates": [393086.2, 5669285.8]}}, {"type": "Feature", "properties": {"h": 12.6, "r": 2.0}, "geometry": {"type": "Point", "coordinates": [392014.2, 5668077.8]}}, {"type": "Feature", "properties": {"h": 12.2, "r": 1.8}, "geometry": {"type": "Point", "coordinates": [393449.8, 5669811.8]}}, {"type": "Feature", "properties": {"h": 12.5, "r": 2.5}, "geometry": {"type": "Point", "coordinates": [392176.2, 5669202.8]}}, {"type": "Feature", "properties": {"h": 13.2, "r": 1.5}, "geometry": {"type": "Point", "coordinates": [393583.2, 5669245.8]}}, {"type": "Feature", "properties": {"h": 12.4, "r": 2.8}, "geometry": {"type": "Point", "coordinates": [392590.8, 5668784.8]}}, {"type": "Feature", "properties": {"h": 13.4, "r": 2.9}, "geometry": {"type": "Point", "coordinates": [392108.2, 5668491.2]}}, {"type": "Feature", "properties": {"h": 12.4, "r": 1.5}, "geometry": {"type": "Point", "coordinates": [393871.2, 5668725.2]}}, {"type": "Feature", "properties": {"h": 12.4, "r": 2.1}, "geometry": {"type": "Point", "coordinates": [392698.8, 5668852.8]}}, {"type": "Feature", "properties": {"h": 11.4, "r": 2.5}, "geometry": {"type": "Point", "coordinates": [392544.2, 5668431.8]}}, {"type": "Feature", "properties": {"h": 13.0, "r": 1.8}, "geometry": {"type": "Point", "coordinates": [393497.2, 5668854.8]}}, {"type": "Feature", "properties": {"h": 12.4, "r": 2.1}, "geometry": {"type": "Point", "coordinates": [392798.8, 5668942.8]}}, {"type": "Feature", "properties": {"h": 11.3, "r": 2.0}, "geometry": {"type": "Point", "coordinates": [393148.2, 5668267.2]}}, {"type": "Feature", "properties": {"h": 11.6, "r": 1.5}, "geometry": {"type": "Point", "coordinates": [392427.2, 5668922.2]}}, {"type": "Feature", "properties": {"h": 12.5, "r": 1.6}, "geometry": {"type": "Point", "coordinates": [393659.8, 5669387.2]}}, {"type": "Feature", "properties": {"h": 13.1, "r": 2.8}, "geometry": {"type": "Point", "coordinates": [393709.8, 5669967.8]}}, {"type": "Feature", "properties": {"h": 11.2, "r": 1.6}, "geometry": {"type": "Point", "coordinates": [393305.2, 5668403.8]}}, {"type": "Feature", "properties": {"h": 13.2, "r": 2.2}, "geometry": {"type": "Point", "coordinates": [392257.8, 5669389.8]}}, {"type": "Feature", "properties": {"h": 13.4, "r": 2.5}, "geometry": {"type": "Point", "coordinates": [392369.2, 5668057.8]}}, {"type": "Feature", "properties": {"h": 12.2, "r": 2.9}, "geometry": {"type": "Point", "coordinates": [393036.2, 5669497.8]}}, {"type": "Feature", "properties": {"h": 11.0, "r": 1.8}, "geometry": {"type": "Point", "coordinates": [393789.2, 5668908.2]}}, {"type": "Feature", "properties": {"h": 11.8, "r": 2.1}, "geometry": {"type": "Point", "coordinates": [392104.2, 5668065.2]}}, {"type": "Feature", "properties": {"h": 12.3, "r": 2.5}, "geometry": {"type": "Point", "coordinates": [392879.2, 5668413.2]}}, {"type": "Feature", "properties": {"h": 11.9, "r": 1.8}, "geometry": {"type": "Point", "coordinates": [392685.8, 5669383.8]}}, {"type": "Feature", "properties": {"h": 13.5, "r": 1.4}, "geometry": {"type": "Point", "coordinates": [392251.2, 5668435.8]}}, {"type": "Feature", "properties": {"h": 12.7, "r": 2.1}, "geometry": {"type": "Point", "coordinates": [392928.8, 5669403.2]}}, {"type": "Feature", "properties": {"h": 12.5, "r": 2.1}, "geometry": {"type": "Point", "coordinates": [393491.2, 5669643.8]}}, {"type": "Feature", "properties": {"h": 12.5, "r": 2.7}, "geometry": {"type": "Point", "coordinates": [393068.8, 5669870.2]}}, {"type": "Feature", "properties": {"h": 10.7, "r": 1.5}, "geometry": {"type": "Point", "coordinates": [393807.2, 5669170.2]}}, {"type": "Feature", "properties": {"h": 11.9, "r": 2.5}, "geometry": {"type": "Point", "coordinates": [392270.2, 5668111.2]}}, {"type": "Feature", "properties": {"h": 12.2, "r": 1.4}, "geometry": {"type": "Point", "coordinates": [393777.2, 5669758.2]}}, {"type": "Feature", "properties": {"h": 12.1, "r": 2.5}, "geometry": {"type": "Point", "coordinates": [392987.8, 5668051.8]}}, {"type": "Feature", "properties": {"h": 12.8, "r": 2.0}, "geometry": {"type": "Point", "coordinates": [392016.8, 5669486.2]}}, {"type": "Feature", "properties": {"h": 14.4, "r": 1.6}, "geometry": {"type": "Point", "coordinates": [392897.8, 5668596.2]}}, {"type": "Feature", "properties": {"h": 12.7, "r": 3.4}, "geometry": {"type": "Point", "coordinates": [393127.2, 5668163.8]}}, {"type": "Feature", "properties": {"h": 12.7, "r": 1.5}, "geometry": {"type": "Point", "coordinates": [393871.8, 5668551.8]}}, {"type": "Feature", "properties": {"h": 14.6, "r": 1.4}, "geometry": {"type": "Point", "coordinates": [392798.2, 5668109.8]}}, {"type": "Feature", "properties": {"h": 12.3, "r": 2.1}, "geometry": {"type": "Point", "coordinates": [393417.2, 5668510.2]}}, {"type": "Feature", "properties": {"h": 12.2, "r": 2.5}, "geometry": {"type": "Point", "coordinates": [392470.2, 5668972.2]}}, {"type": "Feature", "properties": {"h": 12.3, "r": 2.0}, "geometry": {"type": "Point", "coordinates": [392992.2, 5669147.8]}}, {"type": "Feature", "properties": {"h": 12.9, "r": 4.0}, "geometry": {"type": "Point", "coordinates": [392008.8, 5668447.2]}}, {"type": "Feature", "properties": {"h": 12.0, "r": 2.1}, "geometry": {"type": "Point", "coordinates": [393783.2, 5668789.8]}}, {"type": "Feature", "properties": {"h": 11.7, "r": 4.0}, "geometry": {"type": "Point", "coordinates": [392128.2, 5669359.2]}}, {"type": "Feature", "properties": {"h": 16.3, "r": 1.0}, "geometry": {"type": "Point", "coordinates": [393749.8, 5668882.2]}}, {"type": "Feature", "properties": {"h": 13.7, "r": 1.4}, "geometry": {"type": "Point", "coordinates": [392292.8, 5668088.8]}}, {"type": "Feature", "properties": {"h": 11.5, "r": 2.0}, "geometry": {"type": "Point", "coordinates": [393311.8, 5668318.2]}}, {"type": "Feature", "properties": {"h": 12.1, "r": 2.1}, "geometry": {"type": "Point", "coordinates": [392065.8, 5668448.2]}}, {"type": "Feature", "properties": {"h": 12.5, "r": 3.5}, "geometry": {"type": "Point", "coordinates": [393181.2, 5668050.2]}}, {"type": "Feature", "properties": {"h": 11.6, "r": 1.8}, "geometry": {"type": "Point", "coordinates": [393301.2, 5668409.8]}}, {"type": "Feature", "properties": {"h": 12.8, "r": 2.5}, "geometry": {"type": "Point", "coordinates": [393579.8, 5668291.2]}}, {"type": "Feature", "properties": {"h": 12.8, "r": 2.2}, "geometry": {"type": "Point", "coordinates": [393857.8, 5668481.8]}}, {"type": "Feature", "properties": {"h": 12.9, "r": 1.5}, "geometry": {"type": "Point", "coordinates": [393288.2, 5668358.2]}}, {"type": "Feature", "properties": {"h": 12.3, "r": 1.6}, "geometry": {"type": "Point", "coordinates": [392113.2, 5668333.2]}}, {"type": "Feature", "properties": {"h": 17.4, "r": 1.1}, "geometry": {"type": "Point", "coordinates": [393069.2, 5669434.8]}}, {"type": "Feature", "properties": {"h": 12.5, "r": 3.4}, "geometry": {"type": "Point", "coordinates": [392920.2, 5669332.8]}}, {"type": "Feature", "properties": {"h": 12.0, "r": 1.8}, "geometry": {"type": "Point", "coordinates": [393705.8, 5669803.8]}}, {"type": "Feature", "properties": {"h": 12.1, "r": 1.8}, "geometry": {"type": "Point", "coordinates": [392284.2, 5668099.8]}}, {"type": "Feature", "properties": {"h": 11.9, "r": 2.1}, "geometry": {"type": "Point", "coordinates": [392000.2, 5668075.8]}}, {"type": "Feature", "properties": {"h": 12.0, "r": 3.5}, "geometry": {"type": "Point", "coordinates": [393646.2, 5669420.2]}}, {"type": "Feature", "properties": {"h": 14.6, "r": 1.1}, "geometry": {"type": "Point", "coordinates": [392004.8, 5668481.2]}}, {"type": "Feature", "properties": {"h": 12.4, "r": 1.6}, "geometry": {"type": "Point", "coordinates": [393623.8, 5669403.2]}}, {"type": "Feature", "properties": {"h": 12.6, "r": 1.6}, "geometry": {"type": "Point", "coordinates": [393599.2, 5669479.8]}}, {"type": "Feature", "properties": {"h": 11.5, "r": 2.1}, "geometry": {"type": "Point", "coordinates": [393525.2, 5669503.8]}}, {"type": "Feature", "properties": {"h": 12.1, "r": 2.9}, "geometry": {"type": "Point", "coordinates": [392056.2, 5668263.2]}}, {"type": "Feature", "properties": {"h": 11.7, "r": 1.0}, "geometry": {"type": "Point", "coordinates": [392520.2, 5668318.8]}}, {"type": "Feature", "properties": {"h": 12.5, "r": 3.0}, "geometry": {"type": "Point", "coordinates": [392143.8, 5668367.8]}}, {"type": "Feature", "properties": {"h": 12.0, "r": 3.5}, "geometry": {"type": "Point", "coordinates": [392055.2, 5669350.2]}}, {"type": "Feature", "properties": {"h": 10.3, "r": 1.5}, "geometry": {"type": "Point", "coordinates": [393708.8, 5669034.8]}}, {"type": "Feature", "properties": {"h": 13.0, "r": 3.2}, "geometry": {"type": "Point", "coordinates": [393431.8, 5668049.8]}}, {"type": "Feature", "properties": {"h": 12.0, "r": 2.9}, "geometry": {"type": "Point", "coordinates": [393450.8, 5669941.2]}}, {"type": "Feature", "properties": {"h": 13.5, "r": 1.1}, "geometry": {"type": "Point", "coordinates": [392625.2, 5669159.2]}}, {"type": "Feature", "properties": {"h": 14.6, "r": 1.1}, "geometry": {"type": "Point", "coordinates": [393682.2, 5669658.8]}}, {"type": "Feature", "properties": {"h": 12.1, "r": 3.6}, "geometry": {"type": "Point", "coordinates": [393864.8, 5668795.2]}}, {"type": "Feature", "properties": {"h": 12.3, "r": 2.1}, "geometry": {"type": "Point", "coordinates": [392272.2, 5668106.2]}}, {"type": "Feature", "properties": {"h": 11.9, "r": 1.8}, "geometry": {"type": "Point", "coordinates": [392744.2, 5668939.2]}}, {"type": "Feature", "properties": {"h": 12.2, "r": 3.0}, "geometry": {"type": "Point", "coordinates": [393569.2, 5668076.8]}}, {"type": "Feature", "properties": {"h": 12.0, "r": 3.0}, "geometry": {"type": "Point", "coordinates": [393056.8, 5668056.2]}}, {"type": "Feature", "properties": {"h": 12.3, "r": 2.5}, "geometry": {"type": "Point", "coordinates": [392111.8, 5668492.2]}}, {"type": "Feature", "properties": {"h": 12.1, "r": 2.5}, "geometry": {"type": "Point", "coordinates": [392309.8, 5668050.8]}}, {"type": "Feature", "properties": {"h": 11.8, "r": 2.8}, "geometry": {"type": "Point", "coordinates": [393641.8, 5668145.8]}}, {"type": "Feature", "properties": {"h": 13.4, "r": 2.5}, "geometry": {"type": "Point", "coordinates": [392709.2, 5669065.2]}}, {"type": "Feature", "properties": {"h": 12.9, "r": 2.9}, "geometry": {"type": "Point", "coordinates": [392025.8, 5668932.8]}}, {"type": "Feature", "properties": {"h": 12.9, "r": 1.1}, "geometry": {"type": "Point", "coordinates": [393819.8, 5668609.8]}}, {"type": "Feature", "properties": {"h": 13.1, "r": 2.7}, "geometry": {"type": "Point", "coordinates": [393255.8, 5668285.8]}}, {"type": "Feature", "properties": {"h": 12.1, "r": 2.0}, "geometry": {"type": "Point", "coordinates": [393270.2, 5668341.8]}}, {"type": "Feature", "properties": {"h": 16.1, "r": 1.0}, "geometry": {"type": "Point", "coordinates": [392096.8, 5668467.8]}}, {"type": "Feature", "properties": {"h": 12.0, "r": 4.0}, "geometry": {"type": "Point", "coordinates": [392187.8, 5668429.2]}}, {"type": "Feature", "properties": {"h": 12.5, "r": 1.5}, "geometry": {"type": "Point", "coordinates": [393978.8, 5669520.2]}}, {"type": "Feature", "properties": {"h": 12.1, "r": 2.1}, "geometry": {"type": "Point", "coordinates": [392784.2, 5669125.2]}}, {"type": "Feature", "properties": {"h": 11.5, "r": 2.5}, "geometry": {"type": "Point", "coordinates": [392332.2, 5669783.8]}}, {"type": "Feature", "properties": {"h": 11.6, "r": 1.4}, "geometry": {"type": "Point", "coordinates": [393623.2, 5669201.2]}}, {"type": "Feature", "properties": {"h": 12.9, "r": 1.6}, "geometry": {"type": "Point", "coordinates": [392576.8, 5668291.8]}}, {"type": "Feature", "properties": {"h": 12.7, "r": 1.0}, "geometry": {"type": "Point", "coordinates": [393170.8, 5668409.8]}}, {"type": "Feature", "properties": {"h": 11.3, "r": 1.5}, "geometry": {"type": "Point", "coordinates": [392881.2, 5668267.2]}}, {"type": "Feature", "properties": {"h": 12.2, "r": 1.6}, "geometry": {"type": "Point", "coordinates": [393303.8, 5668457.2]}}, {"type": "Feature", "properties": {"h": 12.6, "r": 2.7}, "geometry": {"type": "Point", "coordinates": [392288.2, 5669386.2]}}, {"type": "Feature", "properties": {"h": 14.7, "r": 1.6}, "geometry": {"type": "Point", "coordinates": [392308.2, 5669789.2]}}, {"type": "Feature", "properties": {"h": 12.6, "r": 2.2}, "geometry": {"type": "Point", "coordinates": [392185.8, 5668191.2]}}, {"type": "Feature", "properties": {"h": 12.3, "r": 2.5}, "geometry": {"type": "Point", "coordinates": [392542.8, 5668031.8]}}, {"type": "Feature", "properties": {"h": 11.1, "r": 2.0}, "geometry": {"type": "Point", "coordinates": [392021.8, 5669486.8]}}, {"type": "Feature", "properties": {"h": 11.0, "r": 1.5}, "geometry": {"type": "Point", "coordinates": [392495.2, 5668274.2]}}, {"type": "Feature", "properties": {"h": 13.5, "r": 1.5}, "geometry": {"type": "Point", "coordinates": [393483.8, 5668774.2]}}, {"type": "Feature", "properties": {"h": 14.4, "r": 1.1}, "geometry": {"type": "Point", "coordinates": [392293.2, 5668018.2]}}, {"type": "Feature", "properties": {"h": 13.1, "r": 1.8}, "geometry": {"type": "Point", "coordinates": [392535.8, 5669574.2]}}, {"type": "Feature", "properties": {"h": 11.7, "r": 1.4}, "geometry": {"type": "Point", "coordinates": [393881.8, 5668560.2]}}, {"type": "Feature", "properties": {"h": 10.4, "r": 1.5}, "geometry": {"type": "Point", "coordinates": [393648.8, 5669386.2]}}, {"type": "Feature", "properties": {"h": 11.7, "r": 4.2}, "geometry": {"type": "Point", "coordinates": [393959.8, 5668123.2]}}, {"type": "Feature", "properties": {"h": 14.4, "r": 1.1}, "geometry": {"type": "Point", "coordinates": [393947.8, 5668347.8]}}, {"type": "Feature", "properties": {"h": 11.0, "r": 2.1}, "geometry": {"type": "Point", "coordinates": [392025.8, 5668216.8]}}, {"type": "Feature", "properties": {"h": 12.4, "r": 2.2}, "geometry": {"type": "Point", "coordinates": [392306.8, 5669348.8]}}, {"type": "Feature", "properties": {"h": 13.4, "r": 1.6}, "geometry": {"type": "Point", "coordinates": [393233.2, 5669473.8]}}, {"type": "Feature", "properties": {"h": 12.4, "r": 2.1}, "geometry": {"type": "Point", "coordinates": [392061.2, 5668465.8]}}, {"type": "Feature", "properties": {"h": 12.5, "r": 1.5}, "geometry": {"type": "Point", "coordinates": [392944.8, 5669034.8]}}, {"type": "Feature", "properties": {"h": 13.4, "r": 1.6}, "geometry": {"type": "Point", "coordinates": [393480.2, 5668051.2]}}, {"type": "Feature", "properties": {"h": 11.9, "r": 2.2}, "geometry": {"type": "Point", "coordinates": [392404.2, 5668913.8]}}, {"type": "Feature", "properties": {"h": 12.9, "r": 1.6}, "geometry": {"type": "Point", "coordinates": [393774.8, 5669014.8]}}, {"type": "Feature", "properties": {"h": 14.4, "r": 1.5}, "geometry": {"type": "Point", "coordinates": [392378.2, 5669156.2]}}, {"type": "Feature", "properties": {"h": 11.9, "r": 2.5}, "geometry": {"type": "Point", "coordinates": [393991.2, 5668081.2]}}, {"type": "Feature", "properties": {"h": 12.3, "r": 3.0}, "geometry": {"type": "Point", "coordinates": [392641.2, 5668079.2]}}, {"type": "Feature", "properties": {"h": 13.0, "r": 2.5}, "geometry": {"type": "Point", "coordinates": [392570.8, 5668878.2]}}, {"type": "Feature", "properties": {"h": 13.2, "r": 2.0}, "geometry": {"type": "Point", "coordinates": [392656.8, 5668009.2]}}, {"type": "Feature", "properties": {"h": 12.0, "r": 2.5}, "geometry": {"type": "Point", "coordinates": [393302.8, 5668094.2]}}, {"type": "Feature", "properties": {"h": 11.9, "r": 2.2}, "geometry": {"type": "Point", "coordinates": [392737.8, 5668242.8]}}, {"type": "Feature", "properties": {"h": 12.3, "r": 2.5}, "geometry": {"type": "Point", "coordinates": [392280.8, 5669316.8]}}, {"type": "Feature", "properties": {"h": 12.0, "r": 2.1}, "geometry": {"type": "Point", "coordinates": [392608.2, 5668868.2]}}, {"type": "Feature", "properties": {"h": 12.0, "r": 2.2}, "geometry": {"type": "Point", "coordinates": [392283.8, 5669792.8]}}, {"type": "Feature", "properties": {"h": 12.3, "r": 2.7}, "geometry": {"type": "Point", "coordinates": [393795.2, 5669367.8]}}, {"type": "Feature", "properties": {"h": 12.4, "r": 2.5}, "geometry": {"type": "Point", "coordinates": [393853.8, 5668822.2]}}, {"type": "Feature", "properties": {"h": 12.9, "r": 2.2}, "geometry": {"type": "Point", "coordinates": [393489.2, 5668813.2]}}, {"type": "Feature", "properties": {"h": 13.7, "r": 1.5}, "geometry": {"type": "Point", "coordinates": [392491.2, 5669986.2]}}, {"type": "Feature", "properties": {"h": 11.9, "r": 1.5}, "geometry": {"type": "Point", "coordinates": [393421.2, 5668028.8]}}, {"type": "Feature", "properties": {"h": 11.4, "r": 2.2}, "geometry": {"type": "Point", "coordinates": [393994.2, 5668370.2]}}, {"type": "Feature", "properties": {"h": 11.4, "r": 1.4}, "geometry": {"type": "Point", "coordinates": [393898.2, 5669174.8]}}, {"type": "Feature", "properties": {"h": 12.1, "r": 1.8}, "geometry": {"type": "Point", "coordinates": [392375.8, 5668834.8]}}, {"type": "Feature", "properties": {"h": 13.2, "r": 1.8}, "geometry": {"type": "Point", "coordinates": [393305.2, 5668374.8]}}, {"type": "Feature", "properties": {"h": 11.0, "r": 2.0}, "geometry": {"type": "Point", "coordinates": [393999.8, 5668364.8]}}, {"type": "Feature", "properties": {"h": 12.0, "r": 2.0}, "geometry": {"type": "Point", "coordinates": [393992.2, 5668362.8]}}, {"type": "Feature", "properties": {"h": 12.8, "r": 1.1}, "geometry": {"type": "Point", "coordinates": [392290.2, 5668399.2]}}, {"type": "Feature", "properties": {"h": 12.0, "r": 1.6}, "geometry": {"type": "Point", "coordinates": [393192.2, 5668257.8]}}, {"type": "Feature", "properties": {"h": 11.7, "r": 1.1}, "geometry": {"type": "Point", "coordinates": [393891.2, 5668615.2]}}, {"type": "Feature", "properties": {"h": 11.5, "r": 3.0}, "geometry": {"type": "Point", "coordinates": [393410.2, 5668500.2]}}, {"type": "Feature", "properties": {"h": 11.5, "r": 2.5}, "geometry": {"type": "Point", "coordinates": [393074.8, 5668152.2]}}, {"type": "Feature", "properties": {"h": 12.3, "r": 2.5}, "geometry": {"type": "Point", "coordinates": [392450.2, 5668805.8]}}, {"type": "Feature", "properties": {"h": 11.0, "r": 2.2}, "geometry": {"type": "Point", "coordinates": [392851.2, 5669436.8]}}, {"type": "Feature", "properties": {"h": 13.3, "r": 1.1}, "geometry": {"type": "Point", "coordinates": [392040.8, 5668554.2]}}, {"type": "Feature", "properties": {"h": 11.7, "r": 1.6}, "geometry": {"type": "Point", "coordinates": [392003.8, 5668439.2]}}, {"type": "Feature", "properties": {"h": 12.2, "r": 2.9}, "geometry": {"type": "Point", "coordinates": [393286.2, 5668820.8]}}, {"type": "Feature", "properties": {"h": 11.6, "r": 3.2}, "geometry": {"type": "Point", "coordinates": [392031.8, 5668432.8]}}, {"type": "Feature", "properties": {"h": 12.5, "r": 1.1}, "geometry": {"type": "Point", "coordinates": [392887.2, 5669357.8]}}, {"type": "Feature", "properties": {"h": 13.9, "r": 1.1}, "geometry": {"type": "Point", "coordinates": [392270.2, 5669260.8]}}, {"type": "Feature", "properties": {"h": 11.3, "r": 1.8}, "geometry": {"type": "Point", "coordinates": [393684.8, 5669817.8]}}, {"type": "Feature", "properties": {"h": 14.1, "r": 1.1}, "geometry": {"type": "Point", "coordinates": [393930.2, 5668620.8]}}, {"type": "Feature", "properties": {"h": 11.7, "r": 1.8}, "geometry": {"type": "Point", "coordinates": [393712.2, 5669035.2]}}, {"type": "Feature", "properties": {"h": 13.4, "r": 2.2}, "geometry": {"type": "Point", "coordinates": [392466.8, 5668355.8]}}, {"type": "Feature", "properties": {"h": 12.2, "r": 1.6}, "geometry": {"type": "Point", "coordinates": [393816.8, 5669374.8]}}, {"type": "Feature", "properties": {"h": 12.9, "r": 1.0}, "geometry": {"type": "Point", "coordinates": [393597.8, 5669379.2]}}, {"type": "Feature", "properties": {"h": 12.2, "r": 1.8}, "geometry": {"type": "Point", "coordinates": [392098.8, 5668501.2]}}, {"type": "Feature", "properties": {"h": 12.8, "r": 2.0}, "geometry": {"type": "Point", "coordinates": [393374.2, 5668183.2]}}, {"type": "Feature", "properties": {"h": 11.6, "r": 4.6}, "geometry": {"type": "Point", "coordinates": [392645.8, 5669532.8]}}, {"type": "Feature", "properties": {"h": 11.4, "r": 1.8}, "geometry": {"type": "Point", "coordinates": [393420.2, 5668037.2]}}, {"type": "Feature", "properties": {"h": 14.1, "r": 2.0}, "geometry": {"type": "Point", "coordinates": [393436.2, 5668382.2]}}, {"type": "Feature", "properties": {"h": 11.6, "r": 2.5}, "geometry": {"type": "Point", "coordinates": [392319.2, 5668145.8]}}, {"type": "Feature", "properties": {"h": 11.1, "r": 4.0}, "geometry": {"type": "Point", "coordinates": [392739.2, 5668902.2]}}, {"type": "Feature", "properties": {"h": 9.8, "r": 2.0}, "geometry": {"type": "Point", "coordinates": [392566.2, 5668879.8]}}, {"type": "Feature", "properties": {"h": 13.4, "r": 1.5}, "geometry": {"type": "Point", "coordinates": [392694.8, 5668000.2]}}, {"type": "Feature", "properties": {"h": 12.3, "r": 1.1}, "geometry": {"type": "Point", "coordinates": [393184.8, 5668234.8]}}, {"type": "Feature", "properties": {"h": 12.5, "r": 1.6}, "geometry": {"type": "Point", "coordinates": [393520.8, 5669577.2]}}, {"type": "Feature", "properties": {"h": 11.1, "r": 3.2}, "geometry": {"type": "Point", "coordinates": [392634.8, 5668132.8]}}, {"type": "Feature", "properties": {"h": 13.2, "r": 1.6}, "geometry": {"type": "Point", "coordinates": [392797.8, 5669807.2]}}, {"type": "Feature", "properties": {"h": 12.1, "r": 2.7}, "geometry": {"type": "Point", "coordinates": [393912.8, 5669307.2]}}, {"type": "Feature", "properties": {"h": 12.0, "r": 3.4}, "geometry": {"type": "Point", "coordinates": [392976.2, 5669797.8]}}, {"type": "Feature", "properties": {"h": 11.4, "r": 2.7}, "geometry": {"type": "Point", "coordinates": [392630.2, 5668820.2]}}, {"type": "Feature", "properties": {"h": 12.1, "r": 1.0}, "geometry": {"type": "Point", "coordinates": [392218.2, 5669243.2]}}, {"type": "Feature", "properties": {"h": 13.9, "r": 1.1}, "geometry": {"type": "Point", "coordinates": [392648.2, 5668835.8]}}, {"type": "Feature", "properties": {"h": 8.9, "r": 2.2}, "geometry": {"type": "Point", "coordinates": [392887.2, 5668274.8]}}, {"type": "Feature", "properties": {"h": 13.2, "r": 1.0}, "geometry": {"type": "Point", "coordinates": [392110.2, 5668451.2]}}, {"type": "Feature", "properties": {"h": 11.7, "r": 3.6}, "geometry": {"type": "Point", "coordinates": [393795.2, 5668337.8]}}, {"type": "Feature", "properties": {"h": 12.1, "r": 1.1}, "geometry": {"type": "Point", "coordinates": [393196.8, 5668395.8]}}, {"type": "Feature", "properties": {"h": 15.8, "r": 1.0}, "geometry": {"type": "Point", "coordinates": [392323.2, 5668265.2]}}, {"type": "Feature", "properties": {"h": 11.8, "r": 3.0}, "geometry": {"type": "Point", "coordinates": [392656.2, 5668790.8]}}, {"type": "Feature", "properties": {"h": 12.4, "r": 2.2}, "geometry": {"type": "Point", "coordinates": [393041.2, 5669508.8]}}, {"type": "Feature", "properties": {"h": 11.2, "r": 2.1}, "geometry": {"type": "Point", "coordinates": [393310.8, 5668442.8]}}, {"type": "Feature", "properties": {"h": 12.6, "r": 2.5}, "geometry": {"type": "Point", "coordinates": [392981.8, 5669806.2]}}, {"type": "Feature", "properties": {"h": 11.5, "r": 2.1}, "geometry": {"type": "Point", "coordinates": [393513.2, 5668371.2]}}, {"type": "Feature", "properties": {"h": 11.8, "r": 1.5}, "geometry": {"type": "Point", "coordinates": [393538.2, 5669503.2]}}, {"type": "Feature", "properties": {"h": 12.2, "r": 1.1}, "geometry": {"type": "Point", "coordinates": [393279.8, 5668205.8]}}, {"type": "Feature", "properties": {"h": 12.5, "r": 1.6}, "geometry": {"type": "Point", "coordinates": [393762.8, 5669187.8]}}, {"type": "Feature", "properties": {"h": 11.8, "r": 1.8}, "geometry": {"type": "Point", "coordinates": [392855.2, 5669046.2]}}, {"type": "Feature", "properties": {"h": 12.0, "r": 2.5}, "geometry": {"type": "Point", "coordinates": [392013.2, 5669655.2]}}, {"type": "Feature", "properties": {"h": 11.8, "r": 2.5}, "geometry": {"type": "Point", "coordinates": [392003.8, 5669304.8]}}, {"type": "Feature", "properties": {"h": 12.1, "r": 1.8}, "geometry": {"type": "Point", "coordinates": [393907.2, 5669631.2]}}, {"type": "Feature", "properties": {"h": 13.0, "r": 1.8}, "geometry": {"type": "Point", "coordinates": [392968.8, 5669503.8]}}, {"type": "Feature", "properties": {"h": 12.0, "r": 2.8}, "geometry": {"type": "Point", "coordinates": [392379.2, 5668071.2]}}, {"type": "Feature", "properties": {"h": 11.7, "r": 1.8}, "geometry": {"type": "Point", "coordinates": [393996.2, 5668362.8]}}, {"type": "Feature", "properties": {"h": 11.2, "r": 1.8}, "geometry": {"type": "Point", "coordinates": [393961.2, 5669222.8]}}, {"type": "Feature", "properties": {"h": 12.4, "r": 1.1}, "geometry": {"type": "Point", "coordinates": [393805.8, 5669682.8]}}, {"type": "Feature", "properties": {"h": 11.6, "r": 1.8}, "geometry": {"type": "Point", "coordinates": [392956.8, 5669970.8]}}, {"type": "Feature", "properties": {"h": 10.7, "r": 1.4}, "geometry": {"type": "Point", "coordinates": [393382.8, 5668722.8]}}, {"type": "Feature", "properties": {"h": 12.1, "r": 1.8}, "geometry": {"type": "Point", "coordinates": [392871.8, 5668289.2]}}, {"type": "Feature", "properties": {"h": 12.1, "r": 2.7}, "geometry": {"type": "Point", "coordinates": [392240.2, 5669386.2]}}, {"type": "Feature", "properties": {"h": 11.5, "r": 3.5}, "geometry": {"type": "Point", "coordinates": [392477.2, 5668493.8]}}, {"type": "Feature", "properties": {"h": 11.9, "r": 2.0}, "geometry": {"type": "Point", "coordinates": [393943.2, 5668556.2]}}, {"type": "Feature", "properties": {"h": 11.1, "r": 2.0}, "geometry": {"type": "Point", "coordinates": [392746.8, 5668099.2]}}, {"type": "Feature", "properties": {"h": 11.6, "r": 1.8}, "geometry": {"type": "Point", "coordinates": [392507.8, 5668782.2]}}, {"type": "Feature", "properties": {"h": 12.1, "r": 1.8}, "geometry": {"type": "Point", "coordinates": [392053.2, 5668503.8]}}, {"type": "Feature", "properties": {"h": 11.4, "r": 2.0}, "geometry": {"type": "Point", "coordinates": [393875.8, 5668981.8]}}, {"type": "Feature", "properties": {"h": 12.4, "r": 1.4}, "geometry": {"type": "Point", "coordinates": [392626.8, 5668412.2]}}, {"type": "Feature", "properties": {"h": 12.4, "r": 1.1}, "geometry": {"type": "Point", "coordinates": [392301.8, 5668412.8]}}, {"type": "Feature", "properties": {"h": 12.5, "r": 1.0}, "geometry": {"type": "Point", "coordinates": [393060.2, 5669426.8]}}, {"type": "Feature", "properties": {"h": 12.3, "r": 3.0}, "geometry": {"type": "Point", "coordinates": [393450.8, 5669896.8]}}, {"type": "Feature", "properties": {"h": 11.4, "r": 2.2}, "geometry": {"type": "Point", "coordinates": [392422.2, 5669361.2]}}, {"type": "Feature", "properties": {"h": 12.5, "r": 2.5}, "geometry": {"type": "Point", "coordinates": [393143.8, 5668016.2]}}, {"type": "Feature", "properties": {"h": 11.6, "r": 2.5}, "geometry": {"type": "Point", "coordinates": [392454.2, 5669770.2]}}, {"type": "Feature", "properties": {"h": 11.5, "r": 1.6}, "geometry": {"type": "Point", "coordinates": [393220.2, 5668037.2]}}, {"type": "Feature", "properties": {"h": 11.1, "r": 1.5}, "geometry": {"type": "Point", "coordinates": [392390.2, 5669388.8]}}, {"type": "Feature", "properties": {"h": 14.1, "r": 1.0}, "geometry": {"type": "Point", "coordinates": [392644.8, 5668286.8]}}, {"type": "Feature", "properties": {"h": 11.4, "r": 1.4}, "geometry": {"type": "Point", "coordinates": [393437.2, 5668048.2]}}, {"type": "Feature", "properties": {"h": 11.5, "r": 1.8}, "geometry": {"type": "Point", "coordinates": [392380.2, 5669282.8]}}, {"type": "Feature", "properties": {"h": 11.3, "r": 1.5}, "geometry": {"type": "Point", "coordinates": [393255.2, 5668928.8]}}, {"type": "Feature", "properties": {"h": 12.7, "r": 1.6}, "geometry": {"type": "Point", "coordinates": [393024.2, 5669608.8]}}, {"type": "Feature", "properties": {"h": 11.6, "r": 2.7}, "geometry": {"type": "Point", "coordinates": [393591.2, 5669422.2]}}, {"type": "Feature", "properties": {"h": 11.7, "r": 1.5}, "geometry": {"type": "Point", "coordinates": [392000.2, 5668480.2]}}, {"type": "Feature", "properties": {"h": 13.3, "r": 1.1}, "geometry": {"type": "Point", "coordinates": [393143.8, 5669356.8]}}, {"type": "Feature", "properties": {"h": 14.4, "r": 1.1}, "geometry": {"type": "Point", "coordinates": [393216.8, 5668914.2]}}, {"type": "Feature", "properties": {"h": 12.2, "r": 2.5}, "geometry": {"type": "Point", "coordinates": [393708.8, 5669761.8]}}, {"type": "Feature", "properties": {"h": 13.0, "r": 1.1}, "geometry": {"type": "Point", "coordinates": [393622.2, 5669408.2]}}, {"type": "Feature", "properties": {"h": 12.4, "r": 1.6}, "geometry": {"type": "Point", "coordinates": [392540.2, 5669026.8]}}, {"type": "Feature", "properties": {"h": 11.2, "r": 2.5}, "geometry": {"type": "Point", "coordinates": [393870.8, 5668557.2]}}, {"type": "Feature", "properties": {"h": 13.8, "r": 2.0}, "geometry": {"type": "Point", "coordinates": [392148.2, 5668715.8]}}, {"type": "Feature", "properties": {"h": 10.8, "r": 1.8}, "geometry": {"type": "Point", "coordinates": [393154.8, 5668732.8]}}, {"type": "Feature", "properties": {"h": 12.7, "r": 1.1}, "geometry": {"type": "Point", "coordinates": [393441.8, 5668409.2]}}, {"type": "Feature", "properties": {"h": 11.5, "r": 1.8}, "geometry": {"type": "Point", "coordinates": [393665.8, 5669386.2]}}, {"type": "Feature", "properties": {"h": 11.7, "r": 1.5}, "geometry": {"type": "Point", "coordinates": [393891.2, 5668631.8]}}, {"type": "Feature", "properties": {"h": 10.9, "r": 1.6}, "geometry": {"type": "Point", "coordinates": [393671.2, 5669386.2]}}, {"type": "Feature", "properties": {"h": 11.1, "r": 1.8}, "geometry": {"type": "Point", "coordinates": [392047.2, 5668483.2]}}, {"type": "Feature", "properties": {"h": 11.3, "r": 2.1}, "geometry": {"type": "Point", "coordinates": [393627.8, 5669376.2]}}, {"type": "Feature", "properties": {"h": 11.8, "r": 1.4}, "geometry": {"type": "Point", "coordinates": [392573.2, 5669198.2]}}, {"type": "Feature", "properties": {"h": 11.2, "r": 2.5}, "geometry": {"type": "Point", "coordinates": [392751.8, 5668055.2]}}, {"type": "Feature", "properties": {"h": 12.8, "r": 1.1}, "geometry": {"type": "Point", "coordinates": [393565.2, 5668347.2]}}, {"type": "Feature", "properties": {"h": 10.5, "r": 2.9}, "geometry": {"type": "Point", "coordinates": [392737.2, 5669571.2]}}, {"type": "Feature", "properties": {"h": 12.3, "r": 2.5}, "geometry": {"type": "Point", "coordinates": [392183.8, 5669351.2]}}, {"type": "Feature", "properties": {"h": 12.1, "r": 3.2}, "geometry": {"type": "Point", "coordinates": [393348.8, 5668284.2]}}, {"type": "Feature", "properties": {"h": 11.6, "r": 1.4}, "geometry": {"type": "Point", "coordinates": [392973.8, 5669072.8]}}, {"type": "Feature", "properties": {"h": 12.1, "r": 2.0}, "geometry": {"type": "Point", "coordinates": [393682.2, 5669925.8]}}, {"type": "Feature", "properties": {"h": 11.1, "r": 2.8}, "geometry": {"type": "Point", "coordinates": [392003.8, 5668980.8]}}, {"type": "Feature", "properties": {"h": 11.2, "r": 4.1}, "geometry": {"type": "Point", "coordinates": [393681.2, 5669416.2]}}, {"type": "Feature", "properties": {"h": 12.7, "r": 1.6}, "geometry": {"type": "Point", "coordinates": [392972.8, 5669518.2]}}, {"type": "Feature", "properties": {"h": 11.5, "r": 1.0}, "geometry": {"type": "Point", "coordinates": [392120.2, 5668360.8]}}, {"type": "Feature", "properties": {"h": 11.1, "r": 4.5}, "geometry": {"type": "Point", "coordinates": [392800.8, 5669126.2]}}, {"type": "Feature", "properties": {"h": 11.0, "r": 2.1}, "geometry": {"type": "Point", "coordinates": [393740.8, 5669033.2]}}, {"type": "Feature", "properties": {"h": 16.4, "r": 1.4}, "geometry": {"type": "Point", "coordinates": [392633.2, 5668294.8]}}, {"type": "Feature", "properties": {"h": 11.6, "r": 2.8}, "geometry": {"type": "Point", "coordinates": [393528.8, 5669962.8]}}, {"type": "Feature", "properties": {"h": 11.7, "r": 1.4}, "geometry": {"type": "Point", "coordinates": [393546.2, 5668355.8]}}, {"type": "Feature", "properties": {"h": 11.4, "r": 1.6}, "geometry": {"type": "Point", "coordinates": [393999.8, 5668397.2]}}, {"type": "Feature", "properties": {"h": 14.6, "r": 1.1}, "geometry": {"type": "Point", "coordinates": [392094.2, 5668092.2]}}, {"type": "Feature", "properties": {"h": 12.4, "r": 1.8}, "geometry": {"type": "Point", "coordinates": [393615.8, 5669862.8]}}, {"type": "Feature", "properties": {"h": 11.9, "r": 2.0}, "geometry": {"type": "Point", "coordinates": [393076.2, 5669397.2]}}, {"type": "Feature", "properties": {"h": 12.2, "r": 1.8}, "geometry": {"type": "Point", "coordinates": [393585.2, 5668098.8]}}, {"type": "Feature", "properties": {"h": 11.9, "r": 2.0}, "geometry": {"type": "Point", "coordinates": [392262.8, 5669403.8]}}, {"type": "Feature", "properties": {"h": 11.6, "r": 2.5}, "geometry": {"type": "Point", "coordinates": [393566.2, 5669524.2]}}, {"type": "Feature", "properties": {"h": 11.1, "r": 2.0}, "geometry": {"type": "Point", "coordinates": [392484.8, 5668265.8]}}, {"type": "Feature", "properties": {"h": 11.0, "r": 2.5}, "geometry": {"type": "Point", "coordinates": [392306.8, 5668407.2]}}, {"type": "Feature", "properties": {"h": 12.2, "r": 1.6}, "geometry": {"type": "Point", "coordinates": [392270.2, 5668891.8]}}, {"type": "Feature", "properties": {"h": 12.5, "r": 1.4}, "geometry": {"type": "Point", "coordinates": [393892.2, 5668638.2]}}, {"type": "Feature", "properties": {"h": 11.7, "r": 2.0}, "geometry": {"type": "Point", "coordinates": [392086.2, 5669185.8]}}, {"type": "Feature", "properties": {"h": 11.4, "r": 2.2}, "geometry": {"type": "Point", "coordinates": [392506.8, 5668077.8]}}, {"type": "Feature", "properties": {"h": 11.5, "r": 1.4}, "geometry": {"type": "Point", "coordinates": [392776.2, 5668902.2]}}, {"type": "Feature", "properties": {"h": 11.4, "r": 2.5}, "geometry": {"type": "Point", "coordinates": [392255.8, 5669383.8]}}, {"type": "Feature", "properties": {"h": 11.5, "r": 2.1}, "geometry": {"type": "Point", "coordinates": [393837.2, 5669202.8]}}, {"type": "Feature", "properties": {"h": 10.8, "r": 1.6}, "geometry": {"type": "Point", "coordinates": [392278.8, 5668922.2]}}, {"type": "Feature", "properties": {"h": 11.1, "r": 1.8}, "geometry": {"type": "Point", "coordinates": [392142.8, 5668736.2]}}, {"type": "Feature", "properties": {"h": 12.2, "r": 1.8}, "geometry": {"type": "Point", "coordinates": [393475.2, 5669436.8]}}, {"type": "Feature", "properties": {"h": 12.3, "r": 1.8}, "geometry": {"type": "Point", "coordinates": [392345.8, 5668028.2]}}, {"type": "Feature", "properties": {"h": 11.6, "r": 1.4}, "geometry": {"type": "Point", "coordinates": [393879.2, 5668985.8]}}, {"type": "Feature", "properties": {"h": 14.9, "r": 1.0}, "geometry": {"type": "Point", "coordinates": [392306.2, 5668178.8]}}, {"type": "Feature", "properties": {"h": 14.1, "r": 2.1}, "geometry": {"type": "Point", "coordinates": [392988.8, 5669752.2]}}, {"type": "Feature", "properties": {"h": 14.5, "r": 1.1}, "geometry": {"type": "Point", "coordinates": [393688.8, 5669654.8]}}, {"type": "Feature", "properties": {"h": 11.6, "r": 2.5}, "geometry": {"type": "Point", "coordinates": [393378.2, 5668224.2]}}, {"type": "Feature", "properties": {"h": 11.7, "r": 2.1}, "geometry": {"type": "Point", "coordinates": [392406.8, 5668837.8]}}, {"type": "Feature", "properties": {"h": 11.4, "r": 2.1}, "geometry": {"type": "Point", "coordinates": [393618.8, 5668054.8]}}, {"type": "Feature", "properties": {"h": 12.2, "r": 1.5}, "geometry": {"type": "Point", "coordinates": [392043.2, 5669349.8]}}, {"type": "Feature", "properties": {"h": 11.4, "r": 1.8}, "geometry": {"type": "Point", "coordinates": [393935.2, 5668960.8]}}, {"type": "Feature", "properties": {"h": 11.0, "r": 1.4}, "geometry": {"type": "Point", "coordinates": [393772.2, 5668971.8]}}, {"type": "Feature", "properties": {"h": 12.4, "r": 2.7}, "geometry": {"type": "Point", "coordinates": [393355.2, 5668434.2]}}, {"type": "Feature", "properties": {"h": 10.8, "r": 2.0}, "geometry": {"type": "Point", "coordinates": [393275.8, 5668462.2]}}, {"type": "Feature", "properties": {"h": 11.1, "r": 2.0}, "geometry": {"type": "Point", "coordinates": [393202.2, 5668399.8]}}, {"type": "Feature", "properties": {"h": 12.0, "r": 2.9}, "geometry": {"type": "Point", "coordinates": [392400.8, 5668099.2]}}, {"type": "Feature", "properties": {"h": 11.8, "r": 3.0}, "geometry": {"type": "Point", "coordinates": [392310.8, 5669779.2]}}, {"type": "Feature", "properties": {"h": 12.1, "r": 1.0}, "geometry": {"type": "Point", "coordinates": [392008.8, 5668082.2]}}, {"type": "Feature", "properties": {"h": 11.0, "r": 3.8}, "geometry": {"type": "Point", "coordinates": [393605.8, 5668168.2]}}, {"type": "Feature", "properties": {"h": 11.6, "r": 2.0}, "geometry": {"type": "Point", "coordinates": [393661.8, 5669186.8]}}, {"type": "Feature", "properties": {"h": 12.8, "r": 1.4}, "geometry": {"type": "Point", "coordinates": [393800.8, 5669350.2]}}, {"type": "Feature", "properties": {"h": 11.3, "r": 2.1}, "geometry": {"type": "Point", "coordinates": [392800.2, 5668937.8]}}, {"type": "Feature", "properties": {"h": 10.7, "r": 1.8}, "geometry": {"type": "Point", "coordinates": [393640.8, 5669378.2]}}, {"type": "Feature", "properties": {"h": 10.7, "r": 1.4}, "geometry": {"type": "Point", "coordinates": [392380.8, 5669248.2]}}, {"type": "Feature", "properties": {"h": 11.6, "r": 2.7}, "geometry": {"type": "Point", "coordinates": [393528.2, 5669673.8]}}, {"type": "Feature", "properties": {"h": 12.6, "r": 1.6}, "geometry": {"type": "Point", "coordinates": [393657.8, 5669757.2]}}, {"type": "Feature", "properties": {"h": 12.1, "r": 2.1}, "geometry": {"type": "Point", "coordinates": [393678.8, 5669919.2]}}, {"type": "Feature", "properties": {"h": 12.0, "r": 2.1}, "geometry": {"type": "Point", "coordinates": [393619.8, 5669502.2]}}, {"type": "Feature", "properties": {"h": 14.6, "r": 1.0}, "geometry": {"type": "Point", "coordinates": [392883.2, 5668881.2]}}, {"type": "Feature", "properties": {"h": 10.3, "r": 2.5}, "geometry": {"type": "Point", "coordinates": [393176.8, 5668138.8]}}, {"type": "Feature", "properties": {"h": 12.0, "r": 2.0}, "geometry": {"type": "Point", "coordinates": [393636.8, 5669223.2]}}, {"type": "Feature", "properties": {"h": 12.1, "r": 1.8}, "geometry": {"type": "Point", "coordinates": [392927.8, 5669334.2]}}, {"type": "Feature", "properties": {"h": 11.5, "r": 3.2}, "geometry": {"type": "Point", "coordinates": [392990.8, 5668071.8]}}, {"type": "Feature", "properties": {"h": 10.5, "r": 1.4}, "geometry": {"type": "Point", "coordinates": [393503.2, 5669552.8]}}, {"type": "Feature", "properties": {"h": 11.4, "r": 1.6}, "geometry": {"type": "Point", "coordinates": [392899.2, 5669295.8]}}, {"type": "Feature", "properties": {"h": 11.8, "r": 2.9}, "geometry": {"type": "Point", "coordinates": [392021.2, 5668385.8]}}, {"type": "Feature", "properties": {"h": 12.1, "r": 2.0}, "geometry": {"type": "Point", "coordinates": [393148.8, 5668017.2]}}, {"type": "Feature", "properties": {"h": 12.5, "r": 2.5}, "geometry": {"type": "Point", "coordinates": [392779.8, 5668963.8]}}, {"type": "Feature", "properties": {"h": 13.0, "r": 2.1}, "geometry": {"type": "Point", "coordinates": [392683.2, 5669398.2]}}, {"type": "Feature", "properties": {"h": 12.6, "r": 2.9}, "geometry": {"type": "Point", "coordinates": [392672.8, 5668103.2]}}, {"type": "Feature", "properties": {"h": 11.3, "r": 1.8}, "geometry": {"type": "Point", "coordinates": [392797.2, 5668808.8]}}, {"type": "Feature", "properties": {"h": 11.0, "r": 1.5}, "geometry": {"type": "Point", "coordinates": [393514.8, 5668411.2]}}, {"type": "Feature", "properties": {"h": 11.0, "r": 2.1}, "geometry": {"type": "Point", "coordinates": [392126.2, 5668076.8]}}, {"type": "Feature", "properties": {"h": 11.7, "r": 2.0}, "geometry": {"type": "Point", "coordinates": [393845.8, 5668563.8]}}, {"type": "Feature", "properties": {"h": 10.9, "r": 1.8}, "geometry": {"type": "Point", "coordinates": [392228.2, 5669416.2]}}, {"type": "Feature", "properties": {"h": 11.0, "r": 4.0}, "geometry": {"type": "Point", "coordinates": [393417.2, 5668050.8]}}, {"type": "Feature", "properties": {"h": 11.0, "r": 1.4}, "geometry": {"type": "Point", "coordinates": [392176.2, 5669323.2]}}, {"type": "Feature", "properties": {"h": 11.5, "r": 2.1}, "geometry": {"type": "Point", "coordinates": [392114.8, 5669203.2]}}, {"type": "Feature", "properties": {"h": 13.2, "r": 1.5}, "geometry": {"type": "Point", "coordinates": [392486.8, 5668272.2]}}, {"type": "Feature", "properties": {"h": 11.3, "r": 2.5}, "geometry": {"type": "Point", "coordinates": [392784.8, 5668959.8]}}, {"type": "Feature", "properties": {"h": 12.1, "r": 1.5}, "geometry": {"type": "Point", "coordinates": [393709.8, 5669173.8]}}, {"type": "Feature", "properties": {"h": 10.9, "r": 3.0}, "geometry": {"type": "Point", "coordinates": [393770.8, 5668781.2]}}, {"type": "Feature", "properties": {"h": 11.7, "r": 2.5}, "geometry": {"type": "Point", "coordinates": [393453.8, 5668767.8]}}, {"type": "Feature", "properties": {"h": 12.1, "r": 2.2}, "geometry": {"type": "Point", "coordinates": [392901.2, 5668964.8]}}, {"type": "Feature", "properties": {"h": 12.0, "r": 1.5}, "geometry": {"type": "Point", "coordinates": [392350.2, 5668086.8]}}, {"type": "Feature", "properties": {"h": 12.0, "r": 2.5}, "geometry": {"type": "Point", "coordinates": [392783.8, 5669147.2]}}, {"type": "Feature", "properties": {"h": 12.4, "r": 2.5}, "geometry": {"type": "Point", "coordinates": [392258.2, 5668491.2]}}, {"type": "Feature", "properties": {"h": 11.0, "r": 4.5}, "geometry": {"type": "Point", "coordinates": [393714.2, 5669027.2]}}, {"type": "Feature", "properties": {"h": 12.6, "r": 1.8}, "geometry": {"type": "Point", "coordinates": [393731.2, 5669057.8]}}, {"type": "Feature", "properties": {"h": 11.1, "r": 1.8}, "geometry": {"type": "Point", "coordinates": [393132.8, 5669490.8]}}, {"type": "Feature", "properties": {"h": 11.1, "r": 2.5}, "geometry": {"type": "Point", "coordinates": [393106.2, 5669350.8]}}, {"type": "Feature", "properties": {"h": 11.0, "r": 2.8}, "geometry": {"type": "Point", "coordinates": [393126.8, 5669249.8]}}, {"type": "Feature", "properties": {"h": 10.6, "r": 2.2}, "geometry": {"type": "Point", "coordinates": [393593.2, 5668246.8]}}, {"type": "Feature", "properties": {"h": 12.7, "r": 2.0}, "geometry": {"type": "Point", "coordinates": [392193.8, 5668188.2]}}, {"type": "Feature", "properties": {"h": 12.1, "r": 1.5}, "geometry": {"type": "Point", "coordinates": [393705.8, 5669961.2]}}, {"type": "Feature", "properties": {"h": 11.4, "r": 2.1}, "geometry": {"type": "Point", "coordinates": [393862.2, 5668789.8]}}, {"type": "Feature", "properties": {"h": 11.0, "r": 2.7}, "geometry": {"type": "Point", "coordinates": [392422.2, 5668125.8]}}, {"type": "Feature", "properties": {"h": 11.1, "r": 2.1}, "geometry": {"type": "Point", "coordinates": [393259.2, 5669320.8]}}, {"type": "Feature", "properties": {"h": 11.7, "r": 1.4}, "geometry": {"type": "Point", "coordinates": [392066.2, 5668721.2]}}, {"type": "Feature", "properties": {"h": 11.4, "r": 1.4}, "geometry": {"type": "Point", "coordinates": [392274.8, 5669623.2]}}, {"type": "Feature", "properties": {"h": 11.6, "r": 2.1}, "geometry": {"type": "Point", "coordinates": [392285.8, 5669798.2]}}, {"type": "Feature", "properties": {"h": 11.4, "r": 2.8}, "geometry": {"type": "Point", "coordinates": [393540.2, 5669615.2]}}, {"type": "Feature", "properties": {"h": 12.0, "r": 2.1}, "geometry": {"type": "Point", "coordinates": [393231.8, 5668141.8]}}, {"type": "Feature", "properties": {"h": 10.7, "r": 2.0}, "geometry": {"type": "Point", "coordinates": [392311.8, 5668421.8]}}, {"type": "Feature", "properties": {"h": 11.9, "r": 2.0}, "geometry": {"type": "Point", "coordinates": [392637.2, 5669575.8]}}, {"type": "Feature", "properties": {"h": 12.1, "r": 3.0}, "geometry": {"type": "Point", "coordinates": [392021.8, 5669040.2]}}, {"type": "Feature", "properties": {"h": 11.9, "r": 1.4}, "geometry": {"type": "Point", "coordinates": [393691.8, 5669991.2]}}, {"type": "Feature", "properties": {"h": 10.8, "r": 2.7}, "geometry": {"type": "Point", "coordinates": [392336.2, 5668991.2]}}, {"type": "Feature", "properties": {"h": 12.5, "r": 1.4}, "geometry": {"type": "Point", "coordinates": [392728.8, 5668898.2]}}, {"type": "Feature", "properties": {"h": 11.0, "r": 1.8}, "geometry": {"type": "Point", "coordinates": [392304.8, 5669783.2]}}, {"type": "Feature", "properties": {"h": 13.0, "r": 2.2}, "geometry": {"type": "Point", "coordinates": [393287.8, 5668283.8]}}, {"type": "Feature", "properties": {"h": 11.2, "r": 3.5}, "geometry": {"type": "Point", "coordinates": [393761.8, 5669704.8]}}, {"type": "Feature", "properties": {"h": 10.8, "r": 3.0}, "geometry": {"type": "Point", "coordinates": [393633.2, 5669874.2]}}, {"type": "Feature", "properties": {"h": 12.9, "r": 1.0}, "geometry": {"type": "Point", "coordinates": [392956.8, 5668041.2]}}, {"type": "Feature", "properties": {"h": 12.1, "r": 1.4}, "geometry": {"type": "Point", "coordinates": [392793.2, 5668946.2]}}, {"type": "Feature", "properties": {"h": 11.8, "r": 1.6}, "geometry": {"type": "Point", "coordinates": [393221.8, 5669585.8]}}, {"type": "Feature", "properties": {"h": 12.3, "r": 2.0}, "geometry": {"type": "Point", "coordinates": [393564.2, 5669545.2]}}, {"type": "Feature", "properties": {"h": 11.5, "r": 2.8}, "geometry": {"type": "Point", "coordinates": [392808.8, 5668289.2]}}, {"type": "Feature", "properties": {"h": 11.2, "r": 2.1}, "geometry": {"type": "Point", "coordinates": [393016.8, 5668028.2]}}, {"type": "Feature", "properties": {"h": 4.4, "r": 1.6}, "geometry": {"type": "Point", "coordinates": [393451.2, 5668386.8]}}, {"type": "Feature", "properties": {"h": 11.7, "r": 1.8}, "geometry": {"type": "Point", "coordinates": [393751.2, 5669301.8]}}, {"type": "Feature", "properties": {"h": 11.4, "r": 2.7}, "geometry": {"type": "Point", "coordinates": [393567.8, 5669532.2]}}, {"type": "Feature", "properties": {"h": 11.4, "r": 2.1}, "geometry": {"type": "Point", "coordinates": [392525.2, 5668063.8]}}, {"type": "Feature", "properties": {"h": 11.5, "r": 1.6}, "geometry": {"type": "Point", "coordinates": [392868.2, 5668856.2]}}, {"type": "Feature", "properties": {"h": 11.7, "r": 1.6}, "geometry": {"type": "Point", "coordinates": [393340.2, 5668780.2]}}, {"type": "Feature", "properties": {"h": 11.9, "r": 2.5}, "geometry": {"type": "Point", "coordinates": [392375.8, 5669033.2]}}, {"type": "Feature", "properties": {"h": 12.3, "r": 1.0}, "geometry": {"type": "Point", "coordinates": [392036.2, 5668322.2]}}, {"type": "Feature", "properties": {"h": 13.7, "r": 1.4}, "geometry": {"type": "Point", "coordinates": [393698.8, 5669808.8]}}, {"type": "Feature", "properties": {"h": 11.1, "r": 3.4}, "geometry": {"type": "Point", "coordinates": [392567.8, 5668384.8]}}, {"type": "Feature", "properties": {"h": 11.5, "r": 2.0}, "geometry": {"type": "Point", "coordinates": [392326.8, 5668950.8]}}, {"type": "Feature", "properties": {"h": 11.8, "r": 2.1}, "geometry": {"type": "Point", "coordinates": [392618.2, 5669295.8]}}, {"type": "Feature", "properties": {"h": 11.2, "r": 1.8}, "geometry": {"type": "Point", "coordinates": [393766.2, 5668781.2]}}, {"type": "Feature", "properties": {"h": 11.2, "r": 2.8}, "geometry": {"type": "Point", "coordinates": [392248.8, 5669236.2]}}, {"type": "Feature", "properties": {"h": 12.3, "r": 1.0}, "geometry": {"type": "Point", "coordinates": [392635.8, 5669098.2]}}, {"type": "Feature", "properties": {"h": 11.7, "r": 1.8}, "geometry": {"type": "Point", "coordinates": [392291.2, 5669313.8]}}, {"type": "Feature", "properties": {"h": 14.6, "r": 1.1}, "geometry": {"type": "Point", "coordinates": [393782.2, 5669009.2]}}, {"type": "Feature", "properties": {"h": 10.6, "r": 1.1}, "geometry": {"type": "Point", "coordinates": [393466.2, 5668388.2]}}, {"type": "Feature", "properties": {"h": 12.1, "r": 1.1}, "geometry": {"type": "Point", "coordinates": [392592.8, 5669173.2]}}, {"type": "Feature", "properties": {"h": 12.4, "r": 1.4}, "geometry": {"type": "Point", "coordinates": [392564.2, 5669940.2]}}, {"type": "Feature", "properties": {"h": 13.1, "r": 1.5}, "geometry": {"type": "Point", "coordinates": [393980.8, 5668131.8]}}, {"type": "Feature", "properties": {"h": 11.1, "r": 3.4}, "geometry": {"type": "Point", "coordinates": [393923.8, 5669482.8]}}, {"type": "Feature", "properties": {"h": 10.7, "r": 2.0}, "geometry": {"type": "Point", "coordinates": [392395.2, 5669374.8]}}, {"type": "Feature", "properties": {"h": 10.9, "r": 1.6}, "geometry": {"type": "Point", "coordinates": [392121.2, 5668498.8]}}, {"type": "Feature", "properties": {"h": 10.3, "r": 3.2}, "geometry": {"type": "Point", "coordinates": [392475.8, 5668119.8]}}, {"type": "Feature", "properties": {"h": 11.7, "r": 2.8}, "geometry": {"type": "Point", "coordinates": [392804.2, 5668291.8]}}, {"type": "Feature", "properties": {"h": 11.3, "r": 1.5}, "geometry": {"type": "Point", "coordinates": [393196.2, 5668405.2]}}, {"type": "Feature", "properties": {"h": 11.3, "r": 2.7}, "geometry": {"type": "Point", "coordinates": [392789.8, 5668951.8]}}, {"type": "Feature", "properties": {"h": 11.2, "r": 1.8}, "geometry": {"type": "Point", "coordinates": [393115.8, 5669353.8]}}, {"type": "Feature", "properties": {"h": 11.6, "r": 2.2}, "geometry": {"type": "Point", "coordinates": [393062.2, 5669638.8]}}, {"type": "Feature", "properties": {"h": 11.6, "r": 2.2}, "geometry": {"type": "Point", "coordinates": [393858.8, 5669302.2]}}, {"type": "Feature", "properties": {"h": 11.4, "r": 2.9}, "geometry": {"type": "Point", "coordinates": [393041.8, 5669634.2]}}, {"type": "Feature", "properties": {"h": 11.6, "r": 1.6}, "geometry": {"type": "Point", "coordinates": [393530.8, 5669505.8]}}, {"type": "Feature", "properties": {"h": 12.5, "r": 1.6}, "geometry": {"type": "Point", "coordinates": [392509.2, 5668320.8]}}, {"type": "Feature", "properties": {"h": 11.4, "r": 2.2}, "geometry": {"type": "Point", "coordinates": [392542.8, 5669981.2]}}, {"type": "Feature", "properties": {"h": 11.1, "r": 2.1}, "geometry": {"type": "Point", "coordinates": [393372.2, 5668661.2]}}, {"type": "Feature", "properties": {"h": 11.1, "r": 1.5}, "geometry": {"type": "Point", "coordinates": [392441.2, 5668193.8]}}, {"type": "Feature", "properties": {"h": 10.4, "r": 2.0}, "geometry": {"type": "Point", "coordinates": [392687.8, 5668114.2]}}, {"type": "Feature", "properties": {"h": 10.7, "r": 3.4}, "geometry": {"type": "Point", "coordinates": [392813.2, 5668286.8]}}, {"type": "Feature", "properties": {"h": 11.3, "r": 2.0}, "geometry": {"type": "Point", "coordinates": [392878.8, 5669401.2]}}, {"type": "Feature", "properties": {"h": 12.0, "r": 1.6}, "geometry": {"type": "Point", "coordinates": [393572.2, 5668387.2]}}, {"type": "Feature", "properties": {"h": 11.4, "r": 1.5}, "geometry": {"type": "Point", "coordinates": [393973.2, 5668921.2]}}, {"type": "Feature", "properties": {"h": 11.0, "r": 1.5}, "geometry": {"type": "Point", "coordinates": [392122.8, 5668632.8]}}, {"type": "Feature", "properties": {"h": 13.0, "r": 1.8}, "geometry": {"type": "Point", "coordinates": [393241.8, 5668343.2]}}, {"type": "Feature", "properties": {"h": 11.0, "r": 3.0}, "geometry": {"type": "Point", "coordinates": [393081.2, 5669850.2]}}, {"type": "Feature", "properties": {"h": 11.7, "r": 1.6}, "geometry": {"type": "Point", "coordinates": [393284.8, 5668366.8]}}, {"type": "Feature", "properties": {"h": 10.4, "r": 3.2}, "geometry": {"type": "Point", "coordinates": [393485.2, 5669686.8]}}, {"type": "Feature", "properties": {"h": 11.8, "r": 2.0}, "geometry": {"type": "Point", "coordinates": [392856.2, 5669425.2]}}, {"type": "Feature", "properties": {"h": 10.9, "r": 3.2}, "geometry": {"type": "Point", "coordinates": [393720.2, 5669989.8]}}, {"type": "Feature", "properties": {"h": 11.5, "r": 2.0}, "geometry": {"type": "Point", "coordinates": [392455.2, 5669765.2]}}, {"type": "Feature", "properties": {"h": 11.3, "r": 2.2}, "geometry": {"type": "Point", "coordinates": [393266.8, 5669249.8]}}, {"type": "Feature", "properties": {"h": 11.1, "r": 2.9}, "geometry": {"type": "Point", "coordinates": [392339.8, 5668093.8]}}, {"type": "Feature", "properties": {"h": 13.3, "r": 1.1}, "geometry": {"type": "Point", "coordinates": [393820.2, 5669730.8]}}, {"type": "Feature", "properties": {"h": 10.8, "r": 2.9}, "geometry": {"type": "Point", "coordinates": [393547.8, 5669900.2]}}, {"type": "Feature", "properties": {"h": 11.3, "r": 1.6}, "geometry": {"type": "Point", "coordinates": [392465.2, 5668292.8]}}, {"type": "Feature", "properties": {"h": 13.6, "r": 1.0}, "geometry": {"type": "Point", "coordinates": [392000.2, 5668202.2]}}, {"type": "Feature", "properties": {"h": 11.1, "r": 2.0}, "geometry": {"type": "Point", "coordinates": [393716.8, 5669193.8]}}, {"type": "Feature", "properties": {"h": 10.5, "r": 4.2}, "geometry": {"type": "Point", "coordinates": [392175.8, 5668112.2]}}, {"type": "Feature", "properties": {"h": 11.6, "r": 2.1}, "geometry": {"type": "Point", "coordinates": [393236.2, 5669602.2]}}, {"type": "Feature", "properties": {"h": 10.8, "r": 4.0}, "geometry": {"type": "Point", "coordinates": [392517.2, 5669134.8]}}, {"type": "Feature", "properties": {"h": 11.3, "r": 2.1}, "geometry": {"type": "Point", "coordinates": [393311.8, 5668311.2]}}, {"type": "Feature", "properties": {"h": 11.5, "r": 2.2}, "geometry": {"type": "Point", "coordinates": [392701.8, 5669129.2]}}, {"type": "Feature", "properties": {"h": 11.6, "r": 2.5}, "geometry": {"type": "Point", "coordinates": [392240.2, 5668704.8]}}, {"type": "Feature", "properties": {"h": 11.2, "r": 2.5}, "geometry": {"type": "Point", "coordinates": [392658.2, 5668445.8]}}, {"type": "Feature", "properties": {"h": 15.8, "r": 1.0}, "geometry": {"type": "Point", "coordinates": [393709.8, 5669527.8]}}, {"type": "Feature", "properties": {"h": 12.1, "r": 1.6}, "geometry": {"type": "Point", "coordinates": [393212.8, 5668741.2]}}, {"type": "Feature", "properties": {"h": 10.7, "r": 1.8}, "geometry": {"type": "Point", "coordinates": [392296.8, 5668819.8]}}, {"type": "Feature", "properties": {"h": 11.2, "r": 2.1}, "geometry": {"type": "Point", "coordinates": [393354.8, 5668793.8]}}, {"type": "Feature", "properties": {"h": 10.8, "r": 1.8}, "geometry": {"type": "Point", "coordinates": [392104.2, 5668769.8]}}, {"type": "Feature", "properties": {"h": 11.2, "r": 1.4}, "geometry": {"type": "Point", "coordinates": [392068.8, 5668151.2]}}, {"type": "Feature", "properties": {"h": 11.3, "r": 2.5}, "geometry": {"type": "Point", "coordinates": [392380.2, 5668049.2]}}, {"type": "Feature", "properties": {"h": 10.5, "r": 2.1}, "geometry": {"type": "Point", "coordinates": [392905.8, 5669612.2]}}, {"type": "Feature", "properties": {"h": 11.7, "r": 1.5}, "geometry": {"type": "Point", "coordinates": [393724.8, 5669792.2]}}, {"type": "Feature", "properties": {"h": 11.1, "r": 1.8}, "geometry": {"type": "Point", "coordinates": [392332.2, 5668804.2]}}, {"type": "Feature", "properties": {"h": 13.4, "r": 1.0}, "geometry": {"type": "Point", "coordinates": [393413.8, 5668633.8]}}, {"type": "Feature", "properties": {"h": 12.1, "r": 1.4}, "geometry": {"type": "Point", "coordinates": [392069.2, 5668147.2]}}, {"type": "Feature", "properties": {"h": 8.6, "r": 3.2}, "geometry": {"type": "Point", "coordinates": [393856.8, 5668813.2]}}, {"type": "Feature", "properties": {"h": 12.3, "r": 1.4}, "geometry": {"type": "Point", "coordinates": [393885.8, 5668636.2]}}, {"type": "Feature", "properties": {"h": 11.2, "r": 1.4}, "geometry": {"type": "Point", "coordinates": [393672.8, 5669155.8]}}, {"type": "Feature", "properties": {"h": 12.8, "r": 1.1}, "geometry": {"type": "Point", "coordinates": [393934.2, 5668616.2]}}, {"type": "Feature", "properties": {"h": 11.5, "r": 1.6}, "geometry": {"type": "Point", "coordinates": [392227.2, 5668708.8]}}, {"type": "Feature", "properties": {"h": 12.4, "r": 1.0}, "geometry": {"type": "Point", "coordinates": [392776.8, 5669206.8]}}, {"type": "Feature", "properties": {"h": 11.3, "r": 1.4}, "geometry": {"type": "Point", "coordinates": [393220.8, 5669581.2]}}, {"type": "Feature", "properties": {"h": 10.8, "r": 2.7}, "geometry": {"type": "Point", "coordinates": [392793.2, 5669173.2]}}, {"type": "Feature", "properties": {"h": 10.9, "r": 1.6}, "geometry": {"type": "Point", "coordinates": [393004.2, 5669078.2]}}, {"type": "Feature", "properties": {"h": 12.4, "r": 2.2}, "geometry": {"type": "Point", "coordinates": [393775.8, 5669578.8]}}, {"type": "Feature", "properties": {"h": 12.3, "r": 1.1}, "geometry": {"type": "Point", "coordinates": [392012.2, 5668347.8]}}, {"type": "Feature", "properties": {"h": 11.7, "r": 1.4}, "geometry": {"type": "Point", "coordinates": [392281.2, 5668482.8]}}, {"type": "Feature", "properties": {"h": 10.4, "r": 2.0}, "geometry": {"type": "Point", "coordinates": [393233.8, 5669609.2]}}, {"type": "Feature", "properties": {"h": 10.7, "r": 2.5}, "geometry": {"type": "Point", "coordinates": [393974.8, 5668120.8]}}, {"type": "Feature", "properties": {"h": 10.8, "r": 1.4}, "geometry": {"type": "Point", "coordinates": [393430.2, 5668552.8]}}, {"type": "Feature", "properties": {"h": 12.8, "r": 1.4}, "geometry": {"type": "Point", "coordinates": [393158.8, 5668022.2]}}, {"type": "Feature", "properties": {"h": 10.8, "r": 2.7}, "geometry": {"type": "Point", "coordinates": [392586.8, 5669477.8]}}, {"type": "Feature", "properties": {"h": 11.2, "r": 2.1}, "geometry": {"type": "Point", "coordinates": [392282.2, 5669933.8]}}, {"type": "Feature", "properties": {"h": 11.8, "r": 2.1}, "geometry": {"type": "Point", "coordinates": [392380.2, 5668832.8]}}, {"type": "Feature", "properties": {"h": 11.2, "r": 1.8}, "geometry": {"type": "Point", "coordinates": [392634.2, 5669290.2]}}, {"type": "Feature", "properties": {"h": 11.1, "r": 2.2}, "geometry": {"type": "Point", "coordinates": [392111.8, 5669118.2]}}, {"type": "Feature", "properties": {"h": 14.9, "r": 1.0}, "geometry": {"type": "Point", "coordinates": [393722.2, 5669424.8]}}, {"type": "Feature", "properties": {"h": 12.9, "r": 1.1}, "geometry": {"type": "Point", "coordinates": [393480.2, 5668769.2]}}, {"type": "Feature", "properties": {"h": 10.0, "r": 2.7}, "geometry": {"type": "Point", "coordinates": [392741.8, 5669579.2]}}, {"type": "Feature", "properties": {"h": 10.9, "r": 3.2}, "geometry": {"type": "Point", "coordinates": [392704.8, 5669247.8]}}, {"type": "Feature", "properties": {"h": 11.3, "r": 2.2}, "geometry": {"type": "Point", "coordinates": [393228.8, 5668437.8]}}, {"type": "Feature", "properties": {"h": 10.5, "r": 1.8}, "geometry": {"type": "Point", "coordinates": [392172.2, 5669323.2]}}, {"type": "Feature", "properties": {"h": 10.7, "r": 2.2}, "geometry": {"type": "Point", "coordinates": [392577.2, 5669078.8]}}, {"type": "Feature", "properties": {"h": 11.0, "r": 2.5}, "geometry": {"type": "Point", "coordinates": [393244.2, 5668915.2]}}, {"type": "Feature", "properties": {"h": 10.4, "r": 1.5}, "geometry": {"type": "Point", "coordinates": [393747.8, 5668917.2]}}, {"type": "Feature", "properties": {"h": 10.1, "r": 1.8}, "geometry": {"type": "Point", "coordinates": [392849.2, 5669443.2]}}, {"type": "Feature", "properties": {"h": 11.1, "r": 2.0}, "geometry": {"type": "Point", "coordinates": [392845.8, 5669443.2]}}, {"type": "Feature", "properties": {"h": 10.8, "r": 2.5}, "geometry": {"type": "Point", "coordinates": [392369.2, 5668034.8]}}, {"type": "Feature", "properties": {"h": 10.8, "r": 1.1}, "geometry": {"type": "Point", "coordinates": [392993.8, 5668718.8]}}, {"type": "Feature", "properties": {"h": 10.3, "r": 2.7}, "geometry": {"type": "Point", "coordinates": [393291.8, 5668422.2]}}, {"type": "Feature", "properties": {"h": 10.4, "r": 1.4}, "geometry": {"type": "Point", "coordinates": [392995.2, 5669097.2]}}, {"type": "Feature", "properties": {"h": 10.5, "r": 2.0}, "geometry": {"type": "Point", "coordinates": [392071.8, 5668891.2]}}, {"type": "Feature", "properties": {"h": 10.3, "r": 2.8}, "geometry": {"type": "Point", "coordinates": [392104.2, 5668497.8]}}, {"type": "Feature", "properties": {"h": 10.5, "r": 1.8}, "geometry": {"type": "Point", "coordinates": [392683.2, 5669139.8]}}, {"type": "Feature", "properties": {"h": 10.8, "r": 3.0}, "geometry": {"type": "Point", "coordinates": [392841.2, 5669423.8]}}, {"type": "Feature", "properties": {"h": 10.6, "r": 2.5}, "geometry": {"type": "Point", "coordinates": [392732.2, 5668840.2]}}, {"type": "Feature", "properties": {"h": 11.0, "r": 4.0}, "geometry": {"type": "Point", "coordinates": [393495.8, 5669643.2]}}, {"type": "Feature", "properties": {"h": 14.1, "r": 1.0}, "geometry": {"type": "Point", "coordinates": [393281.8, 5668163.8]}}, {"type": "Feature", "properties": {"h": 11.1, "r": 1.8}, "geometry": {"type": "Point", "coordinates": [392375.8, 5668963.2]}}, {"type": "Feature", "properties": {"h": 10.8, "r": 2.1}, "geometry": {"type": "Point", "coordinates": [392961.8, 5669224.2]}}, {"type": "Feature", "properties": {"h": 10.8, "r": 1.6}, "geometry": {"type": "Point", "coordinates": [393179.2, 5668145.2]}}, {"type": "Feature", "properties": {"h": 10.4, "r": 2.5}, "geometry": {"type": "Point", "coordinates": [392742.2, 5668014.2]}}, {"type": "Feature", "properties": {"h": 10.9, "r": 3.5}, "geometry": {"type": "Point", "coordinates": [393644.2, 5669245.2]}}, {"type": "Feature", "properties": {"h": 11.6, "r": 2.2}, "geometry": {"type": "Point", "coordinates": [392702.8, 5669125.2]}}, {"type": "Feature", "properties": {"h": 10.5, "r": 3.2}, "geometry": {"type": "Point", "coordinates": [392022.2, 5669312.8]}}, {"type": "Feature", "properties": {"h": 11.1, "r": 3.4}, "geometry": {"type": "Point", "coordinates": [392689.2, 5668436.2]}}, {"type": "Feature", "properties": {"h": 11.2, "r": 2.5}, "geometry": {"type": "Point", "coordinates": [392476.2, 5668377.2]}}, {"type": "Feature", "properties": {"h": 9.5, "r": 1.8}, "geometry": {"type": "Point", "coordinates": [392489.2, 5669153.8]}}, {"type": "Feature", "properties": {"h": 11.4, "r": 2.5}, "geometry": {"type": "Point", "coordinates": [393674.2, 5669912.2]}}, {"type": "Feature", "properties": {"h": 10.9, "r": 2.2}, "geometry": {"type": "Point", "coordinates": [393868.2, 5669698.8]}}, {"type": "Feature", "properties": {"h": 10.8, "r": 2.1}, "geometry": {"type": "Point", "coordinates": [392409.8, 5668032.2]}}, {"type": "Feature", "properties": {"h": 11.0, "r": 1.8}, "geometry": {"type": "Point", "coordinates": [393696.8, 5669947.2]}}, {"type": "Feature", "properties": {"h": 11.2, "r": 2.1}, "geometry": {"type": "Point", "coordinates": [392796.8, 5669812.2]}}, {"type": "Feature", "properties": {"h": 10.0, "r": 2.5}, "geometry": {"type": "Point", "coordinates": [393583.8, 5669276.2]}}, {"type": "Feature", "properties": {"h": 10.9, "r": 1.8}, "geometry": {"type": "Point", "coordinates": [393389.8, 5668772.8]}}, {"type": "Feature", "properties": {"h": 10.7, "r": 2.5}, "geometry": {"type": "Point", "coordinates": [393556.8, 5669552.2]}}, {"type": "Feature", "properties": {"h": 11.7, "r": 1.1}, "geometry": {"type": "Point", "coordinates": [392485.2, 5668276.2]}}, {"type": "Feature", "properties": {"h": 10.7, "r": 2.7}, "geometry": {"type": "Point", "coordinates": [392460.2, 5668150.2]}}, {"type": "Feature", "properties": {"h": 12.1, "r": 2.2}, "geometry": {"type": "Point", "coordinates": [392206.8, 5668178.8]}}, {"type": "Feature", "properties": {"h": 11.4, "r": 1.8}, "geometry": {"type": "Point", "coordinates": [393563.2, 5668070.8]}}, {"type": "Feature", "properties": {"h": 10.3, "r": 2.0}, "geometry": {"type": "Point", "coordinates": [393636.8, 5669424.8]}}, {"type": "Feature", "properties": {"h": 10.8, "r": 2.1}, "geometry": {"type": "Point", "coordinates": [393793.2, 5669228.8]}}, {"type": "Feature", "properties": {"h": 10.6, "r": 1.5}, "geometry": {"type": "Point", "coordinates": [392868.2, 5668970.2]}}, {"type": "Feature", "properties": {"h": 11.3, "r": 1.5}, "geometry": {"type": "Point", "coordinates": [393543.8, 5668695.2]}}, {"type": "Feature", "properties": {"h": 12.5, "r": 1.8}, "geometry": {"type": "Point", "coordinates": [392285.2, 5669880.8]}}, {"type": "Feature", "properties": {"h": 11.5, "r": 2.1}, "geometry": {"type": "Point", "coordinates": [393447.8, 5668367.8]}}, {"type": "Feature", "properties": {"h": 10.4, "r": 1.8}, "geometry": {"type": "Point", "coordinates": [393300.8, 5668391.8]}}, {"type": "Feature", "properties": {"h": 12.8, "r": 1.1}, "geometry": {"type": "Point", "coordinates": [393448.2, 5669580.8]}}, {"type": "Feature", "properties": {"h": 11.4, "r": 2.2}, "geometry": {"type": "Point", "coordinates": [392530.8, 5668059.2]}}, {"type": "Feature", "properties": {"h": 10.8, "r": 2.5}, "geometry": {"type": "Point", "coordinates": [392073.2, 5668407.2]}}, {"type": "Feature", "properties": {"h": 11.8, "r": 1.5}, "geometry": {"type": "Point", "coordinates": [393888.8, 5668607.2]}}, {"type": "Feature", "properties": {"h": 11.1, "r": 2.1}, "geometry": {"type": "Point", "coordinates": [393786.8, 5669324.8]}}, {"type": "Feature", "properties": {"h": 11.2, "r": 1.0}, "geometry": {"type": "Point", "coordinates": [392891.8, 5668220.8]}}, {"type": "Feature", "properties": {"h": 10.4, "r": 3.0}, "geometry": {"type": "Point", "coordinates": [392735.2, 5669504.8]}}, {"type": "Feature", "properties": {"h": 9.9, "r": 1.4}, "geometry": {"type": "Point", "coordinates": [393638.8, 5669300.8]}}, {"type": "Feature", "properties": {"h": 15.0, "r": 1.0}, "geometry": {"type": "Point", "coordinates": [392911.8, 5669206.2]}}, {"type": "Feature", "properties": {"h": 11.5, "r": 3.5}, "geometry": {"type": "Point", "coordinates": [392811.8, 5668265.8]}}, {"type": "Feature", "properties": {"h": 13.1, "r": 1.8}, "geometry": {"type": "Point", "coordinates": [392052.2, 5668841.2]}}, {"type": "Feature", "properties": {"h": 10.8, "r": 2.1}, "geometry": {"type": "Point", "coordinates": [392928.8, 5669992.2]}}, {"type": "Feature", "properties": {"h": 10.5, "r": 2.2}, "geometry": {"type": "Point", "coordinates": [392403.8, 5668415.2]}}, {"type": "Feature", "properties": {"h": 12.9, "r": 1.1}, "geometry": {"type": "Point", "coordinates": [393257.8, 5668878.2]}}, {"type": "Feature", "properties": {"h": 10.3, "r": 2.9}, "geometry": {"type": "Point", "coordinates": [392134.2, 5669320.8]}}, {"type": "Feature", "properties": {"h": 11.8, "r": 1.4}, "geometry": {"type": "Point", "coordinates": [392362.8, 5669630.2]}}, {"type": "Feature", "properties": {"h": 10.5, "r": 3.0}, "geometry": {"type": "Point", "coordinates": [392969.2, 5669801.8]}}, {"type": "Feature", "properties": {"h": 11.2, "r": 2.1}, "geometry": {"type": "Point", "coordinates": [392348.8, 5668424.8]}}, {"type": "Feature", "properties": {"h": 10.5, "r": 3.4}, "geometry": {"type": "Point", "coordinates": [393893.8, 5668548.2]}}, {"type": "Feature", "properties": {"h": 11.7, "r": 1.4}, "geometry": {"type": "Point", "coordinates": [392245.8, 5669824.8]}}, {"type": "Feature", "properties": {"h": 9.9, "r": 1.8}, "geometry": {"type": "Point", "coordinates": [393744.8, 5669319.2]}}, {"type": "Feature", "properties": {"h": 10.7, "r": 2.2}, "geometry": {"type": "Point", "coordinates": [392579.8, 5668878.8]}}, {"type": "Feature", "properties": {"h": 10.0, "r": 2.9}, "geometry": {"type": "Point", "coordinates": [392384.2, 5669322.8]}}, {"type": "Feature", "properties": {"h": 11.1, "r": 1.8}, "geometry": {"type": "Point", "coordinates": [393949.8, 5668556.8]}}, {"type": "Feature", "properties": {"h": 11.8, "r": 2.2}, "geometry": {"type": "Point", "coordinates": [393701.8, 5669954.8]}}, {"type": "Feature", "properties": {"h": 11.4, "r": 2.0}, "geometry": {"type": "Point", "coordinates": [393272.8, 5668316.8]}}, {"type": "Feature", "properties": {"h": 11.0, "r": 1.0}, "geometry": {"type": "Point", "coordinates": [393147.2, 5669338.2]}}, {"type": "Feature", "properties": {"h": 12.1, "r": 1.4}, "geometry": {"type": "Point", "coordinates": [393540.8, 5669558.8]}}, {"type": "Feature", "properties": {"h": 12.6, "r": 1.1}, "geometry": {"type": "Point", "coordinates": [392247.2, 5668428.2]}}, {"type": "Feature", "properties": {"h": 7.3, "r": 2.1}, "geometry": {"type": "Point", "coordinates": [392877.8, 5669292.8]}}, {"type": "Feature", "properties": {"h": 13.0, "r": 1.1}, "geometry": {"type": "Point", "coordinates": [392373.2, 5668550.8]}}, {"type": "Feature", "properties": {"h": 11.1, "r": 1.8}, "geometry": {"type": "Point", "coordinates": [393917.2, 5669297.8]}}, {"type": "Feature", "properties": {"h": 11.1, "r": 2.2}, "geometry": {"type": "Point", "coordinates": [393407.2, 5668484.8]}}, {"type": "Feature", "properties": {"h": 11.0, "r": 2.1}, "geometry": {"type": "Point", "coordinates": [392192.2, 5669886.8]}}, {"type": "Feature", "properties": {"h": 13.7, "r": 1.0}, "geometry": {"type": "Point", "coordinates": [392193.8, 5668117.2]}}, {"type": "Feature", "properties": {"h": 11.4, "r": 1.5}, "geometry": {"type": "Point", "coordinates": [393946.8, 5668278.2]}}, {"type": "Feature", "properties": {"h": 11.1, "r": 2.1}, "geometry": {"type": "Point", "coordinates": [392108.8, 5668074.8]}}, {"type": "Feature", "properties": {"h": 11.4, "r": 2.0}, "geometry": {"type": "Point", "coordinates": [393981.2, 5668233.8]}}, {"type": "Feature", "properties": {"h": 9.6, "r": 2.5}, "geometry": {"type": "Point", "coordinates": [393554.8, 5669470.8]}}, {"type": "Feature", "properties": {"h": 12.3, "r": 1.0}, "geometry": {"type": "Point", "coordinates": [393240.8, 5668276.8]}}, {"type": "Feature", "properties": {"h": 11.4, "r": 1.5}, "geometry": {"type": "Point", "coordinates": [392411.2, 5668112.2]}}, {"type": "Feature", "properties": {"h": 12.1, "r": 1.4}, "geometry": {"type": "Point", "coordinates": [393658.2, 5669886.2]}}, {"type": "Feature", "properties": {"h": 10.5, "r": 2.1}, "geometry": {"type": "Point", "coordinates": [392041.8, 5668541.8]}}, {"type": "Feature", "properties": {"h": 11.7, "r": 1.4}, "geometry": {"type": "Point", "coordinates": [392989.8, 5668602.2]}}, {"type": "Feature", "properties": {"h": 10.8, "r": 3.4}, "geometry": {"type": "Point", "coordinates": [393975.8, 5669600.8]}}, {"type": "Feature", "properties": {"h": 11.0, "r": 2.0}, "geometry": {"type": "Point", "coordinates": [392945.8, 5668975.8]}}, {"type": "Feature", "properties": {"h": 11.0, "r": 1.8}, "geometry": {"type": "Point", "coordinates": [393749.2, 5669943.2]}}, {"type": "Feature", "properties": {"h": 10.8, "r": 2.9}, "geometry": {"type": "Point", "coordinates": [393369.8, 5668778.2]}}, {"type": "Feature", "properties": {"h": 10.7, "r": 1.5}, "geometry": {"type": "Point", "coordinates": [392006.8, 5668515.8]}}, {"type": "Feature", "properties": {"h": 10.0, "r": 3.0}, "geometry": {"type": "Point", "coordinates": [393131.8, 5669358.8]}}, {"type": "Feature", "properties": {"h": 10.9, "r": 2.5}, "geometry": {"type": "Point", "coordinates": [393147.2, 5668322.8]}}, {"type": "Feature", "properties": {"h": 11.0, "r": 2.0}, "geometry": {"type": "Point", "coordinates": [392975.2, 5668034.8]}}, {"type": "Feature", "properties": {"h": 10.3, "r": 2.5}, "geometry": {"type": "Point", "coordinates": [393765.8, 5668940.2]}}, {"type": "Feature", "properties": {"h": 12.0, "r": 1.4}, "geometry": {"type": "Point", "coordinates": [392636.2, 5668826.8]}}, {"type": "Feature", "properties": {"h": 11.5, "r": 3.0}, "geometry": {"type": "Point", "coordinates": [392200.8, 5668465.8]}}, {"type": "Feature", "properties": {"h": 11.8, "r": 1.6}, "geometry": {"type": "Point", "coordinates": [392921.2, 5668297.2]}}, {"type": "Feature", "properties": {"h": 12.3, "r": 1.1}, "geometry": {"type": "Point", "coordinates": [393256.2, 5668542.8]}}, {"type": "Feature", "properties": {"h": 10.4, "r": 1.6}, "geometry": {"type": "Point", "coordinates": [393195.8, 5669629.2]}}, {"type": "Feature", "properties": {"h": 10.8, "r": 2.0}, "geometry": {"type": "Point", "coordinates": [392170.8, 5669953.2]}}, {"type": "Feature", "properties": {"h": 11.8, "r": 1.4}, "geometry": {"type": "Point", "coordinates": [393753.2, 5669773.2]}}, {"type": "Feature", "properties": {"h": 10.6, "r": 2.0}, "geometry": {"type": "Point", "coordinates": [392160.8, 5668718.2]}}, {"type": "Feature", "properties": {"h": 9.3, "r": 2.0}, "geometry": {"type": "Point", "coordinates": [392000.2, 5668185.8]}}, {"type": "Feature", "properties": {"h": 10.2, "r": 2.0}, "geometry": {"type": "Point", "coordinates": [392949.8, 5669137.8]}}, {"type": "Feature", "properties": {"h": 11.0, "r": 2.1}, "geometry": {"type": "Point", "coordinates": [392195.2, 5668196.2]}}, {"type": "Feature", "properties": {"h": 11.0, "r": 1.6}, "geometry": {"type": "Point", "coordinates": [392899.8, 5668920.2]}}, {"type": "Feature", "properties": {"h": 10.5, "r": 1.5}, "geometry": {"type": "Point", "coordinates": [392991.2, 5668067.2]}}, {"type": "Feature", "properties": {"h": 10.3, "r": 2.5}, "geometry": {"type": "Point", "coordinates": [393219.2, 5668419.8]}}, {"type": "Feature", "properties": {"h": 10.4, "r": 1.8}, "geometry": {"type": "Point", "coordinates": [392070.2, 5668169.2]}}, {"type": "Feature", "properties": {"h": 11.8, "r": 2.5}, "geometry": {"type": "Point", "coordinates": [392358.8, 5668044.8]}}, {"type": "Feature", "properties": {"h": 10.8, "r": 1.8}, "geometry": {"type": "Point", "coordinates": [393406.8, 5668380.2]}}, {"type": "Feature", "properties": {"h": 11.1, "r": 1.5}, "geometry": {"type": "Point", "coordinates": [392586.2, 5669172.2]}}, {"type": "Feature", "properties": {"h": 12.3, "r": 1.1}, "geometry": {"type": "Point", "coordinates": [392140.8, 5668706.8]}}, {"type": "Feature", "properties": {"h": 9.9, "r": 2.2}, "geometry": {"type": "Point", "coordinates": [393635.8, 5669418.2]}}, {"type": "Feature", "properties": {"h": 9.9, "r": 2.5}, "geometry": {"type": "Point", "coordinates": [393551.8, 5668356.8]}}, {"type": "Feature", "properties": {"h": 11.0, "r": 1.6}, "geometry": {"type": "Point", "coordinates": [393808.2, 5668879.2]}}, {"type": "Feature", "properties": {"h": 10.4, "r": 2.2}, "geometry": {"type": "Point", "coordinates": [392867.8, 5669417.8]}}, {"type": "Feature", "properties": {"h": 11.8, "r": 1.0}, "geometry": {"type": "Point", "coordinates": [392289.8, 5668180.8]}}, {"type": "Feature", "properties": {"h": 11.3, "r": 2.0}, "geometry": {"type": "Point", "coordinates": [393453.2, 5668261.8]}}, {"type": "Feature", "properties": {"h": 10.4, "r": 1.8}, "geometry": {"type": "Point", "coordinates": [392928.8, 5669987.2]}}, {"type": "Feature", "properties": {"h": 10.5, "r": 2.9}, "geometry": {"type": "Point", "coordinates": [392417.8, 5669849.8]}}, {"type": "Feature", "properties": {"h": 11.1, "r": 2.1}, "geometry": {"type": "Point", "coordinates": [392422.8, 5668103.8]}}, {"type": "Feature", "properties": {"h": 10.8, "r": 1.6}, "geometry": {"type": "Point", "coordinates": [392150.8, 5668743.2]}}, {"type": "Feature", "properties": {"h": 10.3, "r": 1.6}, "geometry": {"type": "Point", "coordinates": [393535.2, 5669568.8]}}, {"type": "Feature", "properties": {"h": 10.5, "r": 2.8}, "geometry": {"type": "Point", "coordinates": [392244.2, 5668511.8]}}, {"type": "Feature", "properties": {"h": 10.8, "r": 2.0}, "geometry": {"type": "Point", "coordinates": [393005.8, 5669866.8]}}, {"type": "Feature", "properties": {"h": 12.0, "r": 1.5}, "geometry": {"type": "Point", "coordinates": [392238.8, 5669419.8]}}, {"type": "Feature", "properties": {"h": 9.9, "r": 2.0}, "geometry": {"type": "Point", "coordinates": [392482.8, 5668378.8]}}, {"type": "Feature", "properties": {"h": 11.2, "r": 2.5}, "geometry": {"type": "Point", "coordinates": [392412.8, 5668089.8]}}, {"type": "Feature", "properties": {"h": 10.1, "r": 2.5}, "geometry": {"type": "Point", "coordinates": [393979.2, 5668652.8]}}, {"type": "Feature", "properties": {"h": 11.2, "r": 1.6}, "geometry": {"type": "Point", "coordinates": [392796.8, 5668927.2]}}, {"type": "Feature", "properties": {"h": 10.4, "r": 1.6}, "geometry": {"type": "Point", "coordinates": [393856.8, 5668620.2]}}, {"type": "Feature", "properties": {"h": 12.3, "r": 2.2}, "geometry": {"type": "Point", "coordinates": [393054.8, 5669624.2]}}, {"type": "Feature", "properties": {"h": 9.9, "r": 1.5}, "geometry": {"type": "Point", "coordinates": [392942.8, 5669029.8]}}, {"type": "Feature", "properties": {"h": 10.2, "r": 2.7}, "geometry": {"type": "Point", "coordinates": [393908.8, 5668548.2]}}, {"type": "Feature", "properties": {"h": 9.5, "r": 1.8}, "geometry": {"type": "Point", "coordinates": [393870.8, 5669296.2]}}, {"type": "Feature", "properties": {"h": 10.9, "r": 1.1}, "geometry": {"type": "Point", "coordinates": [392389.2, 5668244.8]}}, {"type": "Feature", "properties": {"h": 13.2, "r": 1.1}, "geometry": {"type": "Point", "coordinates": [393806.2, 5669634.8]}}, {"type": "Feature", "properties": {"h": 10.8, "r": 1.6}, "geometry": {"type": "Point", "coordinates": [393838.8, 5669718.2]}}, {"type": "Feature", "properties": {"h": 10.0, "r": 2.5}, "geometry": {"type": "Point", "coordinates": [392379.8, 5668958.8]}}, {"type": "Feature", "properties": {"h": 11.0, "r": 2.0}, "geometry": {"type": "Point", "coordinates": [393265.8, 5668232.2]}}, {"type": "Feature", "properties": {"h": 14.3, "r": 1.1}, "geometry": {"type": "Point", "coordinates": [392673.2, 5668021.2]}}, {"type": "Feature", "properties": {"h": 10.7, "r": 1.8}, "geometry": {"type": "Point", "coordinates": [393698.2, 5669072.8]}}, {"type": "Feature", "properties": {"h": 11.1, "r": 1.8}, "geometry": {"type": "Point", "coordinates": [393642.2, 5669960.8]}}, {"type": "Feature", "properties": {"h": 10.8, "r": 2.5}, "geometry": {"type": "Point", "coordinates": [392856.2, 5669229.8]}}, {"type": "Feature", "properties": {"h": 10.6, "r": 2.9}, "geometry": {"type": "Point", "coordinates": [393919.2, 5668350.8]}}, {"type": "Feature", "properties": {"h": 9.7, "r": 3.6}, "geometry": {"type": "Point", "coordinates": [392297.2, 5669214.2]}}, {"type": "Feature", "properties": {"h": 10.4, "r": 2.5}, "geometry": {"type": "Point", "coordinates": [392653.2, 5668454.8]}}, {"type": "Feature", "properties": {"h": 10.9, "r": 1.4}, "geometry": {"type": "Point", "coordinates": [393503.8, 5669357.8]}}, {"type": "Feature", "properties": {"h": 10.0, "r": 3.5}, "geometry": {"type": "Point", "coordinates": [392538.8, 5668105.2]}}, {"type": "Feature", "properties": {"h": 9.7, "r": 1.8}, "geometry": {"type": "Point", "coordinates": [393988.2, 5669594.2]}}, {"type": "Feature", "properties": {"h": 13.6, "r": 1.1}, "geometry": {"type": "Point", "coordinates": [393549.2, 5669763.8]}}, {"type": "Feature", "properties": {"h": 10.4, "r": 4.6}, "geometry": {"type": "Point", "coordinates": [393613.2, 5668000.2]}}, {"type": "Feature", "properties": {"h": 10.6, "r": 2.2}, "geometry": {"type": "Point", "coordinates": [393033.2, 5669626.8]}}, {"type": "Feature", "properties": {"h": 10.2, "r": 2.1}, "geometry": {"type": "Point", "coordinates": [392204.8, 5669154.2]}}, {"type": "Feature", "properties": {"h": 11.4, "r": 1.5}, "geometry": {"type": "Point", "coordinates": [392300.2, 5669854.8]}}, {"type": "Feature", "properties": {"h": 9.8, "r": 2.9}, "geometry": {"type": "Point", "coordinates": [392022.2, 5669307.2]}}, {"type": "Feature", "properties": {"h": 10.7, "r": 1.6}, "geometry": {"type": "Point", "coordinates": [392963.2, 5669147.8]}}, {"type": "Feature", "properties": {"h": 10.3, "r": 2.7}, "geometry": {"type": "Point", "coordinates": [393810.8, 5669679.8]}}, {"type": "Feature", "properties": {"h": 11.0, "r": 1.0}, "geometry": {"type": "Point", "coordinates": [392960.2, 5669521.2]}}, {"type": "Feature", "properties": {"h": 11.2, "r": 3.0}, "geometry": {"type": "Point", "coordinates": [392302.8, 5669233.2]}}, {"type": "Feature", "properties": {"h": 10.3, "r": 2.5}, "geometry": {"type": "Point", "coordinates": [393773.2, 5669518.8]}}, {"type": "Feature", "properties": {"h": 10.3, "r": 2.7}, "geometry": {"type": "Point", "coordinates": [392529.8, 5668809.8]}}, {"type": "Feature", "properties": {"h": 9.5, "r": 4.3}, "geometry": {"type": "Point", "coordinates": [393598.2, 5668123.2]}}, {"type": "Feature", "properties": {"h": 10.4, "r": 1.6}, "geometry": {"type": "Point", "coordinates": [392119.8, 5669354.2]}}, {"type": "Feature", "properties": {"h": 11.9, "r": 1.1}, "geometry": {"type": "Point", "coordinates": [392100.2, 5668170.2]}}, {"type": "Feature", "properties": {"h": 11.6, "r": 1.5}, "geometry": {"type": "Point", "coordinates": [392611.8, 5668997.8]}}, {"type": "Feature", "properties": {"h": 12.0, "r": 1.4}, "geometry": {"type": "Point", "coordinates": [392619.8, 5669023.8]}}, {"type": "Feature", "properties": {"h": 11.0, "r": 1.0}, "geometry": {"type": "Point", "coordinates": [392989.2, 5669130.8]}}, {"type": "Feature", "properties": {"h": 10.8, "r": 2.5}, "geometry": {"type": "Point", "coordinates": [393796.2, 5668754.8]}}, {"type": "Feature", "properties": {"h": 12.1, "r": 1.0}, "geometry": {"type": "Point", "coordinates": [392952.2, 5669925.8]}}, {"type": "Feature", "properties": {"h": 11.2, "r": 1.5}, "geometry": {"type": "Point", "coordinates": [392643.8, 5668829.2]}}, {"type": "Feature", "properties": {"h": 10.5, "r": 2.0}, "geometry": {"type": "Point", "coordinates": [392272.8, 5668870.8]}}, {"type": "Feature", "properties": {"h": 11.3, "r": 2.0}, "geometry": {"type": "Point", "coordinates": [392485.2, 5669714.8]}}, {"type": "Feature", "properties": {"h": 8.4, "r": 1.8}, "geometry": {"type": "Point", "coordinates": [392698.8, 5669299.8]}}, {"type": "Feature", "properties": {"h": 11.6, "r": 1.4}, "geometry": {"type": "Point", "coordinates": [393838.2, 5668598.2]}}, {"type": "Feature", "properties": {"h": 10.4, "r": 1.8}, "geometry": {"type": "Point", "coordinates": [392090.8, 5669146.2]}}, {"type": "Feature", "properties": {"h": 9.9, "r": 2.9}, "geometry": {"type": "Point", "coordinates": [393493.2, 5668354.8]}}, {"type": "Feature", "properties": {"h": 9.9, "r": 2.1}, "geometry": {"type": "Point", "coordinates": [393414.2, 5668916.8]}}, {"type": "Feature", "properties": {"h": 10.0, "r": 2.5}, "geometry": {"type": "Point", "coordinates": [393208.2, 5669655.2]}}, {"type": "Feature", "properties": {"h": 11.3, "r": 1.5}, "geometry": {"type": "Point", "coordinates": [392207.2, 5668223.2]}}, {"type": "Feature", "properties": {"h": 10.3, "r": 1.8}, "geometry": {"type": "Point", "coordinates": [393383.8, 5668610.8]}}, {"type": "Feature", "properties": {"h": 10.3, "r": 3.2}, "geometry": {"type": "Point", "coordinates": [393343.2, 5668775.2]}}, {"type": "Feature", "properties": {"h": 10.8, "r": 1.4}, "geometry": {"type": "Point", "coordinates": [393368.2, 5668918.8]}}, {"type": "Feature", "properties": {"h": 10.5, "r": 2.5}, "geometry": {"type": "Point", "coordinates": [392471.2, 5668164.2]}}, {"type": "Feature", "properties": {"h": 10.5, "r": 1.8}, "geometry": {"type": "Point", "coordinates": [392102.2, 5668977.2]}}, {"type": "Feature", "properties": {"h": 11.1, "r": 1.4}, "geometry": {"type": "Point", "coordinates": [393748.8, 5668497.2]}}, {"type": "Feature", "properties": {"h": 11.4, "r": 2.0}, "geometry": {"type": "Point", "coordinates": [392359.8, 5668991.2]}}, {"type": "Feature", "properties": {"h": 10.0, "r": 2.9}, "geometry": {"type": "Point", "coordinates": [393292.2, 5668303.8]}}, {"type": "Feature", "properties": {"h": 11.2, "r": 1.4}, "geometry": {"type": "Point", "coordinates": [392337.2, 5668909.2]}}, {"type": "Feature", "properties": {"h": 9.8, "r": 3.2}, "geometry": {"type": "Point", "coordinates": [393288.2, 5668336.2]}}, {"type": "Feature", "properties": {"h": 11.0, "r": 2.5}, "geometry": {"type": "Point", "coordinates": [392634.8, 5668075.2]}}, {"type": "Feature", "properties": {"h": 11.8, "r": 1.8}, "geometry": {"type": "Point", "coordinates": [393137.8, 5668730.2]}}, {"type": "Feature", "properties": {"h": 9.3, "r": 1.8}, "geometry": {"type": "Point", "coordinates": [393710.2, 5669421.8]}}, {"type": "Feature", "properties": {"h": 11.2, "r": 1.8}, "geometry": {"type": "Point", "coordinates": [393142.8, 5669299.8]}}, {"type": "Feature", "properties": {"h": 9.9, "r": 2.5}, "geometry": {"type": "Point", "coordinates": [392776.2, 5669012.8]}}, {"type": "Feature", "properties": {"h": 10.3, "r": 1.8}, "geometry": {"type": "Point", "coordinates": [392732.8, 5669844.2]}}, {"type": "Feature", "properties": {"h": 11.5, "r": 1.6}, "geometry": {"type": "Point", "coordinates": [392285.2, 5668399.2]}}, {"type": "Feature", "properties": {"h": 11.0, "r": 1.4}, "geometry": {"type": "Point", "coordinates": [392296.8, 5668383.8]}}, {"type": "Feature", "properties": {"h": 9.8, "r": 2.1}, "geometry": {"type": "Point", "coordinates": [392057.2, 5668310.2]}}, {"type": "Feature", "properties": {"h": 10.8, "r": 1.8}, "geometry": {"type": "Point", "coordinates": [393845.8, 5669713.8]}}, {"type": "Feature", "properties": {"h": 10.2, "r": 2.5}, "geometry": {"type": "Point", "coordinates": [393241.2, 5668426.2]}}, {"type": "Feature", "properties": {"h": 10.5, "r": 1.6}, "geometry": {"type": "Point", "coordinates": [392326.2, 5668002.2]}}, {"type": "Feature", "properties": {"h": 12.2, "r": 1.1}, "geometry": {"type": "Point", "coordinates": [392940.2, 5669463.8]}}, {"type": "Feature", "properties": {"h": 10.8, "r": 1.5}, "geometry": {"type": "Point", "coordinates": [393922.8, 5668550.8]}}, {"type": "Feature", "properties": {"h": 10.3, "r": 1.8}, "geometry": {"type": "Point", "coordinates": [393509.2, 5669554.8]}}, {"type": "Feature", "properties": {"h": 11.6, "r": 1.1}, "geometry": {"type": "Point", "coordinates": [392652.2, 5668015.8]}}, {"type": "Feature", "properties": {"h": 10.8, "r": 1.1}, "geometry": {"type": "Point", "coordinates": [393917.8, 5669284.8]}}, {"type": "Feature", "properties": {"h": 10.3, "r": 3.2}, "geometry": {"type": "Point", "coordinates": [392581.8, 5669937.8]}}, {"type": "Feature", "properties": {"h": 10.2, "r": 2.5}, "geometry": {"type": "Point", "coordinates": [392160.2, 5668072.8]}}, {"type": "Feature", "properties": {"h": 11.3, "r": 2.1}, "geometry": {"type": "Point", "coordinates": [392433.8, 5668116.8]}}, {"type": "Feature", "properties": {"h": 12.3, "r": 1.6}, "geometry": {"type": "Point", "coordinates": [393253.8, 5668242.8]}}, {"type": "Feature", "properties": {"h": 10.4, "r": 1.6}, "geometry": {"type": "Point", "coordinates": [392297.8, 5668936.2]}}, {"type": "Feature", "properties": {"h": 13.0, "r": 1.1}, "geometry": {"type": "Point", "coordinates": [392948.8, 5668060.2]}}, {"type": "Feature", "properties": {"h": 10.0, "r": 3.2}, "geometry": {"type": "Point", "coordinates": [392303.2, 5669229.8]}}, {"type": "Feature", "properties": {"h": 10.5, "r": 2.5}, "geometry": {"type": "Point", "coordinates": [393073.8, 5669863.2]}}, {"type": "Feature", "properties": {"h": 10.2, "r": 1.4}, "geometry": {"type": "Point", "coordinates": [392260.8, 5669249.8]}}, {"type": "Feature", "properties": {"h": 10.8, "r": 2.7}, "geometry": {"type": "Point", "coordinates": [392448.2, 5668123.8]}}, {"type": "Feature", "properties": {"h": 9.6, "r": 2.1}, "geometry": {"type": "Point", "coordinates": [393442.2, 5668403.2]}}, {"type": "Feature", "properties": {"h": 10.3, "r": 2.0}, "geometry": {"type": "Point", "coordinates": [392486.8, 5668093.8]}}, {"type": "Feature", "properties": {"h": 10.6, "r": 1.4}, "geometry": {"type": "Point", "coordinates": [392132.8, 5668526.2]}}, {"type": "Feature", "properties": {"h": 12.6, "r": 1.5}, "geometry": {"type": "Point", "coordinates": [393746.8, 5669777.8]}}, {"type": "Feature", "properties": {"h": 11.0, "r": 1.6}, "geometry": {"type": "Point", "coordinates": [392094.8, 5668976.2]}}, {"type": "Feature", "properties": {"h": 11.3, "r": 1.1}, "geometry": {"type": "Point", "coordinates": [392647.8, 5668011.2]}}, {"type": "Feature", "properties": {"h": 10.2, "r": 2.8}, "geometry": {"type": "Point", "coordinates": [392695.2, 5668860.8]}}, {"type": "Feature", "properties": {"h": 11.4, "r": 2.7}, "geometry": {"type": "Point", "coordinates": [392890.8, 5669172.8]}}, {"type": "Feature", "properties": {"h": 10.5, "r": 3.2}, "geometry": {"type": "Point", "coordinates": [393063.8, 5669869.8]}}, {"type": "Feature", "properties": {"h": 11.1, "r": 1.4}, "geometry": {"type": "Point", "coordinates": [393649.2, 5669256.8]}}, {"type": "Feature", "properties": {"h": 10.6, "r": 2.1}, "geometry": {"type": "Point", "coordinates": [392063.8, 5669164.2]}}, {"type": "Feature", "properties": {"h": 10.6, "r": 1.5}, "geometry": {"type": "Point", "coordinates": [392997.8, 5669162.8]}}, {"type": "Feature", "properties": {"h": 11.3, "r": 1.0}, "geometry": {"type": "Point", "coordinates": [393649.2, 5669756.2]}}, {"type": "Feature", "properties": {"h": 10.6, "r": 3.2}, "geometry": {"type": "Point", "coordinates": [392696.8, 5669303.8]}}, {"type": "Feature", "properties": {"h": 13.9, "r": 1.0}, "geometry": {"type": "Point", "coordinates": [392448.2, 5668102.8]}}, {"type": "Feature", "properties": {"h": 10.6, "r": 1.6}, "geometry": {"type": "Point", "coordinates": [393538.2, 5668705.8]}}, {"type": "Feature", "properties": {"h": 11.8, "r": 1.1}, "geometry": {"type": "Point", "coordinates": [393001.2, 5668711.2]}}, {"type": "Feature", "properties": {"h": 11.1, "r": 2.0}, "geometry": {"type": "Point", "coordinates": [393780.2, 5669276.8]}}, {"type": "Feature", "properties": {"h": 11.0, "r": 1.5}, "geometry": {"type": "Point", "coordinates": [392007.2, 5668455.8]}}, {"type": "Feature", "properties": {"h": 9.8, "r": 1.8}, "geometry": {"type": "Point", "coordinates": [393042.8, 5668620.2]}}, {"type": "Feature", "properties": {"h": 13.8, "r": 1.0}, "geometry": {"type": "Point", "coordinates": [392386.2, 5669252.8]}}, {"type": "Feature", "properties": {"h": 10.0, "r": 2.0}, "geometry": {"type": "Point", "coordinates": [393817.8, 5669266.2]}}, {"type": "Feature", "properties": {"h": 11.3, "r": 1.8}, "geometry": {"type": "Point", "coordinates": [392865.8, 5668262.8]}}, {"type": "Feature", "properties": {"h": 10.0, "r": 1.8}, "geometry": {"type": "Point", "coordinates": [393616.8, 5669449.8]}}, {"type": "Feature", "properties": {"h": 10.9, "r": 1.1}, "geometry": {"type": "Point", "coordinates": [393486.2, 5669452.2]}}, {"type": "Feature", "properties": {"h": 12.1, "r": 1.0}, "geometry": {"type": "Point", "coordinates": [392308.2, 5668702.2]}}, {"type": "Feature", "properties": {"h": 11.8, "r": 1.1}, "geometry": {"type": "Point", "coordinates": [392103.8, 5668654.2]}}, {"type": "Feature", "properties": {"h": 9.8, "r": 3.8}, "geometry": {"type": "Point", "coordinates": [393416.8, 5669874.2]}}, {"type": "Feature", "properties": {"h": 11.1, "r": 1.0}, "geometry": {"type": "Point", "coordinates": [392029.8, 5668488.8]}}, {"type": "Feature", "properties": {"h": 12.8, "r": 1.0}, "geometry": {"type": "Point", "coordinates": [392069.8, 5668390.2]}}, {"type": "Feature", "properties": {"h": 10.1, "r": 2.0}, "geometry": {"type": "Point", "coordinates": [393034.2, 5669651.2]}}, {"type": "Feature", "properties": {"h": 10.0, "r": 1.6}, "geometry": {"type": "Point", "coordinates": [393970.8, 5668166.2]}}, {"type": "Feature", "properties": {"h": 11.0, "r": 2.7}, "geometry": {"type": "Point", "coordinates": [393507.2, 5668857.2]}}, {"type": "Feature", "properties": {"h": 10.2, "r": 1.8}, "geometry": {"type": "Point", "coordinates": [392197.2, 5668716.8]}}, {"type": "Feature", "properties": {"h": 10.1, "r": 2.2}, "geometry": {"type": "Point", "coordinates": [393662.8, 5669948.2]}}, {"type": "Feature", "properties": {"h": 11.5, "r": 2.0}, "geometry": {"type": "Point", "coordinates": [393972.2, 5669396.8]}}, {"type": "Feature", "properties": {"h": 11.0, "r": 2.5}, "geometry": {"type": "Point", "coordinates": [392626.8, 5668069.8]}}, {"type": "Feature", "properties": {"h": 10.7, "r": 1.1}, "geometry": {"type": "Point", "coordinates": [392103.8, 5668648.2]}}, {"type": "Feature", "properties": {"h": 10.0, "r": 1.6}, "geometry": {"type": "Point", "coordinates": [392958.8, 5668112.2]}}, {"type": "Feature", "properties": {"h": 11.5, "r": 2.5}, "geometry": {"type": "Point", "coordinates": [392063.8, 5668438.8]}}, {"type": "Feature", "properties": {"h": 9.9, "r": 2.2}, "geometry": {"type": "Point", "coordinates": [392875.8, 5668272.8]}}, {"type": "Feature", "properties": {"h": 10.8, "r": 1.5}, "geometry": {"type": "Point", "coordinates": [392419.2, 5668314.2]}}, {"type": "Feature", "properties": {"h": 9.8, "r": 2.5}, "geometry": {"type": "Point", "coordinates": [393613.8, 5669428.2]}}, {"type": "Feature", "properties": {"h": 10.7, "r": 1.4}, "geometry": {"type": "Point", "coordinates": [393917.8, 5669328.8]}}, {"type": "Feature", "properties": {"h": 12.2, "r": 1.4}, "geometry": {"type": "Point", "coordinates": [393768.2, 5669764.2]}}, {"type": "Feature", "properties": {"h": 10.1, "r": 3.5}, "geometry": {"type": "Point", "coordinates": [393596.8, 5668129.8]}}, {"type": "Feature", "properties": {"h": 10.2, "r": 1.4}, "geometry": {"type": "Point", "coordinates": [392369.2, 5668916.8]}}, {"type": "Feature", "properties": {"h": 9.0, "r": 2.1}, "geometry": {"type": "Point", "coordinates": [392655.8, 5669054.8]}}, {"type": "Feature", "properties": {"h": 10.1, "r": 3.6}, "geometry": {"type": "Point", "coordinates": [392888.8, 5669414.8]}}, {"type": "Feature", "properties": {"h": 8.4, "r": 1.8}, "geometry": {"type": "Point", "coordinates": [392185.2, 5669897.8]}}, {"type": "Feature", "properties": {"h": 10.4, "r": 2.1}, "geometry": {"type": "Point", "coordinates": [392070.8, 5668845.8]}}, {"type": "Feature", "properties": {"h": 10.6, "r": 1.8}, "geometry": {"type": "Point", "coordinates": [393620.2, 5669388.8]}}, {"type": "Feature", "properties": {"h": 12.5, "r": 1.1}, "geometry": {"type": "Point", "coordinates": [392503.8, 5668296.8]}}, {"type": "Feature", "properties": {"h": 10.3, "r": 2.8}, "geometry": {"type": "Point", "coordinates": [393775.2, 5668742.8]}}, {"type": "Feature", "properties": {"h": 10.1, "r": 1.6}, "geometry": {"type": "Point", "coordinates": [393168.8, 5668703.8]}}, {"type": "Feature", "properties": {"h": 10.2, "r": 4.6}, "geometry": {"type": "Point", "coordinates": [392288.2, 5668863.8]}}, {"type": "Feature", "properties": {"h": 9.9, "r": 2.1}, "geometry": {"type": "Point", "coordinates": [392123.2, 5669128.2]}}, {"type": "Feature", "properties": {"h": 11.0, "r": 2.1}, "geometry": {"type": "Point", "coordinates": [392383.2, 5668272.2]}}, {"type": "Feature", "properties": {"h": 9.5, "r": 1.8}, "geometry": {"type": "Point", "coordinates": [392578.2, 5668873.8]}}, {"type": "Feature", "properties": {"h": 13.4, "r": 1.1}, "geometry": {"type": "Point", "coordinates": [393749.8, 5669558.8]}}, {"type": "Feature", "properties": {"h": 10.3, "r": 2.1}, "geometry": {"type": "Point", "coordinates": [393349.2, 5668186.8]}}, {"type": "Feature", "properties": {"h": 10.2, "r": 1.6}, "geometry": {"type": "Point", "coordinates": [393723.2, 5669968.8]}}, {"type": "Feature", "properties": {"h": 10.2, "r": 2.0}, "geometry": {"type": "Point", "coordinates": [393767.8, 5669542.2]}}, {"type": "Feature", "properties": {"h": 11.5, "r": 1.5}, "geometry": {"type": "Point", "coordinates": [393614.8, 5669503.8]}}, {"type": "Feature", "properties": {"h": 10.1, "r": 3.2}, "geometry": {"type": "Point", "coordinates": [392238.2, 5668515.2]}}, {"type": "Feature", "properties": {"h": 9.6, "r": 2.1}, "geometry": {"type": "Point", "coordinates": [393007.8, 5668678.2]}}, {"type": "Feature", "properties": {"h": 11.0, "r": 1.5}, "geometry": {"type": "Point", "coordinates": [393072.8, 5669192.8]}}, {"type": "Feature", "properties": {"h": 10.1, "r": 2.7}, "geometry": {"type": "Point", "coordinates": [393294.2, 5668288.2]}}, {"type": "Feature", "properties": {"h": 8.4, "r": 3.0}, "geometry": {"type": "Point", "coordinates": [393472.2, 5668413.2]}}, {"type": "Feature", "properties": {"h": 10.1, "r": 1.8}, "geometry": {"type": "Point", "coordinates": [393116.2, 5668401.2]}}, {"type": "Feature", "properties": {"h": 9.1, "r": 2.1}, "geometry": {"type": "Point", "coordinates": [393566.8, 5668373.8]}}, {"type": "Feature", "properties": {"h": 13.0, "r": 1.0}, "geometry": {"type": "Point", "coordinates": [392635.2, 5669208.2]}}, {"type": "Feature", "properties": {"h": 10.1, "r": 2.1}, "geometry": {"type": "Point", "coordinates": [393792.2, 5669347.8]}}, {"type": "Feature", "properties": {"h": 11.6, "r": 1.8}, "geometry": {"type": "Point", "coordinates": [392561.2, 5669871.8]}}, {"type": "Feature", "properties": {"h": 10.6, "r": 1.6}, "geometry": {"type": "Point", "coordinates": [393217.2, 5668748.2]}}, {"type": "Feature", "properties": {"h": 9.5, "r": 2.2}, "geometry": {"type": "Point", "coordinates": [393260.8, 5668345.8]}}, {"type": "Feature", "properties": {"h": 10.2, "r": 3.2}, "geometry": {"type": "Point", "coordinates": [392850.2, 5669171.2]}}, {"type": "Feature", "properties": {"h": 11.7, "r": 1.4}, "geometry": {"type": "Point", "coordinates": [392686.8, 5669299.8]}}, {"type": "Feature", "properties": {"h": 10.1, "r": 3.0}, "geometry": {"type": "Point", "coordinates": [392639.2, 5668003.8]}}, {"type": "Feature", "properties": {"h": 11.4, "r": 1.5}, "geometry": {"type": "Point", "coordinates": [393691.2, 5669140.2]}}, {"type": "Feature", "properties": {"h": 9.9, "r": 1.8}, "geometry": {"type": "Point", "coordinates": [392563.2, 5668817.2]}}, {"type": "Feature", "properties": {"h": 12.3, "r": 1.8}, "geometry": {"type": "Point", "coordinates": [393403.8, 5668274.8]}}, {"type": "Feature", "properties": {"h": 10.9, "r": 1.5}, "geometry": {"type": "Point", "coordinates": [393686.2, 5669268.2]}}, {"type": "Feature", "properties": {"h": 13.9, "r": 1.0}, "geometry": {"type": "Point", "coordinates": [392393.8, 5668335.8]}}, {"type": "Feature", "properties": {"h": 9.3, "r": 2.5}, "geometry": {"type": "Point", "coordinates": [393923.8, 5668650.2]}}, {"type": "Feature", "properties": {"h": 10.5, "r": 1.0}, "geometry": {"type": "Point", "coordinates": [393411.2, 5668594.8]}}, {"type": "Feature", "properties": {"h": 10.5, "r": 1.6}, "geometry": {"type": "Point", "coordinates": [393961.2, 5668226.8]}}, {"type": "Feature", "properties": {"h": 10.1, "r": 1.5}, "geometry": {"type": "Point", "coordinates": [392165.8, 5669163.8]}}, {"type": "Feature", "properties": {"h": 10.4, "r": 1.8}, "geometry": {"type": "Point", "coordinates": [393590.8, 5669248.2]}}, {"type": "Feature", "properties": {"h": 10.5, "r": 2.0}, "geometry": {"type": "Point", "coordinates": [392872.2, 5669610.2]}}, {"type": "Feature", "properties": {"h": 10.8, "r": 1.8}, "geometry": {"type": "Point", "coordinates": [393625.2, 5669183.8]}}, {"type": "Feature", "properties": {"h": 11.1, "r": 1.0}, "geometry": {"type": "Point", "coordinates": [393425.8, 5668105.8]}}, {"type": "Feature", "properties": {"h": 9.3, "r": 2.5}, "geometry": {"type": "Point", "coordinates": [392997.2, 5669754.8]}}, {"type": "Feature", "properties": {"h": 11.7, "r": 1.0}, "geometry": {"type": "Point", "coordinates": [393294.8, 5668511.8]}}, {"type": "Feature", "properties": {"h": 9.0, "r": 2.5}, "geometry": {"type": "Point", "coordinates": [393826.8, 5668788.8]}}, {"type": "Feature", "properties": {"h": 10.4, "r": 1.6}, "geometry": {"type": "Point", "coordinates": [392160.8, 5668550.2]}}, {"type": "Feature", "properties": {"h": 9.4, "r": 1.8}, "geometry": {"type": "Point", "coordinates": [392873.8, 5669591.2]}}, {"type": "Feature", "properties": {"h": 10.1, "r": 1.6}, "geometry": {"type": "Point", "coordinates": [392804.8, 5669180.8]}}, {"type": "Feature", "properties": {"h": 9.4, "r": 3.0}, "geometry": {"type": "Point", "coordinates": [392279.8, 5669241.2]}}, {"type": "Feature", "properties": {"h": 9.9, "r": 1.5}, "geometry": {"type": "Point", "coordinates": [393572.8, 5668312.2]}}, {"type": "Feature", "properties": {"h": 9.8, "r": 1.8}, "geometry": {"type": "Point", "coordinates": [392650.8, 5669542.2]}}, {"type": "Feature", "properties": {"h": 9.2, "r": 1.8}, "geometry": {"type": "Point", "coordinates": [392698.2, 5668057.8]}}, {"type": "Feature", "properties": {"h": 10.1, "r": 2.5}, "geometry": {"type": "Point", "coordinates": [393539.2, 5668447.8]}}, {"type": "Feature", "properties": {"h": 12.2, "r": 1.4}, "geometry": {"type": "Point", "coordinates": [393411.2, 5669039.8]}}, {"type": "Feature", "properties": {"h": 10.0, "r": 2.1}, "geometry": {"type": "Point", "coordinates": [392797.8, 5668817.8]}}, {"type": "Feature", "properties": {"h": 10.2, "r": 2.5}, "geometry": {"type": "Point", "coordinates": [392708.8, 5669495.2]}}, {"type": "Feature", "properties": {"h": 9.7, "r": 2.8}, "geometry": {"type": "Point", "coordinates": [393534.2, 5669615.2]}}, {"type": "Feature", "properties": {"h": 9.3, "r": 1.6}, "geometry": {"type": "Point", "coordinates": [392128.2, 5669130.2]}}, {"type": "Feature", "properties": {"h": 9.5, "r": 1.5}, "geometry": {"type": "Point", "coordinates": [392694.2, 5669299.8]}}, {"type": "Feature", "properties": {"h": 12.2, "r": 1.5}, "geometry": {"type": "Point", "coordinates": [393661.8, 5669832.2]}}, {"type": "Feature", "properties": {"h": 11.1, "r": 1.8}, "geometry": {"type": "Point", "coordinates": [392650.8, 5668884.8]}}, {"type": "Feature", "properties": {"h": 10.2, "r": 2.1}, "geometry": {"type": "Point", "coordinates": [393448.8, 5668452.8]}}, {"type": "Feature", "properties": {"h": 9.3, "r": 3.2}, "geometry": {"type": "Point", "coordinates": [392097.8, 5669316.2]}}, {"type": "Feature", "properties": {"h": 10.6, "r": 1.0}, "geometry": {"type": "Point", "coordinates": [392314.8, 5668060.8]}}, {"type": "Feature", "properties": {"h": 9.9, "r": 1.5}, "geometry": {"type": "Point", "coordinates": [392179.8, 5668059.2]}}, {"type": "Feature", "properties": {"h": 10.7, "r": 2.5}, "geometry": {"type": "Point", "coordinates": [393520.2, 5668855.8]}}, {"type": "Feature", "properties": {"h": 9.9, "r": 1.6}, "geometry": {"type": "Point", "coordinates": [392496.2, 5668543.8]}}, {"type": "Feature", "properties": {"h": 10.2, "r": 2.0}, "geometry": {"type": "Point", "coordinates": [392210.8, 5668449.8]}}, {"type": "Feature", "properties": {"h": 10.4, "r": 2.2}, "geometry": {"type": "Point", "coordinates": [392503.8, 5668306.2]}}, {"type": "Feature", "properties": {"h": 9.9, "r": 2.9}, "geometry": {"type": "Point", "coordinates": [392852.2, 5669605.2]}}, {"type": "Feature", "properties": {"h": 10.5, "r": 1.8}, "geometry": {"type": "Point", "coordinates": [393059.8, 5669612.8]}}, {"type": "Feature", "properties": {"h": 10.8, "r": 3.0}, "geometry": {"type": "Point", "coordinates": [393101.8, 5669821.8]}}, {"type": "Feature", "properties": {"h": 11.0, "r": 1.6}, "geometry": {"type": "Point", "coordinates": [393063.8, 5669875.2]}}, {"type": "Feature", "properties": {"h": 9.9, "r": 2.0}, "geometry": {"type": "Point", "coordinates": [392178.8, 5668052.8]}}, {"type": "Feature", "properties": {"h": 10.4, "r": 1.8}, "geometry": {"type": "Point", "coordinates": [393923.8, 5669202.8]}}, {"type": "Feature", "properties": {"h": 10.2, "r": 1.1}, "geometry": {"type": "Point", "coordinates": [392834.2, 5669446.2]}}, {"type": "Feature", "properties": {"h": 10.2, "r": 3.0}, "geometry": {"type": "Point", "coordinates": [392790.2, 5668972.2]}}, {"type": "Feature", "properties": {"h": 8.4, "r": 2.2}, "geometry": {"type": "Point", "coordinates": [393593.8, 5668264.8]}}, {"type": "Feature", "properties": {"h": 9.9, "r": 2.2}, "geometry": {"type": "Point", "coordinates": [393998.2, 5668579.2]}}, {"type": "Feature", "properties": {"h": 10.1, "r": 2.2}, "geometry": {"type": "Point", "coordinates": [392138.2, 5669258.8]}}, {"type": "Feature", "properties": {"h": 10.6, "r": 1.1}, "geometry": {"type": "Point", "coordinates": [393179.8, 5668265.2]}}, {"type": "Feature", "properties": {"h": 13.4, "r": 1.0}, "geometry": {"type": "Point", "coordinates": [392716.2, 5669860.2]}}, {"type": "Feature", "properties": {"h": 10.7, "r": 2.0}, "geometry": {"type": "Point", "coordinates": [392643.8, 5669474.2]}}, {"type": "Feature", "properties": {"h": 10.8, "r": 1.0}, "geometry": {"type": "Point", "coordinates": [393317.8, 5668043.2]}}, {"type": "Feature", "properties": {"h": 11.4, "r": 1.0}, "geometry": {"type": "Point", "coordinates": [393401.2, 5668608.8]}}, {"type": "Feature", "properties": {"h": 10.0, "r": 2.0}, "geometry": {"type": "Point", "coordinates": [393513.2, 5669371.2]}}, {"type": "Feature", "properties": {"h": 10.6, "r": 1.8}, "geometry": {"type": "Point", "coordinates": [393022.8, 5669920.8]}}, {"type": "Feature", "properties": {"h": 10.2, "r": 1.1}, "geometry": {"type": "Point", "coordinates": [393362.8, 5668432.8]}}, {"type": "Feature", "properties": {"h": 9.3, "r": 2.9}, "geometry": {"type": "Point", "coordinates": [392691.2, 5668162.2]}}, {"type": "Feature", "properties": {"h": 11.7, "r": 1.6}, "geometry": {"type": "Point", "coordinates": [392852.2, 5668013.8]}}, {"type": "Feature", "properties": {"h": 9.8, "r": 1.8}, "geometry": {"type": "Point", "coordinates": [393143.8, 5668055.2]}}, {"type": "Feature", "properties": {"h": 9.1, "r": 1.5}, "geometry": {"type": "Point", "coordinates": [393955.2, 5668910.2]}}, {"type": "Feature", "properties": {"h": 13.1, "r": 1.0}, "geometry": {"type": "Point", "coordinates": [393814.8, 5669629.8]}}, {"type": "Feature", "properties": {"h": 11.3, "r": 1.1}, "geometry": {"type": "Point", "coordinates": [392322.2, 5668891.8]}}, {"type": "Feature", "properties": {"h": 10.1, "r": 2.1}, "geometry": {"type": "Point", "coordinates": [392226.2, 5669065.8]}}, {"type": "Feature", "properties": {"h": 9.5, "r": 2.8}, "geometry": {"type": "Point", "coordinates": [392687.8, 5668276.2]}}, {"type": "Feature", "properties": {"h": 10.6, "r": 2.0}, "geometry": {"type": "Point", "coordinates": [392142.2, 5668792.2]}}, {"type": "Feature", "properties": {"h": 9.1, "r": 3.6}, "geometry": {"type": "Point", "coordinates": [392256.8, 5668504.8]}}, {"type": "Feature", "properties": {"h": 11.1, "r": 1.4}, "geometry": {"type": "Point", "coordinates": [393778.8, 5669216.2]}}, {"type": "Feature", "properties": {"h": 11.2, "r": 1.6}, "geometry": {"type": "Point", "coordinates": [392423.2, 5668318.2]}}, {"type": "Feature", "properties": {"h": 10.1, "r": 3.2}, "geometry": {"type": "Point", "coordinates": [393206.8, 5668492.2]}}, {"type": "Feature", "properties": {"h": 11.5, "r": 1.4}, "geometry": {"type": "Point", "coordinates": [392643.8, 5668010.2]}}, {"type": "Feature", "properties": {"h": 11.3, "r": 2.5}, "geometry": {"type": "Point", "coordinates": [392415.8, 5668032.2]}}, {"type": "Feature", "properties": {"h": 10.6, "r": 1.8}, "geometry": {"type": "Point", "coordinates": [392642.2, 5669232.8]}}, {"type": "Feature", "properties": {"h": 9.8, "r": 2.5}, "geometry": {"type": "Point", "coordinates": [392289.8, 5668886.8]}}, {"type": "Feature", "properties": {"h": 12.9, "r": 1.0}, "geometry": {"type": "Point", "coordinates": [393425.2, 5668559.2]}}, {"type": "Feature", "properties": {"h": 9.3, "r": 2.2}, "geometry": {"type": "Point", "coordinates": [392095.8, 5668067.8]}}, {"type": "Feature", "properties": {"h": 9.0, "r": 1.5}, "geometry": {"type": "Point", "coordinates": [392061.8, 5668203.8]}}, {"type": "Feature", "properties": {"h": 9.9, "r": 2.7}, "geometry": {"type": "Point", "coordinates": [393027.8, 5668136.2]}}, {"type": "Feature", "properties": {"h": 9.9, "r": 1.6}, "geometry": {"type": "Point", "coordinates": [392106.2, 5668054.8]}}, {"type": "Feature", "properties": {"h": 11.6, "r": 1.4}, "geometry": {"type": "Point", "coordinates": [393464.2, 5668874.8]}}, {"type": "Feature", "properties": {"h": 10.8, "r": 3.5}, "geometry": {"type": "Point", "coordinates": [392792.8, 5669443.8]}}, {"type": "Feature", "properties": {"h": 11.0, "r": 1.1}, "geometry": {"type": "Point", "coordinates": [392045.2, 5668346.2]}}, {"type": "Feature", "properties": {"h": 10.2, "r": 2.0}, "geometry": {"type": "Point", "coordinates": [393464.2, 5668419.2]}}, {"type": "Feature", "properties": {"h": 10.9, "r": 1.0}, "geometry": {"type": "Point", "coordinates": [393634.2, 5669174.8]}}, {"type": "Feature", "properties": {"h": 11.5, "r": 1.0}, "geometry": {"type": "Point", "coordinates": [393870.8, 5669248.8]}}, {"type": "Feature", "properties": {"h": 9.3, "r": 1.4}, "geometry": {"type": "Point", "coordinates": [392292.8, 5668514.8]}}, {"type": "Feature", "properties": {"h": 11.9, "r": 1.4}, "geometry": {"type": "Point", "coordinates": [392498.2, 5669139.8]}}, {"type": "Feature", "properties": {"h": 10.1, "r": 1.6}, "geometry": {"type": "Point", "coordinates": [392874.2, 5669813.2]}}, {"type": "Feature", "properties": {"h": 10.7, "r": 1.6}, "geometry": {"type": "Point", "coordinates": [393230.8, 5669514.8]}}, {"type": "Feature", "properties": {"h": 12.0, "r": 1.1}, "geometry": {"type": "Point", "coordinates": [392874.8, 5668283.2]}}, {"type": "Feature", "properties": {"h": 10.6, "r": 1.0}, "geometry": {"type": "Point", "coordinates": [392137.2, 5668438.8]}}, {"type": "Feature", "properties": {"h": 10.7, "r": 1.5}, "geometry": {"type": "Point", "coordinates": [393446.2, 5668339.8]}}, {"type": "Feature", "properties": {"h": 9.3, "r": 2.1}, "geometry": {"type": "Point", "coordinates": [392493.2, 5668266.2]}}, {"type": "Feature", "properties": {"h": 10.0, "r": 1.1}, "geometry": {"type": "Point", "coordinates": [392191.8, 5668715.8]}}, {"type": "Feature", "properties": {"h": 9.6, "r": 2.1}, "geometry": {"type": "Point", "coordinates": [392669.8, 5669021.2]}}, {"type": "Feature", "properties": {"h": 9.7, "r": 2.0}, "geometry": {"type": "Point", "coordinates": [392121.2, 5668706.8]}}, {"type": "Feature", "properties": {"h": 11.0, "r": 1.6}, "geometry": {"type": "Point", "coordinates": [392003.8, 5668473.2]}}, {"type": "Feature", "properties": {"h": 9.8, "r": 2.9}, "geometry": {"type": "Point", "coordinates": [393655.8, 5669735.8]}}, {"type": "Feature", "properties": {"h": 9.2, "r": 2.1}, "geometry": {"type": "Point", "coordinates": [392847.2, 5669460.2]}}, {"type": "Feature", "properties": {"h": 9.6, "r": 2.0}, "geometry": {"type": "Point", "coordinates": [393700.8, 5669273.8]}}, {"type": "Feature", "properties": {"h": 9.7, "r": 1.4}, "geometry": {"type": "Point", "coordinates": [392302.8, 5668803.8]}}, {"type": "Feature", "properties": {"h": 11.3, "r": 1.0}, "geometry": {"type": "Point", "coordinates": [392240.2, 5669335.8]}}, {"type": "Feature", "properties": {"h": 10.3, "r": 2.1}, "geometry": {"type": "Point", "coordinates": [393567.8, 5669537.2]}}, {"type": "Feature", "properties": {"h": 10.2, "r": 2.7}, "geometry": {"type": "Point", "coordinates": [392141.8, 5668458.8]}}, {"type": "Feature", "properties": {"h": 9.9, "r": 1.8}, "geometry": {"type": "Point", "coordinates": [393686.8, 5669141.2]}}, {"type": "Feature", "properties": {"h": 11.0, "r": 1.8}, "geometry": {"type": "Point", "coordinates": [392446.8, 5668132.8]}}, {"type": "Feature", "properties": {"h": 9.8, "r": 2.1}, "geometry": {"type": "Point", "coordinates": [392376.2, 5669823.8]}}, {"type": "Feature", "properties": {"h": 10.0, "r": 2.9}, "geometry": {"type": "Point", "coordinates": [393675.8, 5669892.2]}}, {"type": "Feature", "properties": {"h": 10.0, "r": 1.6}, "geometry": {"type": "Point", "coordinates": [393307.8, 5668394.2]}}, {"type": "Feature", "properties": {"h": 10.4, "r": 1.8}, "geometry": {"type": "Point", "coordinates": [392590.2, 5669922.2]}}, {"type": "Feature", "properties": {"h": 13.1, "r": 1.1}, "geometry": {"type": "Point", "coordinates": [393727.2, 5668984.2]}}, {"type": "Feature", "properties": {"h": 9.0, "r": 2.1}, "geometry": {"type": "Point", "coordinates": [393586.2, 5669904.8]}}, {"type": "Feature", "properties": {"h": 10.9, "r": 1.4}, "geometry": {"type": "Point", "coordinates": [392219.2, 5669455.2]}}, {"type": "Feature", "properties": {"h": 10.0, "r": 2.1}, "geometry": {"type": "Point", "coordinates": [392138.8, 5668831.2]}}, {"type": "Feature", "properties": {"h": 9.6, "r": 2.5}, "geometry": {"type": "Point", "coordinates": [393946.2, 5668284.8]}}, {"type": "Feature", "properties": {"h": 9.3, "r": 2.9}, "geometry": {"type": "Point", "coordinates": [393218.2, 5668490.8]}}, {"type": "Feature", "properties": {"h": 11.6, "r": 1.0}, "geometry": {"type": "Point", "coordinates": [392776.8, 5668813.8]}}, {"type": "Feature", "properties": {"h": 9.7, "r": 3.5}, "geometry": {"type": "Point", "coordinates": [392207.8, 5669162.8]}}, {"type": "Feature", "properties": {"h": 10.8, "r": 2.5}, "geometry": {"type": "Point", "coordinates": [392235.8, 5669174.2]}}, {"type": "Feature", "properties": {"h": 11.5, "r": 1.8}, "geometry": {"type": "Point", "coordinates": [393206.2, 5668219.2]}}, {"type": "Feature", "properties": {"h": 10.5, "r": 2.7}, "geometry": {"type": "Point", "coordinates": [392364.8, 5669001.8]}}, {"type": "Feature", "properties": {"h": 10.4, "r": 2.1}, "geometry": {"type": "Point", "coordinates": [392396.8, 5668536.2]}}, {"type": "Feature", "properties": {"h": 10.0, "r": 2.5}, "geometry": {"type": "Point", "coordinates": [392932.8, 5669883.2]}}, {"type": "Feature", "properties": {"h": 9.5, "r": 2.1}, "geometry": {"type": "Point", "coordinates": [393987.2, 5669175.8]}}, {"type": "Feature", "properties": {"h": 10.8, "r": 1.1}, "geometry": {"type": "Point", "coordinates": [392194.2, 5668209.8]}}, {"type": "Feature", "properties": {"h": 10.0, "r": 3.4}, "geometry": {"type": "Point", "coordinates": [392959.2, 5669560.2]}}, {"type": "Feature", "properties": {"h": 9.5, "r": 2.5}, "geometry": {"type": "Point", "coordinates": [393595.8, 5668167.8]}}, {"type": "Feature", "properties": {"h": 10.3, "r": 1.8}, "geometry": {"type": "Point", "coordinates": [393149.8, 5668226.8]}}, {"type": "Feature", "properties": {"h": 9.8, "r": 1.8}, "geometry": {"type": "Point", "coordinates": [392147.8, 5668800.2]}}, {"type": "Feature", "properties": {"h": 9.3, "r": 2.1}, "geometry": {"type": "Point", "coordinates": [393882.2, 5668546.2]}}, {"type": "Feature", "properties": {"h": 8.2, "r": 2.2}, "geometry": {"type": "Point", "coordinates": [392259.2, 5668103.2]}}, {"type": "Feature", "properties": {"h": 10.1, "r": 1.4}, "geometry": {"type": "Point", "coordinates": [392876.8, 5669033.2]}}, {"type": "Feature", "properties": {"h": 9.7, "r": 1.8}, "geometry": {"type": "Point", "coordinates": [393882.2, 5668608.8]}}, {"type": "Feature", "properties": {"h": 9.3, "r": 2.5}, "geometry": {"type": "Point", "coordinates": [393799.2, 5669016.8]}}, {"type": "Feature", "properties": {"h": 9.8, "r": 1.4}, "geometry": {"type": "Point", "coordinates": [393494.2, 5669786.8]}}, {"type": "Feature", "properties": {"h": 10.5, "r": 1.8}, "geometry": {"type": "Point", "coordinates": [392607.8, 5669326.2]}}, {"type": "Feature", "properties": {"h": 11.0, "r": 1.0}, "geometry": {"type": "Point", "coordinates": [392234.8, 5669425.8]}}, {"type": "Feature", "properties": {"h": 9.5, "r": 2.5}, "geometry": {"type": "Point", "coordinates": [392298.8, 5668874.8]}}, {"type": "Feature", "properties": {"h": 10.4, "r": 1.8}, "geometry": {"type": "Point", "coordinates": [393980.8, 5669364.2]}}, {"type": "Feature", "properties": {"h": 11.0, "r": 1.6}, "geometry": {"type": "Point", "coordinates": [392468.2, 5668367.8]}}, {"type": "Feature", "properties": {"h": 10.0, "r": 1.8}, "geometry": {"type": "Point", "coordinates": [393532.2, 5668759.8]}}, {"type": "Feature", "properties": {"h": 10.5, "r": 1.1}, "geometry": {"type": "Point", "coordinates": [393201.8, 5668725.2]}}, {"type": "Feature", "properties": {"h": 10.2, "r": 1.1}, "geometry": {"type": "Point", "coordinates": [392506.2, 5668313.8]}}, {"type": "Feature", "properties": {"h": 9.2, "r": 2.7}, "geometry": {"type": "Point", "coordinates": [392283.8, 5668831.2]}}, {"type": "Feature", "properties": {"h": 11.7, "r": 1.0}, "geometry": {"type": "Point", "coordinates": [393514.2, 5668835.8]}}, {"type": "Feature", "properties": {"h": 8.5, "r": 1.8}, "geometry": {"type": "Point", "coordinates": [393316.8, 5668705.8]}}, {"type": "Feature", "properties": {"h": 10.1, "r": 2.2}, "geometry": {"type": "Point", "coordinates": [392932.2, 5669869.2]}}, {"type": "Feature", "properties": {"h": 10.9, "r": 1.0}, "geometry": {"type": "Point", "coordinates": [393644.2, 5669297.8]}}, {"type": "Feature", "properties": {"h": 10.3, "r": 1.6}, "geometry": {"type": "Point", "coordinates": [393473.2, 5668420.8]}}, {"type": "Feature", "properties": {"h": 10.3, "r": 1.6}, "geometry": {"type": "Point", "coordinates": [392743.2, 5668049.2]}}, {"type": "Feature", "properties": {"h": 8.2, "r": 1.8}, "geometry": {"type": "Point", "coordinates": [393884.8, 5669641.2]}}, {"type": "Feature", "properties": {"h": 10.2, "r": 2.5}, "geometry": {"type": "Point", "coordinates": [392180.8, 5669868.8]}}, {"type": "Feature", "properties": {"h": 12.5, "r": 1.0}, "geometry": {"type": "Point", "coordinates": [393404.2, 5668613.2]}}, {"type": "Feature", "properties": {"h": 10.8, "r": 1.5}, "geometry": {"type": "Point", "coordinates": [392249.8, 5668580.2]}}, {"type": "Feature", "properties": {"h": 9.2, "r": 2.7}, "geometry": {"type": "Point", "coordinates": [393679.2, 5669766.8]}}, {"type": "Feature", "properties": {"h": 9.4, "r": 2.1}, "geometry": {"type": "Point", "coordinates": [393853.8, 5669434.8]}}, {"type": "Feature", "properties": {"h": 10.8, "r": 2.1}, "geometry": {"type": "Point", "coordinates": [392191.8, 5668144.2]}}, {"type": "Feature", "properties": {"h": 8.9, "r": 1.4}, "geometry": {"type": "Point", "coordinates": [393313.8, 5668741.2]}}, {"type": "Feature", "properties": {"h": 9.6, "r": 2.2}, "geometry": {"type": "Point", "coordinates": [392870.2, 5668264.2]}}, {"type": "Feature", "properties": {"h": 9.4, "r": 1.5}, "geometry": {"type": "Point", "coordinates": [393111.2, 5669706.8]}}, {"type": "Feature", "properties": {"h": 9.4, "r": 2.1}, "geometry": {"type": "Point", "coordinates": [393484.8, 5668032.8]}}, {"type": "Feature", "properties": {"h": 9.4, "r": 2.0}, "geometry": {"type": "Point", "coordinates": [393755.2, 5669585.2]}}, {"type": "Feature", "properties": {"h": 10.8, "r": 1.0}, "geometry": {"type": "Point", "coordinates": [392749.2, 5668859.2]}}, {"type": "Feature", "properties": {"h": 9.9, "r": 1.5}, "geometry": {"type": "Point", "coordinates": [393780.8, 5669261.8]}}, {"type": "Feature", "properties": {"h": 9.8, "r": 2.0}, "geometry": {"type": "Point", "coordinates": [392149.2, 5668074.8]}}, {"type": "Feature", "properties": {"h": 10.2, "r": 2.5}, "geometry": {"type": "Point", "coordinates": [393206.2, 5668406.8]}}, {"type": "Feature", "properties": {"h": 12.0, "r": 1.0}, "geometry": {"type": "Point", "coordinates": [392088.8, 5668456.8]}}, {"type": "Feature", "properties": {"h": 9.0, "r": 1.8}, "geometry": {"type": "Point", "coordinates": [392190.8, 5668540.2]}}, {"type": "Feature", "properties": {"h": 9.7, "r": 1.8}, "geometry": {"type": "Point", "coordinates": [392802.2, 5668931.8]}}, {"type": "Feature", "properties": {"h": 11.0, "r": 1.1}, "geometry": {"type": "Point", "coordinates": [392869.2, 5668849.8]}}, {"type": "Feature", "properties": {"h": 9.7, "r": 1.5}, "geometry": {"type": "Point", "coordinates": [393992.8, 5668596.8]}}, {"type": "Feature", "properties": {"h": 9.2, "r": 1.1}, "geometry": {"type": "Point", "coordinates": [393489.8, 5669420.8]}}, {"type": "Feature", "properties": {"h": 9.5, "r": 2.5}, "geometry": {"type": "Point", "coordinates": [393133.8, 5668038.2]}}, {"type": "Feature", "properties": {"h": 9.5, "r": 1.5}, "geometry": {"type": "Point", "coordinates": [392094.2, 5668072.8]}}, {"type": "Feature", "properties": {"h": 9.4, "r": 2.5}, "geometry": {"type": "Point", "coordinates": [393092.8, 5669689.2]}}, {"type": "Feature", "properties": {"h": 9.7, "r": 1.6}, "geometry": {"type": "Point", "coordinates": [392666.8, 5669067.2]}}, {"type": "Feature", "properties": {"h": 9.4, "r": 2.1}, "geometry": {"type": "Point", "coordinates": [392052.2, 5668930.8]}}, {"type": "Feature", "properties": {"h": 9.2, "r": 2.5}, "geometry": {"type": "Point", "coordinates": [393920.2, 5668336.2]}}, {"type": "Feature", "properties": {"h": 10.3, "r": 2.1}, "geometry": {"type": "Point", "coordinates": [392633.2, 5669381.8]}}, {"type": "Feature", "properties": {"h": 9.4, "r": 2.5}, "geometry": {"type": "Point", "coordinates": [392220.2, 5668067.2]}}, {"type": "Feature", "properties": {"h": 8.8, "r": 2.9}, "geometry": {"type": "Point", "coordinates": [393345.8, 5668949.2]}}, {"type": "Feature", "properties": {"h": 9.2, "r": 2.2}, "geometry": {"type": "Point", "coordinates": [393755.8, 5669950.2]}}, {"type": "Feature", "properties": {"h": 9.2, "r": 1.5}, "geometry": {"type": "Point", "coordinates": [392113.2, 5669018.8]}}, {"type": "Feature", "properties": {"h": 11.5, "r": 1.6}, "geometry": {"type": "Point", "coordinates": [392188.2, 5668204.2]}}, {"type": "Feature", "properties": {"h": 9.2, "r": 2.5}, "geometry": {"type": "Point", "coordinates": [392650.8, 5668122.2]}}, {"type": "Feature", "properties": {"h": 9.4, "r": 1.6}, "geometry": {"type": "Point", "coordinates": [393411.2, 5668779.8]}}, {"type": "Feature", "properties": {"h": 9.8, "r": 2.0}, "geometry": {"type": "Point", "coordinates": [392490.8, 5669695.2]}}, {"type": "Feature", "properties": {"h": 10.0, "r": 1.5}, "geometry": {"type": "Point", "coordinates": [392746.8, 5669562.2]}}, {"type": "Feature", "properties": {"h": 8.8, "r": 4.0}, "geometry": {"type": "Point", "coordinates": [393048.2, 5669500.2]}}, {"type": "Feature", "properties": {"h": 9.9, "r": 2.5}, "geometry": {"type": "Point", "coordinates": [393728.2, 5669172.8]}}, {"type": "Feature", "properties": {"h": 9.4, "r": 2.0}, "geometry": {"type": "Point", "coordinates": [393203.2, 5669667.2]}}, {"type": "Feature", "properties": {"h": 9.8, "r": 2.2}, "geometry": {"type": "Point", "coordinates": [392666.8, 5669033.8]}}, {"type": "Feature", "properties": {"h": 8.8, "r": 1.4}, "geometry": {"type": "Point", "coordinates": [393856.8, 5669443.8]}}, {"type": "Feature", "properties": {"h": 11.0, "r": 1.4}, "geometry": {"type": "Point", "coordinates": [392955.2, 5669025.8]}}, {"type": "Feature", "properties": {"h": 9.5, "r": 2.5}, "geometry": {"type": "Point", "coordinates": [393750.8, 5669606.2]}}, {"type": "Feature", "properties": {"h": 9.7, "r": 3.2}, "geometry": {"type": "Point", "coordinates": [393514.2, 5668858.8]}}, {"type": "Feature", "properties": {"h": 10.0, "r": 1.4}, "geometry": {"type": "Point", "coordinates": [392023.2, 5668088.8]}}, {"type": "Feature", "properties": {"h": 8.9, "r": 1.6}, "geometry": {"type": "Point", "coordinates": [393223.8, 5668257.2]}}, {"type": "Feature", "properties": {"h": 9.3, "r": 1.6}, "geometry": {"type": "Point", "coordinates": [393322.8, 5668624.2]}}, {"type": "Feature", "properties": {"h": 11.1, "r": 1.8}, "geometry": {"type": "Point", "coordinates": [392710.2, 5669175.2]}}, {"type": "Feature", "properties": {"h": 9.1, "r": 3.4}, "geometry": {"type": "Point", "coordinates": [393173.2, 5668111.8]}}, {"type": "Feature", "properties": {"h": 10.4, "r": 1.5}, "geometry": {"type": "Point", "coordinates": [393159.8, 5668216.2]}}, {"type": "Feature", "properties": {"h": 9.5, "r": 1.5}, "geometry": {"type": "Point", "coordinates": [392781.2, 5668792.2]}}, {"type": "Feature", "properties": {"h": 10.8, "r": 1.0}, "geometry": {"type": "Point", "coordinates": [393854.8, 5669281.8]}}, {"type": "Feature", "properties": {"h": 24.3, "r": 1.0}, "geometry": {"type": "Point", "coordinates": [393710.2, 5668956.8]}}, {"type": "Feature", "properties": {"h": 10.0, "r": 3.0}, "geometry": {"type": "Point", "coordinates": [393311.8, 5668382.8]}}, {"type": "Feature", "properties": {"h": 9.6, "r": 2.1}, "geometry": {"type": "Point", "coordinates": [393570.8, 5669913.2]}}, {"type": "Feature", "properties": {"h": 9.7, "r": 2.1}, "geometry": {"type": "Point", "coordinates": [393619.2, 5669383.8]}}, {"type": "Feature", "properties": {"h": 9.7, "r": 1.0}, "geometry": {"type": "Point", "coordinates": [392121.2, 5669274.8]}}, {"type": "Feature", "properties": {"h": 9.3, "r": 1.5}, "geometry": {"type": "Point", "coordinates": [393888.2, 5668547.2]}}, {"type": "Feature", "properties": {"h": 8.6, "r": 1.8}, "geometry": {"type": "Point", "coordinates": [392196.8, 5668520.2]}}, {"type": "Feature", "properties": {"h": 10.2, "r": 1.8}, "geometry": {"type": "Point", "coordinates": [393228.8, 5669025.8]}}, {"type": "Feature", "properties": {"h": 9.4, "r": 2.5}, "geometry": {"type": "Point", "coordinates": [392416.2, 5669350.8]}}, {"type": "Feature", "properties": {"h": 8.3, "r": 2.5}, "geometry": {"type": "Point", "coordinates": [393696.2, 5669267.2]}}, {"type": "Feature", "properties": {"h": 10.1, "r": 1.8}, "geometry": {"type": "Point", "coordinates": [392964.2, 5669156.8]}}, {"type": "Feature", "properties": {"h": 11.6, "r": 1.1}, "geometry": {"type": "Point", "coordinates": [392058.2, 5668903.8]}}, {"type": "Feature", "properties": {"h": 10.7, "r": 1.0}, "geometry": {"type": "Point", "coordinates": [392049.8, 5668862.2]}}, {"type": "Feature", "properties": {"h": 9.3, "r": 2.5}, "geometry": {"type": "Point", "coordinates": [392476.8, 5668028.8]}}, {"type": "Feature", "properties": {"h": 9.6, "r": 2.5}, "geometry": {"type": "Point", "coordinates": [393383.8, 5668676.8]}}, {"type": "Feature", "properties": {"h": 10.2, "r": 1.8}, "geometry": {"type": "Point", "coordinates": [393642.8, 5669373.2]}}, {"type": "Feature", "properties": {"h": 9.6, "r": 2.8}, "geometry": {"type": "Point", "coordinates": [393639.2, 5669448.2]}}, {"type": "Feature", "properties": {"h": 10.1, "r": 2.5}, "geometry": {"type": "Point", "coordinates": [393283.2, 5668342.2]}}, {"type": "Feature", "properties": {"h": 9.4, "r": 2.0}, "geometry": {"type": "Point", "coordinates": [393019.2, 5668134.8]}}, {"type": "Feature", "properties": {"h": 9.7, "r": 3.0}, "geometry": {"type": "Point", "coordinates": [393698.2, 5669755.2]}}, {"type": "Feature", "properties": {"h": 9.3, "r": 2.1}, "geometry": {"type": "Point", "coordinates": [392490.2, 5669148.2]}}, {"type": "Feature", "properties": {"h": 9.5, "r": 2.0}, "geometry": {"type": "Point", "coordinates": [393888.8, 5669478.2]}}, {"type": "Feature", "properties": {"h": 9.3, "r": 1.8}, "geometry": {"type": "Point", "coordinates": [393554.8, 5669924.2]}}, {"type": "Feature", "properties": {"h": 9.4, "r": 2.5}, "geometry": {"type": "Point", "coordinates": [393061.2, 5669864.2]}}, {"type": "Feature", "properties": {"h": 8.3, "r": 2.1}, "geometry": {"type": "Point", "coordinates": [392115.8, 5668864.2]}}, {"type": "Feature", "properties": {"h": 9.2, "r": 2.5}, "geometry": {"type": "Point", "coordinates": [393842.8, 5668214.8]}}, {"type": "Feature", "properties": {"h": 9.0, "r": 1.8}, "geometry": {"type": "Point", "coordinates": [392988.8, 5669184.2]}}, {"type": "Feature", "properties": {"h": 9.7, "r": 1.5}, "geometry": {"type": "Point", "coordinates": [393793.8, 5668895.8]}}, {"type": "Feature", "properties": {"h": 7.7, "r": 1.4}, "geometry": {"type": "Point", "coordinates": [393586.2, 5669258.2]}}, {"type": "Feature", "properties": {"h": 9.9, "r": 1.4}, "geometry": {"type": "Point", "coordinates": [393358.2, 5668340.8]}}, {"type": "Feature", "properties": {"h": 9.6, "r": 1.6}, "geometry": {"type": "Point", "coordinates": [393520.8, 5669370.8]}}, {"type": "Feature", "properties": {"h": 9.4, "r": 2.2}, "geometry": {"type": "Point", "coordinates": [392144.8, 5669287.2]}}, {"type": "Feature", "properties": {"h": 8.6, "r": 2.5}, "geometry": {"type": "Point", "coordinates": [393601.2, 5669895.2]}}, {"type": "Feature", "properties": {"h": 10.3, "r": 1.0}, "geometry": {"type": "Point", "coordinates": [392898.8, 5669028.8]}}, {"type": "Feature", "properties": {"h": 10.2, "r": 2.5}, "geometry": {"type": "Point", "coordinates": [392961.2, 5669922.2]}}, {"type": "Feature", "properties": {"h": 9.3, "r": 1.8}, "geometry": {"type": "Point", "coordinates": [393466.8, 5668423.2]}}, {"type": "Feature", "properties": {"h": 9.1, "r": 1.8}, "geometry": {"type": "Point", "coordinates": [393420.2, 5668206.8]}}, {"type": "Feature", "properties": {"h": 13.7, "r": 1.0}, "geometry": {"type": "Point", "coordinates": [393572.8, 5669769.8]}}, {"type": "Feature", "properties": {"h": 10.4, "r": 1.6}, "geometry": {"type": "Point", "coordinates": [392895.2, 5669137.2]}}, {"type": "Feature", "properties": {"h": 9.5, "r": 1.6}, "geometry": {"type": "Point", "coordinates": [392681.8, 5668500.8]}}, {"type": "Feature", "properties": {"h": 9.1, "r": 1.8}, "geometry": {"type": "Point", "coordinates": [392144.8, 5668705.8]}}, {"type": "Feature", "properties": {"h": 9.2, "r": 2.7}, "geometry": {"type": "Point", "coordinates": [392704.2, 5668919.2]}}, {"type": "Feature", "properties": {"h": 10.4, "r": 2.0}, "geometry": {"type": "Point", "coordinates": [392716.2, 5668811.2]}}, {"type": "Feature", "properties": {"h": 9.5, "r": 2.0}, "geometry": {"type": "Point", "coordinates": [393308.2, 5668700.2]}}, {"type": "Feature", "properties": {"h": 10.3, "r": 1.8}, "geometry": {"type": "Point", "coordinates": [392478.8, 5668173.8]}}, {"type": "Feature", "properties": {"h": 9.5, "r": 1.8}, "geometry": {"type": "Point", "coordinates": [393576.8, 5669481.8]}}, {"type": "Feature", "properties": {"h": 9.6, "r": 2.7}, "geometry": {"type": "Point", "coordinates": [392481.2, 5668204.2]}}, {"type": "Feature", "properties": {"h": 9.7, "r": 1.0}, "geometry": {"type": "Point", "coordinates": [392959.8, 5669356.2]}}, {"type": "Feature", "properties": {"h": 7.8, "r": 1.5}, "geometry": {"type": "Point", "coordinates": [393981.2, 5669272.2]}}, {"type": "Feature", "properties": {"h": 9.6, "r": 1.6}, "geometry": {"type": "Point", "coordinates": [392687.8, 5669249.2]}}, {"type": "Feature", "properties": {"h": 10.6, "r": 2.5}, "geometry": {"type": "Point", "coordinates": [392795.8, 5668972.8]}}, {"type": "Feature", "properties": {"h": 9.3, "r": 1.8}, "geometry": {"type": "Point", "coordinates": [392245.2, 5669084.2]}}, {"type": "Feature", "properties": {"h": 9.5, "r": 1.6}, "geometry": {"type": "Point", "coordinates": [393083.2, 5669273.8]}}, {"type": "Feature", "properties": {"h": 10.0, "r": 1.6}, "geometry": {"type": "Point", "coordinates": [392066.2, 5668424.2]}}, {"type": "Feature", "properties": {"h": 8.8, "r": 2.1}, "geometry": {"type": "Point", "coordinates": [393533.8, 5669561.2]}}, {"type": "Feature", "properties": {"h": 10.0, "r": 1.5}, "geometry": {"type": "Point", "coordinates": [393885.2, 5669325.8]}}, {"type": "Feature", "properties": {"h": 12.4, "r": 1.8}, "geometry": {"type": "Point", "coordinates": [392142.2, 5668645.2]}}, {"type": "Feature", "properties": {"h": 9.4, "r": 1.8}, "geometry": {"type": "Point", "coordinates": [392258.8, 5668647.2]}}, {"type": "Feature", "properties": {"h": 9.6, "r": 1.8}, "geometry": {"type": "Point", "coordinates": [393646.2, 5668029.8]}}, {"type": "Feature", "properties": {"h": 11.2, "r": 1.5}, "geometry": {"type": "Point", "coordinates": [392573.8, 5669233.8]}}, {"type": "Feature", "properties": {"h": 8.3, "r": 2.9}, "geometry": {"type": "Point", "coordinates": [392630.8, 5669194.8]}}, {"type": "Feature", "properties": {"h": 9.8, "r": 1.5}, "geometry": {"type": "Point", "coordinates": [392917.8, 5669011.8]}}, {"type": "Feature", "properties": {"h": 10.9, "r": 1.4}, "geometry": {"type": "Point", "coordinates": [393454.8, 5669555.8]}}, {"type": "Feature", "properties": {"h": 10.2, "r": 2.1}, "geometry": {"type": "Point", "coordinates": [392972.2, 5668483.2]}}, {"type": "Feature", "properties": {"h": 9.6, "r": 2.0}, "geometry": {"type": "Point", "coordinates": [392130.8, 5669308.8]}}, {"type": "Feature", "properties": {"h": 9.2, "r": 1.6}, "geometry": {"type": "Point", "coordinates": [393037.8, 5668079.8]}}, {"type": "Feature", "properties": {"h": 8.6, "r": 2.1}, "geometry": {"type": "Point", "coordinates": [392748.8, 5669576.2]}}, {"type": "Feature", "properties": {"h": 9.9, "r": 1.6}, "geometry": {"type": "Point", "coordinates": [392738.8, 5669036.8]}}, {"type": "Feature", "properties": {"h": 9.2, "r": 1.1}, "geometry": {"type": "Point", "coordinates": [392068.2, 5668207.2]}}, {"type": "Feature", "properties": {"h": 10.4, "r": 1.6}, "geometry": {"type": "Point", "coordinates": [393246.2, 5669043.2]}}, {"type": "Feature", "properties": {"h": 9.5, "r": 1.5}, "geometry": {"type": "Point", "coordinates": [393316.8, 5668254.8]}}, {"type": "Feature", "properties": {"h": 9.8, "r": 2.7}, "geometry": {"type": "Point", "coordinates": [392348.8, 5668009.8]}}, {"type": "Feature", "properties": {"h": 6.7, "r": 1.5}, "geometry": {"type": "Point", "coordinates": [393089.8, 5668276.8]}}, {"type": "Feature", "properties": {"h": 10.2, "r": 1.5}, "geometry": {"type": "Point", "coordinates": [393521.8, 5669661.2]}}, {"type": "Feature", "properties": {"h": 9.3, "r": 1.4}, "geometry": {"type": "Point", "coordinates": [393602.2, 5669428.2]}}, {"type": "Feature", "properties": {"h": 13.6, "r": 1.0}, "geometry": {"type": "Point", "coordinates": [393545.8, 5669768.2]}}, {"type": "Feature", "properties": {"h": 9.0, "r": 3.5}, "geometry": {"type": "Point", "coordinates": [393604.2, 5669372.8]}}, {"type": "Feature", "properties": {"h": 15.2, "r": 1.0}, "geometry": {"type": "Point", "coordinates": [392964.8, 5668473.2]}}, {"type": "Feature", "properties": {"h": 9.1, "r": 2.7}, "geometry": {"type": "Point", "coordinates": [392300.2, 5668880.2]}}, {"type": "Feature", "properties": {"h": 9.0, "r": 2.1}, "geometry": {"type": "Point", "coordinates": [392005.2, 5668464.8]}}, {"type": "Feature", "properties": {"h": 8.3, "r": 2.0}, "geometry": {"type": "Point", "coordinates": [393956.2, 5668250.2]}}, {"type": "Feature", "properties": {"h": 9.8, "r": 2.5}, "geometry": {"type": "Point", "coordinates": [392905.8, 5669417.2]}}, {"type": "Feature", "properties": {"h": 9.2, "r": 2.2}, "geometry": {"type": "Point", "coordinates": [392025.2, 5668757.2]}}, {"type": "Feature", "properties": {"h": 9.2, "r": 2.1}, "geometry": {"type": "Point", "coordinates": [392754.2, 5669577.2]}}, {"type": "Feature", "properties": {"h": 9.2, "r": 2.8}, "geometry": {"type": "Point", "coordinates": [392175.8, 5668718.2]}}, {"type": "Feature", "properties": {"h": 9.7, "r": 1.8}, "geometry": {"type": "Point", "coordinates": [393201.2, 5669617.2]}}, {"type": "Feature", "properties": {"h": 8.3, "r": 1.1}, "geometry": {"type": "Point", "coordinates": [393918.8, 5669324.2]}}, {"type": "Feature", "properties": {"h": 10.4, "r": 1.0}, "geometry": {"type": "Point", "coordinates": [392964.2, 5669499.2]}}, {"type": "Feature", "properties": {"h": 9.8, "r": 2.2}, "geometry": {"type": "Point", "coordinates": [392631.8, 5668318.8]}}, {"type": "Feature", "properties": {"h": 10.8, "r": 1.4}, "geometry": {"type": "Point", "coordinates": [393512.2, 5668851.2]}}, {"type": "Feature", "properties": {"h": 9.6, "r": 3.4}, "geometry": {"type": "Point", "coordinates": [392263.2, 5668435.8]}}, {"type": "Feature", "properties": {"h": 9.8, "r": 2.5}, "geometry": {"type": "Point", "coordinates": [393452.8, 5668276.2]}}, {"type": "Feature", "properties": {"h": 9.1, "r": 2.0}, "geometry": {"type": "Point", "coordinates": [393414.8, 5668040.2]}}, {"type": "Feature", "properties": {"h": 8.9, "r": 3.5}, "geometry": {"type": "Point", "coordinates": [393419.2, 5668017.2]}}, {"type": "Feature", "properties": {"h": 9.6, "r": 2.5}, "geometry": {"type": "Point", "coordinates": [392947.8, 5669918.2]}}, {"type": "Feature", "properties": {"h": 7.6, "r": 1.5}, "geometry": {"type": "Point", "coordinates": [393677.8, 5669823.2]}}, {"type": "Feature", "properties": {"h": 8.6, "r": 1.6}, "geometry": {"type": "Point", "coordinates": [392969.8, 5668000.2]}}, {"type": "Feature", "properties": {"h": 9.4, "r": 2.0}, "geometry": {"type": "Point", "coordinates": [392015.2, 5668781.2]}}, {"type": "Feature", "properties": {"h": 8.8, "r": 2.5}, "geometry": {"type": "Point", "coordinates": [393916.8, 5669639.8]}}, {"type": "Feature", "properties": {"h": 10.4, "r": 2.5}, "geometry": {"type": "Point", "coordinates": [392344.8, 5669846.8]}}, {"type": "Feature", "properties": {"h": 9.2, "r": 2.2}, "geometry": {"type": "Point", "coordinates": [393556.8, 5668069.8]}}, {"type": "Feature", "properties": {"h": 8.4, "r": 1.6}, "geometry": {"type": "Point", "coordinates": [392196.8, 5668174.8]}}, {"type": "Feature", "properties": {"h": 8.8, "r": 1.8}, "geometry": {"type": "Point", "coordinates": [393196.8, 5668486.8]}}, {"type": "Feature", "properties": {"h": 9.1, "r": 2.2}, "geometry": {"type": "Point", "coordinates": [393142.8, 5669270.2]}}, {"type": "Feature", "properties": {"h": 8.7, "r": 2.8}, "geometry": {"type": "Point", "coordinates": [392467.2, 5668109.2]}}, {"type": "Feature", "properties": {"h": 12.1, "r": 1.1}, "geometry": {"type": "Point", "coordinates": [392397.2, 5668932.8]}}, {"type": "Feature", "properties": {"h": 9.7, "r": 1.5}, "geometry": {"type": "Point", "coordinates": [392113.2, 5669006.2]}}, {"type": "Feature", "properties": {"h": 9.5, "r": 1.8}, "geometry": {"type": "Point", "coordinates": [393865.2, 5669219.2]}}, {"type": "Feature", "properties": {"h": 10.3, "r": 1.6}, "geometry": {"type": "Point", "coordinates": [392542.2, 5668050.2]}}, {"type": "Feature", "properties": {"h": 9.1, "r": 2.8}, "geometry": {"type": "Point", "coordinates": [393319.2, 5668388.8]}}, {"type": "Feature", "properties": {"h": 9.3, "r": 2.7}, "geometry": {"type": "Point", "coordinates": [393886.2, 5668843.2]}}, {"type": "Feature", "properties": {"h": 8.6, "r": 2.9}, "geometry": {"type": "Point", "coordinates": [392346.2, 5669842.8]}}, {"type": "Feature", "properties": {"h": 9.1, "r": 2.5}, "geometry": {"type": "Point", "coordinates": [393011.2, 5669880.2]}}, {"type": "Feature", "properties": {"h": 8.6, "r": 2.5}, "geometry": {"type": "Point", "coordinates": [392216.2, 5669074.2]}}, {"type": "Feature", "properties": {"h": 9.4, "r": 1.1}, "geometry": {"type": "Point", "coordinates": [393759.8, 5669311.2]}}, {"type": "Feature", "properties": {"h": 10.3, "r": 2.2}, "geometry": {"type": "Point", "coordinates": [393297.8, 5668617.2]}}, {"type": "Feature", "properties": {"h": 10.2, "r": 2.5}, "geometry": {"type": "Point", "coordinates": [393928.2, 5668233.2]}}, {"type": "Feature", "properties": {"h": 9.1, "r": 2.5}, "geometry": {"type": "Point", "coordinates": [392179.8, 5669939.8]}}, {"type": "Feature", "properties": {"h": 10.8, "r": 1.1}, "geometry": {"type": "Point", "coordinates": [393690.2, 5669145.8]}}, {"type": "Feature", "properties": {"h": 9.4, "r": 2.1}, "geometry": {"type": "Point", "coordinates": [392623.2, 5669093.2]}}, {"type": "Feature", "properties": {"h": 10.8, "r": 1.1}, "geometry": {"type": "Point", "coordinates": [392568.8, 5669197.8]}}, {"type": "Feature", "properties": {"h": 9.7, "r": 1.5}, "geometry": {"type": "Point", "coordinates": [393277.8, 5668000.2]}}, {"type": "Feature", "properties": {"h": 9.3, "r": 1.6}, "geometry": {"type": "Point", "coordinates": [392588.2, 5669091.8]}}, {"type": "Feature", "properties": {"h": 10.6, "r": 1.8}, "geometry": {"type": "Point", "coordinates": [392842.8, 5668990.8]}}, {"type": "Feature", "properties": {"h": 9.6, "r": 2.0}, "geometry": {"type": "Point", "coordinates": [393431.8, 5668507.2]}}, {"type": "Feature", "properties": {"h": 10.1, "r": 2.1}, "geometry": {"type": "Point", "coordinates": [392122.8, 5669310.8]}}, {"type": "Feature", "properties": {"h": 9.1, "r": 1.8}, "geometry": {"type": "Point", "coordinates": [392121.8, 5669809.2]}}, {"type": "Feature", "properties": {"h": 10.4, "r": 1.0}, "geometry": {"type": "Point", "coordinates": [393538.2, 5668441.8]}}, {"type": "Feature", "properties": {"h": 18.0, "r": 1.0}, "geometry": {"type": "Point", "coordinates": [393184.2, 5668834.2]}}, {"type": "Feature", "properties": {"h": 8.9, "r": 2.1}, "geometry": {"type": "Point", "coordinates": [393956.2, 5668256.8]}}, {"type": "Feature", "properties": {"h": 9.1, "r": 2.2}, "geometry": {"type": "Point", "coordinates": [393714.8, 5669955.2]}}, {"type": "Feature", "properties": {"h": 8.9, "r": 1.5}, "geometry": {"type": "Point", "coordinates": [393493.2, 5669425.2]}}, {"type": "Feature", "properties": {"h": 8.6, "r": 3.2}, "geometry": {"type": "Point", "coordinates": [392680.2, 5668108.8]}}, {"type": "Feature", "properties": {"h": 10.0, "r": 1.4}, "geometry": {"type": "Point", "coordinates": [393557.8, 5669394.2]}}, {"type": "Feature", "properties": {"h": 9.5, "r": 2.1}, "geometry": {"type": "Point", "coordinates": [393586.8, 5668014.8]}}, {"type": "Feature", "properties": {"h": 9.3, "r": 1.6}, "geometry": {"type": "Point", "coordinates": [392953.8, 5669899.2]}}, {"type": "Feature", "properties": {"h": 8.9, "r": 2.5}, "geometry": {"type": "Point", "coordinates": [392573.8, 5668445.8]}}, {"type": "Feature", "properties": {"h": 9.2, "r": 1.6}, "geometry": {"type": "Point", "coordinates": [392035.8, 5668749.2]}}, {"type": "Feature", "properties": {"h": 9.2, "r": 2.5}, "geometry": {"type": "Point", "coordinates": [392113.8, 5669175.2]}}, {"type": "Feature", "properties": {"h": 10.3, "r": 2.5}, "geometry": {"type": "Point", "coordinates": [392873.8, 5669039.8]}}, {"type": "Feature", "properties": {"h": 10.0, "r": 2.0}, "geometry": {"type": "Point", "coordinates": [393256.2, 5668233.8]}}, {"type": "Feature", "properties": {"h": 11.1, "r": 1.1}, "geometry": {"type": "Point", "coordinates": [393188.8, 5668337.8]}}, {"type": "Feature", "properties": {"h": 9.5, "r": 1.8}, "geometry": {"type": "Point", "coordinates": [393718.8, 5669962.2]}}, {"type": "Feature", "properties": {"h": 9.3, "r": 3.2}, "geometry": {"type": "Point", "coordinates": [392772.8, 5669346.2]}}, {"type": "Feature", "properties": {"h": 9.9, "r": 1.8}, "geometry": {"type": "Point", "coordinates": [392176.2, 5669863.8]}}, {"type": "Feature", "properties": {"h": 9.6, "r": 1.6}, "geometry": {"type": "Point", "coordinates": [392247.2, 5668095.2]}}, {"type": "Feature", "properties": {"h": 9.6, "r": 1.8}, "geometry": {"type": "Point", "coordinates": [393207.2, 5669612.2]}}, {"type": "Feature", "properties": {"h": 11.0, "r": 2.0}, "geometry": {"type": "Point", "coordinates": [393368.2, 5668040.8]}}, {"type": "Feature", "properties": {"h": 9.0, "r": 2.2}, "geometry": {"type": "Point", "coordinates": [392965.8, 5669968.2]}}, {"type": "Feature", "properties": {"h": 10.3, "r": 2.5}, "geometry": {"type": "Point", "coordinates": [393940.2, 5668297.2]}}, {"type": "Feature", "properties": {"h": 8.9, "r": 2.0}, "geometry": {"type": "Point", "coordinates": [393529.8, 5669638.8]}}, {"type": "Feature", "properties": {"h": 8.6, "r": 3.4}, "geometry": {"type": "Point", "coordinates": [393407.8, 5668061.2]}}, {"type": "Feature", "properties": {"h": 9.3, "r": 1.6}, "geometry": {"type": "Point", "coordinates": [393610.8, 5669883.2]}}, {"type": "Feature", "properties": {"h": 9.5, "r": 2.1}, "geometry": {"type": "Point", "coordinates": [392512.8, 5669853.2]}}, {"type": "Feature", "properties": {"h": 9.6, "r": 1.5}, "geometry": {"type": "Point", "coordinates": [392128.2, 5668875.8]}}, {"type": "Feature", "properties": {"h": 9.7, "r": 1.4}, "geometry": {"type": "Point", "coordinates": [393404.8, 5668678.8]}}, {"type": "Feature", "properties": {"h": 8.4, "r": 2.9}, "geometry": {"type": "Point", "coordinates": [392108.8, 5669175.2]}}, {"type": "Feature", "properties": {"h": 10.9, "r": 1.8}, "geometry": {"type": "Point", "coordinates": [393554.8, 5669401.2]}}, {"type": "Feature", "properties": {"h": 7.9, "r": 2.0}, "geometry": {"type": "Point", "coordinates": [392157.2, 5668243.2]}}, {"type": "Feature", "properties": {"h": 11.5, "r": 1.1}, "geometry": {"type": "Point", "coordinates": [392055.8, 5668322.8]}}, {"type": "Feature", "properties": {"h": 8.8, "r": 1.4}, "geometry": {"type": "Point", "coordinates": [392522.2, 5669948.2]}}, {"type": "Feature", "properties": {"h": 9.0, "r": 2.5}, "geometry": {"type": "Point", "coordinates": [393144.2, 5668070.8]}}, {"type": "Feature", "properties": {"h": 9.1, "r": 2.1}, "geometry": {"type": "Point", "coordinates": [393594.8, 5669443.2]}}, {"type": "Feature", "properties": {"h": 9.6, "r": 1.5}, "geometry": {"type": "Point", "coordinates": [393885.2, 5669335.8]}}, {"type": "Feature", "properties": {"h": 8.6, "r": 1.6}, "geometry": {"type": "Point", "coordinates": [392241.2, 5669174.2]}}, {"type": "Feature", "properties": {"h": 10.0, "r": 2.5}, "geometry": {"type": "Point", "coordinates": [393669.8, 5669905.2]}}, {"type": "Feature", "properties": {"h": 10.2, "r": 1.1}, "geometry": {"type": "Point", "coordinates": [393186.8, 5668478.2]}}, {"type": "Feature", "properties": {"h": 9.2, "r": 2.9}, "geometry": {"type": "Point", "coordinates": [392851.2, 5669806.8]}}, {"type": "Feature", "properties": {"h": 9.7, "r": 1.0}, "geometry": {"type": "Point", "coordinates": [393996.2, 5669182.2]}}, {"type": "Feature", "properties": {"h": 7.7, "r": 2.1}, "geometry": {"type": "Point", "coordinates": [392025.8, 5668879.2]}}, {"type": "Feature", "properties": {"h": 9.8, "r": 2.1}, "geometry": {"type": "Point", "coordinates": [393848.2, 5668605.2]}}, {"type": "Feature", "properties": {"h": 8.2, "r": 2.2}, "geometry": {"type": "Point", "coordinates": [393383.8, 5668926.2]}}, {"type": "Feature", "properties": {"h": 9.3, "r": 1.6}, "geometry": {"type": "Point", "coordinates": [392898.2, 5668587.2]}}, {"type": "Feature", "properties": {"h": 9.2, "r": 2.5}, "geometry": {"type": "Point", "coordinates": [393985.2, 5668711.2]}}, {"type": "Feature", "properties": {"h": 8.9, "r": 2.2}, "geometry": {"type": "Point", "coordinates": [392332.2, 5668434.2]}}, {"type": "Feature", "properties": {"h": 9.9, "r": 1.6}, "geometry": {"type": "Point", "coordinates": [392178.8, 5669255.2]}}, {"type": "Feature", "properties": {"h": 11.0, "r": 1.1}, "geometry": {"type": "Point", "coordinates": [393730.2, 5669180.8]}}, {"type": "Feature", "properties": {"h": 8.8, "r": 2.0}, "geometry": {"type": "Point", "coordinates": [392353.8, 5668922.2]}}, {"type": "Feature", "properties": {"h": 9.0, "r": 2.1}, "geometry": {"type": "Point", "coordinates": [392897.8, 5669626.8]}}, {"type": "Feature", "properties": {"h": 11.7, "r": 1.8}, "geometry": {"type": "Point", "coordinates": [392075.8, 5668366.8]}}, {"type": "Feature", "properties": {"h": 9.2, "r": 1.8}, "geometry": {"type": "Point", "coordinates": [393803.8, 5669020.2]}}, {"type": "Feature", "properties": {"h": 9.2, "r": 2.5}, "geometry": {"type": "Point", "coordinates": [392456.2, 5668117.8]}}, {"type": "Feature", "properties": {"h": 9.3, "r": 1.1}, "geometry": {"type": "Point", "coordinates": [392917.8, 5669110.2]}}, {"type": "Feature", "properties": {"h": 9.8, "r": 1.0}, "geometry": {"type": "Point", "coordinates": [392282.8, 5669310.2]}}, {"type": "Feature", "properties": {"h": 9.4, "r": 1.4}, "geometry": {"type": "Point", "coordinates": [393584.8, 5669721.2]}}, {"type": "Feature", "properties": {"h": 9.7, "r": 2.0}, "geometry": {"type": "Point", "coordinates": [392147.2, 5668646.2]}}, {"type": "Feature", "properties": {"h": 9.2, "r": 2.1}, "geometry": {"type": "Point", "coordinates": [393497.2, 5669446.8]}}, {"type": "Feature", "properties": {"h": 9.9, "r": 1.4}, "geometry": {"type": "Point", "coordinates": [393255.8, 5669051.8]}}, {"type": "Feature", "properties": {"h": 9.9, "r": 2.1}, "geometry": {"type": "Point", "coordinates": [392963.8, 5669811.2]}}, {"type": "Feature", "properties": {"h": 9.1, "r": 2.5}, "geometry": {"type": "Point", "coordinates": [393683.8, 5669906.2]}}, {"type": "Feature", "properties": {"h": 9.8, "r": 1.6}, "geometry": {"type": "Point", "coordinates": [393847.2, 5668601.2]}}, {"type": "Feature", "properties": {"h": 8.7, "r": 2.1}, "geometry": {"type": "Point", "coordinates": [392224.2, 5669075.8]}}, {"type": "Feature", "properties": {"h": 9.4, "r": 1.0}, "geometry": {"type": "Point", "coordinates": [393279.8, 5668358.8]}}, {"type": "Feature", "properties": {"h": 8.9, "r": 1.8}, "geometry": {"type": "Point", "coordinates": [392559.8, 5669876.2]}}, {"type": "Feature", "properties": {"h": 10.8, "r": 1.4}, "geometry": {"type": "Point", "coordinates": [392793.8, 5668792.8]}}, {"type": "Feature", "properties": {"h": 9.8, "r": 1.8}, "geometry": {"type": "Point", "coordinates": [393743.8, 5669928.2]}}, {"type": "Feature", "properties": {"h": 9.7, "r": 1.1}, "geometry": {"type": "Point", "coordinates": [392107.2, 5668938.8]}}, {"type": "Feature", "properties": {"h": 9.5, "r": 1.5}, "geometry": {"type": "Point", "coordinates": [393299.8, 5668168.2]}}, {"type": "Feature", "properties": {"h": 7.5, "r": 2.0}, "geometry": {"type": "Point", "coordinates": [392136.8, 5669294.2]}}, {"type": "Feature", "properties": {"h": 9.8, "r": 1.4}, "geometry": {"type": "Point", "coordinates": [393568.2, 5669396.2]}}, {"type": "Feature", "properties": {"h": 8.9, "r": 3.5}, "geometry": {"type": "Point", "coordinates": [392186.2, 5669931.8]}}, {"type": "Feature", "properties": {"h": 9.7, "r": 2.0}, "geometry": {"type": "Point", "coordinates": [392106.8, 5669324.2]}}, {"type": "Feature", "properties": {"h": 12.0, "r": 1.0}, "geometry": {"type": "Point", "coordinates": [392237.8, 5669270.8]}}, {"type": "Feature", "properties": {"h": 10.2, "r": 2.1}, "geometry": {"type": "Point", "coordinates": [393415.8, 5668377.8]}}, {"type": "Feature", "properties": {"h": 9.1, "r": 2.2}, "geometry": {"type": "Point", "coordinates": [392294.8, 5668184.2]}}, {"type": "Feature", "properties": {"h": 8.9, "r": 1.1}, "geometry": {"type": "Point", "coordinates": [392135.8, 5668100.8]}}, {"type": "Feature", "properties": {"h": 8.4, "r": 1.8}, "geometry": {"type": "Point", "coordinates": [392149.2, 5669143.8]}}, {"type": "Feature", "properties": {"h": 7.8, "r": 2.5}, "geometry": {"type": "Point", "coordinates": [392119.2, 5668531.2]}}, {"type": "Feature", "properties": {"h": 8.8, "r": 2.0}, "geometry": {"type": "Point", "coordinates": [393003.8, 5668086.8]}}, {"type": "Feature", "properties": {"h": 8.2, "r": 2.5}, "geometry": {"type": "Point", "coordinates": [392607.8, 5668897.8]}}, {"type": "Feature", "properties": {"h": 9.3, "r": 1.1}, "geometry": {"type": "Point", "coordinates": [392980.2, 5669241.8]}}, {"type": "Feature", "properties": {"h": 8.2, "r": 2.2}, "geometry": {"type": "Point", "coordinates": [392946.8, 5669012.8]}}, {"type": "Feature", "properties": {"h": 9.6, "r": 1.5}, "geometry": {"type": "Point", "coordinates": [392470.8, 5669931.2]}}, {"type": "Feature", "properties": {"h": 9.5, "r": 1.5}, "geometry": {"type": "Point", "coordinates": [393237.8, 5669034.8]}}, {"type": "Feature", "properties": {"h": 8.8, "r": 2.0}, "geometry": {"type": "Point", "coordinates": [392209.8, 5668442.8]}}, {"type": "Feature", "properties": {"h": 10.0, "r": 1.4}, "geometry": {"type": "Point", "coordinates": [392972.8, 5669214.2]}}, {"type": "Feature", "properties": {"h": 9.3, "r": 2.1}, "geometry": {"type": "Point", "coordinates": [392664.8, 5669044.2]}}, {"type": "Feature", "properties": {"h": 7.9, "r": 1.8}, "geometry": {"type": "Point", "coordinates": [393739.8, 5669921.8]}}, {"type": "Feature", "properties": {"h": 10.1, "r": 2.0}, "geometry": {"type": "Point", "coordinates": [392206.2, 5668439.8]}}, {"type": "Feature", "properties": {"h": 10.4, "r": 2.2}, "geometry": {"type": "Point", "coordinates": [392244.8, 5669053.2]}}, {"type": "Feature", "properties": {"h": 8.6, "r": 1.6}, "geometry": {"type": "Point", "coordinates": [392946.8, 5669458.2]}}, {"type": "Feature", "properties": {"h": 11.1, "r": 1.0}, "geometry": {"type": "Point", "coordinates": [393362.8, 5668594.8]}}, {"type": "Feature", "properties": {"h": 12.3, "r": 1.4}, "geometry": {"type": "Point", "coordinates": [392782.8, 5669353.2]}}, {"type": "Feature", "properties": {"h": 9.3, "r": 1.8}, "geometry": {"type": "Point", "coordinates": [393493.8, 5669538.8]}}, {"type": "Feature", "properties": {"h": 11.3, "r": 1.5}, "geometry": {"type": "Point", "coordinates": [392140.8, 5668725.2]}}, {"type": "Feature", "properties": {"h": 9.8, "r": 1.1}, "geometry": {"type": "Point", "coordinates": [393675.8, 5669113.2]}}, {"type": "Feature", "properties": {"h": 9.1, "r": 2.5}, "geometry": {"type": "Point", "coordinates": [392117.2, 5668049.8]}}, {"type": "Feature", "properties": {"h": 9.8, "r": 1.5}, "geometry": {"type": "Point", "coordinates": [393646.8, 5669266.8]}}, {"type": "Feature", "properties": {"h": 8.8, "r": 1.4}, "geometry": {"type": "Point", "coordinates": [392421.8, 5669841.2]}}, {"type": "Feature", "properties": {"h": 10.9, "r": 1.0}, "geometry": {"type": "Point", "coordinates": [393989.2, 5669367.2]}}, {"type": "Feature", "properties": {"h": 9.4, "r": 1.8}, "geometry": {"type": "Point", "coordinates": [393735.8, 5669378.8]}}, {"type": "Feature", "properties": {"h": 10.0, "r": 1.6}, "geometry": {"type": "Point", "coordinates": [393463.8, 5668403.8]}}, {"type": "Feature", "properties": {"h": 10.6, "r": 1.4}, "geometry": {"type": "Point", "coordinates": [392917.8, 5669818.2]}}, {"type": "Feature", "properties": {"h": 8.9, "r": 2.5}, "geometry": {"type": "Point", "coordinates": [393557.2, 5668056.2]}}, {"type": "Feature", "properties": {"h": 10.8, "r": 1.0}, "geometry": {"type": "Point", "coordinates": [392046.8, 5668910.8]}}, {"type": "Feature", "properties": {"h": 7.8, "r": 2.1}, "geometry": {"type": "Point", "coordinates": [392192.8, 5669933.2]}}, {"type": "Feature", "properties": {"h": 9.6, "r": 2.9}, "geometry": {"type": "Point", "coordinates": [392273.2, 5668499.2]}}, {"type": "Feature", "properties": {"h": 9.7, "r": 2.2}, "geometry": {"type": "Point", "coordinates": [393298.2, 5668172.8]}}, {"type": "Feature", "properties": {"h": 9.8, "r": 1.5}, "geometry": {"type": "Point", "coordinates": [393702.2, 5669196.8]}}, {"type": "Feature", "properties": {"h": 8.4, "r": 3.5}, "geometry": {"type": "Point", "coordinates": [393751.2, 5669970.8]}}, {"type": "Feature", "properties": {"h": 8.3, "r": 2.5}, "geometry": {"type": "Point", "coordinates": [392894.2, 5669358.8]}}, {"type": "Feature", "properties": {"h": 8.0, "r": 2.8}, "geometry": {"type": "Point", "coordinates": [392061.2, 5668598.2]}}, {"type": "Feature", "properties": {"h": 9.0, "r": 1.8}, "geometry": {"type": "Point", "coordinates": [392366.2, 5669863.2]}}, {"type": "Feature", "properties": {"h": 10.6, "r": 1.1}, "geometry": {"type": "Point", "coordinates": [392714.8, 5669175.2]}}, {"type": "Feature", "properties": {"h": 9.9, "r": 1.5}, "geometry": {"type": "Point", "coordinates": [392350.8, 5669276.8]}}, {"type": "Feature", "properties": {"h": 9.7, "r": 1.0}, "geometry": {"type": "Point", "coordinates": [392008.8, 5669240.2]}}, {"type": "Feature", "properties": {"h": 7.3, "r": 2.0}, "geometry": {"type": "Point", "coordinates": [392385.8, 5668307.2]}}, {"type": "Feature", "properties": {"h": 8.7, "r": 2.0}, "geometry": {"type": "Point", "coordinates": [393675.8, 5669391.2]}}, {"type": "Feature", "properties": {"h": 10.3, "r": 1.4}, "geometry": {"type": "Point", "coordinates": [392372.2, 5668247.2]}}, {"type": "Feature", "properties": {"h": 9.4, "r": 1.8}, "geometry": {"type": "Point", "coordinates": [393654.8, 5669433.2]}}, {"type": "Feature", "properties": {"h": 9.1, "r": 1.1}, "geometry": {"type": "Point", "coordinates": [393593.8, 5668099.8]}}, {"type": "Feature", "properties": {"h": 8.3, "r": 1.8}, "geometry": {"type": "Point", "coordinates": [393390.8, 5668485.2]}}, {"type": "Feature", "properties": {"h": 10.1, "r": 1.8}, "geometry": {"type": "Point", "coordinates": [393303.2, 5668604.8]}}, {"type": "Feature", "properties": {"h": 8.8, "r": 1.4}, "geometry": {"type": "Point", "coordinates": [393858.8, 5668612.8]}}, {"type": "Feature", "properties": {"h": 9.8, "r": 1.4}, "geometry": {"type": "Point", "coordinates": [393594.2, 5669230.8]}}, {"type": "Feature", "properties": {"h": 9.3, "r": 2.8}, "geometry": {"type": "Point", "coordinates": [392051.2, 5668422.2]}}, {"type": "Feature", "properties": {"h": 10.3, "r": 1.6}, "geometry": {"type": "Point", "coordinates": [393360.8, 5668179.2]}}, {"type": "Feature", "properties": {"h": 8.6, "r": 2.2}, "geometry": {"type": "Point", "coordinates": [393593.2, 5669899.2]}}, {"type": "Feature", "properties": {"h": 8.9, "r": 2.1}, "geometry": {"type": "Point", "coordinates": [393898.2, 5669680.2]}}, {"type": "Feature", "properties": {"h": 9.7, "r": 1.1}, "geometry": {"type": "Point", "coordinates": [392475.8, 5669414.8]}}, {"type": "Feature", "properties": {"h": 8.9, "r": 1.6}, "geometry": {"type": "Point", "coordinates": [393144.8, 5669350.8]}}, {"type": "Feature", "properties": {"h": 11.4, "r": 1.0}, "geometry": {"type": "Point", "coordinates": [392187.2, 5668198.2]}}, {"type": "Feature", "properties": {"h": 9.3, "r": 3.2}, "geometry": {"type": "Point", "coordinates": [393406.2, 5668111.2]}}, {"type": "Feature", "properties": {"h": 9.1, "r": 1.5}, "geometry": {"type": "Point", "coordinates": [393463.2, 5668255.2]}}, {"type": "Feature", "properties": {"h": 9.4, "r": 1.5}, "geometry": {"type": "Point", "coordinates": [392187.2, 5668516.2]}}, {"type": "Feature", "properties": {"h": 9.0, "r": 1.0}, "geometry": {"type": "Point", "coordinates": [393187.8, 5668706.2]}}, {"type": "Feature", "properties": {"h": 8.8, "r": 2.0}, "geometry": {"type": "Point", "coordinates": [392175.2, 5668515.2]}}, {"type": "Feature", "properties": {"h": 9.4, "r": 2.5}, "geometry": {"type": "Point", "coordinates": [392977.2, 5669982.8]}}, {"type": "Feature", "properties": {"h": 8.5, "r": 1.8}, "geometry": {"type": "Point", "coordinates": [392156.8, 5668062.2]}}, {"type": "Feature", "properties": {"h": 7.8, "r": 2.7}, "geometry": {"type": "Point", "coordinates": [392082.8, 5668078.8]}}, {"type": "Feature", "properties": {"h": 9.1, "r": 1.8}, "geometry": {"type": "Point", "coordinates": [392205.2, 5668518.2]}}, {"type": "Feature", "properties": {"h": 8.9, "r": 2.0}, "geometry": {"type": "Point", "coordinates": [393870.8, 5669714.8]}}, {"type": "Feature", "properties": {"h": 9.5, "r": 2.5}, "geometry": {"type": "Point", "coordinates": [392967.8, 5669815.8]}}, {"type": "Feature", "properties": {"h": 9.8, "r": 2.1}, "geometry": {"type": "Point", "coordinates": [392368.8, 5668736.8]}}, {"type": "Feature", "properties": {"h": 8.9, "r": 2.5}, "geometry": {"type": "Point", "coordinates": [393605.2, 5669380.2]}}, {"type": "Feature", "properties": {"h": 9.3, "r": 1.6}, "geometry": {"type": "Point", "coordinates": [393136.2, 5669300.2]}}, {"type": "Feature", "properties": {"h": 10.4, "r": 1.4}, "geometry": {"type": "Point", "coordinates": [392856.8, 5668854.2]}}, {"type": "Feature", "properties": {"h": 8.7, "r": 2.5}, "geometry": {"type": "Point", "coordinates": [393280.8, 5668389.8]}}, {"type": "Feature", "properties": {"h": 8.0, "r": 2.0}, "geometry": {"type": "Point", "coordinates": [393412.8, 5668101.2]}}, {"type": "Feature", "properties": {"h": 10.5, "r": 1.0}, "geometry": {"type": "Point", "coordinates": [392462.8, 5668964.8]}}, {"type": "Feature", "properties": {"h": 9.7, "r": 1.4}, "geometry": {"type": "Point", "coordinates": [393772.2, 5668903.2]}}, {"type": "Feature", "properties": {"h": 9.2, "r": 2.1}, "geometry": {"type": "Point", "coordinates": [393546.2, 5669907.2]}}, {"type": "Feature", "properties": {"h": 9.5, "r": 2.2}, "geometry": {"type": "Point", "coordinates": [393004.2, 5668548.2]}}, {"type": "Feature", "properties": {"h": 8.8, "r": 2.0}, "geometry": {"type": "Point", "coordinates": [392687.8, 5668002.2]}}, {"type": "Feature", "properties": {"h": 10.3, "r": 1.1}, "geometry": {"type": "Point", "coordinates": [392632.8, 5669177.8]}}, {"type": "Feature", "properties": {"h": 9.3, "r": 1.6}, "geometry": {"type": "Point", "coordinates": [392205.8, 5668333.8]}}, {"type": "Feature", "properties": {"h": 9.1, "r": 2.5}, "geometry": {"type": "Point", "coordinates": [393562.2, 5668367.2]}}, {"type": "Feature", "properties": {"h": 10.6, "r": 1.5}, "geometry": {"type": "Point", "coordinates": [392192.8, 5668204.8]}}, {"type": "Feature", "properties": {"h": 9.0, "r": 2.8}, "geometry": {"type": "Point", "coordinates": [392860.2, 5669619.2]}}, {"type": "Feature", "properties": {"h": 9.3, "r": 2.0}, "geometry": {"type": "Point", "coordinates": [392931.8, 5669535.8]}}, {"type": "Feature", "properties": {"h": 9.3, "r": 1.4}, "geometry": {"type": "Point", "coordinates": [392192.2, 5668178.8]}}, {"type": "Feature", "properties": {"h": 9.3, "r": 1.8}, "geometry": {"type": "Point", "coordinates": [392013.2, 5668066.8]}}, {"type": "Feature", "properties": {"h": 9.0, "r": 2.7}, "geometry": {"type": "Point", "coordinates": [392766.8, 5669008.8]}}, {"type": "Feature", "properties": {"h": 9.7, "r": 2.5}, "geometry": {"type": "Point", "coordinates": [392594.2, 5668108.2]}}, {"type": "Feature", "properties": {"h": 9.4, "r": 2.1}, "geometry": {"type": "Point", "coordinates": [393685.2, 5669996.8]}}, {"type": "Feature", "properties": {"h": 10.3, "r": 1.1}, "geometry": {"type": "Point", "coordinates": [393856.2, 5669423.2]}}, {"type": "Feature", "properties": {"h": 9.9, "r": 1.4}, "geometry": {"type": "Point", "coordinates": [392538.8, 5669939.8]}}, {"type": "Feature", "properties": {"h": 8.5, "r": 3.0}, "geometry": {"type": "Point", "coordinates": [392566.8, 5668964.8]}}, {"type": "Feature", "properties": {"h": 8.6, "r": 3.4}, "geometry": {"type": "Point", "coordinates": [393527.2, 5669361.2]}}, {"type": "Feature", "properties": {"h": 8.6, "r": 1.4}, "geometry": {"type": "Point", "coordinates": [392793.8, 5668919.8]}}, {"type": "Feature", "properties": {"h": 7.6, "r": 2.1}, "geometry": {"type": "Point", "coordinates": [392620.2, 5668826.8]}}, {"type": "Feature", "properties": {"h": 9.8, "r": 1.4}, "geometry": {"type": "Point", "coordinates": [392863.8, 5668861.2]}}, {"type": "Feature", "properties": {"h": 9.9, "r": 1.1}, "geometry": {"type": "Point", "coordinates": [392122.2, 5668726.2]}}, {"type": "Feature", "properties": {"h": 9.4, "r": 2.5}, "geometry": {"type": "Point", "coordinates": [393683.8, 5669409.2]}}, {"type": "Feature", "properties": {"h": 8.9, "r": 1.1}, "geometry": {"type": "Point", "coordinates": [392727.8, 5668934.8]}}, {"type": "Feature", "properties": {"h": 9.1, "r": 1.8}, "geometry": {"type": "Point", "coordinates": [392145.8, 5669300.2]}}, {"type": "Feature", "properties": {"h": 8.5, "r": 1.6}, "geometry": {"type": "Point", "coordinates": [393727.2, 5669990.8]}}, {"type": "Feature", "properties": {"h": 8.0, "r": 2.5}, "geometry": {"type": "Point", "coordinates": [393549.8, 5669550.2]}}, {"type": "Feature", "properties": {"h": 7.9, "r": 1.5}, "geometry": {"type": "Point", "coordinates": [392895.2, 5668982.2]}}, {"type": "Feature", "properties": {"h": 9.2, "r": 2.1}, "geometry": {"type": "Point", "coordinates": [392637.2, 5669472.8]}}, {"type": "Feature", "properties": {"h": 9.6, "r": 1.6}, "geometry": {"type": "Point", "coordinates": [392120.2, 5668935.2]}}, {"type": "Feature", "properties": {"h": 8.5, "r": 3.0}, "geometry": {"type": "Point", "coordinates": [392548.2, 5668913.2]}}, {"type": "Feature", "properties": {"h": 9.2, "r": 1.4}, "geometry": {"type": "Point", "coordinates": [392242.2, 5668579.2]}}, {"type": "Feature", "properties": {"h": 9.1, "r": 1.5}, "geometry": {"type": "Point", "coordinates": [393877.2, 5669241.8]}}, {"type": "Feature", "properties": {"h": 9.2, "r": 1.6}, "geometry": {"type": "Point", "coordinates": [393790.8, 5669013.2]}}, {"type": "Feature", "properties": {"h": 12.0, "r": 1.0}, "geometry": {"type": "Point", "coordinates": [393546.2, 5669492.8]}}, {"type": "Feature", "properties": {"h": 10.1, "r": 1.1}, "geometry": {"type": "Point", "coordinates": [393080.2, 5668707.2]}}, {"type": "Feature", "properties": {"h": 8.4, "r": 2.5}, "geometry": {"type": "Point", "coordinates": [392178.2, 5669113.8]}}, {"type": "Feature", "properties": {"h": 8.9, "r": 1.8}, "geometry": {"type": "Point", "coordinates": [393741.8, 5669328.2]}}, {"type": "Feature", "properties": {"h": 7.9, "r": 1.5}, "geometry": {"type": "Point", "coordinates": [393563.2, 5668337.8]}}, {"type": "Feature", "properties": {"h": 8.0, "r": 2.1}, "geometry": {"type": "Point", "coordinates": [393079.8, 5669676.2]}}, {"type": "Feature", "properties": {"h": 9.8, "r": 2.2}, "geometry": {"type": "Point", "coordinates": [393407.8, 5668071.8]}}, {"type": "Feature", "properties": {"h": 8.9, "r": 2.5}, "geometry": {"type": "Point", "coordinates": [392210.2, 5669156.2]}}, {"type": "Feature", "properties": {"h": 8.5, "r": 1.5}, "geometry": {"type": "Point", "coordinates": [393611.8, 5668092.8]}}, {"type": "Feature", "properties": {"h": 8.7, "r": 2.8}, "geometry": {"type": "Point", "coordinates": [393271.8, 5668604.8]}}, {"type": "Feature", "properties": {"h": 8.8, "r": 3.0}, "geometry": {"type": "Point", "coordinates": [393725.8, 5669289.8]}}, {"type": "Feature", "properties": {"h": 9.7, "r": 2.9}, "geometry": {"type": "Point", "coordinates": [392619.8, 5668065.2]}}, {"type": "Feature", "properties": {"h": 10.0, "r": 1.4}, "geometry": {"type": "Point", "coordinates": [392626.8, 5668911.2]}}, {"type": "Feature", "properties": {"h": 8.6, "r": 1.1}, "geometry": {"type": "Point", "coordinates": [392655.2, 5669042.2]}}, {"type": "Feature", "properties": {"h": 8.9, "r": 2.2}, "geometry": {"type": "Point", "coordinates": [393455.2, 5669560.2]}}, {"type": "Feature", "properties": {"h": 8.8, "r": 1.8}, "geometry": {"type": "Point", "coordinates": [393189.8, 5668482.2]}}, {"type": "Feature", "properties": {"h": 9.9, "r": 1.1}, "geometry": {"type": "Point", "coordinates": [392035.8, 5668399.8]}}, {"type": "Feature", "properties": {"h": 8.2, "r": 2.0}, "geometry": {"type": "Point", "coordinates": [392000.2, 5668422.8]}}, {"type": "Feature", "properties": {"h": 8.1, "r": 2.2}, "geometry": {"type": "Point", "coordinates": [393391.8, 5668670.8]}}, {"type": "Feature", "properties": {"h": 8.4, "r": 2.5}, "geometry": {"type": "Point", "coordinates": [392137.2, 5669250.2]}}, {"type": "Feature", "properties": {"h": 8.7, "r": 1.1}, "geometry": {"type": "Point", "coordinates": [392112.8, 5669128.2]}}, {"type": "Feature", "properties": {"h": 8.5, "r": 3.2}, "geometry": {"type": "Point", "coordinates": [392737.8, 5669499.2]}}, {"type": "Feature", "properties": {"h": 9.0, "r": 2.5}, "geometry": {"type": "Point", "coordinates": [392290.8, 5668941.8]}}, {"type": "Feature", "properties": {"h": 13.5, "r": 1.0}, "geometry": {"type": "Point", "coordinates": [393562.8, 5669766.8]}}, {"type": "Feature", "properties": {"h": 9.0, "r": 2.1}, "geometry": {"type": "Point", "coordinates": [392736.8, 5669522.2]}}, {"type": "Feature", "properties": {"h": 8.8, "r": 2.5}, "geometry": {"type": "Point", "coordinates": [392262.8, 5668876.2]}}, {"type": "Feature", "properties": {"h": 9.3, "r": 1.6}, "geometry": {"type": "Point", "coordinates": [393686.8, 5669932.2]}}, {"type": "Feature", "properties": {"h": 9.3, "r": 1.6}, "geometry": {"type": "Point", "coordinates": [392571.8, 5669969.8]}}, {"type": "Feature", "properties": {"h": 9.1, "r": 2.5}, "geometry": {"type": "Point", "coordinates": [392969.2, 5669939.2]}}, {"type": "Feature", "properties": {"h": 8.4, "r": 2.1}, "geometry": {"type": "Point", "coordinates": [392339.2, 5668293.8]}}, {"type": "Feature", "properties": {"h": 8.6, "r": 1.8}, "geometry": {"type": "Point", "coordinates": [392011.8, 5668861.2]}}, {"type": "Feature", "properties": {"h": 8.8, "r": 1.6}, "geometry": {"type": "Point", "coordinates": [392875.2, 5668864.2]}}, {"type": "Feature", "properties": {"h": 8.2, "r": 2.5}, "geometry": {"type": "Point", "coordinates": [392938.8, 5669916.8]}}, {"type": "Feature", "properties": {"h": 9.0, "r": 1.6}, "geometry": {"type": "Point", "coordinates": [392770.8, 5668983.2]}}, {"type": "Feature", "properties": {"h": 8.6, "r": 1.6}, "geometry": {"type": "Point", "coordinates": [392521.2, 5669871.2]}}, {"type": "Feature", "properties": {"h": 9.2, "r": 1.8}, "geometry": {"type": "Point", "coordinates": [392423.8, 5668309.8]}}, {"type": "Feature", "properties": {"h": 11.5, "r": 1.0}, "geometry": {"type": "Point", "coordinates": [393285.2, 5668372.2]}}, {"type": "Feature", "properties": {"h": 10.7, "r": 1.1}, "geometry": {"type": "Point", "coordinates": [392245.2, 5669421.2]}}, {"type": "Feature", "properties": {"h": 8.1, "r": 2.9}, "geometry": {"type": "Point", "coordinates": [393212.8, 5669534.8]}}, {"type": "Feature", "properties": {"h": 8.4, "r": 2.1}, "geometry": {"type": "Point", "coordinates": [392007.8, 5669749.2]}}, {"type": "Feature", "properties": {"h": 7.7, "r": 3.4}, "geometry": {"type": "Point", "coordinates": [393839.2, 5668289.8]}}, {"type": "Feature", "properties": {"h": 9.0, "r": 2.5}, "geometry": {"type": "Point", "coordinates": [392160.2, 5669964.2]}}, {"type": "Feature", "properties": {"h": 7.6, "r": 2.5}, "geometry": {"type": "Point", "coordinates": [393906.2, 5668562.2]}}, {"type": "Feature", "properties": {"h": 9.2, "r": 1.1}, "geometry": {"type": "Point", "coordinates": [393432.8, 5668516.8]}}, {"type": "Feature", "properties": {"h": 9.0, "r": 1.6}, "geometry": {"type": "Point", "coordinates": [393529.2, 5668108.8]}}, {"type": "Feature", "properties": {"h": 8.4, "r": 1.5}, "geometry": {"type": "Point", "coordinates": [392020.8, 5668890.8]}}, {"type": "Feature", "properties": {"h": 7.0, "r": 2.1}, "geometry": {"type": "Point", "coordinates": [392914.8, 5669448.2]}}, {"type": "Feature", "properties": {"h": 9.3, "r": 1.5}, "geometry": {"type": "Point", "coordinates": [393463.2, 5668320.8]}}, {"type": "Feature", "properties": {"h": 8.8, "r": 2.9}, "geometry": {"type": "Point", "coordinates": [393046.2, 5669839.2]}}, {"type": "Feature", "properties": {"h": 9.0, "r": 1.4}, "geometry": {"type": "Point", "coordinates": [393193.8, 5668478.8]}}, {"type": "Feature", "properties": {"h": 8.6, "r": 1.8}, "geometry": {"type": "Point", "coordinates": [392116.8, 5669804.2]}}, {"type": "Feature", "properties": {"h": 9.4, "r": 1.1}, "geometry": {"type": "Point", "coordinates": [393222.2, 5669166.8]}}, {"type": "Feature", "properties": {"h": 8.6, "r": 1.8}, "geometry": {"type": "Point", "coordinates": [392977.8, 5668026.8]}}, {"type": "Feature", "properties": {"h": 15.2, "r": 1.0}, "geometry": {"type": "Point", "coordinates": [392258.8, 5668005.8]}}, {"type": "Feature", "properties": {"h": 8.1, "r": 3.6}, "geometry": {"type": "Point", "coordinates": [392673.2, 5668929.8]}}, {"type": "Feature", "properties": {"h": 8.7, "r": 2.5}, "geometry": {"type": "Point", "coordinates": [392065.2, 5668129.2]}}, {"type": "Feature", "properties": {"h": 9.4, "r": 2.5}, "geometry": {"type": "Point", "coordinates": [392376.2, 5668251.8]}}, {"type": "Feature", "properties": {"h": 8.3, "r": 2.5}, "geometry": {"type": "Point", "coordinates": [393370.8, 5668502.2]}}, {"type": "Feature", "properties": {"h": 8.8, "r": 1.6}, "geometry": {"type": "Point", "coordinates": [392543.8, 5669901.8]}}, {"type": "Feature", "properties": {"h": 9.0, "r": 2.5}, "geometry": {"type": "Point", "coordinates": [392132.8, 5669164.2]}}, {"type": "Feature", "properties": {"h": 8.7, "r": 1.6}, "geometry": {"type": "Point", "coordinates": [393183.2, 5668699.8]}}, {"type": "Feature", "properties": {"h": 9.9, "r": 1.5}, "geometry": {"type": "Point", "coordinates": [392383.8, 5669823.2]}}, {"type": "Feature", "properties": {"h": 8.8, "r": 2.1}, "geometry": {"type": "Point", "coordinates": [392995.2, 5669947.8]}}, {"type": "Feature", "properties": {"h": 9.6, "r": 2.0}, "geometry": {"type": "Point", "coordinates": [392022.8, 5668473.2]}}, {"type": "Feature", "properties": {"h": 8.5, "r": 1.6}, "geometry": {"type": "Point", "coordinates": [392132.8, 5669249.8]}}, {"type": "Feature", "properties": {"h": 8.2, "r": 2.1}, "geometry": {"type": "Point", "coordinates": [393539.8, 5669905.2]}}, {"type": "Feature", "properties": {"h": 11.2, "r": 1.0}, "geometry": {"type": "Point", "coordinates": [392258.8, 5669272.8]}}, {"type": "Feature", "properties": {"h": 6.8, "r": 1.8}, "geometry": {"type": "Point", "coordinates": [393967.8, 5669274.8]}}, {"type": "Feature", "properties": {"h": 8.9, "r": 2.2}, "geometry": {"type": "Point", "coordinates": [393478.8, 5669637.2]}}, {"type": "Feature", "properties": {"h": 8.0, "r": 3.2}, "geometry": {"type": "Point", "coordinates": [392225.8, 5669161.2]}}, {"type": "Feature", "properties": {"h": 8.2, "r": 2.5}, "geometry": {"type": "Point", "coordinates": [392269.8, 5669276.8]}}, {"type": "Feature", "properties": {"h": 8.2, "r": 2.1}, "geometry": {"type": "Point", "coordinates": [393262.8, 5668425.2]}}, {"type": "Feature", "properties": {"h": 8.9, "r": 2.5}, "geometry": {"type": "Point", "coordinates": [392884.8, 5669893.2]}}, {"type": "Feature", "properties": {"h": 8.9, "r": 3.0}, "geometry": {"type": "Point", "coordinates": [393296.2, 5668669.8]}}, {"type": "Feature", "properties": {"h": 10.4, "r": 1.0}, "geometry": {"type": "Point", "coordinates": [392966.2, 5668443.2]}}, {"type": "Feature", "properties": {"h": 8.3, "r": 1.1}, "geometry": {"type": "Point", "coordinates": [393011.2, 5669268.2]}}, {"type": "Feature", "properties": {"h": 9.4, "r": 1.4}, "geometry": {"type": "Point", "coordinates": [392166.2, 5668718.2]}}, {"type": "Feature", "properties": {"h": 9.3, "r": 2.1}, "geometry": {"type": "Point", "coordinates": [393710.2, 5669747.8]}}, {"type": "Feature", "properties": {"h": 7.9, "r": 2.1}, "geometry": {"type": "Point", "coordinates": [392092.2, 5669218.2]}}, {"type": "Feature", "properties": {"h": 9.9, "r": 1.6}, "geometry": {"type": "Point", "coordinates": [393299.8, 5668682.2]}}, {"type": "Feature", "properties": {"h": 9.9, "r": 1.8}, "geometry": {"type": "Point", "coordinates": [392151.2, 5668792.8]}}, {"type": "Feature", "properties": {"h": 8.2, "r": 1.4}, "geometry": {"type": "Point", "coordinates": [392108.2, 5668099.2]}}, {"type": "Feature", "properties": {"h": 9.8, "r": 1.5}, "geometry": {"type": "Point", "coordinates": [393203.8, 5668729.8]}}, {"type": "Feature", "properties": {"h": 8.2, "r": 3.2}, "geometry": {"type": "Point", "coordinates": [392663.8, 5668281.8]}}, {"type": "Feature", "properties": {"h": 8.3, "r": 3.2}, "geometry": {"type": "Point", "coordinates": [392840.8, 5669587.2]}}, {"type": "Feature", "properties": {"h": 7.9, "r": 1.8}, "geometry": {"type": "Point", "coordinates": [393381.2, 5668189.8]}}, {"type": "Feature", "properties": {"h": 9.6, "r": 1.4}, "geometry": {"type": "Point", "coordinates": [393648.2, 5669190.2]}}, {"type": "Feature", "properties": {"h": 9.5, "r": 2.1}, "geometry": {"type": "Point", "coordinates": [393288.2, 5668209.2]}}, {"type": "Feature", "properties": {"h": 7.8, "r": 2.1}, "geometry": {"type": "Point", "coordinates": [392316.8, 5669277.2]}}, {"type": "Feature", "properties": {"h": 8.3, "r": 3.0}, "geometry": {"type": "Point", "coordinates": [393221.2, 5669301.8]}}, {"type": "Feature", "properties": {"h": 10.1, "r": 1.5}, "geometry": {"type": "Point", "coordinates": [393463.2, 5668289.2]}}, {"type": "Feature", "properties": {"h": 9.3, "r": 1.1}, "geometry": {"type": "Point", "coordinates": [392305.8, 5668363.8]}}, {"type": "Feature", "properties": {"h": 12.9, "r": 1.0}, "geometry": {"type": "Point", "coordinates": [392775.8, 5668129.8]}}, {"type": "Feature", "properties": {"h": 8.5, "r": 1.6}, "geometry": {"type": "Point", "coordinates": [392257.2, 5668001.2]}}, {"type": "Feature", "properties": {"h": 7.5, "r": 2.5}, "geometry": {"type": "Point", "coordinates": [392737.2, 5668278.2]}}, {"type": "Feature", "properties": {"h": 9.7, "r": 1.5}, "geometry": {"type": "Point", "coordinates": [392123.2, 5668795.2]}}, {"type": "Feature", "properties": {"h": 7.7, "r": 2.5}, "geometry": {"type": "Point", "coordinates": [393051.8, 5668392.2]}}, {"type": "Feature", "properties": {"h": 6.9, "r": 1.8}, "geometry": {"type": "Point", "coordinates": [392938.8, 5668114.2]}}, {"type": "Feature", "properties": {"h": 8.5, "r": 2.0}, "geometry": {"type": "Point", "coordinates": [393585.8, 5668165.2]}}, {"type": "Feature", "properties": {"h": 10.6, "r": 1.4}, "geometry": {"type": "Point", "coordinates": [393518.8, 5669403.8]}}, {"type": "Feature", "properties": {"h": 9.6, "r": 1.8}, "geometry": {"type": "Point", "coordinates": [393196.2, 5668202.2]}}, {"type": "Feature", "properties": {"h": 8.1, "r": 2.5}, "geometry": {"type": "Point", "coordinates": [392922.2, 5669610.2]}}, {"type": "Feature", "properties": {"h": 11.6, "r": 1.0}, "geometry": {"type": "Point", "coordinates": [392038.2, 5668797.2]}}, {"type": "Feature", "properties": {"h": 9.1, "r": 1.4}, "geometry": {"type": "Point", "coordinates": [393517.2, 5669584.8]}}, {"type": "Feature", "properties": {"h": 9.6, "r": 2.1}, "geometry": {"type": "Point", "coordinates": [392163.2, 5669366.8]}}, {"type": "Feature", "properties": {"h": 8.9, "r": 1.1}, "geometry": {"type": "Point", "coordinates": [392970.2, 5669383.8]}}, {"type": "Feature", "properties": {"h": 8.7, "r": 3.6}, "geometry": {"type": "Point", "coordinates": [392466.8, 5668325.8]}}, {"type": "Feature", "properties": {"h": 9.1, "r": 2.0}, "geometry": {"type": "Point", "coordinates": [392476.2, 5668102.2]}}, {"type": "Feature", "properties": {"h": 9.5, "r": 1.0}, "geometry": {"type": "Point", "coordinates": [392986.2, 5668802.2]}}, {"type": "Feature", "properties": {"h": 10.0, "r": 1.1}, "geometry": {"type": "Point", "coordinates": [393174.2, 5669785.8]}}, {"type": "Feature", "properties": {"h": 7.9, "r": 2.1}, "geometry": {"type": "Point", "coordinates": [392942.8, 5669930.8]}}, {"type": "Feature", "properties": {"h": 7.7, "r": 1.6}, "geometry": {"type": "Point", "coordinates": [392515.2, 5668391.8]}}, {"type": "Feature", "properties": {"h": 12.1, "r": 1.4}, "geometry": {"type": "Point", "coordinates": [392262.8, 5668034.8]}}, {"type": "Feature", "properties": {"h": 8.5, "r": 2.5}, "geometry": {"type": "Point", "coordinates": [393548.8, 5669313.2]}}, {"type": "Feature", "properties": {"h": 9.3, "r": 1.6}, "geometry": {"type": "Point", "coordinates": [393684.2, 5669942.2]}}, {"type": "Feature", "properties": {"h": 8.6, "r": 1.8}, "geometry": {"type": "Point", "coordinates": [392113.2, 5669031.2]}}, {"type": "Feature", "properties": {"h": 9.1, "r": 3.0}, "geometry": {"type": "Point", "coordinates": [393466.8, 5669862.8]}}, {"type": "Feature", "properties": {"h": 8.1, "r": 1.0}, "geometry": {"type": "Point", "coordinates": [392531.2, 5669232.2]}}, {"type": "Feature", "properties": {"h": 8.7, "r": 2.1}, "geometry": {"type": "Point", "coordinates": [393898.2, 5668292.2]}}, {"type": "Feature", "properties": {"h": 8.4, "r": 2.2}, "geometry": {"type": "Point", "coordinates": [393089.2, 5669669.8]}}, {"type": "Feature", "properties": {"h": 9.4, "r": 1.1}, "geometry": {"type": "Point", "coordinates": [393785.8, 5668372.8]}}, {"type": "Feature", "properties": {"h": 8.0, "r": 2.9}, "geometry": {"type": "Point", "coordinates": [392258.8, 5668131.8]}}, {"type": "Feature", "properties": {"h": 8.1, "r": 2.0}, "geometry": {"type": "Point", "coordinates": [392976.2, 5668040.2]}}, {"type": "Feature", "properties": {"h": 8.3, "r": 2.1}, "geometry": {"type": "Point", "coordinates": [393518.8, 5669563.2]}}, {"type": "Feature", "properties": {"h": 9.2, "r": 1.6}, "geometry": {"type": "Point", "coordinates": [393838.2, 5669247.2]}}, {"type": "Feature", "properties": {"h": 8.5, "r": 1.1}, "geometry": {"type": "Point", "coordinates": [392125.2, 5669338.2]}}, {"type": "Feature", "properties": {"h": 10.0, "r": 1.5}, "geometry": {"type": "Point", "coordinates": [393615.2, 5669435.8]}}, {"type": "Feature", "properties": {"h": 8.2, "r": 2.1}, "geometry": {"type": "Point", "coordinates": [393279.8, 5668400.8]}}, {"type": "Feature", "properties": {"h": 9.0, "r": 1.4}, "geometry": {"type": "Point", "coordinates": [392931.2, 5669416.2]}}, {"type": "Feature", "properties": {"h": 8.6, "r": 2.5}, "geometry": {"type": "Point", "coordinates": [392237.8, 5668293.8]}}, {"type": "Feature", "properties": {"h": 10.3, "r": 1.1}, "geometry": {"type": "Point", "coordinates": [393233.8, 5669394.2]}}, {"type": "Feature", "properties": {"h": 8.5, "r": 2.7}, "geometry": {"type": "Point", "coordinates": [392170.2, 5669119.2]}}, {"type": "Feature", "properties": {"h": 10.1, "r": 1.0}, "geometry": {"type": "Point", "coordinates": [393957.8, 5669333.8]}}, {"type": "Feature", "properties": {"h": 9.8, "r": 1.5}, "geometry": {"type": "Point", "coordinates": [393453.8, 5668349.2]}}, {"type": "Feature", "properties": {"h": 22.0, "r": 1.0}, "geometry": {"type": "Point", "coordinates": [392798.2, 5668156.2]}}, {"type": "Feature", "properties": {"h": 8.4, "r": 1.6}, "geometry": {"type": "Point", "coordinates": [393915.2, 5668510.8]}}, {"type": "Feature", "properties": {"h": 8.3, "r": 1.8}, "geometry": {"type": "Point", "coordinates": [392053.8, 5668457.8]}}, {"type": "Feature", "properties": {"h": 8.2, "r": 1.8}, "geometry": {"type": "Point", "coordinates": [393297.8, 5668678.2]}}, {"type": "Feature", "properties": {"h": 5.1, "r": 2.1}, "geometry": {"type": "Point", "coordinates": [392052.8, 5668879.2]}}, {"type": "Feature", "properties": {"h": 8.1, "r": 3.0}, "geometry": {"type": "Point", "coordinates": [392276.8, 5669817.8]}}, {"type": "Feature", "properties": {"h": 8.5, "r": 1.6}, "geometry": {"type": "Point", "coordinates": [392482.2, 5668561.2]}}, {"type": "Feature", "properties": {"h": 7.8, "r": 1.8}, "geometry": {"type": "Point", "coordinates": [393131.8, 5669516.8]}}, {"type": "Feature", "properties": {"h": 7.3, "r": 3.0}, "geometry": {"type": "Point", "coordinates": [393933.2, 5668301.8]}}, {"type": "Feature", "properties": {"h": 8.0, "r": 1.8}, "geometry": {"type": "Point", "coordinates": [393802.8, 5668886.2]}}, {"type": "Feature", "properties": {"h": 9.1, "r": 1.0}, "geometry": {"type": "Point", "coordinates": [392073.8, 5668870.8]}}, {"type": "Feature", "properties": {"h": 8.2, "r": 1.6}, "geometry": {"type": "Point", "coordinates": [393578.8, 5669908.8]}}, {"type": "Feature", "properties": {"h": 12.3, "r": 1.0}, "geometry": {"type": "Point", "coordinates": [392675.2, 5668010.2]}}, {"type": "Feature", "properties": {"h": 9.1, "r": 1.5}, "geometry": {"type": "Point", "coordinates": [392122.8, 5668784.8]}}, {"type": "Feature", "properties": {"h": 8.2, "r": 2.0}, "geometry": {"type": "Point", "coordinates": [393415.2, 5668372.8]}}, {"type": "Feature", "properties": {"h": 8.6, "r": 1.8}, "geometry": {"type": "Point", "coordinates": [393574.8, 5669995.2]}}, {"type": "Feature", "properties": {"h": 9.0, "r": 1.1}, "geometry": {"type": "Point", "coordinates": [392786.8, 5668979.8]}}, {"type": "Feature", "properties": {"h": 9.8, "r": 1.4}, "geometry": {"type": "Point", "coordinates": [392375.2, 5669324.8]}}, {"type": "Feature", "properties": {"h": 9.0, "r": 1.8}, "geometry": {"type": "Point", "coordinates": [392705.8, 5669392.2]}}, {"type": "Feature", "properties": {"h": 8.3, "r": 2.7}, "geometry": {"type": "Point", "coordinates": [392118.8, 5669113.2]}}, {"type": "Feature", "properties": {"h": 8.2, "r": 2.1}, "geometry": {"type": "Point", "coordinates": [392792.8, 5669131.2]}}, {"type": "Feature", "properties": {"h": 8.6, "r": 2.1}, "geometry": {"type": "Point", "coordinates": [393563.8, 5669918.8]}}, {"type": "Feature", "properties": {"h": 9.3, "r": 1.8}, "geometry": {"type": "Point", "coordinates": [393083.2, 5669664.8]}}, {"type": "Feature", "properties": {"h": 8.4, "r": 1.4}, "geometry": {"type": "Point", "coordinates": [393285.2, 5668684.8]}}, {"type": "Feature", "properties": {"h": 8.4, "r": 1.5}, "geometry": {"type": "Point", "coordinates": [392059.2, 5669088.2]}}, {"type": "Feature", "properties": {"h": 8.1, "r": 2.1}, "geometry": {"type": "Point", "coordinates": [393873.8, 5669316.2]}}, {"type": "Feature", "properties": {"h": 8.4, "r": 2.9}, "geometry": {"type": "Point", "coordinates": [392126.2, 5669169.2]}}, {"type": "Feature", "properties": {"h": 9.0, "r": 1.1}, "geometry": {"type": "Point", "coordinates": [392939.8, 5668966.8]}}, {"type": "Feature", "properties": {"h": 8.7, "r": 1.4}, "geometry": {"type": "Point", "coordinates": [393727.8, 5669193.8]}}, {"type": "Feature", "properties": {"h": 8.0, "r": 2.5}, "geometry": {"type": "Point", "coordinates": [393710.8, 5669948.2]}}, {"type": "Feature", "properties": {"h": 9.5, "r": 1.4}, "geometry": {"type": "Point", "coordinates": [392571.2, 5669190.2]}}, {"type": "Feature", "properties": {"h": 9.2, "r": 1.0}, "geometry": {"type": "Point", "coordinates": [393007.2, 5669763.8]}}, {"type": "Feature", "properties": {"h": 7.9, "r": 1.5}, "geometry": {"type": "Point", "coordinates": [393445.2, 5668725.8]}}, {"type": "Feature", "properties": {"h": 7.4, "r": 1.8}, "geometry": {"type": "Point", "coordinates": [392078.8, 5668332.2]}}, {"type": "Feature", "properties": {"h": 8.7, "r": 1.8}, "geometry": {"type": "Point", "coordinates": [392965.8, 5668096.8]}}, {"type": "Feature", "properties": {"h": 8.5, "r": 1.6}, "geometry": {"type": "Point", "coordinates": [392054.8, 5669018.2]}}, {"type": "Feature", "properties": {"h": 9.7, "r": 1.8}, "geometry": {"type": "Point", "coordinates": [392894.2, 5669407.8]}}, {"type": "Feature", "properties": {"h": 7.8, "r": 2.0}, "geometry": {"type": "Point", "coordinates": [392203.2, 5669938.8]}}, {"type": "Feature", "properties": {"h": 5.4, "r": 1.4}, "geometry": {"type": "Point", "coordinates": [392890.2, 5669586.2]}}, {"type": "Feature", "properties": {"h": 10.6, "r": 1.0}, "geometry": {"type": "Point", "coordinates": [393058.8, 5669075.8]}}, {"type": "Feature", "properties": {"h": 8.6, "r": 2.5}, "geometry": {"type": "Point", "coordinates": [393554.8, 5668062.8]}}, {"type": "Feature", "properties": {"h": 8.6, "r": 2.5}, "geometry": {"type": "Point", "coordinates": [393222.2, 5669309.8]}}, {"type": "Feature", "properties": {"h": 12.2, "r": 1.0}, "geometry": {"type": "Point", "coordinates": [392819.8, 5669853.8]}}, {"type": "Feature", "properties": {"h": 8.1, "r": 2.1}, "geometry": {"type": "Point", "coordinates": [393918.8, 5669665.8]}}, {"type": "Feature", "properties": {"h": 7.8, "r": 2.2}, "geometry": {"type": "Point", "coordinates": [392121.2, 5669302.2]}}, {"type": "Feature", "properties": {"h": 8.6, "r": 1.8}, "geometry": {"type": "Point", "coordinates": [392986.2, 5668509.2]}}, {"type": "Feature", "properties": {"h": 8.4, "r": 2.5}, "geometry": {"type": "Point", "coordinates": [393455.8, 5669688.8]}}, {"type": "Feature", "properties": {"h": 9.0, "r": 1.5}, "geometry": {"type": "Point", "coordinates": [393719.2, 5669824.2]}}, {"type": "Feature", "properties": {"h": 7.9, "r": 2.5}, "geometry": {"type": "Point", "coordinates": [393273.8, 5668120.8]}}, {"type": "Feature", "properties": {"h": 9.6, "r": 1.4}, "geometry": {"type": "Point", "coordinates": [392957.8, 5669132.8]}}, {"type": "Feature", "properties": {"h": 7.7, "r": 1.4}, "geometry": {"type": "Point", "coordinates": [392090.8, 5668223.2]}}, {"type": "Feature", "properties": {"h": 7.5, "r": 2.8}, "geometry": {"type": "Point", "coordinates": [392290.2, 5668187.2]}}, {"type": "Feature", "properties": {"h": 9.1, "r": 1.5}, "geometry": {"type": "Point", "coordinates": [393265.2, 5668528.2]}}, {"type": "Feature", "properties": {"h": 7.3, "r": 2.5}, "geometry": {"type": "Point", "coordinates": [392493.2, 5669957.8]}}, {"type": "Feature", "properties": {"h": 7.9, "r": 2.5}, "geometry": {"type": "Point", "coordinates": [393608.2, 5668146.2]}}, {"type": "Feature", "properties": {"h": 8.1, "r": 2.9}, "geometry": {"type": "Point", "coordinates": [392229.2, 5668518.2]}}, {"type": "Feature", "properties": {"h": 8.4, "r": 2.0}, "geometry": {"type": "Point", "coordinates": [393640.8, 5668035.8]}}, {"type": "Feature", "properties": {"h": 8.3, "r": 2.5}, "geometry": {"type": "Point", "coordinates": [393312.8, 5668390.8]}}, {"type": "Feature", "properties": {"h": 8.4, "r": 1.4}, "geometry": {"type": "Point", "coordinates": [392150.2, 5669245.2]}}, {"type": "Feature", "properties": {"h": 8.2, "r": 1.8}, "geometry": {"type": "Point", "coordinates": [393175.8, 5669778.8]}}, {"type": "Feature", "properties": {"h": 8.5, "r": 1.4}, "geometry": {"type": "Point", "coordinates": [392835.8, 5669410.8]}}, {"type": "Feature", "properties": {"h": 9.8, "r": 1.8}, "geometry": {"type": "Point", "coordinates": [392178.8, 5668453.8]}}, {"type": "Feature", "properties": {"h": 8.7, "r": 2.2}, "geometry": {"type": "Point", "coordinates": [392298.2, 5669355.2]}}, {"type": "Feature", "properties": {"h": 8.1, "r": 2.0}, "geometry": {"type": "Point", "coordinates": [392129.2, 5669346.2]}}, {"type": "Feature", "properties": {"h": 4.9, "r": 1.6}, "geometry": {"type": "Point", "coordinates": [393648.8, 5669374.8]}}, {"type": "Feature", "properties": {"h": 8.0, "r": 2.0}, "geometry": {"type": "Point", "coordinates": [392054.2, 5669021.8]}}, {"type": "Feature", "properties": {"h": 9.3, "r": 1.1}, "geometry": {"type": "Point", "coordinates": [392165.2, 5669471.8]}}, {"type": "Feature", "properties": {"h": 9.5, "r": 1.5}, "geometry": {"type": "Point", "coordinates": [393063.2, 5669832.2]}}, {"type": "Feature", "properties": {"h": 8.1, "r": 2.1}, "geometry": {"type": "Point", "coordinates": [392124.8, 5668404.8]}}, {"type": "Feature", "properties": {"h": 10.0, "r": 1.8}, "geometry": {"type": "Point", "coordinates": [392300.8, 5668360.8]}}, {"type": "Feature", "properties": {"h": 8.4, "r": 2.1}, "geometry": {"type": "Point", "coordinates": [393874.2, 5669321.8]}}, {"type": "Feature", "properties": {"h": 7.4, "r": 2.5}, "geometry": {"type": "Point", "coordinates": [393608.8, 5669364.2]}}, {"type": "Feature", "properties": {"h": 8.4, "r": 2.1}, "geometry": {"type": "Point", "coordinates": [393666.2, 5669878.8]}}, {"type": "Feature", "properties": {"h": 9.4, "r": 1.1}, "geometry": {"type": "Point", "coordinates": [393533.2, 5668562.8]}}, {"type": "Feature", "properties": {"h": 7.7, "r": 2.7}, "geometry": {"type": "Point", "coordinates": [392124.8, 5668435.8]}}, {"type": "Feature", "properties": {"h": 8.1, "r": 2.5}, "geometry": {"type": "Point", "coordinates": [392246.2, 5668593.8]}}, {"type": "Feature", "properties": {"h": 7.6, "r": 2.9}, "geometry": {"type": "Point", "coordinates": [393582.8, 5669284.2]}}, {"type": "Feature", "properties": {"h": 9.2, "r": 2.0}, "geometry": {"type": "Point", "coordinates": [393093.2, 5668010.2]}}, {"type": "Feature", "properties": {"h": 7.7, "r": 2.5}, "geometry": {"type": "Point", "coordinates": [392265.2, 5668415.8]}}, {"type": "Feature", "properties": {"h": 10.6, "r": 1.0}, "geometry": {"type": "Point", "coordinates": [392438.8, 5668096.8]}}, {"type": "Feature", "properties": {"h": 8.3, "r": 2.8}, "geometry": {"type": "Point", "coordinates": [393409.2, 5668212.2]}}, {"type": "Feature", "properties": {"h": 9.0, "r": 1.0}, "geometry": {"type": "Point", "coordinates": [392002.8, 5668923.8]}}, {"type": "Feature", "properties": {"h": 8.3, "r": 2.0}, "geometry": {"type": "Point", "coordinates": [393102.8, 5669147.2]}}, {"type": "Feature", "properties": {"h": 8.1, "r": 2.0}, "geometry": {"type": "Point", "coordinates": [393967.8, 5669461.8]}}, {"type": "Feature", "properties": {"h": 8.9, "r": 2.7}, "geometry": {"type": "Point", "coordinates": [392610.2, 5668776.2]}}, {"type": "Feature", "properties": {"h": 8.6, "r": 1.4}, "geometry": {"type": "Point", "coordinates": [392430.2, 5668185.8]}}, {"type": "Feature", "properties": {"h": 8.4, "r": 2.0}, "geometry": {"type": "Point", "coordinates": [393824.2, 5669273.2]}}, {"type": "Feature", "properties": {"h": 7.7, "r": 2.2}, "geometry": {"type": "Point", "coordinates": [393692.2, 5669920.2]}}, {"type": "Feature", "properties": {"h": 8.2, "r": 2.0}, "geometry": {"type": "Point", "coordinates": [393335.8, 5668996.2]}}, {"type": "Feature", "properties": {"h": 7.8, "r": 1.8}, "geometry": {"type": "Point", "coordinates": [392376.2, 5669315.8]}}, {"type": "Feature", "properties": {"h": 7.6, "r": 1.1}, "geometry": {"type": "Point", "coordinates": [393202.8, 5668485.8]}}, {"type": "Feature", "properties": {"h": 9.8, "r": 1.6}, "geometry": {"type": "Point", "coordinates": [393232.2, 5668388.2]}}, {"type": "Feature", "properties": {"h": 6.5, "r": 2.0}, "geometry": {"type": "Point", "coordinates": [392341.8, 5669787.2]}}, {"type": "Feature", "properties": {"h": 9.3, "r": 1.6}, "geometry": {"type": "Point", "coordinates": [392177.8, 5668447.2]}}, {"type": "Feature", "properties": {"h": 8.2, "r": 2.2}, "geometry": {"type": "Point", "coordinates": [393843.8, 5668638.2]}}, {"type": "Feature", "properties": {"h": 8.5, "r": 1.6}, "geometry": {"type": "Point", "coordinates": [392127.2, 5669287.8]}}, {"type": "Feature", "properties": {"h": 8.8, "r": 1.6}, "geometry": {"type": "Point", "coordinates": [393738.2, 5669178.2]}}, {"type": "Feature", "properties": {"h": 8.9, "r": 1.5}, "geometry": {"type": "Point", "coordinates": [392086.2, 5668874.8]}}, {"type": "Feature", "properties": {"h": 8.4, "r": 1.5}, "geometry": {"type": "Point", "coordinates": [392906.8, 5668919.8]}}, {"type": "Feature", "properties": {"h": 8.4, "r": 1.1}, "geometry": {"type": "Point", "coordinates": [393011.8, 5669692.2]}}, {"type": "Feature", "properties": {"h": 8.1, "r": 2.5}, "geometry": {"type": "Point", "coordinates": [393335.8, 5668391.2]}}, {"type": "Feature", "properties": {"h": 7.7, "r": 1.8}, "geometry": {"type": "Point", "coordinates": [392854.2, 5669014.2]}}, {"type": "Feature", "properties": {"h": 8.5, "r": 1.5}, "geometry": {"type": "Point", "coordinates": [392441.2, 5668260.2]}}, {"type": "Feature", "properties": {"h": 8.1, "r": 2.7}, "geometry": {"type": "Point", "coordinates": [392696.2, 5668158.2]}}, {"type": "Feature", "properties": {"h": 8.5, "r": 1.1}, "geometry": {"type": "Point", "coordinates": [392326.8, 5669280.2]}}, {"type": "Feature", "properties": {"h": 10.3, "r": 1.0}, "geometry": {"type": "Point", "coordinates": [392268.2, 5668430.8]}}, {"type": "Feature", "properties": {"h": 8.6, "r": 1.8}, "geometry": {"type": "Point", "coordinates": [393958.8, 5668243.8]}}, {"type": "Feature", "properties": {"h": 8.0, "r": 2.0}, "geometry": {"type": "Point", "coordinates": [392304.8, 5668585.2]}}, {"type": "Feature", "properties": {"h": 9.4, "r": 2.1}, "geometry": {"type": "Point", "coordinates": [392797.8, 5668955.2]}}, {"type": "Feature", "properties": {"h": 7.8, "r": 1.0}, "geometry": {"type": "Point", "coordinates": [392673.2, 5668295.2]}}, {"type": "Feature", "properties": {"h": 11.2, "r": 2.1}, "geometry": {"type": "Point", "coordinates": [392323.2, 5668312.8]}}, {"type": "Feature", "properties": {"h": 8.1, "r": 2.1}, "geometry": {"type": "Point", "coordinates": [392928.8, 5669426.8]}}, {"type": "Feature", "properties": {"h": 8.3, "r": 2.1}, "geometry": {"type": "Point", "coordinates": [393673.8, 5669211.8]}}, {"type": "Feature", "properties": {"h": 7.9, "r": 1.5}, "geometry": {"type": "Point", "coordinates": [392214.2, 5668710.2]}}, {"type": "Feature", "properties": {"h": 9.1, "r": 1.1}, "geometry": {"type": "Point", "coordinates": [393245.8, 5669187.2]}}, {"type": "Feature", "properties": {"h": 8.1, "r": 3.0}, "geometry": {"type": "Point", "coordinates": [393735.2, 5669998.2]}}, {"type": "Feature", "properties": {"h": 8.2, "r": 2.1}, "geometry": {"type": "Point", "coordinates": [393130.8, 5669703.8]}}, {"type": "Feature", "properties": {"h": 7.9, "r": 2.1}, "geometry": {"type": "Point", "coordinates": [393279.8, 5668515.8]}}, {"type": "Feature", "properties": {"h": 8.2, "r": 1.4}, "geometry": {"type": "Point", "coordinates": [393797.8, 5669167.2]}}, {"type": "Feature", "properties": {"h": 7.6, "r": 2.1}, "geometry": {"type": "Point", "coordinates": [393045.8, 5669847.2]}}, {"type": "Feature", "properties": {"h": 8.2, "r": 1.1}, "geometry": {"type": "Point", "coordinates": [393346.2, 5668532.2]}}, {"type": "Feature", "properties": {"h": 7.9, "r": 1.8}, "geometry": {"type": "Point", "coordinates": [392539.2, 5669558.2]}}, {"type": "Feature", "properties": {"h": 10.4, "r": 1.0}, "geometry": {"type": "Point", "coordinates": [393875.2, 5668838.8]}}, {"type": "Feature", "properties": {"h": 8.3, "r": 2.1}, "geometry": {"type": "Point", "coordinates": [392025.8, 5669761.8]}}, {"type": "Feature", "properties": {"h": 8.6, "r": 1.5}, "geometry": {"type": "Point", "coordinates": [393016.8, 5668000.2]}}, {"type": "Feature", "properties": {"h": 8.5, "r": 1.8}, "geometry": {"type": "Point", "coordinates": [393940.8, 5669612.2]}}, {"type": "Feature", "properties": {"h": 11.6, "r": 1.0}, "geometry": {"type": "Point", "coordinates": [393585.8, 5669928.2]}}, {"type": "Feature", "properties": {"h": 12.9, "r": 1.0}, "geometry": {"type": "Point", "coordinates": [393612.2, 5669847.2]}}, {"type": "Feature", "properties": {"h": 8.9, "r": 1.5}, "geometry": {"type": "Point", "coordinates": [392891.2, 5668590.8]}}, {"type": "Feature", "properties": {"h": 17.6, "r": 1.0}, "geometry": {"type": "Point", "coordinates": [392726.2, 5668959.2]}}, {"type": "Feature", "properties": {"h": 8.8, "r": 2.0}, "geometry": {"type": "Point", "coordinates": [392283.8, 5669169.8]}}, {"type": "Feature", "properties": {"h": 7.8, "r": 3.2}, "geometry": {"type": "Point", "coordinates": [392450.8, 5669204.2]}}, {"type": "Feature", "properties": {"h": 8.1, "r": 2.5}, "geometry": {"type": "Point", "coordinates": [392240.2, 5669186.2]}}, {"type": "Feature", "properties": {"h": 7.8, "r": 2.1}, "geometry": {"type": "Point", "coordinates": [393539.8, 5669540.8]}}, {"type": "Feature", "properties": {"h": 8.7, "r": 2.0}, "geometry": {"type": "Point", "coordinates": [392650.8, 5668348.8]}}, {"type": "Feature", "properties": {"h": 7.9, "r": 1.8}, "geometry": {"type": "Point", "coordinates": [392108.2, 5669336.2]}}, {"type": "Feature", "properties": {"h": 8.0, "r": 2.5}, "geometry": {"type": "Point", "coordinates": [393582.8, 5669796.8]}}, {"type": "Feature", "properties": {"h": 7.8, "r": 2.2}, "geometry": {"type": "Point", "coordinates": [393903.2, 5668554.8]}}, {"type": "Feature", "properties": {"h": 8.1, "r": 1.4}, "geometry": {"type": "Point", "coordinates": [393772.8, 5669269.2]}}, {"type": "Feature", "properties": {"h": 7.8, "r": 2.0}, "geometry": {"type": "Point", "coordinates": [393058.2, 5668089.8]}}, {"type": "Feature", "properties": {"h": 9.2, "r": 1.8}, "geometry": {"type": "Point", "coordinates": [393078.2, 5668701.8]}}, {"type": "Feature", "properties": {"h": 8.1, "r": 1.6}, "geometry": {"type": "Point", "coordinates": [393796.2, 5669332.2]}}, {"type": "Feature", "properties": {"h": 8.6, "r": 1.6}, "geometry": {"type": "Point", "coordinates": [393863.8, 5669718.8]}}, {"type": "Feature", "properties": {"h": 8.7, "r": 1.0}, "geometry": {"type": "Point", "coordinates": [392314.8, 5668747.8]}}, {"type": "Feature", "properties": {"h": 7.4, "r": 2.1}, "geometry": {"type": "Point", "coordinates": [393571.2, 5668048.2]}}, {"type": "Feature", "properties": {"h": 8.5, "r": 3.6}, "geometry": {"type": "Point", "coordinates": [392276.2, 5668844.2]}}, {"type": "Feature", "properties": {"h": 8.9, "r": 1.5}, "geometry": {"type": "Point", "coordinates": [392279.2, 5668680.2]}}, {"type": "Feature", "properties": {"h": 8.1, "r": 1.8}, "geometry": {"type": "Point", "coordinates": [392064.8, 5669151.8]}}, {"type": "Feature", "properties": {"h": 5.1, "r": 1.4}, "geometry": {"type": "Point", "coordinates": [392829.2, 5669275.8]}}, {"type": "Feature", "properties": {"h": 7.4, "r": 2.1}, "geometry": {"type": "Point", "coordinates": [392556.8, 5668896.2]}}, {"type": "Feature", "properties": {"h": 8.8, "r": 1.8}, "geometry": {"type": "Point", "coordinates": [392966.8, 5668101.8]}}, {"type": "Feature", "properties": {"h": 8.9, "r": 1.1}, "geometry": {"type": "Point", "coordinates": [392230.2, 5669421.2]}}, {"type": "Feature", "properties": {"h": 8.0, "r": 2.0}, "geometry": {"type": "Point", "coordinates": [393435.8, 5669999.8]}}, {"type": "Feature", "properties": {"h": 7.4, "r": 1.4}, "geometry": {"type": "Point", "coordinates": [392022.2, 5668436.8]}}, {"type": "Feature", "properties": {"h": 8.3, "r": 2.1}, "geometry": {"type": "Point", "coordinates": [393015.8, 5669562.2]}}, {"type": "Feature", "properties": {"h": 8.0, "r": 2.0}, "geometry": {"type": "Point", "coordinates": [392075.2, 5669217.2]}}, {"type": "Feature", "properties": {"h": 7.8, "r": 1.4}, "geometry": {"type": "Point", "coordinates": [392784.2, 5668973.8]}}, {"type": "Feature", "properties": {"h": 7.8, "r": 2.5}, "geometry": {"type": "Point", "coordinates": [393094.2, 5669753.8]}}, {"type": "Feature", "properties": {"h": 8.4, "r": 1.5}, "geometry": {"type": "Point", "coordinates": [392346.8, 5669083.2]}}, {"type": "Feature", "properties": {"h": 8.9, "r": 1.1}, "geometry": {"type": "Point", "coordinates": [392415.8, 5669840.8]}}, {"type": "Feature", "properties": {"h": 7.7, "r": 2.2}, "geometry": {"type": "Point", "coordinates": [393488.8, 5668572.8]}}, {"type": "Feature", "properties": {"h": 9.0, "r": 1.0}, "geometry": {"type": "Point", "coordinates": [393429.2, 5668074.8]}}, {"type": "Feature", "properties": {"h": 9.4, "r": 1.8}, "geometry": {"type": "Point", "coordinates": [393152.2, 5669267.2]}}, {"type": "Feature", "properties": {"h": 9.1, "r": 1.4}, "geometry": {"type": "Point", "coordinates": [393117.2, 5669337.8]}}, {"type": "Feature", "properties": {"h": 8.2, "r": 2.1}, "geometry": {"type": "Point", "coordinates": [393240.2, 5668300.8]}}, {"type": "Feature", "properties": {"h": 7.9, "r": 2.1}, "geometry": {"type": "Point", "coordinates": [392771.8, 5669499.2]}}, {"type": "Feature", "properties": {"h": 9.4, "r": 1.5}, "geometry": {"type": "Point", "coordinates": [392129.8, 5668732.2]}}, {"type": "Feature", "properties": {"h": 7.0, "r": 1.8}, "geometry": {"type": "Point", "coordinates": [392232.8, 5668122.2]}}, {"type": "Feature", "properties": {"h": 7.7, "r": 1.8}, "geometry": {"type": "Point", "coordinates": [393776.2, 5669457.2]}}, {"type": "Feature", "properties": {"h": 8.2, "r": 1.6}, "geometry": {"type": "Point", "coordinates": [392884.2, 5669393.8]}}, {"type": "Feature", "properties": {"h": 7.6, "r": 1.8}, "geometry": {"type": "Point", "coordinates": [393330.2, 5669112.2]}}, {"type": "Feature", "properties": {"h": 8.1, "r": 2.5}, "geometry": {"type": "Point", "coordinates": [392249.2, 5669037.2]}}, {"type": "Feature", "properties": {"h": 7.8, "r": 2.1}, "geometry": {"type": "Point", "coordinates": [392035.2, 5668926.2]}}, {"type": "Feature", "properties": {"h": 9.8, "r": 1.1}, "geometry": {"type": "Point", "coordinates": [392061.2, 5668424.2]}}, {"type": "Feature", "properties": {"h": 12.8, "r": 1.0}, "geometry": {"type": "Point", "coordinates": [393316.8, 5668817.2]}}, {"type": "Feature", "properties": {"h": 8.6, "r": 2.1}, "geometry": {"type": "Point", "coordinates": [393688.2, 5669913.2]}}, {"type": "Feature", "properties": {"h": 8.1, "r": 2.5}, "geometry": {"type": "Point", "coordinates": [392295.8, 5669171.2]}}, {"type": "Feature", "properties": {"h": 9.4, "r": 1.6}, "geometry": {"type": "Point", "coordinates": [393320.8, 5668721.2]}}, {"type": "Feature", "properties": {"h": 8.2, "r": 1.6}, "geometry": {"type": "Point", "coordinates": [392629.2, 5669045.8]}}, {"type": "Feature", "properties": {"h": 9.0, "r": 1.5}, "geometry": {"type": "Point", "coordinates": [392325.8, 5669275.8]}}, {"type": "Feature", "properties": {"h": 8.6, "r": 2.2}, "geometry": {"type": "Point", "coordinates": [393663.2, 5669873.2]}}, {"type": "Feature", "properties": {"h": 8.2, "r": 3.2}, "geometry": {"type": "Point", "coordinates": [393048.2, 5669860.2]}}, {"type": "Feature", "properties": {"h": 12.5, "r": 1.4}, "geometry": {"type": "Point", "coordinates": [392308.8, 5668819.2]}}, {"type": "Feature", "properties": {"h": 8.4, "r": 1.6}, "geometry": {"type": "Point", "coordinates": [393928.2, 5668552.8]}}, {"type": "Feature", "properties": {"h": 7.5, "r": 2.5}, "geometry": {"type": "Point", "coordinates": [392511.2, 5669585.8]}}, {"type": "Feature", "properties": {"h": 8.2, "r": 2.5}, "geometry": {"type": "Point", "coordinates": [392632.2, 5669186.2]}}, {"type": "Feature", "properties": {"h": 7.6, "r": 1.8}, "geometry": {"type": "Point", "coordinates": [392378.2, 5669240.8]}}, {"type": "Feature", "properties": {"h": 7.0, "r": 2.8}, "geometry": {"type": "Point", "coordinates": [392447.2, 5668082.8]}}, {"type": "Feature", "properties": {"h": 7.6, "r": 1.5}, "geometry": {"type": "Point", "coordinates": [392442.2, 5669829.8]}}, {"type": "Feature", "properties": {"h": 9.0, "r": 1.8}, "geometry": {"type": "Point", "coordinates": [392190.8, 5668078.8]}}, {"type": "Feature", "properties": {"h": 8.3, "r": 1.6}, "geometry": {"type": "Point", "coordinates": [392665.8, 5668391.2]}}, {"type": "Feature", "properties": {"h": 8.1, "r": 1.8}, "geometry": {"type": "Point", "coordinates": [392894.2, 5669163.2]}}, {"type": "Feature", "properties": {"h": 7.9, "r": 2.2}, "geometry": {"type": "Point", "coordinates": [392688.8, 5668836.2]}}, {"type": "Feature", "properties": {"h": 8.7, "r": 1.5}, "geometry": {"type": "Point", "coordinates": [392672.8, 5669280.8]}}, {"type": "Feature", "properties": {"h": 7.6, "r": 2.2}, "geometry": {"type": "Point", "coordinates": [392841.8, 5668957.8]}}, {"type": "Feature", "properties": {"h": 11.2, "r": 1.0}, "geometry": {"type": "Point", "coordinates": [392229.8, 5668368.8]}}, {"type": "Feature", "properties": {"h": 7.1, "r": 2.5}, "geometry": {"type": "Point", "coordinates": [393692.8, 5669898.8]}}, {"type": "Feature", "properties": {"h": 8.6, "r": 1.6}, "geometry": {"type": "Point", "coordinates": [392670.2, 5668392.2]}}, {"type": "Feature", "properties": {"h": 7.5, "r": 2.0}, "geometry": {"type": "Point", "coordinates": [392372.2, 5669358.8]}}, {"type": "Feature", "properties": {"h": 8.4, "r": 1.5}, "geometry": {"type": "Point", "coordinates": [392987.8, 5669192.8]}}, {"type": "Feature", "properties": {"h": 8.7, "r": 1.4}, "geometry": {"type": "Point", "coordinates": [393375.2, 5668546.2]}}, {"type": "Feature", "properties": {"h": 8.8, "r": 1.8}, "geometry": {"type": "Point", "coordinates": [393506.8, 5668767.8]}}, {"type": "Feature", "properties": {"h": 8.8, "r": 1.0}, "geometry": {"type": "Point", "coordinates": [392937.2, 5669614.8]}}, {"type": "Feature", "properties": {"h": 7.8, "r": 2.1}, "geometry": {"type": "Point", "coordinates": [392033.8, 5668579.2]}}, {"type": "Feature", "properties": {"h": 8.0, "r": 1.8}, "geometry": {"type": "Point", "coordinates": [392139.2, 5668354.8]}}, {"type": "Feature", "properties": {"h": 6.9, "r": 1.6}, "geometry": {"type": "Point", "coordinates": [393161.8, 5668132.8]}}, {"type": "Feature", "properties": {"h": 8.2, "r": 2.5}, "geometry": {"type": "Point", "coordinates": [393623.8, 5669879.2]}}, {"type": "Feature", "properties": {"h": 7.6, "r": 2.1}, "geometry": {"type": "Point", "coordinates": [392719.2, 5669542.8]}}, {"type": "Feature", "properties": {"h": 7.6, "r": 2.9}, "geometry": {"type": "Point", "coordinates": [392207.2, 5669935.8]}}, {"type": "Feature", "properties": {"h": 8.6, "r": 1.1}, "geometry": {"type": "Point", "coordinates": [392196.8, 5668377.2]}}, {"type": "Feature", "properties": {"h": 8.0, "r": 1.8}, "geometry": {"type": "Point", "coordinates": [393025.2, 5668547.2]}}, {"type": "Feature", "properties": {"h": 7.6, "r": 1.5}, "geometry": {"type": "Point", "coordinates": [393373.8, 5668921.8]}}, {"type": "Feature", "properties": {"h": 8.0, "r": 2.0}, "geometry": {"type": "Point", "coordinates": [393140.8, 5668248.2]}}, {"type": "Feature", "properties": {"h": 10.6, "r": 1.0}, "geometry": {"type": "Point", "coordinates": [393364.8, 5668190.2]}}, {"type": "Feature", "properties": {"h": 7.6, "r": 2.2}, "geometry": {"type": "Point", "coordinates": [393699.2, 5669437.2]}}, {"type": "Feature", "properties": {"h": 9.4, "r": 1.6}, "geometry": {"type": "Point", "coordinates": [393689.2, 5669407.2]}}, {"type": "Feature", "properties": {"h": 7.5, "r": 2.5}, "geometry": {"type": "Point", "coordinates": [393660.2, 5669558.8]}}, {"type": "Feature", "properties": {"h": 7.7, "r": 1.5}, "geometry": {"type": "Point", "coordinates": [393963.2, 5668910.2]}}, {"type": "Feature", "properties": {"h": 7.6, "r": 1.8}, "geometry": {"type": "Point", "coordinates": [392605.8, 5668127.2]}}, {"type": "Feature", "properties": {"h": 8.4, "r": 2.0}, "geometry": {"type": "Point", "coordinates": [393234.8, 5668420.8]}}, {"type": "Feature", "properties": {"h": 7.3, "r": 2.1}, "geometry": {"type": "Point", "coordinates": [393899.2, 5669282.2]}}, {"type": "Feature", "properties": {"h": 8.8, "r": 2.0}, "geometry": {"type": "Point", "coordinates": [392454.2, 5668341.2]}}, {"type": "Feature", "properties": {"h": 8.3, "r": 1.0}, "geometry": {"type": "Point", "coordinates": [393148.2, 5668426.2]}}, {"type": "Feature", "properties": {"h": 8.0, "r": 1.4}, "geometry": {"type": "Point", "coordinates": [392300.2, 5669165.2]}}, {"type": "Feature", "properties": {"h": 7.2, "r": 2.0}, "geometry": {"type": "Point", "coordinates": [393689.8, 5669156.8]}}, {"type": "Feature", "properties": {"h": 8.9, "r": 1.6}, "geometry": {"type": "Point", "coordinates": [392108.8, 5668359.2]}}, {"type": "Feature", "properties": {"h": 7.0, "r": 1.8}, "geometry": {"type": "Point", "coordinates": [393174.8, 5668161.8]}}, {"type": "Feature", "properties": {"h": 10.5, "r": 1.0}, "geometry": {"type": "Point", "coordinates": [393879.2, 5668839.8]}}, {"type": "Feature", "properties": {"h": 8.0, "r": 2.2}, "geometry": {"type": "Point", "coordinates": [393561.2, 5668013.2]}}, {"type": "Feature", "properties": {"h": 7.7, "r": 2.0}, "geometry": {"type": "Point", "coordinates": [393831.2, 5669196.8]}}, {"type": "Feature", "properties": {"h": 7.5, "r": 1.5}, "geometry": {"type": "Point", "coordinates": [392167.2, 5668515.2]}}, {"type": "Feature", "properties": {"h": 9.0, "r": 1.5}, "geometry": {"type": "Point", "coordinates": [392129.2, 5668708.8]}}, {"type": "Feature", "properties": {"h": 6.9, "r": 2.2}, "geometry": {"type": "Point", "coordinates": [393693.8, 5669154.2]}}, {"type": "Feature", "properties": {"h": 7.9, "r": 1.6}, "geometry": {"type": "Point", "coordinates": [393189.8, 5669463.2]}}, {"type": "Feature", "properties": {"h": 7.5, "r": 1.6}, "geometry": {"type": "Point", "coordinates": [393571.2, 5669908.2]}}, {"type": "Feature", "properties": {"h": 8.3, "r": 1.5}, "geometry": {"type": "Point", "coordinates": [392429.8, 5668190.2]}}, {"type": "Feature", "properties": {"h": 8.5, "r": 1.6}, "geometry": {"type": "Point", "coordinates": [393670.8, 5669885.8]}}, {"type": "Feature", "properties": {"h": 8.8, "r": 1.4}, "geometry": {"type": "Point", "coordinates": [393095.8, 5669788.8]}}, {"type": "Feature", "properties": {"h": 9.3, "r": 1.1}, "geometry": {"type": "Point", "coordinates": [393392.2, 5668375.2]}}, {"type": "Feature", "properties": {"h": 7.9, "r": 2.0}, "geometry": {"type": "Point", "coordinates": [392199.2, 5668457.2]}}, {"type": "Feature", "properties": {"h": 8.6, "r": 2.5}, "geometry": {"type": "Point", "coordinates": [393500.2, 5668288.2]}}, {"type": "Feature", "properties": {"h": 7.5, "r": 2.1}, "geometry": {"type": "Point", "coordinates": [393912.2, 5669506.2]}}, {"type": "Feature", "properties": {"h": 7.6, "r": 2.1}, "geometry": {"type": "Point", "coordinates": [393875.8, 5668639.8]}}, {"type": "Feature", "properties": {"h": 7.8, "r": 1.8}, "geometry": {"type": "Point", "coordinates": [392322.2, 5669855.2]}}, {"type": "Feature", "properties": {"h": 13.2, "r": 1.0}, "geometry": {"type": "Point", "coordinates": [392721.8, 5669858.2]}}, {"type": "Feature", "properties": {"h": 8.2, "r": 1.8}, "geometry": {"type": "Point", "coordinates": [393986.8, 5668169.2]}}, {"type": "Feature", "properties": {"h": 8.8, "r": 1.5}, "geometry": {"type": "Point", "coordinates": [392954.2, 5669279.8]}}, {"type": "Feature", "properties": {"h": 7.9, "r": 2.5}, "geometry": {"type": "Point", "coordinates": [393227.2, 5669531.2]}}, {"type": "Feature", "properties": {"h": 9.2, "r": 1.1}, "geometry": {"type": "Point", "coordinates": [392780.8, 5669105.8]}}, {"type": "Feature", "properties": {"h": 7.7, "r": 1.6}, "geometry": {"type": "Point", "coordinates": [392216.8, 5669153.2]}}, {"type": "Feature", "properties": {"h": 8.3, "r": 1.6}, "geometry": {"type": "Point", "coordinates": [392280.8, 5668144.2]}}, {"type": "Feature", "properties": {"h": 7.2, "r": 2.1}, "geometry": {"type": "Point", "coordinates": [392149.8, 5669255.2]}}, {"type": "Feature", "properties": {"h": 9.0, "r": 1.5}, "geometry": {"type": "Point", "coordinates": [392496.8, 5669298.2]}}, {"type": "Feature", "properties": {"h": 7.6, "r": 2.9}, "geometry": {"type": "Point", "coordinates": [393147.8, 5668044.8]}}, {"type": "Feature", "properties": {"h": 7.9, "r": 2.7}, "geometry": {"type": "Point", "coordinates": [393016.2, 5668106.2]}}, {"type": "Feature", "properties": {"h": 8.2, "r": 2.1}, "geometry": {"type": "Point", "coordinates": [393496.2, 5669858.8]}}, {"type": "Feature", "properties": {"h": 8.0, "r": 2.2}, "geometry": {"type": "Point", "coordinates": [392012.8, 5668916.8]}}, {"type": "Feature", "properties": {"h": 9.2, "r": 1.4}, "geometry": {"type": "Point", "coordinates": [392531.8, 5669893.8]}}, {"type": "Feature", "properties": {"h": 7.5, "r": 2.1}, "geometry": {"type": "Point", "coordinates": [392279.2, 5669169.2]}}, {"type": "Feature", "properties": {"h": 7.8, "r": 2.0}, "geometry": {"type": "Point", "coordinates": [393895.8, 5669484.2]}}, {"type": "Feature", "properties": {"h": 8.6, "r": 2.2}, "geometry": {"type": "Point", "coordinates": [392669.2, 5668291.8]}}, {"type": "Feature", "properties": {"h": 7.5, "r": 3.5}, "geometry": {"type": "Point", "coordinates": [392516.8, 5669064.2]}}, {"type": "Feature", "properties": {"h": 10.2, "r": 1.0}, "geometry": {"type": "Point", "coordinates": [393171.2, 5669466.8]}}, {"type": "Feature", "properties": {"h": 9.1, "r": 1.1}, "geometry": {"type": "Point", "coordinates": [392088.8, 5668934.2]}}, {"type": "Feature", "properties": {"h": 8.0, "r": 2.1}, "geometry": {"type": "Point", "coordinates": [393634.2, 5668202.8]}}, {"type": "Feature", "properties": {"h": 7.9, "r": 2.1}, "geometry": {"type": "Point", "coordinates": [393477.8, 5668908.8]}}, {"type": "Feature", "properties": {"h": 7.6, "r": 2.0}, "geometry": {"type": "Point", "coordinates": [392274.2, 5668486.2]}}, {"type": "Feature", "properties": {"h": 7.4, "r": 1.6}, "geometry": {"type": "Point", "coordinates": [392649.8, 5668086.2]}}, {"type": "Feature", "properties": {"h": 6.2, "r": 1.8}, "geometry": {"type": "Point", "coordinates": [392264.2, 5668015.8]}}, {"type": "Feature", "properties": {"h": 6.6, "r": 2.2}, "geometry": {"type": "Point", "coordinates": [393477.8, 5669519.8]}}, {"type": "Feature", "properties": {"h": 9.0, "r": 1.1}, "geometry": {"type": "Point", "coordinates": [392008.8, 5668072.8]}}, {"type": "Feature", "properties": {"h": 7.8, "r": 1.8}, "geometry": {"type": "Point", "coordinates": [392475.2, 5668321.2]}}, {"type": "Feature", "properties": {"h": 8.7, "r": 1.6}, "geometry": {"type": "Point", "coordinates": [392478.2, 5668552.2]}}, {"type": "Feature", "properties": {"h": 8.7, "r": 2.5}, "geometry": {"type": "Point", "coordinates": [393280.8, 5668544.8]}}, {"type": "Feature", "properties": {"h": 8.9, "r": 1.8}, "geometry": {"type": "Point", "coordinates": [392516.8, 5668535.8]}}, {"type": "Feature", "properties": {"h": 5.8, "r": 2.2}, "geometry": {"type": "Point", "coordinates": [393647.2, 5669184.2]}}, {"type": "Feature", "properties": {"h": 9.1, "r": 2.1}, "geometry": {"type": "Point", "coordinates": [393806.2, 5668605.2]}}, {"type": "Feature", "properties": {"h": 8.5, "r": 1.5}, "geometry": {"type": "Point", "coordinates": [392332.8, 5669209.2]}}, {"type": "Feature", "properties": {"h": 8.0, "r": 2.1}, "geometry": {"type": "Point", "coordinates": [392657.2, 5668092.8]}}, {"type": "Feature", "properties": {"h": 12.9, "r": 1.0}, "geometry": {"type": "Point", "coordinates": [393601.8, 5669854.2]}}, {"type": "Feature", "properties": {"h": 7.8, "r": 1.4}, "geometry": {"type": "Point", "coordinates": [392932.2, 5669015.2]}}, {"type": "Feature", "properties": {"h": 7.6, "r": 1.0}, "geometry": {"type": "Point", "coordinates": [393356.8, 5668441.8]}}, {"type": "Feature", "properties": {"h": 7.6, "r": 1.8}, "geometry": {"type": "Point", "coordinates": [392380.2, 5669363.2]}}, {"type": "Feature", "properties": {"h": 9.4, "r": 1.0}, "geometry": {"type": "Point", "coordinates": [393285.8, 5668784.2]}}, {"type": "Feature", "properties": {"h": 7.3, "r": 1.8}, "geometry": {"type": "Point", "coordinates": [392309.2, 5669849.2]}}, {"type": "Feature", "properties": {"h": 8.0, "r": 3.2}, "geometry": {"type": "Point", "coordinates": [393368.2, 5668507.2]}}, {"type": "Feature", "properties": {"h": 8.6, "r": 1.1}, "geometry": {"type": "Point", "coordinates": [392555.2, 5668863.2]}}, {"type": "Feature", "properties": {"h": 8.6, "r": 1.1}, "geometry": {"type": "Point", "coordinates": [392111.8, 5669141.8]}}, {"type": "Feature", "properties": {"h": 7.7, "r": 3.5}, "geometry": {"type": "Point", "coordinates": [392045.2, 5668595.8]}}, {"type": "Feature", "properties": {"h": 8.2, "r": 1.6}, "geometry": {"type": "Point", "coordinates": [392091.2, 5668903.2]}}, {"type": "Feature", "properties": {"h": 7.6, "r": 2.5}, "geometry": {"type": "Point", "coordinates": [392209.8, 5668195.8]}}, {"type": "Feature", "properties": {"h": 7.5, "r": 2.7}, "geometry": {"type": "Point", "coordinates": [392266.2, 5669169.8]}}, {"type": "Feature", "properties": {"h": 7.6, "r": 1.8}, "geometry": {"type": "Point", "coordinates": [393378.8, 5668922.8]}}, {"type": "Feature", "properties": {"h": 7.7, "r": 1.0}, "geometry": {"type": "Point", "coordinates": [393403.8, 5668760.2]}}, {"type": "Feature", "properties": {"h": 7.6, "r": 2.1}, "geometry": {"type": "Point", "coordinates": [393379.8, 5668206.8]}}, {"type": "Feature", "properties": {"h": 8.1, "r": 1.0}, "geometry": {"type": "Point", "coordinates": [393095.8, 5668631.8]}}, {"type": "Feature", "properties": {"h": 6.8, "r": 2.5}, "geometry": {"type": "Point", "coordinates": [393510.2, 5668378.2]}}, {"type": "Feature", "properties": {"h": 7.4, "r": 1.8}, "geometry": {"type": "Point", "coordinates": [393079.2, 5669691.8]}}, {"type": "Feature", "properties": {"h": 9.5, "r": 1.5}, "geometry": {"type": "Point", "coordinates": [392826.8, 5669217.8]}}, {"type": "Feature", "properties": {"h": 7.8, "r": 2.0}, "geometry": {"type": "Point", "coordinates": [393928.2, 5668332.8]}}, {"type": "Feature", "properties": {"h": 7.2, "r": 2.0}, "geometry": {"type": "Point", "coordinates": [393802.8, 5669037.2]}}, {"type": "Feature", "properties": {"h": 7.2, "r": 2.5}, "geometry": {"type": "Point", "coordinates": [392292.8, 5668871.8]}}, {"type": "Feature", "properties": {"h": 8.1, "r": 2.1}, "geometry": {"type": "Point", "coordinates": [393669.8, 5669944.8]}}, {"type": "Feature", "properties": {"h": 8.2, "r": 1.6}, "geometry": {"type": "Point", "coordinates": [393540.8, 5669489.2]}}, {"type": "Feature", "properties": {"h": 8.7, "r": 1.4}, "geometry": {"type": "Point", "coordinates": [393797.8, 5669437.2]}}, {"type": "Feature", "properties": {"h": 5.6, "r": 1.1}, "geometry": {"type": "Point", "coordinates": [393789.2, 5669521.2]}}, {"type": "Feature", "properties": {"h": 7.3, "r": 2.2}, "geometry": {"type": "Point", "coordinates": [392160.2, 5668432.8]}}, {"type": "Feature", "properties": {"h": 10.3, "r": 1.0}, "geometry": {"type": "Point", "coordinates": [392185.2, 5668123.2]}}, {"type": "Feature", "properties": {"h": 9.8, "r": 1.0}, "geometry": {"type": "Point", "coordinates": [392944.2, 5669884.2]}}, {"type": "Feature", "properties": {"h": 7.8, "r": 1.6}, "geometry": {"type": "Point", "coordinates": [393782.8, 5669662.2]}}, {"type": "Feature", "properties": {"h": 7.7, "r": 1.8}, "geometry": {"type": "Point", "coordinates": [393637.2, 5669434.2]}}, {"type": "Feature", "properties": {"h": 7.8, "r": 2.1}, "geometry": {"type": "Point", "coordinates": [393232.8, 5669650.8]}}, {"type": "Feature", "properties": {"h": 9.3, "r": 1.0}, "geometry": {"type": "Point", "coordinates": [393585.2, 5669386.2]}}, {"type": "Feature", "properties": {"h": 8.7, "r": 1.0}, "geometry": {"type": "Point", "coordinates": [392225.2, 5669390.8]}}, {"type": "Feature", "properties": {"h": 9.9, "r": 1.0}, "geometry": {"type": "Point", "coordinates": [393654.2, 5669342.2]}}, {"type": "Feature", "properties": {"h": 7.7, "r": 1.6}, "geometry": {"type": "Point", "coordinates": [393508.8, 5669649.8]}}, {"type": "Feature", "properties": {"h": 8.6, "r": 1.6}, "geometry": {"type": "Point", "coordinates": [393737.2, 5669304.2]}}, {"type": "Feature", "properties": {"h": 7.9, "r": 2.5}, "geometry": {"type": "Point", "coordinates": [392606.2, 5668775.8]}}, {"type": "Feature", "properties": {"h": 8.0, "r": 1.8}, "geometry": {"type": "Point", "coordinates": [392765.2, 5668036.2]}}, {"type": "Feature", "properties": {"h": 7.6, "r": 1.5}, "geometry": {"type": "Point", "coordinates": [393305.8, 5668677.2]}}, {"type": "Feature", "properties": {"h": 8.3, "r": 1.5}, "geometry": {"type": "Point", "coordinates": [393595.8, 5668053.8]}}, {"type": "Feature", "properties": {"h": 9.6, "r": 1.1}, "geometry": {"type": "Point", "coordinates": [393874.8, 5669326.2]}}, {"type": "Feature", "properties": {"h": 7.7, "r": 2.1}, "geometry": {"type": "Point", "coordinates": [393120.2, 5668604.2]}}, {"type": "Feature", "properties": {"h": 8.6, "r": 1.1}, "geometry": {"type": "Point", "coordinates": [393247.2, 5668408.8]}}, {"type": "Feature", "properties": {"h": 7.2, "r": 2.0}, "geometry": {"type": "Point", "coordinates": [393624.2, 5669435.2]}}, {"type": "Feature", "properties": {"h": 7.8, "r": 2.0}, "geometry": {"type": "Point", "coordinates": [393985.8, 5669043.8]}}, {"type": "Feature", "properties": {"h": 8.7, "r": 1.8}, "geometry": {"type": "Point", "coordinates": [392282.2, 5668014.8]}}, {"type": "Feature", "properties": {"h": 7.6, "r": 1.6}, "geometry": {"type": "Point", "coordinates": [392184.8, 5669861.8]}}, {"type": "Feature", "properties": {"h": 8.2, "r": 2.1}, "geometry": {"type": "Point", "coordinates": [393122.8, 5668525.2]}}, {"type": "Feature", "properties": {"h": 7.0, "r": 1.4}, "geometry": {"type": "Point", "coordinates": [392442.8, 5669826.2]}}, {"type": "Feature", "properties": {"h": 8.0, "r": 1.6}, "geometry": {"type": "Point", "coordinates": [392863.2, 5669577.2]}}, {"type": "Feature", "properties": {"h": 8.0, "r": 2.5}, "geometry": {"type": "Point", "coordinates": [392158.2, 5669118.2]}}, {"type": "Feature", "properties": {"h": 7.0, "r": 2.1}, "geometry": {"type": "Point", "coordinates": [392095.8, 5668605.8]}}, {"type": "Feature", "properties": {"h": 7.7, "r": 2.5}, "geometry": {"type": "Point", "coordinates": [392947.2, 5669484.2]}}, {"type": "Feature", "properties": {"h": 8.9, "r": 1.0}, "geometry": {"type": "Point", "coordinates": [393354.2, 5668397.2]}}, {"type": "Feature", "properties": {"h": 7.9, "r": 2.5}, "geometry": {"type": "Point", "coordinates": [392229.2, 5669948.8]}}, {"type": "Feature", "properties": {"h": 8.5, "r": 2.1}, "geometry": {"type": "Point", "coordinates": [393056.8, 5669826.8]}}, {"type": "Feature", "properties": {"h": 8.7, "r": 1.4}, "geometry": {"type": "Point", "coordinates": [392476.8, 5668243.8]}}, {"type": "Feature", "properties": {"h": 8.2, "r": 1.4}, "geometry": {"type": "Point", "coordinates": [393176.2, 5669466.8]}}, {"type": "Feature", "properties": {"h": 8.3, "r": 2.0}, "geometry": {"type": "Point", "coordinates": [392611.2, 5669010.8]}}, {"type": "Feature", "properties": {"h": 7.1, "r": 1.8}, "geometry": {"type": "Point", "coordinates": [392848.8, 5669951.2]}}, {"type": "Feature", "properties": {"h": 7.7, "r": 1.8}, "geometry": {"type": "Point", "coordinates": [392782.8, 5669044.8]}}, {"type": "Feature", "properties": {"h": 7.1, "r": 2.5}, "geometry": {"type": "Point", "coordinates": [393277.8, 5668605.8]}}, {"type": "Feature", "properties": {"h": 7.0, "r": 2.0}, "geometry": {"type": "Point", "coordinates": [392518.2, 5669929.8]}}, {"type": "Feature", "properties": {"h": 8.5, "r": 1.4}, "geometry": {"type": "Point", "coordinates": [392993.8, 5669537.2]}}, {"type": "Feature", "properties": {"h": 7.2, "r": 2.2}, "geometry": {"type": "Point", "coordinates": [392004.2, 5668948.8]}}, {"type": "Feature", "properties": {"h": 10.2, "r": 1.0}, "geometry": {"type": "Point", "coordinates": [393201.2, 5668467.2]}}, {"type": "Feature", "properties": {"h": 8.2, "r": 2.1}, "geometry": {"type": "Point", "coordinates": [393588.8, 5669986.8]}}, {"type": "Feature", "properties": {"h": 7.0, "r": 2.1}, "geometry": {"type": "Point", "coordinates": [392302.8, 5668212.8]}}, {"type": "Feature", "properties": {"h": 6.6, "r": 1.8}, "geometry": {"type": "Point", "coordinates": [392333.8, 5669530.8]}}, {"type": "Feature", "properties": {"h": 8.8, "r": 2.5}, "geometry": {"type": "Point", "coordinates": [392329.8, 5668303.8]}}, {"type": "Feature", "properties": {"h": 7.9, "r": 3.8}, "geometry": {"type": "Point", "coordinates": [393626.8, 5668209.8]}}, {"type": "Feature", "properties": {"h": 11.3, "r": 1.0}, "geometry": {"type": "Point", "coordinates": [393648.8, 5669925.8]}}, {"type": "Feature", "properties": {"h": 7.5, "r": 2.0}, "geometry": {"type": "Point", "coordinates": [393498.2, 5669493.8]}}, {"type": "Feature", "properties": {"h": 8.2, "r": 1.5}, "geometry": {"type": "Point", "coordinates": [393377.8, 5668324.8]}}, {"type": "Feature", "properties": {"h": 9.1, "r": 1.0}, "geometry": {"type": "Point", "coordinates": [393858.8, 5669256.2]}}, {"type": "Feature", "properties": {"h": 8.1, "r": 1.4}, "geometry": {"type": "Point", "coordinates": [393798.8, 5668866.8]}}, {"type": "Feature", "properties": {"h": 8.2, "r": 2.0}, "geometry": {"type": "Point", "coordinates": [392641.2, 5669088.2]}}, {"type": "Feature", "properties": {"h": 8.8, "r": 1.6}, "geometry": {"type": "Point", "coordinates": [393275.8, 5668415.8]}}, {"type": "Feature", "properties": {"h": 7.7, "r": 2.1}, "geometry": {"type": "Point", "coordinates": [393097.8, 5669163.2]}}, {"type": "Feature", "properties": {"h": 7.2, "r": 2.0}, "geometry": {"type": "Point", "coordinates": [393824.2, 5669744.2]}}, {"type": "Feature", "properties": {"h": 8.0, "r": 1.1}, "geometry": {"type": "Point", "coordinates": [392984.8, 5668338.8]}}, {"type": "Feature", "properties": {"h": 7.1, "r": 2.1}, "geometry": {"type": "Point", "coordinates": [392179.8, 5669075.2]}}, {"type": "Feature", "properties": {"h": 6.5, "r": 2.0}, "geometry": {"type": "Point", "coordinates": [392225.2, 5668464.2]}}, {"type": "Feature", "properties": {"h": 7.1, "r": 2.0}, "geometry": {"type": "Point", "coordinates": [392613.8, 5668802.2]}}, {"type": "Feature", "properties": {"h": 6.6, "r": 1.6}, "geometry": {"type": "Point", "coordinates": [392800.8, 5669818.2]}}, {"type": "Feature", "properties": {"h": 7.7, "r": 2.0}, "geometry": {"type": "Point", "coordinates": [393841.8, 5668927.2]}}, {"type": "Feature", "properties": {"h": 7.6, "r": 3.0}, "geometry": {"type": "Point", "coordinates": [393638.2, 5668185.2]}}, {"type": "Feature", "properties": {"h": 9.9, "r": 1.1}, "geometry": {"type": "Point", "coordinates": [392719.2, 5669177.8]}}, {"type": "Feature", "properties": {"h": 8.3, "r": 1.0}, "geometry": {"type": "Point", "coordinates": [393754.8, 5669041.2]}}, {"type": "Feature", "properties": {"h": 7.8, "r": 1.1}, "geometry": {"type": "Point", "coordinates": [393110.2, 5669329.2]}}, {"type": "Feature", "properties": {"h": 7.7, "r": 1.1}, "geometry": {"type": "Point", "coordinates": [392029.2, 5668898.2]}}, {"type": "Feature", "properties": {"h": 6.9, "r": 3.2}, "geometry": {"type": "Point", "coordinates": [392178.2, 5669185.8]}}, {"type": "Feature", "properties": {"h": 9.7, "r": 1.1}, "geometry": {"type": "Point", "coordinates": [393465.8, 5669561.8]}}, {"type": "Feature", "properties": {"h": 7.2, "r": 2.1}, "geometry": {"type": "Point", "coordinates": [392718.2, 5668366.8]}}, {"type": "Feature", "properties": {"h": 9.1, "r": 1.8}, "geometry": {"type": "Point", "coordinates": [393874.8, 5669694.8]}}, {"type": "Feature", "properties": {"h": 8.1, "r": 2.5}, "geometry": {"type": "Point", "coordinates": [392525.8, 5668142.2]}}, {"type": "Feature", "properties": {"h": 6.9, "r": 1.8}, "geometry": {"type": "Point", "coordinates": [392254.8, 5669529.8]}}, {"type": "Feature", "properties": {"h": 6.6, "r": 1.8}, "geometry": {"type": "Point", "coordinates": [392771.8, 5668363.2]}}, {"type": "Feature", "properties": {"h": 9.5, "r": 1.5}, "geometry": {"type": "Point", "coordinates": [392771.2, 5668965.2]}}, {"type": "Feature", "properties": {"h": 8.5, "r": 1.1}, "geometry": {"type": "Point", "coordinates": [393908.8, 5669689.8]}}, {"type": "Feature", "properties": {"h": 7.1, "r": 2.8}, "geometry": {"type": "Point", "coordinates": [393384.2, 5668517.2]}}, {"type": "Feature", "properties": {"h": 8.9, "r": 1.4}, "geometry": {"type": "Point", "coordinates": [393792.2, 5669164.2]}}, {"type": "Feature", "properties": {"h": 8.2, "r": 1.5}, "geometry": {"type": "Point", "coordinates": [393363.2, 5668283.2]}}, {"type": "Feature", "properties": {"h": 7.3, "r": 1.1}, "geometry": {"type": "Point", "coordinates": [393424.8, 5668376.8]}}, {"type": "Feature", "properties": {"h": 8.2, "r": 1.4}, "geometry": {"type": "Point", "coordinates": [392149.2, 5669318.2]}}, {"type": "Feature", "properties": {"h": 8.3, "r": 1.5}, "geometry": {"type": "Point", "coordinates": [392194.8, 5668074.2]}}, {"type": "Feature", "properties": {"h": 7.9, "r": 1.4}, "geometry": {"type": "Point", "coordinates": [393420.2, 5668569.2]}}, {"type": "Feature", "properties": {"h": 8.0, "r": 1.0}, "geometry": {"type": "Point", "coordinates": [392526.8, 5669977.2]}}, {"type": "Feature", "properties": {"h": 7.5, "r": 2.5}, "geometry": {"type": "Point", "coordinates": [392162.2, 5669156.8]}}, {"type": "Feature", "properties": {"h": 6.6, "r": 2.0}, "geometry": {"type": "Point", "coordinates": [393961.2, 5669261.8]}}, {"type": "Feature", "properties": {"h": 6.8, "r": 2.5}, "geometry": {"type": "Point", "coordinates": [393384.2, 5668666.2]}}, {"type": "Feature", "properties": {"h": 7.4, "r": 1.6}, "geometry": {"type": "Point", "coordinates": [393630.8, 5669193.2]}}, {"type": "Feature", "properties": {"h": 8.4, "r": 1.5}, "geometry": {"type": "Point", "coordinates": [393330.2, 5669067.8]}}, {"type": "Feature", "properties": {"h": 7.6, "r": 1.1}, "geometry": {"type": "Point", "coordinates": [392622.8, 5668911.8]}}, {"type": "Feature", "properties": {"h": 7.8, "r": 2.2}, "geometry": {"type": "Point", "coordinates": [393697.2, 5669903.8]}}, {"type": "Feature", "properties": {"h": 9.0, "r": 1.6}, "geometry": {"type": "Point", "coordinates": [393645.8, 5669276.2]}}, {"type": "Feature", "properties": {"h": 7.6, "r": 3.0}, "geometry": {"type": "Point", "coordinates": [393807.8, 5668895.8]}}, {"type": "Feature", "properties": {"h": 8.5, "r": 1.6}, "geometry": {"type": "Point", "coordinates": [393617.8, 5669280.2]}}, {"type": "Feature", "properties": {"h": 7.0, "r": 1.8}, "geometry": {"type": "Point", "coordinates": [392390.2, 5668421.8]}}, {"type": "Feature", "properties": {"h": 7.0, "r": 2.0}, "geometry": {"type": "Point", "coordinates": [392792.8, 5668957.8]}}, {"type": "Feature", "properties": {"h": 8.3, "r": 1.5}, "geometry": {"type": "Point", "coordinates": [392519.2, 5669410.8]}}, {"type": "Feature", "properties": {"h": 7.8, "r": 1.1}, "geometry": {"type": "Point", "coordinates": [393061.2, 5669662.8]}}, {"type": "Feature", "properties": {"h": 7.5, "r": 1.4}, "geometry": {"type": "Point", "coordinates": [392506.8, 5668266.2]}}, {"type": "Feature", "properties": {"h": 7.1, "r": 2.1}, "geometry": {"type": "Point", "coordinates": [393842.8, 5668931.2]}}, {"type": "Feature", "properties": {"h": 8.8, "r": 1.1}, "geometry": {"type": "Point", "coordinates": [392939.8, 5668961.8]}}, {"type": "Feature", "properties": {"h": 7.4, "r": 1.8}, "geometry": {"type": "Point", "coordinates": [392279.2, 5668046.8]}}, {"type": "Feature", "properties": {"h": 7.8, "r": 1.8}, "geometry": {"type": "Point", "coordinates": [392430.2, 5669388.2]}}, {"type": "Feature", "properties": {"h": 8.3, "r": 1.1}, "geometry": {"type": "Point", "coordinates": [393779.2, 5669354.2]}}, {"type": "Feature", "properties": {"h": 7.3, "r": 1.6}, "geometry": {"type": "Point", "coordinates": [392256.8, 5668686.8]}}, {"type": "Feature", "properties": {"h": 7.8, "r": 1.4}, "geometry": {"type": "Point", "coordinates": [393353.8, 5668497.8]}}, {"type": "Feature", "properties": {"h": 7.6, "r": 2.0}, "geometry": {"type": "Point", "coordinates": [393696.8, 5669926.8]}}, {"type": "Feature", "properties": {"h": 7.6, "r": 1.8}, "geometry": {"type": "Point", "coordinates": [393879.8, 5668631.2]}}, {"type": "Feature", "properties": {"h": 15.0, "r": 1.0}, "geometry": {"type": "Point", "coordinates": [393171.8, 5668542.8]}}, {"type": "Feature", "properties": {"h": 8.1, "r": 1.6}, "geometry": {"type": "Point", "coordinates": [392716.2, 5668806.2]}}, {"type": "Feature", "properties": {"h": 7.2, "r": 3.2}, "geometry": {"type": "Point", "coordinates": [393410.2, 5668571.8]}}, {"type": "Feature", "properties": {"h": 7.3, "r": 1.1}, "geometry": {"type": "Point", "coordinates": [392127.2, 5668887.8]}}, {"type": "Feature", "properties": {"h": 7.0, "r": 2.5}, "geometry": {"type": "Point", "coordinates": [393257.2, 5669298.8]}}, {"type": "Feature", "properties": {"h": 7.4, "r": 1.1}, "geometry": {"type": "Point", "coordinates": [393229.8, 5668403.8]}}, {"type": "Feature", "properties": {"h": 8.0, "r": 1.0}, "geometry": {"type": "Point", "coordinates": [393387.2, 5668503.8]}}, {"type": "Feature", "properties": {"h": 7.9, "r": 1.6}, "geometry": {"type": "Point", "coordinates": [392850.2, 5668995.8]}}, {"type": "Feature", "properties": {"h": 8.7, "r": 1.4}, "geometry": {"type": "Point", "coordinates": [392423.2, 5668266.2]}}, {"type": "Feature", "properties": {"h": 7.1, "r": 1.5}, "geometry": {"type": "Point", "coordinates": [392979.2, 5668069.8]}}, {"type": "Feature", "properties": {"h": 8.5, "r": 1.0}, "geometry": {"type": "Point", "coordinates": [393355.8, 5668093.8]}}, {"type": "Feature", "properties": {"h": 7.7, "r": 2.0}, "geometry": {"type": "Point", "coordinates": [393633.2, 5668206.8]}}, {"type": "Feature", "properties": {"h": 8.3, "r": 1.8}, "geometry": {"type": "Point", "coordinates": [392635.8, 5668782.8]}}, {"type": "Feature", "properties": {"h": 7.5, "r": 1.8}, "geometry": {"type": "Point", "coordinates": [393635.2, 5668198.2]}}, {"type": "Feature", "properties": {"h": 8.4, "r": 1.5}, "geometry": {"type": "Point", "coordinates": [393602.8, 5669889.2]}}, {"type": "Feature", "properties": {"h": 7.4, "r": 1.8}, "geometry": {"type": "Point", "coordinates": [392218.2, 5669434.2]}}, {"type": "Feature", "properties": {"h": 14.0, "r": 1.0}, "geometry": {"type": "Point", "coordinates": [393221.2, 5668804.8]}}, {"type": "Feature", "properties": {"h": 7.8, "r": 1.1}, "geometry": {"type": "Point", "coordinates": [392505.8, 5668543.2]}}, {"type": "Feature", "properties": {"h": 8.7, "r": 1.4}, "geometry": {"type": "Point", "coordinates": [393251.8, 5669096.2]}}, {"type": "Feature", "properties": {"h": 7.8, "r": 2.5}, "geometry": {"type": "Point", "coordinates": [392359.8, 5669864.2]}}, {"type": "Feature", "properties": {"h": 8.5, "r": 1.6}, "geometry": {"type": "Point", "coordinates": [392577.2, 5668990.8]}}, {"type": "Feature", "properties": {"h": 7.7, "r": 1.8}, "geometry": {"type": "Point", "coordinates": [393634.8, 5669965.8]}}, {"type": "Feature", "properties": {"h": 9.0, "r": 1.4}, "geometry": {"type": "Point", "coordinates": [392994.2, 5669843.2]}}, {"type": "Feature", "properties": {"h": 11.1, "r": 1.0}, "geometry": {"type": "Point", "coordinates": [392766.8, 5668793.2]}}, {"type": "Feature", "properties": {"h": 7.9, "r": 1.4}, "geometry": {"type": "Point", "coordinates": [392785.8, 5669486.2]}}, {"type": "Feature", "properties": {"h": 7.1, "r": 1.8}, "geometry": {"type": "Point", "coordinates": [393489.8, 5668342.8]}}, {"type": "Feature", "properties": {"h": 7.7, "r": 1.6}, "geometry": {"type": "Point", "coordinates": [393404.2, 5669049.2]}}, {"type": "Feature", "properties": {"h": 7.6, "r": 1.4}, "geometry": {"type": "Point", "coordinates": [393617.8, 5669884.2]}}, {"type": "Feature", "properties": {"h": 7.6, "r": 2.5}, "geometry": {"type": "Point", "coordinates": [392223.8, 5669059.8]}}, {"type": "Feature", "properties": {"h": 7.2, "r": 2.5}, "geometry": {"type": "Point", "coordinates": [393731.2, 5669152.2]}}, {"type": "Feature", "properties": {"h": 7.4, "r": 2.1}, "geometry": {"type": "Point", "coordinates": [392713.8, 5668370.2]}}, {"type": "Feature", "properties": {"h": 7.2, "r": 2.0}, "geometry": {"type": "Point", "coordinates": [393239.2, 5668404.8]}}, {"type": "Feature", "properties": {"h": 8.2, "r": 1.6}, "geometry": {"type": "Point", "coordinates": [393453.8, 5668364.8]}}, {"type": "Feature", "properties": {"h": 6.8, "r": 2.1}, "geometry": {"type": "Point", "coordinates": [392150.8, 5668433.8]}}, {"type": "Feature", "properties": {"h": 11.7, "r": 1.0}, "geometry": {"type": "Point", "coordinates": [393552.8, 5669947.2]}}, {"type": "Feature", "properties": {"h": 7.3, "r": 1.8}, "geometry": {"type": "Point", "coordinates": [392147.2, 5669239.8]}}, {"type": "Feature", "properties": {"h": 6.8, "r": 1.8}, "geometry": {"type": "Point", "coordinates": [392340.8, 5669903.8]}}, {"type": "Feature", "properties": {"h": 7.3, "r": 1.5}, "geometry": {"type": "Point", "coordinates": [393740.2, 5668605.8]}}, {"type": "Feature", "properties": {"h": 6.1, "r": 1.0}, "geometry": {"type": "Point", "coordinates": [392011.2, 5668714.8]}}, {"type": "Feature", "properties": {"h": 7.4, "r": 1.5}, "geometry": {"type": "Point", "coordinates": [393113.8, 5668529.8]}}, {"type": "Feature", "properties": {"h": 7.6, "r": 2.9}, "geometry": {"type": "Point", "coordinates": [393106.8, 5669814.8]}}, {"type": "Feature", "properties": {"h": 7.4, "r": 1.5}, "geometry": {"type": "Point", "coordinates": [393286.2, 5668249.8]}}, {"type": "Feature", "properties": {"h": 10.2, "r": 1.0}, "geometry": {"type": "Point", "coordinates": [392679.2, 5668014.8]}}, {"type": "Feature", "properties": {"h": 8.2, "r": 2.2}, "geometry": {"type": "Point", "coordinates": [393621.2, 5669975.2]}}, {"type": "Feature", "properties": {"h": 7.6, "r": 1.4}, "geometry": {"type": "Point", "coordinates": [392396.8, 5669752.2]}}, {"type": "Feature", "properties": {"h": 7.8, "r": 1.1}, "geometry": {"type": "Point", "coordinates": [392538.8, 5668287.8]}}, {"type": "Feature", "properties": {"h": 7.9, "r": 1.6}, "geometry": {"type": "Point", "coordinates": [392624.2, 5668841.2]}}, {"type": "Feature", "properties": {"h": 7.3, "r": 2.5}, "geometry": {"type": "Point", "coordinates": [392619.8, 5669006.2]}}, {"type": "Feature", "properties": {"h": 7.2, "r": 2.2}, "geometry": {"type": "Point", "coordinates": [392615.8, 5668115.2]}}, {"type": "Feature", "properties": {"h": 7.6, "r": 1.6}, "geometry": {"type": "Point", "coordinates": [392695.2, 5669242.8]}}, {"type": "Feature", "properties": {"h": 7.6, "r": 2.5}, "geometry": {"type": "Point", "coordinates": [392601.8, 5668765.2]}}, {"type": "Feature", "properties": {"h": 9.3, "r": 1.4}, "geometry": {"type": "Point", "coordinates": [393684.8, 5669129.8]}}, {"type": "Feature", "properties": {"h": 8.1, "r": 1.4}, "geometry": {"type": "Point", "coordinates": [393251.2, 5668408.8]}}, {"type": "Feature", "properties": {"h": 7.1, "r": 2.1}, "geometry": {"type": "Point", "coordinates": [392060.8, 5668164.2]}}, {"type": "Feature", "properties": {"h": 7.3, "r": 1.1}, "geometry": {"type": "Point", "coordinates": [392993.2, 5668339.2]}}, {"type": "Feature", "properties": {"h": 7.1, "r": 2.2}, "geometry": {"type": "Point", "coordinates": [392001.2, 5668879.2]}}, {"type": "Feature", "properties": {"h": 7.8, "r": 2.0}, "geometry": {"type": "Point", "coordinates": [393839.8, 5668669.2]}}, {"type": "Feature", "properties": {"h": 7.5, "r": 2.5}, "geometry": {"type": "Point", "coordinates": [393804.2, 5669450.8]}}, {"type": "Feature", "properties": {"h": 7.4, "r": 1.8}, "geometry": {"type": "Point", "coordinates": [392135.2, 5669124.8]}}, {"type": "Feature", "properties": {"h": 6.6, "r": 2.0}, "geometry": {"type": "Point", "coordinates": [392111.2, 5668041.2]}}, {"type": "Feature", "properties": {"h": 7.4, "r": 2.2}, "geometry": {"type": "Point", "coordinates": [393910.2, 5668293.8]}}, {"type": "Feature", "properties": {"h": 11.4, "r": 1.0}, "geometry": {"type": "Point", "coordinates": [393617.2, 5669962.2]}}, {"type": "Feature", "properties": {"h": 7.9, "r": 1.5}, "geometry": {"type": "Point", "coordinates": [392020.2, 5668463.2]}}, {"type": "Feature", "properties": {"h": 6.6, "r": 1.8}, "geometry": {"type": "Point", "coordinates": [393879.2, 5669692.2]}}, {"type": "Feature", "properties": {"h": 8.4, "r": 1.6}, "geometry": {"type": "Point", "coordinates": [392525.8, 5669928.8]}}, {"type": "Feature", "properties": {"h": 7.3, "r": 2.0}, "geometry": {"type": "Point", "coordinates": [392978.8, 5668073.8]}}, {"type": "Feature", "properties": {"h": 7.0, "r": 1.0}, "geometry": {"type": "Point", "coordinates": [393581.2, 5669990.2]}}, {"type": "Feature", "properties": {"h": 8.1, "r": 2.0}, "geometry": {"type": "Point", "coordinates": [392697.8, 5668766.2]}}, {"type": "Feature", "properties": {"h": 10.2, "r": 1.0}, "geometry": {"type": "Point", "coordinates": [393366.8, 5668180.2]}}, {"type": "Feature", "properties": {"h": 8.4, "r": 2.2}, "geometry": {"type": "Point", "coordinates": [392013.2, 5668829.2]}}, {"type": "Feature", "properties": {"h": 7.4, "r": 1.8}, "geometry": {"type": "Point", "coordinates": [392938.8, 5669849.2]}}, {"type": "Feature", "properties": {"h": 7.4, "r": 1.8}, "geometry": {"type": "Point", "coordinates": [392285.2, 5669361.8]}}, {"type": "Feature", "properties": {"h": 6.5, "r": 1.8}, "geometry": {"type": "Point", "coordinates": [392725.2, 5668865.2]}}, {"type": "Feature", "properties": {"h": 7.1, "r": 1.6}, "geometry": {"type": "Point", "coordinates": [393790.8, 5668681.2]}}, {"type": "Feature", "properties": {"h": 7.2, "r": 1.8}, "geometry": {"type": "Point", "coordinates": [392222.2, 5669952.8]}}, {"type": "Feature", "properties": {"h": 6.8, "r": 2.5}, "geometry": {"type": "Point", "coordinates": [392062.8, 5668120.8]}}, {"type": "Feature", "properties": {"h": 8.0, "r": 1.1}, "geometry": {"type": "Point", "coordinates": [392705.2, 5668167.2]}}, {"type": "Feature", "properties": {"h": 7.2, "r": 2.9}, "geometry": {"type": "Point", "coordinates": [392674.8, 5668167.2]}}, {"type": "Feature", "properties": {"h": 7.4, "r": 3.0}, "geometry": {"type": "Point", "coordinates": [392841.8, 5669470.8]}}, {"type": "Feature", "properties": {"h": 7.5, "r": 2.7}, "geometry": {"type": "Point", "coordinates": [392788.2, 5669163.8]}}, {"type": "Feature", "properties": {"h": 7.1, "r": 3.2}, "geometry": {"type": "Point", "coordinates": [393507.8, 5669743.2]}}, {"type": "Feature", "properties": {"h": 8.1, "r": 1.1}, "geometry": {"type": "Point", "coordinates": [393152.2, 5668221.2]}}, {"type": "Feature", "properties": {"h": 6.8, "r": 2.1}, "geometry": {"type": "Point", "coordinates": [392058.8, 5669320.2]}}, {"type": "Feature", "properties": {"h": 10.8, "r": 1.0}, "geometry": {"type": "Point", "coordinates": [393811.2, 5669154.8]}}, {"type": "Feature", "properties": {"h": 6.4, "r": 2.5}, "geometry": {"type": "Point", "coordinates": [393936.8, 5668840.2]}}, {"type": "Feature", "properties": {"h": 8.8, "r": 1.0}, "geometry": {"type": "Point", "coordinates": [392070.2, 5668381.8]}}, {"type": "Feature", "properties": {"h": 7.6, "r": 2.2}, "geometry": {"type": "Point", "coordinates": [392231.2, 5669051.2]}}, {"type": "Feature", "properties": {"h": 7.4, "r": 1.5}, "geometry": {"type": "Point", "coordinates": [392494.8, 5669329.2]}}, {"type": "Feature", "properties": {"h": 8.3, "r": 1.1}, "geometry": {"type": "Point", "coordinates": [392430.2, 5669380.2]}}, {"type": "Feature", "properties": {"h": 7.0, "r": 1.4}, "geometry": {"type": "Point", "coordinates": [392830.2, 5668301.8]}}, {"type": "Feature", "properties": {"h": 7.6, "r": 2.1}, "geometry": {"type": "Point", "coordinates": [392198.2, 5669281.2]}}, {"type": "Feature", "properties": {"h": 8.2, "r": 2.0}, "geometry": {"type": "Point", "coordinates": [392036.2, 5669102.2]}}, {"type": "Feature", "properties": {"h": 6.8, "r": 1.6}, "geometry": {"type": "Point", "coordinates": [392150.8, 5669298.2]}}, {"type": "Feature", "properties": {"h": 7.7, "r": 1.0}, "geometry": {"type": "Point", "coordinates": [392061.8, 5669046.8]}}, {"type": "Feature", "properties": {"h": 6.5, "r": 1.5}, "geometry": {"type": "Point", "coordinates": [392879.2, 5669611.8]}}, {"type": "Feature", "properties": {"h": 9.8, "r": 1.0}, "geometry": {"type": "Point", "coordinates": [392596.2, 5668384.8]}}, {"type": "Feature", "properties": {"h": 7.9, "r": 1.8}, "geometry": {"type": "Point", "coordinates": [393315.2, 5668699.8]}}, {"type": "Feature", "properties": {"h": 7.3, "r": 2.2}, "geometry": {"type": "Point", "coordinates": [392923.2, 5668914.2]}}, {"type": "Feature", "properties": {"h": 8.8, "r": 1.5}, "geometry": {"type": "Point", "coordinates": [392123.8, 5668823.8]}}, {"type": "Feature", "properties": {"h": 6.7, "r": 2.2}, "geometry": {"type": "Point", "coordinates": [393259.2, 5668405.2]}}, {"type": "Feature", "properties": {"h": 7.1, "r": 1.8}, "geometry": {"type": "Point", "coordinates": [392149.2, 5668726.2]}}, {"type": "Feature", "properties": {"h": 7.9, "r": 1.5}, "geometry": {"type": "Point", "coordinates": [392167.8, 5668257.8]}}, {"type": "Feature", "properties": {"h": 12.0, "r": 1.0}, "geometry": {"type": "Point", "coordinates": [393341.2, 5669045.8]}}, {"type": "Feature", "properties": {"h": 7.4, "r": 1.1}, "geometry": {"type": "Point", "coordinates": [392093.2, 5669033.8]}}, {"type": "Feature", "properties": {"h": 7.9, "r": 1.8}, "geometry": {"type": "Point", "coordinates": [392139.8, 5669857.2]}}, {"type": "Feature", "properties": {"h": 7.7, "r": 1.5}, "geometry": {"type": "Point", "coordinates": [393162.2, 5668167.8]}}, {"type": "Feature", "properties": {"h": 7.9, "r": 1.1}, "geometry": {"type": "Point", "coordinates": [392662.2, 5668774.2]}}, {"type": "Feature", "properties": {"h": 7.1, "r": 2.5}, "geometry": {"type": "Point", "coordinates": [393030.8, 5669505.8]}}, {"type": "Feature", "properties": {"h": 6.8, "r": 3.5}, "geometry": {"type": "Point", "coordinates": [393483.8, 5669759.2]}}, {"type": "Feature", "properties": {"h": 8.5, "r": 1.5}, "geometry": {"type": "Point", "coordinates": [392140.8, 5668595.8]}}, {"type": "Feature", "properties": {"h": 7.1, "r": 3.6}, "geometry": {"type": "Point", "coordinates": [393785.8, 5669189.2]}}, {"type": "Feature", "properties": {"h": 7.9, "r": 1.5}, "geometry": {"type": "Point", "coordinates": [392002.8, 5668863.2]}}, {"type": "Feature", "properties": {"h": 7.5, "r": 2.0}, "geometry": {"type": "Point", "coordinates": [393249.2, 5668534.2]}}, {"type": "Feature", "properties": {"h": 7.9, "r": 2.1}, "geometry": {"type": "Point", "coordinates": [393128.2, 5668522.2]}}, {"type": "Feature", "properties": {"h": 6.9, "r": 2.2}, "geometry": {"type": "Point", "coordinates": [393346.2, 5668625.8]}}, {"type": "Feature", "properties": {"h": 6.4, "r": 3.0}, "geometry": {"type": "Point", "coordinates": [392274.8, 5668416.8]}}, {"type": "Feature", "properties": {"h": 10.0, "r": 1.1}, "geometry": {"type": "Point", "coordinates": [393686.8, 5668064.2]}}, {"type": "Feature", "properties": {"h": 12.7, "r": 1.0}, "geometry": {"type": "Point", "coordinates": [392553.2, 5668227.8]}}, {"type": "Feature", "properties": {"h": 7.2, "r": 2.1}, "geometry": {"type": "Point", "coordinates": [393812.8, 5669664.2]}}, {"type": "Feature", "properties": {"h": 7.6, "r": 1.6}, "geometry": {"type": "Point", "coordinates": [392979.2, 5668080.2]}}, {"type": "Feature", "properties": {"h": 7.6, "r": 1.5}, "geometry": {"type": "Point", "coordinates": [392932.8, 5669853.2]}}, {"type": "Feature", "properties": {"h": 7.5, "r": 1.8}, "geometry": {"type": "Point", "coordinates": [393945.8, 5668614.8]}}, {"type": "Feature", "properties": {"h": 8.9, "r": 1.1}, "geometry": {"type": "Point", "coordinates": [392136.2, 5668821.2]}}, {"type": "Feature", "properties": {"h": 7.9, "r": 1.5}, "geometry": {"type": "Point", "coordinates": [392269.2, 5668598.8]}}, {"type": "Feature", "properties": {"h": 9.4, "r": 1.6}, "geometry": {"type": "Point", "coordinates": [392398.2, 5668543.8]}}, {"type": "Feature", "properties": {"h": 7.0, "r": 2.0}, "geometry": {"type": "Point", "coordinates": [392990.2, 5669436.2]}}, {"type": "Feature", "properties": {"h": 7.6, "r": 2.0}, "geometry": {"type": "Point", "coordinates": [392118.8, 5668947.2]}}, {"type": "Feature", "properties": {"h": 8.3, "r": 1.6}, "geometry": {"type": "Point", "coordinates": [393748.2, 5668593.2]}}, {"type": "Feature", "properties": {"h": 7.6, "r": 1.6}, "geometry": {"type": "Point", "coordinates": [392156.8, 5668335.2]}}, {"type": "Feature", "properties": {"h": 8.0, "r": 1.5}, "geometry": {"type": "Point", "coordinates": [392384.8, 5669785.8]}}, {"type": "Feature", "properties": {"h": 6.9, "r": 2.5}, "geometry": {"type": "Point", "coordinates": [392248.2, 5668108.8]}}, {"type": "Feature", "properties": {"h": 7.7, "r": 1.4}, "geometry": {"type": "Point", "coordinates": [392146.8, 5669235.2]}}, {"type": "Feature", "properties": {"h": 7.6, "r": 1.8}, "geometry": {"type": "Point", "coordinates": [393435.2, 5668522.2]}}, {"type": "Feature", "properties": {"h": 6.7, "r": 2.1}, "geometry": {"type": "Point", "coordinates": [392187.8, 5668069.8]}}, {"type": "Feature", "properties": {"h": 6.7, "r": 2.2}, "geometry": {"type": "Point", "coordinates": [392145.8, 5668344.2]}}, {"type": "Feature", "properties": {"h": 8.3, "r": 1.0}, "geometry": {"type": "Point", "coordinates": [393197.2, 5668419.8]}}, {"type": "Feature", "properties": {"h": 7.3, "r": 2.7}, "geometry": {"type": "Point", "coordinates": [392069.8, 5669146.2]}}, {"type": "Feature", "properties": {"h": 7.8, "r": 2.1}, "geometry": {"type": "Point", "coordinates": [392780.8, 5668305.8]}}, {"type": "Feature", "properties": {"h": 7.9, "r": 1.5}, "geometry": {"type": "Point", "coordinates": [393463.2, 5668305.2]}}, {"type": "Feature", "properties": {"h": 6.9, "r": 1.4}, "geometry": {"type": "Point", "coordinates": [392254.8, 5668097.2]}}, {"type": "Feature", "properties": {"h": 6.7, "r": 2.9}, "geometry": {"type": "Point", "coordinates": [393454.2, 5669741.2]}}, {"type": "Feature", "properties": {"h": 8.4, "r": 1.1}, "geometry": {"type": "Point", "coordinates": [393008.2, 5668120.2]}}, {"type": "Feature", "properties": {"h": 7.3, "r": 2.5}, "geometry": {"type": "Point", "coordinates": [393585.2, 5668154.8]}}, {"type": "Feature", "properties": {"h": 7.5, "r": 2.2}, "geometry": {"type": "Point", "coordinates": [393948.2, 5669622.2]}}, {"type": "Feature", "properties": {"h": 7.7, "r": 1.8}, "geometry": {"type": "Point", "coordinates": [392088.8, 5669026.2]}}, {"type": "Feature", "properties": {"h": 7.1, "r": 2.2}, "geometry": {"type": "Point", "coordinates": [393143.2, 5668126.2]}}, {"type": "Feature", "properties": {"h": 7.0, "r": 1.8}, "geometry": {"type": "Point", "coordinates": [392989.2, 5668997.2]}}, {"type": "Feature", "properties": {"h": 6.0, "r": 1.0}, "geometry": {"type": "Point", "coordinates": [392348.2, 5669346.2]}}, {"type": "Feature", "properties": {"h": 7.7, "r": 1.1}, "geometry": {"type": "Point", "coordinates": [392038.8, 5668852.2]}}, {"type": "Feature", "properties": {"h": 6.9, "r": 1.4}, "geometry": {"type": "Point", "coordinates": [393739.8, 5669982.2]}}, {"type": "Feature", "properties": {"h": 8.1, "r": 1.4}, "geometry": {"type": "Point", "coordinates": [393177.8, 5668195.2]}}, {"type": "Feature", "properties": {"h": 6.7, "r": 1.8}, "geometry": {"type": "Point", "coordinates": [392952.8, 5669038.8]}}, {"type": "Feature", "properties": {"h": 8.1, "r": 1.6}, "geometry": {"type": "Point", "coordinates": [392184.2, 5669887.2]}}, {"type": "Feature", "properties": {"h": 7.2, "r": 2.7}, "geometry": {"type": "Point", "coordinates": [392366.2, 5669905.8]}}, {"type": "Feature", "properties": {"h": 6.8, "r": 1.8}, "geometry": {"type": "Point", "coordinates": [392179.2, 5668699.8]}}, {"type": "Feature", "properties": {"h": 8.1, "r": 1.4}, "geometry": {"type": "Point", "coordinates": [392990.2, 5668123.2]}}, {"type": "Feature", "properties": {"h": 7.1, "r": 1.8}, "geometry": {"type": "Point", "coordinates": [392471.8, 5668362.2]}}, {"type": "Feature", "properties": {"h": 6.7, "r": 1.5}, "geometry": {"type": "Point", "coordinates": [392826.8, 5669245.2]}}, {"type": "Feature", "properties": {"h": 11.7, "r": 1.0}, "geometry": {"type": "Point", "coordinates": [393557.8, 5669967.8]}}, {"type": "Feature", "properties": {"h": 7.5, "r": 2.2}, "geometry": {"type": "Point", "coordinates": [392981.2, 5669409.8]}}, {"type": "Feature", "properties": {"h": 10.2, "r": 1.1}, "geometry": {"type": "Point", "coordinates": [393604.2, 5668266.8]}}, {"type": "Feature", "properties": {"h": 7.2, "r": 2.0}, "geometry": {"type": "Point", "coordinates": [392975.2, 5669139.8]}}, {"type": "Feature", "properties": {"h": 7.2, "r": 2.5}, "geometry": {"type": "Point", "coordinates": [392919.8, 5668929.8]}}, {"type": "Feature", "properties": {"h": 7.5, "r": 2.1}, "geometry": {"type": "Point", "coordinates": [393652.2, 5669182.2]}}, {"type": "Feature", "properties": {"h": 8.2, "r": 1.8}, "geometry": {"type": "Point", "coordinates": [393110.8, 5669807.8]}}, {"type": "Feature", "properties": {"h": 8.0, "r": 1.6}, "geometry": {"type": "Point", "coordinates": [392767.8, 5669175.8]}}, {"type": "Feature", "properties": {"h": 8.1, "r": 1.5}, "geometry": {"type": "Point", "coordinates": [392017.8, 5668870.2]}}, {"type": "Feature", "properties": {"h": 7.5, "r": 2.2}, "geometry": {"type": "Point", "coordinates": [393626.2, 5668134.8]}}, {"type": "Feature", "properties": {"h": 7.4, "r": 2.1}, "geometry": {"type": "Point", "coordinates": [392653.8, 5668781.2]}}, {"type": "Feature", "properties": {"h": 6.9, "r": 2.5}, "geometry": {"type": "Point", "coordinates": [392794.8, 5669064.2]}}, {"type": "Feature", "properties": {"h": 6.8, "r": 1.5}, "geometry": {"type": "Point", "coordinates": [392027.2, 5668541.8]}}, {"type": "Feature", "properties": {"h": 7.5, "r": 1.1}, "geometry": {"type": "Point", "coordinates": [392031.2, 5668535.8]}}, {"type": "Feature", "properties": {"h": 7.2, "r": 2.0}, "geometry": {"type": "Point", "coordinates": [393548.2, 5669633.8]}}, {"type": "Feature", "properties": {"h": 7.1, "r": 2.5}, "geometry": {"type": "Point", "coordinates": [392893.2, 5669930.8]}}, {"type": "Feature", "properties": {"h": 8.2, "r": 1.4}, "geometry": {"type": "Point", "coordinates": [392451.8, 5668300.2]}}, {"type": "Feature", "properties": {"h": 9.5, "r": 1.4}, "geometry": {"type": "Point", "coordinates": [393271.2, 5669195.2]}}, {"type": "Feature", "properties": {"h": 6.9, "r": 2.5}, "geometry": {"type": "Point", "coordinates": [393118.2, 5668475.2]}}, {"type": "Feature", "properties": {"h": 7.7, "r": 1.6}, "geometry": {"type": "Point", "coordinates": [393011.2, 5669931.8]}}, {"type": "Feature", "properties": {"h": 7.4, "r": 2.0}, "geometry": {"type": "Point", "coordinates": [392182.2, 5669876.8]}}, {"type": "Feature", "properties": {"h": 8.3, "r": 1.0}, "geometry": {"type": "Point", "coordinates": [392138.8, 5668426.2]}}, {"type": "Feature", "properties": {"h": 7.3, "r": 2.1}, "geometry": {"type": "Point", "coordinates": [393513.8, 5669744.8]}}, {"type": "Feature", "properties": {"h": 12.9, "r": 1.0}, "geometry": {"type": "Point", "coordinates": [392907.2, 5669808.8]}}, {"type": "Feature", "properties": {"h": 7.0, "r": 2.5}, "geometry": {"type": "Point", "coordinates": [392260.2, 5669267.8]}}, {"type": "Feature", "properties": {"h": 7.9, "r": 2.9}, "geometry": {"type": "Point", "coordinates": [392556.8, 5669532.8]}}, {"type": "Feature", "properties": {"h": 7.4, "r": 1.8}, "geometry": {"type": "Point", "coordinates": [393894.8, 5669698.2]}}, {"type": "Feature", "properties": {"h": 6.9, "r": 2.8}, "geometry": {"type": "Point", "coordinates": [392651.8, 5668938.8]}}, {"type": "Feature", "properties": {"h": 9.4, "r": 1.5}, "geometry": {"type": "Point", "coordinates": [392150.2, 5668550.2]}}, {"type": "Feature", "properties": {"h": 7.8, "r": 1.6}, "geometry": {"type": "Point", "coordinates": [393400.2, 5668220.2]}}, {"type": "Feature", "properties": {"h": 7.5, "r": 1.8}, "geometry": {"type": "Point", "coordinates": [393705.2, 5669146.2]}}, {"type": "Feature", "properties": {"h": 7.3, "r": 1.4}, "geometry": {"type": "Point", "coordinates": [392928.2, 5669857.8]}}, {"type": "Feature", "properties": {"h": 7.7, "r": 1.1}, "geometry": {"type": "Point", "coordinates": [393313.8, 5668594.8]}}, {"type": "Feature", "properties": {"h": 9.6, "r": 1.0}, "geometry": {"type": "Point", "coordinates": [392147.2, 5668158.2]}}, {"type": "Feature", "properties": {"h": 9.6, "r": 1.1}, "geometry": {"type": "Point", "coordinates": [393287.2, 5668327.2]}}, {"type": "Feature", "properties": {"h": 7.4, "r": 2.1}, "geometry": {"type": "Point", "coordinates": [392677.2, 5668714.2]}}, {"type": "Feature", "properties": {"h": 7.0, "r": 2.0}, "geometry": {"type": "Point", "coordinates": [393234.8, 5669535.8]}}, {"type": "Feature", "properties": {"h": 6.9, "r": 2.2}, "geometry": {"type": "Point", "coordinates": [392093.8, 5668990.8]}}, {"type": "Feature", "properties": {"h": 6.3, "r": 1.8}, "geometry": {"type": "Point", "coordinates": [392471.8, 5668259.8]}}, {"type": "Feature", "properties": {"h": 7.7, "r": 2.0}, "geometry": {"type": "Point", "coordinates": [393155.2, 5668252.2]}}, {"type": "Feature", "properties": {"h": 8.1, "r": 1.6}, "geometry": {"type": "Point", "coordinates": [392273.2, 5668343.8]}}, {"type": "Feature", "properties": {"h": 7.8, "r": 1.8}, "geometry": {"type": "Point", "coordinates": [392122.2, 5668923.2]}}, {"type": "Feature", "properties": {"h": 7.5, "r": 1.5}, "geometry": {"type": "Point", "coordinates": [392106.2, 5668947.2]}}, {"type": "Feature", "properties": {"h": 9.0, "r": 1.1}, "geometry": {"type": "Point", "coordinates": [393281.2, 5668247.2]}}, {"type": "Feature", "properties": {"h": 8.5, "r": 1.0}, "geometry": {"type": "Point", "coordinates": [393525.2, 5668606.2]}}, {"type": "Feature", "properties": {"h": 7.4, "r": 2.1}, "geometry": {"type": "Point", "coordinates": [392053.8, 5669761.8]}}, {"type": "Feature", "properties": {"h": 7.6, "r": 2.5}, "geometry": {"type": "Point", "coordinates": [393359.8, 5668279.2]}}, {"type": "Feature", "properties": {"h": 7.1, "r": 1.5}, "geometry": {"type": "Point", "coordinates": [392313.2, 5668911.8]}}, {"type": "Feature", "properties": {"h": 7.8, "r": 1.4}, "geometry": {"type": "Point", "coordinates": [392256.8, 5668469.8]}}, {"type": "Feature", "properties": {"h": 7.5, "r": 1.5}, "geometry": {"type": "Point", "coordinates": [392922.2, 5669266.2]}}, {"type": "Feature", "properties": {"h": 6.7, "r": 2.1}, "geometry": {"type": "Point", "coordinates": [393140.8, 5669017.2]}}, {"type": "Feature", "properties": {"h": 7.7, "r": 2.0}, "geometry": {"type": "Point", "coordinates": [393628.2, 5669970.8]}}, {"type": "Feature", "properties": {"h": 7.0, "r": 1.5}, "geometry": {"type": "Point", "coordinates": [392961.8, 5669213.8]}}, {"type": "Feature", "properties": {"h": 7.8, "r": 2.1}, "geometry": {"type": "Point", "coordinates": [393375.2, 5668436.8]}}, {"type": "Feature", "properties": {"h": 6.9, "r": 2.1}, "geometry": {"type": "Point", "coordinates": [393509.2, 5669426.2]}}, {"type": "Feature", "properties": {"h": 8.0, "r": 1.6}, "geometry": {"type": "Point", "coordinates": [392881.2, 5669603.8]}}, {"type": "Feature", "properties": {"h": 7.7, "r": 1.6}, "geometry": {"type": "Point", "coordinates": [392705.2, 5668059.2]}}, {"type": "Feature", "properties": {"h": 7.4, "r": 1.6}, "geometry": {"type": "Point", "coordinates": [393303.8, 5668632.2]}}, {"type": "Feature", "properties": {"h": 6.8, "r": 2.5}, "geometry": {"type": "Point", "coordinates": [392171.2, 5669173.2]}}, {"type": "Feature", "properties": {"h": 7.1, "r": 1.8}, "geometry": {"type": "Point", "coordinates": [392487.2, 5668387.2]}}, {"type": "Feature", "properties": {"h": 7.6, "r": 1.5}, "geometry": {"type": "Point", "coordinates": [392175.2, 5669946.2]}}, {"type": "Feature", "properties": {"h": 6.3, "r": 2.7}, "geometry": {"type": "Point", "coordinates": [392604.8, 5669192.8]}}, {"type": "Feature", "properties": {"h": 6.7, "r": 1.5}, "geometry": {"type": "Point", "coordinates": [393955.8, 5669604.8]}}, {"type": "Feature", "properties": {"h": 8.0, "r": 1.5}, "geometry": {"type": "Point", "coordinates": [392000.2, 5668903.2]}}, {"type": "Feature", "properties": {"h": 7.7, "r": 1.6}, "geometry": {"type": "Point", "coordinates": [392696.2, 5668782.2]}}, {"type": "Feature", "properties": {"h": 7.1, "r": 2.0}, "geometry": {"type": "Point", "coordinates": [392089.8, 5668892.8]}}, {"type": "Feature", "properties": {"h": 7.1, "r": 1.6}, "geometry": {"type": "Point", "coordinates": [393568.8, 5668028.8]}}, {"type": "Feature", "properties": {"h": 10.0, "r": 1.0}, "geometry": {"type": "Point", "coordinates": [392452.8, 5669366.8]}}, {"type": "Feature", "properties": {"h": 7.4, "r": 2.1}, "geometry": {"type": "Point", "coordinates": [393515.2, 5669995.2]}}, {"type": "Feature", "properties": {"h": 7.2, "r": 1.8}, "geometry": {"type": "Point", "coordinates": [392993.2, 5669233.2]}}, {"type": "Feature", "properties": {"h": 6.9, "r": 2.0}, "geometry": {"type": "Point", "coordinates": [392177.2, 5668538.8]}}, {"type": "Feature", "properties": {"h": 6.4, "r": 2.5}, "geometry": {"type": "Point", "coordinates": [392149.2, 5668448.2]}}, {"type": "Feature", "properties": {"h": 7.7, "r": 1.0}, "geometry": {"type": "Point", "coordinates": [392027.2, 5669282.2]}}, {"type": "Feature", "properties": {"h": 7.4, "r": 2.5}, "geometry": {"type": "Point", "coordinates": [392466.8, 5668149.8]}}, {"type": "Feature", "properties": {"h": 9.2, "r": 1.0}, "geometry": {"type": "Point", "coordinates": [393962.2, 5668353.2]}}, {"type": "Feature", "properties": {"h": 7.1, "r": 2.5}, "geometry": {"type": "Point", "coordinates": [393329.8, 5668477.8]}}, {"type": "Feature", "properties": {"h": 7.2, "r": 1.4}, "geometry": {"type": "Point", "coordinates": [393185.2, 5669608.2]}}, {"type": "Feature", "properties": {"h": 7.3, "r": 1.5}, "geometry": {"type": "Point", "coordinates": [393780.2, 5669182.2]}}, {"type": "Feature", "properties": {"h": 7.4, "r": 1.5}, "geometry": {"type": "Point", "coordinates": [392082.8, 5668085.8]}}, {"type": "Feature", "properties": {"h": 6.8, "r": 1.8}, "geometry": {"type": "Point", "coordinates": [393184.8, 5669978.2]}}, {"type": "Feature", "properties": {"h": 7.8, "r": 1.1}, "geometry": {"type": "Point", "coordinates": [392905.8, 5668955.2]}}, {"type": "Feature", "properties": {"h": 9.4, "r": 1.0}, "geometry": {"type": "Point", "coordinates": [392743.8, 5668386.2]}}, {"type": "Feature", "properties": {"h": 8.3, "r": 1.5}, "geometry": {"type": "Point", "coordinates": [392490.8, 5669313.8]}}, {"type": "Feature", "properties": {"h": 7.6, "r": 1.8}, "geometry": {"type": "Point", "coordinates": [392542.2, 5668874.2]}}, {"type": "Feature", "properties": {"h": 6.8, "r": 2.1}, "geometry": {"type": "Point", "coordinates": [393022.8, 5669887.2]}}, {"type": "Feature", "properties": {"h": 8.1, "r": 1.5}, "geometry": {"type": "Point", "coordinates": [393025.8, 5668111.8]}}, {"type": "Feature", "properties": {"h": 7.7, "r": 2.5}, "geometry": {"type": "Point", "coordinates": [393288.8, 5669366.2]}}, {"type": "Feature", "properties": {"h": 6.0, "r": 2.2}, "geometry": {"type": "Point", "coordinates": [392436.8, 5669739.8]}}, {"type": "Feature", "properties": {"h": 11.9, "r": 1.0}, "geometry": {"type": "Point", "coordinates": [392723.2, 5668903.2]}}, {"type": "Feature", "properties": {"h": 6.9, "r": 2.0}, "geometry": {"type": "Point", "coordinates": [392091.2, 5668186.8]}}, {"type": "Feature", "properties": {"h": 7.1, "r": 1.8}, "geometry": {"type": "Point", "coordinates": [392923.8, 5669619.2]}}, {"type": "Feature", "properties": {"h": 8.2, "r": 1.0}, "geometry": {"type": "Point", "coordinates": [393506.8, 5669402.8]}}, {"type": "Feature", "properties": {"h": 6.2, "r": 2.0}, "geometry": {"type": "Point", "coordinates": [393236.8, 5669165.2]}}, {"type": "Feature", "properties": {"h": 6.8, "r": 2.5}, "geometry": {"type": "Point", "coordinates": [392015.2, 5669217.2]}}, {"type": "Feature", "properties": {"h": 7.0, "r": 1.6}, "geometry": {"type": "Point", "coordinates": [393130.8, 5669332.2]}}, {"type": "Feature", "properties": {"h": 6.7, "r": 2.0}, "geometry": {"type": "Point", "coordinates": [392043.2, 5669217.2]}}, {"type": "Feature", "properties": {"h": 6.5, "r": 1.6}, "geometry": {"type": "Point", "coordinates": [392564.8, 5669054.2]}}, {"type": "Feature", "properties": {"h": 7.3, "r": 1.6}, "geometry": {"type": "Point", "coordinates": [392530.8, 5669952.2]}}, {"type": "Feature", "properties": {"h": 7.2, "r": 2.1}, "geometry": {"type": "Point", "coordinates": [393239.2, 5669651.8]}}, {"type": "Feature", "properties": {"h": 10.3, "r": 1.0}, "geometry": {"type": "Point", "coordinates": [393704.2, 5669695.8]}}, {"type": "Feature", "properties": {"h": 7.8, "r": 2.5}, "geometry": {"type": "Point", "coordinates": [392098.2, 5669015.2]}}, {"type": "Feature", "properties": {"h": 7.7, "r": 1.5}, "geometry": {"type": "Point", "coordinates": [392083.8, 5669160.2]}}, {"type": "Feature", "properties": {"h": 6.4, "r": 2.0}, "geometry": {"type": "Point", "coordinates": [392651.2, 5669202.8]}}, {"type": "Feature", "properties": {"h": 6.8, "r": 1.8}, "geometry": {"type": "Point", "coordinates": [392595.2, 5669912.2]}}, {"type": "Feature", "properties": {"h": 8.3, "r": 1.0}, "geometry": {"type": "Point", "coordinates": [392954.2, 5668457.2]}}, {"type": "Feature", "properties": {"h": 7.0, "r": 2.2}, "geometry": {"type": "Point", "coordinates": [393355.2, 5668643.8]}}, {"type": "Feature", "properties": {"h": 8.5, "r": 1.0}, "geometry": {"type": "Point", "coordinates": [392398.2, 5668842.8]}}, {"type": "Feature", "properties": {"h": 8.2, "r": 1.6}, "geometry": {"type": "Point", "coordinates": [392647.8, 5668925.8]}}, {"type": "Feature", "properties": {"h": 6.3, "r": 2.1}, "geometry": {"type": "Point", "coordinates": [393587.2, 5669809.8]}}, {"type": "Feature", "properties": {"h": 6.9, "r": 1.6}, "geometry": {"type": "Point", "coordinates": [392156.2, 5668829.2]}}, {"type": "Feature", "properties": {"h": 7.2, "r": 1.8}, "geometry": {"type": "Point", "coordinates": [393549.8, 5668691.8]}}, {"type": "Feature", "properties": {"h": 7.2, "r": 1.5}, "geometry": {"type": "Point", "coordinates": [392703.2, 5668162.8]}}, {"type": "Feature", "properties": {"h": 6.7, "r": 1.6}, "geometry": {"type": "Point", "coordinates": [392858.2, 5669580.2]}}, {"type": "Feature", "properties": {"h": 6.0, "r": 2.1}, "geometry": {"type": "Point", "coordinates": [392194.2, 5669896.2]}}, {"type": "Feature", "properties": {"h": 7.1, "r": 1.8}, "geometry": {"type": "Point", "coordinates": [393020.8, 5668580.2]}}, {"type": "Feature", "properties": {"h": 7.9, "r": 1.0}, "geometry": {"type": "Point", "coordinates": [393923.8, 5668298.8]}}, {"type": "Feature", "properties": {"h": 7.9, "r": 1.4}, "geometry": {"type": "Point", "coordinates": [393917.2, 5669581.8]}}, {"type": "Feature", "properties": {"h": 6.2, "r": 1.5}, "geometry": {"type": "Point", "coordinates": [392963.2, 5669048.2]}}, {"type": "Feature", "properties": {"h": 6.6, "r": 1.6}, "geometry": {"type": "Point", "coordinates": [393979.2, 5669005.2]}}, {"type": "Feature", "properties": {"h": 7.4, "r": 1.5}, "geometry": {"type": "Point", "coordinates": [392889.2, 5668964.8]}}, {"type": "Feature", "properties": {"h": 7.9, "r": 1.1}, "geometry": {"type": "Point", "coordinates": [392429.8, 5668578.8]}}, {"type": "Feature", "properties": {"h": 6.6, "r": 1.0}, "geometry": {"type": "Point", "coordinates": [392880.2, 5668838.8]}}, {"type": "Feature", "properties": {"h": 7.3, "r": 1.5}, "geometry": {"type": "Point", "coordinates": [392123.8, 5668911.8]}}, {"type": "Feature", "properties": {"h": 8.2, "r": 1.1}, "geometry": {"type": "Point", "coordinates": [392862.2, 5669032.2]}}, {"type": "Feature", "properties": {"h": 9.1, "r": 1.1}, "geometry": {"type": "Point", "coordinates": [392278.2, 5668856.2]}}, {"type": "Feature", "properties": {"h": 7.9, "r": 2.2}, "geometry": {"type": "Point", "coordinates": [392363.2, 5669236.2]}}, {"type": "Feature", "properties": {"h": 8.5, "r": 1.5}, "geometry": {"type": "Point", "coordinates": [393890.8, 5669683.8]}}, {"type": "Feature", "properties": {"h": 7.2, "r": 1.4}, "geometry": {"type": "Point", "coordinates": [392425.2, 5669760.2]}}, {"type": "Feature", "properties": {"h": 6.3, "r": 2.0}, "geometry": {"type": "Point", "coordinates": [393161.8, 5668174.8]}}, {"type": "Feature", "properties": {"h": 6.9, "r": 3.2}, "geometry": {"type": "Point", "coordinates": [393464.8, 5669479.8]}}, {"type": "Feature", "properties": {"h": 7.5, "r": 2.1}, "geometry": {"type": "Point", "coordinates": [393388.2, 5668757.2]}}, {"type": "Feature", "properties": {"h": 6.3, "r": 1.4}, "geometry": {"type": "Point", "coordinates": [392268.2, 5669239.2]}}, {"type": "Feature", "properties": {"h": 7.3, "r": 1.4}, "geometry": {"type": "Point", "coordinates": [393688.8, 5669397.8]}}, {"type": "Feature", "properties": {"h": 6.4, "r": 1.8}, "geometry": {"type": "Point", "coordinates": [393472.8, 5669503.8]}}, {"type": "Feature", "properties": {"h": 7.2, "r": 1.8}, "geometry": {"type": "Point", "coordinates": [393933.8, 5668314.2]}}, {"type": "Feature", "properties": {"h": 7.3, "r": 2.5}, "geometry": {"type": "Point", "coordinates": [393226.8, 5668508.2]}}, {"type": "Feature", "properties": {"h": 7.9, "r": 1.8}, "geometry": {"type": "Point", "coordinates": [392380.2, 5669372.8]}}, {"type": "Feature", "properties": {"h": 6.5, "r": 1.5}, "geometry": {"type": "Point", "coordinates": [393164.2, 5669471.2]}}, {"type": "Feature", "properties": {"h": 7.0, "r": 1.1}, "geometry": {"type": "Point", "coordinates": [392101.8, 5669177.8]}}, {"type": "Feature", "properties": {"h": 6.0, "r": 1.6}, "geometry": {"type": "Point", "coordinates": [393002.2, 5669226.2]}}, {"type": "Feature", "properties": {"h": 7.7, "r": 1.1}, "geometry": {"type": "Point", "coordinates": [392308.8, 5668888.8]}}, {"type": "Feature", "properties": {"h": 7.0, "r": 1.4}, "geometry": {"type": "Point", "coordinates": [392598.2, 5669203.8]}}, {"type": "Feature", "properties": {"h": 7.4, "r": 1.0}, "geometry": {"type": "Point", "coordinates": [392009.2, 5668895.8]}}, {"type": "Feature", "properties": {"h": 6.8, "r": 1.6}, "geometry": {"type": "Point", "coordinates": [392002.2, 5668054.2]}}, {"type": "Feature", "properties": {"h": 6.9, "r": 2.2}, "geometry": {"type": "Point", "coordinates": [393249.8, 5668033.8]}}, {"type": "Feature", "properties": {"h": 7.2, "r": 1.1}, "geometry": {"type": "Point", "coordinates": [392276.2, 5668072.8]}}, {"type": "Feature", "properties": {"h": 6.2, "r": 1.8}, "geometry": {"type": "Point", "coordinates": [393138.2, 5669022.8]}}, {"type": "Feature", "properties": {"h": 7.1, "r": 1.8}, "geometry": {"type": "Point", "coordinates": [392476.8, 5669314.2]}}, {"type": "Feature", "properties": {"h": 6.4, "r": 2.1}, "geometry": {"type": "Point", "coordinates": [392498.2, 5669168.2]}}, {"type": "Feature", "properties": {"h": 7.7, "r": 1.0}, "geometry": {"type": "Point", "coordinates": [392186.8, 5668184.2]}}, {"type": "Feature", "properties": {"h": 6.6, "r": 1.5}, "geometry": {"type": "Point", "coordinates": [392286.2, 5668041.2]}}, {"type": "Feature", "properties": {"h": 8.1, "r": 1.0}, "geometry": {"type": "Point", "coordinates": [393448.2, 5668397.8]}}, {"type": "Feature", "properties": {"h": 7.0, "r": 2.2}, "geometry": {"type": "Point", "coordinates": [392917.8, 5669929.8]}}, {"type": "Feature", "properties": {"h": 6.3, "r": 1.1}, "geometry": {"type": "Point", "coordinates": [393280.2, 5668510.2]}}, {"type": "Feature", "properties": {"h": 7.4, "r": 1.4}, "geometry": {"type": "Point", "coordinates": [393918.8, 5669337.2]}}, {"type": "Feature", "properties": {"h": 7.5, "r": 2.2}, "geometry": {"type": "Point", "coordinates": [392088.2, 5669021.8]}}, {"type": "Feature", "properties": {"h": 7.1, "r": 1.5}, "geometry": {"type": "Point", "coordinates": [392154.2, 5668518.8]}}, {"type": "Feature", "properties": {"h": 7.0, "r": 2.1}, "geometry": {"type": "Point", "coordinates": [393757.2, 5669967.8]}}, {"type": "Feature", "properties": {"h": 5.8, "r": 2.1}, "geometry": {"type": "Point", "coordinates": [393016.8, 5669925.8]}}, {"type": "Feature", "properties": {"h": 9.5, "r": 1.0}, "geometry": {"type": "Point", "coordinates": [393933.2, 5669176.2]}}, {"type": "Feature", "properties": {"h": 8.3, "r": 1.1}, "geometry": {"type": "Point", "coordinates": [392875.2, 5668872.8]}}, {"type": "Feature", "properties": {"h": 8.0, "r": 1.5}, "geometry": {"type": "Point", "coordinates": [393309.8, 5668614.2]}}, {"type": "Feature", "properties": {"h": 7.2, "r": 1.6}, "geometry": {"type": "Point", "coordinates": [392629.8, 5668905.8]}}, {"type": "Feature", "properties": {"h": 6.2, "r": 1.6}, "geometry": {"type": "Point", "coordinates": [392825.8, 5669406.2]}}, {"type": "Feature", "properties": {"h": 7.7, "r": 1.8}, "geometry": {"type": "Point", "coordinates": [392000.2, 5669659.8]}}, {"type": "Feature", "properties": {"h": 6.1, "r": 2.1}, "geometry": {"type": "Point", "coordinates": [393918.8, 5668297.8]}}, {"type": "Feature", "properties": {"h": 10.0, "r": 1.0}, "geometry": {"type": "Point", "coordinates": [392561.2, 5669010.2]}}, {"type": "Feature", "properties": {"h": 9.0, "r": 1.0}, "geometry": {"type": "Point", "coordinates": [393345.8, 5668826.8]}}, {"type": "Feature", "properties": {"h": 6.9, "r": 1.1}, "geometry": {"type": "Point", "coordinates": [392471.2, 5668425.2]}}, {"type": "Feature", "properties": {"h": 7.0, "r": 2.5}, "geometry": {"type": "Point", "coordinates": [392914.2, 5669611.8]}}, {"type": "Feature", "properties": {"h": 6.2, "r": 1.6}, "geometry": {"type": "Point", "coordinates": [393434.2, 5668784.2]}}, {"type": "Feature", "properties": {"h": 5.8, "r": 1.6}, "geometry": {"type": "Point", "coordinates": [393831.8, 5669215.2]}}, {"type": "Feature", "properties": {"h": 8.5, "r": 1.8}, "geometry": {"type": "Point", "coordinates": [393587.2, 5669898.2]}}, {"type": "Feature", "properties": {"h": 7.2, "r": 2.1}, "geometry": {"type": "Point", "coordinates": [392103.8, 5668175.8]}}, {"type": "Feature", "properties": {"h": 6.2, "r": 2.1}, "geometry": {"type": "Point", "coordinates": [392212.8, 5669947.8]}}, {"type": "Feature", "properties": {"h": 6.6, "r": 2.0}, "geometry": {"type": "Point", "coordinates": [393317.2, 5668168.8]}}, {"type": "Feature", "properties": {"h": 6.5, "r": 1.6}, "geometry": {"type": "Point", "coordinates": [393248.8, 5668573.8]}}, {"type": "Feature", "properties": {"h": 7.5, "r": 1.4}, "geometry": {"type": "Point", "coordinates": [393761.2, 5669205.2]}}, {"type": "Feature", "properties": {"h": 7.0, "r": 1.5}, "geometry": {"type": "Point", "coordinates": [392360.8, 5669384.8]}}, {"type": "Feature", "properties": {"h": 8.1, "r": 1.8}, "geometry": {"type": "Point", "coordinates": [392691.2, 5668995.8]}}, {"type": "Feature", "properties": {"h": 5.8, "r": 2.8}, "geometry": {"type": "Point", "coordinates": [392997.8, 5669902.2]}}, {"type": "Feature", "properties": {"h": 6.6, "r": 2.1}, "geometry": {"type": "Point", "coordinates": [393590.8, 5669705.8]}}, {"type": "Feature", "properties": {"h": 6.8, "r": 1.8}, "geometry": {"type": "Point", "coordinates": [392267.2, 5668902.8]}}, {"type": "Feature", "properties": {"h": 7.0, "r": 1.8}, "geometry": {"type": "Point", "coordinates": [393787.2, 5669354.8]}}, {"type": "Feature", "properties": {"h": 7.3, "r": 1.1}, "geometry": {"type": "Point", "coordinates": [393994.8, 5668611.8]}}, {"type": "Feature", "properties": {"h": 6.4, "r": 2.7}, "geometry": {"type": "Point", "coordinates": [392651.8, 5668995.2]}}, {"type": "Feature", "properties": {"h": 6.6, "r": 2.9}, "geometry": {"type": "Point", "coordinates": [393869.8, 5668506.2]}}, {"type": "Feature", "properties": {"h": 6.8, "r": 2.2}, "geometry": {"type": "Point", "coordinates": [392490.8, 5668394.2]}}, {"type": "Feature", "properties": {"h": 6.6, "r": 1.8}, "geometry": {"type": "Point", "coordinates": [393717.8, 5669146.2]}}, {"type": "Feature", "properties": {"h": 8.3, "r": 1.8}, "geometry": {"type": "Point", "coordinates": [392198.2, 5668438.2]}}, {"type": "Feature", "properties": {"h": 7.4, "r": 1.6}, "geometry": {"type": "Point", "coordinates": [392130.8, 5668189.2]}}, {"type": "Feature", "properties": {"h": 6.7, "r": 2.0}, "geometry": {"type": "Point", "coordinates": [393856.8, 5668601.2]}}, {"type": "Feature", "properties": {"h": 6.5, "r": 1.6}, "geometry": {"type": "Point", "coordinates": [392263.8, 5668443.2]}}, {"type": "Feature", "properties": {"h": 7.3, "r": 2.1}, "geometry": {"type": "Point", "coordinates": [392901.2, 5669444.2]}}, {"type": "Feature", "properties": {"h": 5.9, "r": 2.1}, "geometry": {"type": "Point", "coordinates": [393495.2, 5669486.8]}}, {"type": "Feature", "properties": {"h": 8.4, "r": 1.4}, "geometry": {"type": "Point", "coordinates": [393059.2, 5668617.8]}}, {"type": "Feature", "properties": {"h": 6.7, "r": 2.1}, "geometry": {"type": "Point", "coordinates": [393022.8, 5669950.2]}}, {"type": "Feature", "properties": {"h": 7.2, "r": 1.5}, "geometry": {"type": "Point", "coordinates": [393096.2, 5669707.2]}}, {"type": "Feature", "properties": {"h": 6.7, "r": 2.5}, "geometry": {"type": "Point", "coordinates": [392047.8, 5668856.8]}}, {"type": "Feature", "properties": {"h": 8.5, "r": 1.0}, "geometry": {"type": "Point", "coordinates": [393470.2, 5668072.8]}}, {"type": "Feature", "properties": {"h": 7.0, "r": 1.1}, "geometry": {"type": "Point", "coordinates": [392923.2, 5669072.2]}}, {"type": "Feature", "properties": {"h": 6.5, "r": 1.6}, "geometry": {"type": "Point", "coordinates": [392164.2, 5668060.8]}}, {"type": "Feature", "properties": {"h": 7.4, "r": 1.8}, "geometry": {"type": "Point", "coordinates": [393284.2, 5668565.2]}}, {"type": "Feature", "properties": {"h": 7.7, "r": 1.1}, "geometry": {"type": "Point", "coordinates": [393619.8, 5669194.2]}}, {"type": "Feature", "properties": {"h": 7.4, "r": 1.1}, "geometry": {"type": "Point", "coordinates": [392029.2, 5668890.8]}}, {"type": "Feature", "properties": {"h": 6.3, "r": 2.0}, "geometry": {"type": "Point", "coordinates": [393351.2, 5668636.8]}}, {"type": "Feature", "properties": {"h": 8.2, "r": 1.0}, "geometry": {"type": "Point", "coordinates": [393038.8, 5668842.8]}}, {"type": "Feature", "properties": {"h": 6.9, "r": 1.0}, "geometry": {"type": "Point", "coordinates": [393966.2, 5668905.8]}}, {"type": "Feature", "properties": {"h": 6.2, "r": 1.8}, "geometry": {"type": "Point", "coordinates": [392879.8, 5669012.2]}}, {"type": "Feature", "properties": {"h": 7.1, "r": 2.0}, "geometry": {"type": "Point", "coordinates": [392492.8, 5668390.2]}}, {"type": "Feature", "properties": {"h": 7.2, "r": 1.4}, "geometry": {"type": "Point", "coordinates": [392021.2, 5668328.2]}}, {"type": "Feature", "properties": {"h": 6.3, "r": 2.1}, "geometry": {"type": "Point", "coordinates": [392077.2, 5669026.2]}}, {"type": "Feature", "properties": {"h": 7.5, "r": 1.5}, "geometry": {"type": "Point", "coordinates": [393549.2, 5668687.8]}}, {"type": "Feature", "properties": {"h": 6.7, "r": 1.6}, "geometry": {"type": "Point", "coordinates": [392735.8, 5668395.2]}}, {"type": "Feature", "properties": {"h": 6.9, "r": 2.5}, "geometry": {"type": "Point", "coordinates": [393999.2, 5668152.2]}}, {"type": "Feature", "properties": {"h": 8.3, "r": 1.0}, "geometry": {"type": "Point", "coordinates": [392089.8, 5668375.2]}}, {"type": "Feature", "properties": {"h": 6.6, "r": 1.1}, "geometry": {"type": "Point", "coordinates": [392978.2, 5668061.2]}}, {"type": "Feature", "properties": {"h": 9.1, "r": 1.4}, "geometry": {"type": "Point", "coordinates": [392972.8, 5669962.2]}}, {"type": "Feature", "properties": {"h": 7.1, "r": 1.1}, "geometry": {"type": "Point", "coordinates": [393784.8, 5668962.2]}}, {"type": "Feature", "properties": {"h": 6.4, "r": 1.5}, "geometry": {"type": "Point", "coordinates": [393647.2, 5669286.8]}}, {"type": "Feature", "properties": {"h": 5.0, "r": 1.8}, "geometry": {"type": "Point", "coordinates": [393155.2, 5668210.2]}}, {"type": "Feature", "properties": {"h": 7.6, "r": 1.4}, "geometry": {"type": "Point", "coordinates": [393886.8, 5669703.2]}}, {"type": "Feature", "properties": {"h": 9.2, "r": 1.0}, "geometry": {"type": "Point", "coordinates": [393523.2, 5669405.8]}}, {"type": "Feature", "properties": {"h": 7.4, "r": 1.6}, "geometry": {"type": "Point", "coordinates": [392359.8, 5669328.8]}}, {"type": "Feature", "properties": {"h": 6.5, "r": 1.6}, "geometry": {"type": "Point", "coordinates": [393953.8, 5668616.2]}}, {"type": "Feature", "properties": {"h": 6.5, "r": 1.5}, "geometry": {"type": "Point", "coordinates": [392534.2, 5668961.2]}}, {"type": "Feature", "properties": {"h": 7.1, "r": 1.6}, "geometry": {"type": "Point", "coordinates": [392102.8, 5668616.8]}}, {"type": "Feature", "properties": {"h": 8.1, "r": 1.4}, "geometry": {"type": "Point", "coordinates": [393315.2, 5668714.8]}}, {"type": "Feature", "properties": {"h": 11.5, "r": 1.0}, "geometry": {"type": "Point", "coordinates": [393650.2, 5669881.8]}}, {"type": "Feature", "properties": {"h": 6.7, "r": 1.4}, "geometry": {"type": "Point", "coordinates": [393315.8, 5668746.2]}}, {"type": "Feature", "properties": {"h": 7.2, "r": 1.1}, "geometry": {"type": "Point", "coordinates": [393034.2, 5669909.8]}}, {"type": "Feature", "properties": {"h": 7.5, "r": 1.1}, "geometry": {"type": "Point", "coordinates": [392848.2, 5669467.8]}}, {"type": "Feature", "properties": {"h": 6.3, "r": 3.2}, "geometry": {"type": "Point", "coordinates": [393365.8, 5668677.2]}}, {"type": "Feature", "properties": {"h": 7.0, "r": 1.5}, "geometry": {"type": "Point", "coordinates": [392954.8, 5669015.8]}}, {"type": "Feature", "properties": {"h": 7.6, "r": 1.1}, "geometry": {"type": "Point", "coordinates": [392994.8, 5669194.8]}}, {"type": "Feature", "properties": {"h": 8.4, "r": 1.5}, "geometry": {"type": "Point", "coordinates": [392921.8, 5669194.2]}}, {"type": "Feature", "properties": {"h": 7.4, "r": 1.6}, "geometry": {"type": "Point", "coordinates": [393314.8, 5668477.8]}}, {"type": "Feature", "properties": {"h": 6.8, "r": 1.5}, "geometry": {"type": "Point", "coordinates": [393549.2, 5668696.2]}}, {"type": "Feature", "properties": {"h": 6.7, "r": 1.1}, "geometry": {"type": "Point", "coordinates": [393048.8, 5668119.8]}}, {"type": "Feature", "properties": {"h": 6.1, "r": 2.2}, "geometry": {"type": "Point", "coordinates": [393995.2, 5669342.2]}}, {"type": "Feature", "properties": {"h": 7.6, "r": 1.0}, "geometry": {"type": "Point", "coordinates": [393211.8, 5668221.2]}}, {"type": "Feature", "properties": {"h": 7.6, "r": 1.4}, "geometry": {"type": "Point", "coordinates": [393783.2, 5669438.8]}}, {"type": "Feature", "properties": {"h": 7.6, "r": 1.6}, "geometry": {"type": "Point", "coordinates": [393764.8, 5668973.8]}}, {"type": "Feature", "properties": {"h": 5.9, "r": 2.2}, "geometry": {"type": "Point", "coordinates": [393713.8, 5669146.2]}}, {"type": "Feature", "properties": {"h": 7.8, "r": 1.4}, "geometry": {"type": "Point", "coordinates": [393148.8, 5669366.8]}}, {"type": "Feature", "properties": {"h": 7.0, "r": 1.5}, "geometry": {"type": "Point", "coordinates": [392186.8, 5668667.2]}}, {"type": "Feature", "properties": {"h": 7.3, "r": 2.0}, "geometry": {"type": "Point", "coordinates": [392112.8, 5669316.8]}}, {"type": "Feature", "properties": {"h": 7.6, "r": 1.8}, "geometry": {"type": "Point", "coordinates": [393203.2, 5669440.2]}}, {"type": "Feature", "properties": {"h": 6.3, "r": 2.1}, "geometry": {"type": "Point", "coordinates": [392016.2, 5668435.2]}}, {"type": "Feature", "properties": {"h": 19.5, "r": 1.0}, "geometry": {"type": "Point", "coordinates": [392724.8, 5668447.2]}}, {"type": "Feature", "properties": {"h": 6.5, "r": 2.1}, "geometry": {"type": "Point", "coordinates": [392106.2, 5668234.2]}}, {"type": "Feature", "properties": {"h": 7.3, "r": 2.5}, "geometry": {"type": "Point", "coordinates": [392885.2, 5669525.8]}}, {"type": "Feature", "properties": {"h": 9.1, "r": 1.0}, "geometry": {"type": "Point", "coordinates": [393316.2, 5668003.8]}}, {"type": "Feature", "properties": {"h": 7.4, "r": 1.5}, "geometry": {"type": "Point", "coordinates": [393289.8, 5668317.8]}}, {"type": "Feature", "properties": {"h": 6.0, "r": 1.4}, "geometry": {"type": "Point", "coordinates": [392053.2, 5668240.8]}}, {"type": "Feature", "properties": {"h": 8.0, "r": 1.5}, "geometry": {"type": "Point", "coordinates": [392179.2, 5669250.2]}}, {"type": "Feature", "properties": {"h": 8.2, "r": 1.0}, "geometry": {"type": "Point", "coordinates": [392130.8, 5668792.8]}}, {"type": "Feature", "properties": {"h": 7.1, "r": 2.2}, "geometry": {"type": "Point", "coordinates": [393003.2, 5669964.2]}}, {"type": "Feature", "properties": {"h": 6.8, "r": 1.4}, "geometry": {"type": "Point", "coordinates": [393605.8, 5668080.8]}}, {"type": "Feature", "properties": {"h": 7.2, "r": 2.0}, "geometry": {"type": "Point", "coordinates": [393269.2, 5668332.8]}}, {"type": "Feature", "properties": {"h": 6.5, "r": 1.8}, "geometry": {"type": "Point", "coordinates": [392384.8, 5669362.8]}}, {"type": "Feature", "properties": {"h": 6.9, "r": 1.8}, "geometry": {"type": "Point", "coordinates": [392133.2, 5669175.8]}}, {"type": "Feature", "properties": {"h": 7.3, "r": 2.1}, "geometry": {"type": "Point", "coordinates": [392354.2, 5669662.2]}}, {"type": "Feature", "properties": {"h": 6.0, "r": 1.8}, "geometry": {"type": "Point", "coordinates": [393904.2, 5669537.2]}}, {"type": "Feature", "properties": {"h": 6.9, "r": 1.8}, "geometry": {"type": "Point", "coordinates": [392015.2, 5668281.2]}}, {"type": "Feature", "properties": {"h": 6.3, "r": 2.1}, "geometry": {"type": "Point", "coordinates": [393865.8, 5668505.8]}}, {"type": "Feature", "properties": {"h": 7.0, "r": 2.1}, "geometry": {"type": "Point", "coordinates": [392104.8, 5668735.2]}}, {"type": "Feature", "properties": {"h": 6.3, "r": 2.2}, "geometry": {"type": "Point", "coordinates": [393577.2, 5669724.8]}}, {"type": "Feature", "properties": {"h": 6.5, "r": 3.2}, "geometry": {"type": "Point", "coordinates": [392843.8, 5669412.2]}}, {"type": "Feature", "properties": {"h": 6.4, "r": 2.5}, "geometry": {"type": "Point", "coordinates": [392072.8, 5669101.2]}}, {"type": "Feature", "properties": {"h": 6.7, "r": 1.8}, "geometry": {"type": "Point", "coordinates": [393557.2, 5669263.8]}}, {"type": "Feature", "properties": {"h": 6.4, "r": 1.8}, "geometry": {"type": "Point", "coordinates": [392014.8, 5669717.2]}}, {"type": "Feature", "properties": {"h": 6.6, "r": 2.1}, "geometry": {"type": "Point", "coordinates": [393838.8, 5668880.8]}}, {"type": "Feature", "properties": {"h": 6.6, "r": 2.2}, "geometry": {"type": "Point", "coordinates": [392895.2, 5669905.2]}}, {"type": "Feature", "properties": {"h": 8.1, "r": 1.4}, "geometry": {"type": "Point", "coordinates": [392614.8, 5668985.8]}}, {"type": "Feature", "properties": {"h": 6.5, "r": 1.0}, "geometry": {"type": "Point", "coordinates": [393005.8, 5669578.8]}}, {"type": "Feature", "properties": {"h": 7.2, "r": 2.0}, "geometry": {"type": "Point", "coordinates": [392885.2, 5669522.2]}}, {"type": "Feature", "properties": {"h": 6.4, "r": 1.6}, "geometry": {"type": "Point", "coordinates": [393490.2, 5669966.2]}}, {"type": "Feature", "properties": {"h": 7.0, "r": 2.1}, "geometry": {"type": "Point", "coordinates": [393015.8, 5668418.2]}}, {"type": "Feature", "properties": {"h": 7.5, "r": 1.4}, "geometry": {"type": "Point", "coordinates": [392140.8, 5669161.8]}}, {"type": "Feature", "properties": {"h": 6.1, "r": 1.8}, "geometry": {"type": "Point", "coordinates": [392542.8, 5669955.8]}}, {"type": "Feature", "properties": {"h": 7.1, "r": 1.1}, "geometry": {"type": "Point", "coordinates": [392127.8, 5668665.8]}}, {"type": "Feature", "properties": {"h": 6.4, "r": 2.1}, "geometry": {"type": "Point", "coordinates": [392233.2, 5668594.2]}}, {"type": "Feature", "properties": {"h": 5.8, "r": 1.8}, "geometry": {"type": "Point", "coordinates": [392650.8, 5669283.8]}}, {"type": "Feature", "properties": {"h": 6.3, "r": 2.0}, "geometry": {"type": "Point", "coordinates": [393028.8, 5669945.8]}}, {"type": "Feature", "properties": {"h": 7.9, "r": 1.4}, "geometry": {"type": "Point", "coordinates": [393454.2, 5668379.2]}}, {"type": "Feature", "properties": {"h": 6.3, "r": 2.0}, "geometry": {"type": "Point", "coordinates": [392935.8, 5669191.2]}}, {"type": "Feature", "properties": {"h": 6.9, "r": 2.5}, "geometry": {"type": "Point", "coordinates": [392265.2, 5669268.8]}}, {"type": "Feature", "properties": {"h": 7.0, "r": 1.0}, "geometry": {"type": "Point", "coordinates": [393971.8, 5668525.8]}}, {"type": "Feature", "properties": {"h": 6.8, "r": 1.6}, "geometry": {"type": "Point", "coordinates": [393203.8, 5668442.8]}}, {"type": "Feature", "properties": {"h": 6.4, "r": 1.6}, "geometry": {"type": "Point", "coordinates": [392575.8, 5669003.2]}}, {"type": "Feature", "properties": {"h": 6.2, "r": 1.5}, "geometry": {"type": "Point", "coordinates": [392625.2, 5669452.8]}}, {"type": "Feature", "properties": {"h": 7.3, "r": 1.4}, "geometry": {"type": "Point", "coordinates": [393787.2, 5669224.2]}}, {"type": "Feature", "properties": {"h": 7.4, "r": 1.0}, "geometry": {"type": "Point", "coordinates": [392534.2, 5668881.8]}}, {"type": "Feature", "properties": {"h": 6.9, "r": 1.6}, "geometry": {"type": "Point", "coordinates": [393679.8, 5669898.8]}}, {"type": "Feature", "properties": {"h": 5.8, "r": 2.2}, "geometry": {"type": "Point", "coordinates": [393456.8, 5668685.2]}}, {"type": "Feature", "properties": {"h": 6.7, "r": 1.6}, "geometry": {"type": "Point", "coordinates": [392145.8, 5668425.2]}}, {"type": "Feature", "properties": {"h": 6.8, "r": 1.6}, "geometry": {"type": "Point", "coordinates": [393135.8, 5668073.8]}}, {"type": "Feature", "properties": {"h": 10.0, "r": 1.0}, "geometry": {"type": "Point", "coordinates": [392258.8, 5669395.8]}}, {"type": "Feature", "properties": {"h": 6.4, "r": 1.4}, "geometry": {"type": "Point", "coordinates": [393244.2, 5669458.8]}}, {"type": "Feature", "properties": {"h": 6.0, "r": 1.1}, "geometry": {"type": "Point", "coordinates": [392160.8, 5669301.2]}}, {"type": "Feature", "properties": {"h": 6.5, "r": 1.8}, "geometry": {"type": "Point", "coordinates": [393213.2, 5669104.8]}}, {"type": "Feature", "properties": {"h": 8.0, "r": 1.1}, "geometry": {"type": "Point", "coordinates": [393613.8, 5669304.8]}}, {"type": "Feature", "properties": {"h": 7.9, "r": 1.0}, "geometry": {"type": "Point", "coordinates": [393257.2, 5668059.8]}}, {"type": "Feature", "properties": {"h": 6.3, "r": 1.4}, "geometry": {"type": "Point", "coordinates": [392189.2, 5668663.2]}}, {"type": "Feature", "properties": {"h": 16.4, "r": 1.0}, "geometry": {"type": "Point", "coordinates": [393312.8, 5668943.2]}}, {"type": "Feature", "properties": {"h": 7.2, "r": 2.0}, "geometry": {"type": "Point", "coordinates": [392142.2, 5668053.8]}}, {"type": "Feature", "properties": {"h": 6.7, "r": 2.2}, "geometry": {"type": "Point", "coordinates": [392870.2, 5668371.8]}}, {"type": "Feature", "properties": {"h": 6.7, "r": 2.2}, "geometry": {"type": "Point", "coordinates": [392883.2, 5669501.2]}}, {"type": "Feature", "properties": {"h": 6.3, "r": 1.0}, "geometry": {"type": "Point", "coordinates": [393765.2, 5669266.2]}}, {"type": "Feature", "properties": {"h": 6.7, "r": 1.8}, "geometry": {"type": "Point", "coordinates": [393371.2, 5668680.2]}}, {"type": "Feature", "properties": {"h": 8.4, "r": 1.0}, "geometry": {"type": "Point", "coordinates": [392876.2, 5668960.8]}}, {"type": "Feature", "properties": {"h": 6.5, "r": 2.0}, "geometry": {"type": "Point", "coordinates": [392290.8, 5669163.8]}}, {"type": "Feature", "properties": {"h": 7.1, "r": 1.0}, "geometry": {"type": "Point", "coordinates": [393074.8, 5669536.8]}}, {"type": "Feature", "properties": {"h": 14.1, "r": 1.0}, "geometry": {"type": "Point", "coordinates": [393214.8, 5668809.2]}}, {"type": "Feature", "properties": {"h": 7.4, "r": 1.6}, "geometry": {"type": "Point", "coordinates": [392177.2, 5668692.2]}}, {"type": "Feature", "properties": {"h": 7.7, "r": 1.1}, "geometry": {"type": "Point", "coordinates": [392347.8, 5668837.2]}}, {"type": "Feature", "properties": {"h": 6.9, "r": 2.1}, "geometry": {"type": "Point", "coordinates": [392838.8, 5669023.8]}}, {"type": "Feature", "properties": {"h": 7.7, "r": 2.0}, "geometry": {"type": "Point", "coordinates": [392942.2, 5669924.8]}}, {"type": "Feature", "properties": {"h": 7.2, "r": 1.6}, "geometry": {"type": "Point", "coordinates": [392946.2, 5669470.2]}}, {"type": "Feature", "properties": {"h": 5.3, "r": 1.6}, "geometry": {"type": "Point", "coordinates": [393301.8, 5668109.2]}}, {"type": "Feature", "properties": {"h": 6.6, "r": 1.8}, "geometry": {"type": "Point", "coordinates": [393212.8, 5668406.8]}}, {"type": "Feature", "properties": {"h": 6.9, "r": 1.6}, "geometry": {"type": "Point", "coordinates": [392491.2, 5669167.2]}}, {"type": "Feature", "properties": {"h": 6.2, "r": 1.1}, "geometry": {"type": "Point", "coordinates": [392578.2, 5668419.8]}}, {"type": "Feature", "properties": {"h": 6.0, "r": 1.6}, "geometry": {"type": "Point", "coordinates": [392264.8, 5668509.2]}}, {"type": "Feature", "properties": {"h": 7.6, "r": 1.1}, "geometry": {"type": "Point", "coordinates": [392023.8, 5669261.2]}}, {"type": "Feature", "properties": {"h": 6.4, "r": 1.8}, "geometry": {"type": "Point", "coordinates": [392246.2, 5669077.2]}}, {"type": "Feature", "properties": {"h": 6.2, "r": 2.5}, "geometry": {"type": "Point", "coordinates": [392217.2, 5669187.8]}}, {"type": "Feature", "properties": {"h": 6.2, "r": 2.1}, "geometry": {"type": "Point", "coordinates": [392923.2, 5669512.8]}}, {"type": "Feature", "properties": {"h": 8.5, "r": 1.4}, "geometry": {"type": "Point", "coordinates": [393222.2, 5668280.2]}}, {"type": "Feature", "properties": {"h": 6.0, "r": 1.1}, "geometry": {"type": "Point", "coordinates": [392020.2, 5668542.8]}}, {"type": "Feature", "properties": {"h": 6.7, "r": 2.2}, "geometry": {"type": "Point", "coordinates": [393844.2, 5669640.2]}}, {"type": "Feature", "properties": {"h": 6.6, "r": 2.2}, "geometry": {"type": "Point", "coordinates": [393215.2, 5669546.2]}}, {"type": "Feature", "properties": {"h": 6.4, "r": 2.2}, "geometry": {"type": "Point", "coordinates": [392730.8, 5668867.8]}}, {"type": "Feature", "properties": {"h": 8.2, "r": 1.0}, "geometry": {"type": "Point", "coordinates": [393264.2, 5668849.8]}}, {"type": "Feature", "properties": {"h": 7.0, "r": 1.6}, "geometry": {"type": "Point", "coordinates": [393954.2, 5668065.2]}}, {"type": "Feature", "properties": {"h": 6.1, "r": 2.5}, "geometry": {"type": "Point", "coordinates": [392238.8, 5668408.8]}}, {"type": "Feature", "properties": {"h": 6.9, "r": 1.5}, "geometry": {"type": "Point", "coordinates": [393754.8, 5669430.2]}}, {"type": "Feature", "properties": {"h": 6.4, "r": 1.8}, "geometry": {"type": "Point", "coordinates": [393253.2, 5668338.2]}}, {"type": "Feature", "properties": {"h": 6.7, "r": 1.0}, "geometry": {"type": "Point", "coordinates": [393327.2, 5668714.8]}}, {"type": "Feature", "properties": {"h": 7.8, "r": 1.5}, "geometry": {"type": "Point", "coordinates": [392786.8, 5669261.2]}}, {"type": "Feature", "properties": {"h": 6.5, "r": 1.6}, "geometry": {"type": "Point", "coordinates": [393000.8, 5669943.8]}}, {"type": "Feature", "properties": {"h": 7.7, "r": 1.0}, "geometry": {"type": "Point", "coordinates": [392409.8, 5669287.2]}}, {"type": "Feature", "properties": {"h": 7.2, "r": 1.6}, "geometry": {"type": "Point", "coordinates": [393731.2, 5669576.8]}}, {"type": "Feature", "properties": {"h": 6.5, "r": 1.4}, "geometry": {"type": "Point", "coordinates": [393295.2, 5668661.8]}}, {"type": "Feature", "properties": {"h": 7.4, "r": 1.1}, "geometry": {"type": "Point", "coordinates": [392412.2, 5669283.8]}}, {"type": "Feature", "properties": {"h": 7.1, "r": 1.6}, "geometry": {"type": "Point", "coordinates": [393877.8, 5669419.8]}}, {"type": "Feature", "properties": {"h": 6.8, "r": 1.6}, "geometry": {"type": "Point", "coordinates": [392895.2, 5669009.2]}}, {"type": "Feature", "properties": {"h": 6.4, "r": 2.0}, "geometry": {"type": "Point", "coordinates": [393898.8, 5669528.8]}}, {"type": "Feature", "properties": {"h": 5.3, "r": 2.0}, "geometry": {"type": "Point", "coordinates": [392067.8, 5668355.2]}}, {"type": "Feature", "properties": {"h": 9.9, "r": 1.0}, "geometry": {"type": "Point", "coordinates": [393937.2, 5669620.8]}}, {"type": "Feature", "properties": {"h": 11.3, "r": 1.0}, "geometry": {"type": "Point", "coordinates": [393653.8, 5669946.2]}}, {"type": "Feature", "properties": {"h": 7.5, "r": 1.8}, "geometry": {"type": "Point", "coordinates": [392237.8, 5668527.2]}}, {"type": "Feature", "properties": {"h": 7.8, "r": 1.0}, "geometry": {"type": "Point", "coordinates": [393912.8, 5669669.8]}}, {"type": "Feature", "properties": {"h": 6.8, "r": 1.6}, "geometry": {"type": "Point", "coordinates": [393208.8, 5668213.2]}}, {"type": "Feature", "properties": {"h": 6.6, "r": 2.0}, "geometry": {"type": "Point", "coordinates": [393653.8, 5668148.2]}}, {"type": "Feature", "properties": {"h": 6.9, "r": 2.0}, "geometry": {"type": "Point", "coordinates": [392007.8, 5668619.2]}}, {"type": "Feature", "properties": {"h": 6.3, "r": 2.1}, "geometry": {"type": "Point", "coordinates": [393994.8, 5668142.8]}}, {"type": "Feature", "properties": {"h": 9.6, "r": 1.0}, "geometry": {"type": "Point", "coordinates": [393686.8, 5669597.8]}}, {"type": "Feature", "properties": {"h": 7.7, "r": 1.4}, "geometry": {"type": "Point", "coordinates": [392113.2, 5668930.8]}}, {"type": "Feature", "properties": {"h": 8.4, "r": 1.1}, "geometry": {"type": "Point", "coordinates": [393142.8, 5669331.8]}}, {"type": "Feature", "properties": {"h": 6.5, "r": 2.1}, "geometry": {"type": "Point", "coordinates": [393867.8, 5669421.8]}}, {"type": "Feature", "properties": {"h": 7.8, "r": 1.0}, "geometry": {"type": "Point", "coordinates": [393589.2, 5669229.2]}}, {"type": "Feature", "properties": {"h": 6.2, "r": 2.1}, "geometry": {"type": "Point", "coordinates": [393186.8, 5669457.8]}}, {"type": "Feature", "properties": {"h": 6.6, "r": 2.0}, "geometry": {"type": "Point", "coordinates": [392378.2, 5669352.8]}}, {"type": "Feature", "properties": {"h": 7.1, "r": 1.4}, "geometry": {"type": "Point", "coordinates": [392071.2, 5669306.8]}}, {"type": "Feature", "properties": {"h": 7.4, "r": 2.0}, "geometry": {"type": "Point", "coordinates": [393846.2, 5669260.2]}}, {"type": "Feature", "properties": {"h": 6.0, "r": 2.1}, "geometry": {"type": "Point", "coordinates": [393372.2, 5669084.8]}}, {"type": "Feature", "properties": {"h": 5.9, "r": 2.5}, "geometry": {"type": "Point", "coordinates": [392242.8, 5668356.2]}}, {"type": "Feature", "properties": {"h": 6.5, "r": 1.8}, "geometry": {"type": "Point", "coordinates": [392229.2, 5668533.2]}}, {"type": "Feature", "properties": {"h": 7.2, "r": 1.4}, "geometry": {"type": "Point", "coordinates": [393971.8, 5668355.8]}}, {"type": "Feature", "properties": {"h": 6.2, "r": 1.8}, "geometry": {"type": "Point", "coordinates": [392520.2, 5669366.2]}}, {"type": "Feature", "properties": {"h": 8.2, "r": 1.1}, "geometry": {"type": "Point", "coordinates": [392962.8, 5669021.8]}}, {"type": "Feature", "properties": {"h": 6.0, "r": 3.4}, "geometry": {"type": "Point", "coordinates": [392217.2, 5669183.8]}}, {"type": "Feature", "properties": {"h": 7.2, "r": 1.4}, "geometry": {"type": "Point", "coordinates": [392912.8, 5669272.2]}}, {"type": "Feature", "properties": {"h": 8.2, "r": 1.1}, "geometry": {"type": "Point", "coordinates": [392481.8, 5668313.2]}}, {"type": "Feature", "properties": {"h": 7.1, "r": 1.8}, "geometry": {"type": "Point", "coordinates": [393438.2, 5668725.8]}}, {"type": "Feature", "properties": {"h": 6.8, "r": 2.0}, "geometry": {"type": "Point", "coordinates": [393151.8, 5669032.2]}}, {"type": "Feature", "properties": {"h": 6.0, "r": 2.1}, "geometry": {"type": "Point", "coordinates": [392891.8, 5669908.2]}}, {"type": "Feature", "properties": {"h": 7.6, "r": 1.8}, "geometry": {"type": "Point", "coordinates": [393350.2, 5668156.8]}}, {"type": "Feature", "properties": {"h": 6.0, "r": 2.1}, "geometry": {"type": "Point", "coordinates": [393868.8, 5668641.2]}}, {"type": "Feature", "properties": {"h": 6.0, "r": 1.6}, "geometry": {"type": "Point", "coordinates": [393525.2, 5668420.8]}}, {"type": "Feature", "properties": {"h": 6.5, "r": 1.6}, "geometry": {"type": "Point", "coordinates": [392829.2, 5669814.8]}}, {"type": "Feature", "properties": {"h": 7.0, "r": 1.5}, "geometry": {"type": "Point", "coordinates": [392064.8, 5668157.8]}}, {"type": "Feature", "properties": {"h": 4.7, "r": 1.6}, "geometry": {"type": "Point", "coordinates": [392946.2, 5669142.8]}}, {"type": "Feature", "properties": {"h": 7.6, "r": 1.4}, "geometry": {"type": "Point", "coordinates": [393338.8, 5668692.8]}}, {"type": "Feature", "properties": {"h": 5.8, "r": 2.5}, "geometry": {"type": "Point", "coordinates": [393020.2, 5668422.2]}}, {"type": "Feature", "properties": {"h": 5.5, "r": 1.6}, "geometry": {"type": "Point", "coordinates": [393971.2, 5669029.8]}}, {"type": "Feature", "properties": {"h": 6.6, "r": 1.4}, "geometry": {"type": "Point", "coordinates": [393742.2, 5668968.2]}}, {"type": "Feature", "properties": {"h": 7.4, "r": 1.0}, "geometry": {"type": "Point", "coordinates": [392880.2, 5668296.8]}}, {"type": "Feature", "properties": {"h": 6.7, "r": 1.1}, "geometry": {"type": "Point", "coordinates": [392926.8, 5669280.8]}}, {"type": "Feature", "properties": {"h": 6.4, "r": 2.0}, "geometry": {"type": "Point", "coordinates": [392425.2, 5668243.8]}}, {"type": "Feature", "properties": {"h": 7.7, "r": 1.0}, "geometry": {"type": "Point", "coordinates": [393885.2, 5669424.8]}}, {"type": "Feature", "properties": {"h": 7.2, "r": 2.0}, "geometry": {"type": "Point", "coordinates": [393460.8, 5669754.8]}}, {"type": "Feature", "properties": {"h": 6.2, "r": 1.6}, "geometry": {"type": "Point", "coordinates": [393881.2, 5668758.8]}}, {"type": "Feature", "properties": {"h": 6.4, "r": 1.6}, "geometry": {"type": "Point", "coordinates": [392954.8, 5669158.2]}}, {"type": "Feature", "properties": {"h": 6.1, "r": 1.1}, "geometry": {"type": "Point", "coordinates": [392981.2, 5668331.8]}}, {"type": "Feature", "properties": {"h": 6.1, "r": 1.1}, "geometry": {"type": "Point", "coordinates": [392913.2, 5669289.8]}}, {"type": "Feature", "properties": {"h": 7.9, "r": 1.6}, "geometry": {"type": "Point", "coordinates": [393333.2, 5668748.8]}}, {"type": "Feature", "properties": {"h": 6.8, "r": 1.5}, "geometry": {"type": "Point", "coordinates": [393424.2, 5668444.8]}}, {"type": "Feature", "properties": {"h": 7.9, "r": 1.5}, "geometry": {"type": "Point", "coordinates": [393280.8, 5668376.2]}}, {"type": "Feature", "properties": {"h": 7.6, "r": 1.6}, "geometry": {"type": "Point", "coordinates": [392936.2, 5668434.2]}}, {"type": "Feature", "properties": {"h": 6.5, "r": 1.5}, "geometry": {"type": "Point", "coordinates": [392149.8, 5668824.8]}}, {"type": "Feature", "properties": {"h": 6.4, "r": 1.1}, "geometry": {"type": "Point", "coordinates": [392878.2, 5669386.2]}}, {"type": "Feature", "properties": {"h": 7.8, "r": 1.1}, "geometry": {"type": "Point", "coordinates": [392136.8, 5668788.2]}}, {"type": "Feature", "properties": {"h": 9.7, "r": 1.0}, "geometry": {"type": "Point", "coordinates": [393632.2, 5669795.2]}}, {"type": "Feature", "properties": {"h": 6.0, "r": 2.1}, "geometry": {"type": "Point", "coordinates": [392866.8, 5669437.8]}}, {"type": "Feature", "properties": {"h": 5.8, "r": 1.5}, "geometry": {"type": "Point", "coordinates": [392224.2, 5668533.2]}}, {"type": "Feature", "properties": {"h": 6.7, "r": 1.6}, "geometry": {"type": "Point", "coordinates": [393489.8, 5669465.2]}}, {"type": "Feature", "properties": {"h": 6.5, "r": 1.8}, "geometry": {"type": "Point", "coordinates": [393253.8, 5668585.8]}}, {"type": "Feature", "properties": {"h": 6.6, "r": 2.1}, "geometry": {"type": "Point", "coordinates": [392656.2, 5669387.8]}}, {"type": "Feature", "properties": {"h": 7.7, "r": 1.1}, "geometry": {"type": "Point", "coordinates": [392576.2, 5668387.8]}}, {"type": "Feature", "properties": {"h": 8.9, "r": 1.0}, "geometry": {"type": "Point", "coordinates": [392171.2, 5669344.8]}}, {"type": "Feature", "properties": {"h": 6.4, "r": 3.5}, "geometry": {"type": "Point", "coordinates": [393991.8, 5669187.8]}}, {"type": "Feature", "properties": {"h": 5.6, "r": 1.4}, "geometry": {"type": "Point", "coordinates": [393412.8, 5668719.2]}}, {"type": "Feature", "properties": {"h": 7.1, "r": 2.1}, "geometry": {"type": "Point", "coordinates": [393303.8, 5668063.8]}}, {"type": "Feature", "properties": {"h": 6.1, "r": 2.1}, "geometry": {"type": "Point", "coordinates": [393465.2, 5668772.2]}}, {"type": "Feature", "properties": {"h": 7.3, "r": 1.1}, "geometry": {"type": "Point", "coordinates": [392240.2, 5668178.2]}}, {"type": "Feature", "properties": {"h": 6.8, "r": 1.8}, "geometry": {"type": "Point", "coordinates": [393282.8, 5668503.2]}}, {"type": "Feature", "properties": {"h": 7.2, "r": 1.1}, "geometry": {"type": "Point", "coordinates": [392149.2, 5668782.8]}}, {"type": "Feature", "properties": {"h": 6.4, "r": 1.1}, "geometry": {"type": "Point", "coordinates": [392066.8, 5668409.2]}}, {"type": "Feature", "properties": {"h": 6.6, "r": 2.1}, "geometry": {"type": "Point", "coordinates": [393115.2, 5668516.8]}}, {"type": "Feature", "properties": {"h": 6.5, "r": 1.4}, "geometry": {"type": "Point", "coordinates": [392459.2, 5669951.2]}}, {"type": "Feature", "properties": {"h": 8.2, "r": 1.5}, "geometry": {"type": "Point", "coordinates": [393068.8, 5669536.8]}}, {"type": "Feature", "properties": {"h": 6.4, "r": 1.1}, "geometry": {"type": "Point", "coordinates": [392424.8, 5669351.8]}}, {"type": "Feature", "properties": {"h": 7.9, "r": 1.0}, "geometry": {"type": "Point", "coordinates": [393773.2, 5669167.8]}}, {"type": "Feature", "properties": {"h": 6.2, "r": 2.5}, "geometry": {"type": "Point", "coordinates": [393942.8, 5668139.2]}}, {"type": "Feature", "properties": {"h": 7.0, "r": 1.8}, "geometry": {"type": "Point", "coordinates": [393301.8, 5668074.8]}}, {"type": "Feature", "properties": {"h": 6.8, "r": 1.6}, "geometry": {"type": "Point", "coordinates": [393332.8, 5668714.2]}}, {"type": "Feature", "properties": {"h": 6.3, "r": 1.1}, "geometry": {"type": "Point", "coordinates": [392520.2, 5669914.8]}}, {"type": "Feature", "properties": {"h": 7.4, "r": 1.8}, "geometry": {"type": "Point", "coordinates": [392754.2, 5669072.2]}}, {"type": "Feature", "properties": {"h": 6.5, "r": 2.0}, "geometry": {"type": "Point", "coordinates": [392128.2, 5668331.2]}}, {"type": "Feature", "properties": {"h": 6.0, "r": 2.5}, "geometry": {"type": "Point", "coordinates": [392046.8, 5669692.2]}}, {"type": "Feature", "properties": {"h": 7.0, "r": 1.8}, "geometry": {"type": "Point", "coordinates": [392096.8, 5668890.2]}}, {"type": "Feature", "properties": {"h": 7.1, "r": 1.5}, "geometry": {"type": "Point", "coordinates": [392130.8, 5669233.2]}}, {"type": "Feature", "properties": {"h": 8.7, "r": 1.0}, "geometry": {"type": "Point", "coordinates": [392841.8, 5669015.8]}}, {"type": "Feature", "properties": {"h": 6.9, "r": 1.8}, "geometry": {"type": "Point", "coordinates": [392244.8, 5668401.2]}}, {"type": "Feature", "properties": {"h": 5.8, "r": 2.2}, "geometry": {"type": "Point", "coordinates": [392674.8, 5669477.8]}}, {"type": "Feature", "properties": {"h": 6.6, "r": 2.1}, "geometry": {"type": "Point", "coordinates": [393819.8, 5669236.8]}}, {"type": "Feature", "properties": {"h": 11.3, "r": 1.0}, "geometry": {"type": "Point", "coordinates": [393616.2, 5669955.2]}}, {"type": "Feature", "properties": {"h": 7.2, "r": 1.1}, "geometry": {"type": "Point", "coordinates": [392471.8, 5668304.8]}}, {"type": "Feature", "properties": {"h": 7.5, "r": 1.1}, "geometry": {"type": "Point", "coordinates": [393747.8, 5669309.2]}}, {"type": "Feature", "properties": {"h": 6.1, "r": 1.8}, "geometry": {"type": "Point", "coordinates": [392999.8, 5668122.8]}}, {"type": "Feature", "properties": {"h": 6.8, "r": 1.8}, "geometry": {"type": "Point", "coordinates": [393033.2, 5668054.8]}}, {"type": "Feature", "properties": {"h": 6.9, "r": 2.0}, "geometry": {"type": "Point", "coordinates": [392648.8, 5668890.8]}}, {"type": "Feature", "properties": {"h": 6.6, "r": 1.4}, "geometry": {"type": "Point", "coordinates": [393681.2, 5669136.8]}}, {"type": "Feature", "properties": {"h": 6.6, "r": 1.8}, "geometry": {"type": "Point", "coordinates": [393635.2, 5669440.8]}}, {"type": "Feature", "properties": {"h": 7.0, "r": 1.4}, "geometry": {"type": "Point", "coordinates": [393595.2, 5669982.2]}}, {"type": "Feature", "properties": {"h": 5.9, "r": 1.1}, "geometry": {"type": "Point", "coordinates": [393665.2, 5669897.8]}}, {"type": "Feature", "properties": {"h": 5.5, "r": 2.0}, "geometry": {"type": "Point", "coordinates": [392482.8, 5668237.2]}}, {"type": "Feature", "properties": {"h": 6.3, "r": 1.1}, "geometry": {"type": "Point", "coordinates": [392308.2, 5668461.8]}}, {"type": "Feature", "properties": {"h": 6.0, "r": 1.6}, "geometry": {"type": "Point", "coordinates": [392729.2, 5668625.8]}}, {"type": "Feature", "properties": {"h": 5.8, "r": 2.5}, "geometry": {"type": "Point", "coordinates": [392248.8, 5668539.2]}}, {"type": "Feature", "properties": {"h": 8.3, "r": 1.0}, "geometry": {"type": "Point", "coordinates": [393579.2, 5668259.8]}}, {"type": "Feature", "properties": {"h": 7.2, "r": 1.5}, "geometry": {"type": "Point", "coordinates": [393005.2, 5669857.2]}}, {"type": "Feature", "properties": {"h": 6.1, "r": 1.1}, "geometry": {"type": "Point", "coordinates": [393576.8, 5668244.8]}}, {"type": "Feature", "properties": {"h": 9.0, "r": 1.1}, "geometry": {"type": "Point", "coordinates": [392056.2, 5668865.8]}}, {"type": "Feature", "properties": {"h": 6.2, "r": 2.0}, "geometry": {"type": "Point", "coordinates": [392619.8, 5668907.2]}}, {"type": "Feature", "properties": {"h": 7.7, "r": 1.0}, "geometry": {"type": "Point", "coordinates": [392990.2, 5668085.8]}}, {"type": "Feature", "properties": {"h": 6.0, "r": 2.1}, "geometry": {"type": "Point", "coordinates": [393274.8, 5669433.2]}}, {"type": "Feature", "properties": {"h": 5.9, "r": 2.5}, "geometry": {"type": "Point", "coordinates": [392100.2, 5668451.2]}}, {"type": "Feature", "properties": {"h": 5.9, "r": 1.1}, "geometry": {"type": "Point", "coordinates": [392393.2, 5669363.8]}}, {"type": "Feature", "properties": {"h": 9.8, "r": 1.0}, "geometry": {"type": "Point", "coordinates": [393594.8, 5669806.2]}}, {"type": "Feature", "properties": {"h": 9.8, "r": 1.0}, "geometry": {"type": "Point", "coordinates": [393950.8, 5669628.2]}}, {"type": "Feature", "properties": {"h": 6.5, "r": 1.6}, "geometry": {"type": "Point", "coordinates": [392148.2, 5668854.2]}}, {"type": "Feature", "properties": {"h": 7.3, "r": 1.5}, "geometry": {"type": "Point", "coordinates": [393115.8, 5668594.2]}}, {"type": "Feature", "properties": {"h": 9.5, "r": 1.0}, "geometry": {"type": "Point", "coordinates": [392595.8, 5668730.8]}}, {"type": "Feature", "properties": {"h": 3.6, "r": 2.1}, "geometry": {"type": "Point", "coordinates": [392010.8, 5668417.8]}}, {"type": "Feature", "properties": {"h": 6.0, "r": 1.8}, "geometry": {"type": "Point", "coordinates": [392006.8, 5668602.8]}}, {"type": "Feature", "properties": {"h": 6.6, "r": 1.6}, "geometry": {"type": "Point", "coordinates": [393280.2, 5668033.8]}}, {"type": "Feature", "properties": {"h": 7.7, "r": 1.5}, "geometry": {"type": "Point", "coordinates": [393013.8, 5669572.2]}}, {"type": "Feature", "properties": {"h": 5.8, "r": 1.5}, "geometry": {"type": "Point", "coordinates": [392049.2, 5668134.8]}}, {"type": "Feature", "properties": {"h": 5.8, "r": 2.0}, "geometry": {"type": "Point", "coordinates": [393598.2, 5669578.8]}}, {"type": "Feature", "properties": {"h": 7.5, "r": 1.6}, "geometry": {"type": "Point", "coordinates": [393454.8, 5668397.8]}}, {"type": "Feature", "properties": {"h": 5.6, "r": 1.5}, "geometry": {"type": "Point", "coordinates": [392440.2, 5668217.8]}}, {"type": "Feature", "properties": {"h": 7.5, "r": 1.8}, "geometry": {"type": "Point", "coordinates": [393559.2, 5669972.2]}}, {"type": "Feature", "properties": {"h": 5.7, "r": 1.4}, "geometry": {"type": "Point", "coordinates": [393949.2, 5669503.8]}}, {"type": "Feature", "properties": {"h": 6.0, "r": 1.8}, "geometry": {"type": "Point", "coordinates": [393058.8, 5668045.8]}}, {"type": "Feature", "properties": {"h": 6.2, "r": 1.0}, "geometry": {"type": "Point", "coordinates": [392824.2, 5669270.2]}}, {"type": "Feature", "properties": {"h": 8.2, "r": 1.0}, "geometry": {"type": "Point", "coordinates": [393738.8, 5669196.2]}}, {"type": "Feature", "properties": {"h": 5.8, "r": 2.5}, "geometry": {"type": "Point", "coordinates": [392235.2, 5668353.8]}}, {"type": "Feature", "properties": {"h": 5.6, "r": 2.0}, "geometry": {"type": "Point", "coordinates": [393609.2, 5668050.8]}}, {"type": "Feature", "properties": {"h": 6.2, "r": 1.5}, "geometry": {"type": "Point", "coordinates": [392063.8, 5668910.8]}}, {"type": "Feature", "properties": {"h": 6.3, "r": 1.8}, "geometry": {"type": "Point", "coordinates": [392553.8, 5668988.8]}}, {"type": "Feature", "properties": {"h": 8.0, "r": 1.0}, "geometry": {"type": "Point", "coordinates": [393910.2, 5669299.2]}}, {"type": "Feature", "properties": {"h": 6.8, "r": 2.0}, "geometry": {"type": "Point", "coordinates": [392356.8, 5669799.8]}}, {"type": "Feature", "properties": {"h": 7.0, "r": 1.0}, "geometry": {"type": "Point", "coordinates": [393936.2, 5668308.2]}}, {"type": "Feature", "properties": {"h": 7.1, "r": 1.5}, "geometry": {"type": "Point", "coordinates": [392148.2, 5668730.8]}}, {"type": "Feature", "properties": {"h": 7.3, "r": 1.4}, "geometry": {"type": "Point", "coordinates": [393351.2, 5668203.8]}}, {"type": "Feature", "properties": {"h": 6.2, "r": 2.2}, "geometry": {"type": "Point", "coordinates": [393716.2, 5669390.8]}}, {"type": "Feature", "properties": {"h": 6.3, "r": 1.8}, "geometry": {"type": "Point", "coordinates": [393763.8, 5669571.2]}}, {"type": "Feature", "properties": {"h": 6.0, "r": 2.5}, "geometry": {"type": "Point", "coordinates": [393102.8, 5669743.2]}}, {"type": "Feature", "properties": {"h": 6.0, "r": 1.8}, "geometry": {"type": "Point", "coordinates": [392168.2, 5668153.8]}}, {"type": "Feature", "properties": {"h": 7.2, "r": 1.1}, "geometry": {"type": "Point", "coordinates": [393210.8, 5669110.8]}}, {"type": "Feature", "properties": {"h": 7.3, "r": 1.4}, "geometry": {"type": "Point", "coordinates": [393639.8, 5669869.2]}}, {"type": "Feature", "properties": {"h": 5.8, "r": 2.0}, "geometry": {"type": "Point", "coordinates": [392895.8, 5669944.8]}}, {"type": "Feature", "properties": {"h": 5.9, "r": 1.8}, "geometry": {"type": "Point", "coordinates": [392723.2, 5668777.2]}}, {"type": "Feature", "properties": {"h": 5.5, "r": 2.1}, "geometry": {"type": "Point", "coordinates": [393337.2, 5668631.2]}}, {"type": "Feature", "properties": {"h": 6.3, "r": 1.5}, "geometry": {"type": "Point", "coordinates": [393212.2, 5669597.2]}}, {"type": "Feature", "properties": {"h": 5.5, "r": 2.1}, "geometry": {"type": "Point", "coordinates": [392697.2, 5669055.2]}}, {"type": "Feature", "properties": {"h": 5.7, "r": 1.1}, "geometry": {"type": "Point", "coordinates": [393769.8, 5669210.8]}}, {"type": "Feature", "properties": {"h": 6.3, "r": 1.8}, "geometry": {"type": "Point", "coordinates": [392445.2, 5668320.8]}}, {"type": "Feature", "properties": {"h": 6.1, "r": 2.1}, "geometry": {"type": "Point", "coordinates": [392668.2, 5669376.8]}}, {"type": "Feature", "properties": {"h": 5.9, "r": 2.0}, "geometry": {"type": "Point", "coordinates": [392164.2, 5668065.2]}}, {"type": "Feature", "properties": {"h": 7.3, "r": 1.0}, "geometry": {"type": "Point", "coordinates": [393195.2, 5668440.2]}}, {"type": "Feature", "properties": {"h": 6.0, "r": 1.8}, "geometry": {"type": "Point", "coordinates": [392841.8, 5668996.8]}}, {"type": "Feature", "properties": {"h": 6.7, "r": 1.4}, "geometry": {"type": "Point", "coordinates": [393414.8, 5668713.2]}}, {"type": "Feature", "properties": {"h": 7.9, "r": 1.5}, "geometry": {"type": "Point", "coordinates": [393310.2, 5668609.8]}}, {"type": "Feature", "properties": {"h": 6.5, "r": 1.4}, "geometry": {"type": "Point", "coordinates": [392105.8, 5669086.2]}}, {"type": "Feature", "properties": {"h": 6.7, "r": 1.1}, "geometry": {"type": "Point", "coordinates": [392108.8, 5668745.8]}}, {"type": "Feature", "properties": {"h": 6.3, "r": 1.1}, "geometry": {"type": "Point", "coordinates": [392205.8, 5668554.2]}}, {"type": "Feature", "properties": {"h": 6.4, "r": 2.0}, "geometry": {"type": "Point", "coordinates": [392028.8, 5668550.2]}}, {"type": "Feature", "properties": {"h": 5.8, "r": 1.6}, "geometry": {"type": "Point", "coordinates": [392492.2, 5668258.8]}}, {"type": "Feature", "properties": {"h": 7.0, "r": 1.0}, "geometry": {"type": "Point", "coordinates": [392110.8, 5668529.8]}}, {"type": "Feature", "properties": {"h": 4.9, "r": 2.0}, "geometry": {"type": "Point", "coordinates": [392216.8, 5668444.2]}}, {"type": "Feature", "properties": {"h": 6.2, "r": 2.0}, "geometry": {"type": "Point", "coordinates": [392899.2, 5669506.2]}}, {"type": "Feature", "properties": {"h": 5.9, "r": 2.0}, "geometry": {"type": "Point", "coordinates": [392117.8, 5668959.2]}}, {"type": "Feature", "properties": {"h": 6.2, "r": 1.4}, "geometry": {"type": "Point", "coordinates": [393768.8, 5669179.8]}}, {"type": "Feature", "properties": {"h": 7.3, "r": 1.5}, "geometry": {"type": "Point", "coordinates": [393088.8, 5669697.8]}}, {"type": "Feature", "properties": {"h": 8.0, "r": 1.4}, "geometry": {"type": "Point", "coordinates": [392489.8, 5668846.8]}}, {"type": "Feature", "properties": {"h": 14.1, "r": 1.0}, "geometry": {"type": "Point", "coordinates": [392405.2, 5668321.8]}}, {"type": "Feature", "properties": {"h": 7.7, "r": 1.4}, "geometry": {"type": "Point", "coordinates": [393935.8, 5668218.8]}}, {"type": "Feature", "properties": {"h": 6.8, "r": 1.1}, "geometry": {"type": "Point", "coordinates": [393240.8, 5668549.2]}}, {"type": "Feature", "properties": {"h": 6.4, "r": 1.5}, "geometry": {"type": "Point", "coordinates": [393587.8, 5669697.2]}}, {"type": "Feature", "properties": {"h": 6.4, "r": 1.8}, "geometry": {"type": "Point", "coordinates": [393626.2, 5669233.2]}}, {"type": "Feature", "properties": {"h": 6.5, "r": 1.5}, "geometry": {"type": "Point", "coordinates": [393782.8, 5668895.8]}}, {"type": "Feature", "properties": {"h": 6.4, "r": 1.8}, "geometry": {"type": "Point", "coordinates": [393503.2, 5669887.2]}}, {"type": "Feature", "properties": {"h": 8.2, "r": 1.0}, "geometry": {"type": "Point", "coordinates": [392395.2, 5669278.2]}}, {"type": "Feature", "properties": {"h": 6.8, "r": 2.5}, "geometry": {"type": "Point", "coordinates": [392010.8, 5668641.2]}}, {"type": "Feature", "properties": {"h": 7.9, "r": 1.1}, "geometry": {"type": "Point", "coordinates": [393922.8, 5668239.8]}}, {"type": "Feature", "properties": {"h": 7.2, "r": 1.0}, "geometry": {"type": "Point", "coordinates": [393923.8, 5669297.2]}}, {"type": "Feature", "properties": {"h": 6.4, "r": 1.4}, "geometry": {"type": "Point", "coordinates": [392007.2, 5668499.8]}}, {"type": "Feature", "properties": {"h": 6.4, "r": 1.6}, "geometry": {"type": "Point", "coordinates": [392497.8, 5668945.2]}}, {"type": "Feature", "properties": {"h": 6.5, "r": 1.5}, "geometry": {"type": "Point", "coordinates": [393751.8, 5669200.2]}}, {"type": "Feature", "properties": {"h": 5.5, "r": 2.1}, "geometry": {"type": "Point", "coordinates": [393369.8, 5668790.2]}}, {"type": "Feature", "properties": {"h": 7.6, "r": 1.5}, "geometry": {"type": "Point", "coordinates": [393086.2, 5669342.2]}}, {"type": "Feature", "properties": {"h": 6.4, "r": 1.5}, "geometry": {"type": "Point", "coordinates": [392214.8, 5668523.8]}}, {"type": "Feature", "properties": {"h": 5.9, "r": 2.1}, "geometry": {"type": "Point", "coordinates": [393341.8, 5668150.8]}}, {"type": "Feature", "properties": {"h": 6.1, "r": 2.1}, "geometry": {"type": "Point", "coordinates": [392911.8, 5669903.2]}}, {"type": "Feature", "properties": {"h": 6.2, "r": 2.2}, "geometry": {"type": "Point", "coordinates": [393041.2, 5669278.8]}}, {"type": "Feature", "properties": {"h": 6.4, "r": 2.0}, "geometry": {"type": "Point", "coordinates": [393659.2, 5669342.2]}}, {"type": "Feature", "properties": {"h": 6.0, "r": 1.8}, "geometry": {"type": "Point", "coordinates": [393973.8, 5669040.8]}}, {"type": "Feature", "properties": {"h": 8.5, "r": 1.1}, "geometry": {"type": "Point", "coordinates": [392201.2, 5668007.2]}}, {"type": "Feature", "properties": {"h": 6.1, "r": 2.0}, "geometry": {"type": "Point", "coordinates": [393082.8, 5668712.2]}}, {"type": "Feature", "properties": {"h": 6.3, "r": 1.8}, "geometry": {"type": "Point", "coordinates": [392902.8, 5669910.8]}}, {"type": "Feature", "properties": {"h": 3.8, "r": 1.1}, "geometry": {"type": "Point", "coordinates": [393841.2, 5669733.8]}}, {"type": "Feature", "properties": {"h": 5.6, "r": 1.1}, "geometry": {"type": "Point", "coordinates": [393370.2, 5668045.8]}}, {"type": "Feature", "properties": {"h": 5.9, "r": 1.4}, "geometry": {"type": "Point", "coordinates": [392440.2, 5669767.8]}}, {"type": "Feature", "properties": {"h": 7.2, "r": 1.0}, "geometry": {"type": "Point", "coordinates": [393494.8, 5668887.8]}}, {"type": "Feature", "properties": {"h": 8.7, "r": 1.0}, "geometry": {"type": "Point", "coordinates": [393582.8, 5668259.2]}}, {"type": "Feature", "properties": {"h": 6.9, "r": 1.5}, "geometry": {"type": "Point", "coordinates": [392105.2, 5668998.8]}}, {"type": "Feature", "properties": {"h": 5.8, "r": 1.8}, "geometry": {"type": "Point", "coordinates": [393267.8, 5668411.2]}}, {"type": "Feature", "properties": {"h": 7.8, "r": 1.0}, "geometry": {"type": "Point", "coordinates": [392137.2, 5668499.2]}}, {"type": "Feature", "properties": {"h": 7.1, "r": 1.5}, "geometry": {"type": "Point", "coordinates": [393051.8, 5669830.2]}}, {"type": "Feature", "properties": {"h": 6.1, "r": 1.8}, "geometry": {"type": "Point", "coordinates": [392019.8, 5668590.2]}}, {"type": "Feature", "properties": {"h": 6.1, "r": 1.8}, "geometry": {"type": "Point", "coordinates": [392265.8, 5668706.2]}}, {"type": "Feature", "properties": {"h": 6.4, "r": 2.1}, "geometry": {"type": "Point", "coordinates": [392330.2, 5669909.2]}}, {"type": "Feature", "properties": {"h": 5.6, "r": 2.1}, "geometry": {"type": "Point", "coordinates": [392031.8, 5668588.2]}}, {"type": "Feature", "properties": {"h": 6.5, "r": 2.1}, "geometry": {"type": "Point", "coordinates": [392072.8, 5669081.2]}}, {"type": "Feature", "properties": {"h": 6.6, "r": 1.4}, "geometry": {"type": "Point", "coordinates": [393956.2, 5669324.2]}}, {"type": "Feature", "properties": {"h": 6.6, "r": 1.1}, "geometry": {"type": "Point", "coordinates": [393175.2, 5668324.2]}}, {"type": "Feature", "properties": {"h": 11.7, "r": 1.0}, "geometry": {"type": "Point", "coordinates": [393580.2, 5669963.2]}}, {"type": "Feature", "properties": {"h": 7.2, "r": 1.4}, "geometry": {"type": "Point", "coordinates": [392435.8, 5669754.2]}}, {"type": "Feature", "properties": {"h": 6.2, "r": 2.0}, "geometry": {"type": "Point", "coordinates": [392412.8, 5668011.8]}}, {"type": "Feature", "properties": {"h": 6.8, "r": 1.4}, "geometry": {"type": "Point", "coordinates": [393301.8, 5668137.2]}}, {"type": "Feature", "properties": {"h": 6.2, "r": 2.1}, "geometry": {"type": "Point", "coordinates": [392126.2, 5668180.8]}}, {"type": "Feature", "properties": {"h": 5.6, "r": 1.8}, "geometry": {"type": "Point", "coordinates": [393656.2, 5669553.8]}}, {"type": "Feature", "properties": {"h": 5.8, "r": 2.1}, "geometry": {"type": "Point", "coordinates": [392812.2, 5668298.8]}}, {"type": "Feature", "properties": {"h": 6.4, "r": 1.4}, "geometry": {"type": "Point", "coordinates": [392710.2, 5668774.8]}}, {"type": "Feature", "properties": {"h": 6.2, "r": 2.5}, "geometry": {"type": "Point", "coordinates": [393810.8, 5668961.8]}}, {"type": "Feature", "properties": {"h": 6.6, "r": 1.5}, "geometry": {"type": "Point", "coordinates": [392229.8, 5669906.8]}}, {"type": "Feature", "properties": {"h": 6.7, "r": 1.1}, "geometry": {"type": "Point", "coordinates": [392566.8, 5669968.2]}}, {"type": "Feature", "properties": {"h": 6.7, "r": 1.4}, "geometry": {"type": "Point", "coordinates": [393257.2, 5668254.8]}}, {"type": "Feature", "properties": {"h": 8.4, "r": 1.0}, "geometry": {"type": "Point", "coordinates": [393352.8, 5668043.8]}}, {"type": "Feature", "properties": {"h": 5.8, "r": 2.0}, "geometry": {"type": "Point", "coordinates": [393671.8, 5669555.2]}}, {"type": "Feature", "properties": {"h": 6.3, "r": 1.5}, "geometry": {"type": "Point", "coordinates": [393999.8, 5668031.2]}}, {"type": "Feature", "properties": {"h": 6.6, "r": 1.5}, "geometry": {"type": "Point", "coordinates": [393982.8, 5669302.8]}}, {"type": "Feature", "properties": {"h": 7.9, "r": 1.1}, "geometry": {"type": "Point", "coordinates": [392507.2, 5669917.8]}}, {"type": "Feature", "properties": {"h": 5.9, "r": 1.8}, "geometry": {"type": "Point", "coordinates": [392840.8, 5669037.8]}}, {"type": "Feature", "properties": {"h": 6.1, "r": 1.8}, "geometry": {"type": "Point", "coordinates": [392092.8, 5668856.8]}}, {"type": "Feature", "properties": {"h": 6.1, "r": 1.8}, "geometry": {"type": "Point", "coordinates": [392900.2, 5669907.2]}}, {"type": "Feature", "properties": {"h": 9.7, "r": 1.0}, "geometry": {"type": "Point", "coordinates": [393581.2, 5669784.8]}}, {"type": "Feature", "properties": {"h": 8.4, "r": 1.0}, "geometry": {"type": "Point", "coordinates": [393911.2, 5669792.8]}}, {"type": "Feature", "properties": {"h": 6.4, "r": 1.5}, "geometry": {"type": "Point", "coordinates": [393825.8, 5669181.2]}}, {"type": "Feature", "properties": {"h": 6.5, "r": 1.6}, "geometry": {"type": "Point", "coordinates": [392895.2, 5669912.8]}}, {"type": "Feature", "properties": {"h": 6.2, "r": 1.8}, "geometry": {"type": "Point", "coordinates": [393051.2, 5668049.8]}}, {"type": "Feature", "properties": {"h": 6.6, "r": 1.6}, "geometry": {"type": "Point", "coordinates": [392973.8, 5669647.2]}}, {"type": "Feature", "properties": {"h": 8.3, "r": 1.0}, "geometry": {"type": "Point", "coordinates": [393036.2, 5668838.2]}}, {"type": "Feature", "properties": {"h": 4.9, "r": 2.1}, "geometry": {"type": "Point", "coordinates": [393669.2, 5669548.2]}}, {"type": "Feature", "properties": {"h": 6.3, "r": 1.8}, "geometry": {"type": "Point", "coordinates": [393081.2, 5669348.8]}}, {"type": "Feature", "properties": {"h": 6.3, "r": 1.5}, "geometry": {"type": "Point", "coordinates": [392841.2, 5669045.8]}}, {"type": "Feature", "properties": {"h": 6.4, "r": 1.4}, "geometry": {"type": "Point", "coordinates": [393677.8, 5668037.8]}}, {"type": "Feature", "properties": {"h": 6.2, "r": 1.1}, "geometry": {"type": "Point", "coordinates": [392109.2, 5668924.8]}}, {"type": "Feature", "properties": {"h": 6.0, "r": 1.8}, "geometry": {"type": "Point", "coordinates": [392908.2, 5669942.2]}}, {"type": "Feature", "properties": {"h": 6.0, "r": 1.6}, "geometry": {"type": "Point", "coordinates": [393449.8, 5668928.8]}}, {"type": "Feature", "properties": {"h": 6.2, "r": 1.5}, "geometry": {"type": "Point", "coordinates": [392094.8, 5668884.8]}}, {"type": "Feature", "properties": {"h": 6.7, "r": 1.5}, "geometry": {"type": "Point", "coordinates": [392013.8, 5668093.8]}}, {"type": "Feature", "properties": {"h": 7.9, "r": 1.0}, "geometry": {"type": "Point", "coordinates": [392451.8, 5669362.8]}}, {"type": "Feature", "properties": {"h": 6.1, "r": 1.8}, "geometry": {"type": "Point", "coordinates": [393489.8, 5668059.8]}}, {"type": "Feature", "properties": {"h": 5.7, "r": 1.5}, "geometry": {"type": "Point", "coordinates": [392885.2, 5669601.8]}}, {"type": "Feature", "properties": {"h": 5.5, "r": 2.2}, "geometry": {"type": "Point", "coordinates": [392757.8, 5668823.2]}}, {"type": "Feature", "properties": {"h": 6.6, "r": 1.6}, "geometry": {"type": "Point", "coordinates": [392692.2, 5669483.2]}}, {"type": "Feature", "properties": {"h": 6.5, "r": 1.6}, "geometry": {"type": "Point", "coordinates": [393283.2, 5668559.2]}}, {"type": "Feature", "properties": {"h": 6.3, "r": 2.0}, "geometry": {"type": "Point", "coordinates": [392854.2, 5668987.8]}}, {"type": "Feature", "properties": {"h": 6.1, "r": 2.1}, "geometry": {"type": "Point", "coordinates": [392938.8, 5669475.2]}}, {"type": "Feature", "properties": {"h": 8.7, "r": 1.1}, "geometry": {"type": "Point", "coordinates": [392937.8, 5669607.8]}}, {"type": "Feature", "properties": {"h": 4.7, "r": 1.8}, "geometry": {"type": "Point", "coordinates": [392774.8, 5668352.8]}}, {"type": "Feature", "properties": {"h": 6.3, "r": 2.2}, "geometry": {"type": "Point", "coordinates": [392761.2, 5669054.2]}}, {"type": "Feature", "properties": {"h": 6.7, "r": 2.1}, "geometry": {"type": "Point", "coordinates": [393977.8, 5668175.2]}}, {"type": "Feature", "properties": {"h": 6.8, "r": 1.4}, "geometry": {"type": "Point", "coordinates": [393176.2, 5669762.8]}}, {"type": "Feature", "properties": {"h": 6.1, "r": 1.8}, "geometry": {"type": "Point", "coordinates": [392900.2, 5669940.8]}}, {"type": "Feature", "properties": {"h": 6.1, "r": 1.4}, "geometry": {"type": "Point", "coordinates": [393864.2, 5669505.2]}}, {"type": "Feature", "properties": {"h": 6.7, "r": 1.4}, "geometry": {"type": "Point", "coordinates": [392251.2, 5668012.2]}}, {"type": "Feature", "properties": {"h": 5.9, "r": 2.0}, "geometry": {"type": "Point", "coordinates": [393848.8, 5669648.2]}}, {"type": "Feature", "properties": {"h": 6.6, "r": 1.6}, "geometry": {"type": "Point", "coordinates": [393114.2, 5669800.2]}}, {"type": "Feature", "properties": {"h": 5.5, "r": 2.1}, "geometry": {"type": "Point", "coordinates": [393249.2, 5668106.2]}}, {"type": "Feature", "properties": {"h": 8.4, "r": 1.1}, "geometry": {"type": "Point", "coordinates": [393783.2, 5669209.8]}}, {"type": "Feature", "properties": {"h": 9.1, "r": 1.0}, "geometry": {"type": "Point", "coordinates": [393457.8, 5668934.2]}}, {"type": "Feature", "properties": {"h": 6.9, "r": 1.4}, "geometry": {"type": "Point", "coordinates": [393006.8, 5669221.8]}}, {"type": "Feature", "properties": {"h": 5.6, "r": 1.1}, "geometry": {"type": "Point", "coordinates": [393156.2, 5669028.2]}}, {"type": "Feature", "properties": {"h": 4.4, "r": 1.8}, "geometry": {"type": "Point", "coordinates": [393551.8, 5669980.8]}}, {"type": "Feature", "properties": {"h": 8.3, "r": 1.0}, "geometry": {"type": "Point", "coordinates": [392845.8, 5669014.8]}}, {"type": "Feature", "properties": {"h": 6.5, "r": 1.0}, "geometry": {"type": "Point", "coordinates": [392041.2, 5669033.2]}}, {"type": "Feature", "properties": {"h": 5.6, "r": 2.0}, "geometry": {"type": "Point", "coordinates": [393844.2, 5668817.8]}}, {"type": "Feature", "properties": {"h": 5.7, "r": 2.5}, "geometry": {"type": "Point", "coordinates": [393497.2, 5669466.2]}}, {"type": "Feature", "properties": {"h": 6.3, "r": 1.8}, "geometry": {"type": "Point", "coordinates": [392869.8, 5669030.2]}}, {"type": "Feature", "properties": {"h": 6.0, "r": 2.0}, "geometry": {"type": "Point", "coordinates": [392131.8, 5668180.8]}}, {"type": "Feature", "properties": {"h": 5.9, "r": 2.5}, "geometry": {"type": "Point", "coordinates": [392107.2, 5669109.8]}}, {"type": "Feature", "properties": {"h": 6.2, "r": 1.6}, "geometry": {"type": "Point", "coordinates": [393933.8, 5668228.8]}}, {"type": "Feature", "properties": {"h": 6.3, "r": 2.2}, "geometry": {"type": "Point", "coordinates": [393044.8, 5668054.8]}}, {"type": "Feature", "properties": {"h": 7.5, "r": 1.0}, "geometry": {"type": "Point", "coordinates": [392133.2, 5668533.8]}}, {"type": "Feature", "properties": {"h": 6.6, "r": 1.8}, "geometry": {"type": "Point", "coordinates": [393871.2, 5669352.8]}}, {"type": "Feature", "properties": {"h": 10.0, "r": 1.0}, "geometry": {"type": "Point", "coordinates": [393931.8, 5669615.2]}}, {"type": "Feature", "properties": {"h": 6.2, "r": 1.8}, "geometry": {"type": "Point", "coordinates": [392460.8, 5669557.8]}}, {"type": "Feature", "properties": {"h": 6.5, "r": 1.5}, "geometry": {"type": "Point", "coordinates": [393557.2, 5668082.2]}}, {"type": "Feature", "properties": {"h": 8.9, "r": 1.0}, "geometry": {"type": "Point", "coordinates": [393384.8, 5668697.2]}}, {"type": "Feature", "properties": {"h": 7.2, "r": 1.0}, "geometry": {"type": "Point", "coordinates": [393814.8, 5668876.2]}}, {"type": "Feature", "properties": {"h": 5.2, "r": 1.6}, "geometry": {"type": "Point", "coordinates": [392130.8, 5669081.2]}}, {"type": "Feature", "properties": {"h": 7.8, "r": 1.1}, "geometry": {"type": "Point", "coordinates": [392462.2, 5668305.2]}}, {"type": "Feature", "properties": {"h": 6.1, "r": 2.1}, "geometry": {"type": "Point", "coordinates": [392260.8, 5669127.2]}}, {"type": "Feature", "properties": {"h": 6.8, "r": 1.4}, "geometry": {"type": "Point", "coordinates": [393190.8, 5669477.8]}}, {"type": "Feature", "properties": {"h": 7.3, "r": 1.0}, "geometry": {"type": "Point", "coordinates": [393594.8, 5669286.8]}}, {"type": "Feature", "properties": {"h": 6.2, "r": 1.5}, "geometry": {"type": "Point", "coordinates": [392425.8, 5669893.2]}}, {"type": "Feature", "properties": {"h": 5.5, "r": 1.0}, "geometry": {"type": "Point", "coordinates": [393357.2, 5668519.2]}}, {"type": "Feature", "properties": {"h": 7.0, "r": 1.4}, "geometry": {"type": "Point", "coordinates": [393685.8, 5669721.2]}}, {"type": "Feature", "properties": {"h": 5.9, "r": 2.2}, "geometry": {"type": "Point", "coordinates": [392887.2, 5669913.8]}}, {"type": "Feature", "properties": {"h": 8.5, "r": 1.4}, "geometry": {"type": "Point", "coordinates": [393885.2, 5668748.2]}}, {"type": "Feature", "properties": {"h": 5.6, "r": 2.5}, "geometry": {"type": "Point", "coordinates": [393458.8, 5669722.8]}}, {"type": "Feature", "properties": {"h": 7.3, "r": 1.1}, "geometry": {"type": "Point", "coordinates": [392833.2, 5668827.8]}}, {"type": "Feature", "properties": {"h": 6.2, "r": 1.5}, "geometry": {"type": "Point", "coordinates": [393041.2, 5668058.2]}}, {"type": "Feature", "properties": {"h": 5.5, "r": 1.8}, "geometry": {"type": "Point", "coordinates": [393659.8, 5668037.2]}}, {"type": "Feature", "properties": {"h": 6.8, "r": 1.4}, "geometry": {"type": "Point", "coordinates": [392664.2, 5668473.2]}}, {"type": "Feature", "properties": {"h": 5.9, "r": 1.8}, "geometry": {"type": "Point", "coordinates": [392208.2, 5668527.8]}}, {"type": "Feature", "properties": {"h": 7.5, "r": 1.6}, "geometry": {"type": "Point", "coordinates": [393453.2, 5668313.2]}}, {"type": "Feature", "properties": {"h": 5.7, "r": 1.1}, "geometry": {"type": "Point", "coordinates": [393235.8, 5668511.2]}}, {"type": "Feature", "properties": {"h": 7.3, "r": 1.1}, "geometry": {"type": "Point", "coordinates": [392080.2, 5668957.8]}}, {"type": "Feature", "properties": {"h": 5.8, "r": 2.1}, "geometry": {"type": "Point", "coordinates": [393906.8, 5668624.8]}}, {"type": "Feature", "properties": {"h": 6.3, "r": 1.4}, "geometry": {"type": "Point", "coordinates": [392943.8, 5668109.8]}}, {"type": "Feature", "properties": {"h": 6.0, "r": 1.6}, "geometry": {"type": "Point", "coordinates": [392614.8, 5668899.2]}}, {"type": "Feature", "properties": {"h": 5.6, "r": 1.8}, "geometry": {"type": "Point", "coordinates": [392130.8, 5668437.8]}}, {"type": "Feature", "properties": {"h": 6.1, "r": 1.6}, "geometry": {"type": "Point", "coordinates": [392658.2, 5669282.8]}}, {"type": "Feature", "properties": {"h": 6.3, "r": 2.1}, "geometry": {"type": "Point", "coordinates": [392350.2, 5668932.2]}}, {"type": "Feature", "properties": {"h": 8.4, "r": 1.0}, "geometry": {"type": "Point", "coordinates": [392359.2, 5668022.8]}}, {"type": "Feature", "properties": {"h": 4.0, "r": 1.4}, "geometry": {"type": "Point", "coordinates": [392008.8, 5669009.2]}}, {"type": "Feature", "properties": {"h": 5.2, "r": 2.2}, "geometry": {"type": "Point", "coordinates": [392004.2, 5668614.8]}}, {"type": "Feature", "properties": {"h": 6.1, "r": 2.0}, "geometry": {"type": "Point", "coordinates": [392907.2, 5669907.2]}}, {"type": "Feature", "properties": {"h": 4.6, "r": 1.5}, "geometry": {"type": "Point", "coordinates": [392899.8, 5669950.8]}}, {"type": "Feature", "properties": {"h": 7.1, "r": 2.0}, "geometry": {"type": "Point", "coordinates": [392002.2, 5668817.8]}}, {"type": "Feature", "properties": {"h": 6.0, "r": 1.8}, "geometry": {"type": "Point", "coordinates": [393300.2, 5668599.2]}}, {"type": "Feature", "properties": {"h": 6.6, "r": 1.4}, "geometry": {"type": "Point", "coordinates": [393799.2, 5668846.8]}}, {"type": "Feature", "properties": {"h": 6.1, "r": 1.5}, "geometry": {"type": "Point", "coordinates": [393019.2, 5669597.8]}}, {"type": "Feature", "properties": {"h": 7.8, "r": 1.8}, "geometry": {"type": "Point", "coordinates": [392217.8, 5668719.8]}}, {"type": "Feature", "properties": {"h": 5.0, "r": 1.1}, "geometry": {"type": "Point", "coordinates": [393279.8, 5668524.2]}}, {"type": "Feature", "properties": {"h": 5.9, "r": 1.6}, "geometry": {"type": "Point", "coordinates": [393569.2, 5668013.8]}}, {"type": "Feature", "properties": {"h": 5.2, "r": 1.4}, "geometry": {"type": "Point", "coordinates": [393601.2, 5669548.2]}}, {"type": "Feature", "properties": {"h": 7.7, "r": 1.0}, "geometry": {"type": "Point", "coordinates": [393614.2, 5668081.8]}}, {"type": "Feature", "properties": {"h": 5.8, "r": 1.8}, "geometry": {"type": "Point", "coordinates": [393134.2, 5668505.2]}}, {"type": "Feature", "properties": {"h": 8.2, "r": 1.0}, "geometry": {"type": "Point", "coordinates": [392141.2, 5668415.8]}}, {"type": "Feature", "properties": {"h": 4.9, "r": 2.0}, "geometry": {"type": "Point", "coordinates": [393116.8, 5668149.2]}}, {"type": "Feature", "properties": {"h": 6.8, "r": 1.0}, "geometry": {"type": "Point", "coordinates": [392573.8, 5668778.8]}}, {"type": "Feature", "properties": {"h": 6.5, "r": 1.6}, "geometry": {"type": "Point", "coordinates": [393600.8, 5668048.8]}}, {"type": "Feature", "properties": {"h": 5.6, "r": 1.8}, "geometry": {"type": "Point", "coordinates": [392672.8, 5668990.2]}}, {"type": "Feature", "properties": {"h": 6.4, "r": 1.6}, "geometry": {"type": "Point", "coordinates": [393147.2, 5668080.8]}}, {"type": "Feature", "properties": {"h": 5.8, "r": 1.5}, "geometry": {"type": "Point", "coordinates": [393868.2, 5668714.8]}}, {"type": "Feature", "properties": {"h": 5.7, "r": 1.6}, "geometry": {"type": "Point", "coordinates": [392880.8, 5669622.8]}}, {"type": "Feature", "properties": {"h": 5.9, "r": 1.8}, "geometry": {"type": "Point", "coordinates": [392009.2, 5668868.8]}}, {"type": "Feature", "properties": {"h": 8.3, "r": 1.0}, "geometry": {"type": "Point", "coordinates": [393352.2, 5668100.8]}}, {"type": "Feature", "properties": {"h": 5.7, "r": 1.8}, "geometry": {"type": "Point", "coordinates": [393837.2, 5669416.8]}}, {"type": "Feature", "properties": {"h": 5.6, "r": 3.0}, "geometry": {"type": "Point", "coordinates": [393343.2, 5668978.8]}}, {"type": "Feature", "properties": {"h": 9.7, "r": 1.0}, "geometry": {"type": "Point", "coordinates": [393639.8, 5669806.8]}}, {"type": "Feature", "properties": {"h": 6.5, "r": 1.4}, "geometry": {"type": "Point", "coordinates": [392107.2, 5669311.8]}}, {"type": "Feature", "properties": {"h": 6.2, "r": 2.5}, "geometry": {"type": "Point", "coordinates": [392075.8, 5668732.2]}}, {"type": "Feature", "properties": {"h": 6.4, "r": 1.5}, "geometry": {"type": "Point", "coordinates": [393782.8, 5669159.2]}}, {"type": "Feature", "properties": {"h": 6.7, "r": 1.1}, "geometry": {"type": "Point", "coordinates": [392990.8, 5669974.2]}}, {"type": "Feature", "properties": {"h": 6.2, "r": 1.8}, "geometry": {"type": "Point", "coordinates": [393239.8, 5668554.2]}}, {"type": "Feature", "properties": {"h": 5.3, "r": 2.2}, "geometry": {"type": "Point", "coordinates": [393886.8, 5668761.8]}}, {"type": "Feature", "properties": {"h": 6.1, "r": 1.8}, "geometry": {"type": "Point", "coordinates": [393230.2, 5668489.8]}}, {"type": "Feature", "properties": {"h": 6.4, "r": 2.1}, "geometry": {"type": "Point", "coordinates": [392703.8, 5668778.8]}}, {"type": "Feature", "properties": {"h": 6.0, "r": 1.6}, "geometry": {"type": "Point", "coordinates": [393258.8, 5668071.8]}}, {"type": "Feature", "properties": {"h": 6.5, "r": 1.4}, "geometry": {"type": "Point", "coordinates": [392368.2, 5668271.2]}}, {"type": "Feature", "properties": {"h": 5.6, "r": 2.2}, "geometry": {"type": "Point", "coordinates": [392266.2, 5669186.2]}}, {"type": "Feature", "properties": {"h": 5.4, "r": 2.7}, "geometry": {"type": "Point", "coordinates": [392282.2, 5668942.8]}}, {"type": "Feature", "properties": {"h": 6.7, "r": 1.0}, "geometry": {"type": "Point", "coordinates": [393918.8, 5668317.2]}}, {"type": "Feature", "properties": {"h": 9.7, "r": 1.0}, "geometry": {"type": "Point", "coordinates": [393626.8, 5669785.8]}}, {"type": "Feature", "properties": {"h": 6.8, "r": 1.1}, "geometry": {"type": "Point", "coordinates": [392404.2, 5669733.8]}}, {"type": "Feature", "properties": {"h": 5.4, "r": 1.6}, "geometry": {"type": "Point", "coordinates": [392467.2, 5669301.8]}}, {"type": "Feature", "properties": {"h": 4.3, "r": 1.6}, "geometry": {"type": "Point", "coordinates": [392140.2, 5668339.2]}}, {"type": "Feature", "properties": {"h": 6.3, "r": 1.6}, "geometry": {"type": "Point", "coordinates": [392975.8, 5669997.8]}}, {"type": "Feature", "properties": {"h": 6.2, "r": 1.4}, "geometry": {"type": "Point", "coordinates": [393605.2, 5669831.8]}}, {"type": "Feature", "properties": {"h": 6.7, "r": 1.4}, "geometry": {"type": "Point", "coordinates": [393853.8, 5668180.8]}}, {"type": "Feature", "properties": {"h": 6.1, "r": 1.4}, "geometry": {"type": "Point", "coordinates": [392511.2, 5669868.2]}}, {"type": "Feature", "properties": {"h": 5.8, "r": 2.0}, "geometry": {"type": "Point", "coordinates": [393306.8, 5669282.2]}}, {"type": "Feature", "properties": {"h": 7.0, "r": 1.0}, "geometry": {"type": "Point", "coordinates": [392767.2, 5669575.2]}}, {"type": "Feature", "properties": {"h": 6.6, "r": 1.4}, "geometry": {"type": "Point", "coordinates": [393900.8, 5669415.8]}}, {"type": "Feature", "properties": {"h": 6.2, "r": 1.8}, "geometry": {"type": "Point", "coordinates": [392877.2, 5669970.2]}}, {"type": "Feature", "properties": {"h": 11.5, "r": 1.0}, "geometry": {"type": "Point", "coordinates": [393651.2, 5669931.2]}}, {"type": "Feature", "properties": {"h": 6.6, "r": 1.8}, "geometry": {"type": "Point", "coordinates": [392557.2, 5668978.2]}}, {"type": "Feature", "properties": {"h": 5.6, "r": 2.5}, "geometry": {"type": "Point", "coordinates": [393469.8, 5669727.8]}}, {"type": "Feature", "properties": {"h": 5.9, "r": 1.1}, "geometry": {"type": "Point", "coordinates": [393572.2, 5669384.2]}}, {"type": "Feature", "properties": {"h": 6.3, "r": 1.5}, "geometry": {"type": "Point", "coordinates": [392006.2, 5668504.2]}}, {"type": "Feature", "properties": {"h": 6.7, "r": 1.5}, "geometry": {"type": "Point", "coordinates": [392083.8, 5669280.8]}}, {"type": "Feature", "properties": {"h": 5.5, "r": 1.5}, "geometry": {"type": "Point", "coordinates": [392932.8, 5669588.2]}}, {"type": "Feature", "properties": {"h": 6.4, "r": 1.1}, "geometry": {"type": "Point", "coordinates": [392465.2, 5668250.2]}}, {"type": "Feature", "properties": {"h": 9.2, "r": 1.0}, "geometry": {"type": "Point", "coordinates": [393341.2, 5668055.8]}}, {"type": "Feature", "properties": {"h": 5.6, "r": 1.8}, "geometry": {"type": "Point", "coordinates": [393009.8, 5669960.2]}}, {"type": "Feature", "properties": {"h": 5.6, "r": 1.1}, "geometry": {"type": "Point", "coordinates": [392099.2, 5668918.8]}}, {"type": "Feature", "properties": {"h": 9.6, "r": 1.0}, "geometry": {"type": "Point", "coordinates": [392951.2, 5669674.8]}}, {"type": "Feature", "properties": {"h": 7.3, "r": 1.1}, "geometry": {"type": "Point", "coordinates": [392678.2, 5669255.2]}}, {"type": "Feature", "properties": {"h": 6.9, "r": 1.1}, "geometry": {"type": "Point", "coordinates": [392756.2, 5668785.2]}}, {"type": "Feature", "properties": {"h": 5.0, "r": 2.5}, "geometry": {"type": "Point", "coordinates": [393358.2, 5668462.8]}}, {"type": "Feature", "properties": {"h": 5.2, "r": 1.1}, "geometry": {"type": "Point", "coordinates": [393885.8, 5668742.2]}}, {"type": "Feature", "properties": {"h": 6.9, "r": 2.5}, "geometry": {"type": "Point", "coordinates": [393765.8, 5669560.2]}}, {"type": "Feature", "properties": {"h": 11.3, "r": 1.0}, "geometry": {"type": "Point", "coordinates": [393593.8, 5669937.8]}}, {"type": "Feature", "properties": {"h": 5.4, "r": 1.4}, "geometry": {"type": "Point", "coordinates": [393005.2, 5669853.2]}}, {"type": "Feature", "properties": {"h": 5.4, "r": 2.1}, "geometry": {"type": "Point", "coordinates": [392404.8, 5668232.8]}}, {"type": "Feature", "properties": {"h": 5.8, "r": 2.5}, "geometry": {"type": "Point", "coordinates": [392000.2, 5669010.2]}}, {"type": "Feature", "properties": {"h": 8.3, "r": 1.0}, "geometry": {"type": "Point", "coordinates": [393020.8, 5669590.2]}}, {"type": "Feature", "properties": {"h": 5.1, "r": 1.8}, "geometry": {"type": "Point", "coordinates": [393362.8, 5668185.2]}}, {"type": "Feature", "properties": {"h": 5.5, "r": 2.1}, "geometry": {"type": "Point", "coordinates": [392250.8, 5668708.8]}}, {"type": "Feature", "properties": {"h": 7.4, "r": 1.0}, "geometry": {"type": "Point", "coordinates": [392919.8, 5668899.8]}}, {"type": "Feature", "properties": {"h": 5.1, "r": 2.1}, "geometry": {"type": "Point", "coordinates": [392945.8, 5669897.2]}}, {"type": "Feature", "properties": {"h": 6.6, "r": 1.6}, "geometry": {"type": "Point", "coordinates": [392956.8, 5669846.2]}}, {"type": "Feature", "properties": {"h": 6.9, "r": 1.1}, "geometry": {"type": "Point", "coordinates": [392010.8, 5668098.2]}}, {"type": "Feature", "properties": {"h": 7.6, "r": 1.4}, "geometry": {"type": "Point", "coordinates": [393574.2, 5669379.8]}}, {"type": "Feature", "properties": {"h": 5.3, "r": 2.2}, "geometry": {"type": "Point", "coordinates": [392083.8, 5668184.2]}}, {"type": "Feature", "properties": {"h": 5.7, "r": 1.8}, "geometry": {"type": "Point", "coordinates": [393574.8, 5668015.2]}}, {"type": "Feature", "properties": {"h": 6.6, "r": 1.4}, "geometry": {"type": "Point", "coordinates": [393653.8, 5668127.8]}}, {"type": "Feature", "properties": {"h": 5.7, "r": 1.8}, "geometry": {"type": "Point", "coordinates": [392517.8, 5669924.2]}}, {"type": "Feature", "properties": {"h": 6.0, "r": 1.5}, "geometry": {"type": "Point", "coordinates": [392199.8, 5668555.2]}}, {"type": "Feature", "properties": {"h": 6.1, "r": 1.1}, "geometry": {"type": "Point", "coordinates": [392785.2, 5669858.8]}}, {"type": "Feature", "properties": {"h": 5.6, "r": 2.0}, "geometry": {"type": "Point", "coordinates": [393295.2, 5668132.2]}}, {"type": "Feature", "properties": {"h": 5.7, "r": 2.1}, "geometry": {"type": "Point", "coordinates": [392889.2, 5669599.8]}}, {"type": "Feature", "properties": {"h": 7.0, "r": 1.5}, "geometry": {"type": "Point", "coordinates": [393716.8, 5669887.2]}}, {"type": "Feature", "properties": {"h": 7.7, "r": 1.4}, "geometry": {"type": "Point", "coordinates": [393659.2, 5669261.2]}}, {"type": "Feature", "properties": {"h": 6.0, "r": 2.2}, "geometry": {"type": "Point", "coordinates": [392491.2, 5668174.8]}}, {"type": "Feature", "properties": {"h": 9.9, "r": 1.0}, "geometry": {"type": "Point", "coordinates": [393603.8, 5669820.8]}}, {"type": "Feature", "properties": {"h": 5.8, "r": 1.8}, "geometry": {"type": "Point", "coordinates": [393839.2, 5669461.8]}}, {"type": "Feature", "properties": {"h": 5.6, "r": 2.2}, "geometry": {"type": "Point", "coordinates": [392388.8, 5669902.8]}}, {"type": "Feature", "properties": {"h": 6.5, "r": 1.6}, "geometry": {"type": "Point", "coordinates": [392563.8, 5668765.2]}}, {"type": "Feature", "properties": {"h": 5.2, "r": 1.8}, "geometry": {"type": "Point", "coordinates": [393848.2, 5668933.8]}}, {"type": "Feature", "properties": {"h": 6.2, "r": 2.2}, "geometry": {"type": "Point", "coordinates": [393078.2, 5668640.2]}}, {"type": "Feature", "properties": {"h": 5.7, "r": 2.1}, "geometry": {"type": "Point", "coordinates": [393492.2, 5668511.8]}}, {"type": "Feature", "properties": {"h": 4.2, "r": 2.0}, "geometry": {"type": "Point", "coordinates": [393461.2, 5669870.8]}}, {"type": "Feature", "properties": {"h": 6.2, "r": 1.8}, "geometry": {"type": "Point", "coordinates": [393198.8, 5669476.2]}}, {"type": "Feature", "properties": {"h": 6.1, "r": 1.0}, "geometry": {"type": "Point", "coordinates": [393387.8, 5668377.2]}}, {"type": "Feature", "properties": {"h": 5.0, "r": 1.4}, "geometry": {"type": "Point", "coordinates": [393535.8, 5669984.8]}}, {"type": "Feature", "properties": {"h": 6.4, "r": 1.6}, "geometry": {"type": "Point", "coordinates": [392901.2, 5669900.2]}}, {"type": "Feature", "properties": {"h": 8.3, "r": 1.0}, "geometry": {"type": "Point", "coordinates": [392495.8, 5668494.2]}}, {"type": "Feature", "properties": {"h": 5.9, "r": 1.8}, "geometry": {"type": "Point", "coordinates": [392837.8, 5669253.8]}}, {"type": "Feature", "properties": {"h": 6.5, "r": 1.0}, "geometry": {"type": "Point", "coordinates": [393055.8, 5668084.8]}}, {"type": "Feature", "properties": {"h": 5.4, "r": 2.5}, "geometry": {"type": "Point", "coordinates": [392523.2, 5669938.8]}}, {"type": "Feature", "properties": {"h": 5.3, "r": 2.5}, "geometry": {"type": "Point", "coordinates": [393073.2, 5669313.2]}}, {"type": "Feature", "properties": {"h": 6.6, "r": 1.1}, "geometry": {"type": "Point", "coordinates": [392043.8, 5668141.2]}}, {"type": "Feature", "properties": {"h": 5.8, "r": 1.6}, "geometry": {"type": "Point", "coordinates": [392143.2, 5668696.2]}}, {"type": "Feature", "properties": {"h": 7.1, "r": 1.4}, "geometry": {"type": "Point", "coordinates": [393026.2, 5669579.8]}}, {"type": "Feature", "properties": {"h": 12.1, "r": 1.0}, "geometry": {"type": "Point", "coordinates": [393089.8, 5668773.8]}}, {"type": "Feature", "properties": {"h": 7.9, "r": 1.0}, "geometry": {"type": "Point", "coordinates": [392212.8, 5668207.8]}}, {"type": "Feature", "properties": {"h": 5.7, "r": 1.8}, "geometry": {"type": "Point", "coordinates": [392576.2, 5668410.8]}}, {"type": "Feature", "properties": {"h": 6.0, "r": 1.8}, "geometry": {"type": "Point", "coordinates": [392644.8, 5669003.8]}}, {"type": "Feature", "properties": {"h": 4.8, "r": 1.1}, "geometry": {"type": "Point", "coordinates": [393060.2, 5668956.8]}}, {"type": "Feature", "properties": {"h": 6.0, "r": 2.0}, "geometry": {"type": "Point", "coordinates": [393317.2, 5668153.8]}}, {"type": "Feature", "properties": {"h": 8.5, "r": 1.0}, "geometry": {"type": "Point", "coordinates": [393149.8, 5669471.2]}}, {"type": "Feature", "properties": {"h": 8.2, "r": 1.0}, "geometry": {"type": "Point", "coordinates": [393792.2, 5669733.2]}}, {"type": "Feature", "properties": {"h": 7.2, "r": 1.1}, "geometry": {"type": "Point", "coordinates": [393212.2, 5669512.2]}}, {"type": "Feature", "properties": {"h": 5.6, "r": 1.6}, "geometry": {"type": "Point", "coordinates": [392157.8, 5669189.8]}}, {"type": "Feature", "properties": {"h": 5.5, "r": 1.6}, "geometry": {"type": "Point", "coordinates": [392261.8, 5668373.2]}}, {"type": "Feature", "properties": {"h": 4.7, "r": 1.6}, "geometry": {"type": "Point", "coordinates": [392758.8, 5669200.8]}}, {"type": "Feature", "properties": {"h": 6.4, "r": 1.5}, "geometry": {"type": "Point", "coordinates": [392206.8, 5668391.8]}}, {"type": "Feature", "properties": {"h": 5.1, "r": 1.6}, "geometry": {"type": "Point", "coordinates": [393679.8, 5669132.2]}}, {"type": "Feature", "properties": {"h": 7.6, "r": 1.0}, "geometry": {"type": "Point", "coordinates": [392123.8, 5668814.2]}}, {"type": "Feature", "properties": {"h": 3.6, "r": 2.0}, "geometry": {"type": "Point", "coordinates": [392633.8, 5669012.8]}}, {"type": "Feature", "properties": {"h": 6.2, "r": 2.1}, "geometry": {"type": "Point", "coordinates": [393150.8, 5668080.8]}}, {"type": "Feature", "properties": {"h": 8.6, "r": 1.0}, "geometry": {"type": "Point", "coordinates": [392264.2, 5668360.8]}}, {"type": "Feature", "properties": {"h": 3.8, "r": 1.5}, "geometry": {"type": "Point", "coordinates": [393215.2, 5669156.8]}}, {"type": "Feature", "properties": {"h": 7.0, "r": 1.0}, "geometry": {"type": "Point", "coordinates": [392842.2, 5668327.8]}}, {"type": "Feature", "properties": {"h": 5.3, "r": 2.1}, "geometry": {"type": "Point", "coordinates": [392257.8, 5668514.8]}}, {"type": "Feature", "properties": {"h": 6.4, "r": 1.1}, "geometry": {"type": "Point", "coordinates": [393781.2, 5669176.2]}}, {"type": "Feature", "properties": {"h": 6.0, "r": 1.1}, "geometry": {"type": "Point", "coordinates": [393077.8, 5669022.2]}}, {"type": "Feature", "properties": {"h": 7.1, "r": 1.4}, "geometry": {"type": "Point", "coordinates": [393083.8, 5669314.8]}}, {"type": "Feature", "properties": {"h": 5.0, "r": 1.5}, "geometry": {"type": "Point", "coordinates": [392363.2, 5669249.8]}}, {"type": "Feature", "properties": {"h": 5.3, "r": 2.0}, "geometry": {"type": "Point", "coordinates": [392200.8, 5668538.8]}}, {"type": "Feature", "properties": {"h": 5.8, "r": 1.5}, "geometry": {"type": "Point", "coordinates": [393289.8, 5668582.8]}}, {"type": "Feature", "properties": {"h": 8.1, "r": 1.1}, "geometry": {"type": "Point", "coordinates": [392940.2, 5668927.8]}}, {"type": "Feature", "properties": {"h": 5.8, "r": 1.8}, "geometry": {"type": "Point", "coordinates": [392556.2, 5668469.2]}}, {"type": "Feature", "properties": {"h": 6.1, "r": 1.1}, "geometry": {"type": "Point", "coordinates": [392156.2, 5668046.8]}}, {"type": "Feature", "properties": {"h": 9.1, "r": 1.0}, "geometry": {"type": "Point", "coordinates": [393689.8, 5669441.2]}}, {"type": "Feature", "properties": {"h": 5.3, "r": 1.8}, "geometry": {"type": "Point", "coordinates": [393356.2, 5668534.2]}}, {"type": "Feature", "properties": {"h": 6.9, "r": 1.1}, "geometry": {"type": "Point", "coordinates": [393928.8, 5668327.8]}}, {"type": "Feature", "properties": {"h": 5.7, "r": 1.8}, "geometry": {"type": "Point", "coordinates": [393005.2, 5669938.2]}}, {"type": "Feature", "properties": {"h": 5.3, "r": 1.5}, "geometry": {"type": "Point", "coordinates": [393108.2, 5668581.8]}}, {"type": "Feature", "properties": {"h": 6.7, "r": 1.5}, "geometry": {"type": "Point", "coordinates": [392365.8, 5668909.8]}}, {"type": "Feature", "properties": {"h": 5.8, "r": 2.1}, "geometry": {"type": "Point", "coordinates": [392651.2, 5669209.8]}}, {"type": "Feature", "properties": {"h": 7.0, "r": 1.0}, "geometry": {"type": "Point", "coordinates": [392027.2, 5668331.2]}}, {"type": "Feature", "properties": {"h": 6.6, "r": 1.8}, "geometry": {"type": "Point", "coordinates": [392860.2, 5669450.8]}}, {"type": "Feature", "properties": {"h": 5.7, "r": 2.2}, "geometry": {"type": "Point", "coordinates": [392587.2, 5669568.2]}}, {"type": "Feature", "properties": {"h": 11.8, "r": 1.0}, "geometry": {"type": "Point", "coordinates": [393570.8, 5669942.8]}}, {"type": "Feature", "properties": {"h": 7.2, "r": 1.1}, "geometry": {"type": "Point", "coordinates": [392274.2, 5668030.2]}}, {"type": "Feature", "properties": {"h": 5.5, "r": 2.0}, "geometry": {"type": "Point", "coordinates": [392039.2, 5668407.2]}}, {"type": "Feature", "properties": {"h": 5.5, "r": 2.1}, "geometry": {"type": "Point", "coordinates": [393347.2, 5668177.2]}}, {"type": "Feature", "properties": {"h": 6.1, "r": 1.4}, "geometry": {"type": "Point", "coordinates": [392010.8, 5668277.2]}}, {"type": "Feature", "properties": {"h": 6.1, "r": 2.0}, "geometry": {"type": "Point", "coordinates": [392685.2, 5668933.2]}}, {"type": "Feature", "properties": {"h": 4.9, "r": 1.4}, "geometry": {"type": "Point", "coordinates": [392971.8, 5668473.8]}}, {"type": "Feature", "properties": {"h": 9.5, "r": 1.0}, "geometry": {"type": "Point", "coordinates": [393379.8, 5668908.8]}}, {"type": "Feature", "properties": {"h": 11.7, "r": 1.0}, "geometry": {"type": "Point", "coordinates": [393570.8, 5669965.2]}}, {"type": "Feature", "properties": {"h": 10.0, "r": 1.0}, "geometry": {"type": "Point", "coordinates": [393382.8, 5668484.8]}}, {"type": "Feature", "properties": {"h": 7.0, "r": 1.5}, "geometry": {"type": "Point", "coordinates": [392110.2, 5669292.8]}}, {"type": "Feature", "properties": {"h": 6.1, "r": 1.1}, "geometry": {"type": "Point", "coordinates": [392948.2, 5668110.8]}}, {"type": "Feature", "properties": {"h": 6.0, "r": 1.8}, "geometry": {"type": "Point", "coordinates": [392002.2, 5668433.2]}}, {"type": "Feature", "properties": {"h": 5.2, "r": 1.1}, "geometry": {"type": "Point", "coordinates": [392684.2, 5669255.8]}}, {"type": "Feature", "properties": {"h": 5.6, "r": 2.1}, "geometry": {"type": "Point", "coordinates": [393712.8, 5669886.8]}}, {"type": "Feature", "properties": {"h": 5.1, "r": 1.8}, "geometry": {"type": "Point", "coordinates": [392722.2, 5668945.2]}}, {"type": "Feature", "properties": {"h": 6.2, "r": 1.1}, "geometry": {"type": "Point", "coordinates": [392865.8, 5668982.8]}}, {"type": "Feature", "properties": {"h": 5.7, "r": 1.6}, "geometry": {"type": "Point", "coordinates": [393913.8, 5669529.2]}}, {"type": "Feature", "properties": {"h": 6.7, "r": 1.5}, "geometry": {"type": "Point", "coordinates": [393040.8, 5668596.2]}}, {"type": "Feature", "properties": {"h": 5.6, "r": 2.0}, "geometry": {"type": "Point", "coordinates": [393244.8, 5669901.2]}}, {"type": "Feature", "properties": {"h": 7.0, "r": 1.0}, "geometry": {"type": "Point", "coordinates": [392370.8, 5668585.2]}}, {"type": "Feature", "properties": {"h": 10.1, "r": 1.0}, "geometry": {"type": "Point", "coordinates": [393609.2, 5669829.8]}}, {"type": "Feature", "properties": {"h": 6.5, "r": 1.5}, "geometry": {"type": "Point", "coordinates": [392153.8, 5669166.8]}}, {"type": "Feature", "properties": {"h": 6.2, "r": 1.5}, "geometry": {"type": "Point", "coordinates": [392020.8, 5668481.8]}}, {"type": "Feature", "properties": {"h": 7.0, "r": 1.5}, "geometry": {"type": "Point", "coordinates": [392515.8, 5668070.2]}}, {"type": "Feature", "properties": {"h": 5.3, "r": 1.1}, "geometry": {"type": "Point", "coordinates": [393315.8, 5668485.2]}}, {"type": "Feature", "properties": {"h": 6.3, "r": 1.5}, "geometry": {"type": "Point", "coordinates": [392999.8, 5669793.8]}}, {"type": "Feature", "properties": {"h": 4.6, "r": 1.8}, "geometry": {"type": "Point", "coordinates": [393352.8, 5668663.8]}}, {"type": "Feature", "properties": {"h": 6.2, "r": 1.5}, "geometry": {"type": "Point", "coordinates": [392809.8, 5668303.8]}}, {"type": "Feature", "properties": {"h": 6.0, "r": 1.8}, "geometry": {"type": "Point", "coordinates": [393505.2, 5669490.2]}}, {"type": "Feature", "properties": {"h": 5.6, "r": 1.8}, "geometry": {"type": "Point", "coordinates": [393293.8, 5669336.2]}}, {"type": "Feature", "properties": {"h": 6.4, "r": 1.6}, "geometry": {"type": "Point", "coordinates": [392604.8, 5668119.2]}}, {"type": "Feature", "properties": {"h": 5.2, "r": 2.5}, "geometry": {"type": "Point", "coordinates": [392776.2, 5668325.2]}}, {"type": "Feature", "properties": {"h": 7.0, "r": 1.1}, "geometry": {"type": "Point", "coordinates": [393098.2, 5669344.2]}}, {"type": "Feature", "properties": {"h": 6.7, "r": 1.4}, "geometry": {"type": "Point", "coordinates": [392411.2, 5669768.2]}}, {"type": "Feature", "properties": {"h": 6.8, "r": 1.1}, "geometry": {"type": "Point", "coordinates": [393582.8, 5669237.2]}}, {"type": "Feature", "properties": {"h": 5.7, "r": 1.8}, "geometry": {"type": "Point", "coordinates": [393095.8, 5668445.2]}}, {"type": "Feature", "properties": {"h": 6.1, "r": 1.4}, "geometry": {"type": "Point", "coordinates": [393962.8, 5668188.2]}}, {"type": "Feature", "properties": {"h": 6.1, "r": 2.0}, "geometry": {"type": "Point", "coordinates": [393303.8, 5668080.2]}}, {"type": "Feature", "properties": {"h": 5.5, "r": 2.2}, "geometry": {"type": "Point", "coordinates": [392128.8, 5668420.8]}}, {"type": "Feature", "properties": {"h": 6.0, "r": 1.0}, "geometry": {"type": "Point", "coordinates": [392235.2, 5669437.2]}}, {"type": "Feature", "properties": {"h": 5.4, "r": 2.0}, "geometry": {"type": "Point", "coordinates": [392893.8, 5669919.2]}}, {"type": "Feature", "properties": {"h": 8.7, "r": 1.1}, "geometry": {"type": "Point", "coordinates": [392407.8, 5669720.8]}}, {"type": "Feature", "properties": {"h": 6.1, "r": 1.5}, "geometry": {"type": "Point", "coordinates": [392686.2, 5669162.2]}}, {"type": "Feature", "properties": {"h": 5.4, "r": 2.5}, "geometry": {"type": "Point", "coordinates": [393715.8, 5669172.2]}}, {"type": "Feature", "properties": {"h": 6.2, "r": 1.5}, "geometry": {"type": "Point", "coordinates": [392219.8, 5668533.8]}}, {"type": "Feature", "properties": {"h": 5.4, "r": 2.2}, "geometry": {"type": "Point", "coordinates": [393468.8, 5668398.8]}}, {"type": "Feature", "properties": {"h": 7.8, "r": 1.1}, "geometry": {"type": "Point", "coordinates": [393980.2, 5669042.2]}}, {"type": "Feature", "properties": {"h": 6.2, "r": 2.1}, "geometry": {"type": "Point", "coordinates": [393157.2, 5669035.2]}}, {"type": "Feature", "properties": {"h": 6.2, "r": 1.0}, "geometry": {"type": "Point", "coordinates": [393943.2, 5669369.8]}}, {"type": "Feature", "properties": {"h": 7.2, "r": 1.4}, "geometry": {"type": "Point", "coordinates": [393347.8, 5668047.2]}}, {"type": "Feature", "properties": {"h": 5.3, "r": 1.0}, "geometry": {"type": "Point", "coordinates": [392046.2, 5669704.8]}}, {"type": "Feature", "properties": {"h": 5.8, "r": 2.0}, "geometry": {"type": "Point", "coordinates": [393015.8, 5669829.8]}}, {"type": "Feature", "properties": {"h": 5.0, "r": 1.1}, "geometry": {"type": "Point", "coordinates": [392950.2, 5669478.8]}}, {"type": "Feature", "properties": {"h": 6.0, "r": 1.1}, "geometry": {"type": "Point", "coordinates": [392942.8, 5669892.2]}}, {"type": "Feature", "properties": {"h": 6.6, "r": 2.1}, "geometry": {"type": "Point", "coordinates": [393174.8, 5668082.2]}}, {"type": "Feature", "properties": {"h": 5.9, "r": 1.5}, "geometry": {"type": "Point", "coordinates": [392390.8, 5668062.8]}}, {"type": "Feature", "properties": {"h": 4.7, "r": 1.6}, "geometry": {"type": "Point", "coordinates": [393472.2, 5669874.2]}}, {"type": "Feature", "properties": {"h": 6.2, "r": 1.4}, "geometry": {"type": "Point", "coordinates": [392921.8, 5669809.8]}}, {"type": "Feature", "properties": {"h": 6.4, "r": 1.8}, "geometry": {"type": "Point", "coordinates": [392610.2, 5668410.2]}}, {"type": "Feature", "properties": {"h": 5.5, "r": 1.8}, "geometry": {"type": "Point", "coordinates": [392228.8, 5668718.2]}}, {"type": "Feature", "properties": {"h": 7.7, "r": 1.1}, "geometry": {"type": "Point", "coordinates": [393285.8, 5668572.8]}}, {"type": "Feature", "properties": {"h": 4.8, "r": 1.4}, "geometry": {"type": "Point", "coordinates": [393168.8, 5668145.8]}}, {"type": "Feature", "properties": {"h": 5.8, "r": 1.5}, "geometry": {"type": "Point", "coordinates": [393194.2, 5668411.8]}}, {"type": "Feature", "properties": {"h": 5.8, "r": 1.4}, "geometry": {"type": "Point", "coordinates": [393929.2, 5668803.2]}}, {"type": "Feature", "properties": {"h": 6.5, "r": 1.8}, "geometry": {"type": "Point", "coordinates": [393234.8, 5668551.2]}}, {"type": "Feature", "properties": {"h": 6.3, "r": 1.1}, "geometry": {"type": "Point", "coordinates": [393505.2, 5668352.8]}}, {"type": "Feature", "properties": {"h": 6.9, "r": 1.4}, "geometry": {"type": "Point", "coordinates": [392092.8, 5668211.8]}}, {"type": "Feature", "properties": {"h": 5.6, "r": 1.5}, "geometry": {"type": "Point", "coordinates": [393955.8, 5668524.8]}}, {"type": "Feature", "properties": {"h": 5.5, "r": 2.1}, "geometry": {"type": "Point", "coordinates": [392614.2, 5668064.8]}}, {"type": "Feature", "properties": {"h": 5.6, "r": 1.5}, "geometry": {"type": "Point", "coordinates": [393454.8, 5668412.2]}}, {"type": "Feature", "properties": {"h": 7.2, "r": 1.6}, "geometry": {"type": "Point", "coordinates": [393453.8, 5668329.2]}}, {"type": "Feature", "properties": {"h": 6.6, "r": 1.4}, "geometry": {"type": "Point", "coordinates": [393672.8, 5669936.2]}}, {"type": "Feature", "properties": {"h": 5.3, "r": 1.6}, "geometry": {"type": "Point", "coordinates": [392883.2, 5669966.8]}}, {"type": "Feature", "properties": {"h": 5.3, "r": 1.4}, "geometry": {"type": "Point", "coordinates": [393730.8, 5669369.2]}}, {"type": "Feature", "properties": {"h": 5.5, "r": 1.8}, "geometry": {"type": "Point", "coordinates": [393461.8, 5669943.8]}}, {"type": "Feature", "properties": {"h": 5.6, "r": 2.5}, "geometry": {"type": "Point", "coordinates": [393279.2, 5669396.2]}}, {"type": "Feature", "properties": {"h": 6.6, "r": 1.0}, "geometry": {"type": "Point", "coordinates": [392828.2, 5669087.2]}}, {"type": "Feature", "properties": {"h": 5.2, "r": 1.1}, "geometry": {"type": "Point", "coordinates": [393975.8, 5669014.2]}}, {"type": "Feature", "properties": {"h": 6.2, "r": 2.0}, "geometry": {"type": "Point", "coordinates": [393128.2, 5668509.2]}}, {"type": "Feature", "properties": {"h": 5.8, "r": 2.5}, "geometry": {"type": "Point", "coordinates": [392246.8, 5668133.8]}}, {"type": "Feature", "properties": {"h": 5.4, "r": 1.6}, "geometry": {"type": "Point", "coordinates": [393749.8, 5669617.2]}}, {"type": "Feature", "properties": {"h": 7.5, "r": 1.5}, "geometry": {"type": "Point", "coordinates": [393801.2, 5669174.2]}}, {"type": "Feature", "properties": {"h": 5.0, "r": 1.1}, "geometry": {"type": "Point", "coordinates": [393063.8, 5669796.2]}}, {"type": "Feature", "properties": {"h": 5.9, "r": 1.8}, "geometry": {"type": "Point", "coordinates": [393813.2, 5668885.8]}}, {"type": "Feature", "properties": {"h": 5.6, "r": 1.6}, "geometry": {"type": "Point", "coordinates": [393208.8, 5668848.2]}}, {"type": "Feature", "properties": {"h": 6.3, "r": 1.1}, "geometry": {"type": "Point", "coordinates": [393437.2, 5668275.8]}}, {"type": "Feature", "properties": {"h": 5.2, "r": 2.0}, "geometry": {"type": "Point", "coordinates": [392057.2, 5668411.8]}}, {"type": "Feature", "properties": {"h": 7.8, "r": 1.0}, "geometry": {"type": "Point", "coordinates": [393347.2, 5668564.2]}}, {"type": "Feature", "properties": {"h": 5.1, "r": 1.6}, "geometry": {"type": "Point", "coordinates": [392623.2, 5669375.2]}}, {"type": "Feature", "properties": {"h": 6.4, "r": 1.5}, "geometry": {"type": "Point", "coordinates": [393054.8, 5668626.8]}}, {"type": "Feature", "properties": {"h": 6.4, "r": 2.2}, "geometry": {"type": "Point", "coordinates": [393970.8, 5669610.8]}}, {"type": "Feature", "properties": {"h": 8.1, "r": 1.0}, "geometry": {"type": "Point", "coordinates": [392952.8, 5669125.8]}}, {"type": "Feature", "properties": {"h": 6.2, "r": 1.6}, "geometry": {"type": "Point", "coordinates": [392561.2, 5669119.2]}}, {"type": "Feature", "properties": {"h": 5.6, "r": 1.5}, "geometry": {"type": "Point", "coordinates": [392678.8, 5669280.2]}}, {"type": "Feature", "properties": {"h": 5.4, "r": 2.0}, "geometry": {"type": "Point", "coordinates": [392255.2, 5668899.2]}}, {"type": "Feature", "properties": {"h": 6.0, "r": 1.4}, "geometry": {"type": "Point", "coordinates": [392004.2, 5668361.2]}}, {"type": "Feature", "properties": {"h": 5.8, "r": 1.5}, "geometry": {"type": "Point", "coordinates": [393931.8, 5669348.8]}}, {"type": "Feature", "properties": {"h": 5.0, "r": 1.5}, "geometry": {"type": "Point", "coordinates": [392231.8, 5668387.2]}}, {"type": "Feature", "properties": {"h": 9.6, "r": 1.0}, "geometry": {"type": "Point", "coordinates": [393692.8, 5669607.2]}}, {"type": "Feature", "properties": {"h": 5.7, "r": 1.4}, "geometry": {"type": "Point", "coordinates": [392962.8, 5669142.8]}}, {"type": "Feature", "properties": {"h": 4.7, "r": 2.0}, "geometry": {"type": "Point", "coordinates": [393294.2, 5669342.8]}}, {"type": "Feature", "properties": {"h": 5.2, "r": 2.5}, "geometry": {"type": "Point", "coordinates": [393100.2, 5668005.8]}}, {"type": "Feature", "properties": {"h": 5.4, "r": 2.5}, "geometry": {"type": "Point", "coordinates": [393057.2, 5669716.2]}}, {"type": "Feature", "properties": {"h": 6.1, "r": 1.8}, "geometry": {"type": "Point", "coordinates": [392269.8, 5669099.2]}}, {"type": "Feature", "properties": {"h": 5.4, "r": 1.8}, "geometry": {"type": "Point", "coordinates": [392650.8, 5669382.8]}}, {"type": "Feature", "properties": {"h": 6.2, "r": 1.0}, "geometry": {"type": "Point", "coordinates": [393787.8, 5669166.8]}}, {"type": "Feature", "properties": {"h": 5.8, "r": 1.8}, "geometry": {"type": "Point", "coordinates": [392491.2, 5668247.8]}}, {"type": "Feature", "properties": {"h": 6.4, "r": 1.4}, "geometry": {"type": "Point", "coordinates": [392641.2, 5669447.8]}}, {"type": "Feature", "properties": {"h": 5.7, "r": 1.4}, "geometry": {"type": "Point", "coordinates": [392008.8, 5668104.8]}}, {"type": "Feature", "properties": {"h": 9.7, "r": 1.0}, "geometry": {"type": "Point", "coordinates": [393623.8, 5669781.2]}}, {"type": "Feature", "properties": {"h": 5.0, "r": 1.8}, "geometry": {"type": "Point", "coordinates": [392453.8, 5668564.8]}}, {"type": "Feature", "properties": {"h": 5.7, "r": 2.1}, "geometry": {"type": "Point", "coordinates": [392143.2, 5669114.8]}}, {"type": "Feature", "properties": {"h": 9.6, "r": 1.0}, "geometry": {"type": "Point", "coordinates": [393609.8, 5669758.8]}}, {"type": "Feature", "properties": {"h": 5.6, "r": 1.8}, "geometry": {"type": "Point", "coordinates": [392217.2, 5668179.2]}}, {"type": "Feature", "properties": {"h": 5.9, "r": 2.2}, "geometry": {"type": "Point", "coordinates": [393398.8, 5668199.2]}}, {"type": "Feature", "properties": {"h": 6.9, "r": 1.1}, "geometry": {"type": "Point", "coordinates": [392004.2, 5668899.8]}}, {"type": "Feature", "properties": {"h": 5.9, "r": 1.8}, "geometry": {"type": "Point", "coordinates": [392954.8, 5669187.8]}}, {"type": "Feature", "properties": {"h": 6.0, "r": 1.4}, "geometry": {"type": "Point", "coordinates": [393740.2, 5668548.2]}}, {"type": "Feature", "properties": {"h": 6.3, "r": 1.4}, "geometry": {"type": "Point", "coordinates": [393234.2, 5668412.2]}}, {"type": "Feature", "properties": {"h": 7.1, "r": 1.4}, "geometry": {"type": "Point", "coordinates": [392473.8, 5669302.2]}}, {"type": "Feature", "properties": {"h": 5.4, "r": 1.8}, "geometry": {"type": "Point", "coordinates": [392523.8, 5669934.2]}}, {"type": "Feature", "properties": {"h": 6.3, "r": 1.8}, "geometry": {"type": "Point", "coordinates": [392924.2, 5669274.2]}}, {"type": "Feature", "properties": {"h": 5.1, "r": 2.1}, "geometry": {"type": "Point", "coordinates": [393616.2, 5668075.8]}}, {"type": "Feature", "properties": {"h": 5.9, "r": 1.5}, "geometry": {"type": "Point", "coordinates": [392205.8, 5668566.8]}}, {"type": "Feature", "properties": {"h": 5.0, "r": 1.5}, "geometry": {"type": "Point", "coordinates": [392324.8, 5668360.8]}}, {"type": "Feature", "properties": {"h": 5.3, "r": 2.0}, "geometry": {"type": "Point", "coordinates": [393243.8, 5668232.8]}}, {"type": "Feature", "properties": {"h": 6.9, "r": 1.5}, "geometry": {"type": "Point", "coordinates": [392416.8, 5668161.8]}}, {"type": "Feature", "properties": {"h": 5.9, "r": 1.4}, "geometry": {"type": "Point", "coordinates": [393697.2, 5669147.2]}}, {"type": "Feature", "properties": {"h": 7.1, "r": 1.0}, "geometry": {"type": "Point", "coordinates": [393060.2, 5668873.2]}}, {"type": "Feature", "properties": {"h": 5.0, "r": 2.0}, "geometry": {"type": "Point", "coordinates": [393609.2, 5669541.8]}}, {"type": "Feature", "properties": {"h": 5.9, "r": 1.5}, "geometry": {"type": "Point", "coordinates": [392397.2, 5669790.8]}}, {"type": "Feature", "properties": {"h": 5.3, "r": 1.5}, "geometry": {"type": "Point", "coordinates": [392746.8, 5669195.8]}}, {"type": "Feature", "properties": {"h": 5.1, "r": 1.8}, "geometry": {"type": "Point", "coordinates": [393786.8, 5669452.2]}}, {"type": "Feature", "properties": {"h": 5.6, "r": 1.4}, "geometry": {"type": "Point", "coordinates": [392105.2, 5668048.2]}}, {"type": "Feature", "properties": {"h": 6.3, "r": 1.0}, "geometry": {"type": "Point", "coordinates": [392488.8, 5668237.8]}}, {"type": "Feature", "properties": {"h": 5.8, "r": 1.6}, "geometry": {"type": "Point", "coordinates": [393596.8, 5669392.2]}}, {"type": "Feature", "properties": {"h": 6.0, "r": 1.4}, "geometry": {"type": "Point", "coordinates": [393139.2, 5668090.8]}}, {"type": "Feature", "properties": {"h": 5.5, "r": 2.2}, "geometry": {"type": "Point", "coordinates": [393245.2, 5668039.8]}}, {"type": "Feature", "properties": {"h": 4.8, "r": 1.8}, "geometry": {"type": "Point", "coordinates": [393982.2, 5669288.8]}}, {"type": "Feature", "properties": {"h": 11.3, "r": 1.0}, "geometry": {"type": "Point", "coordinates": [393581.2, 5669940.8]}}, {"type": "Feature", "properties": {"h": 5.8, "r": 1.6}, "geometry": {"type": "Point", "coordinates": [392549.2, 5668864.8]}}, {"type": "Feature", "properties": {"h": 11.2, "r": 1.0}, "geometry": {"type": "Point", "coordinates": [393636.8, 5669950.8]}}, {"type": "Feature", "properties": {"h": 5.6, "r": 1.0}, "geometry": {"type": "Point", "coordinates": [393603.2, 5669835.8]}}, {"type": "Feature", "properties": {"h": 11.3, "r": 1.0}, "geometry": {"type": "Point", "coordinates": [393643.2, 5669949.2]}}, {"type": "Feature", "properties": {"h": 5.2, "r": 2.0}, "geometry": {"type": "Point", "coordinates": [393124.8, 5668084.2]}}, {"type": "Feature", "properties": {"h": 5.1, "r": 2.1}, "geometry": {"type": "Point", "coordinates": [392506.2, 5668085.8]}}, {"type": "Feature", "properties": {"h": 5.8, "r": 1.4}, "geometry": {"type": "Point", "coordinates": [393214.8, 5668510.2]}}, {"type": "Feature", "properties": {"h": 11.3, "r": 1.0}, "geometry": {"type": "Point", "coordinates": [393621.8, 5669953.8]}}, {"type": "Feature", "properties": {"h": 4.4, "r": 2.1}, "geometry": {"type": "Point", "coordinates": [392922.8, 5669285.2]}}, {"type": "Feature", "properties": {"h": 5.4, "r": 1.8}, "geometry": {"type": "Point", "coordinates": [392834.2, 5669268.2]}}, {"type": "Feature", "properties": {"h": 6.2, "r": 1.4}, "geometry": {"type": "Point", "coordinates": [393981.2, 5668745.8]}}, {"type": "Feature", "properties": {"h": 7.1, "r": 1.1}, "geometry": {"type": "Point", "coordinates": [392379.8, 5668260.2]}}, {"type": "Feature", "properties": {"h": 4.9, "r": 2.0}, "geometry": {"type": "Point", "coordinates": [393347.8, 5668569.2]}}, {"type": "Feature", "properties": {"h": 6.6, "r": 1.4}, "geometry": {"type": "Point", "coordinates": [392070.2, 5669282.2]}}, {"type": "Feature", "properties": {"h": 5.4, "r": 1.8}, "geometry": {"type": "Point", "coordinates": [392689.2, 5669022.2]}}, {"type": "Feature", "properties": {"h": 5.6, "r": 1.1}, "geometry": {"type": "Point", "coordinates": [392403.2, 5669790.2]}}, {"type": "Feature", "properties": {"h": 5.1, "r": 2.1}, "geometry": {"type": "Point", "coordinates": [393243.8, 5668387.8]}}, {"type": "Feature", "properties": {"h": 5.9, "r": 1.4}, "geometry": {"type": "Point", "coordinates": [392069.2, 5668749.8]}}, {"type": "Feature", "properties": {"h": 5.8, "r": 2.0}, "geometry": {"type": "Point", "coordinates": [392817.2, 5669402.8]}}, {"type": "Feature", "properties": {"h": 6.1, "r": 1.0}, "geometry": {"type": "Point", "coordinates": [392928.8, 5669097.2]}}, {"type": "Feature", "properties": {"h": 6.3, "r": 1.1}, "geometry": {"type": "Point", "coordinates": [393371.2, 5668471.2]}}, {"type": "Feature", "properties": {"h": 5.6, "r": 2.1}, "geometry": {"type": "Point", "coordinates": [393133.2, 5668749.2]}}, {"type": "Feature", "properties": {"h": 6.3, "r": 1.4}, "geometry": {"type": "Point", "coordinates": [392416.8, 5668425.2]}}, {"type": "Feature", "properties": {"h": 5.7, "r": 1.4}, "geometry": {"type": "Point", "coordinates": [392265.2, 5669082.8]}}, {"type": "Feature", "properties": {"h": 4.4, "r": 1.4}, "geometry": {"type": "Point", "coordinates": [392105.2, 5668906.2]}}, {"type": "Feature", "properties": {"h": 5.2, "r": 1.6}, "geometry": {"type": "Point", "coordinates": [393636.8, 5669366.2]}}, {"type": "Feature", "properties": {"h": 8.8, "r": 1.0}, "geometry": {"type": "Point", "coordinates": [393731.8, 5669787.2]}}, {"type": "Feature", "properties": {"h": 6.0, "r": 1.6}, "geometry": {"type": "Point", "coordinates": [392037.8, 5668263.8]}}, {"type": "Feature", "properties": {"h": 5.4, "r": 2.1}, "geometry": {"type": "Point", "coordinates": [393489.8, 5668520.8]}}, {"type": "Feature", "properties": {"h": 5.4, "r": 2.2}, "geometry": {"type": "Point", "coordinates": [392171.2, 5668359.2]}}, {"type": "Feature", "properties": {"h": 6.1, "r": 1.4}, "geometry": {"type": "Point", "coordinates": [393767.8, 5668821.2]}}, {"type": "Feature", "properties": {"h": 5.4, "r": 1.6}, "geometry": {"type": "Point", "coordinates": [393337.8, 5668201.2]}}, {"type": "Feature", "properties": {"h": 9.9, "r": 1.0}, "geometry": {"type": "Point", "coordinates": [393599.8, 5669814.2]}}, {"type": "Feature", "properties": {"h": 5.3, "r": 1.6}, "geometry": {"type": "Point", "coordinates": [393339.8, 5668611.2]}}, {"type": "Feature", "properties": {"h": 11.8, "r": 1.0}, "geometry": {"type": "Point", "coordinates": [393562.2, 5669944.8]}}, {"type": "Feature", "properties": {"h": 6.0, "r": 1.4}, "geometry": {"type": "Point", "coordinates": [392429.8, 5669755.2]}}, {"type": "Feature", "properties": {"h": 6.0, "r": 1.0}, "geometry": {"type": "Point", "coordinates": [392023.2, 5669282.8]}}, {"type": "Feature", "properties": {"h": 9.6, "r": 1.0}, "geometry": {"type": "Point", "coordinates": [393622.2, 5669750.8]}}, {"type": "Feature", "properties": {"h": 5.9, "r": 1.6}, "geometry": {"type": "Point", "coordinates": [392496.8, 5668920.2]}}, {"type": "Feature", "properties": {"h": 5.4, "r": 2.5}, "geometry": {"type": "Point", "coordinates": [393422.2, 5668520.8]}}, {"type": "Feature", "properties": {"h": 4.8, "r": 2.5}, "geometry": {"type": "Point", "coordinates": [392745.2, 5669398.8]}}, {"type": "Feature", "properties": {"h": 5.1, "r": 1.0}, "geometry": {"type": "Point", "coordinates": [393429.8, 5668348.8]}}, {"type": "Feature", "properties": {"h": 5.3, "r": 1.5}, "geometry": {"type": "Point", "coordinates": [392713.8, 5669016.2]}}, {"type": "Feature", "properties": {"h": 6.5, "r": 1.5}, "geometry": {"type": "Point", "coordinates": [392394.2, 5668280.2]}}, {"type": "Feature", "properties": {"h": 5.9, "r": 1.1}, "geometry": {"type": "Point", "coordinates": [393227.2, 5668984.8]}}, {"type": "Feature", "properties": {"h": 5.4, "r": 1.8}, "geometry": {"type": "Point", "coordinates": [393647.8, 5669918.2]}}, {"type": "Feature", "properties": {"h": 5.4, "r": 2.0}, "geometry": {"type": "Point", "coordinates": [393261.8, 5668031.2]}}, {"type": "Feature", "properties": {"h": 5.1, "r": 1.5}, "geometry": {"type": "Point", "coordinates": [393853.2, 5668984.8]}}, {"type": "Feature", "properties": {"h": 5.7, "r": 1.8}, "geometry": {"type": "Point", "coordinates": [393219.2, 5669909.8]}}, {"type": "Feature", "properties": {"h": 5.6, "r": 1.4}, "geometry": {"type": "Point", "coordinates": [392818.8, 5669175.8]}}, {"type": "Feature", "properties": {"h": 14.7, "r": 1.0}, "geometry": {"type": "Point", "coordinates": [393735.2, 5669439.8]}}, {"type": "Feature", "properties": {"h": 4.8, "r": 2.0}, "geometry": {"type": "Point", "coordinates": [392285.8, 5669111.8]}}, {"type": "Feature", "properties": {"h": 5.1, "r": 1.8}, "geometry": {"type": "Point", "coordinates": [393827.2, 5669416.2]}}, {"type": "Feature", "properties": {"h": 5.3, "r": 1.8}, "geometry": {"type": "Point", "coordinates": [392944.2, 5669905.8]}}, {"type": "Feature", "properties": {"h": 6.0, "r": 1.4}, "geometry": {"type": "Point", "coordinates": [392028.2, 5668270.2]}}, {"type": "Feature", "properties": {"h": 5.9, "r": 2.1}, "geometry": {"type": "Point", "coordinates": [392188.2, 5669923.2]}}, {"type": "Feature", "properties": {"h": 5.8, "r": 1.8}, "geometry": {"type": "Point", "coordinates": [392446.8, 5668256.2]}}, {"type": "Feature", "properties": {"h": 6.7, "r": 1.1}, "geometry": {"type": "Point", "coordinates": [392277.2, 5668425.8]}}, {"type": "Feature", "properties": {"h": 6.5, "r": 1.1}, "geometry": {"type": "Point", "coordinates": [392173.2, 5668831.8]}}, {"type": "Feature", "properties": {"h": 5.5, "r": 1.1}, "geometry": {"type": "Point", "coordinates": [393955.8, 5668572.2]}}, {"type": "Feature", "properties": {"h": 5.3, "r": 1.5}, "geometry": {"type": "Point", "coordinates": [392701.2, 5668507.8]}}, {"type": "Feature", "properties": {"h": 11.7, "r": 1.0}, "geometry": {"type": "Point", "coordinates": [393553.8, 5669952.8]}}, {"type": "Feature", "properties": {"h": 5.1, "r": 1.4}, "geometry": {"type": "Point", "coordinates": [393586.8, 5668216.2]}}, {"type": "Feature", "properties": {"h": 6.9, "r": 1.1}, "geometry": {"type": "Point", "coordinates": [393236.8, 5669401.8]}}, {"type": "Feature", "properties": {"h": 6.6, "r": 1.1}, "geometry": {"type": "Point", "coordinates": [392644.8, 5669285.8]}}, {"type": "Feature", "properties": {"h": 5.0, "r": 1.4}, "geometry": {"type": "Point", "coordinates": [393858.2, 5669617.2]}}, {"type": "Feature", "properties": {"h": 5.9, "r": 1.6}, "geometry": {"type": "Point", "coordinates": [392133.8, 5668632.8]}}, {"type": "Feature", "properties": {"h": 8.3, "r": 1.0}, "geometry": {"type": "Point", "coordinates": [392449.8, 5668564.8]}}, {"type": "Feature", "properties": {"h": 5.1, "r": 1.5}, "geometry": {"type": "Point", "coordinates": [392446.8, 5669462.8]}}, {"type": "Feature", "properties": {"h": 5.4, "r": 1.8}, "geometry": {"type": "Point", "coordinates": [393616.2, 5668086.2]}}, {"type": "Feature", "properties": {"h": 4.9, "r": 1.6}, "geometry": {"type": "Point", "coordinates": [392443.8, 5668574.8]}}, {"type": "Feature", "properties": {"h": 5.4, "r": 2.1}, "geometry": {"type": "Point", "coordinates": [393059.2, 5669844.8]}}, {"type": "Feature", "properties": {"h": 7.4, "r": 1.0}, "geometry": {"type": "Point", "coordinates": [393645.2, 5669540.8]}}, {"type": "Feature", "properties": {"h": 8.3, "r": 1.0}, "geometry": {"type": "Point", "coordinates": [392137.8, 5668095.8]}}, {"type": "Feature", "properties": {"h": 5.6, "r": 1.0}, "geometry": {"type": "Point", "coordinates": [393010.8, 5669173.2]}}, {"type": "Feature", "properties": {"h": 5.9, "r": 1.4}, "geometry": {"type": "Point", "coordinates": [393074.2, 5669353.8]}}, {"type": "Feature", "properties": {"h": 6.7, "r": 1.5}, "geometry": {"type": "Point", "coordinates": [392970.2, 5668469.2]}}, {"type": "Feature", "properties": {"h": 11.7, "r": 1.0}, "geometry": {"type": "Point", "coordinates": [393562.2, 5669967.2]}}, {"type": "Feature", "properties": {"h": 6.4, "r": 1.1}, "geometry": {"type": "Point", "coordinates": [393249.2, 5669526.8]}}, {"type": "Feature", "properties": {"h": 4.9, "r": 1.6}, "geometry": {"type": "Point", "coordinates": [392106.2, 5668719.8]}}, {"type": "Feature", "properties": {"h": 6.0, "r": 1.6}, "geometry": {"type": "Point", "coordinates": [393926.2, 5669175.2]}}, {"type": "Feature", "properties": {"h": 5.2, "r": 2.0}, "geometry": {"type": "Point", "coordinates": [392502.2, 5669906.8]}}, {"type": "Feature", "properties": {"h": 6.9, "r": 1.1}, "geometry": {"type": "Point", "coordinates": [392979.2, 5669262.8]}}, {"type": "Feature", "properties": {"h": 5.9, "r": 1.8}, "geometry": {"type": "Point", "coordinates": [393164.2, 5669477.8]}}, {"type": "Feature", "properties": {"h": 9.6, "r": 1.0}, "geometry": {"type": "Point", "coordinates": [393603.8, 5669766.8]}}, {"type": "Feature", "properties": {"h": 5.1, "r": 1.8}, "geometry": {"type": "Point", "coordinates": [393728.8, 5669188.8]}}, {"type": "Feature", "properties": {"h": 5.6, "r": 2.0}, "geometry": {"type": "Point", "coordinates": [392004.8, 5668851.8]}}, {"type": "Feature", "properties": {"h": 4.6, "r": 1.0}, "geometry": {"type": "Point", "coordinates": [392812.8, 5669361.8]}}, {"type": "Feature", "properties": {"h": 5.4, "r": 1.8}, "geometry": {"type": "Point", "coordinates": [392872.2, 5669975.2]}}, {"type": "Feature", "properties": {"h": 5.9, "r": 1.5}, "geometry": {"type": "Point", "coordinates": [392394.8, 5669785.2]}}, {"type": "Feature", "properties": {"h": 15.4, "r": 1.0}, "geometry": {"type": "Point", "coordinates": [393730.8, 5669435.2]}}, {"type": "Feature", "properties": {"h": 5.0, "r": 1.4}, "geometry": {"type": "Point", "coordinates": [393706.2, 5668022.8]}}, {"type": "Feature", "properties": {"h": 4.7, "r": 1.4}, "geometry": {"type": "Point", "coordinates": [392491.2, 5668923.8]}}, {"type": "Feature", "properties": {"h": 5.8, "r": 1.5}, "geometry": {"type": "Point", "coordinates": [392069.8, 5669785.8]}}, {"type": "Feature", "properties": {"h": 6.3, "r": 2.5}, "geometry": {"type": "Point", "coordinates": [392803.8, 5669449.2]}}, {"type": "Feature", "properties": {"h": 5.4, "r": 1.0}, "geometry": {"type": "Point", "coordinates": [393864.2, 5668631.8]}}, {"type": "Feature", "properties": {"h": 6.1, "r": 1.6}, "geometry": {"type": "Point", "coordinates": [392058.8, 5668215.2]}}, {"type": "Feature", "properties": {"h": 5.7, "r": 1.8}, "geometry": {"type": "Point", "coordinates": [393882.8, 5669393.8]}}, {"type": "Feature", "properties": {"h": 4.3, "r": 1.4}, "geometry": {"type": "Point", "coordinates": [392116.8, 5669269.8]}}, {"type": "Feature", "properties": {"h": 5.7, "r": 1.8}, "geometry": {"type": "Point", "coordinates": [393398.8, 5668622.8]}}, {"type": "Feature", "properties": {"h": 6.5, "r": 1.0}, "geometry": {"type": "Point", "coordinates": [393734.8, 5668965.8]}}, {"type": "Feature", "properties": {"h": 5.5, "r": 1.6}, "geometry": {"type": "Point", "coordinates": [393929.2, 5668640.8]}}, {"type": "Feature", "properties": {"h": 9.6, "r": 1.0}, "geometry": {"type": "Point", "coordinates": [393372.8, 5668905.8]}}, {"type": "Feature", "properties": {"h": 6.4, "r": 1.1}, "geometry": {"type": "Point", "coordinates": [393674.8, 5669136.2]}}, {"type": "Feature", "properties": {"h": 5.0, "r": 1.8}, "geometry": {"type": "Point", "coordinates": [392868.2, 5669978.2]}}, {"type": "Feature", "properties": {"h": 5.9, "r": 2.1}, "geometry": {"type": "Point", "coordinates": [393978.2, 5669288.2]}}, {"type": "Feature", "properties": {"h": 6.0, "r": 1.4}, "geometry": {"type": "Point", "coordinates": [392387.8, 5669829.2]}}, {"type": "Feature", "properties": {"h": 5.8, "r": 1.5}, "geometry": {"type": "Point", "coordinates": [393520.8, 5668366.8]}}, {"type": "Feature", "properties": {"h": 5.3, "r": 1.8}, "geometry": {"type": "Point", "coordinates": [393181.2, 5669457.2]}}, {"type": "Feature", "properties": {"h": 6.3, "r": 1.5}, "geometry": {"type": "Point", "coordinates": [392010.2, 5669260.2]}}, {"type": "Feature", "properties": {"h": 5.5, "r": 2.1}, "geometry": {"type": "Point", "coordinates": [393804.8, 5668984.8]}}, {"type": "Feature", "properties": {"h": 6.3, "r": 1.0}, "geometry": {"type": "Point", "coordinates": [392643.2, 5669386.2]}}, {"type": "Feature", "properties": {"h": 5.4, "r": 1.8}, "geometry": {"type": "Point", "coordinates": [393058.8, 5668624.2]}}, {"type": "Feature", "properties": {"h": 5.6, "r": 1.8}, "geometry": {"type": "Point", "coordinates": [392619.2, 5668763.8]}}, {"type": "Feature", "properties": {"h": 5.3, "r": 2.1}, "geometry": {"type": "Point", "coordinates": [393969.8, 5668453.2]}}, {"type": "Feature", "properties": {"h": 5.5, "r": 2.0}, "geometry": {"type": "Point", "coordinates": [392979.2, 5669064.2]}}, {"type": "Feature", "properties": {"h": 4.4, "r": 1.8}, "geometry": {"type": "Point", "coordinates": [393941.8, 5668805.2]}}, {"type": "Feature", "properties": {"h": 6.2, "r": 1.8}, "geometry": {"type": "Point", "coordinates": [393902.2, 5668332.2]}}, {"type": "Feature", "properties": {"h": 5.0, "r": 1.6}, "geometry": {"type": "Point", "coordinates": [393424.2, 5668781.2]}}, {"type": "Feature", "properties": {"h": 5.5, "r": 1.5}, "geometry": {"type": "Point", "coordinates": [393743.8, 5669537.8]}}, {"type": "Feature", "properties": {"h": 6.4, "r": 1.4}, "geometry": {"type": "Point", "coordinates": [392892.2, 5669370.2]}}, {"type": "Feature", "properties": {"h": 4.6, "r": 1.4}, "geometry": {"type": "Point", "coordinates": [392587.2, 5669003.2]}}, {"type": "Feature", "properties": {"h": 5.1, "r": 1.6}, "geometry": {"type": "Point", "coordinates": [393823.8, 5669187.2]}}, {"type": "Feature", "properties": {"h": 6.1, "r": 1.1}, "geometry": {"type": "Point", "coordinates": [393595.8, 5668088.8]}}, {"type": "Feature", "properties": {"h": 5.9, "r": 1.0}, "geometry": {"type": "Point", "coordinates": [393562.2, 5669986.8]}}, {"type": "Feature", "properties": {"h": 6.3, "r": 1.5}, "geometry": {"type": "Point", "coordinates": [392278.2, 5668934.8]}}, {"type": "Feature", "properties": {"h": 6.4, "r": 1.0}, "geometry": {"type": "Point", "coordinates": [392420.2, 5669628.2]}}, {"type": "Feature", "properties": {"h": 5.0, "r": 1.8}, "geometry": {"type": "Point", "coordinates": [392352.2, 5668279.8]}}, {"type": "Feature", "properties": {"h": 5.9, "r": 1.0}, "geometry": {"type": "Point", "coordinates": [393323.2, 5668600.2]}}, {"type": "Feature", "properties": {"h": 6.7, "r": 1.4}, "geometry": {"type": "Point", "coordinates": [393666.8, 5669931.2]}}, {"type": "Feature", "properties": {"h": 5.1, "r": 1.0}, "geometry": {"type": "Point", "coordinates": [392137.2, 5669593.8]}}, {"type": "Feature", "properties": {"h": 8.1, "r": 1.0}, "geometry": {"type": "Point", "coordinates": [392842.2, 5669032.8]}}, {"type": "Feature", "properties": {"h": 5.7, "r": 1.5}, "geometry": {"type": "Point", "coordinates": [392231.2, 5669954.8]}}, {"type": "Feature", "properties": {"h": 6.4, "r": 1.0}, "geometry": {"type": "Point", "coordinates": [393401.2, 5668229.2]}}, {"type": "Feature", "properties": {"h": 5.9, "r": 1.1}, "geometry": {"type": "Point", "coordinates": [392356.2, 5668186.8]}}, {"type": "Feature", "properties": {"h": 6.0, "r": 1.1}, "geometry": {"type": "Point", "coordinates": [392736.8, 5668867.8]}}, {"type": "Feature", "properties": {"h": 4.7, "r": 2.0}, "geometry": {"type": "Point", "coordinates": [392392.8, 5668306.8]}}, {"type": "Feature", "properties": {"h": 4.3, "r": 1.5}, "geometry": {"type": "Point", "coordinates": [392275.8, 5668471.2]}}, {"type": "Feature", "properties": {"h": 4.8, "r": 2.0}, "geometry": {"type": "Point", "coordinates": [393058.8, 5669706.2]}}, {"type": "Feature", "properties": {"h": 6.2, "r": 1.1}, "geometry": {"type": "Point", "coordinates": [392135.8, 5669286.2]}}, {"type": "Feature", "properties": {"h": 5.2, "r": 2.0}, "geometry": {"type": "Point", "coordinates": [393830.2, 5669256.8]}}, {"type": "Feature", "properties": {"h": 5.5, "r": 1.6}, "geometry": {"type": "Point", "coordinates": [392156.8, 5668538.2]}}, {"type": "Feature", "properties": {"h": 4.3, "r": 1.4}, "geometry": {"type": "Point", "coordinates": [393279.8, 5668786.8]}}, {"type": "Feature", "properties": {"h": 5.5, "r": 1.5}, "geometry": {"type": "Point", "coordinates": [392540.2, 5669894.2]}}, {"type": "Feature", "properties": {"h": 5.5, "r": 1.4}, "geometry": {"type": "Point", "coordinates": [393205.2, 5668414.8]}}, {"type": "Feature", "properties": {"h": 5.6, "r": 1.8}, "geometry": {"type": "Point", "coordinates": [393206.8, 5668170.2]}}, {"type": "Feature", "properties": {"h": 6.1, "r": 1.0}, "geometry": {"type": "Point", "coordinates": [392097.8, 5668219.2]}}, {"type": "Feature", "properties": {"h": 4.5, "r": 1.1}, "geometry": {"type": "Point", "coordinates": [392512.8, 5668860.2]}}, {"type": "Feature", "properties": {"h": 8.4, "r": 1.0}, "geometry": {"type": "Point", "coordinates": [392820.2, 5668271.2]}}, {"type": "Feature", "properties": {"h": 5.0, "r": 1.6}, "geometry": {"type": "Point", "coordinates": [392794.8, 5669856.8]}}, {"type": "Feature", "properties": {"h": 4.9, "r": 2.5}, "geometry": {"type": "Point", "coordinates": [392227.2, 5668608.8]}}, {"type": "Feature", "properties": {"h": 7.4, "r": 1.5}, "geometry": {"type": "Point", "coordinates": [393963.2, 5669663.8]}}, {"type": "Feature", "properties": {"h": 4.5, "r": 1.6}, "geometry": {"type": "Point", "coordinates": [393081.8, 5668967.2]}}, {"type": "Feature", "properties": {"h": 4.5, "r": 1.8}, "geometry": {"type": "Point", "coordinates": [392005.2, 5669218.8]}}, {"type": "Feature", "properties": {"h": 6.4, "r": 1.1}, "geometry": {"type": "Point", "coordinates": [393219.2, 5668518.8]}}, {"type": "Feature", "properties": {"h": 5.9, "r": 1.6}, "geometry": {"type": "Point", "coordinates": [392103.2, 5668462.2]}}, {"type": "Feature", "properties": {"h": 5.2, "r": 1.5}, "geometry": {"type": "Point", "coordinates": [393823.8, 5669208.8]}}, {"type": "Feature", "properties": {"h": 5.3, "r": 1.1}, "geometry": {"type": "Point", "coordinates": [393874.2, 5668539.2]}}, {"type": "Feature", "properties": {"h": 6.9, "r": 1.1}, "geometry": {"type": "Point", "coordinates": [392399.8, 5668300.2]}}, {"type": "Feature", "properties": {"h": 6.1, "r": 1.1}, "geometry": {"type": "Point", "coordinates": [393491.8, 5669712.2]}}, {"type": "Feature", "properties": {"h": 5.3, "r": 1.4}, "geometry": {"type": "Point", "coordinates": [392139.2, 5669340.2]}}, {"type": "Feature", "properties": {"h": 5.6, "r": 1.1}, "geometry": {"type": "Point", "coordinates": [393001.8, 5669889.2]}}, {"type": "Feature", "properties": {"h": 11.3, "r": 1.0}, "geometry": {"type": "Point", "coordinates": [393630.8, 5669929.2]}}, {"type": "Feature", "properties": {"h": 5.4, "r": 1.6}, "geometry": {"type": "Point", "coordinates": [392074.2, 5669109.8]}}, {"type": "Feature", "properties": {"h": 5.7, "r": 1.8}, "geometry": {"type": "Point", "coordinates": [392143.8, 5669346.2]}}, {"type": "Feature", "properties": {"h": 11.3, "r": 1.0}, "geometry": {"type": "Point", "coordinates": [393624.2, 5669930.8]}}, {"type": "Feature", "properties": {"h": 6.4, "r": 1.0}, "geometry": {"type": "Point", "coordinates": [392622.8, 5669176.8]}}, {"type": "Feature", "properties": {"h": 6.6, "r": 1.1}, "geometry": {"type": "Point", "coordinates": [392921.8, 5669444.8]}}, {"type": "Feature", "properties": {"h": 11.3, "r": 1.0}, "geometry": {"type": "Point", "coordinates": [393620.8, 5669931.8]}}, {"type": "Feature", "properties": {"h": 5.5, "r": 1.8}, "geometry": {"type": "Point", "coordinates": [393507.8, 5669753.8]}}, {"type": "Feature", "properties": {"h": 11.2, "r": 1.0}, "geometry": {"type": "Point", "coordinates": [393594.2, 5669960.2]}}, {"type": "Feature", "properties": {"h": 7.2, "r": 1.4}, "geometry": {"type": "Point", "coordinates": [392498.2, 5669888.8]}}, {"type": "Feature", "properties": {"h": 8.6, "r": 1.0}, "geometry": {"type": "Point", "coordinates": [392926.2, 5668922.2]}}, {"type": "Feature", "properties": {"h": 11.2, "r": 1.0}, "geometry": {"type": "Point", "coordinates": [393636.2, 5669928.2]}}, {"type": "Feature", "properties": {"h": 5.5, "r": 1.4}, "geometry": {"type": "Point", "coordinates": [393593.8, 5669578.8]}}, {"type": "Feature", "properties": {"h": 7.1, "r": 1.0}, "geometry": {"type": "Point", "coordinates": [392890.2, 5669443.2]}}, {"type": "Feature", "properties": {"h": 5.3, "r": 1.5}, "geometry": {"type": "Point", "coordinates": [393566.2, 5668057.8]}}, {"type": "Feature", "properties": {"h": 5.5, "r": 2.1}, "geometry": {"type": "Point", "coordinates": [393711.2, 5669051.2]}}, {"type": "Feature", "properties": {"h": 4.9, "r": 1.8}, "geometry": {"type": "Point", "coordinates": [392823.2, 5669368.8]}}, {"type": "Feature", "properties": {"h": 9.6, "r": 1.0}, "geometry": {"type": "Point", "coordinates": [393637.2, 5669741.2]}}, {"type": "Feature", "properties": {"h": 5.3, "r": 1.5}, "geometry": {"type": "Point", "coordinates": [393743.2, 5668505.8]}}, {"type": "Feature", "properties": {"h": 11.2, "r": 1.0}, "geometry": {"type": "Point", "coordinates": [393600.8, 5669958.8]}}, {"type": "Feature", "properties": {"h": 5.3, "r": 1.6}, "geometry": {"type": "Point", "coordinates": [393206.2, 5669525.8]}}, {"type": "Feature", "properties": {"h": 5.6, "r": 1.5}, "geometry": {"type": "Point", "coordinates": [392482.2, 5668245.8]}}, {"type": "Feature", "properties": {"h": 4.5, "r": 1.6}, "geometry": {"type": "Point", "coordinates": [393674.2, 5669689.2]}}, {"type": "Feature", "properties": {"h": 5.5, "r": 1.1}, "geometry": {"type": "Point", "coordinates": [392080.2, 5668106.8]}}, {"type": "Feature", "properties": {"h": 5.2, "r": 1.8}, "geometry": {"type": "Point", "coordinates": [393596.8, 5668069.2]}}, {"type": "Feature", "properties": {"h": 7.1, "r": 1.0}, "geometry": {"type": "Point", "coordinates": [392711.8, 5669092.2]}}, {"type": "Feature", "properties": {"h": 4.9, "r": 2.1}, "geometry": {"type": "Point", "coordinates": [392060.2, 5668733.8]}}, {"type": "Feature", "properties": {"h": 5.8, "r": 1.6}, "geometry": {"type": "Point", "coordinates": [392298.2, 5669375.2]}}, {"type": "Feature", "properties": {"h": 4.7, "r": 1.4}, "geometry": {"type": "Point", "coordinates": [392933.2, 5669139.8]}}, {"type": "Feature", "properties": {"h": 5.3, "r": 1.1}, "geometry": {"type": "Point", "coordinates": [392113.8, 5669274.8]}}, {"type": "Feature", "properties": {"h": 6.4, "r": 1.5}, "geometry": {"type": "Point", "coordinates": [392113.8, 5668855.8]}}, {"type": "Feature", "properties": {"h": 4.2, "r": 2.0}, "geometry": {"type": "Point", "coordinates": [393958.8, 5669405.8]}}, {"type": "Feature", "properties": {"h": 5.7, "r": 1.5}, "geometry": {"type": "Point", "coordinates": [392828.8, 5669233.8]}}, {"type": "Feature", "properties": {"h": 4.7, "r": 1.5}, "geometry": {"type": "Point", "coordinates": [393947.2, 5668130.8]}}, {"type": "Feature", "properties": {"h": 5.1, "r": 2.0}, "geometry": {"type": "Point", "coordinates": [392032.8, 5669692.2]}}, {"type": "Feature", "properties": {"h": 4.9, "r": 1.4}, "geometry": {"type": "Point", "coordinates": [393715.8, 5669335.2]}}, {"type": "Feature", "properties": {"h": 4.9, "r": 2.0}, "geometry": {"type": "Point", "coordinates": [392173.2, 5669927.2]}}, {"type": "Feature", "properties": {"h": 5.4, "r": 1.1}, "geometry": {"type": "Point", "coordinates": [393563.8, 5668049.2]}}, {"type": "Feature", "properties": {"h": 6.8, "r": 1.0}, "geometry": {"type": "Point", "coordinates": [392154.2, 5668647.2]}}, {"type": "Feature", "properties": {"h": 6.1, "r": 1.0}, "geometry": {"type": "Point", "coordinates": [393860.8, 5669613.8]}}, {"type": "Feature", "properties": {"h": 5.1, "r": 2.2}, "geometry": {"type": "Point", "coordinates": [392636.2, 5668926.2]}}, {"type": "Feature", "properties": {"h": 4.7, "r": 1.4}, "geometry": {"type": "Point", "coordinates": [393953.8, 5668190.8]}}, {"type": "Feature", "properties": {"h": 5.1, "r": 1.8}, "geometry": {"type": "Point", "coordinates": [392273.2, 5668038.8]}}, {"type": "Feature", "properties": {"h": 5.2, "r": 1.6}, "geometry": {"type": "Point", "coordinates": [393674.8, 5669645.8]}}, {"type": "Feature", "properties": {"h": 5.5, "r": 1.5}, "geometry": {"type": "Point", "coordinates": [392768.8, 5669583.2]}}, {"type": "Feature", "properties": {"h": 4.7, "r": 1.8}, "geometry": {"type": "Point", "coordinates": [393631.8, 5668043.2]}}, {"type": "Feature", "properties": {"h": 6.2, "r": 1.1}, "geometry": {"type": "Point", "coordinates": [393391.8, 5668207.2]}}, {"type": "Feature", "properties": {"h": 5.4, "r": 1.4}, "geometry": {"type": "Point", "coordinates": [393169.8, 5669104.2]}}, {"type": "Feature", "properties": {"h": 5.3, "r": 1.6}, "geometry": {"type": "Point", "coordinates": [392659.8, 5669476.2]}}, {"type": "Feature", "properties": {"h": 5.8, "r": 1.1}, "geometry": {"type": "Point", "coordinates": [392946.2, 5669001.2]}}, {"type": "Feature", "properties": {"h": 5.7, "r": 1.4}, "geometry": {"type": "Point", "coordinates": [393039.8, 5668591.2]}}, {"type": "Feature", "properties": {"h": 6.2, "r": 1.0}, "geometry": {"type": "Point", "coordinates": [392226.2, 5669003.8]}}, {"type": "Feature", "properties": {"h": 5.1, "r": 1.5}, "geometry": {"type": "Point", "coordinates": [392502.8, 5669892.2]}}, {"type": "Feature", "properties": {"h": 5.0, "r": 1.8}, "geometry": {"type": "Point", "coordinates": [392785.8, 5669882.2]}}, {"type": "Feature", "properties": {"h": 5.6, "r": 1.6}, "geometry": {"type": "Point", "coordinates": [393596.2, 5669749.2]}}, {"type": "Feature", "properties": {"h": 7.3, "r": 1.0}, "geometry": {"type": "Point", "coordinates": [393174.2, 5669601.8]}}, {"type": "Feature", "properties": {"h": 4.8, "r": 2.0}, "geometry": {"type": "Point", "coordinates": [392324.2, 5669188.8]}}, {"type": "Feature", "properties": {"h": 5.0, "r": 2.5}, "geometry": {"type": "Point", "coordinates": [393825.2, 5668885.2]}}, {"type": "Feature", "properties": {"h": 5.4, "r": 1.4}, "geometry": {"type": "Point", "coordinates": [393165.2, 5668152.8]}}, {"type": "Feature", "properties": {"h": 4.8, "r": 2.0}, "geometry": {"type": "Point", "coordinates": [393919.2, 5669592.2]}}, {"type": "Feature", "properties": {"h": 5.1, "r": 1.5}, "geometry": {"type": "Point", "coordinates": [392143.8, 5669351.8]}}, {"type": "Feature", "properties": {"h": 5.7, "r": 1.4}, "geometry": {"type": "Point", "coordinates": [392111.8, 5668047.8]}}, {"type": "Feature", "properties": {"h": 5.4, "r": 1.4}, "geometry": {"type": "Point", "coordinates": [393287.2, 5668445.2]}}, {"type": "Feature", "properties": {"h": 5.3, "r": 2.1}, "geometry": {"type": "Point", "coordinates": [393459.2, 5669789.8]}}, {"type": "Feature", "properties": {"h": 5.7, "r": 1.4}, "geometry": {"type": "Point", "coordinates": [392919.2, 5669280.2]}}, {"type": "Feature", "properties": {"h": 5.5, "r": 1.1}, "geometry": {"type": "Point", "coordinates": [393977.8, 5668357.2]}}, {"type": "Feature", "properties": {"h": 5.8, "r": 1.6}, "geometry": {"type": "Point", "coordinates": [392935.2, 5669281.8]}}, {"type": "Feature", "properties": {"h": 5.2, "r": 2.1}, "geometry": {"type": "Point", "coordinates": [392217.8, 5668845.8]}}, {"type": "Feature", "properties": {"h": 5.0, "r": 1.8}, "geometry": {"type": "Point", "coordinates": [393084.8, 5668716.8]}}, {"type": "Feature", "properties": {"h": 6.4, "r": 1.0}, "geometry": {"type": "Point", "coordinates": [393706.2, 5669332.8]}}, {"type": "Feature", "properties": {"h": 4.7, "r": 2.5}, "geometry": {"type": "Point", "coordinates": [393068.8, 5669715.2]}}, {"type": "Feature", "properties": {"h": 9.0, "r": 1.0}, "geometry": {"type": "Point", "coordinates": [392668.2, 5668900.8]}}, {"type": "Feature", "properties": {"h": 5.6, "r": 1.6}, "geometry": {"type": "Point", "coordinates": [393974.2, 5669664.2]}}, {"type": "Feature", "properties": {"h": 5.3, "r": 1.4}, "geometry": {"type": "Point", "coordinates": [393218.8, 5668838.8]}}, {"type": "Feature", "properties": {"h": 5.3, "r": 1.5}, "geometry": {"type": "Point", "coordinates": [392208.8, 5668540.2]}}, {"type": "Feature", "properties": {"h": 5.2, "r": 1.8}, "geometry": {"type": "Point", "coordinates": [393394.2, 5668229.8]}}, {"type": "Feature", "properties": {"h": 4.4, "r": 2.7}, "geometry": {"type": "Point", "coordinates": [392109.2, 5668415.8]}}, {"type": "Feature", "properties": {"h": 4.9, "r": 1.8}, "geometry": {"type": "Point", "coordinates": [392276.2, 5668572.8]}}, {"type": "Feature", "properties": {"h": 6.3, "r": 1.5}, "geometry": {"type": "Point", "coordinates": [393432.2, 5668377.2]}}, {"type": "Feature", "properties": {"h": 5.6, "r": 1.6}, "geometry": {"type": "Point", "coordinates": [393632.2, 5669716.2]}}, {"type": "Feature", "properties": {"h": 6.2, "r": 1.0}, "geometry": {"type": "Point", "coordinates": [392457.2, 5668246.8]}}, {"type": "Feature", "properties": {"h": 4.6, "r": 1.4}, "geometry": {"type": "Point", "coordinates": [392524.2, 5668486.8]}}, {"type": "Feature", "properties": {"h": 5.2, "r": 1.5}, "geometry": {"type": "Point", "coordinates": [392152.2, 5668537.2]}}, {"type": "Feature", "properties": {"h": 4.8, "r": 1.8}, "geometry": {"type": "Point", "coordinates": [392806.2, 5669868.2]}}, {"type": "Feature", "properties": {"h": 4.8, "r": 1.8}, "geometry": {"type": "Point", "coordinates": [393904.2, 5668287.8]}}, {"type": "Feature", "properties": {"h": 5.0, "r": 1.5}, "geometry": {"type": "Point", "coordinates": [393158.8, 5669314.2]}}, {"type": "Feature", "properties": {"h": 6.3, "r": 1.0}, "geometry": {"type": "Point", "coordinates": [392548.8, 5668773.2]}}, {"type": "Feature", "properties": {"h": 5.6, "r": 1.8}, "geometry": {"type": "Point", "coordinates": [393419.2, 5668424.2]}}, {"type": "Feature", "properties": {"h": 6.4, "r": 1.4}, "geometry": {"type": "Point", "coordinates": [393195.2, 5668851.8]}}, {"type": "Feature", "properties": {"h": 4.8, "r": 2.0}, "geometry": {"type": "Point", "coordinates": [393463.2, 5669718.2]}}, {"type": "Feature", "properties": {"h": 5.4, "r": 1.4}, "geometry": {"type": "Point", "coordinates": [392761.2, 5669398.8]}}, {"type": "Feature", "properties": {"h": 4.9, "r": 1.4}, "geometry": {"type": "Point", "coordinates": [392915.2, 5669908.8]}}, {"type": "Feature", "properties": {"h": 5.4, "r": 1.6}, "geometry": {"type": "Point", "coordinates": [392272.8, 5669421.2]}}, {"type": "Feature", "properties": {"h": 4.2, "r": 1.6}, "geometry": {"type": "Point", "coordinates": [393389.2, 5668193.2]}}, {"type": "Feature", "properties": {"h": 4.9, "r": 1.6}, "geometry": {"type": "Point", "coordinates": [393240.8, 5668540.2]}}, {"type": "Feature", "properties": {"h": 5.9, "r": 1.0}, "geometry": {"type": "Point", "coordinates": [393442.2, 5668901.8]}}, {"type": "Feature", "properties": {"h": 4.7, "r": 1.4}, "geometry": {"type": "Point", "coordinates": [393068.8, 5669199.2]}}, {"type": "Feature", "properties": {"h": 11.3, "r": 1.0}, "geometry": {"type": "Point", "coordinates": [393627.8, 5669952.8]}}, {"type": "Feature", "properties": {"h": 4.3, "r": 1.4}, "geometry": {"type": "Point", "coordinates": [392337.2, 5669089.8]}}, {"type": "Feature", "properties": {"h": 11.3, "r": 1.0}, "geometry": {"type": "Point", "coordinates": [393588.2, 5669938.8]}}, {"type": "Feature", "properties": {"h": 6.2, "r": 1.1}, "geometry": {"type": "Point", "coordinates": [393630.8, 5669922.8]}}, {"type": "Feature", "properties": {"h": 3.7, "r": 1.5}, "geometry": {"type": "Point", "coordinates": [393979.2, 5669664.8]}}, {"type": "Feature", "properties": {"h": 5.9, "r": 1.6}, "geometry": {"type": "Point", "coordinates": [392536.2, 5669963.8]}}, {"type": "Feature", "properties": {"h": 5.8, "r": 1.0}, "geometry": {"type": "Point", "coordinates": [392913.2, 5669119.8]}}, {"type": "Feature", "properties": {"h": 4.5, "r": 1.1}, "geometry": {"type": "Point", "coordinates": [393927.8, 5669291.8]}}, {"type": "Feature", "properties": {"h": 6.1, "r": 1.1}, "geometry": {"type": "Point", "coordinates": [393965.8, 5669669.2]}}, {"type": "Feature", "properties": {"h": 6.4, "r": 1.0}, "geometry": {"type": "Point", "coordinates": [393687.2, 5669760.2]}}, {"type": "Feature", "properties": {"h": 5.1, "r": 1.8}, "geometry": {"type": "Point", "coordinates": [392175.8, 5668154.8]}}, {"type": "Feature", "properties": {"h": 5.0, "r": 1.6}, "geometry": {"type": "Point", "coordinates": [393503.8, 5669453.8]}}, {"type": "Feature", "properties": {"h": 5.3, "r": 1.4}, "geometry": {"type": "Point", "coordinates": [393425.8, 5668116.2]}}, {"type": "Feature", "properties": {"h": 5.3, "r": 1.5}, "geometry": {"type": "Point", "coordinates": [392042.2, 5668235.2]}}, {"type": "Feature", "properties": {"h": 5.4, "r": 1.4}, "geometry": {"type": "Point", "coordinates": [392462.2, 5669891.2]}}, {"type": "Feature", "properties": {"h": 5.2, "r": 1.6}, "geometry": {"type": "Point", "coordinates": [392226.8, 5668211.8]}}, {"type": "Feature", "properties": {"h": 3.8, "r": 1.0}, "geometry": {"type": "Point", "coordinates": [392067.8, 5669215.8]}}, {"type": "Feature", "properties": {"h": 5.2, "r": 1.8}, "geometry": {"type": "Point", "coordinates": [393026.2, 5668056.2]}}, {"type": "Feature", "properties": {"h": 5.3, "r": 1.6}, "geometry": {"type": "Point", "coordinates": [392221.2, 5668435.2]}}, {"type": "Feature", "properties": {"h": 5.9, "r": 1.5}, "geometry": {"type": "Point", "coordinates": [392010.2, 5669321.8]}}, {"type": "Feature", "properties": {"h": 6.4, "r": 1.0}, "geometry": {"type": "Point", "coordinates": [393259.2, 5668521.8]}}, {"type": "Feature", "properties": {"h": 5.8, "r": 1.1}, "geometry": {"type": "Point", "coordinates": [393291.8, 5669152.8]}}, {"type": "Feature", "properties": {"h": 5.3, "r": 2.2}, "geometry": {"type": "Point", "coordinates": [392691.8, 5668695.2]}}, {"type": "Feature", "properties": {"h": 5.2, "r": 1.8}, "geometry": {"type": "Point", "coordinates": [393201.8, 5669465.2]}}, {"type": "Feature", "properties": {"h": 5.7, "r": 1.6}, "geometry": {"type": "Point", "coordinates": [392314.8, 5669392.2]}}, {"type": "Feature", "properties": {"h": 5.4, "r": 1.6}, "geometry": {"type": "Point", "coordinates": [393418.2, 5668699.8]}}, {"type": "Feature", "properties": {"h": 5.7, "r": 1.0}, "geometry": {"type": "Point", "coordinates": [393423.8, 5668711.2]}}, {"type": "Feature", "properties": {"h": 9.6, "r": 1.0}, "geometry": {"type": "Point", "coordinates": [392455.8, 5668203.8]}}, {"type": "Feature", "properties": {"h": 5.7, "r": 1.5}, "geometry": {"type": "Point", "coordinates": [392249.2, 5669963.2]}}, {"type": "Feature", "properties": {"h": 4.5, "r": 1.8}, "geometry": {"type": "Point", "coordinates": [392282.8, 5668700.2]}}, {"type": "Feature", "properties": {"h": 4.7, "r": 1.8}, "geometry": {"type": "Point", "coordinates": [393580.2, 5668089.8]}}, {"type": "Feature", "properties": {"h": 5.2, "r": 1.8}, "geometry": {"type": "Point", "coordinates": [393491.8, 5668313.2]}}, {"type": "Feature", "properties": {"h": 4.6, "r": 1.0}, "geometry": {"type": "Point", "coordinates": [393832.8, 5669175.8]}}, {"type": "Feature", "properties": {"h": 5.7, "r": 1.0}, "geometry": {"type": "Point", "coordinates": [392867.8, 5669536.8]}}, {"type": "Feature", "properties": {"h": 5.2, "r": 1.4}, "geometry": {"type": "Point", "coordinates": [393465.8, 5669469.8]}}, {"type": "Feature", "properties": {"h": 5.0, "r": 1.4}, "geometry": {"type": "Point", "coordinates": [392984.8, 5668909.8]}}, {"type": "Feature", "properties": {"h": 6.6, "r": 1.0}, "geometry": {"type": "Point", "coordinates": [393117.8, 5669346.8]}}, {"type": "Feature", "properties": {"h": 5.3, "r": 1.5}, "geometry": {"type": "Point", "coordinates": [392072.8, 5669160.2]}}, {"type": "Feature", "properties": {"h": 4.7, "r": 1.0}, "geometry": {"type": "Point", "coordinates": [393823.8, 5668688.8]}}, {"type": "Feature", "properties": {"h": 5.2, "r": 1.4}, "geometry": {"type": "Point", "coordinates": [392566.8, 5668552.2]}}, {"type": "Feature", "properties": {"h": 5.5, "r": 2.0}, "geometry": {"type": "Point", "coordinates": [393295.2, 5669152.8]}}, {"type": "Feature", "properties": {"h": 5.4, "r": 1.4}, "geometry": {"type": "Point", "coordinates": [393305.2, 5669291.8]}}, {"type": "Feature", "properties": {"h": 5.0, "r": 1.5}, "geometry": {"type": "Point", "coordinates": [392680.2, 5669154.8]}}, {"type": "Feature", "properties": {"h": 4.8, "r": 1.1}, "geometry": {"type": "Point", "coordinates": [392868.8, 5669936.8]}}, {"type": "Feature", "properties": {"h": 4.6, "r": 2.0}, "geometry": {"type": "Point", "coordinates": [393063.8, 5669709.2]}}, {"type": "Feature", "properties": {"h": 4.7, "r": 1.5}, "geometry": {"type": "Point", "coordinates": [393265.2, 5669330.8]}}, {"type": "Feature", "properties": {"h": 5.3, "r": 1.4}, "geometry": {"type": "Point", "coordinates": [392889.2, 5669013.8]}}, {"type": "Feature", "properties": {"h": 4.8, "r": 1.6}, "geometry": {"type": "Point", "coordinates": [392479.2, 5668107.2]}}, {"type": "Feature", "properties": {"h": 5.1, "r": 1.6}, "geometry": {"type": "Point", "coordinates": [392952.2, 5669150.8]}}, {"type": "Feature", "properties": {"h": 5.5, "r": 1.8}, "geometry": {"type": "Point", "coordinates": [392589.2, 5669364.2]}}, {"type": "Feature", "properties": {"h": 3.9, "r": 1.0}, "geometry": {"type": "Point", "coordinates": [393468.2, 5668553.8]}}, {"type": "Feature", "properties": {"h": 5.1, "r": 1.8}, "geometry": {"type": "Point", "coordinates": [393401.2, 5668774.8]}}, {"type": "Feature", "properties": {"h": 5.1, "r": 1.6}, "geometry": {"type": "Point", "coordinates": [392092.8, 5668433.2]}}, {"type": "Feature", "properties": {"h": 4.8, "r": 1.8}, "geometry": {"type": "Point", "coordinates": [392132.8, 5668139.8]}}, {"type": "Feature", "properties": {"h": 5.7, "r": 1.4}, "geometry": {"type": "Point", "coordinates": [393234.8, 5668544.2]}}, {"type": "Feature", "properties": {"h": 5.0, "r": 1.8}, "geometry": {"type": "Point", "coordinates": [392031.2, 5668205.8]}}, {"type": "Feature", "properties": {"h": 5.4, "r": 1.5}, "geometry": {"type": "Point", "coordinates": [392512.2, 5669929.2]}}, {"type": "Feature", "properties": {"h": 4.1, "r": 2.0}, "geometry": {"type": "Point", "coordinates": [393103.2, 5669799.8]}}, {"type": "Feature", "properties": {"h": 6.0, "r": 1.8}, "geometry": {"type": "Point", "coordinates": [392130.2, 5669293.8]}}, {"type": "Feature", "properties": {"h": 4.8, "r": 1.0}, "geometry": {"type": "Point", "coordinates": [392539.8, 5669181.8]}}, {"type": "Feature", "properties": {"h": 4.8, "r": 1.6}, "geometry": {"type": "Point", "coordinates": [392752.2, 5668066.2]}}, {"type": "Feature", "properties": {"h": 3.4, "r": 1.5}, "geometry": {"type": "Point", "coordinates": [392527.2, 5669858.2]}}, {"type": "Feature", "properties": {"h": 7.3, "r": 1.1}, "geometry": {"type": "Point", "coordinates": [392273.8, 5668005.2]}}, {"type": "Feature", "properties": {"h": 5.0, "r": 1.8}, "geometry": {"type": "Point", "coordinates": [392997.2, 5669969.2]}}, {"type": "Feature", "properties": {"h": 5.2, "r": 1.4}, "geometry": {"type": "Point", "coordinates": [393177.2, 5668093.8]}}, {"type": "Feature", "properties": {"h": 3.5, "r": 1.4}, "geometry": {"type": "Point", "coordinates": [392924.8, 5669079.2]}}, {"type": "Feature", "properties": {"h": 5.0, "r": 1.5}, "geometry": {"type": "Point", "coordinates": [393726.8, 5669666.2]}}, {"type": "Feature", "properties": {"h": 5.6, "r": 1.1}, "geometry": {"type": "Point", "coordinates": [392147.2, 5669264.8]}}, {"type": "Feature", "properties": {"h": 4.9, "r": 1.4}, "geometry": {"type": "Point", "coordinates": [393638.2, 5668046.2]}}, {"type": "Feature", "properties": {"h": 5.6, "r": 1.0}, "geometry": {"type": "Point", "coordinates": [392885.2, 5668582.8]}}, {"type": "Feature", "properties": {"h": 5.8, "r": 1.1}, "geometry": {"type": "Point", "coordinates": [392229.8, 5669342.2]}}, {"type": "Feature", "properties": {"h": 5.7, "r": 1.4}, "geometry": {"type": "Point", "coordinates": [392263.2, 5669092.8]}}, {"type": "Feature", "properties": {"h": 6.1, "r": 1.1}, "geometry": {"type": "Point", "coordinates": [393846.8, 5669277.2]}}, {"type": "Feature", "properties": {"h": 5.9, "r": 1.1}, "geometry": {"type": "Point", "coordinates": [392513.8, 5669902.2]}}, {"type": "Feature", "properties": {"h": 6.6, "r": 1.4}, "geometry": {"type": "Point", "coordinates": [392694.8, 5668119.2]}}, {"type": "Feature", "properties": {"h": 4.8, "r": 1.8}, "geometry": {"type": "Point", "coordinates": [392010.8, 5669743.8]}}, {"type": "Feature", "properties": {"h": 5.3, "r": 1.1}, "geometry": {"type": "Point", "coordinates": [393761.8, 5669979.8]}}, {"type": "Feature", "properties": {"h": 5.5, "r": 1.4}, "geometry": {"type": "Point", "coordinates": [393473.8, 5668297.8]}}, {"type": "Feature", "properties": {"h": 5.3, "r": 1.4}, "geometry": {"type": "Point", "coordinates": [392575.8, 5669424.2]}}, {"type": "Feature", "properties": {"h": 6.3, "r": 1.0}, "geometry": {"type": "Point", "coordinates": [392082.2, 5668858.2]}}, {"type": "Feature", "properties": {"h": 5.2, "r": 2.0}, "geometry": {"type": "Point", "coordinates": [392245.8, 5669200.2]}}, {"type": "Feature", "properties": {"h": 5.6, "r": 1.1}, "geometry": {"type": "Point", "coordinates": [393302.8, 5668048.2]}}, {"type": "Feature", "properties": {"h": 4.8, "r": 1.8}, "geometry": {"type": "Point", "coordinates": [393246.8, 5669290.8]}}, {"type": "Feature", "properties": {"h": 4.3, "r": 2.0}, "geometry": {"type": "Point", "coordinates": [392640.8, 5669437.2]}}, {"type": "Feature", "properties": {"h": 8.7, "r": 1.0}, "geometry": {"type": "Point", "coordinates": [392202.8, 5668357.8]}}, {"type": "Feature", "properties": {"h": 5.1, "r": 2.0}, "geometry": {"type": "Point", "coordinates": [393839.2, 5669426.8]}}, {"type": "Feature", "properties": {"h": 4.5, "r": 1.0}, "geometry": {"type": "Point", "coordinates": [393339.8, 5668196.2]}}, {"type": "Feature", "properties": {"h": 8.3, "r": 1.0}, "geometry": {"type": "Point", "coordinates": [392739.2, 5669316.8]}}, {"type": "Feature", "properties": {"h": 5.1, "r": 1.5}, "geometry": {"type": "Point", "coordinates": [393123.8, 5668030.8]}}, {"type": "Feature", "properties": {"h": 5.0, "r": 1.4}, "geometry": {"type": "Point", "coordinates": [392806.8, 5668924.8]}}, {"type": "Feature", "properties": {"h": 5.5, "r": 1.5}, "geometry": {"type": "Point", "coordinates": [392156.2, 5668053.2]}}, {"type": "Feature", "properties": {"h": 5.6, "r": 1.4}, "geometry": {"type": "Point", "coordinates": [392642.2, 5669249.8]}}, {"type": "Feature", "properties": {"h": 4.3, "r": 2.2}, "geometry": {"type": "Point", "coordinates": [392149.2, 5668166.2]}}, {"type": "Feature", "properties": {"h": 5.3, "r": 1.4}, "geometry": {"type": "Point", "coordinates": [392253.8, 5668016.8]}}, {"type": "Feature", "properties": {"h": 5.4, "r": 1.4}, "geometry": {"type": "Point", "coordinates": [392747.8, 5669188.8]}}, {"type": "Feature", "properties": {"h": 5.1, "r": 1.8}, "geometry": {"type": "Point", "coordinates": [393877.8, 5668512.2]}}, {"type": "Feature", "properties": {"h": 4.7, "r": 1.4}, "geometry": {"type": "Point", "coordinates": [392336.8, 5668535.8]}}, {"type": "Feature", "properties": {"h": 5.2, "r": 1.6}, "geometry": {"type": "Point", "coordinates": [393322.2, 5668551.2]}}, {"type": "Feature", "properties": {"h": 5.9, "r": 1.4}, "geometry": {"type": "Point", "coordinates": [392124.8, 5668371.8]}}, {"type": "Feature", "properties": {"h": 6.6, "r": 1.1}, "geometry": {"type": "Point", "coordinates": [393000.8, 5669286.2]}}, {"type": "Feature", "properties": {"h": 5.5, "r": 1.4}, "geometry": {"type": "Point", "coordinates": [392723.2, 5668727.8]}}, {"type": "Feature", "properties": {"h": 4.7, "r": 1.6}, "geometry": {"type": "Point", "coordinates": [392662.2, 5668932.8]}}, {"type": "Feature", "properties": {"h": 6.4, "r": 1.0}, "geometry": {"type": "Point", "coordinates": [392125.2, 5668216.2]}}, {"type": "Feature", "properties": {"h": 5.4, "r": 1.5}, "geometry": {"type": "Point", "coordinates": [393152.2, 5668068.2]}}, {"type": "Feature", "properties": {"h": 4.3, "r": 1.5}, "geometry": {"type": "Point", "coordinates": [392287.8, 5668006.8]}}, {"type": "Feature", "properties": {"h": 4.0, "r": 2.5}, "geometry": {"type": "Point", "coordinates": [393053.8, 5669840.2]}}, {"type": "Feature", "properties": {"h": 4.9, "r": 1.8}, "geometry": {"type": "Point", "coordinates": [392688.2, 5668897.2]}}, {"type": "Feature", "properties": {"h": 4.6, "r": 1.8}, "geometry": {"type": "Point", "coordinates": [392154.2, 5668169.2]}}, {"type": "Feature", "properties": {"h": 5.4, "r": 1.5}, "geometry": {"type": "Point", "coordinates": [393114.8, 5668469.8]}}, {"type": "Feature", "properties": {"h": 5.3, "r": 1.8}, "geometry": {"type": "Point", "coordinates": [393046.8, 5669663.8]}}, {"type": "Feature", "properties": {"h": 5.0, "r": 1.8}, "geometry": {"type": "Point", "coordinates": [393636.8, 5669789.2]}}, {"type": "Feature", "properties": {"h": 4.6, "r": 1.8}, "geometry": {"type": "Point", "coordinates": [393821.2, 5669560.2]}}, {"type": "Feature", "properties": {"h": 5.1, "r": 1.4}, "geometry": {"type": "Point", "coordinates": [393029.2, 5669491.2]}}, {"type": "Feature", "properties": {"h": 4.6, "r": 1.8}, "geometry": {"type": "Point", "coordinates": [392276.8, 5668600.8]}}, {"type": "Feature", "properties": {"h": 4.2, "r": 1.6}, "geometry": {"type": "Point", "coordinates": [393385.2, 5668465.8]}}, {"type": "Feature", "properties": {"h": 5.0, "r": 1.1}, "geometry": {"type": "Point", "coordinates": [393292.8, 5668577.8]}}, {"type": "Feature", "properties": {"h": 5.6, "r": 1.5}, "geometry": {"type": "Point", "coordinates": [392097.8, 5668737.8]}}, {"type": "Feature", "properties": {"h": 4.2, "r": 1.8}, "geometry": {"type": "Point", "coordinates": [393427.2, 5668530.8]}}, {"type": "Feature", "properties": {"h": 5.2, "r": 1.8}, "geometry": {"type": "Point", "coordinates": [393901.8, 5668121.8]}}, {"type": "Feature", "properties": {"h": 5.7, "r": 1.5}, "geometry": {"type": "Point", "coordinates": [393816.2, 5669749.2]}}, {"type": "Feature", "properties": {"h": 5.1, "r": 1.6}, "geometry": {"type": "Point", "coordinates": [393893.8, 5669409.8]}}, {"type": "Feature", "properties": {"h": 4.2, "r": 1.8}, "geometry": {"type": "Point", "coordinates": [393499.2, 5668509.2]}}, {"type": "Feature", "properties": {"h": 5.5, "r": 1.4}, "geometry": {"type": "Point", "coordinates": [392661.8, 5669453.2]}}, {"type": "Feature", "properties": {"h": 4.9, "r": 1.5}, "geometry": {"type": "Point", "coordinates": [392389.2, 5668283.2]}}, {"type": "Feature", "properties": {"h": 7.8, "r": 1.0}, "geometry": {"type": "Point", "coordinates": [393935.8, 5669273.2]}}, {"type": "Feature", "properties": {"h": 5.2, "r": 1.6}, "geometry": {"type": "Point", "coordinates": [392739.8, 5669224.8]}}, {"type": "Feature", "properties": {"h": 4.8, "r": 1.1}, "geometry": {"type": "Point", "coordinates": [392856.2, 5668585.2]}}, {"type": "Feature", "properties": {"h": 5.9, "r": 1.4}, "geometry": {"type": "Point", "coordinates": [392207.8, 5668532.8]}}, {"type": "Feature", "properties": {"h": 4.7, "r": 1.4}, "geometry": {"type": "Point", "coordinates": [392532.2, 5668181.2]}}, {"type": "Feature", "properties": {"h": 5.1, "r": 1.6}, "geometry": {"type": "Point", "coordinates": [392451.8, 5668668.2]}}, {"type": "Feature", "properties": {"h": 5.4, "r": 1.5}, "geometry": {"type": "Point", "coordinates": [392460.8, 5669471.2]}}, {"type": "Feature", "properties": {"h": 4.8, "r": 2.0}, "geometry": {"type": "Point", "coordinates": [392183.2, 5668759.2]}}, {"type": "Feature", "properties": {"h": 4.7, "r": 1.5}, "geometry": {"type": "Point", "coordinates": [392016.8, 5669752.8]}}, {"type": "Feature", "properties": {"h": 5.2, "r": 1.5}, "geometry": {"type": "Point", "coordinates": [392510.8, 5669906.2]}}, {"type": "Feature", "properties": {"h": 5.0, "r": 1.6}, "geometry": {"type": "Point", "coordinates": [392293.8, 5668471.2]}}, {"type": "Feature", "properties": {"h": 5.2, "r": 1.0}, "geometry": {"type": "Point", "coordinates": [393757.2, 5669445.2]}}, {"type": "Feature", "properties": {"h": 6.1, "r": 1.1}, "geometry": {"type": "Point", "coordinates": [393153.2, 5669069.8]}}, {"type": "Feature", "properties": {"h": 4.9, "r": 1.6}, "geometry": {"type": "Point", "coordinates": [392522.2, 5668527.2]}}, {"type": "Feature", "properties": {"h": 6.1, "r": 1.0}, "geometry": {"type": "Point", "coordinates": [393046.2, 5668001.2]}}, {"type": "Feature", "properties": {"h": 5.1, "r": 1.6}, "geometry": {"type": "Point", "coordinates": [392158.8, 5668417.2]}}, {"type": "Feature", "properties": {"h": 3.9, "r": 1.1}, "geometry": {"type": "Point", "coordinates": [392272.8, 5669368.2]}}, {"type": "Feature", "properties": {"h": 5.2, "r": 1.5}, "geometry": {"type": "Point", "coordinates": [392759.2, 5669566.8]}}, {"type": "Feature", "properties": {"h": 5.6, "r": 1.4}, "geometry": {"type": "Point", "coordinates": [392670.2, 5669347.2]}}, {"type": "Feature", "properties": {"h": 5.4, "r": 1.1}, "geometry": {"type": "Point", "coordinates": [392878.8, 5669920.2]}}, {"type": "Feature", "properties": {"h": 6.3, "r": 1.0}, "geometry": {"type": "Point", "coordinates": [393361.2, 5668360.2]}}, {"type": "Feature", "properties": {"h": 4.6, "r": 1.5}, "geometry": {"type": "Point", "coordinates": [392830.8, 5669183.2]}}, {"type": "Feature", "properties": {"h": 4.8, "r": 1.5}, "geometry": {"type": "Point", "coordinates": [393828.8, 5669704.2]}}, {"type": "Feature", "properties": {"h": 4.6, "r": 1.8}, "geometry": {"type": "Point", "coordinates": [392086.2, 5668435.8]}}, {"type": "Feature", "properties": {"h": 4.5, "r": 1.4}, "geometry": {"type": "Point", "coordinates": [393521.8, 5669291.8]}}, {"type": "Feature", "properties": {"h": 5.1, "r": 1.0}, "geometry": {"type": "Point", "coordinates": [392366.8, 5669363.2]}}, {"type": "Feature", "properties": {"h": 5.9, "r": 1.1}, "geometry": {"type": "Point", "coordinates": [392730.8, 5669022.2]}}, {"type": "Feature", "properties": {"h": 5.5, "r": 1.4}, "geometry": {"type": "Point", "coordinates": [393346.2, 5669089.2]}}, {"type": "Feature", "properties": {"h": 4.5, "r": 1.8}, "geometry": {"type": "Point", "coordinates": [393082.2, 5669731.2]}}, {"type": "Feature", "properties": {"h": 5.0, "r": 1.0}, "geometry": {"type": "Point", "coordinates": [393980.2, 5668556.8]}}, {"type": "Feature", "properties": {"h": 6.3, "r": 1.0}, "geometry": {"type": "Point", "coordinates": [393818.2, 5669252.2]}}, {"type": "Feature", "properties": {"h": 5.4, "r": 1.1}, "geometry": {"type": "Point", "coordinates": [392482.2, 5669813.2]}}, {"type": "Feature", "properties": {"h": 5.1, "r": 1.6}, "geometry": {"type": "Point", "coordinates": [392398.8, 5669780.8]}}, {"type": "Feature", "properties": {"h": 4.5, "r": 1.6}, "geometry": {"type": "Point", "coordinates": [393865.2, 5668167.2]}}, {"type": "Feature", "properties": {"h": 6.2, "r": 1.4}, "geometry": {"type": "Point", "coordinates": [393768.8, 5669157.2]}}, {"type": "Feature", "properties": {"h": 3.6, "r": 1.6}, "geometry": {"type": "Point", "coordinates": [392298.2, 5668031.8]}}, {"type": "Feature", "properties": {"h": 5.5, "r": 1.5}, "geometry": {"type": "Point", "coordinates": [392758.8, 5669832.8]}}, {"type": "Feature", "properties": {"h": 4.3, "r": 1.6}, "geometry": {"type": "Point", "coordinates": [392220.8, 5668197.8]}}, {"type": "Feature", "properties": {"h": 5.4, "r": 1.8}, "geometry": {"type": "Point", "coordinates": [392149.8, 5668639.8]}}, {"type": "Feature", "properties": {"h": 5.0, "r": 1.4}, "geometry": {"type": "Point", "coordinates": [393930.2, 5668628.2]}}, {"type": "Feature", "properties": {"h": 4.8, "r": 1.4}, "geometry": {"type": "Point", "coordinates": [392844.2, 5669570.2]}}, {"type": "Feature", "properties": {"h": 10.2, "r": 1.0}, "geometry": {"type": "Point", "coordinates": [393615.8, 5669840.2]}}, {"type": "Feature", "properties": {"h": 8.0, "r": 1.0}, "geometry": {"type": "Point", "coordinates": [392024.8, 5668360.2]}}, {"type": "Feature", "properties": {"h": 4.9, "r": 2.0}, "geometry": {"type": "Point", "coordinates": [393987.8, 5668547.8]}}, {"type": "Feature", "properties": {"h": 4.8, "r": 2.0}, "geometry": {"type": "Point", "coordinates": [393201.8, 5668327.2]}}, {"type": "Feature", "properties": {"h": 8.9, "r": 1.0}, "geometry": {"type": "Point", "coordinates": [392836.8, 5669364.8]}}, {"type": "Feature", "properties": {"h": 5.3, "r": 1.8}, "geometry": {"type": "Point", "coordinates": [392500.2, 5669147.8]}}, {"type": "Feature", "properties": {"h": 5.9, "r": 1.1}, "geometry": {"type": "Point", "coordinates": [393709.8, 5669062.8]}}, {"type": "Feature", "properties": {"h": 4.3, "r": 1.0}, "geometry": {"type": "Point", "coordinates": [393462.8, 5668271.2]}}, {"type": "Feature", "properties": {"h": 4.8, "r": 1.8}, "geometry": {"type": "Point", "coordinates": [392005.8, 5668633.2]}}, {"type": "Feature", "properties": {"h": 8.5, "r": 1.0}, "geometry": {"type": "Point", "coordinates": [393771.8, 5668961.2]}}, {"type": "Feature", "properties": {"h": 6.0, "r": 1.5}, "geometry": {"type": "Point", "coordinates": [393609.8, 5669889.2]}}, {"type": "Feature", "properties": {"h": 4.4, "r": 2.1}, "geometry": {"type": "Point", "coordinates": [393443.2, 5669765.2]}}, {"type": "Feature", "properties": {"h": 4.9, "r": 1.1}, "geometry": {"type": "Point", "coordinates": [392898.8, 5669521.2]}}, {"type": "Feature", "properties": {"h": 5.3, "r": 1.1}, "geometry": {"type": "Point", "coordinates": [393960.2, 5668548.2]}}, {"type": "Feature", "properties": {"h": 4.7, "r": 1.1}, "geometry": {"type": "Point", "coordinates": [393152.8, 5668074.2]}}, {"type": "Feature", "properties": {"h": 5.9, "r": 1.0}, "geometry": {"type": "Point", "coordinates": [393155.2, 5669274.2]}}, {"type": "Feature", "properties": {"h": 5.6, "r": 1.6}, "geometry": {"type": "Point", "coordinates": [393456.8, 5668797.2]}}, {"type": "Feature", "properties": {"h": 5.1, "r": 1.0}, "geometry": {"type": "Point", "coordinates": [393087.2, 5668676.8]}}, {"type": "Feature", "properties": {"h": 6.5, "r": 1.0}, "geometry": {"type": "Point", "coordinates": [392683.8, 5669279.2]}}, {"type": "Feature", "properties": {"h": 4.6, "r": 2.1}, "geometry": {"type": "Point", "coordinates": [392713.2, 5668956.2]}}, {"type": "Feature", "properties": {"h": 8.8, "r": 1.0}, "geometry": {"type": "Point", "coordinates": [392939.8, 5669814.2]}}, {"type": "Feature", "properties": {"h": 5.5, "r": 1.6}, "geometry": {"type": "Point", "coordinates": [392224.8, 5669152.2]}}, {"type": "Feature", "properties": {"h": 4.5, "r": 1.4}, "geometry": {"type": "Point", "coordinates": [392821.8, 5669274.8]}}, {"type": "Feature", "properties": {"h": 4.7, "r": 1.6}, "geometry": {"type": "Point", "coordinates": [393759.8, 5669547.8]}}, {"type": "Feature", "properties": {"h": 5.1, "r": 1.6}, "geometry": {"type": "Point", "coordinates": [393090.8, 5668620.8]}}, {"type": "Feature", "properties": {"h": 4.5, "r": 1.6}, "geometry": {"type": "Point", "coordinates": [392183.8, 5668782.2]}}, {"type": "Feature", "properties": {"h": 6.2, "r": 1.0}, "geometry": {"type": "Point", "coordinates": [393170.8, 5669011.2]}}, {"type": "Feature", "properties": {"h": 5.0, "r": 1.1}, "geometry": {"type": "Point", "coordinates": [393466.8, 5668508.2]}}, {"type": "Feature", "properties": {"h": 6.0, "r": 1.0}, "geometry": {"type": "Point", "coordinates": [393756.8, 5669150.2]}}, {"type": "Feature", "properties": {"h": 5.1, "r": 1.8}, "geometry": {"type": "Point", "coordinates": [393667.8, 5669603.2]}}, {"type": "Feature", "properties": {"h": 4.4, "r": 2.0}, "geometry": {"type": "Point", "coordinates": [392116.8, 5668130.8]}}, {"type": "Feature", "properties": {"h": 4.6, "r": 1.6}, "geometry": {"type": "Point", "coordinates": [393733.2, 5668801.2]}}, {"type": "Feature", "properties": {"h": 5.0, "r": 1.1}, "geometry": {"type": "Point", "coordinates": [392746.8, 5668846.2]}}, {"type": "Feature", "properties": {"h": 6.3, "r": 1.0}, "geometry": {"type": "Point", "coordinates": [392983.2, 5669849.8]}}, {"type": "Feature", "properties": {"h": 4.9, "r": 1.1}, "geometry": {"type": "Point", "coordinates": [392059.8, 5668457.2]}}, {"type": "Feature", "properties": {"h": 5.1, "r": 1.8}, "geometry": {"type": "Point", "coordinates": [393390.8, 5668202.8]}}, {"type": "Feature", "properties": {"h": 5.7, "r": 1.1}, "geometry": {"type": "Point", "coordinates": [392127.2, 5669240.8]}}, {"type": "Feature", "properties": {"h": 4.9, "r": 1.6}, "geometry": {"type": "Point", "coordinates": [392833.8, 5669060.2]}}, {"type": "Feature", "properties": {"h": 4.7, "r": 1.8}, "geometry": {"type": "Point", "coordinates": [393446.2, 5669741.8]}}, {"type": "Feature", "properties": {"h": 4.5, "r": 1.4}, "geometry": {"type": "Point", "coordinates": [393682.8, 5669154.8]}}, {"type": "Feature", "properties": {"h": 4.7, "r": 1.0}, "geometry": {"type": "Point", "coordinates": [392173.8, 5669932.8]}}, {"type": "Feature", "properties": {"h": 5.2, "r": 1.4}, "geometry": {"type": "Point", "coordinates": [392311.8, 5668184.2]}}, {"type": "Feature", "properties": {"h": 4.0, "r": 1.6}, "geometry": {"type": "Point", "coordinates": [392685.8, 5669104.8]}}, {"type": "Feature", "properties": {"h": 5.0, "r": 1.8}, "geometry": {"type": "Point", "coordinates": [393214.2, 5668844.2]}}, {"type": "Feature", "properties": {"h": 5.2, "r": 1.4}, "geometry": {"type": "Point", "coordinates": [393814.8, 5669245.2]}}, {"type": "Feature", "properties": {"h": 6.3, "r": 1.1}, "geometry": {"type": "Point", "coordinates": [392887.2, 5669593.2]}}, {"type": "Feature", "properties": {"h": 4.6, "r": 1.5}, "geometry": {"type": "Point", "coordinates": [392337.8, 5669401.2]}}, {"type": "Feature", "properties": {"h": 5.0, "r": 1.5}, "geometry": {"type": "Point", "coordinates": [393207.2, 5668205.8]}}, {"type": "Feature", "properties": {"h": 4.9, "r": 1.1}, "geometry": {"type": "Point", "coordinates": [393909.8, 5669590.8]}}, {"type": "Feature", "properties": {"h": 4.7, "r": 2.0}, "geometry": {"type": "Point", "coordinates": [392260.2, 5668886.2]}}, {"type": "Feature", "properties": {"h": 6.8, "r": 1.0}, "geometry": {"type": "Point", "coordinates": [392275.8, 5669122.8]}}, {"type": "Feature", "properties": {"h": 5.1, "r": 1.0}, "geometry": {"type": "Point", "coordinates": [392988.2, 5669339.8]}}, {"type": "Feature", "properties": {"h": 6.5, "r": 1.0}, "geometry": {"type": "Point", "coordinates": [392253.2, 5668037.8]}}, {"type": "Feature", "properties": {"h": 5.0, "r": 1.8}, "geometry": {"type": "Point", "coordinates": [393124.2, 5668126.8]}}, {"type": "Feature", "properties": {"h": 4.4, "r": 1.6}, "geometry": {"type": "Point", "coordinates": [392769.2, 5668345.2]}}, {"type": "Feature", "properties": {"h": 7.3, "r": 1.0}, "geometry": {"type": "Point", "coordinates": [393202.8, 5668472.8]}}, {"type": "Feature", "properties": {"h": 5.7, "r": 1.0}, "geometry": {"type": "Point", "coordinates": [393830.2, 5669464.8]}}, {"type": "Feature", "properties": {"h": 5.8, "r": 1.5}, "geometry": {"type": "Point", "coordinates": [393125.2, 5668488.8]}}, {"type": "Feature", "properties": {"h": 3.8, "r": 1.4}, "geometry": {"type": "Point", "coordinates": [393943.2, 5668631.2]}}, {"type": "Feature", "properties": {"h": 6.3, "r": 1.0}, "geometry": {"type": "Point", "coordinates": [392405.8, 5669762.8]}}, {"type": "Feature", "properties": {"h": 5.3, "r": 1.6}, "geometry": {"type": "Point", "coordinates": [393228.2, 5668484.8]}}, {"type": "Feature", "properties": {"h": 6.0, "r": 1.0}, "geometry": {"type": "Point", "coordinates": [392467.2, 5668224.8]}}, {"type": "Feature", "properties": {"h": 5.3, "r": 1.5}, "geometry": {"type": "Point", "coordinates": [393874.2, 5669284.2]}}, {"type": "Feature", "properties": {"h": 4.5, "r": 1.4}, "geometry": {"type": "Point", "coordinates": [392113.8, 5668476.2]}}, {"type": "Feature", "properties": {"h": 5.0, "r": 1.6}, "geometry": {"type": "Point", "coordinates": [392499.8, 5668643.2]}}, {"type": "Feature", "properties": {"h": 5.4, "r": 1.8}, "geometry": {"type": "Point", "coordinates": [393246.2, 5668093.8]}}, {"type": "Feature", "properties": {"h": 5.7, "r": 1.1}, "geometry": {"type": "Point", "coordinates": [393342.2, 5668569.8]}}, {"type": "Feature", "properties": {"h": 4.6, "r": 1.8}, "geometry": {"type": "Point", "coordinates": [393204.2, 5668856.2]}}, {"type": "Feature", "properties": {"h": 3.8, "r": 1.4}, "geometry": {"type": "Point", "coordinates": [392181.8, 5668747.2]}}, {"type": "Feature", "properties": {"h": 6.4, "r": 1.0}, "geometry": {"type": "Point", "coordinates": [392417.8, 5669763.2]}}, {"type": "Feature", "properties": {"h": 7.6, "r": 1.0}, "geometry": {"type": "Point", "coordinates": [393168.2, 5668995.8]}}, {"type": "Feature", "properties": {"h": 5.1, "r": 1.6}, "geometry": {"type": "Point", "coordinates": [393231.2, 5668524.8]}}, {"type": "Feature", "properties": {"h": 5.6, "r": 1.4}, "geometry": {"type": "Point", "coordinates": [393513.8, 5669357.8]}}, {"type": "Feature", "properties": {"h": 6.4, "r": 1.0}, "geometry": {"type": "Point", "coordinates": [393537.8, 5669992.2]}}, {"type": "Feature", "properties": {"h": 5.2, "r": 1.5}, "geometry": {"type": "Point", "coordinates": [393899.8, 5669578.2]}}, {"type": "Feature", "properties": {"h": 4.7, "r": 1.4}, "geometry": {"type": "Point", "coordinates": [392470.2, 5668267.2]}}, {"type": "Feature", "properties": {"h": 4.4, "r": 1.1}, "geometry": {"type": "Point", "coordinates": [393506.8, 5669993.2]}}, {"type": "Feature", "properties": {"h": 5.4, "r": 1.4}, "geometry": {"type": "Point", "coordinates": [392983.2, 5669978.8]}}, {"type": "Feature", "properties": {"h": 5.9, "r": 1.4}, "geometry": {"type": "Point", "coordinates": [392491.8, 5668380.2]}}, {"type": "Feature", "properties": {"h": 4.6, "r": 1.8}, "geometry": {"type": "Point", "coordinates": [392173.2, 5668457.2]}}, {"type": "Feature", "properties": {"h": 6.6, "r": 1.0}, "geometry": {"type": "Point", "coordinates": [393872.2, 5669489.8]}}, {"type": "Feature", "properties": {"h": 4.9, "r": 1.5}, "geometry": {"type": "Point", "coordinates": [393429.8, 5668741.8]}}, {"type": "Feature", "properties": {"h": 5.7, "r": 1.5}, "geometry": {"type": "Point", "coordinates": [393877.8, 5669385.2]}}, {"type": "Feature", "properties": {"h": 4.2, "r": 1.4}, "geometry": {"type": "Point", "coordinates": [392278.2, 5669367.8]}}, {"type": "Feature", "properties": {"h": 5.3, "r": 1.0}, "geometry": {"type": "Point", "coordinates": [393254.2, 5668397.8]}}, {"type": "Feature", "properties": {"h": 3.7, "r": 1.8}, "geometry": {"type": "Point", "coordinates": [393041.8, 5669671.8]}}, {"type": "Feature", "properties": {"h": 5.6, "r": 1.0}, "geometry": {"type": "Point", "coordinates": [392009.8, 5669279.8]}}, {"type": "Feature", "properties": {"h": 6.9, "r": 1.1}, "geometry": {"type": "Point", "coordinates": [392928.2, 5669786.2]}}, {"type": "Feature", "properties": {"h": 5.7, "r": 1.0}, "geometry": {"type": "Point", "coordinates": [392108.8, 5669268.2]}}, {"type": "Feature", "properties": {"h": 3.9, "r": 1.1}, "geometry": {"type": "Point", "coordinates": [392615.8, 5668917.8]}}, {"type": "Feature", "properties": {"h": 4.5, "r": 1.1}, "geometry": {"type": "Point", "coordinates": [392247.8, 5668278.2]}}, {"type": "Feature", "properties": {"h": 5.1, "r": 1.1}, "geometry": {"type": "Point", "coordinates": [392435.8, 5668578.2]}}, {"type": "Feature", "properties": {"h": 4.5, "r": 1.5}, "geometry": {"type": "Point", "coordinates": [393226.8, 5668535.8]}}, {"type": "Feature", "properties": {"h": 4.7, "r": 1.5}, "geometry": {"type": "Point", "coordinates": [393969.2, 5669656.2]}}, {"type": "Feature", "properties": {"h": 4.8, "r": 1.5}, "geometry": {"type": "Point", "coordinates": [393244.8, 5668414.8]}}, {"type": "Feature", "properties": {"h": 7.9, "r": 1.0}, "geometry": {"type": "Point", "coordinates": [393516.2, 5669384.8]}}, {"type": "Feature", "properties": {"h": 4.2, "r": 1.8}, "geometry": {"type": "Point", "coordinates": [392438.8, 5668318.2]}}, {"type": "Feature", "properties": {"h": 5.4, "r": 1.4}, "geometry": {"type": "Point", "coordinates": [392359.8, 5669243.2]}}, {"type": "Feature", "properties": {"h": 5.9, "r": 1.0}, "geometry": {"type": "Point", "coordinates": [392213.2, 5668534.8]}}, {"type": "Feature", "properties": {"h": 4.1, "r": 1.8}, "geometry": {"type": "Point", "coordinates": [392635.8, 5669047.8]}}, {"type": "Feature", "properties": {"h": 5.2, "r": 1.1}, "geometry": {"type": "Point", "coordinates": [393036.2, 5668431.2]}}, {"type": "Feature", "properties": {"h": 3.7, "r": 1.5}, "geometry": {"type": "Point", "coordinates": [392596.8, 5668895.8]}}, {"type": "Feature", "properties": {"h": 5.4, "r": 1.4}, "geometry": {"type": "Point", "coordinates": [392524.8, 5669282.2]}}, {"type": "Feature", "properties": {"h": 4.6, "r": 1.1}, "geometry": {"type": "Point", "coordinates": [392879.8, 5669940.2]}}, {"type": "Feature", "properties": {"h": 3.9, "r": 1.1}, "geometry": {"type": "Point", "coordinates": [393822.2, 5668712.2]}}, {"type": "Feature", "properties": {"h": 5.2, "r": 1.0}, "geometry": {"type": "Point", "coordinates": [392148.8, 5668695.8]}}, {"type": "Feature", "properties": {"h": 5.7, "r": 1.0}, "geometry": {"type": "Point", "coordinates": [392972.8, 5669869.8]}}, {"type": "Feature", "properties": {"h": 5.6, "r": 1.0}, "geometry": {"type": "Point", "coordinates": [393967.2, 5668801.2]}}, {"type": "Feature", "properties": {"h": 4.2, "r": 1.1}, "geometry": {"type": "Point", "coordinates": [392128.2, 5669332.8]}}, {"type": "Feature", "properties": {"h": 6.0, "r": 1.4}, "geometry": {"type": "Point", "coordinates": [393778.8, 5669996.8]}}, {"type": "Feature", "properties": {"h": 5.0, "r": 1.5}, "geometry": {"type": "Point", "coordinates": [392582.2, 5668110.8]}}, {"type": "Feature", "properties": {"h": 4.4, "r": 1.1}, "geometry": {"type": "Point", "coordinates": [393569.2, 5668239.2]}}, {"type": "Feature", "properties": {"h": 4.1, "r": 1.6}, "geometry": {"type": "Point", "coordinates": [392562.8, 5669176.2]}}, {"type": "Feature", "properties": {"h": 4.8, "r": 1.1}, "geometry": {"type": "Point", "coordinates": [392596.2, 5668619.2]}}, {"type": "Feature", "properties": {"h": 7.4, "r": 1.0}, "geometry": {"type": "Point", "coordinates": [392836.8, 5668950.8]}}, {"type": "Feature", "properties": {"h": 10.4, "r": 1.0}, "geometry": {"type": "Point", "coordinates": [393965.2, 5669545.2]}}, {"type": "Feature", "properties": {"h": 5.1, "r": 1.6}, "geometry": {"type": "Point", "coordinates": [392031.2, 5668726.8]}}, {"type": "Feature", "properties": {"h": 4.6, "r": 1.5}, "geometry": {"type": "Point", "coordinates": [392150.8, 5668358.2]}}, {"type": "Feature", "properties": {"h": 5.3, "r": 1.4}, "geometry": {"type": "Point", "coordinates": [393005.2, 5668535.8]}}, {"type": "Feature", "properties": {"h": 4.7, "r": 1.1}, "geometry": {"type": "Point", "coordinates": [392728.8, 5669185.8]}}, {"type": "Feature", "properties": {"h": 5.2, "r": 1.0}, "geometry": {"type": "Point", "coordinates": [393330.2, 5668771.8]}}, {"type": "Feature", "properties": {"h": 4.9, "r": 1.5}, "geometry": {"type": "Point", "coordinates": [392117.2, 5668438.2]}}, {"type": "Feature", "properties": {"h": 5.1, "r": 1.4}, "geometry": {"type": "Point", "coordinates": [393158.8, 5668239.2]}}, {"type": "Feature", "properties": {"h": 5.2, "r": 1.6}, "geometry": {"type": "Point", "coordinates": [392275.2, 5668476.2]}}, {"type": "Feature", "properties": {"h": 4.2, "r": 1.1}, "geometry": {"type": "Point", "coordinates": [392029.8, 5669304.2]}}, {"type": "Feature", "properties": {"h": 4.3, "r": 1.8}, "geometry": {"type": "Point", "coordinates": [392263.8, 5669097.8]}}, {"type": "Feature", "properties": {"h": 4.5, "r": 1.8}, "geometry": {"type": "Point", "coordinates": [393215.8, 5668106.8]}}, {"type": "Feature", "properties": {"h": 5.0, "r": 1.5}, "geometry": {"type": "Point", "coordinates": [393180.8, 5668301.8]}}, {"type": "Feature", "properties": {"h": 4.4, "r": 2.0}, "geometry": {"type": "Point", "coordinates": [392107.8, 5668707.8]}}, {"type": "Feature", "properties": {"h": 6.9, "r": 1.0}, "geometry": {"type": "Point", "coordinates": [392217.8, 5668573.8]}}, {"type": "Feature", "properties": {"h": 6.1, "r": 1.4}, "geometry": {"type": "Point", "coordinates": [392125.8, 5668042.2]}}, {"type": "Feature", "properties": {"h": 4.6, "r": 1.5}, "geometry": {"type": "Point", "coordinates": [392748.8, 5668079.8]}}, {"type": "Feature", "properties": {"h": 5.1, "r": 1.1}, "geometry": {"type": "Point", "coordinates": [392042.8, 5668198.2]}}, {"type": "Feature", "properties": {"h": 5.2, "r": 1.0}, "geometry": {"type": "Point", "coordinates": [393212.2, 5668960.2]}}, {"type": "Feature", "properties": {"h": 3.9, "r": 1.6}, "geometry": {"type": "Point", "coordinates": [393484.8, 5669438.8]}}, {"type": "Feature", "properties": {"h": 3.9, "r": 1.8}, "geometry": {"type": "Point", "coordinates": [392922.2, 5669491.8]}}, {"type": "Feature", "properties": {"h": 4.0, "r": 1.1}, "geometry": {"type": "Point", "coordinates": [393227.8, 5668527.8]}}, {"type": "Feature", "properties": {"h": 5.4, "r": 1.1}, "geometry": {"type": "Point", "coordinates": [393839.8, 5669181.2]}}, {"type": "Feature", "properties": {"h": 4.5, "r": 2.0}, "geometry": {"type": "Point", "coordinates": [393748.2, 5669834.2]}}, {"type": "Feature", "properties": {"h": 5.3, "r": 1.4}, "geometry": {"type": "Point", "coordinates": [392720.8, 5669482.8]}}, {"type": "Feature", "properties": {"h": 4.1, "r": 1.1}, "geometry": {"type": "Point", "coordinates": [392123.8, 5668335.8]}}, {"type": "Feature", "properties": {"h": 5.9, "r": 1.0}, "geometry": {"type": "Point", "coordinates": [393611.2, 5669183.8]}}, {"type": "Feature", "properties": {"h": 4.8, "r": 1.4}, "geometry": {"type": "Point", "coordinates": [393946.8, 5668768.2]}}, {"type": "Feature", "properties": {"h": 5.3, "r": 1.5}, "geometry": {"type": "Point", "coordinates": [392621.8, 5669628.2]}}, {"type": "Feature", "properties": {"h": 5.5, "r": 1.0}, "geometry": {"type": "Point", "coordinates": [393722.2, 5669005.8]}}, {"type": "Feature", "properties": {"h": 4.9, "r": 1.8}, "geometry": {"type": "Point", "coordinates": [392184.8, 5669310.8]}}, {"type": "Feature", "properties": {"h": 4.5, "r": 1.4}, "geometry": {"type": "Point", "coordinates": [393696.2, 5669786.2]}}, {"type": "Feature", "properties": {"h": 4.6, "r": 1.0}, "geometry": {"type": "Point", "coordinates": [392530.2, 5668978.8]}}, {"type": "Feature", "properties": {"h": 4.7, "r": 1.0}, "geometry": {"type": "Point", "coordinates": [393519.2, 5669746.8]}}, {"type": "Feature", "properties": {"h": 5.2, "r": 1.5}, "geometry": {"type": "Point", "coordinates": [392259.8, 5668160.2]}}, {"type": "Feature", "properties": {"h": 4.2, "r": 1.1}, "geometry": {"type": "Point", "coordinates": [393766.8, 5669400.8]}}, {"type": "Feature", "properties": {"h": 9.3, "r": 1.0}, "geometry": {"type": "Point", "coordinates": [392461.8, 5669824.8]}}, {"type": "Feature", "properties": {"h": 3.8, "r": 1.6}, "geometry": {"type": "Point", "coordinates": [393028.8, 5669441.2]}}, {"type": "Feature", "properties": {"h": 5.6, "r": 1.5}, "geometry": {"type": "Point", "coordinates": [393336.8, 5669067.8]}}, {"type": "Feature", "properties": {"h": 4.6, "r": 1.0}, "geometry": {"type": "Point", "coordinates": [392666.8, 5669205.2]}}, {"type": "Feature", "properties": {"h": 4.6, "r": 1.6}, "geometry": {"type": "Point", "coordinates": [392822.2, 5669072.8]}}, {"type": "Feature", "properties": {"h": 5.0, "r": 1.4}, "geometry": {"type": "Point", "coordinates": [393063.8, 5668033.2]}}, {"type": "Feature", "properties": {"h": 4.6, "r": 1.5}, "geometry": {"type": "Point", "coordinates": [393382.2, 5668537.2]}}, {"type": "Feature", "properties": {"h": 4.9, "r": 1.4}, "geometry": {"type": "Point", "coordinates": [392622.2, 5669635.8]}}, {"type": "Feature", "properties": {"h": 4.3, "r": 1.5}, "geometry": {"type": "Point", "coordinates": [392606.2, 5668912.2]}}, {"type": "Feature", "properties": {"h": 4.4, "r": 1.6}, "geometry": {"type": "Point", "coordinates": [392525.8, 5668185.2]}}, {"type": "Feature", "properties": {"h": 6.3, "r": 1.1}, "geometry": {"type": "Point", "coordinates": [392374.2, 5668340.2]}}, {"type": "Feature", "properties": {"h": 5.8, "r": 1.0}, "geometry": {"type": "Point", "coordinates": [392364.2, 5668265.8]}}, {"type": "Feature", "properties": {"h": 3.9, "r": 1.5}, "geometry": {"type": "Point", "coordinates": [392987.2, 5668091.8]}}, {"type": "Feature", "properties": {"h": 4.9, "r": 1.4}, "geometry": {"type": "Point", "coordinates": [393010.2, 5669236.8]}}, {"type": "Feature", "properties": {"h": 4.8, "r": 1.1}, "geometry": {"type": "Point", "coordinates": [393262.2, 5668272.8]}}, {"type": "Feature", "properties": {"h": 5.9, "r": 1.4}, "geometry": {"type": "Point", "coordinates": [392735.2, 5668069.8]}}, {"type": "Feature", "properties": {"h": 7.3, "r": 1.0}, "geometry": {"type": "Point", "coordinates": [392021.2, 5668551.2]}}, {"type": "Feature", "properties": {"h": 5.5, "r": 1.1}, "geometry": {"type": "Point", "coordinates": [393116.2, 5669308.8]}}, {"type": "Feature", "properties": {"h": 4.9, "r": 1.0}, "geometry": {"type": "Point", "coordinates": [393954.2, 5669262.2]}}, {"type": "Feature", "properties": {"h": 4.9, "r": 1.5}, "geometry": {"type": "Point", "coordinates": [393093.2, 5669168.2]}}, {"type": "Feature", "properties": {"h": 5.0, "r": 1.4}, "geometry": {"type": "Point", "coordinates": [392910.8, 5669911.8]}}, {"type": "Feature", "properties": {"h": 5.0, "r": 1.0}, "geometry": {"type": "Point", "coordinates": [392253.8, 5668573.2]}}, {"type": "Feature", "properties": {"h": 5.1, "r": 1.0}, "geometry": {"type": "Point", "coordinates": [393013.8, 5668824.2]}}, {"type": "Feature", "properties": {"h": 4.2, "r": 1.5}, "geometry": {"type": "Point", "coordinates": [392153.8, 5668663.8]}}, {"type": "Feature", "properties": {"h": 4.9, "r": 1.5}, "geometry": {"type": "Point", "coordinates": [392699.2, 5669256.8]}}, {"type": "Feature", "properties": {"h": 4.5, "r": 1.6}, "geometry": {"type": "Point", "coordinates": [392661.2, 5669378.8]}}, {"type": "Feature", "properties": {"h": 4.6, "r": 1.5}, "geometry": {"type": "Point", "coordinates": [393795.2, 5669446.8]}}, {"type": "Feature", "properties": {"h": 7.6, "r": 1.0}, "geometry": {"type": "Point", "coordinates": [392711.2, 5668864.2]}}, {"type": "Feature", "properties": {"h": 5.7, "r": 1.0}, "geometry": {"type": "Point", "coordinates": [393258.8, 5669087.2]}}, {"type": "Feature", "properties": {"h": 4.4, "r": 1.5}, "geometry": {"type": "Point", "coordinates": [392240.8, 5669131.2]}}, {"type": "Feature", "properties": {"h": 4.1, "r": 1.6}, "geometry": {"type": "Point", "coordinates": [393215.8, 5668499.2]}}, {"type": "Feature", "properties": {"h": 5.1, "r": 1.6}, "geometry": {"type": "Point", "coordinates": [392877.8, 5669897.8]}}, {"type": "Feature", "properties": {"h": 4.4, "r": 1.8}, "geometry": {"type": "Point", "coordinates": [393610.8, 5669729.2]}}, {"type": "Feature", "properties": {"h": 4.2, "r": 1.6}, "geometry": {"type": "Point", "coordinates": [392086.2, 5668390.2]}}, {"type": "Feature", "properties": {"h": 6.4, "r": 1.1}, "geometry": {"type": "Point", "coordinates": [392917.2, 5668649.2]}}, {"type": "Feature", "properties": {"h": 4.7, "r": 1.5}, "geometry": {"type": "Point", "coordinates": [393470.2, 5669684.2]}}, {"type": "Feature", "properties": {"h": 5.0, "r": 1.4}, "geometry": {"type": "Point", "coordinates": [393662.8, 5668123.8]}}, {"type": "Feature", "properties": {"h": 5.4, "r": 1.1}, "geometry": {"type": "Point", "coordinates": [392941.8, 5669271.2]}}, {"type": "Feature", "properties": {"h": 4.6, "r": 1.1}, "geometry": {"type": "Point", "coordinates": [392732.8, 5668942.8]}}, {"type": "Feature", "properties": {"h": 6.2, "r": 1.0}, "geometry": {"type": "Point", "coordinates": [392388.2, 5668022.2]}}, {"type": "Feature", "properties": {"h": 4.4, "r": 1.5}, "geometry": {"type": "Point", "coordinates": [393279.2, 5668691.2]}}, {"type": "Feature", "properties": {"h": 4.4, "r": 1.8}, "geometry": {"type": "Point", "coordinates": [392717.8, 5668782.8]}}, {"type": "Feature", "properties": {"h": 4.2, "r": 1.4}, "geometry": {"type": "Point", "coordinates": [393992.2, 5668759.8]}}, {"type": "Feature", "properties": {"h": 5.7, "r": 1.4}, "geometry": {"type": "Point", "coordinates": [392176.2, 5668307.8]}}, {"type": "Feature", "properties": {"h": 6.1, "r": 1.1}, "geometry": {"type": "Point", "coordinates": [392725.8, 5668079.2]}}, {"type": "Feature", "properties": {"h": 3.5, "r": 1.5}, "geometry": {"type": "Point", "coordinates": [393678.8, 5669745.2]}}, {"type": "Feature", "properties": {"h": 4.9, "r": 1.1}, "geometry": {"type": "Point", "coordinates": [392185.2, 5668792.8]}}, {"type": "Feature", "properties": {"h": 4.5, "r": 1.5}, "geometry": {"type": "Point", "coordinates": [393390.2, 5668515.8]}}, {"type": "Feature", "properties": {"h": 6.1, "r": 1.0}, "geometry": {"type": "Point", "coordinates": [392369.2, 5668815.8]}}, {"type": "Feature", "properties": {"h": 3.6, "r": 1.0}, "geometry": {"type": "Point", "coordinates": [393633.2, 5668115.8]}}, {"type": "Feature", "properties": {"h": 3.8, "r": 1.4}, "geometry": {"type": "Point", "coordinates": [392781.8, 5669168.8]}}, {"type": "Feature", "properties": {"h": 4.7, "r": 1.5}, "geometry": {"type": "Point", "coordinates": [393041.2, 5668041.8]}}, {"type": "Feature", "properties": {"h": 6.5, "r": 1.0}, "geometry": {"type": "Point", "coordinates": [393914.2, 5668783.8]}}, {"type": "Feature", "properties": {"h": 6.3, "r": 1.0}, "geometry": {"type": "Point", "coordinates": [392718.8, 5668076.2]}}, {"type": "Feature", "properties": {"h": 5.0, "r": 1.1}, "geometry": {"type": "Point", "coordinates": [392770.2, 5669053.8]}}, {"type": "Feature", "properties": {"h": 4.2, "r": 2.1}, "geometry": {"type": "Point", "coordinates": [393573.2, 5669711.2]}}, {"type": "Feature", "properties": {"h": 4.7, "r": 1.0}, "geometry": {"type": "Point", "coordinates": [392926.2, 5669022.8]}}, {"type": "Feature", "properties": {"h": 4.7, "r": 1.0}, "geometry": {"type": "Point", "coordinates": [393599.8, 5669706.2]}}, {"type": "Feature", "properties": {"h": 5.0, "r": 1.0}, "geometry": {"type": "Point", "coordinates": [392948.8, 5669254.2]}}, {"type": "Feature", "properties": {"h": 4.2, "r": 1.6}, "geometry": {"type": "Point", "coordinates": [392825.8, 5669892.8]}}, {"type": "Feature", "properties": {"h": 4.8, "r": 1.4}, "geometry": {"type": "Point", "coordinates": [392273.8, 5668912.2]}}, {"type": "Feature", "properties": {"h": 4.6, "r": 1.1}, "geometry": {"type": "Point", "coordinates": [393066.2, 5668085.2]}}, {"type": "Feature", "properties": {"h": 5.2, "r": 1.4}, "geometry": {"type": "Point", "coordinates": [392024.2, 5668718.2]}}, {"type": "Feature", "properties": {"h": 5.0, "r": 1.5}, "geometry": {"type": "Point", "coordinates": [393277.8, 5669421.2]}}, {"type": "Feature", "properties": {"h": 4.4, "r": 1.8}, "geometry": {"type": "Point", "coordinates": [392827.2, 5669057.2]}}, {"type": "Feature", "properties": {"h": 4.0, "r": 1.0}, "geometry": {"type": "Point", "coordinates": [392292.2, 5668029.8]}}, {"type": "Feature", "properties": {"h": 6.2, "r": 1.0}, "geometry": {"type": "Point", "coordinates": [392129.8, 5668414.2]}}, {"type": "Feature", "properties": {"h": 6.4, "r": 1.1}, "geometry": {"type": "Point", "coordinates": [392358.8, 5668271.2]}}, {"type": "Feature", "properties": {"h": 4.4, "r": 1.4}, "geometry": {"type": "Point", "coordinates": [392874.2, 5669901.2]}}, {"type": "Feature", "properties": {"h": 5.4, "r": 1.4}, "geometry": {"type": "Point", "coordinates": [393706.2, 5668008.8]}}, {"type": "Feature", "properties": {"h": 3.6, "r": 1.1}, "geometry": {"type": "Point", "coordinates": [392906.8, 5669459.2]}}, {"type": "Feature", "properties": {"h": 6.2, "r": 1.1}, "geometry": {"type": "Point", "coordinates": [393078.2, 5669227.8]}}, {"type": "Feature", "properties": {"h": 5.0, "r": 1.1}, "geometry": {"type": "Point", "coordinates": [393846.2, 5669729.2]}}, {"type": "Feature", "properties": {"h": 4.0, "r": 1.8}, "geometry": {"type": "Point", "coordinates": [393121.2, 5669706.2]}}, {"type": "Feature", "properties": {"h": 5.3, "r": 1.1}, "geometry": {"type": "Point", "coordinates": [393234.8, 5668904.2]}}, {"type": "Feature", "properties": {"h": 4.0, "r": 1.6}, "geometry": {"type": "Point", "coordinates": [393421.2, 5668591.2]}}, {"type": "Feature", "properties": {"h": 3.8, "r": 1.0}, "geometry": {"type": "Point", "coordinates": [393806.2, 5669661.2]}}, {"type": "Feature", "properties": {"h": 5.9, "r": 1.1}, "geometry": {"type": "Point", "coordinates": [393542.2, 5669976.8]}}, {"type": "Feature", "properties": {"h": 4.7, "r": 1.0}, "geometry": {"type": "Point", "coordinates": [392524.2, 5668910.8]}}, {"type": "Feature", "properties": {"h": 5.6, "r": 1.4}, "geometry": {"type": "Point", "coordinates": [393660.8, 5669921.2]}}, {"type": "Feature", "properties": {"h": 4.0, "r": 2.1}, "geometry": {"type": "Point", "coordinates": [392074.8, 5668439.8]}}, {"type": "Feature", "properties": {"h": 5.0, "r": 1.1}, "geometry": {"type": "Point", "coordinates": [393431.8, 5669013.2]}}, {"type": "Feature", "properties": {"h": 6.4, "r": 1.0}, "geometry": {"type": "Point", "coordinates": [393001.8, 5669296.8]}}, {"type": "Feature", "properties": {"h": 3.6, "r": 1.4}, "geometry": {"type": "Point", "coordinates": [393669.2, 5669924.8]}}, {"type": "Feature", "properties": {"h": 4.5, "r": 1.1}, "geometry": {"type": "Point", "coordinates": [392709.2, 5668472.2]}}, {"type": "Feature", "properties": {"h": 5.2, "r": 1.4}, "geometry": {"type": "Point", "coordinates": [393283.2, 5669125.8]}}, {"type": "Feature", "properties": {"h": 4.2, "r": 1.5}, "geometry": {"type": "Point", "coordinates": [393065.2, 5669854.2]}}, {"type": "Feature", "properties": {"h": 5.8, "r": 1.0}, "geometry": {"type": "Point", "coordinates": [393998.2, 5669043.2]}}, {"type": "Feature", "properties": {"h": 5.3, "r": 1.4}, "geometry": {"type": "Point", "coordinates": [392770.2, 5669621.8]}}, {"type": "Feature", "properties": {"h": 5.0, "r": 1.1}, "geometry": {"type": "Point", "coordinates": [393445.2, 5668891.2]}}, {"type": "Feature", "properties": {"h": 5.2, "r": 1.1}, "geometry": {"type": "Point", "coordinates": [393620.8, 5669764.8]}}, {"type": "Feature", "properties": {"h": 4.2, "r": 1.1}, "geometry": {"type": "Point", "coordinates": [393454.8, 5669828.8]}}, {"type": "Feature", "properties": {"h": 3.6, "r": 1.6}, "geometry": {"type": "Point", "coordinates": [392105.2, 5668421.2]}}, {"type": "Feature", "properties": {"h": 5.2, "r": 1.0}, "geometry": {"type": "Point", "coordinates": [392323.2, 5668329.8]}}, {"type": "Feature", "properties": {"h": 5.1, "r": 1.5}, "geometry": {"type": "Point", "coordinates": [393093.8, 5668021.8]}}, {"type": "Feature", "properties": {"h": 4.0, "r": 1.4}, "geometry": {"type": "Point", "coordinates": [392754.8, 5669034.8]}}, {"type": "Feature", "properties": {"h": 4.7, "r": 1.1}, "geometry": {"type": "Point", "coordinates": [393443.8, 5668089.2]}}, {"type": "Feature", "properties": {"h": 6.1, "r": 1.1}, "geometry": {"type": "Point", "coordinates": [393773.8, 5669159.8]}}, {"type": "Feature", "properties": {"h": 4.9, "r": 1.4}, "geometry": {"type": "Point", "coordinates": [393956.2, 5669351.8]}}, {"type": "Feature", "properties": {"h": 4.2, "r": 1.1}, "geometry": {"type": "Point", "coordinates": [392574.8, 5668110.2]}}, {"type": "Feature", "properties": {"h": 5.5, "r": 1.4}, "geometry": {"type": "Point", "coordinates": [392069.8, 5668433.8]}}, {"type": "Feature", "properties": {"h": 3.4, "r": 1.4}, "geometry": {"type": "Point", "coordinates": [392867.8, 5669449.2]}}, {"type": "Feature", "properties": {"h": 4.2, "r": 2.1}, "geometry": {"type": "Point", "coordinates": [392158.2, 5668422.2]}}, {"type": "Feature", "properties": {"h": 3.8, "r": 1.5}, "geometry": {"type": "Point", "coordinates": [393402.2, 5668641.8]}}, {"type": "Feature", "properties": {"h": 4.8, "r": 1.4}, "geometry": {"type": "Point", "coordinates": [392185.2, 5668806.2]}}, {"type": "Feature", "properties": {"h": 4.4, "r": 1.8}, "geometry": {"type": "Point", "coordinates": [393228.8, 5668379.2]}}, {"type": "Feature", "properties": {"h": 3.9, "r": 1.6}, "geometry": {"type": "Point", "coordinates": [393499.8, 5668342.8]}}, {"type": "Feature", "properties": {"h": 7.6, "r": 1.0}, "geometry": {"type": "Point", "coordinates": [392512.2, 5669105.8]}}, {"type": "Feature", "properties": {"h": 5.3, "r": 1.0}, "geometry": {"type": "Point", "coordinates": [393344.8, 5668580.2]}}, {"type": "Feature", "properties": {"h": 5.4, "r": 1.0}, "geometry": {"type": "Point", "coordinates": [392238.2, 5669135.2]}}, {"type": "Feature", "properties": {"h": 5.9, "r": 1.1}, "geometry": {"type": "Point", "coordinates": [393693.8, 5669328.2]}}, {"type": "Feature", "properties": {"h": 3.4, "r": 1.1}, "geometry": {"type": "Point", "coordinates": [392612.8, 5668991.8]}}, {"type": "Feature", "properties": {"h": 5.0, "r": 1.1}, "geometry": {"type": "Point", "coordinates": [392715.2, 5668646.2]}}, {"type": "Feature", "properties": {"h": 4.7, "r": 1.5}, "geometry": {"type": "Point", "coordinates": [392225.2, 5668180.2]}}, {"type": "Feature", "properties": {"h": 6.1, "r": 1.0}, "geometry": {"type": "Point", "coordinates": [392199.2, 5668405.8]}}, {"type": "Feature", "properties": {"h": 4.9, "r": 1.4}, "geometry": {"type": "Point", "coordinates": [392550.2, 5668949.8]}}, {"type": "Feature", "properties": {"h": 5.7, "r": 1.4}, "geometry": {"type": "Point", "coordinates": [393688.2, 5669636.8]}}, {"type": "Feature", "properties": {"h": 5.6, "r": 1.5}, "geometry": {"type": "Point", "coordinates": [393426.8, 5668063.8]}}, {"type": "Feature", "properties": {"h": 5.4, "r": 1.5}, "geometry": {"type": "Point", "coordinates": [392382.8, 5668265.8]}}, {"type": "Feature", "properties": {"h": 3.7, "r": 1.6}, "geometry": {"type": "Point", "coordinates": [392724.2, 5669467.8]}}, {"type": "Feature", "properties": {"h": 6.1, "r": 1.0}, "geometry": {"type": "Point", "coordinates": [392160.2, 5669329.8]}}, {"type": "Feature", "properties": {"h": 4.8, "r": 1.4}, "geometry": {"type": "Point", "coordinates": [392551.8, 5668479.2]}}, {"type": "Feature", "properties": {"h": 4.4, "r": 1.4}, "geometry": {"type": "Point", "coordinates": [392288.2, 5669378.2]}}, {"type": "Feature", "properties": {"h": 5.0, "r": 1.4}, "geometry": {"type": "Point", "coordinates": [392930.2, 5669923.2]}}, {"type": "Feature", "properties": {"h": 5.0, "r": 1.4}, "geometry": {"type": "Point", "coordinates": [392160.8, 5669333.2]}}, {"type": "Feature", "properties": {"h": 4.5, "r": 1.6}, "geometry": {"type": "Point", "coordinates": [393768.8, 5668429.2]}}, {"type": "Feature", "properties": {"h": 6.3, "r": 1.0}, "geometry": {"type": "Point", "coordinates": [392866.2, 5669346.8]}}, {"type": "Feature", "properties": {"h": 5.1, "r": 1.4}, "geometry": {"type": "Point", "coordinates": [392509.2, 5669024.2]}}, {"type": "Feature", "properties": {"h": 4.2, "r": 1.5}, "geometry": {"type": "Point", "coordinates": [392297.2, 5669395.2]}}, {"type": "Feature", "properties": {"h": 4.4, "r": 1.1}, "geometry": {"type": "Point", "coordinates": [393601.8, 5669398.8]}}, {"type": "Feature", "properties": {"h": 4.3, "r": 1.4}, "geometry": {"type": "Point", "coordinates": [393663.2, 5668025.2]}}, {"type": "Feature", "properties": {"h": 4.4, "r": 1.6}, "geometry": {"type": "Point", "coordinates": [393119.2, 5668135.2]}}, {"type": "Feature", "properties": {"h": 5.1, "r": 1.1}, "geometry": {"type": "Point", "coordinates": [392452.8, 5668232.8]}}, {"type": "Feature", "properties": {"h": 4.8, "r": 1.6}, "geometry": {"type": "Point", "coordinates": [392769.2, 5669211.2]}}, {"type": "Feature", "properties": {"h": 4.9, "r": 1.1}, "geometry": {"type": "Point", "coordinates": [393745.2, 5669830.2]}}, {"type": "Feature", "properties": {"h": 5.9, "r": 1.4}, "geometry": {"type": "Point", "coordinates": [392882.8, 5668949.2]}}, {"type": "Feature", "properties": {"h": 4.8, "r": 1.1}, "geometry": {"type": "Point", "coordinates": [392187.2, 5668330.2]}}, {"type": "Feature", "properties": {"h": 6.1, "r": 1.0}, "geometry": {"type": "Point", "coordinates": [393053.2, 5669666.2]}}, {"type": "Feature", "properties": {"h": 5.1, "r": 1.0}, "geometry": {"type": "Point", "coordinates": [393948.2, 5668592.8]}}, {"type": "Feature", "properties": {"h": 3.9, "r": 1.8}, "geometry": {"type": "Point", "coordinates": [392416.8, 5668157.2]}}, {"type": "Feature", "properties": {"h": 4.0, "r": 2.0}, "geometry": {"type": "Point", "coordinates": [392588.2, 5668628.2]}}, {"type": "Feature", "properties": {"h": 4.6, "r": 1.8}, "geometry": {"type": "Point", "coordinates": [393790.2, 5669213.8]}}, {"type": "Feature", "properties": {"h": 4.6, "r": 1.4}, "geometry": {"type": "Point", "coordinates": [393808.8, 5668968.2]}}, {"type": "Feature", "properties": {"h": 5.3, "r": 1.4}, "geometry": {"type": "Point", "coordinates": [392291.2, 5669393.8]}}, {"type": "Feature", "properties": {"h": 6.7, "r": 1.0}, "geometry": {"type": "Point", "coordinates": [393086.2, 5669329.8]}}, {"type": "Feature", "properties": {"h": 4.4, "r": 1.6}, "geometry": {"type": "Point", "coordinates": [392330.2, 5669616.2]}}, {"type": "Feature", "properties": {"h": 4.4, "r": 1.5}, "geometry": {"type": "Point", "coordinates": [393957.2, 5668199.8]}}, {"type": "Feature", "properties": {"h": 4.7, "r": 1.4}, "geometry": {"type": "Point", "coordinates": [392058.2, 5668134.2]}}, {"type": "Feature", "properties": {"h": 5.1, "r": 1.1}, "geometry": {"type": "Point", "coordinates": [392848.2, 5669008.2]}}, {"type": "Feature", "properties": {"h": 5.1, "r": 1.4}, "geometry": {"type": "Point", "coordinates": [392376.8, 5668324.2]}}, {"type": "Feature", "properties": {"h": 4.8, "r": 1.0}, "geometry": {"type": "Point", "coordinates": [393656.2, 5669170.8]}}, {"type": "Feature", "properties": {"h": 4.6, "r": 1.1}, "geometry": {"type": "Point", "coordinates": [392999.2, 5669441.2]}}, {"type": "Feature", "properties": {"h": 4.2, "r": 1.0}, "geometry": {"type": "Point", "coordinates": [392367.8, 5669377.2]}}, {"type": "Feature", "properties": {"h": 4.0, "r": 1.4}, "geometry": {"type": "Point", "coordinates": [392676.8, 5669464.8]}}, {"type": "Feature", "properties": {"h": 4.1, "r": 1.5}, "geometry": {"type": "Point", "coordinates": [393510.8, 5668357.2]}}, {"type": "Feature", "properties": {"h": 4.7, "r": 1.0}, "geometry": {"type": "Point", "coordinates": [392759.2, 5668800.8]}}, {"type": "Feature", "properties": {"h": 4.3, "r": 1.4}, "geometry": {"type": "Point", "coordinates": [392043.8, 5668981.2]}}, {"type": "Feature", "properties": {"h": 4.5, "r": 1.1}, "geometry": {"type": "Point", "coordinates": [393806.2, 5668688.8]}}, {"type": "Feature", "properties": {"h": 3.7, "r": 1.6}, "geometry": {"type": "Point", "coordinates": [392104.8, 5668132.2]}}, {"type": "Feature", "properties": {"h": 4.8, "r": 1.4}, "geometry": {"type": "Point", "coordinates": [393195.2, 5668794.8]}}, {"type": "Feature", "properties": {"h": 4.0, "r": 1.1}, "geometry": {"type": "Point", "coordinates": [392774.8, 5669165.2]}}, {"type": "Feature", "properties": {"h": 5.6, "r": 1.0}, "geometry": {"type": "Point", "coordinates": [392845.8, 5669027.8]}}, {"type": "Feature", "properties": {"h": 4.8, "r": 1.5}, "geometry": {"type": "Point", "coordinates": [392944.8, 5668086.2]}}, {"type": "Feature", "properties": {"h": 4.2, "r": 1.4}, "geometry": {"type": "Point", "coordinates": [392793.2, 5669251.8]}}, {"type": "Feature", "properties": {"h": 5.7, "r": 1.4}, "geometry": {"type": "Point", "coordinates": [393161.8, 5668185.2]}}, {"type": "Feature", "properties": {"h": 4.0, "r": 1.8}, "geometry": {"type": "Point", "coordinates": [392147.2, 5668439.2]}}, {"type": "Feature", "properties": {"h": 5.3, "r": 1.0}, "geometry": {"type": "Point", "coordinates": [392447.2, 5668223.8]}}, {"type": "Feature", "properties": {"h": 6.7, "r": 1.1}, "geometry": {"type": "Point", "coordinates": [393156.2, 5669292.8]}}, {"type": "Feature", "properties": {"h": 4.2, "r": 1.5}, "geometry": {"type": "Point", "coordinates": [393255.8, 5669336.2]}}, {"type": "Feature", "properties": {"h": 3.8, "r": 1.5}, "geometry": {"type": "Point", "coordinates": [392082.8, 5669272.8]}}, {"type": "Feature", "properties": {"h": 4.3, "r": 1.5}, "geometry": {"type": "Point", "coordinates": [393910.8, 5668574.8]}}, {"type": "Feature", "properties": {"h": 4.1, "r": 1.4}, "geometry": {"type": "Point", "coordinates": [392521.2, 5668188.2]}}, {"type": "Feature", "properties": {"h": 10.9, "r": 1.0}, "geometry": {"type": "Point", "coordinates": [392668.8, 5668004.2]}}, {"type": "Feature", "properties": {"h": 4.4, "r": 1.1}, "geometry": {"type": "Point", "coordinates": [393815.2, 5669461.8]}}, {"type": "Feature", "properties": {"h": 3.9, "r": 1.6}, "geometry": {"type": "Point", "coordinates": [393046.8, 5669712.2]}}, {"type": "Feature", "properties": {"h": 5.0, "r": 1.1}, "geometry": {"type": "Point", "coordinates": [392081.2, 5668116.2]}}, {"type": "Feature", "properties": {"h": 4.5, "r": 1.6}, "geometry": {"type": "Point", "coordinates": [392984.2, 5668459.2]}}, {"type": "Feature", "properties": {"h": 4.7, "r": 1.1}, "geometry": {"type": "Point", "coordinates": [393900.2, 5669300.2]}}, {"type": "Feature", "properties": {"h": 4.4, "r": 1.4}, "geometry": {"type": "Point", "coordinates": [392492.8, 5669173.8]}}, {"type": "Feature", "properties": {"h": 4.6, "r": 1.0}, "geometry": {"type": "Point", "coordinates": [392057.8, 5669329.2]}}, {"type": "Feature", "properties": {"h": 5.1, "r": 1.4}, "geometry": {"type": "Point", "coordinates": [393814.8, 5669195.8]}}, {"type": "Feature", "properties": {"h": 5.2, "r": 1.4}, "geometry": {"type": "Point", "coordinates": [392311.8, 5668139.2]}}, {"type": "Feature", "properties": {"h": 4.0, "r": 1.6}, "geometry": {"type": "Point", "coordinates": [392153.2, 5669078.8]}}, {"type": "Feature", "properties": {"h": 4.6, "r": 1.4}, "geometry": {"type": "Point", "coordinates": [393309.8, 5669258.2]}}, {"type": "Feature", "properties": {"h": 5.0, "r": 1.1}, "geometry": {"type": "Point", "coordinates": [392160.2, 5668162.8]}}, {"type": "Feature", "properties": {"h": 4.0, "r": 2.0}, "geometry": {"type": "Point", "coordinates": [392736.8, 5668406.2]}}, {"type": "Feature", "properties": {"h": 4.3, "r": 1.6}, "geometry": {"type": "Point", "coordinates": [392731.8, 5669483.8]}}, {"type": "Feature", "properties": {"h": 4.8, "r": 1.4}, "geometry": {"type": "Point", "coordinates": [393483.8, 5669807.8]}}, {"type": "Feature", "properties": {"h": 5.1, "r": 1.1}, "geometry": {"type": "Point", "coordinates": [393872.8, 5669393.8]}}, {"type": "Feature", "properties": {"h": 4.0, "r": 1.1}, "geometry": {"type": "Point", "coordinates": [392049.8, 5668978.2]}}, {"type": "Feature", "properties": {"h": 5.8, "r": 1.0}, "geometry": {"type": "Point", "coordinates": [392476.2, 5668253.8]}}, {"type": "Feature", "properties": {"h": 4.7, "r": 1.0}, "geometry": {"type": "Point", "coordinates": [392839.8, 5669051.8]}}, {"type": "Feature", "properties": {"h": 6.7, "r": 1.0}, "geometry": {"type": "Point", "coordinates": [392895.8, 5669178.2]}}, {"type": "Feature", "properties": {"h": 3.8, "r": 1.5}, "geometry": {"type": "Point", "coordinates": [392258.2, 5668140.2]}}, {"type": "Feature", "properties": {"h": 4.6, "r": 1.1}, "geometry": {"type": "Point", "coordinates": [392443.8, 5668332.8]}}, {"type": "Feature", "properties": {"h": 4.4, "r": 1.5}, "geometry": {"type": "Point", "coordinates": [392571.2, 5668761.8]}}, {"type": "Feature", "properties": {"h": 5.0, "r": 1.4}, "geometry": {"type": "Point", "coordinates": [392123.2, 5669243.2]}}, {"type": "Feature", "properties": {"h": 4.2, "r": 1.5}, "geometry": {"type": "Point", "coordinates": [392474.8, 5669238.2]}}, {"type": "Feature", "properties": {"h": 5.7, "r": 1.4}, "geometry": {"type": "Point", "coordinates": [393478.2, 5668587.2]}}, {"type": "Feature", "properties": {"h": 4.5, "r": 1.6}, "geometry": {"type": "Point", "coordinates": [393334.8, 5668617.2]}}, {"type": "Feature", "properties": {"h": 4.8, "r": 1.4}, "geometry": {"type": "Point", "coordinates": [393372.8, 5668536.8]}}, {"type": "Feature", "properties": {"h": 5.5, "r": 1.1}, "geometry": {"type": "Point", "coordinates": [393096.8, 5668524.8]}}, {"type": "Feature", "properties": {"h": 4.6, "r": 1.4}, "geometry": {"type": "Point", "coordinates": [392894.8, 5668965.8]}}, {"type": "Feature", "properties": {"h": 6.1, "r": 1.0}, "geometry": {"type": "Point", "coordinates": [392293.2, 5668194.2]}}, {"type": "Feature", "properties": {"h": 4.6, "r": 1.4}, "geometry": {"type": "Point", "coordinates": [392287.2, 5668467.8]}}, {"type": "Feature", "properties": {"h": 4.6, "r": 1.6}, "geometry": {"type": "Point", "coordinates": [392601.8, 5668602.8]}}, {"type": "Feature", "properties": {"h": 5.1, "r": 1.0}, "geometry": {"type": "Point", "coordinates": [393594.8, 5669892.8]}}, {"type": "Feature", "properties": {"h": 4.7, "r": 1.5}, "geometry": {"type": "Point", "coordinates": [393346.8, 5668166.8]}}, {"type": "Feature", "properties": {"h": 5.6, "r": 1.0}, "geometry": {"type": "Point", "coordinates": [392775.2, 5668762.2]}}, {"type": "Feature", "properties": {"h": 5.6, "r": 1.1}, "geometry": {"type": "Point", "coordinates": [392200.8, 5668701.2]}}, {"type": "Feature", "properties": {"h": 3.5, "r": 1.6}, "geometry": {"type": "Point", "coordinates": [393303.2, 5668056.8]}}, {"type": "Feature", "properties": {"h": 5.1, "r": 1.5}, "geometry": {"type": "Point", "coordinates": [393560.2, 5669978.8]}}, {"type": "Feature", "properties": {"h": 4.9, "r": 1.0}, "geometry": {"type": "Point", "coordinates": [393461.2, 5669876.2]}}, {"type": "Feature", "properties": {"h": 4.1, "r": 1.4}, "geometry": {"type": "Point", "coordinates": [392173.8, 5669910.8]}}, {"type": "Feature", "properties": {"h": 4.3, "r": 1.6}, "geometry": {"type": "Point", "coordinates": [393993.2, 5668535.8]}}, {"type": "Feature", "properties": {"h": 4.3, "r": 1.5}, "geometry": {"type": "Point", "coordinates": [392279.8, 5669189.8]}}, {"type": "Feature", "properties": {"h": 4.8, "r": 1.5}, "geometry": {"type": "Point", "coordinates": [392457.8, 5668571.8]}}, {"type": "Feature", "properties": {"h": 4.5, "r": 1.5}, "geometry": {"type": "Point", "coordinates": [392310.2, 5668576.8]}}, {"type": "Feature", "properties": {"h": 4.3, "r": 1.0}, "geometry": {"type": "Point", "coordinates": [392692.8, 5668915.8]}}, {"type": "Feature", "properties": {"h": 4.7, "r": 1.4}, "geometry": {"type": "Point", "coordinates": [393234.8, 5668396.2]}}, {"type": "Feature", "properties": {"h": 4.5, "r": 1.4}, "geometry": {"type": "Point", "coordinates": [392897.2, 5668943.2]}}, {"type": "Feature", "properties": {"h": 6.3, "r": 1.0}, "geometry": {"type": "Point", "coordinates": [392611.8, 5669190.8]}}, {"type": "Feature", "properties": {"h": 6.0, "r": 1.0}, "geometry": {"type": "Point", "coordinates": [392519.8, 5668167.8]}}, {"type": "Feature", "properties": {"h": 4.4, "r": 1.6}, "geometry": {"type": "Point", "coordinates": [392772.8, 5669415.2]}}, {"type": "Feature", "properties": {"h": 5.9, "r": 1.0}, "geometry": {"type": "Point", "coordinates": [392927.2, 5669027.8]}}, {"type": "Feature", "properties": {"h": 4.3, "r": 1.1}, "geometry": {"type": "Point", "coordinates": [393132.8, 5669259.8]}}, {"type": "Feature", "properties": {"h": 4.7, "r": 1.5}, "geometry": {"type": "Point", "coordinates": [392228.2, 5668944.8]}}, {"type": "Feature", "properties": {"h": 5.0, "r": 1.4}, "geometry": {"type": "Point", "coordinates": [393545.8, 5669990.8]}}, {"type": "Feature", "properties": {"h": 4.4, "r": 1.1}, "geometry": {"type": "Point", "coordinates": [393236.8, 5668528.2]}}, {"type": "Feature", "properties": {"h": 5.5, "r": 1.1}, "geometry": {"type": "Point", "coordinates": [392018.8, 5668339.2]}}, {"type": "Feature", "properties": {"h": 4.9, "r": 1.1}, "geometry": {"type": "Point", "coordinates": [393079.2, 5669514.8]}}, {"type": "Feature", "properties": {"h": 9.3, "r": 1.0}, "geometry": {"type": "Point", "coordinates": [392955.2, 5669835.8]}}, {"type": "Feature", "properties": {"h": 5.2, "r": 1.5}, "geometry": {"type": "Point", "coordinates": [393685.8, 5669739.2]}}, {"type": "Feature", "properties": {"h": 5.0, "r": 1.0}, "geometry": {"type": "Point", "coordinates": [392831.2, 5669574.2]}}, {"type": "Feature", "properties": {"h": 4.8, "r": 1.1}, "geometry": {"type": "Point", "coordinates": [393653.2, 5668009.8]}}, {"type": "Feature", "properties": {"h": 4.7, "r": 1.5}, "geometry": {"type": "Point", "coordinates": [392057.8, 5668544.2]}}, {"type": "Feature", "properties": {"h": 6.0, "r": 1.0}, "geometry": {"type": "Point", "coordinates": [393891.8, 5669417.8]}}, {"type": "Feature", "properties": {"h": 4.2, "r": 1.4}, "geometry": {"type": "Point", "coordinates": [393912.2, 5668567.2]}}, {"type": "Feature", "properties": {"h": 4.9, "r": 1.4}, "geometry": {"type": "Point", "coordinates": [393784.8, 5669370.2]}}, {"type": "Feature", "properties": {"h": 3.6, "r": 1.5}, "geometry": {"type": "Point", "coordinates": [392301.2, 5668603.2]}}, {"type": "Feature", "properties": {"h": 6.8, "r": 1.0}, "geometry": {"type": "Point", "coordinates": [393737.2, 5669528.2]}}, {"type": "Feature", "properties": {"h": 4.8, "r": 1.6}, "geometry": {"type": "Point", "coordinates": [392119.8, 5668018.2]}}, {"type": "Feature", "properties": {"h": 5.7, "r": 1.1}, "geometry": {"type": "Point", "coordinates": [393449.8, 5669765.2]}}, {"type": "Feature", "properties": {"h": 4.7, "r": 1.1}, "geometry": {"type": "Point", "coordinates": [393412.2, 5668476.2]}}, {"type": "Feature", "properties": {"h": 4.0, "r": 1.1}, "geometry": {"type": "Point", "coordinates": [392275.8, 5669100.8]}}, {"type": "Feature", "properties": {"h": 5.7, "r": 1.1}, "geometry": {"type": "Point", "coordinates": [393192.8, 5668859.2]}}, {"type": "Feature", "properties": {"h": 4.5, "r": 1.1}, "geometry": {"type": "Point", "coordinates": [393615.2, 5669299.8]}}, {"type": "Feature", "properties": {"h": 4.8, "r": 1.5}, "geometry": {"type": "Point", "coordinates": [392287.2, 5669373.2]}}, {"type": "Feature", "properties": {"h": 6.4, "r": 1.0}, "geometry": {"type": "Point", "coordinates": [393042.8, 5668498.8]}}, {"type": "Feature", "properties": {"h": 5.0, "r": 1.0}, "geometry": {"type": "Point", "coordinates": [393007.8, 5668497.2]}}, {"type": "Feature", "properties": {"h": 5.5, "r": 1.0}, "geometry": {"type": "Point", "coordinates": [392927.8, 5668335.2]}}, {"type": "Feature", "properties": {"h": 5.0, "r": 1.4}, "geometry": {"type": "Point", "coordinates": [393409.2, 5668686.2]}}, {"type": "Feature", "properties": {"h": 3.8, "r": 1.1}, "geometry": {"type": "Point", "coordinates": [392876.2, 5669349.8]}}, {"type": "Feature", "properties": {"h": 5.8, "r": 1.1}, "geometry": {"type": "Point", "coordinates": [393780.8, 5669164.2]}}, {"type": "Feature", "properties": {"h": 4.3, "r": 1.5}, "geometry": {"type": "Point", "coordinates": [393350.2, 5668390.2]}}, {"type": "Feature", "properties": {"h": 5.2, "r": 1.0}, "geometry": {"type": "Point", "coordinates": [392890.8, 5669953.2]}}, {"type": "Feature", "properties": {"h": 4.7, "r": 1.4}, "geometry": {"type": "Point", "coordinates": [393090.2, 5668018.2]}}, {"type": "Feature", "properties": {"h": 7.1, "r": 1.0}, "geometry": {"type": "Point", "coordinates": [392365.8, 5668576.2]}}, {"type": "Feature", "properties": {"h": 4.5, "r": 1.4}, "geometry": {"type": "Point", "coordinates": [393444.2, 5668418.8]}}, {"type": "Feature", "properties": {"h": 3.9, "r": 1.4}, "geometry": {"type": "Point", "coordinates": [393221.8, 5668088.2]}}, {"type": "Feature", "properties": {"h": 5.2, "r": 1.4}, "geometry": {"type": "Point", "coordinates": [393946.8, 5668949.8]}}, {"type": "Feature", "properties": {"h": 5.4, "r": 1.1}, "geometry": {"type": "Point", "coordinates": [392869.2, 5669904.8]}}, {"type": "Feature", "properties": {"h": 5.8, "r": 1.1}, "geometry": {"type": "Point", "coordinates": [392108.2, 5668966.8]}}, {"type": "Feature", "properties": {"h": 5.5, "r": 1.0}, "geometry": {"type": "Point", "coordinates": [393210.2, 5668231.2]}}, {"type": "Feature", "properties": {"h": 4.9, "r": 1.0}, "geometry": {"type": "Point", "coordinates": [393991.2, 5668566.2]}}, {"type": "Feature", "properties": {"h": 4.4, "r": 1.5}, "geometry": {"type": "Point", "coordinates": [393591.8, 5668000.2]}}, {"type": "Feature", "properties": {"h": 4.5, "r": 1.4}, "geometry": {"type": "Point", "coordinates": [392776.2, 5669052.2]}}, {"type": "Feature", "properties": {"h": 7.4, "r": 1.1}, "geometry": {"type": "Point", "coordinates": [392918.2, 5669406.2]}}, {"type": "Feature", "properties": {"h": 4.7, "r": 1.1}, "geometry": {"type": "Point", "coordinates": [392684.8, 5669157.2]}}, {"type": "Feature", "properties": {"h": 4.3, "r": 1.4}, "geometry": {"type": "Point", "coordinates": [392081.8, 5668975.8]}}, {"type": "Feature", "properties": {"h": 5.1, "r": 1.1}, "geometry": {"type": "Point", "coordinates": [392460.8, 5668336.2]}}, {"type": "Feature", "properties": {"h": 5.1, "r": 1.1}, "geometry": {"type": "Point", "coordinates": [393194.8, 5669469.8]}}, {"type": "Feature", "properties": {"h": 4.1, "r": 1.1}, "geometry": {"type": "Point", "coordinates": [393905.8, 5668508.2]}}, {"type": "Feature", "properties": {"h": 5.1, "r": 1.0}, "geometry": {"type": "Point", "coordinates": [393410.2, 5668727.8]}}, {"type": "Feature", "properties": {"h": 5.1, "r": 1.0}, "geometry": {"type": "Point", "coordinates": [393901.2, 5668618.8]}}, {"type": "Feature", "properties": {"h": 4.6, "r": 1.0}, "geometry": {"type": "Point", "coordinates": [393224.8, 5668464.8]}}, {"type": "Feature", "properties": {"h": 3.4, "r": 1.0}, "geometry": {"type": "Point", "coordinates": [392821.8, 5669435.8]}}, {"type": "Feature", "properties": {"h": 7.4, "r": 1.0}, "geometry": {"type": "Point", "coordinates": [392104.2, 5668368.2]}}, {"type": "Feature", "properties": {"h": 4.1, "r": 1.4}, "geometry": {"type": "Point", "coordinates": [393027.8, 5669618.2]}}, {"type": "Feature", "properties": {"h": 4.7, "r": 1.5}, "geometry": {"type": "Point", "coordinates": [393963.2, 5668774.2]}}, {"type": "Feature", "properties": {"h": 3.9, "r": 1.4}, "geometry": {"type": "Point", "coordinates": [392238.8, 5668001.2]}}, {"type": "Feature", "properties": {"h": 3.1, "r": 1.1}, "geometry": {"type": "Point", "coordinates": [393757.8, 5668902.8]}}, {"type": "Feature", "properties": {"h": 6.2, "r": 1.1}, "geometry": {"type": "Point", "coordinates": [392121.2, 5668040.8]}}, {"type": "Feature", "properties": {"h": 3.4, "r": 1.5}, "geometry": {"type": "Point", "coordinates": [393400.2, 5668429.8]}}, {"type": "Feature", "properties": {"h": 4.7, "r": 1.4}, "geometry": {"type": "Point", "coordinates": [393090.2, 5668683.2]}}, {"type": "Feature", "properties": {"h": 4.4, "r": 1.4}, "geometry": {"type": "Point", "coordinates": [392582.2, 5669009.8]}}, {"type": "Feature", "properties": {"h": 5.9, "r": 1.0}, "geometry": {"type": "Point", "coordinates": [393232.8, 5668480.2]}}, {"type": "Feature", "properties": {"h": 5.0, "r": 1.0}, "geometry": {"type": "Point", "coordinates": [393940.8, 5668986.2]}}, {"type": "Feature", "properties": {"h": 5.2, "r": 1.0}, "geometry": {"type": "Point", "coordinates": [392097.8, 5669342.2]}}, {"type": "Feature", "properties": {"h": 5.1, "r": 1.1}, "geometry": {"type": "Point", "coordinates": [393972.8, 5669023.8]}}, {"type": "Feature", "properties": {"h": 6.0, "r": 1.0}, "geometry": {"type": "Point", "coordinates": [393140.8, 5669321.2]}}, {"type": "Feature", "properties": {"h": 4.8, "r": 1.0}, "geometry": {"type": "Point", "coordinates": [393041.8, 5668600.2]}}, {"type": "Feature", "properties": {"h": 4.9, "r": 1.4}, "geometry": {"type": "Point", "coordinates": [392103.2, 5668443.8]}}, {"type": "Feature", "properties": {"h": 5.5, "r": 1.1}, "geometry": {"type": "Point", "coordinates": [392438.8, 5668247.8]}}, {"type": "Feature", "properties": {"h": 4.0, "r": 1.6}, "geometry": {"type": "Point", "coordinates": [393269.2, 5668472.8]}}, {"type": "Feature", "properties": {"h": 5.1, "r": 1.1}, "geometry": {"type": "Point", "coordinates": [393865.2, 5669514.2]}}, {"type": "Feature", "properties": {"h": 6.1, "r": 1.0}, "geometry": {"type": "Point", "coordinates": [392191.8, 5668699.2]}}, {"type": "Feature", "properties": {"h": 5.5, "r": 1.0}, "geometry": {"type": "Point", "coordinates": [393533.8, 5669978.2]}}, {"type": "Feature", "properties": {"h": 3.6, "r": 1.1}, "geometry": {"type": "Point", "coordinates": [392076.8, 5668175.8]}}, {"type": "Feature", "properties": {"h": 4.3, "r": 1.5}, "geometry": {"type": "Point", "coordinates": [392321.2, 5669512.8]}}, {"type": "Feature", "properties": {"h": 4.3, "r": 1.1}, "geometry": {"type": "Point", "coordinates": [393688.8, 5668972.2]}}, {"type": "Feature", "properties": {"h": 5.6, "r": 1.0}, "geometry": {"type": "Point", "coordinates": [392866.2, 5668593.8]}}, {"type": "Feature", "properties": {"h": 4.2, "r": 1.4}, "geometry": {"type": "Point", "coordinates": [392041.8, 5669734.2]}}, {"type": "Feature", "properties": {"h": 4.8, "r": 1.4}, "geometry": {"type": "Point", "coordinates": [392251.8, 5668401.8]}}, {"type": "Feature", "properties": {"h": 4.4, "r": 1.6}, "geometry": {"type": "Point", "coordinates": [393449.8, 5669644.2]}}, {"type": "Feature", "properties": {"h": 13.0, "r": 1.0}, "geometry": {"type": "Point", "coordinates": [393669.8, 5669597.8]}}, {"type": "Feature", "properties": {"h": 3.9, "r": 1.0}, "geometry": {"type": "Point", "coordinates": [392110.2, 5669346.2]}}, {"type": "Feature", "properties": {"h": 5.0, "r": 1.0}, "geometry": {"type": "Point", "coordinates": [392830.8, 5669069.2]}}, {"type": "Feature", "properties": {"h": 5.1, "r": 1.6}, "geometry": {"type": "Point", "coordinates": [392124.2, 5668413.8]}}, {"type": "Feature", "properties": {"h": 5.2, "r": 1.0}, "geometry": {"type": "Point", "coordinates": [392132.8, 5668566.2]}}, {"type": "Feature", "properties": {"h": 5.2, "r": 1.4}, "geometry": {"type": "Point", "coordinates": [393986.8, 5668204.2]}}, {"type": "Feature", "properties": {"h": 4.8, "r": 1.1}, "geometry": {"type": "Point", "coordinates": [392876.8, 5668689.8]}}, {"type": "Feature", "properties": {"h": 4.9, "r": 1.1}, "geometry": {"type": "Point", "coordinates": [392120.2, 5669158.8]}}, {"type": "Feature", "properties": {"h": 6.0, "r": 1.0}, "geometry": {"type": "Point", "coordinates": [392912.2, 5669277.8]}}, {"type": "Feature", "properties": {"h": 4.3, "r": 1.1}, "geometry": {"type": "Point", "coordinates": [392640.8, 5669373.8]}}, {"type": "Feature", "properties": {"h": 3.9, "r": 1.6}, "geometry": {"type": "Point", "coordinates": [393766.2, 5669732.8]}}, {"type": "Feature", "properties": {"h": 3.7, "r": 1.6}, "geometry": {"type": "Point", "coordinates": [392331.2, 5669915.2]}}, {"type": "Feature", "properties": {"h": 4.4, "r": 1.1}, "geometry": {"type": "Point", "coordinates": [392798.2, 5669388.8]}}, {"type": "Feature", "properties": {"h": 3.9, "r": 1.8}, "geometry": {"type": "Point", "coordinates": [392063.8, 5668993.2]}}, {"type": "Feature", "properties": {"h": 5.2, "r": 1.5}, "geometry": {"type": "Point", "coordinates": [392065.2, 5668372.2]}}, {"type": "Feature", "properties": {"h": 4.0, "r": 1.4}, "geometry": {"type": "Point", "coordinates": [393240.2, 5669190.8]}}, {"type": "Feature", "properties": {"h": 4.4, "r": 1.4}, "geometry": {"type": "Point", "coordinates": [392534.2, 5668984.2]}}, {"type": "Feature", "properties": {"h": 5.0, "r": 1.4}, "geometry": {"type": "Point", "coordinates": [392582.8, 5669089.2]}}, {"type": "Feature", "properties": {"h": 4.5, "r": 1.1}, "geometry": {"type": "Point", "coordinates": [392243.8, 5668717.2]}}, {"type": "Feature", "properties": {"h": 3.6, "r": 1.4}, "geometry": {"type": "Point", "coordinates": [393122.2, 5668020.2]}}, {"type": "Feature", "properties": {"h": 4.6, "r": 1.1}, "geometry": {"type": "Point", "coordinates": [392258.8, 5668571.8]}}, {"type": "Feature", "properties": {"h": 5.0, "r": 1.1}, "geometry": {"type": "Point", "coordinates": [393724.2, 5669149.8]}}, {"type": "Feature", "properties": {"h": 3.8, "r": 1.1}, "geometry": {"type": "Point", "coordinates": [392611.8, 5669032.8]}}, {"type": "Feature", "properties": {"h": 4.7, "r": 1.1}, "geometry": {"type": "Point", "coordinates": [392708.8, 5668706.2]}}, {"type": "Feature", "properties": {"h": 4.8, "r": 1.4}, "geometry": {"type": "Point", "coordinates": [393402.8, 5668357.2]}}, {"type": "Feature", "properties": {"h": 4.2, "r": 1.4}, "geometry": {"type": "Point", "coordinates": [393754.2, 5669378.2]}}, {"type": "Feature", "properties": {"h": 4.7, "r": 1.0}, "geometry": {"type": "Point", "coordinates": [393288.2, 5668502.8]}}, {"type": "Feature", "properties": {"h": 4.0, "r": 1.1}, "geometry": {"type": "Point", "coordinates": [393181.8, 5668079.2]}}, {"type": "Feature", "properties": {"h": 5.2, "r": 1.1}, "geometry": {"type": "Point", "coordinates": [392979.2, 5669886.2]}}, {"type": "Feature", "properties": {"h": 4.8, "r": 1.1}, "geometry": {"type": "Point", "coordinates": [392926.8, 5669926.8]}}, {"type": "Feature", "properties": {"h": 5.4, "r": 1.1}, "geometry": {"type": "Point", "coordinates": [393103.2, 5669679.2]}}, {"type": "Feature", "properties": {"h": 6.6, "r": 1.0}, "geometry": {"type": "Point", "coordinates": [393455.8, 5668940.2]}}, {"type": "Feature", "properties": {"h": 4.0, "r": 1.4}, "geometry": {"type": "Point", "coordinates": [392544.2, 5669909.8]}}, {"type": "Feature", "properties": {"h": 5.3, "r": 1.1}, "geometry": {"type": "Point", "coordinates": [393675.8, 5669199.8]}}, {"type": "Feature", "properties": {"h": 4.4, "r": 1.1}, "geometry": {"type": "Point", "coordinates": [392273.8, 5669373.8]}}, {"type": "Feature", "properties": {"h": 5.6, "r": 1.0}, "geometry": {"type": "Point", "coordinates": [392998.8, 5668521.8]}}, {"type": "Feature", "properties": {"h": 4.3, "r": 1.1}, "geometry": {"type": "Point", "coordinates": [393233.2, 5669223.8]}}, {"type": "Feature", "properties": {"h": 4.1, "r": 1.4}, "geometry": {"type": "Point", "coordinates": [392027.2, 5669337.8]}}, {"type": "Feature", "properties": {"h": 7.2, "r": 1.0}, "geometry": {"type": "Point", "coordinates": [392849.2, 5668533.8]}}, {"type": "Feature", "properties": {"h": 4.4, "r": 1.6}, "geometry": {"type": "Point", "coordinates": [393573.8, 5669229.8]}}, {"type": "Feature", "properties": {"h": 4.4, "r": 1.0}, "geometry": {"type": "Point", "coordinates": [393236.8, 5669223.8]}}, {"type": "Feature", "properties": {"h": 6.8, "r": 1.0}, "geometry": {"type": "Point", "coordinates": [392772.2, 5668030.8]}}, {"type": "Feature", "properties": {"h": 8.3, "r": 1.0}, "geometry": {"type": "Point", "coordinates": [392354.8, 5668838.2]}}, {"type": "Feature", "properties": {"h": 4.4, "r": 1.4}, "geometry": {"type": "Point", "coordinates": [392272.2, 5668860.8]}}, {"type": "Feature", "properties": {"h": 7.1, "r": 1.0}, "geometry": {"type": "Point", "coordinates": [393812.2, 5668973.8]}}, {"type": "Feature", "properties": {"h": 3.9, "r": 1.5}, "geometry": {"type": "Point", "coordinates": [393688.8, 5669349.2]}}, {"type": "Feature", "properties": {"h": 4.3, "r": 1.4}, "geometry": {"type": "Point", "coordinates": [392898.2, 5669268.2]}}, {"type": "Feature", "properties": {"h": 8.4, "r": 1.0}, "geometry": {"type": "Point", "coordinates": [393646.8, 5669563.2]}}, {"type": "Feature", "properties": {"h": 4.6, "r": 1.4}, "geometry": {"type": "Point", "coordinates": [393087.2, 5669320.8]}}, {"type": "Feature", "properties": {"h": 4.9, "r": 1.4}, "geometry": {"type": "Point", "coordinates": [392595.8, 5668093.8]}}, {"type": "Feature", "properties": {"h": 4.7, "r": 1.1}, "geometry": {"type": "Point", "coordinates": [392015.8, 5668322.8]}}, {"type": "Feature", "properties": {"h": 6.5, "r": 1.0}, "geometry": {"type": "Point", "coordinates": [392984.8, 5669050.2]}}, {"type": "Feature", "properties": {"h": 4.5, "r": 1.4}, "geometry": {"type": "Point", "coordinates": [393690.8, 5669689.2]}}, {"type": "Feature", "properties": {"h": 4.7, "r": 1.0}, "geometry": {"type": "Point", "coordinates": [393888.2, 5669383.8]}}, {"type": "Feature", "properties": {"h": 4.3, "r": 1.5}, "geometry": {"type": "Point", "coordinates": [392586.8, 5669486.2]}}, {"type": "Feature", "properties": {"h": 4.4, "r": 1.8}, "geometry": {"type": "Point", "coordinates": [393894.8, 5669635.8]}}, {"type": "Feature", "properties": {"h": 4.3, "r": 1.4}, "geometry": {"type": "Point", "coordinates": [392682.8, 5668040.8]}}, {"type": "Feature", "properties": {"h": 4.5, "r": 1.4}, "geometry": {"type": "Point", "coordinates": [393665.2, 5669150.8]}}, {"type": "Feature", "properties": {"h": 5.0, "r": 1.0}, "geometry": {"type": "Point", "coordinates": [393435.8, 5669986.8]}}, {"type": "Feature", "properties": {"h": 3.9, "r": 1.5}, "geometry": {"type": "Point", "coordinates": [393192.8, 5669588.2]}}, {"type": "Feature", "properties": {"h": 8.7, "r": 1.0}, "geometry": {"type": "Point", "coordinates": [393968.2, 5668361.2]}}, {"type": "Feature", "properties": {"h": 5.6, "r": 1.0}, "geometry": {"type": "Point", "coordinates": [393550.8, 5669974.8]}}, {"type": "Feature", "properties": {"h": 3.6, "r": 1.1}, "geometry": {"type": "Point", "coordinates": [392865.8, 5668298.8]}}, {"type": "Feature", "properties": {"h": 4.0, "r": 1.5}, "geometry": {"type": "Point", "coordinates": [392007.8, 5668537.8]}}, {"type": "Feature", "properties": {"h": 4.7, "r": 1.1}, "geometry": {"type": "Point", "coordinates": [393194.2, 5669434.2]}}, {"type": "Feature", "properties": {"h": 4.9, "r": 1.1}, "geometry": {"type": "Point", "coordinates": [393005.2, 5669241.8]}}, {"type": "Feature", "properties": {"h": 5.9, "r": 1.0}, "geometry": {"type": "Point", "coordinates": [393066.8, 5668139.8]}}, {"type": "Feature", "properties": {"h": 6.0, "r": 1.0}, "geometry": {"type": "Point", "coordinates": [393045.8, 5668504.2]}}, {"type": "Feature", "properties": {"h": 4.0, "r": 1.4}, "geometry": {"type": "Point", "coordinates": [392916.8, 5669479.2]}}, {"type": "Feature", "properties": {"h": 5.9, "r": 1.0}, "geometry": {"type": "Point", "coordinates": [393448.2, 5669959.8]}}, {"type": "Feature", "properties": {"h": 4.4, "r": 1.1}, "geometry": {"type": "Point", "coordinates": [392119.8, 5668394.8]}}, {"type": "Feature", "properties": {"h": 5.6, "r": 1.0}, "geometry": {"type": "Point", "coordinates": [392157.2, 5669173.8]}}, {"type": "Feature", "properties": {"h": 9.2, "r": 1.0}, "geometry": {"type": "Point", "coordinates": [392950.8, 5669829.2]}}, {"type": "Feature", "properties": {"h": 5.2, "r": 1.1}, "geometry": {"type": "Point", "coordinates": [393875.8, 5668768.2]}}, {"type": "Feature", "properties": {"h": 3.9, "r": 1.1}, "geometry": {"type": "Point", "coordinates": [392112.2, 5668437.2]}}, {"type": "Feature", "properties": {"h": 5.3, "r": 1.1}, "geometry": {"type": "Point", "coordinates": [392726.8, 5668502.2]}}, {"type": "Feature", "properties": {"h": 4.0, "r": 1.4}, "geometry": {"type": "Point", "coordinates": [393215.8, 5668193.8]}}, {"type": "Feature", "properties": {"h": 4.6, "r": 1.0}, "geometry": {"type": "Point", "coordinates": [392750.8, 5669838.8]}}, {"type": "Feature", "properties": {"h": 4.4, "r": 1.1}, "geometry": {"type": "Point", "coordinates": [392948.2, 5668698.2]}}, {"type": "Feature", "properties": {"h": 4.4, "r": 1.4}, "geometry": {"type": "Point", "coordinates": [393687.8, 5668002.2]}}, {"type": "Feature", "properties": {"h": 3.8, "r": 1.5}, "geometry": {"type": "Point", "coordinates": [393026.2, 5668034.2]}}, {"type": "Feature", "properties": {"h": 5.2, "r": 1.0}, "geometry": {"type": "Point", "coordinates": [393275.8, 5668333.8]}}, {"type": "Feature", "properties": {"h": 5.2, "r": 1.0}, "geometry": {"type": "Point", "coordinates": [393553.8, 5669988.8]}}, {"type": "Feature", "properties": {"h": 4.2, "r": 1.4}, "geometry": {"type": "Point", "coordinates": [393822.2, 5669427.8]}}, {"type": "Feature", "properties": {"h": 6.2, "r": 1.0}, "geometry": {"type": "Point", "coordinates": [392397.2, 5668015.2]}}, {"type": "Feature", "properties": {"h": 3.5, "r": 1.1}, "geometry": {"type": "Point", "coordinates": [392661.2, 5668925.2]}}, {"type": "Feature", "properties": {"h": 4.2, "r": 1.0}, "geometry": {"type": "Point", "coordinates": [392380.8, 5668344.2]}}, {"type": "Feature", "properties": {"h": 5.2, "r": 1.0}, "geometry": {"type": "Point", "coordinates": [393259.2, 5668044.2]}}, {"type": "Feature", "properties": {"h": 4.3, "r": 1.0}, "geometry": {"type": "Point", "coordinates": [392998.2, 5669454.8]}}, {"type": "Feature", "properties": {"h": 3.9, "r": 1.1}, "geometry": {"type": "Point", "coordinates": [392706.8, 5668836.2]}}, {"type": "Feature", "properties": {"h": 4.2, "r": 1.4}, "geometry": {"type": "Point", "coordinates": [392186.8, 5668820.2]}}, {"type": "Feature", "properties": {"h": 4.1, "r": 1.5}, "geometry": {"type": "Point", "coordinates": [392421.8, 5669468.8]}}, {"type": "Feature", "properties": {"h": 4.3, "r": 1.4}, "geometry": {"type": "Point", "coordinates": [393868.8, 5669207.2]}}, {"type": "Feature", "properties": {"h": 4.2, "r": 1.5}, "geometry": {"type": "Point", "coordinates": [393318.8, 5668107.8]}}, {"type": "Feature", "properties": {"h": 4.5, "r": 1.4}, "geometry": {"type": "Point", "coordinates": [392363.8, 5668349.2]}}, {"type": "Feature", "properties": {"h": 5.7, "r": 1.0}, "geometry": {"type": "Point", "coordinates": [393973.2, 5669019.8]}}, {"type": "Feature", "properties": {"h": 3.9, "r": 1.4}, "geometry": {"type": "Point", "coordinates": [392926.2, 5669815.8]}}, {"type": "Feature", "properties": {"h": 3.8, "r": 1.4}, "geometry": {"type": "Point", "coordinates": [392686.8, 5668668.8]}}, {"type": "Feature", "properties": {"h": 4.5, "r": 1.0}, "geometry": {"type": "Point", "coordinates": [392127.8, 5668366.2]}}, {"type": "Feature", "properties": {"h": 4.2, "r": 1.4}, "geometry": {"type": "Point", "coordinates": [392877.8, 5669021.2]}}, {"type": "Feature", "properties": {"h": 4.9, "r": 1.0}, "geometry": {"type": "Point", "coordinates": [392467.2, 5668309.2]}}, {"type": "Feature", "properties": {"h": 5.8, "r": 1.0}, "geometry": {"type": "Point", "coordinates": [393047.8, 5668409.8]}}, {"type": "Feature", "properties": {"h": 6.0, "r": 1.0}, "geometry": {"type": "Point", "coordinates": [392413.8, 5669741.8]}}, {"type": "Feature", "properties": {"h": 19.1, "r": 1.0}, "geometry": {"type": "Point", "coordinates": [392163.2, 5668035.8]}}, {"type": "Feature", "properties": {"h": 5.1, "r": 1.0}, "geometry": {"type": "Point", "coordinates": [393552.8, 5668714.8]}}, {"type": "Feature", "properties": {"h": 4.6, "r": 1.0}, "geometry": {"type": "Point", "coordinates": [392888.2, 5669961.2]}}, {"type": "Feature", "properties": {"h": 4.9, "r": 1.4}, "geometry": {"type": "Point", "coordinates": [392339.8, 5668375.8]}}, {"type": "Feature", "properties": {"h": 4.4, "r": 1.1}, "geometry": {"type": "Point", "coordinates": [393966.8, 5668640.8]}}, {"type": "Feature", "properties": {"h": 4.7, "r": 1.1}, "geometry": {"type": "Point", "coordinates": [393238.2, 5668104.8]}}, {"type": "Feature", "properties": {"h": 3.8, "r": 1.4}, "geometry": {"type": "Point", "coordinates": [393592.2, 5668062.2]}}, {"type": "Feature", "properties": {"h": 4.2, "r": 1.4}, "geometry": {"type": "Point", "coordinates": [393206.8, 5669362.2]}}, {"type": "Feature", "properties": {"h": 5.0, "r": 1.4}, "geometry": {"type": "Point", "coordinates": [392431.2, 5669344.2]}}, {"type": "Feature", "properties": {"h": 6.6, "r": 1.0}, "geometry": {"type": "Point", "coordinates": [393594.8, 5669683.2]}}, {"type": "Feature", "properties": {"h": 3.9, "r": 1.4}, "geometry": {"type": "Point", "coordinates": [393774.2, 5668827.8]}}, {"type": "Feature", "properties": {"h": 3.1, "r": 1.1}, "geometry": {"type": "Point", "coordinates": [393422.8, 5668693.2]}}, {"type": "Feature", "properties": {"h": 3.4, "r": 1.4}, "geometry": {"type": "Point", "coordinates": [392695.8, 5668734.8]}}, {"type": "Feature", "properties": {"h": 4.3, "r": 1.0}, "geometry": {"type": "Point", "coordinates": [393222.2, 5668529.8]}}, {"type": "Feature", "properties": {"h": 4.9, "r": 1.1}, "geometry": {"type": "Point", "coordinates": [393019.8, 5668393.8]}}, {"type": "Feature", "properties": {"h": 4.6, "r": 1.0}, "geometry": {"type": "Point", "coordinates": [393975.8, 5669280.8]}}, {"type": "Feature", "properties": {"h": 6.3, "r": 1.0}, "geometry": {"type": "Point", "coordinates": [393556.2, 5669997.2]}}, {"type": "Feature", "properties": {"h": 4.2, "r": 1.1}, "geometry": {"type": "Point", "coordinates": [393983.8, 5669580.8]}}, {"type": "Feature", "properties": {"h": 4.3, "r": 1.0}, "geometry": {"type": "Point", "coordinates": [392243.8, 5668371.2]}}, {"type": "Feature", "properties": {"h": 3.8, "r": 1.4}, "geometry": {"type": "Point", "coordinates": [393355.8, 5668579.2]}}, {"type": "Feature", "properties": {"h": 3.9, "r": 1.4}, "geometry": {"type": "Point", "coordinates": [392159.2, 5668399.2]}}, {"type": "Feature", "properties": {"h": 3.9, "r": 1.4}, "geometry": {"type": "Point", "coordinates": [392039.8, 5668584.8]}}, {"type": "Feature", "properties": {"h": 3.8, "r": 1.4}, "geometry": {"type": "Point", "coordinates": [393181.2, 5668805.8]}}, {"type": "Feature", "properties": {"h": 4.2, "r": 1.1}, "geometry": {"type": "Point", "coordinates": [392164.8, 5668665.8]}}, {"type": "Feature", "properties": {"h": 4.7, "r": 1.1}, "geometry": {"type": "Point", "coordinates": [392378.2, 5668315.2]}}, {"type": "Feature", "properties": {"h": 4.1, "r": 1.4}, "geometry": {"type": "Point", "coordinates": [392272.2, 5668775.8]}}, {"type": "Feature", "properties": {"h": 4.1, "r": 1.4}, "geometry": {"type": "Point", "coordinates": [393145.2, 5668088.2]}}, {"type": "Feature", "properties": {"h": 5.8, "r": 1.0}, "geometry": {"type": "Point", "coordinates": [392163.2, 5668828.2]}}, {"type": "Feature", "properties": {"h": 4.8, "r": 1.1}, "geometry": {"type": "Point", "coordinates": [393545.2, 5669534.2]}}, {"type": "Feature", "properties": {"h": 4.4, "r": 1.4}, "geometry": {"type": "Point", "coordinates": [392991.8, 5668117.2]}}, {"type": "Feature", "properties": {"h": 5.2, "r": 1.1}, "geometry": {"type": "Point", "coordinates": [392161.2, 5669883.2]}}, {"type": "Feature", "properties": {"h": 4.3, "r": 1.5}, "geometry": {"type": "Point", "coordinates": [392038.2, 5669282.8]}}, {"type": "Feature", "properties": {"h": 5.8, "r": 1.0}, "geometry": {"type": "Point", "coordinates": [393182.2, 5668098.8]}}, {"type": "Feature", "properties": {"h": 5.8, "r": 1.1}, "geometry": {"type": "Point", "coordinates": [392792.8, 5669260.2]}}, {"type": "Feature", "properties": {"h": 5.4, "r": 1.0}, "geometry": {"type": "Point", "coordinates": [392216.2, 5669941.2]}}, {"type": "Feature", "properties": {"h": 5.2, "r": 1.1}, "geometry": {"type": "Point", "coordinates": [393071.8, 5669547.8]}}, {"type": "Feature", "properties": {"h": 4.7, "r": 1.0}, "geometry": {"type": "Point", "coordinates": [392254.8, 5668893.2]}}, {"type": "Feature", "properties": {"h": 4.5, "r": 1.0}, "geometry": {"type": "Point", "coordinates": [393725.8, 5669335.2]}}, {"type": "Feature", "properties": {"h": 4.1, "r": 1.5}, "geometry": {"type": "Point", "coordinates": [392514.8, 5669184.8]}}, {"type": "Feature", "properties": {"h": 5.0, "r": 1.0}, "geometry": {"type": "Point", "coordinates": [393348.8, 5668553.2]}}, {"type": "Feature", "properties": {"h": 3.6, "r": 1.0}, "geometry": {"type": "Point", "coordinates": [392123.8, 5668672.2]}}, {"type": "Feature", "properties": {"h": 5.9, "r": 1.0}, "geometry": {"type": "Point", "coordinates": [392914.2, 5668880.2]}}, {"type": "Feature", "properties": {"h": 5.6, "r": 1.0}, "geometry": {"type": "Point", "coordinates": [393906.2, 5668643.2]}}, {"type": "Feature", "properties": {"h": 4.8, "r": 1.1}, "geometry": {"type": "Point", "coordinates": [393078.8, 5669336.2]}}, {"type": "Feature", "properties": {"h": 4.3, "r": 1.0}, "geometry": {"type": "Point", "coordinates": [392822.8, 5668989.2]}}, {"type": "Feature", "properties": {"h": 5.4, "r": 1.0}, "geometry": {"type": "Point", "coordinates": [392206.2, 5668432.8]}}, {"type": "Feature", "properties": {"h": 4.4, "r": 1.4}, "geometry": {"type": "Point", "coordinates": [392267.2, 5669547.8]}}, {"type": "Feature", "properties": {"h": 5.0, "r": 1.0}, "geometry": {"type": "Point", "coordinates": [392715.8, 5669195.8]}}, {"type": "Feature", "properties": {"h": 3.2, "r": 1.0}, "geometry": {"type": "Point", "coordinates": [392304.2, 5668432.8]}}, {"type": "Feature", "properties": {"h": 4.6, "r": 1.1}, "geometry": {"type": "Point", "coordinates": [393429.8, 5668251.8]}}, {"type": "Feature", "properties": {"h": 5.5, "r": 1.0}, "geometry": {"type": "Point", "coordinates": [393656.8, 5669302.2]}}, {"type": "Feature", "properties": {"h": 4.2, "r": 1.1}, "geometry": {"type": "Point", "coordinates": [392871.2, 5668952.8]}}, {"type": "Feature", "properties": {"h": 4.2, "r": 1.1}, "geometry": {"type": "Point", "coordinates": [392897.2, 5668283.8]}}, {"type": "Feature", "properties": {"h": 4.1, "r": 1.1}, "geometry": {"type": "Point", "coordinates": [392479.8, 5668288.8]}}, {"type": "Feature", "properties": {"h": 6.0, "r": 1.0}, "geometry": {"type": "Point", "coordinates": [393707.8, 5669096.2]}}, {"type": "Feature", "properties": {"h": 5.5, "r": 1.0}, "geometry": {"type": "Point", "coordinates": [392607.2, 5668489.8]}}, {"type": "Feature", "properties": {"h": 5.0, "r": 1.0}, "geometry": {"type": "Point", "coordinates": [393841.8, 5669654.8]}}, {"type": "Feature", "properties": {"h": 4.2, "r": 1.4}, "geometry": {"type": "Point", "coordinates": [393245.2, 5668087.8]}}, {"type": "Feature", "properties": {"h": 4.0, "r": 1.0}, "geometry": {"type": "Point", "coordinates": [393111.2, 5669693.2]}}, {"type": "Feature", "properties": {"h": 3.8, "r": 1.1}, "geometry": {"type": "Point", "coordinates": [393446.8, 5668749.2]}}, {"type": "Feature", "properties": {"h": 3.8, "r": 1.1}, "geometry": {"type": "Point", "coordinates": [392715.8, 5668928.2]}}, {"type": "Feature", "properties": {"h": 4.3, "r": 1.1}, "geometry": {"type": "Point", "coordinates": [393313.8, 5668795.8]}}, {"type": "Feature", "properties": {"h": 4.4, "r": 1.1}, "geometry": {"type": "Point", "coordinates": [393820.8, 5668630.8]}}, {"type": "Feature", "properties": {"h": 5.3, "r": 1.0}, "geometry": {"type": "Point", "coordinates": [392237.2, 5668731.8]}}, {"type": "Feature", "properties": {"h": 3.9, "r": 1.4}, "geometry": {"type": "Point", "coordinates": [393484.2, 5669774.2]}}, {"type": "Feature", "properties": {"h": 18.3, "r": 1.0}, "geometry": {"type": "Point", "coordinates": [392912.2, 5669057.2]}}, {"type": "Feature", "properties": {"h": 5.0, "r": 1.0}, "geometry": {"type": "Point", "coordinates": [392831.2, 5668943.8]}}, {"type": "Feature", "properties": {"h": 5.4, "r": 1.0}, "geometry": {"type": "Point", "coordinates": [392489.8, 5669336.8]}}, {"type": "Feature", "properties": {"h": 5.4, "r": 1.1}, "geometry": {"type": "Point", "coordinates": [392595.8, 5668999.2]}}, {"type": "Feature", "properties": {"h": 7.9, "r": 1.0}, "geometry": {"type": "Point", "coordinates": [392855.2, 5668346.2]}}, {"type": "Feature", "properties": {"h": 4.3, "r": 1.0}, "geometry": {"type": "Point", "coordinates": [392347.2, 5668261.2]}}, {"type": "Feature", "properties": {"h": 3.6, "r": 1.5}, "geometry": {"type": "Point", "coordinates": [393444.2, 5669670.2]}}, {"type": "Feature", "properties": {"h": 4.4, "r": 1.1}, "geometry": {"type": "Point", "coordinates": [392033.2, 5668229.2]}}, {"type": "Feature", "properties": {"h": 4.0, "r": 1.6}, "geometry": {"type": "Point", "coordinates": [393969.8, 5668206.2]}}, {"type": "Feature", "properties": {"h": 4.9, "r": 1.0}, "geometry": {"type": "Point", "coordinates": [392960.8, 5669083.2]}}, {"type": "Feature", "properties": {"h": 4.1, "r": 1.4}, "geometry": {"type": "Point", "coordinates": [392361.2, 5668742.2]}}, {"type": "Feature", "properties": {"h": 4.6, "r": 1.1}, "geometry": {"type": "Point", "coordinates": [393622.8, 5669308.2]}}, {"type": "Feature", "properties": {"h": 5.0, "r": 1.0}, "geometry": {"type": "Point", "coordinates": [392909.8, 5669923.8]}}, {"type": "Feature", "properties": {"h": 3.8, "r": 1.1}, "geometry": {"type": "Point", "coordinates": [392757.8, 5669189.2]}}, {"type": "Feature", "properties": {"h": 4.2, "r": 1.4}, "geometry": {"type": "Point", "coordinates": [393852.8, 5669679.8]}}, {"type": "Feature", "properties": {"h": 4.4, "r": 1.1}, "geometry": {"type": "Point", "coordinates": [393764.8, 5669528.8]}}, {"type": "Feature", "properties": {"h": 3.0, "r": 1.1}, "geometry": {"type": "Point", "coordinates": [393984.8, 5668468.2]}}, {"type": "Feature", "properties": {"h": 5.0, "r": 1.1}, "geometry": {"type": "Point", "coordinates": [392429.2, 5669809.8]}}, {"type": "Feature", "properties": {"h": 6.0, "r": 1.0}, "geometry": {"type": "Point", "coordinates": [393738.8, 5669337.2]}}, {"type": "Feature", "properties": {"h": 6.6, "r": 1.0}, "geometry": {"type": "Point", "coordinates": [392614.8, 5669964.8]}}, {"type": "Feature", "properties": {"h": 5.1, "r": 1.0}, "geometry": {"type": "Point", "coordinates": [392129.8, 5668130.2]}}, {"type": "Feature", "properties": {"h": 4.0, "r": 1.1}, "geometry": {"type": "Point", "coordinates": [393171.8, 5668219.2]}}, {"type": "Feature", "properties": {"h": 3.4, "r": 1.6}, "geometry": {"type": "Point", "coordinates": [392452.8, 5668320.2]}}, {"type": "Feature", "properties": {"h": 9.3, "r": 1.0}, "geometry": {"type": "Point", "coordinates": [392605.2, 5668052.2]}}, {"type": "Feature", "properties": {"h": 5.0, "r": 1.0}, "geometry": {"type": "Point", "coordinates": [392881.8, 5668864.8]}}, {"type": "Feature", "properties": {"h": 4.6, "r": 1.4}, "geometry": {"type": "Point", "coordinates": [392402.2, 5668076.2]}}, {"type": "Feature", "properties": {"h": 4.5, "r": 1.1}, "geometry": {"type": "Point", "coordinates": [393503.2, 5668183.2]}}, {"type": "Feature", "properties": {"h": 3.6, "r": 1.0}, "geometry": {"type": "Point", "coordinates": [392796.2, 5669851.8]}}, {"type": "Feature", "properties": {"h": 4.0, "r": 1.4}, "geometry": {"type": "Point", "coordinates": [393267.2, 5668403.8]}}, {"type": "Feature", "properties": {"h": 4.6, "r": 1.0}, "geometry": {"type": "Point", "coordinates": [392675.2, 5668945.2]}}, {"type": "Feature", "properties": {"h": 3.6, "r": 1.5}, "geometry": {"type": "Point", "coordinates": [392752.2, 5669503.8]}}, {"type": "Feature", "properties": {"h": 4.2, "r": 1.5}, "geometry": {"type": "Point", "coordinates": [392029.2, 5668519.2]}}, {"type": "Feature", "properties": {"h": 4.6, "r": 1.0}, "geometry": {"type": "Point", "coordinates": [392196.2, 5668699.8]}}, {"type": "Feature", "properties": {"h": 4.9, "r": 1.0}, "geometry": {"type": "Point", "coordinates": [393707.8, 5669702.2]}}, {"type": "Feature", "properties": {"h": 3.7, "r": 1.0}, "geometry": {"type": "Point", "coordinates": [393138.2, 5668748.2]}}, {"type": "Feature", "properties": {"h": 4.6, "r": 1.4}, "geometry": {"type": "Point", "coordinates": [392924.2, 5669891.8]}}, {"type": "Feature", "properties": {"h": 5.6, "r": 1.0}, "geometry": {"type": "Point", "coordinates": [393228.8, 5668273.2]}}, {"type": "Feature", "properties": {"h": 5.2, "r": 1.1}, "geometry": {"type": "Point", "coordinates": [393342.8, 5668644.2]}}, {"type": "Feature", "properties": {"h": 6.0, "r": 1.0}, "geometry": {"type": "Point", "coordinates": [393014.8, 5669835.8]}}, {"type": "Feature", "properties": {"h": 4.1, "r": 1.4}, "geometry": {"type": "Point", "coordinates": [392074.2, 5668718.8]}}, {"type": "Feature", "properties": {"h": 4.4, "r": 1.4}, "geometry": {"type": "Point", "coordinates": [393623.2, 5669454.8]}}, {"type": "Feature", "properties": {"h": 3.7, "r": 1.1}, "geometry": {"type": "Point", "coordinates": [392739.8, 5669307.8]}}, {"type": "Feature", "properties": {"h": 4.8, "r": 1.0}, "geometry": {"type": "Point", "coordinates": [393150.2, 5668005.2]}}, {"type": "Feature", "properties": {"h": 6.6, "r": 1.0}, "geometry": {"type": "Point", "coordinates": [392700.2, 5669405.2]}}, {"type": "Feature", "properties": {"h": 4.5, "r": 1.1}, "geometry": {"type": "Point", "coordinates": [393976.2, 5669404.2]}}, {"type": "Feature", "properties": {"h": 4.4, "r": 1.1}, "geometry": {"type": "Point", "coordinates": [392720.8, 5668934.2]}}, {"type": "Feature", "properties": {"h": 3.6, "r": 1.4}, "geometry": {"type": "Point", "coordinates": [392307.8, 5668455.8]}}, {"type": "Feature", "properties": {"h": 4.1, "r": 1.4}, "geometry": {"type": "Point", "coordinates": [392020.2, 5668717.8]}}, {"type": "Feature", "properties": {"h": 4.0, "r": 1.1}, "geometry": {"type": "Point", "coordinates": [393063.2, 5668129.8]}}, {"type": "Feature", "properties": {"h": 5.1, "r": 1.0}, "geometry": {"type": "Point", "coordinates": [392903.8, 5669453.2]}}, {"type": "Feature", "properties": {"h": 4.6, "r": 1.0}, "geometry": {"type": "Point", "coordinates": [393290.8, 5668718.8]}}, {"type": "Feature", "properties": {"h": 4.5, "r": 1.0}, "geometry": {"type": "Point", "coordinates": [392321.2, 5668344.2]}}, {"type": "Feature", "properties": {"h": 4.4, "r": 1.5}, "geometry": {"type": "Point", "coordinates": [393167.2, 5668649.2]}}, {"type": "Feature", "properties": {"h": 4.5, "r": 1.1}, "geometry": {"type": "Point", "coordinates": [393039.2, 5668957.8]}}, {"type": "Feature", "properties": {"h": 4.0, "r": 1.1}, "geometry": {"type": "Point", "coordinates": [392336.2, 5669201.8]}}, {"type": "Feature", "properties": {"h": 4.4, "r": 1.1}, "geometry": {"type": "Point", "coordinates": [393218.8, 5668525.2]}}, {"type": "Feature", "properties": {"h": 4.6, "r": 1.1}, "geometry": {"type": "Point", "coordinates": [392289.8, 5668567.2]}}, {"type": "Feature", "properties": {"h": 4.6, "r": 1.5}, "geometry": {"type": "Point", "coordinates": [393747.8, 5669570.8]}}, {"type": "Feature", "properties": {"h": 6.5, "r": 1.0}, "geometry": {"type": "Point", "coordinates": [393931.2, 5669475.2]}}, {"type": "Feature", "properties": {"h": 4.4, "r": 1.4}, "geometry": {"type": "Point", "coordinates": [393302.2, 5669298.2]}}, {"type": "Feature", "properties": {"h": 3.9, "r": 1.0}, "geometry": {"type": "Point", "coordinates": [393692.2, 5669729.2]}}, {"type": "Feature", "properties": {"h": 4.3, "r": 1.0}, "geometry": {"type": "Point", "coordinates": [393500.8, 5669741.2]}}, {"type": "Feature", "properties": {"h": 4.9, "r": 1.0}, "geometry": {"type": "Point", "coordinates": [392642.2, 5669411.8]}}, {"type": "Feature", "properties": {"h": 5.0, "r": 1.0}, "geometry": {"type": "Point", "coordinates": [393951.8, 5668862.8]}}, {"type": "Feature", "properties": {"h": 4.0, "r": 1.4}, "geometry": {"type": "Point", "coordinates": [392387.8, 5668995.8]}}, {"type": "Feature", "properties": {"h": 3.4, "r": 1.0}, "geometry": {"type": "Point", "coordinates": [393236.2, 5668112.8]}}, {"type": "Feature", "properties": {"h": 3.7, "r": 1.1}, "geometry": {"type": "Point", "coordinates": [393102.8, 5668702.2]}}, {"type": "Feature", "properties": {"h": 3.8, "r": 1.4}, "geometry": {"type": "Point", "coordinates": [392733.8, 5668569.8]}}, {"type": "Feature", "properties": {"h": 5.2, "r": 1.1}, "geometry": {"type": "Point", "coordinates": [393477.2, 5669427.2]}}, {"type": "Feature", "properties": {"h": 4.1, "r": 1.1}, "geometry": {"type": "Point", "coordinates": [393834.2, 5669407.8]}}, {"type": "Feature", "properties": {"h": 5.0, "r": 1.0}, "geometry": {"type": "Point", "coordinates": [392410.2, 5669747.8]}}, {"type": "Feature", "properties": {"h": 4.6, "r": 1.1}, "geometry": {"type": "Point", "coordinates": [393517.2, 5669829.8]}}, {"type": "Feature", "properties": {"h": 6.0, "r": 1.0}, "geometry": {"type": "Point", "coordinates": [392452.8, 5668406.8]}}, {"type": "Feature", "properties": {"h": 3.8, "r": 1.0}, "geometry": {"type": "Point", "coordinates": [392736.8, 5669439.8]}}, {"type": "Feature", "properties": {"h": 4.1, "r": 1.0}, "geometry": {"type": "Point", "coordinates": [392582.8, 5669368.2]}}, {"type": "Feature", "properties": {"h": 3.5, "r": 1.4}, "geometry": {"type": "Point", "coordinates": [392435.8, 5669810.2]}}, {"type": "Feature", "properties": {"h": 3.2, "r": 1.0}, "geometry": {"type": "Point", "coordinates": [392873.2, 5669964.8]}}, {"type": "Feature", "properties": {"h": 5.8, "r": 1.0}, "geometry": {"type": "Point", "coordinates": [393722.8, 5669092.8]}}, {"type": "Feature", "properties": {"h": 5.5, "r": 1.0}, "geometry": {"type": "Point", "coordinates": [392441.8, 5669390.8]}}, {"type": "Feature", "properties": {"h": 3.9, "r": 1.1}, "geometry": {"type": "Point", "coordinates": [392221.8, 5668442.8]}}, {"type": "Feature", "properties": {"h": 4.4, "r": 1.0}, "geometry": {"type": "Point", "coordinates": [393528.8, 5669530.8]}}, {"type": "Feature", "properties": {"h": 4.7, "r": 1.1}, "geometry": {"type": "Point", "coordinates": [392165.8, 5668819.2]}}, {"type": "Feature", "properties": {"h": 4.3, "r": 1.0}, "geometry": {"type": "Point", "coordinates": [393105.2, 5668500.2]}}, {"type": "Feature", "properties": {"h": 5.1, "r": 1.0}, "geometry": {"type": "Point", "coordinates": [393600.2, 5669611.2]}}, {"type": "Feature", "properties": {"h": 3.7, "r": 1.5}, "geometry": {"type": "Point", "coordinates": [392320.2, 5668703.8]}}, {"type": "Feature", "properties": {"h": 4.6, "r": 1.4}, "geometry": {"type": "Point", "coordinates": [392728.2, 5669191.8]}}, {"type": "Feature", "properties": {"h": 5.2, "r": 1.0}, "geometry": {"type": "Point", "coordinates": [393884.2, 5668134.8]}}, {"type": "Feature", "properties": {"h": 3.7, "r": 1.1}, "geometry": {"type": "Point", "coordinates": [392398.8, 5668327.2]}}, {"type": "Feature", "properties": {"h": 3.8, "r": 1.4}, "geometry": {"type": "Point", "coordinates": [392788.8, 5668053.8]}}, {"type": "Feature", "properties": {"h": 4.6, "r": 1.0}, "geometry": {"type": "Point", "coordinates": [393788.8, 5669145.2]}}, {"type": "Feature", "properties": {"h": 5.3, "r": 1.0}, "geometry": {"type": "Point", "coordinates": [393030.8, 5669330.2]}}, {"type": "Feature", "properties": {"h": 6.0, "r": 1.0}, "geometry": {"type": "Point", "coordinates": [392889.8, 5668637.8]}}, {"type": "Feature", "properties": {"h": 5.2, "r": 1.0}, "geometry": {"type": "Point", "coordinates": [393724.8, 5669392.8]}}, {"type": "Feature", "properties": {"h": 3.7, "r": 1.1}, "geometry": {"type": "Point", "coordinates": [392398.8, 5668807.8]}}, {"type": "Feature", "properties": {"h": 3.9, "r": 1.1}, "geometry": {"type": "Point", "coordinates": [392318.2, 5668633.2]}}, {"type": "Feature", "properties": {"h": 4.4, "r": 1.0}, "geometry": {"type": "Point", "coordinates": [392972.2, 5669854.8]}}, {"type": "Feature", "properties": {"h": 4.0, "r": 1.1}, "geometry": {"type": "Point", "coordinates": [392748.8, 5669200.8]}}, {"type": "Feature", "properties": {"h": 5.0, "r": 1.0}, "geometry": {"type": "Point", "coordinates": [392168.2, 5668812.8]}}, {"type": "Feature", "properties": {"h": 4.3, "r": 1.0}, "geometry": {"type": "Point", "coordinates": [393182.8, 5669241.2]}}, {"type": "Feature", "properties": {"h": 4.1, "r": 1.4}, "geometry": {"type": "Point", "coordinates": [392781.2, 5669159.2]}}, {"type": "Feature", "properties": {"h": 3.8, "r": 1.0}, "geometry": {"type": "Point", "coordinates": [392878.2, 5668575.2]}}, {"type": "Feature", "properties": {"h": 4.7, "r": 1.0}, "geometry": {"type": "Point", "coordinates": [392598.8, 5669010.8]}}, {"type": "Feature", "properties": {"h": 5.0, "r": 1.0}, "geometry": {"type": "Point", "coordinates": [392671.8, 5668938.8]}}, {"type": "Feature", "properties": {"h": 4.6, "r": 1.1}, "geometry": {"type": "Point", "coordinates": [392148.8, 5669351.8]}}, {"type": "Feature", "properties": {"h": 4.4, "r": 1.0}, "geometry": {"type": "Point", "coordinates": [392111.2, 5669304.8]}}, {"type": "Feature", "properties": {"h": 4.4, "r": 1.1}, "geometry": {"type": "Point", "coordinates": [392712.2, 5668836.8]}}, {"type": "Feature", "properties": {"h": 4.3, "r": 1.0}, "geometry": {"type": "Point", "coordinates": [392901.8, 5668927.8]}}, {"type": "Feature", "properties": {"h": 4.8, "r": 1.0}, "geometry": {"type": "Point", "coordinates": [392272.8, 5668019.8]}}, {"type": "Feature", "properties": {"h": 4.4, "r": 1.4}, "geometry": {"type": "Point", "coordinates": [393681.2, 5668013.2]}}, {"type": "Feature", "properties": {"h": 3.8, "r": 1.4}, "geometry": {"type": "Point", "coordinates": [393251.2, 5669006.2]}}, {"type": "Feature", "properties": {"h": 3.6, "r": 1.4}, "geometry": {"type": "Point", "coordinates": [392142.2, 5669862.8]}}, {"type": "Feature", "properties": {"h": 4.8, "r": 1.0}, "geometry": {"type": "Point", "coordinates": [392075.8, 5668751.8]}}, {"type": "Feature", "properties": {"h": 4.6, "r": 1.0}, "geometry": {"type": "Point", "coordinates": [393048.2, 5669940.8]}}, {"type": "Feature", "properties": {"h": 4.0, "r": 1.0}, "geometry": {"type": "Point", "coordinates": [392060.8, 5668745.8]}}, {"type": "Feature", "properties": {"h": 4.5, "r": 1.0}, "geometry": {"type": "Point", "coordinates": [393831.8, 5668881.2]}}, {"type": "Feature", "properties": {"h": 4.7, "r": 1.1}, "geometry": {"type": "Point", "coordinates": [393289.2, 5668774.2]}}, {"type": "Feature", "properties": {"h": 4.1, "r": 1.1}, "geometry": {"type": "Point", "coordinates": [392465.2, 5669468.2]}}, {"type": "Feature", "properties": {"h": 4.4, "r": 1.0}, "geometry": {"type": "Point", "coordinates": [392974.8, 5669225.8]}}, {"type": "Feature", "properties": {"h": 3.1, "r": 1.1}, "geometry": {"type": "Point", "coordinates": [392719.8, 5668479.2]}}, {"type": "Feature", "properties": {"h": 5.5, "r": 1.0}, "geometry": {"type": "Point", "coordinates": [393807.2, 5669729.8]}}, {"type": "Feature", "properties": {"h": 5.7, "r": 1.0}, "geometry": {"type": "Point", "coordinates": [392894.8, 5668955.2]}}, {"type": "Feature", "properties": {"h": 4.9, "r": 1.1}, "geometry": {"type": "Point", "coordinates": [392585.8, 5668889.8]}}, {"type": "Feature", "properties": {"h": 4.5, "r": 1.4}, "geometry": {"type": "Point", "coordinates": [393660.2, 5669620.2]}}, {"type": "Feature", "properties": {"h": 5.6, "r": 1.0}, "geometry": {"type": "Point", "coordinates": [392650.8, 5669436.2]}}, {"type": "Feature", "properties": {"h": 4.1, "r": 1.1}, "geometry": {"type": "Point", "coordinates": [392093.8, 5669742.8]}}, {"type": "Feature", "properties": {"h": 10.2, "r": 1.0}, "geometry": {"type": "Point", "coordinates": [392303.2, 5668388.8]}}, {"type": "Feature", "properties": {"h": 4.7, "r": 1.1}, "geometry": {"type": "Point", "coordinates": [392023.8, 5668567.8]}}, {"type": "Feature", "properties": {"h": 4.4, "r": 1.0}, "geometry": {"type": "Point", "coordinates": [393590.2, 5668083.8]}}, {"type": "Feature", "properties": {"h": 7.1, "r": 1.0}, "geometry": {"type": "Point", "coordinates": [392890.8, 5669389.2]}}, {"type": "Feature", "properties": {"h": 4.2, "r": 1.0}, "geometry": {"type": "Point", "coordinates": [392899.2, 5669452.2]}}, {"type": "Feature", "properties": {"h": 3.4, "r": 1.4}, "geometry": {"type": "Point", "coordinates": [392207.8, 5668419.2]}}, {"type": "Feature", "properties": {"h": 4.6, "r": 1.0}, "geometry": {"type": "Point", "coordinates": [393296.8, 5668592.2]}}, {"type": "Feature", "properties": {"h": 4.3, "r": 1.1}, "geometry": {"type": "Point", "coordinates": [392607.8, 5668878.8]}}, {"type": "Feature", "properties": {"h": 4.2, "r": 1.0}, "geometry": {"type": "Point", "coordinates": [393069.2, 5669334.2]}}, {"type": "Feature", "properties": {"h": 3.8, "r": 1.0}, "geometry": {"type": "Point", "coordinates": [393855.2, 5668631.8]}}, {"type": "Feature", "properties": {"h": 4.3, "r": 1.0}, "geometry": {"type": "Point", "coordinates": [392763.2, 5668118.2]}}, {"type": "Feature", "properties": {"h": 5.2, "r": 1.0}, "geometry": {"type": "Point", "coordinates": [393772.8, 5669675.8]}}, {"type": "Feature", "properties": {"h": 4.0, "r": 1.1}, "geometry": {"type": "Point", "coordinates": [392149.2, 5669169.2]}}, {"type": "Feature", "properties": {"h": 4.0, "r": 1.0}, "geometry": {"type": "Point", "coordinates": [392790.2, 5668057.8]}}, {"type": "Feature", "properties": {"h": 3.1, "r": 1.4}, "geometry": {"type": "Point", "coordinates": [392057.2, 5668749.2]}}, {"type": "Feature", "properties": {"h": 4.1, "r": 1.1}, "geometry": {"type": "Point", "coordinates": [392668.8, 5669253.8]}}, {"type": "Feature", "properties": {"h": 4.5, "r": 1.0}, "geometry": {"type": "Point", "coordinates": [393952.2, 5668868.2]}}, {"type": "Feature", "properties": {"h": 3.8, "r": 1.1}, "geometry": {"type": "Point", "coordinates": [392953.2, 5669500.8]}}, {"type": "Feature", "properties": {"h": 4.6, "r": 1.0}, "geometry": {"type": "Point", "coordinates": [392882.8, 5669235.2]}}, {"type": "Feature", "properties": {"h": 4.0, "r": 1.0}, "geometry": {"type": "Point", "coordinates": [393824.8, 5669441.2]}}, {"type": "Feature", "properties": {"h": 3.9, "r": 1.1}, "geometry": {"type": "Point", "coordinates": [392764.2, 5669187.8]}}, {"type": "Feature", "properties": {"h": 4.3, "r": 1.1}, "geometry": {"type": "Point", "coordinates": [392836.8, 5669031.2]}}, {"type": "Feature", "properties": {"h": 4.9, "r": 1.1}, "geometry": {"type": "Point", "coordinates": [393128.2, 5669304.2]}}, {"type": "Feature", "properties": {"h": 3.8, "r": 1.1}, "geometry": {"type": "Point", "coordinates": [393304.8, 5668654.8]}}, {"type": "Feature", "properties": {"h": 4.1, "r": 1.0}, "geometry": {"type": "Point", "coordinates": [393308.8, 5668659.8]}}, {"type": "Feature", "properties": {"h": 4.1, "r": 1.0}, "geometry": {"type": "Point", "coordinates": [392140.2, 5668562.2]}}, {"type": "Feature", "properties": {"h": 5.1, "r": 1.1}, "geometry": {"type": "Point", "coordinates": [393083.8, 5669520.8]}}, {"type": "Feature", "properties": {"h": 13.4, "r": 1.0}, "geometry": {"type": "Point", "coordinates": [393341.8, 5668899.2]}}, {"type": "Feature", "properties": {"h": 3.5, "r": 1.1}, "geometry": {"type": "Point", "coordinates": [392267.8, 5668979.8]}}, {"type": "Feature", "properties": {"h": 3.8, "r": 1.1}, "geometry": {"type": "Point", "coordinates": [392719.2, 5669422.2]}}, {"type": "Feature", "properties": {"h": 4.4, "r": 1.0}, "geometry": {"type": "Point", "coordinates": [393199.2, 5668773.2]}}, {"type": "Feature", "properties": {"h": 7.9, "r": 1.0}, "geometry": {"type": "Point", "coordinates": [393083.8, 5669207.8]}}, {"type": "Feature", "properties": {"h": 4.3, "r": 1.0}, "geometry": {"type": "Point", "coordinates": [393878.8, 5669402.8]}}, {"type": "Feature", "properties": {"h": 3.9, "r": 1.1}, "geometry": {"type": "Point", "coordinates": [393162.2, 5668882.2]}}, {"type": "Feature", "properties": {"h": 5.1, "r": 1.0}, "geometry": {"type": "Point", "coordinates": [393086.8, 5669334.2]}}, {"type": "Feature", "properties": {"h": 4.2, "r": 1.4}, "geometry": {"type": "Point", "coordinates": [392086.8, 5668616.8]}}, {"type": "Feature", "properties": {"h": 3.6, "r": 1.4}, "geometry": {"type": "Point", "coordinates": [392201.2, 5668532.8]}}, {"type": "Feature", "properties": {"h": 3.9, "r": 1.5}, "geometry": {"type": "Point", "coordinates": [392166.8, 5668425.2]}}, {"type": "Feature", "properties": {"h": 4.4, "r": 1.0}, "geometry": {"type": "Point", "coordinates": [393353.8, 5668023.8]}}, {"type": "Feature", "properties": {"h": 3.3, "r": 1.4}, "geometry": {"type": "Point", "coordinates": [393094.8, 5668691.8]}}, {"type": "Feature", "properties": {"h": 3.9, "r": 1.0}, "geometry": {"type": "Point", "coordinates": [393580.2, 5668335.8]}}, {"type": "Feature", "properties": {"h": 3.5, "r": 1.1}, "geometry": {"type": "Point", "coordinates": [393949.2, 5669576.2]}}, {"type": "Feature", "properties": {"h": 4.5, "r": 1.0}, "geometry": {"type": "Point", "coordinates": [393031.8, 5668379.2]}}, {"type": "Feature", "properties": {"h": 4.4, "r": 1.0}, "geometry": {"type": "Point", "coordinates": [392932.2, 5669489.2]}}, {"type": "Feature", "properties": {"h": 3.3, "r": 1.1}, "geometry": {"type": "Point", "coordinates": [393130.2, 5668076.2]}}, {"type": "Feature", "properties": {"h": 4.4, "r": 1.0}, "geometry": {"type": "Point", "coordinates": [392493.8, 5668532.2]}}, {"type": "Feature", "properties": {"h": 4.6, "r": 1.0}, "geometry": {"type": "Point", "coordinates": [393004.8, 5669560.2]}}, {"type": "Feature", "properties": {"h": 3.3, "r": 1.5}, "geometry": {"type": "Point", "coordinates": [393444.2, 5669664.8]}}, {"type": "Feature", "properties": {"h": 4.3, "r": 1.0}, "geometry": {"type": "Point", "coordinates": [392249.8, 5668683.2]}}, {"type": "Feature", "properties": {"h": 5.8, "r": 1.0}, "geometry": {"type": "Point", "coordinates": [393406.2, 5668524.2]}}, {"type": "Feature", "properties": {"h": 3.4, "r": 1.1}, "geometry": {"type": "Point", "coordinates": [393775.2, 5668894.2]}}, {"type": "Feature", "properties": {"h": 4.0, "r": 1.0}, "geometry": {"type": "Point", "coordinates": [393318.2, 5668644.2]}}, {"type": "Feature", "properties": {"h": 4.9, "r": 1.1}, "geometry": {"type": "Point", "coordinates": [393053.2, 5669708.2]}}, {"type": "Feature", "properties": {"h": 4.4, "r": 1.0}, "geometry": {"type": "Point", "coordinates": [392647.2, 5669371.2]}}, {"type": "Feature", "properties": {"h": 3.5, "r": 1.4}, "geometry": {"type": "Point", "coordinates": [393313.2, 5669055.2]}}, {"type": "Feature", "properties": {"h": 4.3, "r": 1.0}, "geometry": {"type": "Point", "coordinates": [392792.8, 5669454.8]}}, {"type": "Feature", "properties": {"h": 4.4, "r": 1.1}, "geometry": {"type": "Point", "coordinates": [392852.8, 5669414.8]}}, {"type": "Feature", "properties": {"h": 3.5, "r": 1.0}, "geometry": {"type": "Point", "coordinates": [393439.8, 5669651.8]}}, {"type": "Feature", "properties": {"h": 4.6, "r": 1.0}, "geometry": {"type": "Point", "coordinates": [392670.2, 5668855.8]}}, {"type": "Feature", "properties": {"h": 3.5, "r": 1.4}, "geometry": {"type": "Point", "coordinates": [393700.2, 5668017.2]}}, {"type": "Feature", "properties": {"h": 8.4, "r": 1.0}, "geometry": {"type": "Point", "coordinates": [393023.8, 5669389.8]}}, {"type": "Feature", "properties": {"h": 3.0, "r": 1.4}, "geometry": {"type": "Point", "coordinates": [393900.2, 5669632.8]}}, {"type": "Feature", "properties": {"h": 4.2, "r": 1.4}, "geometry": {"type": "Point", "coordinates": [393268.2, 5668854.8]}}, {"type": "Feature", "properties": {"h": 4.2, "r": 1.0}, "geometry": {"type": "Point", "coordinates": [392993.2, 5668925.8]}}, {"type": "Feature", "properties": {"h": 3.9, "r": 1.1}, "geometry": {"type": "Point", "coordinates": [392957.2, 5668950.2]}}, {"type": "Feature", "properties": {"h": 4.5, "r": 1.0}, "geometry": {"type": "Point", "coordinates": [392150.8, 5668672.8]}}, {"type": "Feature", "properties": {"h": 4.2, "r": 1.0}, "geometry": {"type": "Point", "coordinates": [393832.8, 5669678.2]}}, {"type": "Feature", "properties": {"h": 3.9, "r": 1.1}, "geometry": {"type": "Point", "coordinates": [393875.8, 5668597.2]}}, {"type": "Feature", "properties": {"h": 4.1, "r": 1.1}, "geometry": {"type": "Point", "coordinates": [392500.8, 5669882.8]}}, {"type": "Feature", "properties": {"h": 3.9, "r": 1.1}, "geometry": {"type": "Point", "coordinates": [393738.2, 5668500.8]}}, {"type": "Feature", "properties": {"h": 3.6, "r": 1.4}, "geometry": {"type": "Point", "coordinates": [392197.2, 5668443.8]}}, {"type": "Feature", "properties": {"h": 3.2, "r": 1.0}, "geometry": {"type": "Point", "coordinates": [392676.2, 5668637.8]}}, {"type": "Feature", "properties": {"h": 4.3, "r": 1.0}, "geometry": {"type": "Point", "coordinates": [393610.8, 5669549.2]}}]}