{"type": "FeatureCollection", "attribution": "\u00a9 OpenStreetMap contributors (ODbL)", "crs": {"type": "name", "properties": {"name": "urn:ogc:def:crs:EPSG::25833"}}, "features": [{"type": "Feature", "properties": {"k": "colony"}, "geometry": {"type": "Polygon", "coordinates": [[[393068.18, 5668156.52], [393111.3, 5668171.04], [393113.45, 5668155.4], [393124.09, 5668095.77], [393075.33, 5668082.8], [393062.31, 5668084.11], [393068.18, 5668156.52]]]}}, {"type": "Feature", "properties": {"k": "colony"}, "geometry": {"type": "MultiPolygon", "coordinates": [[[[392561.67, 5668719.33], [392580.79, 5668721.68], [392587.78, 5668720.28], [392598.47, 5668719.3], [392599.56, 5668697.28], [392619.85, 5668698.71], [392618.24, 5668722.63], [392657.58, 5668724.29], [392657.9, 5668701.75], [392661.27, 5668701.64], [392669.36, 5668698.22], [392677.81, 5668693.01], [392697.2, 5668691.64], [392701.06, 5668692.89], [392704.24, 5668696.79], [392706.18, 5668704.16], [392709.09, 5668699.23], [392722.53, 5668676.51], [392725.3, 5668666.78], [392724.49, 5668661.01], [392721.55, 5668655.68], [392716.08, 5668650.97], [392703.79, 5668646.78], [392675.35, 5668640.79], [392658.26, 5668640.96], [392621.22, 5668642.56], [392558.12, 5668646.45], [392546.6, 5668651.68], [392543.14, 5668653.06], [392540.13, 5668653.35], [392537.69, 5668652.46], [392536.28, 5668650.6], [392535.75, 5668647.3], [392536.35, 5668645.23], [392523.66, 5668650.58], [392489.15, 5668665.13], [392485.03, 5668661.73], [392466.9, 5668681.7], [392523.03, 5668710.47], [392556.12, 5668732.43], [392561.67, 5668719.33]]], [[[392805.71, 5668688.69], [392733.64, 5668647.12], [392728.11, 5668656.69], [392729.72, 5668661.34], [392730.62, 5668668.9], [392713.22, 5668698.58], [392742.55, 5668713.23], [392781.27, 5668731.96], [392805.71, 5668688.69]]]]}}, {"type": "Feature", "properties": {"k": "colony"}, "geometry": {"type": "Polygon", "coordinates": [[[392666.13, 5669563.36], [392661.31, 5669563.65], [392660.62, 5669566.84], [392662.62, 5669572.61], [392665.45, 5669584.71], [392664.36, 5669593.33], [392640.68, 5669638.5], [392644.35, 5669652.41], [392647.86, 5669656.73], [392655.36, 5669658.86], [392663.15, 5669656.88], [392748.27, 5669622.87], [392731.71, 5669574.19], [392666.13, 5669563.36]]]}}, {"type": "Feature", "properties": {"k": "colony"}, "geometry": {"type": "Polygon", "coordinates": [[[393933.72, 5669824.31], [393895.1, 5669847.19], [393928.64, 5669884.89], [393957.61, 5669914.71], [393967.7, 5669926.55], [393973.27, 5669934.74], [393987.79, 5669944.14], [394000.0, 5669951.41], [394000.0, 5669891.03], [393933.72, 5669824.31]]]}}, {"type": "Feature", "properties": {"k": "colony"}, "geometry": {"type": "Polygon", "coordinates": [[[392595.47, 5669975.32], [392592.02, 5669974.18], [392567.58, 5669996.06], [392564.98, 5670000.0], [392615.48, 5670000.0], [392595.47, 5669975.32]]]}}, {"type": "Feature", "properties": {"k": "colony"}, "geometry": {"type": "Polygon", "coordinates": [[[392823.39, 5669946.06], [392846.17, 5669914.06], [392853.79, 5669907.94], [392840.05, 5669886.94], [392814.27, 5669902.09], [392811.72, 5669901.46], [392772.99, 5669930.74], [392751.74, 5669903.97], [392730.25, 5669921.31], [392710.34, 5669890.85], [392690.93, 5669899.81], [392651.98, 5669925.69], [392644.51, 5669931.84], [392644.55, 5669933.98], [392667.08, 5669966.1], [392660.79, 5669971.78], [392629.48, 5670000.0], [392691.15, 5670000.0], [392689.12, 5669997.22], [392703.33, 5669986.26], [392713.72, 5670000.0], [392760.8, 5670000.0], [392766.06, 5669989.82], [392814.79, 5669951.85], [392823.39, 5669946.06]]]}}, {"type": "Feature", "properties": {"k": "colony"}, "geometry": {"type": "Polygon", "coordinates": [[[392298.99, 5669457.61], [392321.73, 5669462.23], [392334.62, 5669461.72], [392352.32, 5669457.89], [392370.74, 5669448.55], [392372.93, 5669405.03], [392370.21, 5669398.3], [392329.08, 5669412.17], [392285.22, 5669425.01], [392279.14, 5669427.9], [392290.15, 5669458.29], [392298.99, 5669457.61]]]}}, {"type": "Feature", "properties": {"k": "colony"}, "geometry": {"type": "Polygon", "coordinates": [[[392367.93, 5669773.28], [392354.45, 5669774.9], [392333.41, 5669781.03], [392285.58, 5669804.78], [392255.53, 5669825.13], [392224.18, 5669847.76], [392206.07, 5669860.01], [392218.67, 5669898.52], [392231.57, 5669929.03], [392258.01, 5669934.26], [392283.67, 5669926.93], [392298.53, 5669905.03], [392374.43, 5669888.23], [392351.93, 5669832.1], [392384.13, 5669817.01], [392370.88, 5669787.86], [392391.95, 5669772.9], [392367.93, 5669773.28]]]}}, {"type": "Feature", "properties": {"k": "colony"}, "geometry": {"type": "Polygon", "coordinates": [[[392060.23, 5669780.29], [392079.83, 5669787.48], [392103.13, 5669792.69], [392109.91, 5669795.36], [392114.35, 5669796.67], [392130.27, 5669728.15], [392129.21, 5669721.8], [392101.14, 5669715.25], [392087.23, 5669754.54], [392065.98, 5669748.7], [392060.21, 5669765.87], [392049.92, 5669763.32], [392046.31, 5669765.5], [392042.4, 5669772.71], [392060.23, 5669780.29]]]}}, {"type": "Feature", "properties": {"k": "colony"}, "geometry": {"type": "Polygon", "coordinates": [[[392838.4, 5669478.95], [392825.95, 5669468.58], [392759.7, 5669530.02], [392762.17, 5669535.82], [392758.31, 5669539.87], [392757.6, 5669544.05], [392758.37, 5669549.32], [392761.24, 5669556.61], [392767.54, 5669566.44], [392772.04, 5669570.97], [392789.31, 5669578.05], [392791.91, 5669574.35], [392812.74, 5669588.09], [392869.11, 5669510.26], [392871.7, 5669506.69], [392838.4, 5669478.95]]]}}, {"type": "Feature", "properties": {"k": "colony"}, "geometry": {"type": "Polygon", "coordinates": [[[392836.64, 5668945.17], [392865.14, 5668900.15], [392823.54, 5668858.61], [392790.4, 5668849.64], [392794.27, 5668829.41], [392774.48, 5668829.38], [392766.54, 5668830.11], [392766.54, 5668834.97], [392758.89, 5668861.9], [392751.66, 5668886.23], [392796.03, 5668905.04], [392823.21, 5668932.45], [392836.64, 5668945.17]]]}}, {"type": "Feature", "properties": {"k": "colony"}, "geometry": {"type": "Polygon", "coordinates": [[[392375.7, 5668726.46], [392372.51, 5668747.28], [392371.47, 5668748.61], [392370.35, 5668751.58], [392348.03, 5668766.45], [392354.06, 5668779.78], [392356.24, 5668788.08], [392361.65, 5668812.85], [392403.21, 5668801.27], [392408.59, 5668820.98], [392414.83, 5668836.66], [392420.58, 5668851.05], [392415.93, 5668855.04], [392436.82, 5668886.15], [392447.85, 5668876.03], [392460.29, 5668864.55], [392462.84, 5668862.21], [392465.94, 5668859.57], [392463.19, 5668855.88], [392457.08, 5668843.08], [392449.0, 5668824.97], [392444.92, 5668813.72], [392441.96, 5668795.34], [392440.19, 5668782.36], [392441.54, 5668779.0], [392444.42, 5668777.27], [392475.26, 5668772.12], [392477.14, 5668769.83], [392479.53, 5668747.92], [392491.42, 5668749.7], [392492.82, 5668744.02], [392442.56, 5668736.1], [392383.81, 5668727.38], [392375.7, 5668726.46]]]}}, {"type": "Feature", "properties": {"k": "colony"}, "geometry": {"type": "Polygon", "coordinates": [[[392717.66, 5668527.99], [392699.81, 5668509.91], [392694.73, 5668507.89], [392687.37, 5668510.55], [392613.45, 5668542.45], [392605.7, 5668544.87], [392591.27, 5668552.32], [392577.0, 5668561.53], [392565.61, 5668576.44], [392561.51, 5668584.5], [392572.3, 5668604.25], [392575.94, 5668609.87], [392584.14, 5668604.4], [392630.93, 5668589.86], [392655.23, 5668580.45], [392682.98, 5668572.47], [392689.35, 5668573.28], [392737.48, 5668589.18], [392741.79, 5668586.95], [392746.7, 5668575.53], [392720.81, 5668563.19], [392732.6, 5668538.4], [392717.66, 5668527.99]]]}}, {"type": "Feature", "properties": {"k": "colony"}, "geometry": {"type": "Polygon", "coordinates": [[[393164.52, 5668005.99], [393164.91, 5668022.57], [393172.67, 5668024.32], [393190.4, 5668027.62], [393188.81, 5668018.89], [393218.79, 5668011.46], [393226.99, 5668009.11], [393237.93, 5668007.58], [393237.92, 5668005.74], [393236.92, 5668000.0], [393163.93, 5668000.0], [393164.52, 5668005.99]]]}}, {"type": "Feature", "properties": {"k": "colony"}, "geometry": {"type": "Polygon", "coordinates": [[[392622.62, 5669700.85], [392611.42, 5669705.72], [392606.23, 5669690.95], [392601.82, 5669675.15], [392591.1, 5669664.66], [392575.1, 5669671.4], [392570.76, 5669670.22], [392547.36, 5669602.95], [392472.94, 5669635.11], [392425.84, 5669655.08], [392457.9, 5669667.66], [392506.61, 5669702.11], [392513.65, 5669724.67], [392533.2, 5669744.44], [392568.26, 5669820.14], [392600.64, 5669875.23], [392633.08, 5669832.0], [392644.27, 5669825.75], [392656.74, 5669812.43], [392622.62, 5669700.85]]]}}, {"type": "Feature", "properties": {"k": "colony"}, "geometry": {"type": "Polygon", "coordinates": [[[392666.74, 5669809.96], [392699.34, 5669756.15], [392717.75, 5669744.23], [392737.38, 5669733.03], [392764.58, 5669732.11], [392791.67, 5669755.16], [392811.82, 5669770.31], [392836.89, 5669750.69], [392858.11, 5669724.71], [392869.63, 5669714.41], [392888.02, 5669698.92], [392894.94, 5669691.1], [392897.64, 5669685.57], [392898.07, 5669681.64], [392897.1, 5669677.63], [392893.99, 5669672.67], [392831.78, 5669612.85], [392826.45, 5669615.96], [392795.57, 5669619.74], [392769.17, 5669630.88], [392644.5, 5669678.71], [392634.19, 5669693.4], [392622.62, 5669700.85], [392656.74, 5669812.43], [392666.74, 5669809.96]]]}}, {"type": "Feature", "properties": {"k": "colony"}, "geometry": {"type": "Polygon", "coordinates": [[[392901.45, 5669725.25], [392920.44, 5669714.64], [392935.95, 5669681.6], [392941.2, 5669678.0], [392954.41, 5669683.05], [392970.21, 5669695.64], [392992.17, 5669682.77], [393027.88, 5669657.14], [393002.93, 5669590.04], [392973.25, 5669599.55], [392949.86, 5669610.69], [392941.66, 5669614.6], [392943.45, 5669617.18], [392923.09, 5669628.68], [392899.34, 5669648.17], [392876.59, 5669625.06], [392857.16, 5669633.51], [392895.75, 5669669.15], [392900.66, 5669675.64], [392901.44, 5669681.48], [392900.55, 5669690.38], [392867.53, 5669720.07], [392901.45, 5669725.25]]]}}, {"type": "Feature", "properties": {"k": "colony"}, "geometry": {"type": "Polygon", "coordinates": [[[392553.44, 5668750.03], [392556.12, 5668732.43], [392523.03, 5668710.47], [392466.9, 5668681.7], [392449.34, 5668680.95], [392425.31, 5668611.14], [392396.15, 5668620.96], [392392.34, 5668622.71], [392388.82, 5668626.46], [392384.5, 5668628.04], [392373.72, 5668628.89], [392369.72, 5668629.01], [392358.99, 5668627.57], [392343.07, 5668622.74], [392329.23, 5668616.69], [392322.17, 5668614.84], [392317.41, 5668615.68], [392303.12, 5668615.9], [392289.51, 5668613.09], [392272.41, 5668607.53], [392263.53, 5668638.67], [392287.62, 5668646.68], [392305.43, 5668651.56], [392347.31, 5668659.52], [392343.03, 5668681.58], [392386.74, 5668680.91], [392383.91, 5668725.74], [392494.46, 5668741.51], [392553.44, 5668750.03]]]}}, {"type": "Feature", "properties": {"k": "colony"}, "geometry": {"type": "Polygon", "coordinates": [[[392093.72, 5668490.18], [392133.41, 5668491.73], [392135.13, 5668468.02], [392226.33, 5668465.83], [392241.81, 5668472.51], [392246.65, 5668494.07], [392251.99, 5668494.95], [392277.3, 5668485.06], [392295.15, 5668472.81], [392307.58, 5668461.56], [392305.55, 5668454.01], [392298.93, 5668447.45], [392297.53, 5668442.95], [392247.18, 5668453.5], [392246.61, 5668450.75], [392241.42, 5668449.88], [392234.25, 5668445.58], [392188.98, 5668447.52], [392188.76, 5668445.74], [392171.14, 5668446.77], [392147.27, 5668447.27], [392143.46, 5668453.42], [392085.25, 5668453.67], [392041.85, 5668450.77], [392042.33, 5668459.63], [392045.99, 5668464.77], [392086.98, 5668466.39], [392093.72, 5668490.18]]]}}, {"type": "Feature", "properties": {"k": "vineyard"}, "geometry": {"type": "Polygon", "coordinates": [[[393754.72, 5669275.57], [393770.72, 5669257.29], [393788.37, 5669241.1], [393752.94, 5669212.51], [393735.01, 5669205.53], [393716.83, 5669203.29], [393693.5, 5669210.56], [393673.31, 5669228.27], [393662.88, 5669245.23], [393656.17, 5669267.65], [393667.39, 5669277.9], [393691.03, 5669263.56], [393692.38, 5669258.85], [393740.03, 5669299.57], [393754.72, 5669275.57]]]}}, {"type": "Feature", "properties": {"k": "row"}, "geometry": {"type": "LineString", "coordinates": [[393743.09, 5669294.56], [393738.64, 5669298.38]]}}, {"type": "Feature", "properties": {"k": "row"}, "geometry": {"type": "LineString", "coordinates": [[393746.16, 5669289.55], [393737.26, 5669297.2]]}}, {"type": "Feature", "properties": {"k": "row"}, "geometry": {"type": "LineString", "coordinates": [[393749.23, 5669284.53], [393735.87, 5669296.02]]}}, {"type": "Feature", "properties": {"k": "row"}, "geometry": {"type": "LineString", "coordinates": [[393752.3, 5669279.52], [393734.49, 5669294.83]]}}, {"type": "Feature", "properties": {"k": "row"}, "geometry": {"type": "LineString", "coordinates": [[393756.51, 5669273.53], [393733.1, 5669293.65]]}}, {"type": "Feature", "properties": {"k": "row"}, "geometry": {"type": "LineString", "coordinates": [[393764.93, 5669263.91], [393731.72, 5669292.47]]}}, {"type": "Feature", "properties": {"k": "row"}, "geometry": {"type": "LineString", "coordinates": [[393783.51, 5669245.56], [393730.33, 5669291.28]]}}, {"type": "Feature", "properties": {"k": "row"}, "geometry": {"type": "LineString", "coordinates": [[393787.12, 5669240.08], [393728.95, 5669290.1]]}}, {"type": "Feature", "properties": {"k": "row"}, "geometry": {"type": "LineString", "coordinates": [[393785.69, 5669238.94], [393727.57, 5669288.92]]}}, {"type": "Feature", "properties": {"k": "row"}, "geometry": {"type": "LineString", "coordinates": [[393784.27, 5669237.79], [393726.18, 5669287.74]]}}, {"type": "Feature", "properties": {"k": "row"}, "geometry": {"type": "LineString", "coordinates": [[393782.84, 5669236.64], [393724.8, 5669286.55]]}}, {"type": "Feature", "properties": {"k": "row"}, "geometry": {"type": "LineString", "coordinates": [[393781.42, 5669235.49], [393723.41, 5669285.37]]}}, {"type": "Feature", "properties": {"k": "row"}, "geometry": {"type": "LineString", "coordinates": [[393780.0, 5669234.34], [393722.03, 5669284.19]]}}, {"type": "Feature", "properties": {"k": "row"}, "geometry": {"type": "LineString", "coordinates": [[393778.57, 5669233.19], [393720.64, 5669283.0]]}}, {"type": "Feature", "properties": {"k": "row"}, "geometry": {"type": "LineString", "coordinates": [[393777.15, 5669232.04], [393719.26, 5669281.82]]}}, {"type": "Feature", "properties": {"k": "row"}, "geometry": {"type": "LineString", "coordinates": [[393775.72, 5669230.89], [393717.87, 5669280.64]]}}, {"type": "Feature", "properties": {"k": "row"}, "geometry": {"type": "LineString", "coordinates": [[393774.3, 5669229.74], [393716.49, 5669279.45]]}}, {"type": "Feature", "properties": {"k": "row"}, "geometry": {"type": "LineString", "coordinates": [[393772.87, 5669228.59], [393715.1, 5669278.27]]}}, {"type": "Feature", "properties": {"k": "row"}, "geometry": {"type": "LineString", "coordinates": [[393771.45, 5669227.44], [393713.72, 5669277.09]]}}, {"type": "Feature", "properties": {"k": "row"}, "geometry": {"type": "LineString", "coordinates": [[393770.03, 5669226.29], [393712.33, 5669275.9]]}}, {"type": "Feature", "properties": {"k": "row"}, "geometry": {"type": "LineString", "coordinates": [[393768.6, 5669225.14], [393710.95, 5669274.72]]}}, {"type": "Feature", "properties": {"k": "row"}, "geometry": {"type": "LineString", "coordinates": [[393767.18, 5669224.0], [393709.57, 5669273.54]]}}, {"type": "Feature", "properties": {"k": "row"}, "geometry": {"type": "LineString", "coordinates": [[393765.75, 5669222.85], [393708.18, 5669272.35]]}}, {"type": "Feature", "properties": {"k": "row"}, "geometry": {"type": "LineString", "coordinates": [[393764.33, 5669221.7], [393706.8, 5669271.17]]}}, {"type": "Feature", "properties": {"k": "row"}, "geometry": {"type": "LineString", "coordinates": [[393762.9, 5669220.55], [393705.41, 5669269.99]]}}, {"type": "Feature", "properties": {"k": "row"}, "geometry": {"type": "LineString", "coordinates": [[393761.48, 5669219.4], [393704.03, 5669268.8]]}}, {"type": "Feature", "properties": {"k": "row"}, "geometry": {"type": "LineString", "coordinates": [[393760.06, 5669218.25], [393702.64, 5669267.62]]}}, {"type": "Feature", "properties": {"k": "row"}, "geometry": {"type": "LineString", "coordinates": [[393758.63, 5669217.1], [393701.26, 5669266.44]]}}, {"type": "Feature", "properties": {"k": "row"}, "geometry": {"type": "LineString", "coordinates": [[393757.21, 5669215.95], [393699.87, 5669265.25]]}}, {"type": "Feature", "properties": {"k": "row"}, "geometry": {"type": "LineString", "coordinates": [[393755.78, 5669214.8], [393698.49, 5669264.07]]}}, {"type": "Feature", "properties": {"k": "row"}, "geometry": {"type": "LineString", "coordinates": [[393754.36, 5669213.65], [393697.1, 5669262.89]]}}, {"type": "Feature", "properties": {"k": "row"}, "geometry": {"type": "LineString", "coordinates": [[393752.93, 5669212.5], [393695.72, 5669261.7]]}}, {"type": "Feature", "properties": {"k": "row"}, "geometry": {"type": "LineString", "coordinates": [[393751.03, 5669211.76], [393694.33, 5669260.52]]}}, {"type": "Feature", "properties": {"k": "row"}, "geometry": {"type": "LineString", "coordinates": [[393691.11, 5669263.29], [393690.25, 5669264.03]]}}, {"type": "Feature", "properties": {"k": "row"}, "geometry": {"type": "LineString", "coordinates": [[393749.13, 5669211.03], [393692.95, 5669259.34]]}}, {"type": "Feature", "properties": {"k": "row"}, "geometry": {"type": "LineString", "coordinates": [[393692.0, 5669260.15], [393680.88, 5669269.72]]}}, {"type": "Feature", "properties": {"k": "row"}, "geometry": {"type": "LineString", "coordinates": [[393747.23, 5669210.29], [393671.5, 5669275.4]]}}, {"type": "Feature", "properties": {"k": "row"}, "geometry": {"type": "LineString", "coordinates": [[393745.33, 5669209.55], [393666.64, 5669277.21]]}}, {"type": "Feature", "properties": {"k": "row"}, "geometry": {"type": "LineString", "coordinates": [[393743.43, 5669208.81], [393665.3, 5669275.99]]}}, {"type": "Feature", "properties": {"k": "row"}, "geometry": {"type": "LineString", "coordinates": [[393741.53, 5669208.07], [393663.96, 5669274.76]]}}, {"type": "Feature", "properties": {"k": "row"}, "geometry": {"type": "LineString", "coordinates": [[393739.63, 5669207.33], [393662.62, 5669273.54]]}}, {"type": "Feature", "properties": {"k": "row"}, "geometry": {"type": "LineString", "coordinates": [[393737.73, 5669206.59], [393661.28, 5669272.32]]}}, {"type": "Feature", "properties": {"k": "row"}, "geometry": {"type": "LineString", "coordinates": [[393735.82, 5669205.85], [393659.95, 5669271.1]]}}, {"type": "Feature", "properties": {"k": "row"}, "geometry": {"type": "LineString", "coordinates": [[393733.63, 5669205.36], [393658.61, 5669269.88]]}}, {"type": "Feature", "properties": {"k": "row"}, "geometry": {"type": "LineString", "coordinates": [[393731.21, 5669205.07], [393657.27, 5669268.65]]}}, {"type": "Feature", "properties": {"k": "row"}, "geometry": {"type": "LineString", "coordinates": [[393728.8, 5669204.77], [393656.34, 5669267.08]]}}, {"type": "Feature", "properties": {"k": "row"}, "geometry": {"type": "LineString", "coordinates": [[393726.38, 5669204.47], [393657.29, 5669263.88]]}}, {"type": "Feature", "properties": {"k": "row"}, "geometry": {"type": "LineString", "coordinates": [[393723.97, 5669204.17], [393658.25, 5669260.69]]}}, {"type": "Feature", "properties": {"k": "row"}, "geometry": {"type": "LineString", "coordinates": [[393721.55, 5669203.88], [393659.21, 5669257.49]]}}, {"type": "Feature", "properties": {"k": "row"}, "geometry": {"type": "LineString", "coordinates": [[393719.14, 5669203.58], [393660.16, 5669254.29]]}}, {"type": "Feature", "properties": {"k": "row"}, "geometry": {"type": "LineString", "coordinates": [[393716.64, 5669203.36], [393661.12, 5669251.09]]}}, {"type": "Feature", "properties": {"k": "row"}, "geometry": {"type": "LineString", "coordinates": [[393712.31, 5669204.7], [393662.08, 5669247.9]]}}, {"type": "Feature", "properties": {"k": "row"}, "geometry": {"type": "LineString", "coordinates": [[393707.98, 5669206.05], [393663.39, 5669244.4]]}}, {"type": "Feature", "properties": {"k": "row"}, "geometry": {"type": "LineString", "coordinates": [[393703.65, 5669207.4], [393666.49, 5669239.36]]}}, {"type": "Feature", "properties": {"k": "row"}, "geometry": {"type": "LineString", "coordinates": [[393699.32, 5669208.75], [393669.58, 5669234.32]]}}, {"type": "Feature", "properties": {"k": "row"}, "geometry": {"type": "LineString", "coordinates": [[393694.99, 5669210.1], [393672.68, 5669229.28]]}}, {"type": "Feature", "properties": {"k": "vineyard"}, "geometry": {"type": "Polygon", "coordinates": [[[393562.78, 5669443.93], [393558.42, 5669442.85], [393561.67, 5669430.35], [393566.54, 5669431.83], [393572.48, 5669408.17], [393558.25, 5669405.05], [393551.89, 5669424.78], [393540.35, 5669423.33], [393532.25, 5669453.2], [393520.21, 5669489.84], [393522.29, 5669503.1], [393534.87, 5669501.29], [393543.38, 5669503.33], [393553.21, 5669473.8], [393550.97, 5669472.62], [393550.37, 5669469.6], [393551.13, 5669466.91], [393554.07, 5669465.89], [393556.28, 5669466.64], [393562.78, 5669443.93]]]}}, {"type": "Feature", "properties": {"k": "row"}, "geometry": {"type": "LineString", "coordinates": [[393571.78, 5669408.02], [393570.51, 5669416.01]]}}, {"type": "Feature", "properties": {"k": "row"}, "geometry": {"type": "LineString", "coordinates": [[393570.02, 5669407.63], [393566.18, 5669431.72]]}}, {"type": "Feature", "properties": {"k": "row"}, "geometry": {"type": "LineString", "coordinates": [[393568.26, 5669407.25], [393564.45, 5669431.2]]}}, {"type": "Feature", "properties": {"k": "row"}, "geometry": {"type": "LineString", "coordinates": [[393562.43, 5669443.84], [393561.97, 5669446.77]]}}, {"type": "Feature", "properties": {"k": "row"}, "geometry": {"type": "LineString", "coordinates": [[393566.5, 5669406.86], [393562.71, 5669430.67]]}}, {"type": "Feature", "properties": {"k": "row"}, "geometry": {"type": "LineString", "coordinates": [[393560.68, 5669443.41], [393557.86, 5669461.12]]}}, {"type": "Feature", "properties": {"k": "row"}, "geometry": {"type": "LineString", "coordinates": [[393564.74, 5669406.47], [393559.77, 5669437.66]]}}, {"type": "Feature", "properties": {"k": "row"}, "geometry": {"type": "LineString", "coordinates": [[393558.93, 5669442.97], [393555.21, 5669466.28]]}}, {"type": "Feature", "properties": {"k": "row"}, "geometry": {"type": "LineString", "coordinates": [[393562.98, 5669406.09], [393553.42, 5669466.11]]}}, {"type": "Feature", "properties": {"k": "row"}, "geometry": {"type": "LineString", "coordinates": [[393552.27, 5669473.31], [393551.26, 5669479.66]]}}, {"type": "Feature", "properties": {"k": "row"}, "geometry": {"type": "LineString", "coordinates": [[393561.22, 5669405.7], [393551.49, 5669466.78]]}}, {"type": "Feature", "properties": {"k": "row"}, "geometry": {"type": "LineString", "coordinates": [[393550.74, 5669471.47], [393547.76, 5669490.17]]}}, {"type": "Feature", "properties": {"k": "row"}, "geometry": {"type": "LineString", "coordinates": [[393559.45, 5669405.31], [393544.27, 5669500.67]]}}, {"type": "Feature", "properties": {"k": "row"}, "geometry": {"type": "LineString", "coordinates": [[393557.11, 5669408.6], [393542.07, 5669503.02]]}}, {"type": "Feature", "properties": {"k": "row"}, "geometry": {"type": "LineString", "coordinates": [[393553.51, 5669419.75], [393540.32, 5669502.6]]}}, {"type": "Feature", "properties": {"k": "row"}, "geometry": {"type": "LineString", "coordinates": [[393550.91, 5669424.66], [393538.56, 5669502.18]]}}, {"type": "Feature", "properties": {"k": "row"}, "geometry": {"type": "LineString", "coordinates": [[393549.12, 5669424.44], [393536.81, 5669501.76]]}}, {"type": "Feature", "properties": {"k": "row"}, "geometry": {"type": "LineString", "coordinates": [[393547.33, 5669424.21], [393535.05, 5669501.34]]}}, {"type": "Feature", "properties": {"k": "row"}, "geometry": {"type": "LineString", "coordinates": [[393545.55, 5669423.99], [393533.2, 5669501.54]]}}, {"type": "Feature", "properties": {"k": "row"}, "geometry": {"type": "LineString", "coordinates": [[393543.76, 5669423.76], [393531.33, 5669501.8]]}}, {"type": "Feature", "properties": {"k": "row"}, "geometry": {"type": "LineString", "coordinates": [[393541.97, 5669423.54], [393529.46, 5669502.07]]}}, {"type": "Feature", "properties": {"k": "row"}, "geometry": {"type": "LineString", "coordinates": [[393539.94, 5669424.83], [393527.6, 5669502.34]]}}, {"type": "Feature", "properties": {"k": "row"}, "geometry": {"type": "LineString", "coordinates": [[393535.53, 5669441.1], [393525.73, 5669502.61]]}}, {"type": "Feature", "properties": {"k": "row"}, "geometry": {"type": "LineString", "coordinates": [[393531.34, 5669455.96], [393523.87, 5669502.88]]}}, {"type": "Feature", "properties": {"k": "row"}, "geometry": {"type": "LineString", "coordinates": [[393527.8, 5669466.74], [393522.15, 5669502.21]]}}, {"type": "Feature", "properties": {"k": "row"}, "geometry": {"type": "LineString", "coordinates": [[393524.26, 5669477.51], [393521.25, 5669496.44]]}}, {"type": "Feature", "properties": {"k": "row"}, "geometry": {"type": "LineString", "coordinates": [[393520.72, 5669488.28], [393520.34, 5669490.67]]}}, {"type": "Feature", "properties": {"k": "vineyard"}, "geometry": {"type": "Polygon", "coordinates": [[[392022.13, 5669483.47], [392075.91, 5669471.56], [392112.27, 5669472.01], [392149.22, 5669471.82], [392174.07, 5669368.81], [392103.02, 5669363.73], [392035.19, 5669356.26], [392000.0, 5669353.19], [392000.0, 5669492.24], [392022.13, 5669483.47]]]}}, {"type": "Feature", "properties": {"k": "row"}, "geometry": {"type": "LineString", "coordinates": [[392169.66, 5669368.5], [392173.7, 5669370.35]]}}, {"type": "Feature", "properties": {"k": "row"}, "geometry": {"type": "LineString", "coordinates": [[392164.55, 5669368.13], [392173.27, 5669372.13]]}}, {"type": "Feature", "properties": {"k": "row"}, "geometry": {"type": "LineString", "coordinates": [[392159.45, 5669367.77], [392172.84, 5669373.92]]}}, {"type": "Feature", "properties": {"k": "row"}, "geometry": {"type": "LineString", "coordinates": [[392154.34, 5669367.4], [392172.41, 5669375.7]]}}, {"type": "Feature", "properties": {"k": "row"}, "geometry": {"type": "LineString", "coordinates": [[392149.23, 5669367.04], [392171.98, 5669377.48]]}}, {"type": "Feature", "properties": {"k": "row"}, "geometry": {"type": "LineString", "coordinates": [[392144.13, 5669366.67], [392171.55, 5669379.27]]}}, {"type": "Feature", "properties": {"k": "row"}, "geometry": {"type": "LineString", "coordinates": [[392139.02, 5669366.3], [392171.11, 5669381.05]]}}, {"type": "Feature", "properties": {"k": "row"}, "geometry": {"type": "LineString", "coordinates": [[392133.91, 5669365.94], [392170.68, 5669382.83]]}}, {"type": "Feature", "properties": {"k": "row"}, "geometry": {"type": "LineString", "coordinates": [[392128.81, 5669365.57], [392170.25, 5669384.62]]}}, {"type": "Feature", "properties": {"k": "row"}, "geometry": {"type": "LineString", "coordinates": [[392123.7, 5669365.21], [392169.82, 5669386.4]]}}, {"type": "Feature", "properties": {"k": "row"}, "geometry": {"type": "LineString", "coordinates": [[392118.59, 5669364.84], [392169.39, 5669388.18]]}}, {"type": "Feature", "properties": {"k": "row"}, "geometry": {"type": "LineString", "coordinates": [[392113.48, 5669364.48], [392168.96, 5669389.97]]}}, {"type": "Feature", "properties": {"k": "row"}, "geometry": {"type": "LineString", "coordinates": [[392108.38, 5669364.11], [392168.53, 5669391.75]]}}, {"type": "Feature", "properties": {"k": "row"}, "geometry": {"type": "LineString", "coordinates": [[392103.27, 5669363.75], [392168.1, 5669393.53]]}}, {"type": "Feature", "properties": {"k": "row"}, "geometry": {"type": "LineString", "coordinates": [[392097.63, 5669363.14], [392167.67, 5669395.32]]}}, {"type": "Feature", "properties": {"k": "row"}, "geometry": {"type": "LineString", "coordinates": [[392091.96, 5669362.51], [392167.24, 5669397.1]]}}, {"type": "Feature", "properties": {"k": "row"}, "geometry": {"type": "LineString", "coordinates": [[392086.29, 5669361.89], [392166.81, 5669398.88]]}}, {"type": "Feature", "properties": {"k": "row"}, "geometry": {"type": "LineString", "coordinates": [[392080.62, 5669361.26], [392166.38, 5669400.67]]}}, {"type": "Feature", "properties": {"k": "row"}, "geometry": {"type": "LineString", "coordinates": [[392074.95, 5669360.64], [392165.95, 5669402.45]]}}, {"type": "Feature", "properties": {"k": "row"}, "geometry": {"type": "LineString", "coordinates": [[392069.28, 5669360.02], [392165.52, 5669404.23]]}}, {"type": "Feature", "properties": {"k": "row"}, "geometry": {"type": "LineString", "coordinates": [[392063.61, 5669359.39], [392165.09, 5669406.02]]}}, {"type": "Feature", "properties": {"k": "row"}, "geometry": {"type": "LineString", "coordinates": [[392057.94, 5669358.77], [392164.66, 5669407.8]]}}, {"type": "Feature", "properties": {"k": "row"}, "geometry": {"type": "LineString", "coordinates": [[392052.27, 5669358.14], [392164.23, 5669409.58]]}}, {"type": "Feature", "properties": {"k": "row"}, "geometry": {"type": "LineString", "coordinates": [[392046.6, 5669357.52], [392163.8, 5669411.37]]}}, {"type": "Feature", "properties": {"k": "row"}, "geometry": {"type": "LineString", "coordinates": [[392040.93, 5669356.9], [392163.37, 5669413.15]]}}, {"type": "Feature", "properties": {"k": "row"}, "geometry": {"type": "LineString", "coordinates": [[392035.26, 5669356.27], [392162.94, 5669414.93]]}}, {"type": "Feature", "properties": {"k": "row"}, "geometry": {"type": "LineString", "coordinates": [[392029.93, 5669355.8], [392162.51, 5669416.72]]}}, {"type": "Feature", "properties": {"k": "row"}, "geometry": {"type": "LineString", "coordinates": [[392024.61, 5669355.34], [392162.08, 5669418.5]]}}, {"type": "Feature", "properties": {"k": "row"}, "geometry": {"type": "LineString", "coordinates": [[392019.28, 5669354.87], [392161.65, 5669420.28]]}}, {"type": "Feature", "properties": {"k": "row"}, "geometry": {"type": "LineString", "coordinates": [[392013.96, 5669354.41], [392161.22, 5669422.07]]}}, {"type": "Feature", "properties": {"k": "row"}, "geometry": {"type": "LineString", "coordinates": [[392008.64, 5669353.94], [392160.79, 5669423.85]]}}, {"type": "Feature", "properties": {"k": "row"}, "geometry": {"type": "LineString", "coordinates": [[392003.31, 5669353.48], [392160.36, 5669425.63]]}}, {"type": "Feature", "properties": {"k": "row"}, "geometry": {"type": "LineString", "coordinates": [[392000.0, 5669353.94], [392159.93, 5669427.42]]}}, {"type": "Feature", "properties": {"k": "row"}, "geometry": {"type": "LineString", "coordinates": [[392000.0, 5669355.92], [392159.5, 5669429.2]]}}, {"type": "Feature", "properties": {"k": "row"}, "geometry": {"type": "LineString", "coordinates": [[392000.0, 5669357.9], [392159.07, 5669430.98]]}}, {"type": "Feature", "properties": {"k": "row"}, "geometry": {"type": "LineString", "coordinates": [[392000.0, 5669359.88], [392158.64, 5669432.77]]}}, {"type": "Feature", "properties": {"k": "row"}, "geometry": {"type": "LineString", "coordinates": [[392000.0, 5669361.86], [392158.21, 5669434.55]]}}, {"type": "Feature", "properties": {"k": "row"}, "geometry": {"type": "LineString", "coordinates": [[392000.0, 5669363.84], [392157.78, 5669436.33]]}}, {"type": "Feature", "properties": {"k": "row"}, "geometry": {"type": "LineString", "coordinates": [[392000.0, 5669365.82], [392157.35, 5669438.12]]}}, {"type": "Feature", "properties": {"k": "row"}, "geometry": {"type": "LineString", "coordinates": [[392000.0, 5669367.8], [392156.92, 5669439.9]]}}, {"type": "Feature", "properties": {"k": "row"}, "geometry": {"type": "LineString", "coordinates": [[392000.0, 5669369.78], [392156.49, 5669441.68]]}}, {"type": "Feature", "properties": {"k": "row"}, "geometry": {"type": "LineString", "coordinates": [[392000.0, 5669371.76], [392156.06, 5669443.47]]}}, {"type": "Feature", "properties": {"k": "row"}, "geometry": {"type": "LineString", "coordinates": [[392000.0, 5669373.75], [392155.63, 5669445.25]]}}, {"type": "Feature", "properties": {"k": "row"}, "geometry": {"type": "LineString", "coordinates": [[392000.0, 5669375.73], [392155.2, 5669447.03]]}}, {"type": "Feature", "properties": {"k": "row"}, "geometry": {"type": "LineString", "coordinates": [[392000.0, 5669377.71], [392154.77, 5669448.82]]}}, {"type": "Feature", "properties": {"k": "row"}, "geometry": {"type": "LineString", "coordinates": [[392000.0, 5669379.69], [392154.34, 5669450.6]]}}, {"type": "Feature", "properties": {"k": "row"}, "geometry": {"type": "LineString", "coordinates": [[392000.0, 5669381.67], [392153.91, 5669452.38]]}}, {"type": "Feature", "properties": {"k": "row"}, "geometry": {"type": "LineString", "coordinates": [[392000.0, 5669383.65], [392153.48, 5669454.16]]}}, {"type": "Feature", "properties": {"k": "row"}, "geometry": {"type": "LineString", "coordinates": [[392000.0, 5669385.63], [392153.05, 5669455.95]]}}, {"type": "Feature", "properties": {"k": "row"}, "geometry": {"type": "LineString", "coordinates": [[392000.0, 5669387.61], [392152.62, 5669457.73]]}}, {"type": "Feature", "properties": {"k": "row"}, "geometry": {"type": "LineString", "coordinates": [[392000.0, 5669389.59], [392152.19, 5669459.51]]}}, {"type": "Feature", "properties": {"k": "row"}, "geometry": {"type": "LineString", "coordinates": [[392000.0, 5669391.57], [392151.76, 5669461.3]]}}, {"type": "Feature", "properties": {"k": "row"}, "geometry": {"type": "LineString", "coordinates": [[392000.0, 5669393.55], [392151.33, 5669463.08]]}}, {"type": "Feature", "properties": {"k": "row"}, "geometry": {"type": "LineString", "coordinates": [[392000.0, 5669395.54], [392150.9, 5669464.86]]}}, {"type": "Feature", "properties": {"k": "row"}, "geometry": {"type": "LineString", "coordinates": [[392000.0, 5669397.52], [392150.47, 5669466.65]]}}, {"type": "Feature", "properties": {"k": "row"}, "geometry": {"type": "LineString", "coordinates": [[392000.0, 5669399.5], [392150.04, 5669468.43]]}}, {"type": "Feature", "properties": {"k": "row"}, "geometry": {"type": "LineString", "coordinates": [[392000.0, 5669401.48], [392149.61, 5669470.21]]}}, {"type": "Feature", "properties": {"k": "row"}, "geometry": {"type": "LineString", "coordinates": [[392000.0, 5669403.46], [392148.79, 5669471.82]]}}, {"type": "Feature", "properties": {"k": "row"}, "geometry": {"type": "LineString", "coordinates": [[392000.0, 5669405.44], [392144.52, 5669471.84]]}}, {"type": "Feature", "properties": {"k": "row"}, "geometry": {"type": "LineString", "coordinates": [[392000.0, 5669407.42], [392140.26, 5669471.86]]}}, {"type": "Feature", "properties": {"k": "row"}, "geometry": {"type": "LineString", "coordinates": [[392000.0, 5669409.4], [392136.0, 5669471.89]]}}, {"type": "Feature", "properties": {"k": "row"}, "geometry": {"type": "LineString", "coordinates": [[392000.0, 5669411.38], [392131.74, 5669471.91]]}}, {"type": "Feature", "properties": {"k": "row"}, "geometry": {"type": "LineString", "coordinates": [[392000.0, 5669413.36], [392127.48, 5669471.93]]}}, {"type": "Feature", "properties": {"k": "row"}, "geometry": {"type": "LineString", "coordinates": [[392000.0, 5669415.34], [392123.21, 5669471.95]]}}, {"type": "Feature", "properties": {"k": "row"}, "geometry": {"type": "LineString", "coordinates": [[392000.0, 5669417.33], [392118.95, 5669471.98]]}}, {"type": "Feature", "properties": {"k": "row"}, "geometry": {"type": "LineString", "coordinates": [[392000.0, 5669419.31], [392114.69, 5669472.0]]}}, {"type": "Feature", "properties": {"k": "row"}, "geometry": {"type": "LineString", "coordinates": [[392000.0, 5669421.29], [392110.35, 5669471.99]]}}, {"type": "Feature", "properties": {"k": "row"}, "geometry": {"type": "LineString", "coordinates": [[392000.0, 5669423.27], [392105.92, 5669471.93]]}}, {"type": "Feature", "properties": {"k": "row"}, "geometry": {"type": "LineString", "coordinates": [[392000.0, 5669425.25], [392101.49, 5669471.88]]}}, {"type": "Feature", "properties": {"k": "row"}, "geometry": {"type": "LineString", "coordinates": [[392000.0, 5669427.23], [392097.06, 5669471.82]]}}, {"type": "Feature", "properties": {"k": "row"}, "geometry": {"type": "LineString", "coordinates": [[392000.0, 5669429.21], [392092.63, 5669471.77]]}}, {"type": "Feature", "properties": {"k": "row"}, "geometry": {"type": "LineString", "coordinates": [[392000.0, 5669431.19], [392088.2, 5669471.71]]}}, {"type": "Feature", "properties": {"k": "row"}, "geometry": {"type": "LineString", "coordinates": [[392000.0, 5669433.17], [392083.77, 5669471.66]]}}, {"type": "Feature", "properties": {"k": "row"}, "geometry": {"type": "LineString", "coordinates": [[392000.0, 5669435.15], [392079.34, 5669471.6]]}}, {"type": "Feature", "properties": {"k": "row"}, "geometry": {"type": "LineString", "coordinates": [[392000.0, 5669437.13], [392075.25, 5669471.71]]}}, {"type": "Feature", "properties": {"k": "row"}, "geometry": {"type": "LineString", "coordinates": [[392000.0, 5669439.12], [392072.34, 5669472.35]]}}, {"type": "Feature", "properties": {"k": "row"}, "geometry": {"type": "LineString", "coordinates": [[392000.0, 5669441.1], [392069.43, 5669473.0]]}}, {"type": "Feature", "properties": {"k": "row"}, "geometry": {"type": "LineString", "coordinates": [[392000.0, 5669443.08], [392066.52, 5669473.64]]}}, {"type": "Feature", "properties": {"k": "row"}, "geometry": {"type": "LineString", "coordinates": [[392000.0, 5669445.06], [392063.62, 5669474.29]]}}, {"type": "Feature", "properties": {"k": "row"}, "geometry": {"type": "LineString", "coordinates": [[392000.0, 5669447.04], [392060.71, 5669474.93]]}}, {"type": "Feature", "properties": {"k": "row"}, "geometry": {"type": "LineString", "coordinates": [[392000.0, 5669449.02], [392057.8, 5669475.57]]}}, {"type": "Feature", "properties": {"k": "row"}, "geometry": {"type": "LineString", "coordinates": [[392000.0, 5669451.0], [392054.89, 5669476.22]]}}, {"type": "Feature", "properties": {"k": "row"}, "geometry": {"type": "LineString", "coordinates": [[392000.0, 5669452.98], [392051.98, 5669476.86]]}}, {"type": "Feature", "properties": {"k": "row"}, "geometry": {"type": "LineString", "coordinates": [[392000.0, 5669454.96], [392049.07, 5669477.51]]}}, {"type": "Feature", "properties": {"k": "row"}, "geometry": {"type": "LineString", "coordinates": [[392000.0, 5669456.94], [392046.16, 5669478.15]]}}, {"type": "Feature", "properties": {"k": "row"}, "geometry": {"type": "LineString", "coordinates": [[392000.0, 5669458.92], [392043.25, 5669478.8]]}}, {"type": "Feature", "properties": {"k": "row"}, "geometry": {"type": "LineString", "coordinates": [[392000.0, 5669460.9], [392040.34, 5669479.44]]}}, {"type": "Feature", "properties": {"k": "row"}, "geometry": {"type": "LineString", "coordinates": [[392000.0, 5669462.89], [392037.43, 5669480.08]]}}, {"type": "Feature", "properties": {"k": "row"}, "geometry": {"type": "LineString", "coordinates": [[392000.0, 5669464.87], [392034.52, 5669480.73]]}}, {"type": "Feature", "properties": {"k": "row"}, "geometry": {"type": "LineString", "coordinates": [[392000.0, 5669466.85], [392031.61, 5669481.37]]}}, {"type": "Feature", "properties": {"k": "row"}, "geometry": {"type": "LineString", "coordinates": [[392000.0, 5669468.83], [392028.7, 5669482.02]]}}, {"type": "Feature", "properties": {"k": "row"}, "geometry": {"type": "LineString", "coordinates": [[392000.0, 5669470.81], [392025.8, 5669482.66]]}}, {"type": "Feature", "properties": {"k": "row"}, "geometry": {"type": "LineString", "coordinates": [[392000.0, 5669472.79], [392022.89, 5669483.31]]}}, {"type": "Feature", "properties": {"k": "row"}, "geometry": {"type": "LineString", "coordinates": [[392000.0, 5669474.77], [392020.42, 5669484.15]]}}, {"type": "Feature", "properties": {"k": "row"}, "geometry": {"type": "LineString", "coordinates": [[392000.0, 5669476.75], [392018.1, 5669485.07]]}}, {"type": "Feature", "properties": {"k": "row"}, "geometry": {"type": "LineString", "coordinates": [[392000.0, 5669478.73], [392015.79, 5669485.99]]}}, {"type": "Feature", "properties": {"k": "row"}, "geometry": {"type": "LineString", "coordinates": [[392000.0, 5669480.71], [392013.47, 5669486.9]]}}, {"type": "Feature", "properties": {"k": "row"}, "geometry": {"type": "LineString", "coordinates": [[392000.0, 5669482.69], [392011.16, 5669487.82]]}}, {"type": "Feature", "properties": {"k": "row"}, "geometry": {"type": "LineString", "coordinates": [[392000.0, 5669484.68], [392008.84, 5669488.74]]}}, {"type": "Feature", "properties": {"k": "row"}, "geometry": {"type": "LineString", "coordinates": [[392000.0, 5669486.66], [392006.52, 5669489.65]]}}, {"type": "Feature", "properties": {"k": "row"}, "geometry": {"type": "LineString", "coordinates": [[392000.0, 5669488.64], [392004.21, 5669490.57]]}}, {"type": "Feature", "properties": {"k": "row"}, "geometry": {"type": "LineString", "coordinates": [[392000.0, 5669490.62], [392001.89, 5669491.49]]}}, {"type": "Feature", "properties": {"k": "vineyard"}, "geometry": {"type": "Polygon", "coordinates": [[[392746.7, 5668575.53], [392781.84, 5668592.28], [392816.4, 5668612.33], [392845.48, 5668630.07], [392858.52, 5668607.39], [392863.17, 5668596.52], [392861.19, 5668591.51], [392843.14, 5668581.03], [392829.15, 5668575.02], [392827.84, 5668572.66], [392830.35, 5668566.34], [392832.27, 5668565.36], [392848.2, 5668571.57], [392866.74, 5668582.04], [392871.57, 5668587.18], [392873.0, 5668589.18], [392877.77, 5668602.57], [392879.93, 5668605.2], [392881.96, 5668604.87], [392883.4, 5668603.64], [392885.09, 5668595.58], [392884.88, 5668593.68], [392878.96, 5668587.04], [392867.65, 5668577.21], [392867.22, 5668576.39], [392867.91, 5668573.77], [392859.8, 5668565.72], [392852.99, 5668561.18], [392850.05, 5668559.34], [392845.95, 5668556.78], [392821.39, 5668545.55], [392826.25, 5668531.15], [392799.4, 5668517.39], [392786.74, 5668509.45], [392774.33, 5668502.0], [392758.14, 5668490.73], [392754.15, 5668488.07], [392745.14, 5668505.98], [392735.37, 5668532.56], [392732.6, 5668538.4], [392720.81, 5668563.19], [392746.7, 5668575.53]]]}}, {"type": "Feature", "properties": {"k": "row"}, "geometry": {"type": "LineString", "coordinates": [[392753.92, 5668488.52], [392758.52, 5668490.99]]}}, {"type": "Feature", "properties": {"k": "row"}, "geometry": {"type": "LineString", "coordinates": [[392753.11, 5668490.13], [392771.32, 5668499.9]]}}, {"type": "Feature", "properties": {"k": "row"}, "geometry": {"type": "LineString", "coordinates": [[392752.3, 5668491.74], [392795.23, 5668514.77]]}}, {"type": "Feature", "properties": {"k": "row"}, "geometry": {"type": "LineString", "coordinates": [[392815.23, 5668525.5], [392826.18, 5668531.37]]}}, {"type": "Feature", "properties": {"k": "row"}, "geometry": {"type": "LineString", "coordinates": [[392751.49, 5668493.35], [392825.59, 5668533.1]]}}, {"type": "Feature", "properties": {"k": "row"}, "geometry": {"type": "LineString", "coordinates": [[392750.68, 5668494.96], [392825.01, 5668534.83]]}}, {"type": "Feature", "properties": {"k": "row"}, "geometry": {"type": "LineString", "coordinates": [[392749.87, 5668496.57], [392824.42, 5668536.56]]}}, {"type": "Feature", "properties": {"k": "row"}, "geometry": {"type": "LineString", "coordinates": [[392749.06, 5668498.18], [392823.84, 5668538.29]]}}, {"type": "Feature", "properties": {"k": "row"}, "geometry": {"type": "LineString", "coordinates": [[392748.25, 5668499.78], [392823.26, 5668540.02]]}}, {"type": "Feature", "properties": {"k": "row"}, "geometry": {"type": "LineString", "coordinates": [[392747.44, 5668501.39], [392822.67, 5668541.75]]}}, {"type": "Feature", "properties": {"k": "row"}, "geometry": {"type": "LineString", "coordinates": [[392746.63, 5668503.0], [392822.09, 5668543.48]]}}, {"type": "Feature", "properties": {"k": "row"}, "geometry": {"type": "LineString", "coordinates": [[392745.83, 5668504.61], [392821.5, 5668545.21]]}}, {"type": "Feature", "properties": {"k": "row"}, "geometry": {"type": "LineString", "coordinates": [[392826.44, 5668547.86], [392859.87, 5668565.79]]}}, {"type": "Feature", "properties": {"k": "row"}, "geometry": {"type": "LineString", "coordinates": [[392745.04, 5668506.23], [392864.35, 5668570.24]]}}, {"type": "Feature", "properties": {"k": "row"}, "geometry": {"type": "LineString", "coordinates": [[392744.42, 5668507.94], [392867.81, 5668574.14]]}}, {"type": "Feature", "properties": {"k": "row"}, "geometry": {"type": "LineString", "coordinates": [[392743.79, 5668509.65], [392867.34, 5668575.93]]}}, {"type": "Feature", "properties": {"k": "row"}, "geometry": {"type": "LineString", "coordinates": [[392743.16, 5668511.35], [392870.42, 5668579.62]]}}, {"type": "Feature", "properties": {"k": "row"}, "geometry": {"type": "LineString", "coordinates": [[392742.54, 5668513.06], [392876.56, 5668584.96]]}}, {"type": "Feature", "properties": {"k": "row"}, "geometry": {"type": "LineString", "coordinates": [[392741.91, 5668514.77], [392846.69, 5668570.98]]}}, {"type": "Feature", "properties": {"k": "row"}, "geometry": {"type": "LineString", "coordinates": [[392856.01, 5668575.98], [392881.08, 5668589.43]]}}, {"type": "Feature", "properties": {"k": "row"}, "geometry": {"type": "LineString", "coordinates": [[392741.28, 5668516.47], [392832.77, 5668565.55]]}}, {"type": "Feature", "properties": {"k": "row"}, "geometry": {"type": "LineString", "coordinates": [[392870.03, 5668585.54], [392884.57, 5668593.34]]}}, {"type": "Feature", "properties": {"k": "row"}, "geometry": {"type": "LineString", "coordinates": [[392740.66, 5668518.18], [392830.39, 5668566.32]]}}, {"type": "Feature", "properties": {"k": "row"}, "geometry": {"type": "LineString", "coordinates": [[392873.0, 5668589.17], [392885.08, 5668595.65]]}}, {"type": "Feature", "properties": {"k": "row"}, "geometry": {"type": "LineString", "coordinates": [[392740.03, 5668519.88], [392829.7, 5668567.99]]}}, {"type": "Feature", "properties": {"k": "row"}, "geometry": {"type": "LineString", "coordinates": [[392873.9, 5668591.7], [392884.69, 5668597.49]]}}, {"type": "Feature", "properties": {"k": "row"}, "geometry": {"type": "LineString", "coordinates": [[392739.4, 5668521.59], [392829.03, 5668569.67]]}}, {"type": "Feature", "properties": {"k": "row"}, "geometry": {"type": "LineString", "coordinates": [[392874.8, 5668594.23], [392884.3, 5668599.33]]}}, {"type": "Feature", "properties": {"k": "row"}, "geometry": {"type": "LineString", "coordinates": [[392738.78, 5668523.3], [392828.36, 5668571.35]]}}, {"type": "Feature", "properties": {"k": "row"}, "geometry": {"type": "LineString", "coordinates": [[392875.7, 5668596.75], [392883.92, 5668601.16]]}}, {"type": "Feature", "properties": {"k": "row"}, "geometry": {"type": "LineString", "coordinates": [[392738.15, 5668525.0], [392828.2, 5668573.32]]}}, {"type": "Feature", "properties": {"k": "row"}, "geometry": {"type": "LineString", "coordinates": [[392840.31, 5668579.81], [392849.97, 5668584.99]]}}, {"type": "Feature", "properties": {"k": "row"}, "geometry": {"type": "LineString", "coordinates": [[392876.6, 5668599.28], [392883.53, 5668603.0]]}}, {"type": "Feature", "properties": {"k": "row"}, "geometry": {"type": "LineString", "coordinates": [[392737.52, 5668526.71], [392861.96, 5668593.47]]}}, {"type": "Feature", "properties": {"k": "row"}, "geometry": {"type": "LineString", "coordinates": [[392877.5, 5668601.8], [392882.44, 5668604.45]]}}, {"type": "Feature", "properties": {"k": "row"}, "geometry": {"type": "LineString", "coordinates": [[392736.89, 5668528.42], [392862.99, 5668596.06]]}}, {"type": "Feature", "properties": {"k": "row"}, "geometry": {"type": "LineString", "coordinates": [[392736.27, 5668530.12], [392862.59, 5668597.89]]}}, {"type": "Feature", "properties": {"k": "row"}, "geometry": {"type": "LineString", "coordinates": [[392735.64, 5668531.83], [392861.88, 5668599.55]]}}, {"type": "Feature", "properties": {"k": "row"}, "geometry": {"type": "LineString", "coordinates": [[392734.93, 5668533.49], [392861.16, 5668601.21]]}}, {"type": "Feature", "properties": {"k": "row"}, "geometry": {"type": "LineString", "coordinates": [[392734.16, 5668535.12], [392860.45, 5668602.87]]}}, {"type": "Feature", "properties": {"k": "row"}, "geometry": {"type": "LineString", "coordinates": [[392733.38, 5668536.75], [392859.74, 5668604.53]]}}, {"type": "Feature", "properties": {"k": "row"}, "geometry": {"type": "LineString", "coordinates": [[392732.61, 5668538.37], [392859.03, 5668606.19]]}}, {"type": "Feature", "properties": {"k": "row"}, "geometry": {"type": "LineString", "coordinates": [[392731.84, 5668540.0], [392858.27, 5668607.83]]}}, {"type": "Feature", "properties": {"k": "row"}, "geometry": {"type": "LineString", "coordinates": [[392731.06, 5668541.63], [392857.37, 5668609.39]]}}, {"type": "Feature", "properties": {"k": "row"}, "geometry": {"type": "LineString", "coordinates": [[392730.29, 5668543.26], [392856.47, 5668610.95]]}}, {"type": "Feature", "properties": {"k": "row"}, "geometry": {"type": "LineString", "coordinates": [[392729.52, 5668544.88], [392855.58, 5668612.51]]}}, {"type": "Feature", "properties": {"k": "row"}, "geometry": {"type": "LineString", "coordinates": [[392728.74, 5668546.51], [392854.68, 5668614.07]]}}, {"type": "Feature", "properties": {"k": "row"}, "geometry": {"type": "LineString", "coordinates": [[392727.97, 5668548.14], [392853.78, 5668615.63]]}}, {"type": "Feature", "properties": {"k": "row"}, "geometry": {"type": "LineString", "coordinates": [[392727.19, 5668549.77], [392852.88, 5668617.19]]}}, {"type": "Feature", "properties": {"k": "row"}, "geometry": {"type": "LineString", "coordinates": [[392726.42, 5668551.39], [392851.99, 5668618.76]]}}, {"type": "Feature", "properties": {"k": "row"}, "geometry": {"type": "LineString", "coordinates": [[392725.65, 5668553.02], [392851.09, 5668620.32]]}}, {"type": "Feature", "properties": {"k": "row"}, "geometry": {"type": "LineString", "coordinates": [[392724.87, 5668554.65], [392850.19, 5668621.88]]}}, {"type": "Feature", "properties": {"k": "row"}, "geometry": {"type": "LineString", "coordinates": [[392724.1, 5668556.28], [392849.29, 5668623.44]]}}, {"type": "Feature", "properties": {"k": "row"}, "geometry": {"type": "LineString", "coordinates": [[392723.32, 5668557.9], [392848.4, 5668625.0]]}}, {"type": "Feature", "properties": {"k": "row"}, "geometry": {"type": "LineString", "coordinates": [[392722.55, 5668559.53], [392847.5, 5668626.56]]}}, {"type": "Feature", "properties": {"k": "row"}, "geometry": {"type": "LineString", "coordinates": [[392721.78, 5668561.16], [392763.43, 5668583.5]]}}, {"type": "Feature", "properties": {"k": "row"}, "geometry": {"type": "LineString", "coordinates": [[392807.01, 5668606.88], [392846.6, 5668628.12]]}}, {"type": "Feature", "properties": {"k": "row"}, "geometry": {"type": "LineString", "coordinates": [[392721.0, 5668562.79], [392729.19, 5668567.18]]}}, {"type": "Feature", "properties": {"k": "row"}, "geometry": {"type": "LineString", "coordinates": [[392838.6, 5668625.87], [392845.7, 5668629.68]]}}, {"type": "Feature", "properties": {"k": "vineyard"}, "geometry": {"type": "Polygon", "coordinates": [[[393219.07, 5669371.67], [393197.61, 5669358.63], [393176.58, 5669349.21], [393157.88, 5669342.8], [393142.86, 5669337.92], [393148.88, 5669345.69], [393156.57, 5669353.14], [393157.06, 5669352.58], [393159.06, 5669354.38], [393157.83, 5669355.61], [393157.58, 5669356.18], [393157.73, 5669357.12], [393160.61, 5669362.14], [393173.02, 5669374.66], [393173.27, 5669374.05], [393200.58, 5669383.33], [393201.23, 5669383.54], [393202.39, 5669383.93], [393205.54, 5669384.96], [393218.93, 5669387.13], [393219.86, 5669386.66], [393223.24, 5669386.69], [393225.63, 5669383.9], [393228.97, 5669379.6], [393229.17, 5669376.88], [393219.07, 5669371.67]]]}}, {"type": "Feature", "properties": {"k": "row"}, "geometry": {"type": "LineString", "coordinates": [[393172.37, 5669347.77], [393204.21, 5669362.64]]}}, {"type": "Feature", "properties": {"k": "row"}, "geometry": {"type": "LineString", "coordinates": [[393156.59, 5669342.38], [393218.38, 5669371.25]]}}, {"type": "Feature", "properties": {"k": "row"}, "geometry": {"type": "LineString", "coordinates": [[393142.91, 5669337.98], [393229.07, 5669378.23]]}}, {"type": "Feature", "properties": {"k": "row"}, "geometry": {"type": "LineString", "coordinates": [[393145.32, 5669341.09], [393228.65, 5669380.02]]}}, {"type": "Feature", "properties": {"k": "row"}, "geometry": {"type": "LineString", "coordinates": [[393147.73, 5669344.2], [393227.51, 5669381.48]]}}, {"type": "Feature", "properties": {"k": "row"}, "geometry": {"type": "LineString", "coordinates": [[393150.95, 5669347.69], [393226.38, 5669382.93]]}}, {"type": "Feature", "properties": {"k": "row"}, "geometry": {"type": "LineString", "coordinates": [[393154.91, 5669351.53], [393225.22, 5669384.38]]}}, {"type": "Feature", "properties": {"k": "row"}, "geometry": {"type": "LineString", "coordinates": [[393158.32, 5669355.11], [393224.0, 5669385.8]]}}, {"type": "Feature", "properties": {"k": "row"}, "geometry": {"type": "LineString", "coordinates": [[393157.68, 5669356.8], [393221.63, 5669386.67]]}}, {"type": "Feature", "properties": {"k": "row"}, "geometry": {"type": "LineString", "coordinates": [[393159.05, 5669359.43], [393218.06, 5669386.99]]}}, {"type": "Feature", "properties": {"k": "row"}, "geometry": {"type": "LineString", "coordinates": [[393160.62, 5669362.15], [393211.55, 5669385.94]]}}, {"type": "Feature", "properties": {"k": "row"}, "geometry": {"type": "LineString", "coordinates": [[393164.29, 5669365.85], [393204.44, 5669384.6]]}}, {"type": "Feature", "properties": {"k": "row"}, "geometry": {"type": "LineString", "coordinates": [[393167.96, 5669369.55], [393189.16, 5669379.45]]}}, {"type": "Feature", "properties": {"k": "row"}, "geometry": {"type": "LineString", "coordinates": [[393171.62, 5669373.25], [393173.56, 5669374.15]]}}, {"type": "Feature", "properties": {"k": "vineyard"}, "geometry": {"type": "Polygon", "coordinates": [[[392129.58, 5669842.5], [392124.51, 5669826.22], [392120.53, 5669816.93], [392112.04, 5669808.54], [392097.49, 5669801.53], [392078.86, 5669795.4], [392052.44, 5669786.9], [392033.94, 5669779.14], [392025.74, 5669772.52], [392013.25, 5669765.48], [392000.0, 5669760.23], [392000.0, 5670000.0], [392134.8, 5670000.0], [392149.96, 5669974.53], [392170.38, 5669940.21], [392153.02, 5669888.61], [392129.58, 5669842.5]]]}}, {"type": "Feature", "properties": {"k": "row"}, "geometry": {"type": "LineString", "coordinates": [[392109.0, 5669807.07], [392122.05, 5669820.47]]}}, {"type": "Feature", "properties": {"k": "row"}, "geometry": {"type": "LineString", "coordinates": [[392104.27, 5669804.79], [392124.02, 5669825.08]]}}, {"type": "Feature", "properties": {"k": "row"}, "geometry": {"type": "LineString", "coordinates": [[392099.54, 5669802.51], [392125.4, 5669829.08]]}}, {"type": "Feature", "properties": {"k": "row"}, "geometry": {"type": "LineString", "coordinates": [[392095.39, 5669800.83], [392126.58, 5669832.88]]}}, {"type": "Feature", "properties": {"k": "row"}, "geometry": {"type": "LineString", "coordinates": [[392091.7, 5669799.62], [392127.76, 5669836.67]]}}, {"type": "Feature", "properties": {"k": "row"}, "geometry": {"type": "LineString", "coordinates": [[392088.01, 5669798.41], [392128.95, 5669840.47]]}}, {"type": "Feature", "properties": {"k": "row"}, "geometry": {"type": "LineString", "coordinates": [[392084.31, 5669797.19], [392130.86, 5669845.02]]}}, {"type": "Feature", "properties": {"k": "row"}, "geometry": {"type": "LineString", "coordinates": [[392080.62, 5669795.98], [392133.61, 5669850.42]]}}, {"type": "Feature", "properties": {"k": "row"}, "geometry": {"type": "LineString", "coordinates": [[392076.94, 5669794.78], [392136.35, 5669855.82]]}}, {"type": "Feature", "properties": {"k": "row"}, "geometry": {"type": "LineString", "coordinates": [[392073.29, 5669793.6], [392139.1, 5669861.22]]}}, {"type": "Feature", "properties": {"k": "row"}, "geometry": {"type": "LineString", "coordinates": [[392069.63, 5669792.43], [392141.84, 5669866.62]]}}, {"type": "Feature", "properties": {"k": "row"}, "geometry": {"type": "LineString", "coordinates": [[392065.97, 5669791.25], [392144.59, 5669872.03]]}}, {"type": "Feature", "properties": {"k": "row"}, "geometry": {"type": "LineString", "coordinates": [[392062.32, 5669790.07], [392147.34, 5669877.43]]}}, {"type": "Feature", "properties": {"k": "row"}, "geometry": {"type": "LineString", "coordinates": [[392058.66, 5669788.9], [392150.08, 5669882.83]]}}, {"type": "Feature", "properties": {"k": "row"}, "geometry": {"type": "LineString", "coordinates": [[392055.0, 5669787.72], [392152.83, 5669888.23]]}}, {"type": "Feature", "properties": {"k": "row"}, "geometry": {"type": "LineString", "coordinates": [[392051.17, 5669786.36], [392154.25, 5669892.28]]}}, {"type": "Feature", "properties": {"k": "row"}, "geometry": {"type": "LineString", "coordinates": [[392046.93, 5669784.59], [392155.58, 5669896.23]]}}, {"type": "Feature", "properties": {"k": "row"}, "geometry": {"type": "LineString", "coordinates": [[392042.68, 5669782.81], [392156.91, 5669900.17]]}}, {"type": "Feature", "properties": {"k": "row"}, "geometry": {"type": "LineString", "coordinates": [[392038.44, 5669781.03], [392158.24, 5669904.11]]}}, {"type": "Feature", "properties": {"k": "row"}, "geometry": {"type": "LineString", "coordinates": [[392034.2, 5669779.25], [392159.56, 5669908.06]]}}, {"type": "Feature", "properties": {"k": "row"}, "geometry": {"type": "LineString", "coordinates": [[392024.39, 5669771.76], [392160.89, 5669912.0]]}}, {"type": "Feature", "properties": {"k": "row"}, "geometry": {"type": "LineString", "coordinates": [[392018.83, 5669768.63], [392162.22, 5669915.95]]}}, {"type": "Feature", "properties": {"k": "row"}, "geometry": {"type": "LineString", "coordinates": [[392013.27, 5669765.49], [392163.55, 5669919.89]]}}, {"type": "Feature", "properties": {"k": "row"}, "geometry": {"type": "LineString", "coordinates": [[392009.18, 5669763.87], [392164.87, 5669923.84]]}}, {"type": "Feature", "properties": {"k": "row"}, "geometry": {"type": "LineString", "coordinates": [[392005.09, 5669762.24], [392166.2, 5669927.78]]}}, {"type": "Feature", "properties": {"k": "row"}, "geometry": {"type": "LineString", "coordinates": [[392001.0, 5669760.62], [392167.53, 5669931.73]]}}, {"type": "Feature", "properties": {"k": "row"}, "geometry": {"type": "LineString", "coordinates": [[392000.0, 5669762.18], [392168.86, 5669935.67]]}}, {"type": "Feature", "properties": {"k": "row"}, "geometry": {"type": "LineString", "coordinates": [[392000.0, 5669764.76], [392170.18, 5669939.62]]}}, {"type": "Feature", "properties": {"k": "row"}, "geometry": {"type": "LineString", "coordinates": [[392000.0, 5669767.34], [392169.58, 5669941.57]]}}, {"type": "Feature", "properties": {"k": "row"}, "geometry": {"type": "LineString", "coordinates": [[392000.0, 5669769.92], [392168.62, 5669943.17]]}}, {"type": "Feature", "properties": {"k": "row"}, "geometry": {"type": "LineString", "coordinates": [[392000.0, 5669772.5], [392167.67, 5669944.77]]}}, {"type": "Feature", "properties": {"k": "row"}, "geometry": {"type": "LineString", "coordinates": [[392000.0, 5669775.08], [392166.72, 5669946.38]]}}, {"type": "Feature", "properties": {"k": "row"}, "geometry": {"type": "LineString", "coordinates": [[392000.0, 5669777.66], [392165.76, 5669947.98]]}}, {"type": "Feature", "properties": {"k": "row"}, "geometry": {"type": "LineString", "coordinates": [[392000.0, 5669780.24], [392164.81, 5669949.58]]}}, {"type": "Feature", "properties": {"k": "row"}, "geometry": {"type": "LineString", "coordinates": [[392000.0, 5669782.82], [392163.86, 5669951.18]]}}, {"type": "Feature", "properties": {"k": "row"}, "geometry": {"type": "LineString", "coordinates": [[392000.0, 5669785.41], [392162.9, 5669952.78]]}}, {"type": "Feature", "properties": {"k": "row"}, "geometry": {"type": "LineString", "coordinates": [[392000.0, 5669787.99], [392161.95, 5669954.38]]}}, {"type": "Feature", "properties": {"k": "row"}, "geometry": {"type": "LineString", "coordinates": [[392000.0, 5669790.57], [392161.0, 5669955.99]]}}, {"type": "Feature", "properties": {"k": "row"}, "geometry": {"type": "LineString", "coordinates": [[392000.0, 5669793.15], [392160.04, 5669957.59]]}}, {"type": "Feature", "properties": {"k": "row"}, "geometry": {"type": "LineString", "coordinates": [[392000.0, 5669795.73], [392159.09, 5669959.19]]}}, {"type": "Feature", "properties": {"k": "row"}, "geometry": {"type": "LineString", "coordinates": [[392000.0, 5669798.31], [392158.14, 5669960.79]]}}, {"type": "Feature", "properties": {"k": "row"}, "geometry": {"type": "LineString", "coordinates": [[392000.0, 5669800.89], [392157.18, 5669962.39]]}}, {"type": "Feature", "properties": {"k": "row"}, "geometry": {"type": "LineString", "coordinates": [[392000.0, 5669803.47], [392156.23, 5669963.99]]}}, {"type": "Feature", "properties": {"k": "row"}, "geometry": {"type": "LineString", "coordinates": [[392000.0, 5669806.05], [392155.28, 5669965.59]]}}, {"type": "Feature", "properties": {"k": "row"}, "geometry": {"type": "LineString", "coordinates": [[392000.0, 5669808.63], [392154.33, 5669967.2]]}}, {"type": "Feature", "properties": {"k": "row"}, "geometry": {"type": "LineString", "coordinates": [[392000.0, 5669811.21], [392153.37, 5669968.8]]}}, {"type": "Feature", "properties": {"k": "row"}, "geometry": {"type": "LineString", "coordinates": [[392000.0, 5669813.79], [392152.42, 5669970.4]]}}, {"type": "Feature", "properties": {"k": "row"}, "geometry": {"type": "LineString", "coordinates": [[392000.0, 5669816.37], [392151.47, 5669972.0]]}}, {"type": "Feature", "properties": {"k": "row"}, "geometry": {"type": "LineString", "coordinates": [[392000.0, 5669818.96], [392150.51, 5669973.6]]}}, {"type": "Feature", "properties": {"k": "row"}, "geometry": {"type": "LineString", "coordinates": [[392000.0, 5669821.54], [392149.56, 5669975.2]]}}, {"type": "Feature", "properties": {"k": "row"}, "geometry": {"type": "LineString", "coordinates": [[392000.0, 5669824.12], [392148.61, 5669976.8]]}}, {"type": "Feature", "properties": {"k": "row"}, "geometry": {"type": "LineString", "coordinates": [[392000.0, 5669826.7], [392147.65, 5669978.41]]}}, {"type": "Feature", "properties": {"k": "row"}, "geometry": {"type": "LineString", "coordinates": [[392000.0, 5669829.28], [392146.7, 5669980.01]]}}, {"type": "Feature", "properties": {"k": "row"}, "geometry": {"type": "LineString", "coordinates": [[392000.0, 5669831.86], [392145.75, 5669981.61]]}}, {"type": "Feature", "properties": {"k": "row"}, "geometry": {"type": "LineString", "coordinates": [[392000.0, 5669834.44], [392144.79, 5669983.21]]}}, {"type": "Feature", "properties": {"k": "row"}, "geometry": {"type": "LineString", "coordinates": [[392000.0, 5669837.02], [392143.84, 5669984.81]]}}, {"type": "Feature", "properties": {"k": "row"}, "geometry": {"type": "LineString", "coordinates": [[392000.0, 5669839.6], [392142.89, 5669986.41]]}}, {"type": "Feature", "properties": {"k": "row"}, "geometry": {"type": "LineString", "coordinates": [[392000.0, 5669842.18], [392141.93, 5669988.01]]}}, {"type": "Feature", "properties": {"k": "row"}, "geometry": {"type": "LineString", "coordinates": [[392000.0, 5669844.76], [392140.98, 5669989.61]]}}, {"type": "Feature", "properties": {"k": "row"}, "geometry": {"type": "LineString", "coordinates": [[392000.0, 5669847.34], [392140.03, 5669991.22]]}}, {"type": "Feature", "properties": {"k": "row"}, "geometry": {"type": "LineString", "coordinates": [[392000.0, 5669849.92], [392139.07, 5669992.82]]}}, {"type": "Feature", "properties": {"k": "row"}, "geometry": {"type": "LineString", "coordinates": [[392000.0, 5669852.51], [392138.12, 5669994.42]]}}, {"type": "Feature", "properties": {"k": "row"}, "geometry": {"type": "LineString", "coordinates": [[392000.0, 5669855.09], [392137.17, 5669996.02]]}}, {"type": "Feature", "properties": {"k": "row"}, "geometry": {"type": "LineString", "coordinates": [[392000.0, 5669857.67], [392136.21, 5669997.62]]}}, {"type": "Feature", "properties": {"k": "row"}, "geometry": {"type": "LineString", "coordinates": [[392000.0, 5669860.25], [392135.26, 5669999.22]]}}, {"type": "Feature", "properties": {"k": "row"}, "geometry": {"type": "LineString", "coordinates": [[392000.0, 5669862.83], [392133.51, 5670000.0]]}}, {"type": "Feature", "properties": {"k": "row"}, "geometry": {"type": "LineString", "coordinates": [[392000.0, 5669865.41], [392130.99, 5670000.0]]}}, {"type": "Feature", "properties": {"k": "row"}, "geometry": {"type": "LineString", "coordinates": [[392000.0, 5669867.99], [392128.48, 5670000.0]]}}, {"type": "Feature", "properties": {"k": "row"}, "geometry": {"type": "LineString", "coordinates": [[392000.0, 5669870.57], [392125.97, 5670000.0]]}}, {"type": "Feature", "properties": {"k": "row"}, "geometry": {"type": "LineString", "coordinates": [[392000.0, 5669873.15], [392123.46, 5670000.0]]}}, {"type": "Feature", "properties": {"k": "row"}, "geometry": {"type": "LineString", "coordinates": [[392000.0, 5669875.73], [392120.95, 5670000.0]]}}, {"type": "Feature", "properties": {"k": "row"}, "geometry": {"type": "LineString", "coordinates": [[392000.0, 5669878.31], [392118.43, 5670000.0]]}}, {"type": "Feature", "properties": {"k": "row"}, "geometry": {"type": "LineString", "coordinates": [[392000.0, 5669880.89], [392115.92, 5670000.0]]}}, {"type": "Feature", "properties": {"k": "row"}, "geometry": {"type": "LineString", "coordinates": [[392000.0, 5669883.47], [392113.41, 5670000.0]]}}, {"type": "Feature", "properties": {"k": "row"}, "geometry": {"type": "LineString", "coordinates": [[392000.0, 5669886.06], [392110.9, 5670000.0]]}}, {"type": "Feature", "properties": {"k": "row"}, "geometry": {"type": "LineString", "coordinates": [[392000.0, 5669888.64], [392108.39, 5670000.0]]}}, {"type": "Feature", "properties": {"k": "row"}, "geometry": {"type": "LineString", "coordinates": [[392000.0, 5669891.22], [392105.88, 5670000.0]]}}, {"type": "Feature", "properties": {"k": "row"}, "geometry": {"type": "LineString", "coordinates": [[392000.0, 5669893.8], [392103.36, 5670000.0]]}}, {"type": "Feature", "properties": {"k": "row"}, "geometry": {"type": "LineString", "coordinates": [[392000.0, 5669896.38], [392100.85, 5670000.0]]}}, {"type": "Feature", "properties": {"k": "row"}, "geometry": {"type": "LineString", "coordinates": [[392000.0, 5669898.96], [392098.34, 5670000.0]]}}, {"type": "Feature", "properties": {"k": "row"}, "geometry": {"type": "LineString", "coordinates": [[392000.0, 5669901.54], [392095.83, 5670000.0]]}}, {"type": "Feature", "properties": {"k": "row"}, "geometry": {"type": "LineString", "coordinates": [[392000.0, 5669904.12], [392093.32, 5670000.0]]}}, {"type": "Feature", "properties": {"k": "row"}, "geometry": {"type": "LineString", "coordinates": [[392000.0, 5669906.7], [392090.8, 5670000.0]]}}, {"type": "Feature", "properties": {"k": "row"}, "geometry": {"type": "LineString", "coordinates": [[392000.0, 5669909.28], [392088.29, 5670000.0]]}}, {"type": "Feature", "properties": {"k": "row"}, "geometry": {"type": "LineString", "coordinates": [[392000.0, 5669911.86], [392085.78, 5670000.0]]}}, {"type": "Feature", "properties": {"k": "row"}, "geometry": {"type": "LineString", "coordinates": [[392000.0, 5669914.44], [392083.27, 5670000.0]]}}, {"type": "Feature", "properties": {"k": "row"}, "geometry": {"type": "LineString", "coordinates": [[392000.0, 5669917.02], [392080.76, 5670000.0]]}}, {"type": "Feature", "properties": {"k": "row"}, "geometry": {"type": "LineString", "coordinates": [[392000.0, 5669919.61], [392078.25, 5670000.0]]}}, {"type": "Feature", "properties": {"k": "row"}, "geometry": {"type": "LineString", "coordinates": [[392000.0, 5669922.19], [392075.73, 5670000.0]]}}, {"type": "Feature", "properties": {"k": "row"}, "geometry": {"type": "LineString", "coordinates": [[392000.0, 5669924.77], [392073.22, 5670000.0]]}}, {"type": "Feature", "properties": {"k": "row"}, "geometry": {"type": "LineString", "coordinates": [[392000.0, 5669927.35], [392070.71, 5670000.0]]}}, {"type": "Feature", "properties": {"k": "row"}, "geometry": {"type": "LineString", "coordinates": [[392000.0, 5669929.93], [392068.2, 5670000.0]]}}, {"type": "Feature", "properties": {"k": "row"}, "geometry": {"type": "LineString", "coordinates": [[392000.0, 5669932.51], [392065.69, 5670000.0]]}}, {"type": "Feature", "properties": {"k": "row"}, "geometry": {"type": "LineString", "coordinates": [[392000.0, 5669935.09], [392063.18, 5670000.0]]}}, {"type": "Feature", "properties": {"k": "row"}, "geometry": {"type": "LineString", "coordinates": [[392000.0, 5669937.67], [392060.66, 5670000.0]]}}, {"type": "Feature", "properties": {"k": "row"}, "geometry": {"type": "LineString", "coordinates": [[392000.0, 5669940.25], [392058.15, 5670000.0]]}}, {"type": "Feature", "properties": {"k": "row"}, "geometry": {"type": "LineString", "coordinates": [[392000.0, 5669942.83], [392055.64, 5670000.0]]}}, {"type": "Feature", "properties": {"k": "row"}, "geometry": {"type": "LineString", "coordinates": [[392000.0, 5669945.41], [392053.13, 5670000.0]]}}, {"type": "Feature", "properties": {"k": "row"}, "geometry": {"type": "LineString", "coordinates": [[392000.0, 5669947.99], [392050.62, 5670000.0]]}}, {"type": "Feature", "properties": {"k": "row"}, "geometry": {"type": "LineString", "coordinates": [[392000.0, 5669950.57], [392048.1, 5670000.0]]}}, {"type": "Feature", "properties": {"k": "row"}, "geometry": {"type": "LineString", "coordinates": [[392000.0, 5669953.16], [392045.59, 5670000.0]]}}, {"type": "Feature", "properties": {"k": "row"}, "geometry": {"type": "LineString", "coordinates": [[392000.0, 5669955.74], [392043.08, 5670000.0]]}}, {"type": "Feature", "properties": {"k": "row"}, "geometry": {"type": "LineString", "coordinates": [[392000.0, 5669958.32], [392040.57, 5670000.0]]}}, {"type": "Feature", "properties": {"k": "row"}, "geometry": {"type": "LineString", "coordinates": [[392000.0, 5669960.9], [392038.06, 5670000.0]]}}, {"type": "Feature", "properties": {"k": "row"}, "geometry": {"type": "LineString", "coordinates": [[392000.0, 5669963.48], [392035.55, 5670000.0]]}}, {"type": "Feature", "properties": {"k": "row"}, "geometry": {"type": "LineString", "coordinates": [[392000.0, 5669966.06], [392033.03, 5670000.0]]}}, {"type": "Feature", "properties": {"k": "row"}, "geometry": {"type": "LineString", "coordinates": [[392000.0, 5669968.64], [392030.52, 5670000.0]]}}, {"type": "Feature", "properties": {"k": "row"}, "geometry": {"type": "LineString", "coordinates": [[392000.0, 5669971.22], [392028.01, 5670000.0]]}}, {"type": "Feature", "properties": {"k": "row"}, "geometry": {"type": "LineString", "coordinates": [[392000.0, 5669973.8], [392025.5, 5670000.0]]}}, {"type": "Feature", "properties": {"k": "row"}, "geometry": {"type": "LineString", "coordinates": [[392000.0, 5669976.38], [392022.99, 5670000.0]]}}, {"type": "Feature", "properties": {"k": "row"}, "geometry": {"type": "LineString", "coordinates": [[392000.0, 5669978.96], [392020.47, 5670000.0]]}}, {"type": "Feature", "properties": {"k": "row"}, "geometry": {"type": "LineString", "coordinates": [[392000.0, 5669981.54], [392017.96, 5670000.0]]}}, {"type": "Feature", "properties": {"k": "row"}, "geometry": {"type": "LineString", "coordinates": [[392000.0, 5669984.12], [392015.45, 5670000.0]]}}, {"type": "Feature", "properties": {"k": "row"}, "geometry": {"type": "LineString", "coordinates": [[392000.0, 5669986.71], [392012.94, 5670000.0]]}}, {"type": "Feature", "properties": {"k": "row"}, "geometry": {"type": "LineString", "coordinates": [[392000.0, 5669989.29], [392010.43, 5670000.0]]}}, {"type": "Feature", "properties": {"k": "row"}, "geometry": {"type": "LineString", "coordinates": [[392000.0, 5669991.87], [392007.92, 5670000.0]]}}, {"type": "Feature", "properties": {"k": "row"}, "geometry": {"type": "LineString", "coordinates": [[392000.0, 5669994.45], [392005.4, 5670000.0]]}}, {"type": "Feature", "properties": {"k": "row"}, "geometry": {"type": "LineString", "coordinates": [[392000.0, 5669997.03], [392002.89, 5670000.0]]}}, {"type": "Feature", "properties": {"k": "vineyard"}, "geometry": {"type": "Polygon", "coordinates": [[[392919.06, 5668924.05], [392926.22, 5668934.11], [392924.93, 5668949.2], [392923.81, 5668949.4], [392924.6, 5668964.82], [392935.28, 5668965.12], [392936.5, 5668947.41], [392937.38, 5668944.4], [392938.25, 5668941.11], [392921.63, 5668916.98], [392914.53, 5668913.76], [392912.22, 5668915.5], [392911.79, 5668921.49], [392919.06, 5668924.05]]]}}, {"type": "Feature", "properties": {"k": "row"}, "geometry": {"type": "LineString", "coordinates": [[392930.5, 5668929.86], [392937.78, 5668942.87]]}}, {"type": "Feature", "properties": {"k": "row"}, "geometry": {"type": "LineString", "coordinates": [[392921.1, 5668916.74], [392937.1, 5668945.35]]}}, {"type": "Feature", "properties": {"k": "row"}, "geometry": {"type": "LineString", "coordinates": [[392918.34, 5668915.48], [392936.47, 5668947.9]]}}, {"type": "Feature", "properties": {"k": "row"}, "geometry": {"type": "LineString", "coordinates": [[392915.57, 5668914.23], [392936.24, 5668951.18]]}}, {"type": "Feature", "properties": {"k": "row"}, "geometry": {"type": "LineString", "coordinates": [[392913.63, 5668914.44], [392918.99, 5668924.03]]}}, {"type": "Feature", "properties": {"k": "row"}, "geometry": {"type": "LineString", "coordinates": [[392926.01, 5668936.57], [392936.01, 5668954.47]]}}, {"type": "Feature", "properties": {"k": "row"}, "geometry": {"type": "LineString", "coordinates": [[392912.21, 5668915.6], [392916.42, 5668923.12]]}}, {"type": "Feature", "properties": {"k": "row"}, "geometry": {"type": "LineString", "coordinates": [[392925.73, 5668939.77], [392935.79, 5668957.75]]}}, {"type": "Feature", "properties": {"k": "row"}, "geometry": {"type": "LineString", "coordinates": [[392911.98, 5668918.86], [392913.85, 5668922.22]]}}, {"type": "Feature", "properties": {"k": "row"}, "geometry": {"type": "LineString", "coordinates": [[392925.46, 5668942.98], [392935.56, 5668961.03]]}}, {"type": "Feature", "properties": {"k": "row"}, "geometry": {"type": "LineString", "coordinates": [[392925.19, 5668946.18], [392935.33, 5668964.31]]}}, {"type": "Feature", "properties": {"k": "row"}, "geometry": {"type": "LineString", "coordinates": [[392924.83, 5668949.21], [392933.7, 5668965.08]]}}, {"type": "Feature", "properties": {"k": "row"}, "geometry": {"type": "LineString", "coordinates": [[392923.91, 5668951.26], [392931.6, 5668965.02]]}}, {"type": "Feature", "properties": {"k": "row"}, "geometry": {"type": "LineString", "coordinates": [[392924.12, 5668955.32], [392929.51, 5668964.96]]}}, {"type": "Feature", "properties": {"k": "row"}, "geometry": {"type": "LineString", "coordinates": [[392924.32, 5668959.38], [392927.41, 5668964.9]]}}, {"type": "Feature", "properties": {"k": "row"}, "geometry": {"type": "LineString", "coordinates": [[392924.53, 5668963.44], [392925.32, 5668964.84]]}}, {"type": "Feature", "properties": {"k": "vineyard"}, "geometry": {"type": "Polygon", "coordinates": [[[392882.52, 5669008.47], [392890.64, 5668986.45], [392884.58, 5668984.56], [392876.58, 5669006.25], [392882.52, 5669008.47]]]}}, {"type": "Feature", "properties": {"k": "row"}, "geometry": {"type": "LineString", "coordinates": [[392883.47, 5669005.89], [392880.41, 5669007.68]]}}, {"type": "Feature", "properties": {"k": "row"}, "geometry": {"type": "LineString", "coordinates": [[392884.45, 5669003.23], [392878.24, 5669006.87]]}}, {"type": "Feature", "properties": {"k": "row"}, "geometry": {"type": "LineString", "coordinates": [[392885.44, 5669000.57], [392876.82, 5669005.61]]}}, {"type": "Feature", "properties": {"k": "row"}, "geometry": {"type": "LineString", "coordinates": [[392886.42, 5668997.91], [392877.8, 5669002.95]]}}, {"type": "Feature", "properties": {"k": "row"}, "geometry": {"type": "LineString", "coordinates": [[392887.4, 5668995.25], [392878.78, 5669000.29]]}}, {"type": "Feature", "properties": {"k": "row"}, "geometry": {"type": "LineString", "coordinates": [[392888.38, 5668992.59], [392879.76, 5668997.63]]}}, {"type": "Feature", "properties": {"k": "row"}, "geometry": {"type": "LineString", "coordinates": [[392889.36, 5668989.93], [392880.74, 5668994.97]]}}, {"type": "Feature", "properties": {"k": "row"}, "geometry": {"type": "LineString", "coordinates": [[392890.34, 5668987.27], [392881.72, 5668992.31]]}}, {"type": "Feature", "properties": {"k": "row"}, "geometry": {"type": "LineString", "coordinates": [[392889.02, 5668985.95], [392882.7, 5668989.65]]}}, {"type": "Feature", "properties": {"k": "row"}, "geometry": {"type": "LineString", "coordinates": [[392886.7, 5668985.22], [392883.68, 5668986.99]]}}, {"type": "Feature", "properties": {"k": "vineyard"}, "geometry": {"type": "Polygon", "coordinates": [[[392918.21, 5669496.69], [392913.16, 5669490.83], [392923.46, 5669481.45], [392909.61, 5669461.95], [392888.52, 5669445.42], [392867.34, 5669448.3], [392838.4, 5669478.95], [392871.7, 5669506.69], [392869.11, 5669510.26], [392870.53, 5669511.43], [392888.03, 5669525.86], [392896.52, 5669518.58], [392918.21, 5669496.69]]]}}, {"type": "Feature", "properties": {"k": "row"}, "geometry": {"type": "LineString", "coordinates": [[392887.79, 5669445.52], [392891.82, 5669448.01]]}}, {"type": "Feature", "properties": {"k": "row"}, "geometry": {"type": "LineString", "coordinates": [[392884.98, 5669445.91], [392904.54, 5669457.98]]}}, {"type": "Feature", "properties": {"k": "row"}, "geometry": {"type": "LineString", "coordinates": [[392882.17, 5669446.29], [392911.22, 5669464.22]]}}, {"type": "Feature", "properties": {"k": "row"}, "geometry": {"type": "LineString", "coordinates": [[392879.36, 5669446.67], [392913.9, 5669467.99]]}}, {"type": "Feature", "properties": {"k": "row"}, "geometry": {"type": "LineString", "coordinates": [[392876.55, 5669447.05], [392916.57, 5669471.76]]}}, {"type": "Feature", "properties": {"k": "row"}, "geometry": {"type": "LineString", "coordinates": [[392873.75, 5669447.43], [392919.25, 5669475.52]]}}, {"type": "Feature", "properties": {"k": "row"}, "geometry": {"type": "LineString", "coordinates": [[392870.94, 5669447.81], [392921.93, 5669479.29]]}}, {"type": "Feature", "properties": {"k": "row"}, "geometry": {"type": "LineString", "coordinates": [[392868.13, 5669448.2], [392922.87, 5669481.99]]}}, {"type": "Feature", "properties": {"k": "row"}, "geometry": {"type": "LineString", "coordinates": [[392866.43, 5669449.26], [392921.49, 5669483.25]]}}, {"type": "Feature", "properties": {"k": "row"}, "geometry": {"type": "LineString", "coordinates": [[392865.17, 5669450.6], [392920.1, 5669484.51]]}}, {"type": "Feature", "properties": {"k": "row"}, "geometry": {"type": "LineString", "coordinates": [[392863.91, 5669451.94], [392918.72, 5669485.77]]}}, {"type": "Feature", "properties": {"k": "row"}, "geometry": {"type": "LineString", "coordinates": [[392862.65, 5669453.27], [392917.33, 5669487.03]]}}, {"type": "Feature", "properties": {"k": "row"}, "geometry": {"type": "LineString", "coordinates": [[392861.39, 5669454.61], [392915.95, 5669488.29]]}}, {"type": "Feature", "properties": {"k": "row"}, "geometry": {"type": "LineString", "coordinates": [[392860.13, 5669455.95], [392914.57, 5669489.55]]}}, {"type": "Feature", "properties": {"k": "row"}, "geometry": {"type": "LineString", "coordinates": [[392858.86, 5669457.28], [392913.18, 5669490.81]]}}, {"type": "Feature", "properties": {"k": "row"}, "geometry": {"type": "LineString", "coordinates": [[392857.6, 5669458.62], [392916.99, 5669495.28]]}}, {"type": "Feature", "properties": {"k": "row"}, "geometry": {"type": "LineString", "coordinates": [[392856.34, 5669459.96], [392917.31, 5669497.6]]}}, {"type": "Feature", "properties": {"k": "row"}, "geometry": {"type": "LineString", "coordinates": [[392855.08, 5669461.29], [392916.01, 5669498.91]]}}, {"type": "Feature", "properties": {"k": "row"}, "geometry": {"type": "LineString", "coordinates": [[392853.82, 5669462.63], [392914.71, 5669500.22]]}}, {"type": "Feature", "properties": {"k": "row"}, "geometry": {"type": "LineString", "coordinates": [[392852.55, 5669463.96], [392913.41, 5669501.53]]}}, {"type": "Feature", "properties": {"k": "row"}, "geometry": {"type": "LineString", "coordinates": [[392851.29, 5669465.3], [392912.11, 5669502.85]]}}, {"type": "Feature", "properties": {"k": "row"}, "geometry": {"type": "LineString", "coordinates": [[392850.03, 5669466.64], [392910.81, 5669504.16]]}}, {"type": "Feature", "properties": {"k": "row"}, "geometry": {"type": "LineString", "coordinates": [[392848.77, 5669467.97], [392909.51, 5669505.47]]}}, {"type": "Feature", "properties": {"k": "row"}, "geometry": {"type": "LineString", "coordinates": [[392847.51, 5669469.31], [392908.21, 5669506.78]]}}, {"type": "Feature", "properties": {"k": "row"}, "geometry": {"type": "LineString", "coordinates": [[392846.25, 5669470.65], [392906.91, 5669508.1]]}}, {"type": "Feature", "properties": {"k": "row"}, "geometry": {"type": "LineString", "coordinates": [[392844.98, 5669471.98], [392905.61, 5669509.41]]}}, {"type": "Feature", "properties": {"k": "row"}, "geometry": {"type": "LineString", "coordinates": [[392843.72, 5669473.32], [392904.31, 5669510.72]]}}, {"type": "Feature", "properties": {"k": "row"}, "geometry": {"type": "LineString", "coordinates": [[392842.46, 5669474.66], [392903.01, 5669512.03]]}}, {"type": "Feature", "properties": {"k": "row"}, "geometry": {"type": "LineString", "coordinates": [[392841.2, 5669475.99], [392901.71, 5669513.35]]}}, {"type": "Feature", "properties": {"k": "row"}, "geometry": {"type": "LineString", "coordinates": [[392839.94, 5669477.33], [392900.4, 5669514.66]]}}, {"type": "Feature", "properties": {"k": "row"}, "geometry": {"type": "LineString", "coordinates": [[392838.67, 5669478.66], [392899.1, 5669515.97]]}}, {"type": "Feature", "properties": {"k": "row"}, "geometry": {"type": "LineString", "coordinates": [[392846.09, 5669485.36], [392897.8, 5669517.28]]}}, {"type": "Feature", "properties": {"k": "row"}, "geometry": {"type": "LineString", "coordinates": [[392855.9, 5669493.53], [392896.5, 5669518.59]]}}, {"type": "Feature", "properties": {"k": "row"}, "geometry": {"type": "LineString", "coordinates": [[392865.7, 5669501.69], [392895.07, 5669519.82]]}}, {"type": "Feature", "properties": {"k": "row"}, "geometry": {"type": "LineString", "coordinates": [[392871.29, 5669507.26], [392893.63, 5669521.05]]}}, {"type": "Feature", "properties": {"k": "row"}, "geometry": {"type": "LineString", "coordinates": [[392870.23, 5669508.72], [392892.2, 5669522.28]]}}, {"type": "Feature", "properties": {"k": "row"}, "geometry": {"type": "LineString", "coordinates": [[392869.17, 5669510.18], [392890.76, 5669523.51]]}}, {"type": "Feature", "properties": {"k": "row"}, "geometry": {"type": "LineString", "coordinates": [[392878.75, 5669518.21], [392889.33, 5669524.74]]}}, {"type": "Feature", "properties": {"k": "vineyard"}, "geometry": {"type": "Polygon", "coordinates": [[[393003.87, 5669890.9], [392998.08, 5669894.62], [392990.9, 5669896.31], [392973.82, 5669896.06], [392963.2, 5669891.99], [392953.69, 5669899.04], [392941.24, 5669905.6], [392859.78, 5669983.59], [392843.37, 5669996.89], [392845.81, 5670000.0], [392900.61, 5670000.0], [392940.79, 5669980.17], [392979.98, 5669956.73], [392971.16, 5669936.47], [393027.12, 5669888.13], [393003.87, 5669890.9]]]}}, {"type": "Feature", "properties": {"k": "row"}, "geometry": {"type": "LineString", "coordinates": [[393024.65, 5669888.42], [393024.79, 5669890.14]]}}, {"type": "Feature", "properties": {"k": "row"}, "geometry": {"type": "LineString", "coordinates": [[393022.86, 5669888.63], [393023.1, 5669891.6]]}}, {"type": "Feature", "properties": {"k": "row"}, "geometry": {"type": "LineString", "coordinates": [[393021.08, 5669888.85], [393021.41, 5669893.07]]}}, {"type": "Feature", "properties": {"k": "row"}, "geometry": {"type": "LineString", "coordinates": [[393019.29, 5669889.06], [393019.72, 5669894.53]]}}, {"type": "Feature", "properties": {"k": "row"}, "geometry": {"type": "LineString", "coordinates": [[393017.5, 5669889.28], [393018.03, 5669895.99]]}}, {"type": "Feature", "properties": {"k": "row"}, "geometry": {"type": "LineString", "coordinates": [[393015.71, 5669889.49], [393016.34, 5669897.45]]}}, {"type": "Feature", "properties": {"k": "row"}, "geometry": {"type": "LineString", "coordinates": [[393013.92, 5669889.7], [393014.65, 5669898.91]]}}, {"type": "Feature", "properties": {"k": "row"}, "geometry": {"type": "LineString", "coordinates": [[393012.13, 5669889.92], [393012.95, 5669900.37]]}}, {"type": "Feature", "properties": {"k": "row"}, "geometry": {"type": "LineString", "coordinates": [[393010.34, 5669890.13], [393011.26, 5669901.83]]}}, {"type": "Feature", "properties": {"k": "row"}, "geometry": {"type": "LineString", "coordinates": [[393008.55, 5669890.34], [393009.57, 5669903.29]]}}, {"type": "Feature", "properties": {"k": "row"}, "geometry": {"type": "LineString", "coordinates": [[393006.77, 5669890.56], [393007.88, 5669904.75]]}}, {"type": "Feature", "properties": {"k": "row"}, "geometry": {"type": "LineString", "coordinates": [[393004.98, 5669890.77], [393006.19, 5669906.21]]}}, {"type": "Feature", "properties": {"k": "row"}, "geometry": {"type": "LineString", "coordinates": [[393003.21, 5669891.32], [393004.5, 5669907.67]]}}, {"type": "Feature", "properties": {"k": "row"}, "geometry": {"type": "LineString", "coordinates": [[393001.5, 5669892.43], [393002.81, 5669909.13]]}}, {"type": "Feature", "properties": {"k": "row"}, "geometry": {"type": "LineString", "coordinates": [[392999.78, 5669893.53], [393001.12, 5669910.59]]}}, {"type": "Feature", "properties": {"k": "row"}, "geometry": {"type": "LineString", "coordinates": [[392998.06, 5669894.62], [392999.43, 5669912.05]]}}, {"type": "Feature", "properties": {"k": "row"}, "geometry": {"type": "LineString", "coordinates": [[392996.28, 5669895.04], [392997.74, 5669913.51]]}}, {"type": "Feature", "properties": {"k": "row"}, "geometry": {"type": "LineString", "coordinates": [[392994.51, 5669895.46], [392996.05, 5669914.97]]}}, {"type": "Feature", "properties": {"k": "row"}, "geometry": {"type": "LineString", "coordinates": [[392992.74, 5669895.88], [392994.36, 5669916.43]]}}, {"type": "Feature", "properties": {"k": "row"}, "geometry": {"type": "LineString", "coordinates": [[392990.97, 5669896.3], [392992.67, 5669917.89]]}}, {"type": "Feature", "properties": {"k": "row"}, "geometry": {"type": "LineString", "coordinates": [[392989.16, 5669896.29], [392990.98, 5669919.35]]}}, {"type": "Feature", "properties": {"k": "row"}, "geometry": {"type": "LineString", "coordinates": [[392987.35, 5669896.26], [392989.29, 5669920.81]]}}, {"type": "Feature", "properties": {"k": "row"}, "geometry": {"type": "LineString", "coordinates": [[392985.55, 5669896.23], [392987.6, 5669922.27]]}}, {"type": "Feature", "properties": {"k": "row"}, "geometry": {"type": "LineString", "coordinates": [[392983.74, 5669896.2], [392985.91, 5669923.73]]}}, {"type": "Feature", "properties": {"k": "row"}, "geometry": {"type": "LineString", "coordinates": [[392981.93, 5669896.18], [392984.21, 5669925.19]]}}, {"type": "Feature", "properties": {"k": "row"}, "geometry": {"type": "LineString", "coordinates": [[392980.12, 5669896.15], [392982.52, 5669926.65]]}}, {"type": "Feature", "properties": {"k": "row"}, "geometry": {"type": "LineString", "coordinates": [[392978.31, 5669896.12], [392980.83, 5669928.12]]}}, {"type": "Feature", "properties": {"k": "row"}, "geometry": {"type": "LineString", "coordinates": [[392976.51, 5669896.1], [392979.14, 5669929.58]]}}, {"type": "Feature", "properties": {"k": "row"}, "geometry": {"type": "LineString", "coordinates": [[392974.7, 5669896.07], [392977.45, 5669931.04]]}}, {"type": "Feature", "properties": {"k": "row"}, "geometry": {"type": "LineString", "coordinates": [[392979.36, 5669955.32], [392979.5, 5669957.02]]}}, {"type": "Feature", "properties": {"k": "row"}, "geometry": {"type": "LineString", "coordinates": [[392972.86, 5669895.69], [392975.76, 5669932.5]]}}, {"type": "Feature", "properties": {"k": "row"}, "geometry": {"type": "LineString", "coordinates": [[392977.16, 5669950.25], [392977.77, 5669958.05]]}}, {"type": "Feature", "properties": {"k": "row"}, "geometry": {"type": "LineString", "coordinates": [[392971.0, 5669894.98], [392974.07, 5669933.96]]}}, {"type": "Feature", "properties": {"k": "row"}, "geometry": {"type": "LineString", "coordinates": [[392974.96, 5669945.19], [392976.05, 5669959.09]]}}, {"type": "Feature", "properties": {"k": "row"}, "geometry": {"type": "LineString", "coordinates": [[392969.14, 5669894.26], [392972.38, 5669935.42]]}}, {"type": "Feature", "properties": {"k": "row"}, "geometry": {"type": "LineString", "coordinates": [[392972.75, 5669940.12], [392974.33, 5669960.12]]}}, {"type": "Feature", "properties": {"k": "row"}, "geometry": {"type": "LineString", "coordinates": [[392967.28, 5669893.55], [392972.6, 5669961.15]]}}, {"type": "Feature", "properties": {"k": "row"}, "geometry": {"type": "LineString", "coordinates": [[392965.42, 5669892.84], [392970.88, 5669962.18]]}}, {"type": "Feature", "properties": {"k": "row"}, "geometry": {"type": "LineString", "coordinates": [[392963.56, 5669892.13], [392969.15, 5669963.21]]}}, {"type": "Feature", "properties": {"k": "row"}, "geometry": {"type": "LineString", "coordinates": [[392961.82, 5669893.02], [392967.43, 5669964.24]]}}, {"type": "Feature", "properties": {"k": "row"}, "geometry": {"type": "LineString", "coordinates": [[392960.11, 5669894.28], [392965.7, 5669965.27]]}}, {"type": "Feature", "properties": {"k": "row"}, "geometry": {"type": "LineString", "coordinates": [[392958.41, 5669895.55], [392963.98, 5669966.3]]}}, {"type": "Feature", "properties": {"k": "row"}, "geometry": {"type": "LineString", "coordinates": [[392956.7, 5669896.81], [392962.25, 5669967.33]]}}, {"type": "Feature", "properties": {"k": "row"}, "geometry": {"type": "LineString", "coordinates": [[392955.0, 5669898.08], [392960.53, 5669968.36]]}}, {"type": "Feature", "properties": {"k": "row"}, "geometry": {"type": "LineString", "coordinates": [[392953.28, 5669899.26], [392958.81, 5669969.39]]}}, {"type": "Feature", "properties": {"k": "row"}, "geometry": {"type": "LineString", "coordinates": [[392951.55, 5669900.17], [392957.08, 5669970.43]]}}, {"type": "Feature", "properties": {"k": "row"}, "geometry": {"type": "LineString", "coordinates": [[392949.82, 5669901.08], [392955.36, 5669971.46]]}}, {"type": "Feature", "properties": {"k": "row"}, "geometry": {"type": "LineString", "coordinates": [[392948.08, 5669902.0], [392953.63, 5669972.49]]}}, {"type": "Feature", "properties": {"k": "row"}, "geometry": {"type": "LineString", "coordinates": [[392946.35, 5669902.91], [392951.91, 5669973.52]]}}, {"type": "Feature", "properties": {"k": "row"}, "geometry": {"type": "LineString", "coordinates": [[392944.61, 5669903.82], [392950.18, 5669974.55]]}}, {"type": "Feature", "properties": {"k": "row"}, "geometry": {"type": "LineString", "coordinates": [[392942.88, 5669904.73], [392948.46, 5669975.58]]}}, {"type": "Feature", "properties": {"k": "row"}, "geometry": {"type": "LineString", "coordinates": [[392941.15, 5669905.68], [392946.73, 5669976.61]]}}, {"type": "Feature", "properties": {"k": "row"}, "geometry": {"type": "LineString", "coordinates": [[392939.47, 5669907.29], [392945.01, 5669977.64]]}}, {"type": "Feature", "properties": {"k": "row"}, "geometry": {"type": "LineString", "coordinates": [[392937.79, 5669908.9], [392943.29, 5669978.67]]}}, {"type": "Feature", "properties": {"k": "row"}, "geometry": {"type": "LineString", "coordinates": [[392936.11, 5669910.5], [392941.56, 5669979.7]]}}, {"type": "Feature", "properties": {"k": "row"}, "geometry": {"type": "LineString", "coordinates": [[392934.43, 5669912.11], [392939.83, 5669980.64]]}}, {"type": "Feature", "properties": {"k": "row"}, "geometry": {"type": "LineString", "coordinates": [[392932.76, 5669913.72], [392938.09, 5669981.5]]}}, {"type": "Feature", "properties": {"k": "row"}, "geometry": {"type": "LineString", "coordinates": [[392931.08, 5669915.33], [392936.35, 5669982.36]]}}, {"type": "Feature", "properties": {"k": "row"}, "geometry": {"type": "LineString", "coordinates": [[392929.4, 5669916.93], [392934.62, 5669983.21]]}}, {"type": "Feature", "properties": {"k": "row"}, "geometry": {"type": "LineString", "coordinates": [[392927.72, 5669918.54], [392932.88, 5669984.07]]}}, {"type": "Feature", "properties": {"k": "row"}, "geometry": {"type": "LineString", "coordinates": [[392926.04, 5669920.15], [392931.14, 5669984.93]]}}, {"type": "Feature", "properties": {"k": "row"}, "geometry": {"type": "LineString", "coordinates": [[392924.36, 5669921.76], [392929.4, 5669985.79]]}}, {"type": "Feature", "properties": {"k": "row"}, "geometry": {"type": "LineString", "coordinates": [[392922.68, 5669923.37], [392927.66, 5669986.65]]}}, {"type": "Feature", "properties": {"k": "row"}, "geometry": {"type": "LineString", "coordinates": [[392921.0, 5669924.97], [392925.93, 5669987.5]]}}, {"type": "Feature", "properties": {"k": "row"}, "geometry": {"type": "LineString", "coordinates": [[392919.32, 5669926.58], [392924.19, 5669988.36]]}}, {"type": "Feature", "properties": {"k": "row"}, "geometry": {"type": "LineString", "coordinates": [[392917.64, 5669928.19], [392922.45, 5669989.22]]}}, {"type": "Feature", "properties": {"k": "row"}, "geometry": {"type": "LineString", "coordinates": [[392915.97, 5669929.8], [392920.71, 5669990.08]]}}, {"type": "Feature", "properties": {"k": "row"}, "geometry": {"type": "LineString", "coordinates": [[392914.29, 5669931.4], [392918.97, 5669990.93]]}}, {"type": "Feature", "properties": {"k": "row"}, "geometry": {"type": "LineString", "coordinates": [[392912.61, 5669933.01], [392917.24, 5669991.79]]}}, {"type": "Feature", "properties": {"k": "row"}, "geometry": {"type": "LineString", "coordinates": [[392910.93, 5669934.62], [392915.5, 5669992.65]]}}, {"type": "Feature", "properties": {"k": "row"}, "geometry": {"type": "LineString", "coordinates": [[392909.25, 5669936.23], [392913.76, 5669993.51]]}}, {"type": "Feature", "properties": {"k": "row"}, "geometry": {"type": "LineString", "coordinates": [[392907.57, 5669937.83], [392912.02, 5669994.37]]}}, {"type": "Feature", "properties": {"k": "row"}, "geometry": {"type": "LineString", "coordinates": [[392905.89, 5669939.44], [392910.28, 5669995.22]]}}, {"type": "Feature", "properties": {"k": "row"}, "geometry": {"type": "LineString", "coordinates": [[392904.21, 5669941.05], [392908.55, 5669996.08]]}}, {"type": "Feature", "properties": {"k": "row"}, "geometry": {"type": "LineString", "coordinates": [[392902.53, 5669942.66], [392906.81, 5669996.94]]}}, {"type": "Feature", "properties": {"k": "row"}, "geometry": {"type": "LineString", "coordinates": [[392900.85, 5669944.26], [392905.07, 5669997.8]]}}, {"type": "Feature", "properties": {"k": "row"}, "geometry": {"type": "LineString", "coordinates": [[392899.18, 5669945.87], [392903.33, 5669998.66]]}}, {"type": "Feature", "properties": {"k": "row"}, "geometry": {"type": "LineString", "coordinates": [[392897.5, 5669947.48], [392901.59, 5669999.51]]}}, {"type": "Feature", "properties": {"k": "row"}, "geometry": {"type": "LineString", "coordinates": [[392895.82, 5669949.09], [392899.83, 5670000.0]]}}, {"type": "Feature", "properties": {"k": "row"}, "geometry": {"type": "LineString", "coordinates": [[392894.14, 5669950.69], [392898.02, 5670000.0]]}}, {"type": "Feature", "properties": {"k": "row"}, "geometry": {"type": "LineString", "coordinates": [[392892.46, 5669952.3], [392896.21, 5670000.0]]}}, {"type": "Feature", "properties": {"k": "row"}, "geometry": {"type": "LineString", "coordinates": [[392890.78, 5669953.91], [392894.41, 5670000.0]]}}, {"type": "Feature", "properties": {"k": "row"}, "geometry": {"type": "LineString", "coordinates": [[392889.1, 5669955.52], [392892.6, 5670000.0]]}}, {"type": "Feature", "properties": {"k": "row"}, "geometry": {"type": "LineString", "coordinates": [[392887.42, 5669957.13], [392890.8, 5670000.0]]}}, {"type": "Feature", "properties": {"k": "row"}, "geometry": {"type": "LineString", "coordinates": [[392885.74, 5669958.73], [392888.99, 5670000.0]]}}, {"type": "Feature", "properties": {"k": "row"}, "geometry": {"type": "LineString", "coordinates": [[392884.06, 5669960.34], [392887.19, 5670000.0]]}}, {"type": "Feature", "properties": {"k": "row"}, "geometry": {"type": "LineString", "coordinates": [[392882.39, 5669961.95], [392885.38, 5670000.0]]}}, {"type": "Feature", "properties": {"k": "row"}, "geometry": {"type": "LineString", "coordinates": [[392880.71, 5669963.56], [392883.58, 5670000.0]]}}, {"type": "Feature", "properties": {"k": "row"}, "geometry": {"type": "LineString", "coordinates": [[392879.03, 5669965.16], [392881.77, 5670000.0]]}}, {"type": "Feature", "properties": {"k": "row"}, "geometry": {"type": "LineString", "coordinates": [[392877.35, 5669966.77], [392879.96, 5670000.0]]}}, {"type": "Feature", "properties": {"k": "row"}, "geometry": {"type": "LineString", "coordinates": [[392875.67, 5669968.38], [392878.16, 5670000.0]]}}, {"type": "Feature", "properties": {"k": "row"}, "geometry": {"type": "LineString", "coordinates": [[392873.99, 5669969.99], [392876.35, 5670000.0]]}}, {"type": "Feature", "properties": {"k": "row"}, "geometry": {"type": "LineString", "coordinates": [[392872.31, 5669971.59], [392874.55, 5670000.0]]}}, {"type": "Feature", "properties": {"k": "row"}, "geometry": {"type": "LineString", "coordinates": [[392870.63, 5669973.2], [392872.74, 5670000.0]]}}, {"type": "Feature", "properties": {"k": "row"}, "geometry": {"type": "LineString", "coordinates": [[392868.95, 5669974.81], [392870.94, 5670000.0]]}}, {"type": "Feature", "properties": {"k": "row"}, "geometry": {"type": "LineString", "coordinates": [[392867.27, 5669976.42], [392869.13, 5670000.0]]}}, {"type": "Feature", "properties": {"k": "row"}, "geometry": {"type": "LineString", "coordinates": [[392865.6, 5669978.02], [392867.33, 5670000.0]]}}, {"type": "Feature", "properties": {"k": "row"}, "geometry": {"type": "LineString", "coordinates": [[392863.92, 5669979.63], [392865.52, 5670000.0]]}}, {"type": "Feature", "properties": {"k": "row"}, "geometry": {"type": "LineString", "coordinates": [[392862.24, 5669981.24], [392863.71, 5670000.0]]}}, {"type": "Feature", "properties": {"k": "row"}, "geometry": {"type": "LineString", "coordinates": [[392860.56, 5669982.85], [392861.91, 5670000.0]]}}, {"type": "Feature", "properties": {"k": "row"}, "geometry": {"type": "LineString", "coordinates": [[392858.87, 5669984.33], [392860.1, 5670000.0]]}}, {"type": "Feature", "properties": {"k": "row"}, "geometry": {"type": "LineString", "coordinates": [[392857.17, 5669985.71], [392858.3, 5670000.0]]}}, {"type": "Feature", "properties": {"k": "row"}, "geometry": {"type": "LineString", "coordinates": [[392855.48, 5669987.08], [392856.49, 5670000.0]]}}, {"type": "Feature", "properties": {"k": "row"}, "geometry": {"type": "LineString", "coordinates": [[392853.78, 5669988.46], [392854.69, 5670000.0]]}}, {"type": "Feature", "properties": {"k": "row"}, "geometry": {"type": "LineString", "coordinates": [[392852.08, 5669989.83], [392852.88, 5670000.0]]}}, {"type": "Feature", "properties": {"k": "row"}, "geometry": {"type": "LineString", "coordinates": [[392850.38, 5669991.21], [392851.08, 5670000.0]]}}, {"type": "Feature", "properties": {"k": "row"}, "geometry": {"type": "LineString", "coordinates": [[392848.69, 5669992.59], [392849.27, 5670000.0]]}}, {"type": "Feature", "properties": {"k": "row"}, "geometry": {"type": "LineString", "coordinates": [[392846.99, 5669993.96], [392847.46, 5670000.0]]}}, {"type": "Feature", "properties": {"k": "row"}, "geometry": {"type": "LineString", "coordinates": [[392845.29, 5669995.34], [392845.64, 5669999.79]]}}, {"type": "Feature", "properties": {"k": "vineyard"}, "geometry": {"type": "Polygon", "coordinates": [[[392143.93, 5669832.16], [392254.52, 5669775.64], [392269.56, 5669762.38], [392282.17, 5669743.32], [392358.65, 5669763.73], [392355.57, 5669745.9], [392351.46, 5669730.41], [392352.46, 5669718.36], [392356.51, 5669701.55], [392357.86, 5669693.85], [392357.16, 5669686.25], [392354.43, 5669680.8], [392347.64, 5669676.0], [392304.74, 5669663.61], [392267.89, 5669648.56], [392260.5, 5669648.43], [392200.26, 5669677.0], [392145.33, 5669694.25], [392138.33, 5669705.83], [392122.78, 5669765.31], [392137.81, 5669828.56], [392143.93, 5669832.16]]]}}, {"type": "Feature", "properties": {"k": "row"}, "geometry": {"type": "LineString", "coordinates": [[392263.97, 5669648.49], [392276.18, 5669651.94]]}}, {"type": "Feature", "properties": {"k": "row"}, "geometry": {"type": "LineString", "coordinates": [[392259.25, 5669649.03], [392291.04, 5669658.01]]}}, {"type": "Feature", "properties": {"k": "row"}, "geometry": {"type": "LineString", "coordinates": [[392256.78, 5669650.2], [392328.01, 5669670.33]]}}, {"type": "Feature", "properties": {"k": "row"}, "geometry": {"type": "LineString", "coordinates": [[392254.31, 5669651.37], [392351.75, 5669678.91]]}}, {"type": "Feature", "properties": {"k": "row"}, "geometry": {"type": "LineString", "coordinates": [[392251.83, 5669652.54], [392354.86, 5669681.66]]}}, {"type": "Feature", "properties": {"k": "row"}, "geometry": {"type": "LineString", "coordinates": [[392249.36, 5669653.72], [392355.95, 5669683.84]]}}, {"type": "Feature", "properties": {"k": "row"}, "geometry": {"type": "LineString", "coordinates": [[392246.89, 5669654.89], [392357.04, 5669686.01]]}}, {"type": "Feature", "properties": {"k": "row"}, "geometry": {"type": "LineString", "coordinates": [[392244.42, 5669656.06], [392357.32, 5669687.96]]}}, {"type": "Feature", "properties": {"k": "row"}, "geometry": {"type": "LineString", "coordinates": [[392241.95, 5669657.23], [392357.49, 5669689.88]]}}, {"type": "Feature", "properties": {"k": "row"}, "geometry": {"type": "LineString", "coordinates": [[392239.48, 5669658.4], [392357.67, 5669691.8]]}}, {"type": "Feature", "properties": {"k": "row"}, "geometry": {"type": "LineString", "coordinates": [[392237.0, 5669659.58], [392357.85, 5669693.72]]}}, {"type": "Feature", "properties": {"k": "row"}, "geometry": {"type": "LineString", "coordinates": [[392234.53, 5669660.75], [392357.57, 5669695.52]]}}, {"type": "Feature", "properties": {"k": "row"}, "geometry": {"type": "LineString", "coordinates": [[392232.06, 5669661.92], [392357.26, 5669697.3]]}}, {"type": "Feature", "properties": {"k": "row"}, "geometry": {"type": "LineString", "coordinates": [[392229.59, 5669663.09], [392356.94, 5669699.08]]}}, {"type": "Feature", "properties": {"k": "row"}, "geometry": {"type": "LineString", "coordinates": [[392227.12, 5669664.26], [392356.63, 5669700.86]]}}, {"type": "Feature", "properties": {"k": "row"}, "geometry": {"type": "LineString", "coordinates": [[392224.64, 5669665.44], [392356.25, 5669702.63]]}}, {"type": "Feature", "properties": {"k": "row"}, "geometry": {"type": "LineString", "coordinates": [[392222.17, 5669666.61], [392355.83, 5669704.38]]}}, {"type": "Feature", "properties": {"k": "row"}, "geometry": {"type": "LineString", "coordinates": [[392219.7, 5669667.78], [392355.41, 5669706.13]]}}, {"type": "Feature", "properties": {"k": "row"}, "geometry": {"type": "LineString", "coordinates": [[392217.23, 5669668.95], [392354.99, 5669707.88]]}}, {"type": "Feature", "properties": {"k": "row"}, "geometry": {"type": "LineString", "coordinates": [[392214.76, 5669670.12], [392354.57, 5669709.63]]}}, {"type": "Feature", "properties": {"k": "row"}, "geometry": {"type": "LineString", "coordinates": [[392212.28, 5669671.3], [392354.14, 5669711.38]]}}, {"type": "Feature", "properties": {"k": "row"}, "geometry": {"type": "LineString", "coordinates": [[392209.81, 5669672.47], [392353.72, 5669713.13]]}}, {"type": "Feature", "properties": {"k": "row"}, "geometry": {"type": "LineString", "coordinates": [[392207.34, 5669673.64], [392353.3, 5669714.89]]}}, {"type": "Feature", "properties": {"k": "row"}, "geometry": {"type": "LineString", "coordinates": [[392204.87, 5669674.81], [392352.88, 5669716.64]]}}, {"type": "Feature", "properties": {"k": "row"}, "geometry": {"type": "LineString", "coordinates": [[392202.4, 5669675.98], [392352.46, 5669718.39]]}}, {"type": "Feature", "properties": {"k": "row"}, "geometry": {"type": "LineString", "coordinates": [[392199.84, 5669677.13], [392352.31, 5669720.22]]}}, {"type": "Feature", "properties": {"k": "row"}, "geometry": {"type": "LineString", "coordinates": [[392196.7, 5669678.12], [392352.16, 5669722.04]]}}, {"type": "Feature", "properties": {"k": "row"}, "geometry": {"type": "LineString", "coordinates": [[392193.57, 5669679.1], [392352.01, 5669723.87]]}}, {"type": "Feature", "properties": {"k": "row"}, "geometry": {"type": "LineString", "coordinates": [[392190.43, 5669680.08], [392351.86, 5669725.7]]}}, {"type": "Feature", "properties": {"k": "row"}, "geometry": {"type": "LineString", "coordinates": [[392187.29, 5669681.07], [392351.7, 5669727.53]]}}, {"type": "Feature", "properties": {"k": "row"}, "geometry": {"type": "LineString", "coordinates": [[392184.16, 5669682.05], [392351.55, 5669729.36]]}}, {"type": "Feature", "properties": {"k": "row"}, "geometry": {"type": "LineString", "coordinates": [[392181.02, 5669683.04], [392351.69, 5669731.27]]}}, {"type": "Feature", "properties": {"k": "row"}, "geometry": {"type": "LineString", "coordinates": [[392177.89, 5669684.02], [392352.23, 5669733.29]]}}, {"type": "Feature", "properties": {"k": "row"}, "geometry": {"type": "LineString", "coordinates": [[392174.75, 5669685.01], [392352.76, 5669735.31]]}}, {"type": "Feature", "properties": {"k": "row"}, "geometry": {"type": "LineString", "coordinates": [[392171.62, 5669685.99], [392353.3, 5669737.33]]}}, {"type": "Feature", "properties": {"k": "row"}, "geometry": {"type": "LineString", "coordinates": [[392168.48, 5669686.98], [392353.84, 5669739.35]]}}, {"type": "Feature", "properties": {"k": "row"}, "geometry": {"type": "LineString", "coordinates": [[392165.35, 5669687.96], [392354.37, 5669741.38]]}}, {"type": "Feature", "properties": {"k": "row"}, "geometry": {"type": "LineString", "coordinates": [[392162.21, 5669688.95], [392354.91, 5669743.4]]}}, {"type": "Feature", "properties": {"k": "row"}, "geometry": {"type": "LineString", "coordinates": [[392159.08, 5669689.93], [392355.45, 5669745.42]]}}, {"type": "Feature", "properties": {"k": "row"}, "geometry": {"type": "LineString", "coordinates": [[392155.94, 5669690.91], [392355.83, 5669747.4]]}}, {"type": "Feature", "properties": {"k": "row"}, "geometry": {"type": "LineString", "coordinates": [[392152.81, 5669691.9], [392356.17, 5669749.37]]}}, {"type": "Feature", "properties": {"k": "row"}, "geometry": {"type": "LineString", "coordinates": [[392149.67, 5669692.88], [392356.51, 5669751.33]]}}, {"type": "Feature", "properties": {"k": "row"}, "geometry": {"type": "LineString", "coordinates": [[392146.54, 5669693.87], [392356.85, 5669753.3]]}}, {"type": "Feature", "properties": {"k": "row"}, "geometry": {"type": "LineString", "coordinates": [[392144.74, 5669695.23], [392357.19, 5669755.26]]}}, {"type": "Feature", "properties": {"k": "row"}, "geometry": {"type": "LineString", "coordinates": [[392143.77, 5669696.83], [392357.53, 5669757.23]]}}, {"type": "Feature", "properties": {"k": "row"}, "geometry": {"type": "LineString", "coordinates": [[392142.81, 5669698.43], [392357.86, 5669759.2]]}}, {"type": "Feature", "properties": {"k": "row"}, "geometry": {"type": "LineString", "coordinates": [[392141.84, 5669700.02], [392358.2, 5669761.16]]}}, {"type": "Feature", "properties": {"k": "row"}, "geometry": {"type": "LineString", "coordinates": [[392140.88, 5669701.62], [392358.54, 5669763.13]]}}, {"type": "Feature", "properties": {"k": "row"}, "geometry": {"type": "LineString", "coordinates": [[392139.91, 5669703.22], [392282.12, 5669743.4]]}}, {"type": "Feature", "properties": {"k": "row"}, "geometry": {"type": "LineString", "coordinates": [[392138.94, 5669704.82], [392281.07, 5669744.98]]}}, {"type": "Feature", "properties": {"k": "row"}, "geometry": {"type": "LineString", "coordinates": [[392138.16, 5669706.47], [392280.03, 5669746.56]]}}, {"type": "Feature", "properties": {"k": "row"}, "geometry": {"type": "LineString", "coordinates": [[392137.71, 5669708.21], [392278.99, 5669748.13]]}}, {"type": "Feature", "properties": {"k": "row"}, "geometry": {"type": "LineString", "coordinates": [[392137.25, 5669709.95], [392277.95, 5669749.71]]}}, {"type": "Feature", "properties": {"k": "row"}, "geometry": {"type": "LineString", "coordinates": [[392136.8, 5669711.69], [392276.91, 5669751.28]]}}, {"type": "Feature", "properties": {"k": "row"}, "geometry": {"type": "LineString", "coordinates": [[392136.34, 5669713.43], [392275.86, 5669752.86]]}}, {"type": "Feature", "properties": {"k": "row"}, "geometry": {"type": "LineString", "coordinates": [[392135.89, 5669715.18], [392274.82, 5669754.43]]}}, {"type": "Feature", "properties": {"k": "row"}, "geometry": {"type": "LineString", "coordinates": [[392135.43, 5669716.92], [392273.78, 5669756.01]]}}, {"type": "Feature", "properties": {"k": "row"}, "geometry": {"type": "LineString", "coordinates": [[392134.98, 5669718.66], [392272.74, 5669757.59]]}}, {"type": "Feature", "properties": {"k": "row"}, "geometry": {"type": "LineString", "coordinates": [[392134.52, 5669720.4], [392271.69, 5669759.16]]}}, {"type": "Feature", "properties": {"k": "row"}, "geometry": {"type": "LineString", "coordinates": [[392134.07, 5669722.14], [392270.65, 5669760.74]]}}, {"type": "Feature", "properties": {"k": "row"}, "geometry": {"type": "LineString", "coordinates": [[392133.61, 5669723.88], [392269.61, 5669762.31]]}}, {"type": "Feature", "properties": {"k": "row"}, "geometry": {"type": "LineString", "coordinates": [[392133.16, 5669725.63], [392268.03, 5669763.74]]}}, {"type": "Feature", "properties": {"k": "row"}, "geometry": {"type": "LineString", "coordinates": [[392132.7, 5669727.37], [392266.42, 5669765.15]]}}, {"type": "Feature", "properties": {"k": "row"}, "geometry": {"type": "LineString", "coordinates": [[392132.24, 5669729.11], [392264.81, 5669766.57]]}}, {"type": "Feature", "properties": {"k": "row"}, "geometry": {"type": "LineString", "coordinates": [[392131.79, 5669730.85], [392263.21, 5669767.99]]}}, {"type": "Feature", "properties": {"k": "row"}, "geometry": {"type": "LineString", "coordinates": [[392131.33, 5669732.59], [392261.6, 5669769.4]]}}, {"type": "Feature", "properties": {"k": "row"}, "geometry": {"type": "LineString", "coordinates": [[392130.88, 5669734.33], [392259.99, 5669770.82]]}}, {"type": "Feature", "properties": {"k": "row"}, "geometry": {"type": "LineString", "coordinates": [[392130.42, 5669736.08], [392258.38, 5669772.24]]}}, {"type": "Feature", "properties": {"k": "row"}, "geometry": {"type": "LineString", "coordinates": [[392129.97, 5669737.82], [392256.78, 5669773.65]]}}, {"type": "Feature", "properties": {"k": "row"}, "geometry": {"type": "LineString", "coordinates": [[392129.51, 5669739.56], [392255.17, 5669775.07]]}}, {"type": "Feature", "properties": {"k": "row"}, "geometry": {"type": "LineString", "coordinates": [[392129.06, 5669741.3], [392253.11, 5669776.36]]}}, {"type": "Feature", "properties": {"k": "row"}, "geometry": {"type": "LineString", "coordinates": [[392128.6, 5669743.04], [392250.76, 5669777.56]]}}, {"type": "Feature", "properties": {"k": "row"}, "geometry": {"type": "LineString", "coordinates": [[392128.15, 5669744.79], [392248.4, 5669778.77]]}}, {"type": "Feature", "properties": {"k": "row"}, "geometry": {"type": "LineString", "coordinates": [[392127.69, 5669746.53], [392246.04, 5669779.97]]}}, {"type": "Feature", "properties": {"k": "row"}, "geometry": {"type": "LineString", "coordinates": [[392127.23, 5669748.27], [392243.69, 5669781.18]]}}, {"type": "Feature", "properties": {"k": "row"}, "geometry": {"type": "LineString", "coordinates": [[392126.78, 5669750.01], [392241.33, 5669782.38]]}}, {"type": "Feature", "properties": {"k": "row"}, "geometry": {"type": "LineString", "coordinates": [[392126.32, 5669751.75], [392238.97, 5669783.58]]}}, {"type": "Feature", "properties": {"k": "row"}, "geometry": {"type": "LineString", "coordinates": [[392125.87, 5669753.49], [392236.62, 5669784.79]]}}, {"type": "Feature", "properties": {"k": "row"}, "geometry": {"type": "LineString", "coordinates": [[392125.41, 5669755.24], [392234.26, 5669785.99]]}}, {"type": "Feature", "properties": {"k": "row"}, "geometry": {"type": "LineString", "coordinates": [[392124.96, 5669756.98], [392231.9, 5669787.2]]}}, {"type": "Feature", "properties": {"k": "row"}, "geometry": {"type": "LineString", "coordinates": [[392124.5, 5669758.72], [392229.54, 5669788.4]]}}, {"type": "Feature", "properties": {"k": "row"}, "geometry": {"type": "LineString", "coordinates": [[392124.05, 5669760.46], [392227.19, 5669789.61]]}}, {"type": "Feature", "properties": {"k": "row"}, "geometry": {"type": "LineString", "coordinates": [[392123.59, 5669762.2], [392224.83, 5669790.81]]}}, {"type": "Feature", "properties": {"k": "row"}, "geometry": {"type": "LineString", "coordinates": [[392123.14, 5669763.95], [392222.47, 5669792.02]]}}, {"type": "Feature", "properties": {"k": "row"}, "geometry": {"type": "LineString", "coordinates": [[392122.88, 5669765.74], [392220.12, 5669793.22]]}}, {"type": "Feature", "properties": {"k": "row"}, "geometry": {"type": "LineString", "coordinates": [[392123.36, 5669767.75], [392217.76, 5669794.43]]}}, {"type": "Feature", "properties": {"k": "row"}, "geometry": {"type": "LineString", "coordinates": [[392123.84, 5669769.75], [392215.4, 5669795.63]]}}, {"type": "Feature", "properties": {"k": "row"}, "geometry": {"type": "LineString", "coordinates": [[392124.31, 5669771.76], [392213.05, 5669796.83]]}}, {"type": "Feature", "properties": {"k": "row"}, "geometry": {"type": "LineString", "coordinates": [[392124.79, 5669773.77], [392210.69, 5669798.04]]}}, {"type": "Feature", "properties": {"k": "row"}, "geometry": {"type": "LineString", "coordinates": [[392125.27, 5669775.77], [392208.33, 5669799.24]]}}, {"type": "Feature", "properties": {"k": "row"}, "geometry": {"type": "LineString", "coordinates": [[392125.74, 5669777.78], [392205.98, 5669800.45]]}}, {"type": "Feature", "properties": {"k": "row"}, "geometry": {"type": "LineString", "coordinates": [[392126.22, 5669779.78], [392203.62, 5669801.65]]}}, {"type": "Feature", "properties": {"k": "row"}, "geometry": {"type": "LineString", "coordinates": [[392126.7, 5669781.79], [392201.26, 5669802.86]]}}, {"type": "Feature", "properties": {"k": "row"}, "geometry": {"type": "LineString", "coordinates": [[392127.17, 5669783.79], [392198.9, 5669804.06]]}}, {"type": "Feature", "properties": {"k": "row"}, "geometry": {"type": "LineString", "coordinates": [[392127.65, 5669785.8], [392196.55, 5669805.27]]}}, {"type": "Feature", "properties": {"k": "row"}, "geometry": {"type": "LineString", "coordinates": [[392128.13, 5669787.8], [392194.19, 5669806.47]]}}, {"type": "Feature", "properties": {"k": "row"}, "geometry": {"type": "LineString", "coordinates": [[392128.6, 5669789.81], [392191.83, 5669807.67]]}}, {"type": "Feature", "properties": {"k": "row"}, "geometry": {"type": "LineString", "coordinates": [[392129.08, 5669791.81], [392189.48, 5669808.88]]}}, {"type": "Feature", "properties": {"k": "row"}, "geometry": {"type": "LineString", "coordinates": [[392129.56, 5669793.82], [392187.12, 5669810.08]]}}, {"type": "Feature", "properties": {"k": "row"}, "geometry": {"type": "LineString", "coordinates": [[392130.03, 5669795.82], [392184.76, 5669811.29]]}}, {"type": "Feature", "properties": {"k": "row"}, "geometry": {"type": "LineString", "coordinates": [[392130.51, 5669797.83], [392182.41, 5669812.49]]}}, {"type": "Feature", "properties": {"k": "row"}, "geometry": {"type": "LineString", "coordinates": [[392130.99, 5669799.83], [392180.05, 5669813.7]]}}, {"type": "Feature", "properties": {"k": "row"}, "geometry": {"type": "LineString", "coordinates": [[392131.46, 5669801.84], [392177.69, 5669814.9]]}}, {"type": "Feature", "properties": {"k": "row"}, "geometry": {"type": "LineString", "coordinates": [[392131.94, 5669803.84], [392175.34, 5669816.11]]}}, {"type": "Feature", "properties": {"k": "row"}, "geometry": {"type": "LineString", "coordinates": [[392132.42, 5669805.85], [392172.98, 5669817.31]]}}, {"type": "Feature", "properties": {"k": "row"}, "geometry": {"type": "LineString", "coordinates": [[392132.89, 5669807.85], [392170.62, 5669818.51]]}}, {"type": "Feature", "properties": {"k": "row"}, "geometry": {"type": "LineString", "coordinates": [[392133.37, 5669809.86], [392168.26, 5669819.72]]}}, {"type": "Feature", "properties": {"k": "row"}, "geometry": {"type": "LineString", "coordinates": [[392133.85, 5669811.86], [392165.91, 5669820.92]]}}, {"type": "Feature", "properties": {"k": "row"}, "geometry": {"type": "LineString", "coordinates": [[392134.32, 5669813.87], [392163.55, 5669822.13]]}}, {"type": "Feature", "properties": {"k": "row"}, "geometry": {"type": "LineString", "coordinates": [[392134.8, 5669815.87], [392161.19, 5669823.33]]}}, {"type": "Feature", "properties": {"k": "row"}, "geometry": {"type": "LineString", "coordinates": [[392135.28, 5669817.88], [392158.84, 5669824.54]]}}, {"type": "Feature", "properties": {"k": "row"}, "geometry": {"type": "LineString", "coordinates": [[392135.75, 5669819.88], [392156.48, 5669825.74]]}}, {"type": "Feature", "properties": {"k": "row"}, "geometry": {"type": "LineString", "coordinates": [[392136.23, 5669821.89], [392154.12, 5669826.95]]}}, {"type": "Feature", "properties": {"k": "row"}, "geometry": {"type": "LineString", "coordinates": [[392136.71, 5669823.89], [392151.77, 5669828.15]]}}, {"type": "Feature", "properties": {"k": "row"}, "geometry": {"type": "LineString", "coordinates": [[392137.18, 5669825.9], [392149.41, 5669829.35]]}}, {"type": "Feature", "properties": {"k": "row"}, "geometry": {"type": "LineString", "coordinates": [[392137.66, 5669827.91], [392147.05, 5669830.56]]}}, {"type": "Feature", "properties": {"k": "row"}, "geometry": {"type": "LineString", "coordinates": [[392141.93, 5669830.98], [392144.69, 5669831.76]]}}, {"type": "Feature", "properties": {"k": "vineyard"}, "geometry": {"type": "Polygon", "coordinates": [[[393340.56, 5668786.34], [393345.47, 5668777.12], [393348.93, 5668767.05], [393351.22, 5668761.85], [393353.16, 5668761.73], [393361.26, 5668765.97], [393365.69, 5668766.93], [393367.78, 5668766.28], [393369.44, 5668763.63], [393370.01, 5668758.63], [393371.94, 5668754.03], [393373.99, 5668751.82], [393379.92, 5668756.17], [393391.85, 5668761.23], [393402.58, 5668762.8], [393407.52, 5668762.48], [393410.02, 5668761.8], [393407.47, 5668757.26], [393406.54, 5668754.91], [393406.49, 5668752.43], [393407.15, 5668749.11], [393409.5, 5668737.69], [393412.87, 5668730.24], [393419.98, 5668710.51], [393414.1, 5668708.29], [393408.79, 5668704.67], [393406.94, 5668702.17], [393405.44, 5668702.2], [393400.88, 5668709.54], [393395.74, 5668714.42], [393390.63, 5668716.69], [393384.43, 5668717.71], [393381.0, 5668717.94], [393377.69, 5668717.48], [393373.72, 5668713.68], [393367.77, 5668719.79], [393361.47, 5668711.49], [393356.34, 5668709.66], [393351.12, 5668710.58], [393332.7, 5668724.86], [393329.36, 5668729.86], [393327.29, 5668734.11], [393320.91, 5668732.31], [393326.24, 5668748.12], [393326.21, 5668756.18], [393324.74, 5668763.84], [393322.27, 5668769.94], [393325.99, 5668773.73], [393340.56, 5668786.34]]]}}, {"type": "Feature", "properties": {"k": "row"}, "geometry": {"type": "LineString", "coordinates": [[393419.37, 5668710.28], [393419.61, 5668711.53]]}}, {"type": "Feature", "properties": {"k": "row"}, "geometry": {"type": "LineString", "coordinates": [[393417.39, 5668709.53], [393418.42, 5668714.84]]}}, {"type": "Feature", "properties": {"k": "row"}, "geometry": {"type": "LineString", "coordinates": [[393415.41, 5668708.78], [393417.22, 5668718.15]]}}, {"type": "Feature", "properties": {"k": "row"}, "geometry": {"type": "LineString", "coordinates": [[393413.39, 5668707.8], [393416.03, 5668721.46]]}}, {"type": "Feature", "properties": {"k": "row"}, "geometry": {"type": "LineString", "coordinates": [[393411.27, 5668706.36], [393414.84, 5668724.78]]}}, {"type": "Feature", "properties": {"k": "row"}, "geometry": {"type": "LineString", "coordinates": [[393409.16, 5668704.92], [393413.65, 5668728.09]]}}, {"type": "Feature", "properties": {"k": "row"}, "geometry": {"type": "LineString", "coordinates": [[393406.8, 5668702.17], [393412.42, 5668731.23]]}}, {"type": "Feature", "properties": {"k": "row"}, "geometry": {"type": "LineString", "coordinates": [[393405.08, 5668702.78], [393411.14, 5668734.07]]}}, {"type": "Feature", "properties": {"k": "row"}, "geometry": {"type": "LineString", "coordinates": [[393403.68, 5668705.03], [393409.85, 5668736.91]]}}, {"type": "Feature", "properties": {"k": "row"}, "geometry": {"type": "LineString", "coordinates": [[393402.28, 5668707.28], [393408.82, 5668741.02]]}}, {"type": "Feature", "properties": {"k": "row"}, "geometry": {"type": "LineString", "coordinates": [[393400.89, 5668709.53], [393407.87, 5668745.61]]}}, {"type": "Feature", "properties": {"k": "row"}, "geometry": {"type": "LineString", "coordinates": [[393399.34, 5668711.0], [393406.93, 5668750.22]]}}, {"type": "Feature", "properties": {"k": "row"}, "geometry": {"type": "LineString", "coordinates": [[393408.72, 5668759.49], [393409.21, 5668762.02]]}}, {"type": "Feature", "properties": {"k": "row"}, "geometry": {"type": "LineString", "coordinates": [[393397.79, 5668712.47], [393407.47, 5668762.48]]}}, {"type": "Feature", "properties": {"k": "row"}, "geometry": {"type": "LineString", "coordinates": [[393396.24, 5668713.94], [393405.66, 5668762.6]]}}, {"type": "Feature", "properties": {"k": "row"}, "geometry": {"type": "LineString", "coordinates": [[393394.6, 5668714.93], [393403.85, 5668762.72]]}}, {"type": "Feature", "properties": {"k": "row"}, "geometry": {"type": "LineString", "coordinates": [[393392.91, 5668715.68], [393402.01, 5668762.72]]}}, {"type": "Feature", "properties": {"k": "row"}, "geometry": {"type": "LineString", "coordinates": [[393391.22, 5668716.43], [393400.13, 5668762.44]]}}, {"type": "Feature", "properties": {"k": "row"}, "geometry": {"type": "LineString", "coordinates": [[393389.48, 5668716.88], [393398.24, 5668762.17]]}}, {"type": "Feature", "properties": {"k": "row"}, "geometry": {"type": "LineString", "coordinates": [[393387.7, 5668717.17], [393396.35, 5668761.89]]}}, {"type": "Feature", "properties": {"k": "row"}, "geometry": {"type": "LineString", "coordinates": [[393385.92, 5668717.47], [393394.47, 5668761.62]]}}, {"type": "Feature", "properties": {"k": "row"}, "geometry": {"type": "LineString", "coordinates": [[393384.14, 5668717.73], [393392.58, 5668761.34]]}}, {"type": "Feature", "properties": {"k": "row"}, "geometry": {"type": "LineString", "coordinates": [[393382.33, 5668717.85], [393390.63, 5668760.71]]}}, {"type": "Feature", "properties": {"k": "row"}, "geometry": {"type": "LineString", "coordinates": [[393380.5, 5668717.87], [393388.63, 5668759.87]]}}, {"type": "Feature", "properties": {"k": "row"}, "geometry": {"type": "LineString", "coordinates": [[393378.62, 5668717.61], [393386.63, 5668759.02]]}}, {"type": "Feature", "properties": {"k": "row"}, "geometry": {"type": "LineString", "coordinates": [[393376.55, 5668716.39], [393384.63, 5668758.17]]}}, {"type": "Feature", "properties": {"k": "row"}, "geometry": {"type": "LineString", "coordinates": [[393374.3, 5668714.24], [393382.64, 5668757.33]]}}, {"type": "Feature", "properties": {"k": "row"}, "geometry": {"type": "LineString", "coordinates": [[393372.58, 5668714.85], [393380.64, 5668756.48]]}}, {"type": "Feature", "properties": {"k": "row"}, "geometry": {"type": "LineString", "coordinates": [[393371.05, 5668716.42], [393378.55, 5668755.17]]}}, {"type": "Feature", "properties": {"k": "row"}, "geometry": {"type": "LineString", "coordinates": [[393369.52, 5668717.99], [393376.42, 5668753.6]]}}, {"type": "Feature", "properties": {"k": "row"}, "geometry": {"type": "LineString", "coordinates": [[393367.99, 5668719.56], [393374.28, 5668752.04]]}}, {"type": "Feature", "properties": {"k": "row"}, "geometry": {"type": "LineString", "coordinates": [[393365.67, 5668717.02], [393372.68, 5668753.23]]}}, {"type": "Feature", "properties": {"k": "row"}, "geometry": {"type": "LineString", "coordinates": [[393363.21, 5668713.79], [393371.29, 5668755.56]]}}, {"type": "Feature", "properties": {"k": "row"}, "geometry": {"type": "LineString", "coordinates": [[393360.89, 5668711.29], [393370.04, 5668758.56]]}}, {"type": "Feature", "properties": {"k": "row"}, "geometry": {"type": "LineString", "coordinates": [[393358.92, 5668710.58], [393369.25, 5668763.94]]}}, {"type": "Feature", "properties": {"k": "row"}, "geometry": {"type": "LineString", "coordinates": [[393356.95, 5668709.88], [393367.85, 5668766.17]]}}, {"type": "Feature", "properties": {"k": "row"}, "geometry": {"type": "LineString", "coordinates": [[393355.12, 5668709.88], [393366.13, 5668766.79]]}}, {"type": "Feature", "properties": {"k": "row"}, "geometry": {"type": "LineString", "coordinates": [[393353.35, 5668710.19], [393364.27, 5668766.62]]}}, {"type": "Feature", "properties": {"k": "row"}, "geometry": {"type": "LineString", "coordinates": [[393351.57, 5668710.5], [393362.35, 5668766.21]]}}, {"type": "Feature", "properties": {"k": "row"}, "geometry": {"type": "LineString", "coordinates": [[393349.93, 5668711.5], [393360.39, 5668765.52]]}}, {"type": "Feature", "properties": {"k": "row"}, "geometry": {"type": "LineString", "coordinates": [[393348.34, 5668712.73], [393358.35, 5668764.45]]}}, {"type": "Feature", "properties": {"k": "row"}, "geometry": {"type": "LineString", "coordinates": [[393346.74, 5668713.97], [393356.31, 5668763.38]]}}, {"type": "Feature", "properties": {"k": "row"}, "geometry": {"type": "LineString", "coordinates": [[393345.15, 5668715.21], [393354.27, 5668762.31]]}}, {"type": "Feature", "properties": {"k": "row"}, "geometry": {"type": "LineString", "coordinates": [[393343.56, 5668716.44], [393352.33, 5668761.79]]}}, {"type": "Feature", "properties": {"k": "row"}, "geometry": {"type": "LineString", "coordinates": [[393341.96, 5668717.68], [393350.73, 5668762.97]]}}, {"type": "Feature", "properties": {"k": "row"}, "geometry": {"type": "LineString", "coordinates": [[393340.37, 5668718.91], [393349.45, 5668765.86]]}}, {"type": "Feature", "properties": {"k": "row"}, "geometry": {"type": "LineString", "coordinates": [[393338.77, 5668720.15], [393348.24, 5668769.06]]}}, {"type": "Feature", "properties": {"k": "row"}, "geometry": {"type": "LineString", "coordinates": [[393337.18, 5668721.39], [393347.07, 5668772.48]]}}, {"type": "Feature", "properties": {"k": "row"}, "geometry": {"type": "LineString", "coordinates": [[393335.59, 5668722.62], [393345.89, 5668775.89]]}}, {"type": "Feature", "properties": {"k": "row"}, "geometry": {"type": "LineString", "coordinates": [[393333.99, 5668723.86], [393344.61, 5668778.74]]}}, {"type": "Feature", "properties": {"k": "row"}, "geometry": {"type": "LineString", "coordinates": [[393332.43, 5668725.26], [393343.27, 5668781.26]]}}, {"type": "Feature", "properties": {"k": "row"}, "geometry": {"type": "LineString", "coordinates": [[393331.01, 5668727.39], [393341.92, 5668783.79]]}}, {"type": "Feature", "properties": {"k": "row"}, "geometry": {"type": "LineString", "coordinates": [[393329.59, 5668729.52], [393340.58, 5668786.31]]}}, {"type": "Feature", "properties": {"k": "row"}, "geometry": {"type": "LineString", "coordinates": [[393328.26, 5668732.13], [393338.38, 5668784.45]]}}, {"type": "Feature", "properties": {"k": "row"}, "geometry": {"type": "LineString", "coordinates": [[393326.78, 5668733.97], [393336.18, 5668782.55]]}}, {"type": "Feature", "properties": {"k": "row"}, "geometry": {"type": "LineString", "coordinates": [[393324.84, 5668733.42], [393333.98, 5668780.64]]}}, {"type": "Feature", "properties": {"k": "row"}, "geometry": {"type": "LineString", "coordinates": [[393322.9, 5668732.88], [393325.33, 5668745.42]]}}, {"type": "Feature", "properties": {"k": "row"}, "geometry": {"type": "LineString", "coordinates": [[393326.24, 5668750.1], [393331.78, 5668778.74]]}}, {"type": "Feature", "properties": {"k": "row"}, "geometry": {"type": "LineString", "coordinates": [[393325.9, 5668757.82], [393329.58, 5668776.84]]}}, {"type": "Feature", "properties": {"k": "row"}, "geometry": {"type": "LineString", "coordinates": [[393324.98, 5668762.56], [393327.37, 5668774.93]]}}, {"type": "Feature", "properties": {"k": "row"}, "geometry": {"type": "LineString", "coordinates": [[393323.83, 5668766.08], [393325.14, 5668772.87]]}}, {"type": "Feature", "properties": {"k": "row"}, "geometry": {"type": "LineString", "coordinates": [[393322.59, 5668769.16], [393322.86, 5668770.54]]}}, {"type": "Feature", "properties": {"k": "vineyard"}, "geometry": {"type": "Polygon", "coordinates": [[[392404.27, 5669963.84], [392429.01, 5669914.96], [392426.17, 5669906.69], [392418.43, 5669901.9], [392295.58, 5669930.16], [392270.94, 5669966.45], [392259.15, 5669971.84], [392246.56, 5669972.99], [392228.81, 5669964.67], [392185.95, 5669945.56], [392162.86, 5669979.17], [392149.96, 5669974.53], [392134.8, 5670000.0], [392382.22, 5670000.0], [392404.27, 5669963.84]]]}}, {"type": "Feature", "properties": {"k": "row"}, "geometry": {"type": "LineString", "coordinates": [[392417.95, 5669902.01], [392423.91, 5669905.28]]}}, {"type": "Feature", "properties": {"k": "row"}, "geometry": {"type": "LineString", "coordinates": [[392415.31, 5669902.61], [392426.97, 5669909.02]]}}, {"type": "Feature", "properties": {"k": "row"}, "geometry": {"type": "LineString", "coordinates": [[392412.68, 5669903.22], [392427.84, 5669911.56]]}}, {"type": "Feature", "properties": {"k": "row"}, "geometry": {"type": "LineString", "coordinates": [[392410.05, 5669903.83], [392428.71, 5669914.09]]}}, {"type": "Feature", "properties": {"k": "row"}, "geometry": {"type": "LineString", "coordinates": [[392407.41, 5669904.43], [392428.47, 5669916.01]]}}, {"type": "Feature", "properties": {"k": "row"}, "geometry": {"type": "LineString", "coordinates": [[392404.78, 5669905.04], [392427.66, 5669917.62]]}}, {"type": "Feature", "properties": {"k": "row"}, "geometry": {"type": "LineString", "coordinates": [[392402.14, 5669905.64], [392426.85, 5669919.23]]}}, {"type": "Feature", "properties": {"k": "row"}, "geometry": {"type": "LineString", "coordinates": [[392399.51, 5669906.25], [392426.03, 5669920.83]]}}, {"type": "Feature", "properties": {"k": "row"}, "geometry": {"type": "LineString", "coordinates": [[392396.87, 5669906.86], [392425.22, 5669922.44]]}}, {"type": "Feature", "properties": {"k": "row"}, "geometry": {"type": "LineString", "coordinates": [[392394.24, 5669907.46], [392424.41, 5669924.05]]}}, {"type": "Feature", "properties": {"k": "row"}, "geometry": {"type": "LineString", "coordinates": [[392391.61, 5669908.07], [392423.6, 5669925.65]]}}, {"type": "Feature", "properties": {"k": "row"}, "geometry": {"type": "LineString", "coordinates": [[392388.97, 5669908.67], [392422.78, 5669927.26]]}}, {"type": "Feature", "properties": {"k": "row"}, "geometry": {"type": "LineString", "coordinates": [[392386.34, 5669909.28], [392421.97, 5669928.87]]}}, {"type": "Feature", "properties": {"k": "row"}, "geometry": {"type": "LineString", "coordinates": [[392383.7, 5669909.89], [392421.16, 5669930.48]]}}, {"type": "Feature", "properties": {"k": "row"}, "geometry": {"type": "LineString", "coordinates": [[392381.07, 5669910.49], [392420.34, 5669932.08]]}}, {"type": "Feature", "properties": {"k": "row"}, "geometry": {"type": "LineString", "coordinates": [[392378.44, 5669911.1], [392419.53, 5669933.69]]}}, {"type": "Feature", "properties": {"k": "row"}, "geometry": {"type": "LineString", "coordinates": [[392375.8, 5669911.7], [392418.72, 5669935.3]]}}, {"type": "Feature", "properties": {"k": "row"}, "geometry": {"type": "LineString", "coordinates": [[392373.17, 5669912.31], [392417.9, 5669936.9]]}}, {"type": "Feature", "properties": {"k": "row"}, "geometry": {"type": "LineString", "coordinates": [[392370.53, 5669912.91], [392417.09, 5669938.51]]}}, {"type": "Feature", "properties": {"k": "row"}, "geometry": {"type": "LineString", "coordinates": [[392367.9, 5669913.52], [392416.28, 5669940.12]]}}, {"type": "Feature", "properties": {"k": "row"}, "geometry": {"type": "LineString", "coordinates": [[392365.27, 5669914.13], [392415.46, 5669941.72]]}}, {"type": "Feature", "properties": {"k": "row"}, "geometry": {"type": "LineString", "coordinates": [[392362.63, 5669914.73], [392414.65, 5669943.33]]}}, {"type": "Feature", "properties": {"k": "row"}, "geometry": {"type": "LineString", "coordinates": [[392360.0, 5669915.34], [392413.84, 5669944.94]]}}, {"type": "Feature", "properties": {"k": "row"}, "geometry": {"type": "LineString", "coordinates": [[392357.36, 5669915.94], [392413.02, 5669946.55]]}}, {"type": "Feature", "properties": {"k": "row"}, "geometry": {"type": "LineString", "coordinates": [[392354.73, 5669916.55], [392412.21, 5669948.15]]}}, {"type": "Feature", "properties": {"k": "row"}, "geometry": {"type": "LineString", "coordinates": [[392352.09, 5669917.16], [392411.4, 5669949.76]]}}, {"type": "Feature", "properties": {"k": "row"}, "geometry": {"type": "LineString", "coordinates": [[392349.46, 5669917.76], [392410.58, 5669951.37]]}}, {"type": "Feature", "properties": {"k": "row"}, "geometry": {"type": "LineString", "coordinates": [[392346.83, 5669918.37], [392409.77, 5669952.97]]}}, {"type": "Feature", "properties": {"k": "row"}, "geometry": {"type": "LineString", "coordinates": [[392344.19, 5669918.97], [392408.96, 5669954.58]]}}, {"type": "Feature", "properties": {"k": "row"}, "geometry": {"type": "LineString", "coordinates": [[392341.56, 5669919.58], [392408.14, 5669956.19]]}}, {"type": "Feature", "properties": {"k": "row"}, "geometry": {"type": "LineString", "coordinates": [[392338.92, 5669920.19], [392407.33, 5669957.79]]}}, {"type": "Feature", "properties": {"k": "row"}, "geometry": {"type": "LineString", "coordinates": [[392336.29, 5669920.79], [392406.52, 5669959.4]]}}, {"type": "Feature", "properties": {"k": "row"}, "geometry": {"type": "LineString", "coordinates": [[392333.66, 5669921.4], [392405.7, 5669961.01]]}}, {"type": "Feature", "properties": {"k": "row"}, "geometry": {"type": "LineString", "coordinates": [[392331.02, 5669922.0], [392404.89, 5669962.62]]}}, {"type": "Feature", "properties": {"k": "row"}, "geometry": {"type": "LineString", "coordinates": [[392328.39, 5669922.61], [392404.05, 5669964.21]]}}, {"type": "Feature", "properties": {"k": "row"}, "geometry": {"type": "LineString", "coordinates": [[392325.75, 5669923.22], [392403.11, 5669965.74]]}}, {"type": "Feature", "properties": {"k": "row"}, "geometry": {"type": "LineString", "coordinates": [[392323.12, 5669923.82], [392402.17, 5669967.28]]}}, {"type": "Feature", "properties": {"k": "row"}, "geometry": {"type": "LineString", "coordinates": [[392320.49, 5669924.43], [392401.23, 5669968.82]]}}, {"type": "Feature", "properties": {"k": "row"}, "geometry": {"type": "LineString", "coordinates": [[392317.85, 5669925.03], [392400.29, 5669970.36]]}}, {"type": "Feature", "properties": {"k": "row"}, "geometry": {"type": "LineString", "coordinates": [[392315.22, 5669925.64], [392399.36, 5669971.9]]}}, {"type": "Feature", "properties": {"k": "row"}, "geometry": {"type": "LineString", "coordinates": [[392312.58, 5669926.24], [392398.42, 5669973.44]]}}, {"type": "Feature", "properties": {"k": "row"}, "geometry": {"type": "LineString", "coordinates": [[392309.95, 5669926.85], [392397.48, 5669974.97]]}}, {"type": "Feature", "properties": {"k": "row"}, "geometry": {"type": "LineString", "coordinates": [[392307.31, 5669927.46], [392396.54, 5669976.51]]}}, {"type": "Feature", "properties": {"k": "row"}, "geometry": {"type": "LineString", "coordinates": [[392304.68, 5669928.06], [392395.6, 5669978.05]]}}, {"type": "Feature", "properties": {"k": "row"}, "geometry": {"type": "LineString", "coordinates": [[392302.05, 5669928.67], [392394.67, 5669979.59]]}}, {"type": "Feature", "properties": {"k": "row"}, "geometry": {"type": "LineString", "coordinates": [[392299.41, 5669929.27], [392393.73, 5669981.13]]}}, {"type": "Feature", "properties": {"k": "row"}, "geometry": {"type": "LineString", "coordinates": [[392296.78, 5669929.88], [392392.79, 5669982.67]]}}, {"type": "Feature", "properties": {"k": "row"}, "geometry": {"type": "LineString", "coordinates": [[392295.03, 5669930.97], [392391.85, 5669984.2]]}}, {"type": "Feature", "properties": {"k": "row"}, "geometry": {"type": "LineString", "coordinates": [[392294.01, 5669932.47], [392390.91, 5669985.74]]}}, {"type": "Feature", "properties": {"k": "row"}, "geometry": {"type": "LineString", "coordinates": [[392292.99, 5669933.96], [392389.97, 5669987.28]]}}, {"type": "Feature", "properties": {"k": "row"}, "geometry": {"type": "LineString", "coordinates": [[392291.98, 5669935.46], [392389.04, 5669988.82]]}}, {"type": "Feature", "properties": {"k": "row"}, "geometry": {"type": "LineString", "coordinates": [[392290.96, 5669936.95], [392388.1, 5669990.36]]}}, {"type": "Feature", "properties": {"k": "row"}, "geometry": {"type": "LineString", "coordinates": [[392289.95, 5669938.45], [392387.16, 5669991.89]]}}, {"type": "Feature", "properties": {"k": "row"}, "geometry": {"type": "LineString", "coordinates": [[392288.93, 5669939.95], [392386.22, 5669993.43]]}}, {"type": "Feature", "properties": {"k": "row"}, "geometry": {"type": "LineString", "coordinates": [[392287.92, 5669941.44], [392385.28, 5669994.97]]}}, {"type": "Feature", "properties": {"k": "row"}, "geometry": {"type": "LineString", "coordinates": [[392286.9, 5669942.94], [392384.35, 5669996.51]]}}, {"type": "Feature", "properties": {"k": "row"}, "geometry": {"type": "LineString", "coordinates": [[392285.89, 5669944.43], [392383.41, 5669998.05]]}}, {"type": "Feature", "properties": {"k": "row"}, "geometry": {"type": "LineString", "coordinates": [[392284.87, 5669945.93], [392382.47, 5669999.59]]}}, {"type": "Feature", "properties": {"k": "row"}, "geometry": {"type": "LineString", "coordinates": [[392283.85, 5669947.42], [392379.48, 5670000.0]]}}, {"type": "Feature", "properties": {"k": "row"}, "geometry": {"type": "LineString", "coordinates": [[392282.84, 5669948.92], [392375.75, 5670000.0]]}}, {"type": "Feature", "properties": {"k": "row"}, "geometry": {"type": "LineString", "coordinates": [[392281.82, 5669950.42], [392372.01, 5670000.0]]}}, {"type": "Feature", "properties": {"k": "row"}, "geometry": {"type": "LineString", "coordinates": [[392280.81, 5669951.91], [392368.28, 5670000.0]]}}, {"type": "Feature", "properties": {"k": "row"}, "geometry": {"type": "LineString", "coordinates": [[392279.79, 5669953.41], [392364.54, 5670000.0]]}}, {"type": "Feature", "properties": {"k": "row"}, "geometry": {"type": "LineString", "coordinates": [[392278.78, 5669954.9], [392360.8, 5670000.0]]}}, {"type": "Feature", "properties": {"k": "row"}, "geometry": {"type": "LineString", "coordinates": [[392277.76, 5669956.4], [392357.07, 5670000.0]]}}, {"type": "Feature", "properties": {"k": "row"}, "geometry": {"type": "LineString", "coordinates": [[392276.75, 5669957.89], [392353.33, 5670000.0]]}}, {"type": "Feature", "properties": {"k": "row"}, "geometry": {"type": "LineString", "coordinates": [[392275.73, 5669959.39], [392349.6, 5670000.0]]}}, {"type": "Feature", "properties": {"k": "row"}, "geometry": {"type": "LineString", "coordinates": [[392274.71, 5669960.89], [392345.86, 5670000.0]]}}, {"type": "Feature", "properties": {"k": "row"}, "geometry": {"type": "LineString", "coordinates": [[392273.7, 5669962.38], [392342.12, 5670000.0]]}}, {"type": "Feature", "properties": {"k": "row"}, "geometry": {"type": "LineString", "coordinates": [[392272.68, 5669963.88], [392338.39, 5670000.0]]}}, {"type": "Feature", "properties": {"k": "row"}, "geometry": {"type": "LineString", "coordinates": [[392271.67, 5669965.37], [392334.65, 5670000.0]]}}, {"type": "Feature", "properties": {"k": "row"}, "geometry": {"type": "LineString", "coordinates": [[392270.36, 5669966.71], [392330.91, 5670000.0]]}}, {"type": "Feature", "properties": {"k": "row"}, "geometry": {"type": "LineString", "coordinates": [[392268.32, 5669967.64], [392327.18, 5670000.0]]}}, {"type": "Feature", "properties": {"k": "row"}, "geometry": {"type": "LineString", "coordinates": [[392266.28, 5669968.58], [392323.44, 5670000.0]]}}, {"type": "Feature", "properties": {"k": "row"}, "geometry": {"type": "LineString", "coordinates": [[392264.24, 5669969.51], [392319.71, 5670000.0]]}}, {"type": "Feature", "properties": {"k": "row"}, "geometry": {"type": "LineString", "coordinates": [[392262.2, 5669970.44], [392315.97, 5670000.0]]}}, {"type": "Feature", "properties": {"k": "row"}, "geometry": {"type": "LineString", "coordinates": [[392260.16, 5669971.37], [392312.23, 5670000.0]]}}, {"type": "Feature", "properties": {"k": "row"}, "geometry": {"type": "LineString", "coordinates": [[392257.54, 5669971.98], [392308.5, 5670000.0]]}}, {"type": "Feature", "properties": {"k": "row"}, "geometry": {"type": "LineString", "coordinates": [[392254.34, 5669972.28], [392304.76, 5670000.0]]}}, {"type": "Feature", "properties": {"k": "row"}, "geometry": {"type": "LineString", "coordinates": [[392251.13, 5669972.57], [392301.02, 5670000.0]]}}, {"type": "Feature", "properties": {"k": "row"}, "geometry": {"type": "LineString", "coordinates": [[392247.93, 5669972.86], [392297.29, 5670000.0]]}}, {"type": "Feature", "properties": {"k": "row"}, "geometry": {"type": "LineString", "coordinates": [[392232.13, 5669966.23], [392293.55, 5670000.0]]}}, {"type": "Feature", "properties": {"k": "row"}, "geometry": {"type": "LineString", "coordinates": [[392211.61, 5669957.0], [392289.82, 5670000.0]]}}, {"type": "Feature", "properties": {"k": "row"}, "geometry": {"type": "LineString", "coordinates": [[392191.8, 5669948.17], [392286.08, 5670000.0]]}}, {"type": "Feature", "properties": {"k": "row"}, "geometry": {"type": "LineString", "coordinates": [[392185.23, 5669946.61], [392282.34, 5670000.0]]}}, {"type": "Feature", "properties": {"k": "row"}, "geometry": {"type": "LineString", "coordinates": [[392184.21, 5669948.1], [392278.61, 5670000.0]]}}, {"type": "Feature", "properties": {"k": "row"}, "geometry": {"type": "LineString", "coordinates": [[392183.18, 5669949.59], [392274.87, 5670000.0]]}}, {"type": "Feature", "properties": {"k": "row"}, "geometry": {"type": "LineString", "coordinates": [[392182.16, 5669951.08], [392271.13, 5670000.0]]}}, {"type": "Feature", "properties": {"k": "row"}, "geometry": {"type": "LineString", "coordinates": [[392181.13, 5669952.57], [392267.4, 5670000.0]]}}, {"type": "Feature", "properties": {"k": "row"}, "geometry": {"type": "LineString", "coordinates": [[392180.11, 5669954.06], [392263.66, 5670000.0]]}}, {"type": "Feature", "properties": {"k": "row"}, "geometry": {"type": "LineString", "coordinates": [[392179.09, 5669955.56], [392259.93, 5670000.0]]}}, {"type": "Feature", "properties": {"k": "row"}, "geometry": {"type": "LineString", "coordinates": [[392178.06, 5669957.05], [392256.19, 5670000.0]]}}, {"type": "Feature", "properties": {"k": "row"}, "geometry": {"type": "LineString", "coordinates": [[392177.04, 5669958.54], [392252.45, 5670000.0]]}}, {"type": "Feature", "properties": {"k": "row"}, "geometry": {"type": "LineString", "coordinates": [[392176.01, 5669960.03], [392248.72, 5670000.0]]}}, {"type": "Feature", "properties": {"k": "row"}, "geometry": {"type": "LineString", "coordinates": [[392174.99, 5669961.52], [392244.98, 5670000.0]]}}, {"type": "Feature", "properties": {"k": "row"}, "geometry": {"type": "LineString", "coordinates": [[392173.96, 5669963.01], [392241.24, 5670000.0]]}}, {"type": "Feature", "properties": {"k": "row"}, "geometry": {"type": "LineString", "coordinates": [[392172.94, 5669964.5], [392237.51, 5670000.0]]}}, {"type": "Feature", "properties": {"k": "row"}, "geometry": {"type": "LineString", "coordinates": [[392171.91, 5669965.99], [392233.77, 5670000.0]]}}, {"type": "Feature", "properties": {"k": "row"}, "geometry": {"type": "LineString", "coordinates": [[392170.89, 5669967.48], [392230.04, 5670000.0]]}}, {"type": "Feature", "properties": {"k": "row"}, "geometry": {"type": "LineString", "coordinates": [[392169.87, 5669968.97], [392226.3, 5670000.0]]}}, {"type": "Feature", "properties": {"k": "row"}, "geometry": {"type": "LineString", "coordinates": [[392168.84, 5669970.46], [392222.56, 5670000.0]]}}, {"type": "Feature", "properties": {"k": "row"}, "geometry": {"type": "LineString", "coordinates": [[392167.82, 5669971.96], [392218.83, 5670000.0]]}}, {"type": "Feature", "properties": {"k": "row"}, "geometry": {"type": "LineString", "coordinates": [[392166.79, 5669973.45], [392215.09, 5670000.0]]}}, {"type": "Feature", "properties": {"k": "row"}, "geometry": {"type": "LineString", "coordinates": [[392165.77, 5669974.94], [392211.36, 5670000.0]]}}, {"type": "Feature", "properties": {"k": "row"}, "geometry": {"type": "LineString", "coordinates": [[392164.74, 5669976.43], [392207.62, 5670000.0]]}}, {"type": "Feature", "properties": {"k": "row"}, "geometry": {"type": "LineString", "coordinates": [[392163.72, 5669977.92], [392203.88, 5670000.0]]}}, {"type": "Feature", "properties": {"k": "row"}, "geometry": {"type": "LineString", "coordinates": [[392161.13, 5669978.55], [392200.15, 5670000.0]]}}, {"type": "Feature", "properties": {"k": "row"}, "geometry": {"type": "LineString", "coordinates": [[392150.29, 5669974.65], [392196.41, 5670000.0]]}}, {"type": "Feature", "properties": {"k": "row"}, "geometry": {"type": "LineString", "coordinates": [[392149.07, 5669976.03], [392192.67, 5670000.0]]}}, {"type": "Feature", "properties": {"k": "row"}, "geometry": {"type": "LineString", "coordinates": [[392148.15, 5669977.57], [392188.94, 5670000.0]]}}, {"type": "Feature", "properties": {"k": "row"}, "geometry": {"type": "LineString", "coordinates": [[392147.23, 5669979.12], [392185.2, 5670000.0]]}}, {"type": "Feature", "properties": {"k": "row"}, "geometry": {"type": "LineString", "coordinates": [[392146.31, 5669980.67], [392181.47, 5670000.0]]}}, {"type": "Feature", "properties": {"k": "row"}, "geometry": {"type": "LineString", "coordinates": [[392145.38, 5669982.22], [392177.73, 5670000.0]]}}, {"type": "Feature", "properties": {"k": "row"}, "geometry": {"type": "LineString", "coordinates": [[392144.46, 5669983.76], [392173.99, 5670000.0]]}}, {"type": "Feature", "properties": {"k": "row"}, "geometry": {"type": "LineString", "coordinates": [[392143.54, 5669985.31], [392170.26, 5670000.0]]}}, {"type": "Feature", "properties": {"k": "row"}, "geometry": {"type": "LineString", "coordinates": [[392142.62, 5669986.86], [392166.52, 5670000.0]]}}, {"type": "Feature", "properties": {"k": "row"}, "geometry": {"type": "LineString", "coordinates": [[392141.7, 5669988.41], [392162.78, 5670000.0]]}}, {"type": "Feature", "properties": {"k": "row"}, "geometry": {"type": "LineString", "coordinates": [[392140.78, 5669989.96], [392159.05, 5670000.0]]}}, {"type": "Feature", "properties": {"k": "row"}, "geometry": {"type": "LineString", "coordinates": [[392139.86, 5669991.5], [392155.31, 5670000.0]]}}, {"type": "Feature", "properties": {"k": "row"}, "geometry": {"type": "LineString", "coordinates": [[392138.93, 5669993.05], [392151.58, 5670000.0]]}}, {"type": "Feature", "properties": {"k": "row"}, "geometry": {"type": "LineString", "coordinates": [[392138.01, 5669994.6], [392147.84, 5670000.0]]}}, {"type": "Feature", "properties": {"k": "row"}, "geometry": {"type": "LineString", "coordinates": [[392137.09, 5669996.15], [392144.1, 5670000.0]]}}, {"type": "Feature", "properties": {"k": "row"}, "geometry": {"type": "LineString", "coordinates": [[392136.17, 5669997.69], [392140.37, 5670000.0]]}}, {"type": "Feature", "properties": {"k": "row"}, "geometry": {"type": "LineString", "coordinates": [[392135.25, 5669999.24], [392136.63, 5670000.0]]}}, {"type": "Feature", "properties": {"k": "vineyard"}, "geometry": {"type": "Polygon", "coordinates": [[[392070.77, 5668595.72], [392090.08, 5668598.82], [392105.57, 5668604.29], [392115.03, 5668581.86], [392090.58, 5668570.55], [392067.06, 5668569.23], [392043.22, 5668569.98], [392048.04, 5668597.64], [392070.77, 5668595.72]]]}}, {"type": "Feature", "properties": {"k": "row"}, "geometry": {"type": "LineString", "coordinates": [[392089.43, 5668570.49], [392093.88, 5668572.08]]}}, {"type": "Feature", "properties": {"k": "row"}, "geometry": {"type": "LineString", "coordinates": [[392083.09, 5668570.13], [392112.05, 5668580.48]]}}, {"type": "Feature", "properties": {"k": "row"}, "geometry": {"type": "LineString", "coordinates": [[392076.75, 5668569.78], [392114.45, 5668583.25]]}}, {"type": "Feature", "properties": {"k": "row"}, "geometry": {"type": "LineString", "coordinates": [[392070.41, 5668569.42], [392113.74, 5668584.91]]}}, {"type": "Feature", "properties": {"k": "row"}, "geometry": {"type": "LineString", "coordinates": [[392064.74, 5668569.31], [392113.04, 5668586.58]]}}, {"type": "Feature", "properties": {"k": "row"}, "geometry": {"type": "LineString", "coordinates": [[392059.82, 5668569.46], [392112.34, 5668588.24]]}}, {"type": "Feature", "properties": {"k": "row"}, "geometry": {"type": "LineString", "coordinates": [[392054.9, 5668569.61], [392111.64, 5668589.9]]}}, {"type": "Feature", "properties": {"k": "row"}, "geometry": {"type": "LineString", "coordinates": [[392049.99, 5668569.77], [392110.94, 5668591.56]]}}, {"type": "Feature", "properties": {"k": "row"}, "geometry": {"type": "LineString", "coordinates": [[392045.07, 5668569.92], [392110.24, 5668593.22]]}}, {"type": "Feature", "properties": {"k": "row"}, "geometry": {"type": "LineString", "coordinates": [[392043.45, 5668571.25], [392109.54, 5668594.88]]}}, {"type": "Feature", "properties": {"k": "row"}, "geometry": {"type": "LineString", "coordinates": [[392043.8, 5668573.29], [392108.84, 5668596.54]]}}, {"type": "Feature", "properties": {"k": "row"}, "geometry": {"type": "LineString", "coordinates": [[392044.16, 5668575.33], [392108.14, 5668598.2]]}}, {"type": "Feature", "properties": {"k": "row"}, "geometry": {"type": "LineString", "coordinates": [[392044.51, 5668577.37], [392107.44, 5668599.86]]}}, {"type": "Feature", "properties": {"k": "row"}, "geometry": {"type": "LineString", "coordinates": [[392044.87, 5668579.41], [392106.74, 5668601.53]]}}, {"type": "Feature", "properties": {"k": "row"}, "geometry": {"type": "LineString", "coordinates": [[392045.22, 5668581.44], [392106.04, 5668603.19]]}}, {"type": "Feature", "properties": {"k": "row"}, "geometry": {"type": "LineString", "coordinates": [[392045.58, 5668583.48], [392087.17, 5668598.35]]}}, {"type": "Feature", "properties": {"k": "row"}, "geometry": {"type": "LineString", "coordinates": [[392045.93, 5668585.52], [392077.47, 5668596.8]]}}, {"type": "Feature", "properties": {"k": "row"}, "geometry": {"type": "LineString", "coordinates": [[392046.29, 5668587.56], [392069.43, 5668595.83]]}}, {"type": "Feature", "properties": {"k": "row"}, "geometry": {"type": "LineString", "coordinates": [[392046.64, 5668589.6], [392065.11, 5668596.2]]}}, {"type": "Feature", "properties": {"k": "row"}, "geometry": {"type": "LineString", "coordinates": [[392047.0, 5668591.64], [392060.78, 5668596.57]]}}, {"type": "Feature", "properties": {"k": "row"}, "geometry": {"type": "LineString", "coordinates": [[392047.35, 5668593.68], [392056.46, 5668596.93]]}}, {"type": "Feature", "properties": {"k": "row"}, "geometry": {"type": "LineString", "coordinates": [[392047.71, 5668595.71], [392052.14, 5668597.3]]}}, {"type": "Feature", "properties": {"k": "vineyard"}, "geometry": {"type": "Polygon", "coordinates": [[[392343.84, 5668673.95], [392322.48, 5668668.38], [392323.34, 5668665.07], [392316.06, 5668663.18], [392310.62, 5668687.21], [392338.76, 5668695.73], [392343.84, 5668673.95]]]}}, {"type": "Feature", "properties": {"k": "row"}, "geometry": {"type": "LineString", "coordinates": [[392315.97, 5668663.56], [392323.03, 5668666.27]]}}, {"type": "Feature", "properties": {"k": "row"}, "geometry": {"type": "LineString", "coordinates": [[392341.48, 5668673.34], [392343.78, 5668674.22]]}}, {"type": "Feature", "properties": {"k": "row"}, "geometry": {"type": "LineString", "coordinates": [[392315.57, 5668665.34], [392322.57, 5668668.02]]}}, {"type": "Feature", "properties": {"k": "row"}, "geometry": {"type": "LineString", "coordinates": [[392325.74, 5668669.24], [392343.36, 5668675.99]]}}, {"type": "Feature", "properties": {"k": "row"}, "geometry": {"type": "LineString", "coordinates": [[392315.17, 5668667.11], [392342.95, 5668677.76]]}}, {"type": "Feature", "properties": {"k": "row"}, "geometry": {"type": "LineString", "coordinates": [[392314.77, 5668668.88], [392342.54, 5668679.53]]}}, {"type": "Feature", "properties": {"k": "row"}, "geometry": {"type": "LineString", "coordinates": [[392314.36, 5668670.66], [392342.13, 5668681.3]]}}, {"type": "Feature", "properties": {"k": "row"}, "geometry": {"type": "LineString", "coordinates": [[392313.96, 5668672.43], [392341.71, 5668683.07]]}}, {"type": "Feature", "properties": {"k": "row"}, "geometry": {"type": "LineString", "coordinates": [[392313.56, 5668674.2], [392341.3, 5668684.84]]}}, {"type": "Feature", "properties": {"k": "row"}, "geometry": {"type": "LineString", "coordinates": [[392313.16, 5668675.98], [392340.89, 5668686.61]]}}, {"type": "Feature", "properties": {"k": "row"}, "geometry": {"type": "LineString", "coordinates": [[392312.76, 5668677.75], [392340.48, 5668688.38]]}}, {"type": "Feature", "properties": {"k": "row"}, "geometry": {"type": "LineString", "coordinates": [[392312.36, 5668679.53], [392340.06, 5668690.15]]}}, {"type": "Feature", "properties": {"k": "row"}, "geometry": {"type": "LineString", "coordinates": [[392311.95, 5668681.3], [392339.65, 5668691.92]]}}, {"type": "Feature", "properties": {"k": "row"}, "geometry": {"type": "LineString", "coordinates": [[392311.55, 5668683.07], [392339.24, 5668693.69]]}}, {"type": "Feature", "properties": {"k": "row"}, "geometry": {"type": "LineString", "coordinates": [[392311.15, 5668684.85], [392338.83, 5668695.45]]}}, {"type": "Feature", "properties": {"k": "row"}, "geometry": {"type": "LineString", "coordinates": [[392310.75, 5668686.62], [392318.57, 5668689.62]]}}]}